date,log_price_A,log_price_B,price_A,price_B,returns_A,returns_B,flow_A,flow_B,flow_pct_A,flow_pct_B,flow_diff,flow_diff_pct,volume_A,volume_B,adv_A,adv_B,symbol_A,symbol_B,sector
2010-01-04,4.246636372564359,4.12535861575127,69.87,61.89,0.030227,0.03305,0.0,0.0,0.0,0.0,0.0,0.0,210200.0,1502100.0,14686674.000000002,92964969.0,VAW,IYM,Materials
2010-01-05,4.252629541187814,4.133885736842633,70.29,62.42,0.006011,0.008564,0.0,0.0,0.0060111635895234,0.00856358054613023,0.0,-0.002552416956606831,114600.0,780900.0,11370954.000000002,70854373.5,VAW,IYM,Materials
2010-01-06,4.266615783162554,4.152456225279317,71.28,63.59,0.014085,0.018744,0.0,0.0,0.014084507042253402,0.018743992310157002,0.0,-0.0046594852679036,123100.0,2007900.0,10505492.000000002,89797036.0,VAW,IYM,Materials
2010-01-07,4.262257252536892,4.146937012341271,70.97,63.24,-0.004349,-0.005504,0.0,0.0,-0.0043490460157126825,-0.005504010064475547,0.0,0.001154964048762864,66900.0,1737700.0,9066092.25,94820814.0,VAW,IYM,Materials
2010-01-08,4.273048472104136,4.160756327741352,71.74,64.12,0.01085,0.013915,0.0,0.0,0.010849654783711311,0.013915243516761681,0.0,-0.0030655887330503697,71500.0,742200.0,8278755.8,85374624.0,VAW,IYM,Materials
2010-01-11,4.269697449699962,4.158101528024852,71.5,63.95,-0.003345,-0.002651,0.0,0.0,-0.0033454139949817643,-0.0026512788521523504,0.0,-0.0006941351428294139,136700.0,3175900.0,8527971.5,104995320.83333333,VAW,IYM,Materials
2010-01-12,4.250065437218876,4.138520924554929,70.11,62.71,-0.019441,-0.01939,0.0,0.0,-0.01944055944055944,-0.019390148553557467,0.0,-5.0410887001972604e-05,111700.0,1663500.0,8428445.142857144,104898572.85714285,VAW,IYM,Materials
2010-01-13,4.259152536523347,4.147885329150131,70.75,63.3,0.009129,0.009408,0.0,0.0,0.009128512337754956,0.009408387816935098,0.0,-0.00027987547918014236,116800.0,976300.0,8407839.5,99511225.0,VAW,IYM,Materials
2010-01-14,4.249780130512233,4.138361447638875,70.09,62.7,-0.009329,-0.009479,0.0,0.0,-0.00932862190812721,-0.009478672985781991,0.0,0.00015005107765478191,80100.0,2933400.0,8097436.111111111,108890442.22222222,VAW,IYM,Materials
2010-01-15,4.240463070352095,4.127618138985026,69.44,62.03,-0.009274,-0.010686,0.0,0.0,-0.009273790840348123,-0.010685805422647528,0.0,0.0014120145822994045,108100.0,753000.0,8038338.9,102672257.0,VAW,IYM,Materials
2010-01-19,4.257454983420831,4.146304301152812,70.63,63.2,0.017137,0.018862,0.0,0.0,0.01713709677419343,0.01886184104465581,0.0,-0.001724744270462382,113000.0,1546200.0,8033143.545454546,102222037.27272727,VAW,IYM,Materials
2010-01-20,4.241900688557399,4.129711706059392,69.5399,62.16,-0.015434,-0.016456,0.0,0.0,-0.015433951578649114,-0.016455696202531647,0.0,0.0010217446238825322,149400.0,2377900.0,8229486.671666667,106021056.16666667,VAW,IYM,Materials
2010-01-21,4.19948805433202,4.082103275799747,66.6522,59.27,-0.041526,-0.046493,0.0,0.0,-0.041525800295945416,-0.046492921492921495,0.0,0.004967121196976079,286400.0,3973200.0,9064848.472307693,115980326.0,VAW,IYM,Materials
2010-01-22,4.176231721694285,4.059407992341204,65.12,57.94,-0.022988,-0.02244,0.0,0.0,-0.022987988393481117,-0.022439682807491142,0.0,-0.0005483055859899742,257900.0,3810300.0,9616962.724285712,123465215.71428572,VAW,IYM,Materials
2010-01-25,4.183880527532955,4.069026754237811,65.62,58.5,0.007678,0.009665,0.0,0.0,0.0076781326781326775,0.009665170866413532,0.0,-0.0019870381882808544,206500.0,1491000.0,9879200.542666668,121049101.33333333,VAW,IYM,Materials
2010-01-26,4.173771695853422,4.0578534536396855,64.96,57.85,-0.010058,-0.011111,0.0,0.0,-0.010057909174032558,-0.011111111111111112,0.0,0.0010532019370785538,149900.0,1913000.0,9870344.50875,120400223.125,VAW,IYM,Materials
2010-01-27,4.168369197570074,4.050218504179545,64.61,57.41,-0.005388,-0.007606,0.0,0.0,-0.005387931034482632,-0.0076058772687986175,0.0,0.002217946234315985,167600.0,2901500.0,9926714.596470587,123116393.23529412,VAW,IYM,Materials
2010-01-28,4.147885329150131,4.030339232246188,63.3,56.28,-0.020276,-0.019683,0.0,0.0,-0.020275499148738586,-0.01968298205887476,0.0,-0.0005925170898638255,412500.0,1861300.0,10825855.45222222,122096258.27777778,VAW,IYM,Materials
2010-01-29,4.131800899266054,4.00277736869661,62.29,54.75,-0.015956,-0.027186,0.0,-2737500.0,-0.015955766192733017,-0.030748924139116035,2737500.0,0.014793157946383018,169200.0,2130100.0,10810782.428421052,121808190.73684211,VAW,IYM,Materials
2010-02-01,4.164647686064525,4.048126088420487,64.37,57.29,0.033392,0.046393,0.0,0.0,0.03339219778455624,0.04639269406392694,0.0,-0.0130004962793707,232100.0,1496200.0,11017257.157000002,120003646.1,VAW,IYM,Materials
2010-02-02,4.1734637666747,4.051089053551143,64.94,57.46,0.008855,0.002967,0.0,0.0,0.008855056703433147,0.002967359050445104,0.0,0.005887697652988043,248500.0,1297700.0,11089802.957,119083689.75,VAW,IYM,Materials
2010-02-03,4.163404098153595,4.04305126783455,64.29,57.0,-0.010009,-0.008006,0.0,0.0,-0.010009239297813239,-0.008005569091541943,0.0,-0.002003670206271296,91200.0,2702400.0,10980203.657000002,124348340.85,VAW,IYM,Materials
2010-02-04,4.122121843221548,3.9976500913955832,61.69,54.47,-0.040442,-0.044386,0.0,0.0,-0.040441748327889375,-0.0443859649122807,0.0,0.003944216584391327,176200.0,2223700.0,11084964.157000002,124020469.75,VAW,IYM,Materials
2010-02-05,4.137723285524046,4.015662040187632,62.66,55.46,0.015724,0.018175,0.0,0.0,0.015723780191278975,0.018175142280154214,0.0,-0.002451362088875239,221800.0,3187200.0,11542468.907000002,127363967.95,VAW,IYM,Materials
2010-02-08,4.120337142496354,3.9974664872456134,61.58,54.46,-0.017236,-0.018031,0.0,0.0,-0.017235876157037984,-0.018031013342949875,0.0,0.0007951371859118914,136900.0,2074300.0,11707513.507000001,130632793.65,VAW,IYM,Materials
2010-02-09,4.145037676537619,4.02749225523426,63.12,56.12,0.025008,0.030481,0.0,0.0,0.025008119519324457,0.03048108703635696,0.0,-0.005472967517032502,130400.0,2213000.0,11630353.407000002,126687531.4,VAW,IYM,Materials
2010-02-10,4.141387168555412,4.021953064800342,62.89,55.81,-0.003644,-0.005524,0.0,0.0,-0.003643852978453739,-0.005523877405559516,0.0,0.0018800244271057766,98300.0,3831900.0,11547893.407000002,132164544.1,VAW,IYM,Materials
2010-02-11,4.156536582478548,4.044628969976168,63.85,57.09,0.015265,0.022935,0.0,0.0,0.01526474797265066,0.022934957892850744,0.0,-0.0076702099202000835,171600.0,1906400.0,11682546.407000002,134516373.4,VAW,IYM,Materials
2010-02-12,4.159028385302833,4.048126088420487,64.0093,57.29,0.002495,0.003503,0.0,0.0,0.0024949099451839216,0.0035032404974601507,0.0,-0.001008330552276229,144900.0,2900800.0,11865583.3355,133629506.0,VAW,IYM,Materials
2010-02-16,4.183880527532955,4.074141854904581,65.62,58.8,0.025164,0.026357,0.0,0.0,0.025163530924412782,0.026357130389247686,0.0,-0.0011935994648349033,139700.0,1997700.0,11948615.8355,137167314.5,VAW,IYM,Materials
2010-02-17,4.186011750747925,4.07668962698338,65.76,58.95,0.002133,0.002551,0.0,0.0,0.002133495885400792,0.002551020408163265,0.0,-0.0004175245227624729,175100.0,2597500.0,12125285.1355,139937453.75,VAW,IYM,Materials
2010-02-18,4.196901150547193,4.087487774758888,66.48,59.59,0.010949,0.010857,0.0,0.0,0.010948905109488925,0.01085665818490246,0.0,9.224692458646537e-05,128800.0,2972400.0,12033953.2825,141403206.35,VAW,IYM,Materials
2010-02-19,4.2021520815229785,4.0928434360958335,66.83,59.91,0.005265,0.00537,0.0,0.0,0.0052647412755716,0.005370028528276557,0.0,-0.0001052872527049567,131000.0,2273900.0,11517230.2785,136440095.6,VAW,IYM,Materials
2010-02-22,4.200055016644215,4.091172871056465,66.69,59.81,-0.002095,-0.001669,0.0,0.0,-0.0020948675744426157,-0.0016691704223001167,0.0,-0.00042569715214249896,113900.0,968400.0,11057307.4285,128297656.7,VAW,IYM,Materials
2010-02-23,4.180828022110238,4.065773605234065,65.42,58.31,-0.019043,-0.025079,0.0,0.0,-0.01904333483280852,-0.025079418157498746,0.0,0.006036083324690227,96200.0,1326900.0,10694451.1285,127805058.65,VAW,IYM,Materials
2010-02-24,4.182355439544814,4.068855799454934,65.52,58.49,0.001529,0.003087,0.0,0.0,0.001528584530724549,0.0030869490653404217,0.0,-0.0015583645346158726,125100.0,1218500.0,10617403.5285,125835209.4,VAW,IYM,Materials
2010-02-25,4.1832707714165025,4.074821895733237,65.58,58.84,0.000916,0.005984,0.0,0.0,0.0009157509157509158,0.005983928876731065,0.0,-0.005068177960980149,191900.0,1343200.0,10705211.828499999,121458148.05,VAW,IYM,Materials
2010-02-26,4.181439269073034,4.07567129695648,65.46,58.89,-0.00183,0.00085,0.0,-100113000.0,-0.0018298261665143068,-0.12425645819170632,100113000.0,0.12242663202519201,93600.0,2028400.0,9706002.1285,122193073.65,VAW,IYM,Materials
2010-03-01,4.199755076629969,4.0963425648847736,66.67,60.12,0.018485,0.020886,0.0,0.0,0.018484570730217056,0.020886398369842078,0.0,-0.002401827639625022,112600.0,3647700.0,9554380.828499999,127326911.1,VAW,IYM,Materials
2010-03-02,4.211496287532926,4.110873864173311,67.4574,61.0,0.01181,0.014637,0.0,0.0,0.011810409479526099,0.014637391882900865,0.0,-0.0028269824033747663,71900.0,3488200.0,9049876.3315,133680056.2,VAW,IYM,Materials
2010-03-03,4.220977213155467,4.119199763220277,68.1,61.51,0.009526,0.008361,0.0,0.0,0.00952601197199991,0.008360655737704918,0.0,0.0011653562342949925,101600.0,2407900.0,8588944.8315,137357260.55,VAW,IYM,Materials
2010-03-04,4.223470431430189,4.120012308970678,68.27,61.56,0.002496,0.000813,0.0,0.0,0.002496328928047111,0.0008128759551292473,0.0,0.0016834529729178637,115500.0,2360800.0,8690041.681499999,136921962.95,VAW,IYM,Materials
2010-03-05,4.237289838207198,4.138680376042152,69.22,62.72,0.013915,0.018843,0.0,0.0,0.013915336165226307,0.018843404808317088,0.0,-0.004928068643090781,89900.0,1697700.0,8457696.681499999,136189703.2,VAW,IYM,Materials
2010-03-08,4.236567242612494,4.136445738240736,69.17,62.58,-0.000722,-0.002232,0.0,0.0,-0.000722334585379948,-0.002232142857142857,0.0,0.0015098082717629091,138500.0,2356600.0,8241799.5315,134725399.0,VAW,IYM,Materials
2010-03-09,4.232946411659729,4.1330843905380314,68.92,62.37,-0.003614,-0.003356,0.0,0.0,-0.003614283648980772,-0.003355704697986577,0.0,-0.00025857895099419504,134300.0,2955800.0,8283082.2315,138294742.4,VAW,IYM,Materials
2010-03-10,4.23309149689756,4.133565275375382,68.93,62.4,0.000145,0.000481,0.0,0.0,0.00014509576320383404,0.000481000481000481,0.0,-0.000335904717796647,134600.0,4725000.0,8335438.7315,146827064.4,VAW,IYM,Materials
2010-03-11,4.2367118035090225,4.136126096237056,69.18,62.56,0.003627,0.002564,0.0,0.0,0.0036268678369360216,0.002564102564102564,0.0,0.0010627652728334575,103200.0,1979100.0,8383303.1815,142324772.25,VAW,IYM,Materials
2010-03-12,4.243913332544247,4.146146060785364,69.68,63.19,0.007228,0.01007,0.0,0.0,0.007227522405319456,0.010070332480818414,0.0,-0.002842810075498958,138900.0,1106100.0,8319397.7815,140377676.4,VAW,IYM,Materials
2010-03-15,4.240607069200353,4.138201945285877,69.45,62.69,-0.003301,-0.007913,0.0,0.0,-0.0033008036739381203,-0.007912644405760404,0.0,0.004611840731822284,120100.0,3012700.0,8272697.653,141511642.95,VAW,IYM,Materials
2010-03-16,4.255187087338931,4.154969184038536,70.47,63.75,0.014687,0.016909,0.0,0.0,0.01468682505399568,0.016908597862498004,0.0,-0.0022217728085023244,156200.0,2560800.0,8364712.653,143800954.95,VAW,IYM,Materials
2010-03-17,4.262257252536892,4.161068194265009,70.97,64.14,0.007095,0.006118,0.0,0.0,0.007095217823187172,0.00611764705882353,0.0,0.0009775707643636423,180700.0,1265900.0,8430197.803,140204565.0,VAW,IYM,Materials
2010-03-18,4.254903238344689,4.150094577326593,70.45,63.44,-0.007327,-0.010914,0.0,0.0,-0.00732703959419473,-0.01091362644215778,0.0,0.0035865868479630497,87600.0,2539200.0,8310637.603,139402641.6,VAW,IYM,Materials
2010-03-19,4.242764567340374,4.134686441505479,69.6,62.47,-0.012065,-0.01529,0.0,0.0,-0.012065294535131416,-0.015290037831021437,0.0,0.0032247432958900212,203700.0,2012800.0,8581777.103,138878154.95,VAW,IYM,Materials
2010-03-22,4.255612709818223,4.147411283158793,70.5,63.27,0.012931,0.012806,0.0,0.0,0.01293103448275874,0.012806146950536258,0.0,0.00012488753222248197,141200.0,1456600.0,8699707.553,140590108.85,VAW,IYM,Materials
2010-03-23,4.26955757977876,4.161068194265009,71.49,64.14,0.014043,0.013751,0.0,0.0,0.014042553191489246,0.013750592697961118,0.0,0.0002919604935281272,95900.0,2743600.0,8727831.903,145520257.1,VAW,IYM,Materials
2010-03-24,4.2656332579940335,4.159351723530711,71.21,64.03,-0.003917,-0.001715,0.0,0.0,-0.003916631696740803,-0.0017149984409105083,0.0,-0.002201633255830295,355000.0,1370600.0,9581981.803,146344729.75,VAW,IYM,Materials
2010-03-25,4.244917420701475,4.135006543940991,69.75,62.49,-0.020503,-0.022416,0.0,0.0,-0.020502738379440975,-0.02405122598781821,0.0,0.003548487608377237,367500.0,3676900.0,10234397.953,153881509.4,VAW,IYM,Materials
2010-03-26,4.252202646837681,4.143293443953964,70.26,63.01,0.007312,0.008321,0.0,0.0,0.007311827956989365,0.008321331413026083,0.0,-0.001009503456036718,132300.0,2878900.0,10392815.053,156978860.05,VAW,IYM,Materials
2010-03-29,4.262539022051294,4.1568497675734974,70.99,63.87,0.01039,0.013649,0.0,0.0,0.01038998007401058,0.013648627202031423,0.0,-0.003258647128020842,146400.0,2657400.0,10537109.753,154500280.75,VAW,IYM,Materials
2010-03-30,4.263946679941392,4.157945143631696,71.09,63.94,0.001409,0.001096,0.0,0.0,0.0014086491055079343,0.001095976201659621,0.0,0.0003126729038483132,98800.0,3440200.0,10645785.0,154859590.15,VAW,IYM,Materials
2010-03-31,4.259576474917317,4.152141660948318,70.78,63.57,-0.004361,-0.005787,-6936440.0,139854000.0,-0.0178543294246675,0.17801746910838154,-146790440.0,-0.19587179853304904,84600.0,2958500.0,10599236.4,156857685.95,VAW,IYM,Materials
2010-04-01,4.275276264727001,4.170842533194826,71.9,64.77,0.015824,0.018877,0.0,0.0,0.015823679005368865,0.018876828692779613,0.0,-0.003053149687410748,106700.0,1982500.0,10588563.65,156011469.8,VAW,IYM,Materials
2010-04-05,4.289774274968795,4.188138441508461,72.95,65.9,0.014604,0.017446,0.0,0.0,0.014603616133518658,0.017446348618187564,0.0,-0.0028427324846689063,75300.0,1312900.0,10552076.5,155013488.1,VAW,IYM,Materials
2010-04-06,4.292648823522665,4.191471272952824,73.16,66.12,0.002879,0.003338,0.0,0.0,0.0028786840301576423,0.0033383915022761755,0.0,-0.00045970747211853324,143500.0,874600.0,10597997.25,150531114.3,VAW,IYM,Materials
2010-04-07,4.28606624352797,4.186011750747925,72.68,65.76,-0.006561,-0.005445,0.0,0.0,-0.006560962274466808,-0.005444646098003629,0.0,-0.0011163161764631791,91300.0,2913700.0,10466983.65,150893697.6,VAW,IYM,Materials
2010-04-08,4.288229559549081,4.187683102652602,72.8374,65.87,0.002166,0.001673,0.0,0.0,0.0021656576774902307,0.0016727493917274936,0.0,0.0004929082857627371,104200.0,1881500.0,10382567.603999998,142348417.85,VAW,IYM,Materials
2010-04-09,4.292648823522665,4.190866129212723,73.16,66.08,0.004429,0.003188,0.0,0.0,0.00442904332115097,0.0031880977683314336,0.0,0.0012409455528195365,51000.0,1732600.0,10212156.804,141882303.45,VAW,IYM,Materials
2010-04-12,4.287028906051602,4.187986684925728,72.75,65.89,-0.005604,-0.002875,0.0,0.0,-0.005604155276107163,-0.0028753026634382567,0.0,-0.002728852612668906,46700.0,1264400.0,9898100.454,142553146.3,VAW,IYM,Materials
2010-04-13,4.285378059618076,4.1852511209097765,72.63,65.71,-0.00165,-0.002732,0.0,0.0,-0.001649484536082589,-0.0027318257702232274,0.0,0.0010823412341406384,34700.0,545300.0,9607066.253999999,134901421.3,VAW,IYM,Materials
2010-04-14,4.294151248171873,4.194189897191817,73.27,66.3,0.008812,0.008979,0.0,0.0,0.008811785763458741,0.00897884644650751,0.0,-0.0001670606830487687,45100.0,1231800.0,9221919.404,130822288.3,VAW,IYM,Materials
2010-04-15,4.293332023658551,4.1920760507154355,73.21,66.16,-0.000819,-0.002112,0.0,0.0,-0.0008188890405351215,-0.0021116138763197585,0.0,0.0012927248357846371,44000.0,1560700.0,8741767.454,131925342.6,VAW,IYM,Materials
2010-04-16,4.276943858220729,4.169761201506855,72.02,64.7,-0.016255,-0.022068,0.0,0.0,-0.016254610025952628,-0.022067714631197097,0.0,0.005813104605244469,112000.0,1718700.0,8836508.454,129430994.7,VAW,IYM,Materials
2010-04-19,4.275749031953572,4.1661999993225285,71.934,64.47,-0.001194,-0.003555,0.0,0.0,-0.0011941127464593169,-0.0035548686244204018,0.0,0.002360755877961085,100400.0,761000.0,8488741.134,125597097.4,VAW,IYM,Materials
2010-04-20,4.2804104889939465,4.169606630055894,72.2701,64.69,0.004672,0.003412,0.0,0.0,0.004672338532543744,0.0034124398945245852,0.0,0.001259898638019159,90200.0,832100.0,8316949.284999999,123680570.75,VAW,IYM,Materials
2010-04-21,4.280824129164719,4.168523960396352,72.3,64.62,0.000414,-0.001082,0.0,0.0,0.0004137257316649393,-0.0010820837842014461,0.0,0.0014958095158663855,45000.0,871000.0,8136829.734999999,117696046.55,VAW,IYM,Materials
2010-04-22,4.2889514553941215,4.175617282350837,72.89,65.08,0.00816,0.007119,0.0,0.0,0.008160442600276626,0.007118539151965204,0.0,0.0010419034483114212,105800.0,1330100.0,7258440.334999999,117636216.05,VAW,IYM,Materials
2010-04-23,4.302848136796795,4.192378302493466,73.91,66.18,0.013994,0.016902,0.0,0.0,0.013993689120592673,0.016902274124155015,0.0,-0.0029085850035623414,96900.0,920600.0,6334878.035,109194007.4,VAW,IYM,Materials
2010-04-26,4.3021714094244174,4.1920760507154355,73.86,66.16,-0.000677,-0.000302,0.0,0.0,-0.0006764984440535787,-0.0003022061045634399,0.0,-0.00037429233949013883,110200.0,433900.0,6277076.735,101559374.15,VAW,IYM,Materials
2010-04-27,4.269977130865259,4.159351723530711,71.52,64.03,-0.031682,-0.032195,0.0,0.0,-0.03168155970755483,-0.03219467956469166,0.0,0.0005131198571368262,248900.0,1976400.0,6647496.335,99400411.85,VAW,IYM,Materials
2010-04-28,4.2783313983351166,4.170688128809434,72.12,64.76,0.008389,0.011401,0.0,0.0,0.00838926174496656,0.011400905825394478,0.0,-0.0030116440804279186,187000.0,1661700.0,6970633.734999999,93782677.05,VAW,IYM,Materials
2010-04-29,4.289088639014612,4.180522258463153,72.9,65.4,0.010815,0.009883,0.0,0.0,0.0108153078202995,0.009882643607164916,0.0,0.0009326642131345843,80700.0,1159900.0,6965385.834999999,88171957.8,VAW,IYM,Materials
2010-04-30,4.2698373000603045,4.159351723530711,71.51,64.03,-0.019067,-0.020948,0.0,-67231500.0,-0.019067215363511657,-0.0938561389810659,67231500.0,0.07478892361755424,119000.0,2236600.0,7007283.834999999,88912106.45,VAW,IYM,Materials
2010-05-03,4.274441423993944,4.159351723530711,71.84,64.03,0.004615,0.0,0.0,0.0,0.0046147391973149435,0.0,0.0,0.0046147391973149435,150800.0,1670100.0,7274300.685,89932926.1,VAW,IYM,Materials
2010-05-04,4.237578730308009,4.118711918670395,69.24,61.48,-0.036192,-0.039825,0.0,0.0,-0.036191536748329735,-0.03982508199281587,0.0,0.0036335452444861346,201100.0,1905900.0,7445585.885,92900235.1,VAW,IYM,Materials
2010-05-05,4.227113997964527,4.109725664260403,68.5192,60.93,-0.01041,-0.008946,0.0,0.0,-0.010410167533217746,-0.008945998698763826,0.0,-0.0014641688344539192,150000.0,3662100.0,7627695.685,94476577.15,VAW,IYM,Materials
2010-05-06,4.197051560414364,4.079061705357583,66.49,59.09,-0.029615,-0.030199,0.0,0.0,-0.02961505680159727,-0.030198588544231086,0.0,0.0005835317426338173,292200.0,2568100.0,8219631.731000001,95867308.35,VAW,IYM,Materials
2010-05-07,4.181744752502934,4.063713518668578,65.48,58.19,-0.01519,-0.015231,0.0,0.0,-0.015190254173559811,-0.01523100355390083,0.0,4.074938034101874e-05,215400.0,3173700.0,8738293.331,99376678.1,VAW,IYM,Materials
2010-05-10,4.230040277676,4.1170840491915905,68.72,61.38,0.049481,0.054821,0.0,0.0,0.04948075748320098,0.054820415879017016,0.0,-0.005339658395816037,207500.0,2619100.0,9281392.081,103249130.2,VAW,IYM,Materials
2010-05-11,4.220036976851845,4.105778939847764,68.036,60.69,-0.009953,-0.011242,0.0,0.0,-0.009953434225844004,-0.011241446725317693,0.0,0.0012880124994736897,140300.0,1516000.0,9632651.570999999,106057849.05,VAW,IYM,Materials
2010-05-12,4.242334877335695,4.13147976888436,69.5701,62.27,0.022548,0.026034,0.0,0.0,0.022548356752307503,0.02603394298896029,0.0,-0.0034855862366527865,159800.0,1323500.0,10023292.819999998,106095149.3,VAW,IYM,Materials
2010-05-13,4.232365860119475,4.122121843221548,68.88,61.69,-0.00992,-0.009314,0.0,0.0,-0.009919491275706111,-0.009314276537658584,0.0,-0.0006052147380475274,91800.0,1287300.0,10178390.02,104903030.55,VAW,IYM,Materials
2010-05-14,4.205438609727688,4.093510881473524,67.05,59.95,-0.026568,-0.028206,0.0,0.0,-0.026567944250870962,-0.028205543848273625,0.0,0.001637599597402662,174000.0,1738400.0,10358413.02,104553890.05,VAW,IYM,Materials
2010-05-17,4.202899968776446,4.0809215418899605,66.88,59.2,-0.002536,-0.01251,0.0,0.0,-0.002535421327367761,-0.012510425354462052,0.0,0.009975004027094291,291500.0,2868200.0,10972080.34,110590678.55,VAW,IYM,Materials
2010-05-18,4.188745237643585,4.066630723654585,65.94,58.36,-0.014055,-0.014189,0.0,0.0,-0.014055023923444853,-0.01418918918918919,0.0,0.00013416526574433658,531700.0,3682900.0,12399157.089000002,118645953.3,VAW,IYM,Materials
2010-05-19,4.182202802743785,4.053869729656382,65.51,57.62,-0.006521,-0.01268,0.0,0.0,-0.006521079769487286,-0.012679917751884852,0.0,0.0061588379823975655,414300.0,2202700.0,13593521.739000002,122177731.0,VAW,IYM,Materials
2010-05-20,4.134126015567109,4.00587758089977,62.435,54.92,-0.046939,-0.046859,0.0,0.0,-0.046939398565104686,-0.046858729607775075,0.0,-8.066895732961044e-05,424100.0,3152300.0,14531867.814000001,126505801.4,VAW,IYM,Materials
2010-05-21,4.157945143631696,4.035832291154432,63.94,56.59,0.024105,0.030408,0.0,0.0,0.024105069272042926,0.03040786598689002,0.0,-0.006302796714847094,361500.0,2383500.0,15329489.364000002,130203649.25,VAW,IYM,Materials
2010-05-24,4.143452136329128,4.018542848805819,63.02,55.62,-0.014389,-0.017141,0.0,0.0,-0.014388489208633094,-0.01714083760381693,0.0,0.0027523483951838353,267000.0,2814400.0,15763837.764000002,136595154.45,VAW,IYM,Materials
2010-05-25,4.154184562578117,4.03706849440237,63.7,56.66,0.01079,0.018698,0.0,0.0,0.010790225325293558,0.018698309960445882,0.0,-0.007908084635152324,198000.0,2192300.0,15504401.364000002,136478495.75,VAW,IYM,Materials
2010-05-26,4.150882413182359,4.032114485685967,63.49,56.38,-0.003297,-0.004942,0.0,0.0,-0.0032967032967032967,-0.004941757853865161,0.0,0.001645054557161864,254800.0,1786000.0,15638941.964000002,136132645.15,VAW,IYM,Materials
2010-05-27,4.191758587995742,4.082271980987832,66.139,59.28,0.041723,0.051437,0.0,0.0,0.0417231060009449,0.05143667967364313,0.0,-0.009713573672698234,76200.0,1137600.0,15596780.054000001,135711618.55,VAW,IYM,Materials
2010-05-28,4.176231721694285,4.065773605234065,65.12,58.31,-0.015407,-0.016363,-12568160.0,-75803000.0,-0.04204741414317006,-0.1143498482427702,63234840.0,0.07230243409960013,112900.0,1632700.0,15538897.954000002,133311280.5,VAW,IYM,Materials
2010-06-01,4.142817215672879,4.0273140497628805,62.98,56.11,-0.032863,-0.037729,0.0,0.0,-0.03286240786240799,-0.03772937746527182,0.0,0.004866969602863834,273300.0,1774700.0,15857846.054000001,132943376.2,VAW,IYM,Materials
2010-06-02,4.170379248498098,4.062337766087015,64.74,58.11,0.027945,0.035644,0.0,0.0,0.02794537948555083,0.03564427018356799,0.0,-0.007698890698017161,37100.0,3057300.0,15281730.554000001,135967624.75,VAW,IYM,Materials
2010-06-03,4.16418152181088,4.0493471962913645,64.34,57.36,-0.006179,-0.012907,0.0,0.0,-0.006178560395427734,-0.012906556530717605,0.0,0.006727996135289871,74600.0,3670800.0,15007824.754000003,135338891.5,VAW,IYM,Materials
2010-06-04,4.120824195026479,4.00369019395397,61.61,54.8,-0.042431,-0.04463,0.0,0.0,-0.042430836182778986,-0.044630404463040445,0.0,0.002199568280261459,97600.0,1756100.0,14337062.654000003,132563154.05,VAW,IYM,Materials
2010-06-07,4.102478062118823,3.982667844997478,60.49,53.66,-0.018179,-0.020803,0.0,0.0,-0.018178867067034574,-0.020802919708029197,0.0,0.0026240526409946237,174000.0,1605300.0,14158106.054000001,127636293.8,VAW,IYM,Materials
2010-06-08,4.120824195026479,4.006423680849631,61.61,54.95,0.018515,0.02404,0.0,0.0,0.018515457100347164,0.024040253447633247,0.0,-0.005524796347286084,119100.0,3041600.0,13812023.604000002,127955071.9,VAW,IYM,Materials
2010-06-09,4.119362325197389,4.006787581872569,61.52,54.97,-0.001461,0.000364,0.0,0.0,-0.0014608018178867068,0.0003639672429481347,0.0,-0.0018247690608348415,83200.0,2406300.0,13590674.264000002,129968485.45,VAW,IYM,Materials
2010-06-10,4.1555964382538635,4.047078236421011,63.79,57.23,0.036899,0.041113,0.0,0.0,0.03689856957087126,0.041113334546116063,0.0,-0.004214764975244804,148000.0,1381500.0,13506855.165000001,129800930.45,VAW,IYM,Materials
2010-06-11,4.1705337005796475,4.06009812349351,64.75,57.98,0.015049,0.013105,0.0,0.0,0.015049380780686628,0.013105014852350166,0.0,0.0019443659283364615,111400.0,539200.0,13551353.465,127393394.4,VAW,IYM,Materials
2010-06-14,4.162158961805957,4.054043265448575,64.21,57.63,-0.00834,-0.006037,0.0,0.0,-0.008339768339768473,-0.006036564332528458,0.0,-0.0023032040072400147,71100.0,3473800.0,13196285.015,132192295.1,VAW,IYM,Materials
2010-06-15,4.188896879163323,4.080752608702634,65.95,59.19,0.027099,0.027069,0.0,0.0,0.027098582775268786,0.02706923477355544,0.0,2.93480017133467e-05,35600.0,1493600.0,12338900.015,128122732.3,VAW,IYM,Materials
2010-06-16,4.186315840760911,4.079907514424331,65.78,59.14,-0.002578,-0.000845,0.0,0.0,-0.002577710386656558,-0.0008447372867038351,0.0,-0.0017329730999527228,45100.0,861500.0,10734219.015,119923485.6,VAW,IYM,Materials
2010-06-17,4.182508053051405,4.0746519288763645,65.53,58.83,-0.003801,-0.005242,0.0,0.0,-0.0038005472788081485,-0.00524179912073047,0.0,0.0014412518419223215,48500.0,2252100.0,9536089.614999998,120202059.05,VAW,IYM,Materials
2010-06-18,4.18737942818929,4.081090446543684,65.85,59.21,0.004883,0.006459,0.0,0.0,0.004883259575766693,0.0064592894781574026,0.0,-0.0015760299023907095,31100.0,1620300.0,8314552.1899999995,116342741.4,VAW,IYM,Materials
2010-06-21,4.189851692327411,4.086396392372927,66.013,59.525,0.002475,0.00532,0.0,0.0,0.0024753227031133972,0.0053200472893092385,0.0,-0.0028447245861958413,62600.0,2111500.0,7365457.38,115882980.025,VAW,IYM,Materials
2010-06-22,4.165734558308774,4.061993532004442,64.44,58.09,-0.023829,-0.024108,0.0,0.0,-0.02382863981337022,-0.024107517849643007,0.0,0.0002788780362727866,40800.0,2136000.0,6655597.98,114260145.625,VAW,IYM,Materials
2010-06-23,4.1661999993225285,4.061993532004442,64.47,58.09,0.000466,0.0,0.0,0.0,0.0004655493482309125,0.0,0.0,0.0004655493482309125,63800.0,823800.0,6230627.28,110442086.825,VAW,IYM,Materials
2010-06-24,4.13996144288062,4.034063631337171,62.8004,56.49,-0.025897,-0.02379,0.0,0.0,-0.02589731658135567,-0.027543467033912895,0.0,0.0016461504525572268,31900.0,2517800.0,5521931.318,112518878.925,VAW,IYM,Materials
2010-06-25,4.154498485041848,4.048998460455224,63.72,57.34,0.014643,0.015047,0.0,0.0,0.014643218833001063,0.015046910957691628,0.0,-0.00040369212469056406,34000.0,1821500.0,5378265.728,114369273.025,VAW,IYM,Materials
2010-06-28,4.14424522067556,4.037244970181528,63.07,56.67,-0.010201,-0.011685,0.0,0.0,-0.010200878844946642,-0.01168468782699686,0.0,0.0014838089820502186,38100.0,2933700.0,5130811.678,117921775.125,VAW,IYM,Materials
2010-06-29,4.106931677727572,3.994708372046754,60.76,54.31,-0.036626,-0.041645,0.0,0.0,-0.03662597114317425,-0.041644609140638784,0.0,0.005018637997464534,74600.0,1373400.0,4496824.778,116672321.975,VAW,IYM,Materials
2010-06-30,4.095011006765261,3.9804290380922063,60.04,53.54,-0.01185,-0.014178,-12008000.0,45509000.0,-0.04032684934157729,0.057136924746432026,-57517000.0,-0.09746377408800933,55200.0,1101000.0,4542442.478,110736713.825,VAW,IYM,Materials
2010-07-01,4.0881588031350145,3.9740583963475986,59.63,53.2,-0.006829,-0.00635,0.0,0.0,-0.006828780812791473,-0.00635039223010833,0.0,-0.0004783885826831428,142500.0,944800.0,4727318.028,102722027.425,VAW,IYM,Materials
2010-07-02,4.082946517269732,3.967457712316247,59.32,52.85,-0.005199,-0.006579,0.0,0.0,-0.005198725473754821,-0.006578947368421052,0.0,0.001380221894666231,44800.0,703700.0,4559538.028,99769840.675,VAW,IYM,Materials
2010-07-06,4.080583646972063,3.970291913552122,59.18,53.0,-0.00236,0.002838,0.0,0.0,-0.0023600809170600135,0.002838221381267739,0.0,-0.005198302298327752,89700.0,819900.0,4298697.328,97635555.775,VAW,IYM,Materials
2010-07-07,4.120174738923119,4.0138573113094145,61.57,55.36,0.040385,0.044528,0.0,0.0,0.04038526529232849,0.04452830188679245,0.0,-0.00414303659446396,30500.0,1056600.0,4025704.028,92203428.575,VAW,IYM,Materials
2010-07-08,4.13596623691292,4.029983803061711,62.55,56.26,0.015917,0.016257,0.0,0.0,0.015916842618158195,0.01625722543352601,0.0,-0.0003403828153678151,46500.0,639900.0,3915209.578,87389751.725,VAW,IYM,Materials
2010-07-09,4.159195534541717,4.0516110196351995,64.02,57.49,0.023501,0.021863,0.0,0.0,0.023501199040767386,0.02186277995023107,0.0,0.0016384190905363166,39300.0,1013100.0,3568962.878,86348745.425,VAW,IYM,Materials
2010-07-12,4.145829504910609,4.034417613641752,63.17,56.51,-0.013277,-0.017047,0.0,0.0,-0.013277100905966885,-0.01704644285962776,0.0,0.003769341953660875,33400.0,724100.0,3313799.278,86831549.175,VAW,IYM,Materials
2010-07-13,4.169683918767916,4.055083848268798,64.695,57.69,0.024141,0.020881,0.0,0.0,0.02414120626879834,0.020881259953990445,0.0,0.0032599463148078947,63900.0,551000.0,3292233.2529999996,78411153.975,VAW,IYM,Materials
2010-07-14,4.168214410788556,4.05126307251965,64.6,57.47,-0.001468,-0.003813,0.0,0.0,-0.0014684287812041117,-0.003813485872768244,0.0,0.0023450570915641324,34100.0,587100.0,3284985.2529999996,75677876.625,VAW,IYM,Materials
2010-07-15,4.168059600044382,4.047602299669969,64.59,57.26,-0.000155,-0.003654,0.0,0.0,-0.00015479876160977025,-0.0036540803897685747,0.0,0.0034992816281588044,42800.0,677400.0,3274873.9529999997,75069817.325,VAW,IYM,Materials
2010-07-16,4.13660552093661,4.014399072045013,62.59,55.39,-0.030965,-0.032658,0.0,0.0,-0.03096454559529339,-0.032658050995459306,0.0,0.0016935054001659157,56800.0,599200.0,3293719.303,70104749.575,VAW,IYM,Materials
2010-07-19,4.138839802108651,4.015301354881648,62.73,55.44,0.002237,0.000903,0.0,0.0,0.0022367790381850137,0.0009026900162484203,0.0,0.0013340890219365933,32900.0,402400.0,3294513.403,66423304.225,VAW,IYM,Materials
2010-07-20,4.167904765330129,4.045854353061666,64.58,57.16,0.029492,0.031025,0.0,0.0,0.029491471385302087,0.031024531024531024,0.0,-0.001533059639228937,49200.0,780500.0,3246759.513,62369621.35,VAW,IYM,Materials
2010-07-21,4.162470391269701,4.0428758138469085,64.23,56.99,-0.00542,-0.002974,0.0,0.0,-0.005419634561783834,-0.002974107767669699,0.0,-0.002445526794114135,40200.0,1272700.0,3244404.213,59792168.0,VAW,IYM,Materials
2010-07-22,4.188138441508461,4.07533162304017,65.9,58.87,0.026,0.032988,0.0,0.0,0.02600031138097476,0.03298824355150026,0.0,-0.006987932170525502,61800.0,1303100.0,3242375.913,61235115.75,VAW,IYM,Materials
2010-07-23,4.210051369934071,4.094177881665002,67.36,59.99,0.022155,0.019025,0.0,0.0,0.02215477996965085,0.019024970273483946,0.0,0.0031298096961669027,61300.0,827200.0,3348667.675,56604776.05,VAW,IYM,Materials
2010-07-26,4.216119619148022,4.100989104940769,67.77,60.4,0.006087,0.006834,0.0,0.0,0.006086698337292162,0.006834472412068678,0.0,-0.0007477740747765162,80200.0,554100.0,3512101.375,53055917.55,VAW,IYM,Materials
2010-07-27,4.208417018481948,4.090336540824562,67.25,59.76,-0.007673,-0.010596,0.0,0.0,-0.007673011657075402,-0.010596026490066225,0.0,0.002923014832990823,51200.0,1908200.0,3564113.025,50444980.2,VAW,IYM,Materials
2010-07-28,4.2008044733232275,4.08446256236765,66.74,59.41,-0.007584,-0.005857,0.0,0.0,-0.007583643122676712,-0.005856760374832664,0.0,-0.0017268827478440479,53300.0,2177300.0,3515340.325,53183182.15,VAW,IYM,Materials
2010-07-29,4.202600880991953,4.086312390524837,66.86,59.52,0.001798,0.001852,0.0,0.0,0.0017980221756069652,0.001851540144756775,0.0,-5.351796914980977e-05,65400.0,1908800.0,3568262.125,55916393.95,VAW,IYM,Materials
2010-07-30,4.2078220459818745,4.093177214470094,67.21,59.93,0.005235,0.006888,0.0,-173797000.0,0.005234819024827866,-0.22485572409967572,173797000.0,0.23009054312450358,113200.0,515800.0,3523806.975,54948820.65,VAW,IYM,Materials
2010-08-02,4.232801305369117,4.122283930911342,68.91,61.7,0.025294,0.029535,0.0,0.0,0.025293855081089257,0.029534456866344067,0.0,-0.004240601785254809,104800.0,683800.0,3752018.575,55198816.4,VAW,IYM,Materials
2010-08-03,4.216849764213814,4.106849383360575,67.8195,60.755,-0.015825,-0.015316,0.0,0.0,-0.015824989116238444,-0.015316045380875203,0.0,-0.0005089437353632403,56300.0,1159100.0,3677508.1674999995,56547137.425,VAW,IYM,Materials
2010-08-04,4.226249633102039,4.118711918670395,68.46,61.48,0.009444,0.011933,0.0,0.0,0.009444186406564222,0.011933174224343675,0.0,-0.0024889878177794533,45200.0,356100.0,3738333.5174999996,54717120.025,VAW,IYM,Materials
2010-08-05,4.2284382967028,4.118874559965378,68.61,61.49,0.002191,0.000163,0.0,0.0,0.0021910604732691915,0.00016265452179570593,0.0,0.0020284059514734856,30000.0,1855000.0,3695819.7674999996,58620278.825,VAW,IYM,Materials
2010-08-06,4.225372824628505,4.118223836012044,68.4,61.45,-0.003061,-0.000651,0.0,0.0,-0.0030607783121992587,-0.0006505122784192552,0.0,-0.0024102660337800034,74400.0,1337200.0,3824468.4675,59816669.875,VAW,IYM,Materials
2010-08-09,4.230622180514649,4.123741539072888,68.76,61.79,0.005263,0.005533,0.0,0.0,0.005263157894736841,0.005532953620829943,0.0,-0.00026979572609310207,54400.0,210100.0,3906001.7674999996,58419829.275,VAW,IYM,Materials
2010-08-10,4.219507705176107,4.111693200556713,68.0,61.05,-0.011053,-0.011976,0.0,0.0,-0.011052937754508562,-0.011976047904191617,0.0,0.0009231101496830554,55600.0,909300.0,3888341.2424999997,59606108.025,VAW,IYM,Materials
2010-08-11,4.186011750747925,4.077028840012413,65.76,58.97,-0.032941,-0.03407,0.0,0.0,-0.032941176470588106,-0.03407043407043407,0.0,0.0011292575998459661,331300.0,804300.0,4867512.6425,60290554.725,VAW,IYM,Materials
2010-08-12,4.190412030968334,4.0809215418899605,66.05,59.2,0.00441,0.0039,0.0,0.0,0.004409975669099621,0.0039002882821773783,0.0,0.0005096873869222429,100700.0,588500.0,5061851.7924999995,60093118.525,VAW,IYM,Materials
2010-08-13,4.185098925490565,4.075841090657541,65.7,58.9,-0.005299,-0.005068,0.0,0.0,-0.005299015897047691,-0.005067567567567568,0.0,-0.0002314483294801233,54400.0,393300.0,5062800.1925,59591902.625,VAW,IYM,Materials
2010-08-16,4.189654742026425,4.080752608702634,66.0,59.19,0.004566,0.004924,0.0,0.0,0.0045662100456621,0.004923599320882852,0.0,-0.00035738927522075206,34400.0,385700.0,5073129.342499999,59617928.975,VAW,IYM,Materials
2010-08-17,4.214790715297968,4.105119635390059,67.68,60.65,0.025455,0.024666,0.0,0.0,0.025454545454545587,0.024666328771751986,0.0,0.0007882166827936007,44800.0,536800.0,5065865.7425,59015105.975,VAW,IYM,Materials
2010-08-18,4.2181832991257,4.108740442505833,67.91,60.87,0.003398,0.003627,0.0,0.0,0.0033983451536641713,0.0036273701566364386,0.0,-0.00022902500297226729,66700.0,390400.0,5163243.2924999995,56576729.725,VAW,IYM,Materials
2010-08-19,4.195395806291828,4.087487774758888,66.38,59.59,-0.02253,-0.021028,0.0,0.0,-0.022529818877926797,-0.021028421225562675,0.0,-0.0015013976523641226,66700.0,491700.0,5180989.592499999,54206075.025,VAW,IYM,Materials
2010-08-20,4.191924890560965,4.0809215418899605,66.15,59.2,-0.003465,-0.006545,0.0,0.0,-0.003464899065983464,-0.0065447222688370535,0.0,0.0030798232028535896,52800.0,295700.0,5149167.1925,52600160.625,VAW,IYM,Materials
2010-08-23,4.180980868881647,4.070564033556697,65.43,58.59,-0.010884,-0.010304,0.0,0.0,-0.010884353741496598,-0.010304054054054055,0.0,-0.0005802996874425433,49800.0,420700.0,5040330.1925,52159219.275,VAW,IYM,Materials
2010-08-24,4.159039321153912,4.0439280763080845,64.01,57.05,-0.021703,-0.026284,0.0,0.0,-0.02170258291303683,-0.026284348864994027,0.0,0.004581765951957195,71500.0,653600.0,5097005.9425,48321911.675,VAW,IYM,Materials
2010-08-25,4.162470391269701,4.045504396802627,64.23,57.14,0.003437,0.001578,0.0,0.0,0.00343696297453509,0.0015775635407537247,0.0,0.0018593994337813655,97900.0,1214600.0,5233549.6925,45324354.225,VAW,IYM,Materials
2010-08-26,4.162470391269701,4.0444537926086355,64.23,57.08,0.0,-0.00105,0.0,0.0,0.0,-0.0010500525026251313,0.0,0.0010500525026251313,45100.0,1402700.0,5159756.1425,43647071.225,VAW,IYM,Materials
2010-08-27,4.190714786041794,4.076519977309548,66.07,58.94,0.028647,0.032586,0.0,0.0,0.028647049665265316,0.03258584442887176,0.0,-0.003938794763606444,54000.0,727100.0,4957736.5424999995,44244240.225,VAW,IYM,Materials
2010-08-30,4.1751562049585145,4.060787778693258,65.05,58.02,-0.015438,-0.015609,0.0,0.0,-0.015438171636143352,-0.015609093993892093,0.0,0.0001709223577487408,59800.0,261000.0,4791147.6425,42891878.225,VAW,IYM,Materials
2010-08-31,4.180139922385087,4.071928522937768,65.375,58.67,0.004996,0.011203,-26150000.0,55736500.0,-0.05464753202854686,0.11023838207230355,-81886500.0,-0.1648859141008504,125400.0,452500.0,5010137.0,40698230.95,VAW,IYM,Materials
2010-09-01,4.2110900227464905,4.105614154480332,67.43,60.68,0.031434,0.03426,0.0,0.0,0.03143403441682615,0.034259417078575084,0.0,-0.0028253826617489347,58800.0,444600.0,5053661.6,40952495.95,VAW,IYM,Materials
2010-09-02,4.223177434065069,4.11561669749764,68.25,61.29,0.012161,0.010053,0.0,0.0,0.012160759305946766,0.01005273566249176,0.0,0.002108023643455007,25400.0,179600.0,5037424.1,35799682.65,VAW,IYM,Materials
2010-09-03,4.234975691961846,4.127456913672303,69.06,62.02,0.011868,0.011911,0.0,0.0,0.011868131868131869,0.011910589003100016,0.0,-4.245713496814699e-05,63300.0,271400.0,5001551.0,32532747.05,VAW,IYM,Materials
2010-09-07,4.225957449023992,4.119037174812473,68.44,61.5,-0.008978,-0.008384,0.0,0.0,-0.008977700550246163,-0.00838439213157046,0.0,-0.0005933084186757025,27100.0,320700.0,4907260.0,32869795.6,VAW,IYM,Materials
2010-09-08,4.232075457910378,4.127295662361787,68.86,62.01,0.006137,0.008293,0.0,0.0,0.0061367621274108705,0.008292682926829269,0.0,-0.002155920799418398,30400.0,166600.0,4822887.2,30610700.65,VAW,IYM,Materials
2010-09-09,4.230040277676,4.120174738923119,68.72,61.57,-0.002033,-0.007096,0.0,0.0,-0.0020331106593087424,-0.007095629737139171,0.0,0.005062519077830428,38700.0,934000.0,3866546.0,31114541.1,VAW,IYM,Materials
2010-09-10,4.2354100025007035,4.126166174545057,69.09,61.94,0.005384,0.006009,0.0,0.0,0.005384167636786961,0.006009420172161767,0.0,-0.0006252525353748059,36600.0,229200.0,3660418.95,30082413.5,VAW,IYM,Materials
2010-09-13,4.252344965204106,4.143610803525019,70.27,63.03,0.017079,0.017598,0.0,0.0,0.01707917209436966,0.01759767516951889,0.0,-0.0005185030751492271,31900.0,553000.0,3593795.6,30666924.5,VAW,IYM,Materials
2010-09-14,4.251775570170929,4.142975983633837,70.23,62.99,-0.000569,-0.000635,0.0,0.0,-0.0005692329585883023,-0.0006346184356655561,0.0,6.538547707725384e-05,54700.0,1434300.0,3672354.65,34042773.2,VAW,IYM,Materials
2010-09-15,4.2510633701550695,4.1418640781900775,70.18,62.92,-0.000712,-0.001111,0.0,0.0,-0.0007119464616259519,-0.001111287505953326,0.0,0.0003993410443273741,25300.0,1169600.0,3609529.15,36094488.8,VAW,IYM,Materials
2010-09-16,4.255612709818223,4.150882413182359,70.5,63.49,0.00456,0.009059,0.0,0.0,0.004559703619264614,0.009059122695486331,0.0,-0.0044994190762217175,42700.0,1185200.0,3533566.8,38668723.8,VAW,IYM,Materials
2010-09-17,4.255470855785784,4.150567353318379,70.49,63.47,-0.000142,-0.000315,0.0,0.0,-0.00014184397163133903,-0.00031501023783272954,0.0,0.0001731662662013905,54500.0,346900.0,3504274.75,38304590.8,VAW,IYM,Materials
2010-09-20,4.2631023230097185,4.161691635681711,71.03,64.18,0.007661,0.011186,0.0,0.0,0.007660661086679096,0.011186387269576353,0.0,-0.003525726182897257,23500.0,470600.0,3413099.0,38939474.2,VAW,IYM,Materials
2010-09-21,4.257879641930999,4.158101528024852,70.66,63.95,-0.005209,-0.003584,0.0,0.0,-0.005209066591581022,-0.003583670925522143,0.0,-0.001625395666058879,83500.0,952100.0,3545183.8,40751373.3,VAW,IYM,Materials
2010-09-22,4.259576474917317,4.162158961805957,70.78,64.21,0.001698,0.004066,0.0,0.0,0.0016982734220209455,0.004065676309616713,0.0,-0.002367402887595768,36800.0,1515100.0,3446583.25,43751207.849999994,VAW,IYM,Materials
2010-09-23,4.249494742382442,4.150567353318379,70.07,63.47,-0.010031,-0.008087,0.0,0.0,-0.010031082226617822,-0.011524684628562357,0.0,0.001493602401944535,33000.0,765800.0,3247792.9,42711361.95,VAW,IYM,Materials
2010-09-24,4.273884476054178,4.173309766520395,71.8,64.93,0.02469,0.023003,0.0,0.0,0.024689596118167685,0.023002993540255416,0.0,0.001686602577912269,32600.0,271600.0,3219988.25,39589805.55,VAW,IYM,Materials
2010-09-27,4.26955757977876,4.170379248498098,71.49,64.74,-0.004318,-0.002926,0.0,0.0,-0.004317548746518237,-0.0029262282458033446,0.0,-0.0013913205007148924,106500.0,1176500.0,3422283.5,41255372.35,VAW,IYM,Materials
2010-09-28,4.272490747605575,4.17638527255831,71.7,65.13,0.002937,0.006024,0.0,0.0,0.002937473772555734,0.006024096385542169,0.0,-0.003086622612986435,57400.0,1592000.0,3433563.0,45682559.35,VAW,IYM,Materials
2010-09-29,4.264790324535862,4.171768459186905,71.15,64.83,-0.007671,-0.004606,0.0,0.0,-0.007670850767084946,-0.004606172270842929,0.0,-0.0030646784962420166,59200.0,682700.0,3234265.75,46568122.65,VAW,IYM,Materials
2010-09-30,4.2612704335380815,4.168059600044382,70.9,64.59,-0.003514,-0.003702,141800.0,32295000.0,-0.0031993544539793517,0.04307256464903877,-32153200.0,-0.046271919103018117,51200.0,628000.0,3217525.55,47247332.25,VAW,IYM,Materials
2010-10-01,4.272351267864781,4.182965753875629,71.69,65.56,0.011143,0.015018,0.0,0.0,0.011142454160789711,0.015017804613717293,0.0,-0.0038753504529275822,50000.0,378800.0,3310073.05,47938654.45,VAW,IYM,Materials
2010-10-04,4.258304120182863,4.166355098198373,70.69,64.48,-0.013949,-0.016473,0.0,0.0,-0.013948946854512484,-0.01647345942647956,0.0,0.0025245125719670757,43600.0,742600.0,3245602.35,49491185.45,VAW,IYM,Materials
2010-10-05,4.285378059618076,4.195245147157833,72.63,66.37,0.027444,0.029311,0.0,0.0,0.0274437685669826,0.029311414392059552,0.0,-0.0018676458250769523,51800.0,621500.0,3340977.85,50567480.7,VAW,IYM,Materials
2010-10-06,4.2922386792828595,4.204692619390966,73.13,67.0,0.006884,0.009492,0.0,0.0,0.006884207627702052,0.009492240470091909,0.0,-0.0026080328423898572,47900.0,1175800.0,3411457.0,53989867.4,VAW,IYM,Materials
2010-10-07,4.28496492183075,4.19614876167715,72.6,66.43,-0.007247,-0.008507,0.0,0.0,-0.007247367701353882,-0.008507462686567005,0.0,0.0012600949852131227,54900.0,388800.0,3477770.8,52405947.6,VAW,IYM,Materials
2010-10-08,4.30406509320417,4.2181832991257,74.0,67.91,0.019284,0.022279,0.0,0.0,0.01928374655647396,0.022279090772241293,0.0,-0.0029953442157673316,65400.0,477800.0,3593316.1,53318485.1,VAW,IYM,Materials
2010-10-11,4.304200219209375,4.21803603456465,74.01,67.9,0.000135,-0.000147,0.0,0.0,0.00013513513513526215,-0.00014725371815622602,0.0,0.0002823888532914882,54900.0,319400.0,3684392.9,52660068.6,VAW,IYM,Materials
2010-10-12,4.306090068583941,4.218772140597153,74.15,67.95,0.001892,0.000736,0.0,0.0,0.0018916362653695444,0.0007363770250366613,0.0,0.001155259240332883,37500.0,599400.0,3631345.1,50179202.25,VAW,IYM,Materials
2010-10-13,4.323205073865539,4.23410650459726,75.43,69.0,0.017262,0.015453,0.0,0.0,0.01726230613621038,0.01545253863134658,0.0,0.0018097675048638021,60000.0,932800.0,3768857.4,49717800.65,VAW,IYM,Materials
2010-10-14,4.314416735011824,4.2255190127729065,74.77,68.41,-0.00875,-0.008551,0.0,0.0,-0.008749834283441725,-0.008550724637681159,0.0,-0.00019910964576056595,56900.0,575800.0,3831060.55,47924907.15,VAW,IYM,Materials
2010-10-15,4.317621437981545,4.224787858247391,75.01,68.36,0.00321,-0.000731,0.0,0.0,0.0032098435201285192,-0.000730887297178775,0.0,0.003940730817307295,57700.0,3941500.0,3855379.15,60296067.0,VAW,IYM,Materials
2010-10-18,4.320151230955794,4.2287297569205435,75.2,68.63,0.002533,0.00395,0.0,0.0,0.0025329956005864626,0.003949678174370978,0.0,-0.001416682573784515,67200.0,1356300.0,4024590.9,63440055.05,VAW,IYM,Materials
2010-10-19,4.297965447047447,4.199905057882593,73.55,66.68,-0.021941,-0.028413,0.0,0.0,-0.021941489361702128,-0.028413230365729118,0.0,0.00647174100402699,68200.0,910900.0,3980390.9,63432655.9,VAW,IYM,Materials
2010-10-20,4.318287793706875,4.222884350827332,75.06,68.23,0.02053,0.023245,0.0,0.0,0.02053025152957172,0.023245350929813873,0.0,-0.002715099400242154,61100.0,1007100.0,4079464.0,62004149.0,VAW,IYM,Materials
2010-10-21,4.3169559719741,4.222004585374694,74.9601,68.17,-0.001331,-0.000879,0.0,0.0,-0.0013309352517985862,-0.0008793785724754507,0.0,-0.0004515566793231355,40900.0,1094100.0,4117141.9045,63303122.55,VAW,IYM,Materials
2010-10-22,4.311470041210748,4.215972050343799,74.55,67.76,-0.005471,-0.006014,0.0,0.0,-0.0054709105243989555,-0.006014375825143025,0.0,0.0005434653007440693,39400.0,510000.0,4146971.4045,64149253.15,VAW,IYM,Materials
2010-10-25,4.3294166844015844,4.233961566558017,75.9,68.99,0.018109,0.018152,0.0,0.0,0.01810865191146894,0.018152302243211335,0.0,-4.3650331742396686e-05,93000.0,1185200.0,4119222.1545,64429270.05,VAW,IYM,Materials
2010-10-26,4.327174383125731,4.233816607508695,75.73,68.98,-0.00224,-0.000145,0.0,0.0,-0.002239789196311059,-0.00014494854326714017,0.0,-0.0020948406530439186,47600.0,1017200.0,4093680.5545,62753244.85,VAW,IYM,Materials
2010-10-27,4.319885238136032,4.222297926532561,75.18,68.19,-0.007263,-0.011453,0.0,0.0,-0.007262643602271103,-0.011452594955059438,0.0,0.004189951352788335,59100.0,1618200.0,4105233.4545,66057525.7,VAW,IYM,Materials
2010-10-28,4.317221411307766,4.222004585374694,74.98,68.17,-0.00266,-0.000293,0.0,0.0,-0.0026602819898910533,-0.0002932981375568265,0.0,-0.0023669838523342267,23300.0,385200.0,4011081.1545,65342353.9,VAW,IYM,Materials
2010-10-29,4.326117440234365,4.228875455179707,75.65,68.64,0.008936,0.006895,7565000.000000001,96096000.0,0.024844510202195115,0.13332074719558265,-88531000.0,-0.10847623699338754,41500.0,344800.0,3988829.9045,65284001.1,VAW,IYM,Materials
2010-11-01,4.325853029867938,4.2310583855379225,75.63,68.79,-0.000264,0.002185,0.0,0.0,-0.0002643754130867052,0.002185314685314824,0.0,-0.002449690098401529,71800.0,692300.0,4106237.4045,65271024.55,VAW,IYM,Materials
2010-11-02,4.335851797553269,4.23945449739721,76.39,69.37,0.010049,0.008431,0.0,0.0,0.01004892238529684,0.008431458060764507,0.0,0.0016174643245323323,63200.0,1375300.0,4159518.1045000004,67978804.85,VAW,IYM,Materials
2010-11-03,4.333623895445714,4.236567242612494,76.22,69.17,-0.002225,-0.002883,0.0,0.0,-0.0022254221756774447,-0.0028830906732016724,0.0,0.0006576684975242277,76200.0,1035600.0,4274769.9545,67621497.45,VAW,IYM,Materials
2010-11-04,4.365516082546892,4.269277781231888,78.69,71.47,0.032406,0.033252,0.0,0.0,0.03240619260036736,0.0332514095706231,0.0,-0.0008452169702557397,113400.0,828100.0,4521655.2545,69289313.6,VAW,IYM,Materials
2010-11-05,4.368688070234701,4.277221520307755,78.94,72.04,0.003177,0.007975,0.0,0.0,0.003177023764137756,0.007975374282916042,0.0,-0.004798350518778286,112000.0,1228100.0,4721739.2545,72090559.9,VAW,IYM,Materials
2010-11-08,4.373238128640803,4.283448621312786,79.3,72.49,0.00456,0.006246,0.0,0.0,0.004560425639726374,0.00624652970571878,0.0,-0.0016861040659924059,80300.0,605500.0,4836971.304500001,73200831.65,VAW,IYM,Materials
2010-11-09,4.356324137321509,4.264087336809195,77.97,71.1,-0.016772,-0.019175,0.0,0.0,-0.016771752837326608,-0.019175058628776387,0.0,0.0024033057914497787,98600.0,552600.0,5082332.1545,73128863.15,VAW,IYM,Materials
2010-11-10,4.362843815257108,4.273187854639731,78.48,71.75,0.006541,0.009142,0.0,0.0,0.006540977298961139,0.00914205344585105,0.0,-0.0026010761468899107,61100.0,595800.0,5095798.554500001,72048135.65,VAW,IYM,Materials
2010-11-11,4.370586444531326,4.284000269375321,79.09,72.53,0.007773,0.010871,0.0,0.0,0.0077726809378185525,0.010871080139372822,0.0,-0.0030983992015542697,61100.0,602000.0,5124697.8545,72261764.75,VAW,IYM,Materials
2010-11-12,4.347305781945493,4.259011183777335,77.27,70.74,-0.023012,-0.02468,0.0,0.0,-0.02301175875584777,-0.024679442989108086,0.0,0.0016676842332603165,57800.0,1230600.0,5131604.304500001,63142349.95,VAW,IYM,Materials
2010-11-15,4.3400320779712045,4.251775570170929,76.71,70.23,-0.007247,-0.007209,0.0,0.0,-0.007247314611104041,-0.007209499575911656,0.0,-3.781503519238467e-05,33600.0,454800.0,5007805.1045,60085236.7,VAW,IYM,Materials
2010-11-16,4.3185542117183084,4.22683374526818,75.08,68.5,-0.021249,-0.024633,0.0,0.0,-0.021248859340372715,-0.024633347572262567,0.0,0.0033844882318898525,97000.0,1828500.0,5121137.6045,63310908.6,VAW,IYM,Materials
2010-11-17,4.318820558770089,4.229166788029546,75.1,68.66,0.000266,0.002336,0.0,0.0,0.00026638252530621667,0.0023357664233576644,0.0,-0.0020693838980514476,60100.0,602200.0,5117504.804500001,61942539.55,VAW,IYM,Materials
2010-11-18,4.33872761652873,4.251775570170929,76.61,70.23,0.020107,0.022866,0.0,0.0,0.020106524633821697,0.02286629769880571,0.0,-0.0027597730649840113,57300.0,736000.0,5183699.05,60797763.7,VAW,IYM,Materials
2010-11-19,4.34536265030229,4.2626798770413155,77.12,71.0,0.006657,0.010964,0.0,0.0,0.0066570943741025975,0.01096397550904172,0.0,-0.004306881134939122,89900.0,628200.0,5383489.95,61299993.7,VAW,IYM,Materials
2010-11-22,4.350195352304171,4.26507138131118,77.4936,71.17,0.004844,0.002394,0.0,0.0,0.004844398340248939,0.0023943661971830986,0.0,0.0024500321430658404,81900.0,435200.0,5347891.242000001,58760305.5,VAW,IYM,Materials
2010-11-23,4.334017415487521,4.246206911531347,76.25,69.84,-0.016048,-0.018688,0.0,0.0,-0.01604777684866877,-0.01868764929043136,0.0,0.0026398724417625898,46100.0,375900.0,5343410.092,56564625.5,VAW,IYM,Materials
2010-11-24,4.35182512594076,4.265352359115782,77.62,71.19,0.017967,0.01933,0.0,0.0,0.017967213114754098,0.019329896907216496,0.0,-0.0013626837924623977,26100.0,450100.0,5222547.292,52649503.550000004,VAW,IYM,Materials
2010-11-26,4.3419855851366975,4.253340627045836,76.86,70.34,-0.009791,-0.01194,0.0,0.0,-0.00979129090440608,-0.011939879196516364,0.0,0.0021485882921102838,14000.0,229200.0,5188997.592,52142645.75,VAW,IYM,Materials
2010-11-29,4.3435456478556,4.257596556295705,76.98,70.64,0.001561,0.004265,0.0,0.0,0.00156128024980484,0.004264998578333807,0.0,-0.002703718328528967,44000.0,723400.0,5201379.842,53514340.95,VAW,IYM,Materials
2010-11-30,4.342895917470844,4.25589635752967,76.93,70.52,-0.00065,-0.001699,23079000.000000004,105780000.0,0.045889621313881995,0.11762011974751052,-82701000.0,-0.07173049843362853,35800.0,1945600.0,5067572.842,57993360.7,VAW,IYM,Materials
2010-12-01,4.369574426734642,4.282758633015213,79.01,72.44,0.027038,0.027226,0.0,0.0,0.027037566619004288,0.027226318774815655,0.0,-0.00018875215581136764,45100.0,771400.0,5004347.992000001,56017143.45,VAW,IYM,Materials
2010-12-02,4.382901252084542,4.298237333944173,80.07,73.57,0.013416,0.015599,0.0,0.0,0.013416023288191255,0.015599116510215234,0.0,-0.0021830932220239796,90100.0,1596400.0,5074665.142,58307878.25,VAW,IYM,Materials
2010-12-03,4.392348183745753,4.308783672906164,80.83,74.35,0.009492,0.010602,0.0,0.0,0.009491694767078807,0.010602147614516787,0.0,-0.0011104528474379805,79200.0,478300.0,4948579.642,57126743.15,VAW,IYM,Materials
2010-12-06,4.393831680123644,4.312676556539088,80.95,74.64,0.001485,0.0039,0.0,0.0,0.0014845973029815663,0.003900470746469516,0.0,-0.0024158734434879497,161600.0,409900.0,5160591.642,54232873.75,VAW,IYM,Materials
2010-12-07,4.393337425819748,4.311335894051113,80.91,74.54,-0.000494,-0.00134,0.0,0.0,-0.0004941321803582458,-0.0013397642015004223,0.0,0.0008456320211421765,119700.0,849900.0,5326448.492000001,55205816.3,VAW,IYM,Materials
2010-12-08,4.385146762010125,4.300680995219929,80.25,73.75,-0.008157,-0.010598,0.0,0.0,-0.008157211716722283,-0.010598336463643793,0.0,0.00244112474692151,95300.0,442800.0,5324447.642,54874148.3,VAW,IYM,Materials
2010-12-09,4.388753955423308,4.3052805704285655,80.54,74.09,0.003614,0.00461,0.0,0.0,0.0036137071651090344,0.0046101694915254236,0.0,-0.0009964623264163892,77600.0,560400.0,5397186.442,54812717.6,VAW,IYM,Materials
2010-12-10,4.397899983830172,4.31508522892,81.28,74.82,0.009188,0.009853,0.0,0.0,0.009187981127390117,0.00985288163044934,0.0,-0.0006649005030592223,76500.0,367700.0,5466462.492000001,54005130.3,VAW,IYM,Materials
2010-12-13,4.401338945706255,4.318287793706875,81.56,75.06,0.003445,0.003208,0.0,0.0,0.0034448818897637795,0.0032076984763433373,0.0,0.00023718341342044216,97200.0,694200.0,5639533.792,52257830.699999996,VAW,IYM,Materials
2010-12-14,4.403176393396616,4.3178880335576375,81.71,75.03,0.001839,-0.0004,0.0,0.0,0.0018391368317802845,-0.0003996802557953637,0.0,0.0022388170875756483,91400.0,339300.0,5884075.692,51933684.449999996,VAW,IYM,Materials
2010-12-15,4.396792086874355,4.309859086371819,81.19,74.43,-0.006364,-0.007997,0.0,0.0,-0.006363970138293967,-0.007996801279488092,0.0,0.0016328311411941254,112800.0,563200.0,5977849.292,47767020.74999999,VAW,IYM,Materials
2010-12-16,4.40562108352751,4.316821224548606,81.91,74.95,0.008868,0.006986,0.0,0.0,0.008868087202857495,0.00698643020287507,0.0,0.0018816569999824248,54500.0,812200.0,5975378.542,48743387.64999999,VAW,IYM,Materials
2010-12-17,4.41267707387264,4.323470185213858,82.49,75.45,0.007081,0.006671,0.0,0.0,0.007080942497863509,0.0066711140760507,0.0,0.00040982842181280874,44400.0,660800.0,5939018.692,48651791.64999999,VAW,IYM,Materials
2010-12-20,4.415521853807676,4.3295484280286765,82.725,75.91,0.002849,0.006097,0.0,0.0,0.0028488301612316644,0.006096752816434725,0.0,-0.0032479226552030605,83400.0,286800.0,5937327.541999999,47510231.05,VAW,IYM,Materials
2010-12-21,4.426402307393435,4.341725337900356,83.63,76.84,0.01094,0.012251,0.0,0.0,0.010939860985191901,0.01225135028323014,0.0,-0.001311489298038239,96900.0,257500.0,6025178.6,46950886.849999994,VAW,IYM,Materials
2010-12-22,4.404277243608702,4.336506119372072,81.8,76.44,-0.000311,-0.001019,0.0,0.0,-0.021882099724979075,-0.0052056220718375845,0.0,-0.01667647765314149,99100.0,222600.0,6254741.35,46489021.24999999,VAW,IYM,Materials
2010-12-23,4.406231323370699,4.340683671139499,81.96,76.76,0.001956,0.004186,0.0,0.0,0.0019559902200488996,0.004186289900575615,0.0,-0.0022302996805267155,61000.0,150100.0,6403425.249999999,45462974.099999994,VAW,IYM,Materials
2010-12-27,4.40562108352751,4.338597076746545,81.91,76.6,-0.00061,-0.002084,0.0,0.0,-0.0006100536847242558,-0.0020844189682126106,0.0,0.0014743652834883548,60100.0,80800.0,6595762.799999999,44966341.699999996,VAW,IYM,Materials
2010-12-28,4.407816206360175,4.3408139388398075,82.09,76.77,0.002197,0.002219,0.0,0.0,0.0021975338786472958,0.0022193211488250653,0.0,-2.1787270177769588e-05,68400.0,146000.0,6707154.6,42971713.89999999,VAW,IYM,Materials
2010-12-29,4.413646418429337,4.346787982581173,82.57,77.23,0.005847,0.005992,0.0,0.0,0.005847240833231819,0.00599192392861795,0.0,-0.0001446830953861309,100500.0,137800.0,6984364.15,36643643.0,VAW,IYM,Materials
2010-12-30,4.414009680526933,4.348340577019075,82.6,77.35,0.000363,0.001554,0.0,0.0,0.00036332808526099065,0.0015538003366567395,0.0,-0.001190472251395749,68900.0,90000.0,7090753.6,34197707.2,VAW,IYM,Materials
2010-12-31,4.414009680526933,4.349761674086606,82.6,77.46,0.0,0.001422,58150399.99999999,23237999.999999996,0.10442005339661821,0.022804785752242315,34912400.0,0.08161526764437589,71100.0,257300.0,7023681.25,29321872.7,VAW,IYM,Materials
2011-01-03,4.4217880669968155,4.359269647551265,83.245,78.2,0.007809,0.009553,0.0,0.0,0.007808716707021792,0.009553317841466564,0.0,-0.0017446011344447714,188200.0,596600.0,7486929.9,29876498.45,VAW,IYM,Materials
2011-01-04,4.414493824811383,4.3522115495946965,82.64,77.65,-0.007268,-0.007033,0.0,0.0,-0.007267703765991952,-0.007033248081841432,0.0,-0.00023445568415051982,140600.0,746000.0,7413813.1,31243096.65,VAW,IYM,Materials
2011-01-05,4.416186486320586,4.3551691805039985,82.78,77.88,0.001694,0.002962,0.0,0.0,0.0016940948693126815,0.002962009014810045,0.0,-0.0012679141454973635,124200.0,530800.0,7443630.55,30142454.55,VAW,IYM,Materials
2011-01-06,4.412070756022258,4.347305781945493,82.44,77.27,-0.004107,-0.007833,0.0,0.0,-0.004107272287992268,-0.00783256291730868,0.0,0.0037252906293164115,104000.0,477100.0,7489927.3,30352905.4,VAW,IYM,Materials
2011-01-07,4.409884962802278,4.344843843546165,82.26,77.08,-0.002183,-0.002459,0.0,0.0,-0.002183406113537118,-0.0024589103144816876,0.0,0.0002755042009445698,202800.0,687800.0,8011548.5,30927684.8,VAW,IYM,Materials
2011-01-10,4.411464070327499,4.346269914961763,82.39,77.19,0.00158,0.001427,0.0,0.0,0.0015803549720398735,0.001427088738972496,0.0,0.00015326623306737746,86000.0,327800.0,8054929.5,30817263.2,VAW,IYM,Materials
2011-01-11,4.41968362585098,4.358374106008653,83.07,78.13,0.008253,0.012178,0.0,0.0,0.008253428814176478,0.01217774323098847,0.0,-0.003924314416811991,48100.0,634700.0,7858331.25,30691386.15,VAW,IYM,Materials
2011-01-12,4.430578675256047,4.3651347670036635,83.98,78.66,0.010955,0.006784,0.0,0.0,0.010954616588419406,0.006783565851785486,0.0,0.00417105073663392,87900.0,631800.0,7854008.65,31903371.6,VAW,IYM,Materials
2011-01-13,4.423048609196803,4.357733942104837,83.35,78.08,-0.007502,-0.007374,0.0,0.0,-0.007501786139557038,-0.00737350622934147,0.0,-0.0001282799102155681,124000.0,891300.0,7912867.05,33287058.0,VAW,IYM,Materials
2011-01-14,4.424726864205909,4.35491234218231,83.49,77.86,0.00168,-0.002818,0.0,0.0,0.0016796640671865627,-0.0028176229508196722,0.0,0.0044972870180062345,93000.0,314300.0,8077890.8,31466908.4,VAW,IYM,Materials
2011-01-18,4.431887653844806,4.362716386139382,84.09,78.47,0.007186,0.007835,0.0,0.0,0.007186489399928135,0.007834574877986129,0.0,-0.0006480854780579939,93900.0,334200.0,8289565.55,30285274.1,VAW,IYM,Materials
2011-01-19,4.406231323370699,4.336506119372072,81.96,76.44,-0.02533,-0.02587,0.0,0.0,-0.025330003567606136,-0.025869759143621766,0.0,0.0005397555760156304,99200.0,746400.0,8351123.9,32049465.5,VAW,IYM,Materials
2011-01-20,4.391110253406924,4.321480134805848,80.73,75.3,-0.015007,-0.014914,0.0,0.0,-0.015007320644216691,-0.014913657770800628,0.0,-9.3662873416063e-05,80200.0,800300.0,8269663.85,34073280.0,VAW,IYM,Materials
2011-01-21,4.388505600771591,4.3154861108656375,80.52,74.85,-0.002601,-0.005976,0.0,0.0,-0.002601263470828688,-0.00597609561752988,0.0,0.0033748321467011923,58600.0,297300.0,8100268.45,34335148.05,VAW,IYM,Materials
2011-01-24,4.400603020246817,4.327042326341122,81.5,75.72,0.012171,0.011623,0.0,0.0,0.012170889220069548,0.011623246492985972,0.0,0.0005476427270835766,67000.0,331600.0,8123315.45,35014501.85,VAW,IYM,Materials
2011-01-25,4.402441819416474,4.326513924743623,81.65,75.68,0.001841,-0.000528,0.0,0.0,0.0018404907975460123,-0.0005282620179609086,0.0,0.0023687528155069207,75400.0,742600.0,8184996.4,37515036.25000001,VAW,IYM,Materials
2011-01-26,4.424007956913983,4.350793932242783,83.43,77.54,0.0218,0.024577,0.0,0.0,0.02180036742192284,0.024577167019027485,0.0,-0.0027767995971046434,76300.0,489500.0,8222534.05,38852406.75000001,VAW,IYM,Materials
2011-01-27,4.417514427603435,4.341595188879544,82.89,76.83,-0.006473,-0.009157,0.0,0.0,-0.006472491909385114,-0.009156564353881867,0.0,0.0026840724444967537,103800.0,523100.0,8237818.9,40329780.7,VAW,IYM,Materials
2011-01-28,4.402074329977659,4.3295484280286765,81.62,75.91,-0.015322,-0.011975,0.0,0.0,-0.01532151043551695,-0.011974489131849538,0.0,-0.0033470213036674128,108000.0,559200.0,8394009.9,42104149.300000004,VAW,IYM,Materials
2011-01-31,4.415944852877343,4.346010780469512,82.76,77.17,0.013967,0.016599,24828000.0,30868000.0,0.054819991861026936,0.044935846915726815,-6040000.0,0.00988414494530012,102400.0,619900.0,8524098.1,43499510.550000004,VAW,IYM,Materials
2011-02-01,4.442886522930644,4.373616367313912,85.02,79.33,0.027308,0.02799,0.0,0.0,0.027307878202029966,0.02799015161332124,0.0,-0.0006822734112912725,100200.0,644200.0,8166712.85,43722023.85000001,VAW,IYM,Materials
2011-02-02,4.4398237334000985,4.371471120734365,84.76,79.16,-0.003058,-0.002143,0.0,0.0,-0.0030581039755351682,-0.0021429471826547334,0.0,-0.0009151567928804348,58900.0,630900.0,7835371.85,43322781.05,VAW,IYM,Materials
2011-02-03,4.442791246691231,4.372733587762289,85.0119,79.26,0.002972,0.001263,0.0,0.0,0.002971920717319454,0.0012632642748863063,0.0,0.0017086564424331479,71000.0,497500.0,7623100.295,43227438.35,VAW,IYM,Materials
2011-02-04,4.443356889825488,4.370712874773608,85.06,79.1,0.000566,-0.002019,0.0,0.0,0.0005658031405015425,-0.0020186727226848347,0.0,0.002584475863186377,246600.0,274600.0,8243202.094999999,42470205.5,VAW,IYM,Materials
2011-02-07,4.4487502667167895,4.373868446972418,85.52,79.35,0.005408,0.003161,0.0,0.0,0.005407947331295556,0.0031605562579013905,0.0,0.0022473910733941654,146300.0,545600.0,8034664.494999999,41984092.3,VAW,IYM,Materials
2011-02-08,4.4533235165559155,4.379147493923038,85.912,79.77,0.004584,0.005293,0.0,0.0,0.004583723105706267,0.005293005671077505,0.0,-0.000709282565371238,96400.0,659500.0,8094483.334999999,43349363.95,VAW,IYM,Materials
2011-02-09,4.443121734033692,4.365643155423357,85.04,78.7,-0.01015,-0.013414,0.0,0.0,-0.010149920849241083,-0.013413563996489908,0.0,0.0032636431472488243,94600.0,521600.0,8296939.185,42922404.4,VAW,IYM,Materials
2011-02-10,4.446994751022215,4.3711426180718025,85.37,79.134,0.003881,0.005515,0.0,0.0,0.0038805268109125116,0.005514612452350699,0.0,-0.0016340856414381873,120700.0,414400.0,8443055.035,42077191.48,VAW,IYM,Materials
2011-02-11,4.453067407778134,4.376762804998783,85.89,79.58,0.006091,0.005636,0.0,0.0,0.0060911327164109175,0.005636009806151591,0.0,0.00045512291025932676,48300.0,329400.0,8133709.385,39908238.879999995,VAW,IYM,Materials
2011-02-14,4.463721822403716,4.391357962102766,86.81,80.75,0.010711,0.014702,0.0,0.0,0.0107113750145535,0.014702186479014829,0.0,-0.003990811464461329,73600.0,362700.0,8064941.685,40149070.23,VAW,IYM,Materials
2011-02-15,4.454114711068136,4.384772860341907,85.98,80.22,-0.009561,-0.006563,0.0,0.0,-0.009561110471143877,-0.006563467492260062,0.0,-0.002997642978883815,65000.0,333500.0,7949574.135,40175505.029999994,VAW,IYM,Materials
2011-02-16,4.467055735752172,4.395312978999615,87.0999,81.07,0.013025,0.010596,0.0,0.0,0.01302512212142373,0.010595861381201695,0.0,0.0024292607402220355,84900.0,445200.0,7912791.610499999,39127382.42999999,VAW,IYM,Materials
2011-02-17,4.475744638547633,4.402809173856411,87.86,81.68,0.008727,0.007524,0.0,0.0,0.008726760880322338,0.0075243616627605776,0.0,0.00120239921756176,222600.0,292300.0,8566946.110499999,37308006.129999995,VAW,IYM,Materials
2011-02-18,4.466367783107633,4.391122640299115,87.04,80.731,-0.009333,-0.011619,0.0,0.0,-0.00933302982016845,-0.011618511263467189,0.0,0.0022854814432987387,85000.0,450400.0,8700942.5105,38013423.0,VAW,IYM,Materials
2011-02-22,4.432363221562722,4.355810987855469,84.13,77.93,-0.033433,-0.034696,0.0,0.0,-0.033432904411764705,-0.0346954701415813,0.0,0.0012625657298165963,134400.0,751900.0,8993271.110499999,39687763.75,VAW,IYM,Materials
2011-02-23,4.4236471103232144,4.35259782398307,83.3999,77.68,-0.008678,-0.003208,0.0,0.0,-0.008678236063235506,-0.0032080071859360965,0.0,-0.005470228877299409,161200.0,1351900.0,9357653.8045,42128544.95,VAW,IYM,Materials
2011-02-24,4.419081542624893,4.348081978620944,83.02,77.33,-0.004555,-0.004506,0.0,0.0,-0.004555161337123869,-0.004505664263645726,0.0,-4.949707347814275e-05,78300.0,1362700.0,9364391.6545,45499633.0,VAW,IYM,Materials
2011-02-25,4.436988192747856,4.364117214130314,84.52,78.58,0.018068,0.016165,0.0,0.0,0.018067935437244036,0.016164489848700375,0.0,0.0019034455885436619,67000.0,513400.0,9217334.5545,45507292.95,VAW,IYM,Materials
2011-02-28,4.444884056054749,4.373238128640803,85.19,79.3,0.007927,0.009163,25727380.0,47580000.0,0.047224043944211196,0.0502133203342378,-21852620.0,-0.0029892763900266073,83400.0,330500.0,9131828.8545,44695281.85,VAW,IYM,Materials
2011-03-01,4.424487285862646,4.35259782398307,83.47,77.68,-0.02019,-0.020429,0.0,0.0,-0.020190163164690692,-0.02042875157629256,0.0,0.00023858841160186856,93300.0,1514300.0,9097485.2045,48184938.9,VAW,IYM,Materials
2011-03-02,4.4272389774954295,4.359525369327368,83.7,78.22,0.002755,0.006952,0.0,0.0,0.0027554810111417275,0.006951596292481977,0.0,-0.00419611528134025,47300.0,895700.0,8869485.5045,49132802.3,VAW,IYM,Materials
2011-03-03,4.4474631899580555,4.381776603418673,85.41,79.98,0.02043,0.022501,0.0,0.0,0.02043010752688172,0.02250063922270519,0.0,-0.0020705316958234687,51700.0,758700.0,8840652.1545,49669741.4,VAW,IYM,Materials
2011-03-04,4.442180557493629,4.374876130645041,84.96,79.43,-0.005269,-0.006877,0.0,0.0,-0.005268703898840885,-0.006876719179794949,0.0,0.0016080152809540638,77800.0,750100.0,8869354.3095,50677171.05,VAW,IYM,Materials
2011-03-07,4.424007956913983,4.35696520407851,83.43,78.02,-0.018009,-0.017752,0.0,0.0,-0.018008474576271187,-0.01775147928994083,0.0,-0.0002569952863303582,100400.0,1004800.0,8239383.1095,53510852.85,VAW,IYM,Materials
2011-03-08,4.433432422733782,4.364753306003425,84.22,78.63,0.009469,0.007819,0.0,0.0,0.009469015941507852,0.007818508074852602,0.0,0.00165050786665525,54400.0,973200.0,7842882.7095,55172320.65,VAW,IYM,Materials
2011-03-09,4.419081542624893,4.348599108561364,83.02,77.37,-0.014249,-0.016024,0.0,0.0,-0.014248397055331275,-0.016024418161007248,0.0,0.0017760211056759723,44800.0,820700.0,7614751.669500001,55716782.85,VAW,IYM,Materials
2011-03-10,4.394967538806682,4.32280727501391,81.042,75.4,-0.023826,-0.025462,0.0,0.0,-0.02382558419657914,-0.025462065400025848,0.0,0.0016364812034467095,101300.0,1908000.0,7622990.1995,60857446.85,VAW,IYM,Materials
2011-03-11,4.407767478166032,4.33729074083249,82.086,76.5,0.012882,0.014589,0.0,0.0,0.012882209224846376,0.014588859416445624,0.0,-0.0017066501915992474,105900.0,768300.0,7542427.619500001,62156537.870000005,VAW,IYM,Materials
2011-03-14,4.409763389645481,4.343285806357451,82.25,76.96,0.001998,0.006013,0.0,0.0,0.0019979046366006385,0.006013071895424837,0.0,-0.004015167258824198,93300.0,604800.0,7718699.5195,63173125.67,VAW,IYM,Materials
2011-03-15,4.4073288175361,4.340683671139499,82.05,76.76,-0.002432,-0.002599,0.0,0.0,-0.0024316109422492403,-0.002598752598752599,0.0,0.0001671416565033586,92200.0,620100.0,7777489.219500001,64088668.220000006,VAW,IYM,Materials
2011-03-16,4.388404999586275,4.326249619204883,80.5119,75.66,-0.018746,-0.01433,0.0,0.0,-0.018745886654479085,-0.0143303804064617,0.0,-0.004415506248017386,142900.0,1201800.0,8073311.745,67297409.12,VAW,IYM,Materials
2011-03-17,4.403054001865957,4.345103280569283,81.7,77.1,0.014757,0.019032,0.0,0.0,0.014756824767518951,0.0190325138778747,0.0,-0.00427568911035575,53000.0,543700.0,7920077.669500001,67588754.42,VAW,IYM,Materials
2011-03-18,4.410371107683024,4.348469851145039,82.3,77.36,0.007344,0.003372,0.0,0.0,0.0073439412484700125,0.0033722438391699094,0.0,0.003971697409300103,67300.0,636600.0,7219135.369499999,68857370.02000001,VAW,IYM,Materials
2011-03-21,4.428910220572732,4.366278277705742,83.84,78.75,0.018712,0.017968,0.0,0.0,0.018712029161603888,0.01796794208893485,0.0,0.0007440870726690384,53000.0,609800.0,7071391.369499999,69440395.4,VAW,IYM,Materials
2011-03-22,4.426163130161966,4.363608049149864,83.61,78.54,-0.002743,-0.002667,0.0,0.0,-0.0027433206106870227,-0.0026666666666666666,0.0,-7.665394402035612e-05,28100.0,748000.0,6623509.8195,69448013.05,VAW,IYM,Materials
2011-03-23,4.438525108579144,4.378520495344594,84.65,79.72,0.012439,0.015024,0.0,0.0,0.012438703504365507,0.01502419149477973,0.0,-0.0025854879904142238,50100.0,628600.0,6163354.8755,66702833.05,VAW,IYM,Materials
2011-03-24,4.4439445374888695,4.383525510797617,85.11,80.12,0.005434,0.005018,0.0,0.0,0.005434140578854105,0.005017561465127948,0.0,0.0004165791137261572,121600.0,843000.0,6355800.3755,64811011.5,VAW,IYM,Materials
2011-03-25,4.450152463721482,4.386889790339869,85.64,80.39,0.006227,0.005505,0.0,0.0,0.0062272353424979434,0.003369945082376435,0.0,0.0028572902601215083,72900.0,1215700.0,6384816.1755,67680369.05,VAW,IYM,Materials
2011-03-28,4.445236148071766,4.380024632003209,85.22,79.84,-0.004904,-0.006842,0.0,0.0,-0.004904250350303597,-0.006841646971016296,0.0,0.0019373966207126992,90700.0,2212700.0,6416046.5755,75203034.95,VAW,IYM,Materials
2011-03-29,4.455509411433685,4.391605609454205,86.1,80.77,0.010326,0.011648,0.0,0.0,0.010326214503637644,0.011648296593186372,0.0,-0.0013220820895487283,64800.0,1027100.0,6305623.0255,73469437.1,VAW,IYM,Materials
2011-03-30,4.467056883858457,4.401951803481151,87.1,81.61,0.011614,0.0104,0.0,0.0,0.011614401858304297,0.010399900953324255,0.0,0.0012145009049800426,95200.0,2362900.0,6522268.5255,79608167.85,VAW,IYM,Materials
2011-03-31,4.470037511996595,4.403788126455394,87.36,81.76,0.002985,0.001838,0.0,-16352000.000000002,0.0029850746268656717,-0.011215253926775755,16352000.000000002,0.014200328553641426,106700.0,579200.0,6767549.2754999995,78941896.15,VAW,IYM,Materials
2011-04-01,4.475403127929026,4.405987272118725,87.83,81.94,0.00538,0.002202,0.0,0.0,0.00538003663003663,0.002201565557729941,0.0,0.003178471072306689,75500.0,491700.0,6768613.125499999,77977368.9,VAW,IYM,Materials
2011-04-04,4.481985085417713,4.413888607822626,88.41,82.59,0.006604,0.007933,0.0,0.0,0.0066036661732893085,0.00793263363436661,0.0,-0.0013289674610773008,59700.0,309300.0,6613698.3755,75334898.45,VAW,IYM,Materials
2011-04-05,4.493232532747227,4.425684604013345,89.41,83.57,0.011311,0.011866,0.0,0.0,0.011310937676733402,0.01186584332243613,0.0,-0.0005549056457027288,60700.0,5240900.0,6655979.3255,93407863.3,VAW,IYM,Materials
2011-04-06,4.486048755080228,4.417876287567579,88.77,82.92,-0.007158,-0.007778,0.0,0.0,-0.007158036013868695,-0.007777910733516812,0.0,0.0006198747196481174,63800.0,851100.0,6753190.825499999,93761645.95,VAW,IYM,Materials
2011-04-07,4.484808829316908,4.417031743872572,88.66,82.85,-0.001239,-0.000844,0.0,0.0,-0.0012391573729863693,-0.000844187168355041,0.0,-0.0003949702046313283,47100.0,483300.0,6551507.3955,88570556.2,VAW,IYM,Materials
2011-04-08,4.47745044438572,4.413888607822626,88.01,82.59,-0.007331,-0.003138,0.0,0.0,-0.007331378299120235,-0.0031382015691007845,0.0,-0.004193176730019451,56600.0,649100.0,6365930.325499999,88312267.15,VAW,IYM,Materials
2011-04-11,4.463145685958674,4.397038392294319,86.76,81.21,-0.014203,-0.016709,0.0,0.0,-0.014202931485058516,-0.01670904467853251,0.0,0.0025061131934739946,55700.0,674900.0,6223860.6755,88725428.2,VAW,IYM,Materials
2011-04-12,4.448516375942715,4.376764061595128,85.5,79.5801,-0.014523,-0.02007,0.0,0.0,-0.014522821576763486,-0.020070188400443296,0.0,0.00554736682367981,225900.0,777100.0,6811332.6755,89437569.1855,VAW,IYM,Materials
2011-04-13,4.446057214331018,4.373868446972418,85.29,79.35,-0.002456,-0.002891,0.0,0.0,-0.002456140350877193,-0.002891426374181485,0.0,0.0004352860233042921,42800.0,6144900.0,6418595.75,109271050.5355,VAW,IYM,Materials
2011-04-14,4.448516375942715,4.3766371373894435,85.5,79.57,0.002462,0.002773,0.0,0.0,0.0024621878297572987,0.0027725267800882167,0.0,-0.00031033895033091797,62800.0,604100.0,6470560.75,109578498.8855,VAW,IYM,Materials
2011-04-15,4.454812304399529,4.38414938005486,86.04,80.17,0.006316,0.007541,0.0,0.0,0.00631578947368421,0.007540530350634661,0.0,-0.0012247408769504508,66100.0,458000.0,6477983.45,108952023.0855,VAW,IYM,Materials
2011-04-18,4.441002839774179,4.369700984983244,84.86,79.02,-0.013715,-0.014345,0.0,0.0,-0.013714551371455138,-0.01434451789946364,0.0,0.0006299665280085024,99600.0,848800.0,6678410.25,109904544.3855,VAW,IYM,Materials
2011-04-19,4.457132947605284,4.38502214365368,86.2399,80.24,0.016261,0.015439,0.0,0.0,0.01626090030638706,0.015439129334345734,0.0,0.0008217709720413253,29900.0,708200.0,6689866.850500001,109808446.7855,VAW,IYM,Materials
2011-04-20,4.46956693425929,4.401338945706255,87.3189,81.56,0.012512,0.016451,0.0,0.0,0.012511610055206464,0.016450648055832504,0.0,-0.00393903800062604,98300.0,574000.0,6906990.994,109643619.1855,VAW,IYM,Materials
2011-04-21,4.480853351480711,4.415340513703815,88.31,82.71,0.01135,0.0141,0.0,0.0,0.011350349122583932,0.014100049043648848,0.0,-0.0027496999210649166,53900.0,375500.0,6627517.643999999,107819441.4355,VAW,IYM,Materials
2011-04-25,4.47688216568656,4.410735561310335,87.96,82.33,-0.003963,-0.004594,0.0,0.0,-0.003963311063299739,-0.0045943658566074234,0.0,0.0006310547933076841,111900.0,313500.0,6807496.044,104223458.03549999,VAW,IYM,Materials
2011-04-26,4.487399650253583,4.420044701861403,88.89,83.1,0.010573,0.009353,0.0,0.0,0.010572987721691678,0.009352605368638406,0.0,0.0012203823530532714,43100.0,647900.0,6612581.294,98082384.13549998,VAW,IYM,Materials
2011-04-27,4.489355212426406,4.420766462989812,89.064,83.16,0.001958,0.000722,0.0,0.0,0.0019574755315558555,0.0007220216606498195,0.0,0.0012354538709060362,43100.0,634700.0,6525550.214,96573523.38549998,VAW,IYM,Materials
2011-04-28,4.49032034430915,4.424726864205909,89.15,83.49,0.000966,0.003968,0.0,0.0,0.0009655977723883949,0.003968253968253968,0.0,-0.003002656195865573,54100.0,768600.0,6352104.964,90140230.63549998,VAW,IYM,Materials
2011-04-29,4.495466920896128,4.43022138352355,89.61,83.95,0.00516,0.00551,35844000.0,-33580000.0,0.05511808565321476,-0.021038467483111948,69424000.0,0.0761565531363267,68800.0,797000.0,6194297.764,91117868.53549999,VAW,IYM,Materials
2011-05-02,4.487680857195624,4.425086124134329,88.915,83.52,-0.007756,-0.005122,0.0,0.0,-0.0077558308224528515,-0.005122096486003574,0.0,-0.0026337343364492777,59200.0,617900.0,6125927.914,91683724.03549999,VAW,IYM,Materials
2011-05-03,4.474947598938117,4.408303357752101,87.79,82.13,-0.012653,-0.016643,0.0,0.0,-0.012652533318337739,-0.01664272030651341,0.0,0.003990186988175673,65700.0,644100.0,6150414.214,93051466.33549999,VAW,IYM,Materials
2011-05-04,4.457134107160687,4.390490713086011,86.24,80.68,-0.017656,-0.017655,0.0,0.0,-0.01765576944982344,-0.017654937294533057,0.0,-8.321552903839402e-07,88900.0,784000.0,6262391.664,74315021.6855,VAW,IYM,Materials
2011-05-05,4.447814375211885,4.377390906269353,85.44,79.63,-0.009276,-0.013014,0.0,0.0,-0.00927643784786642,-0.01301437778879524,0.0,0.00373793994092882,90200.0,1078600.0,6364549.764,75080806.9855,VAW,IYM,Materials
2011-05-06,4.455160918661383,4.384648195378833,86.07,80.21,0.007374,0.007284,0.0,0.0,0.007373595505617977,0.00728368705261836,0.0,8.99084529996175e-05,101100.0,822500.0,6590839.314,76377372.9855,VAW,IYM,Materials
2011-05-09,4.469923036580066,4.401338945706255,87.35,81.56,0.014872,0.016831,0.0,0.0,0.014871616126408737,0.01683081909986286,0.0,-0.0019592029734541248,71600.0,690900.0,6654484.014,76514404.7355,VAW,IYM,Materials
2011-05-10,4.4779048349422155,4.40745068701404,88.05,82.06,0.008014,0.00613,0.0,0.0,0.008013737836290785,0.006130456105934282,0.0,0.0018832817303565032,54100.0,607700.0,6651032.664,76267366.38549998,VAW,IYM,Materials
2011-05-11,4.45295097301058,4.379022125653583,85.88,79.76,-0.024645,-0.028028,0.0,0.0,-0.024645088018171495,-0.028028271996100414,0.0,0.00338318397792892,75900.0,759100.0,6011224.764,76202572.39999999,VAW,IYM,Materials
2011-05-12,4.45295097301058,4.378520495344594,85.88,79.72,0.0,-0.000502,0.0,0.0,0.0,-0.0005015045135406219,0.0,0.0005015045135406219,91100.0,902300.0,6219887.564,55419249.45,VAW,IYM,Materials
2011-05-13,4.439646747470018,4.362843815257108,84.745,78.48,-0.013216,-0.015554,0.0,0.0,-0.013216115510013973,-0.015554440541896638,0.0,0.0023383250318826654,94500.0,2103300.0,6351837.689,61269186.8,VAW,IYM,Materials
2011-05-16,4.434619084793052,4.3578620076745835,84.32,78.09,-0.005015,-0.00497,0.0,0.0,-0.0050150451354062184,-0.004969418960244648,0.0,-4.5626175161570144e-05,210300.0,823100.0,6954100.289,62647087.75,VAW,IYM,Materials
2011-05-17,4.425684604013345,4.35182512594076,83.57,77.62,-0.008895,-0.006019,0.0,0.0,-0.008894686907020872,-0.006018696375976437,0.0,-0.002875990531044435,184900.0,895800.0,7304102.139,62770078.75,VAW,IYM,Materials
2011-05-18,4.445705411337064,4.37197629882038,85.26,79.2,0.020223,0.020356,0.0,0.0,0.02022256790714371,0.02035557845916001,0.0,-0.0001330105520163001,63200.0,870800.0,7444595.088500001,63377148.35,VAW,IYM,Materials
2011-05-19,4.445588116163626,4.368688070234701,85.25,78.94,-0.000117,-0.003283,0.0,0.0,-0.0001172882946281961,-0.0032828282828282827,0.0,0.0031655399882000866,37700.0,558700.0,7176118.945,63241565.25,VAW,IYM,Materials
2011-05-20,4.436278049505797,4.35939751661352,84.46,78.21,-0.009267,-0.009248,0.0,0.0,-0.009266862170087977,-0.009247529769445149,0.0,-1.9332400642828318e-05,38900.0,468000.0,7102398.195,63518799.0,VAW,IYM,Materials
2011-05-23,4.424966385165138,4.344973570471171,83.51,77.09,-0.011248,-0.014321,0.0,0.0,-0.011247928013260714,-0.014320419383710523,0.0,0.003072491370449808,98000.0,1152000.0,7019460.995,66668660.25,VAW,IYM,Materials
2011-05-24,4.428433007488037,4.350793932242783,83.8,77.54,0.003473,0.005837,0.0,0.0,0.0034726380074242605,0.005837332987417305,0.0,-0.0023646949799930443,43000.0,756700.0,7008073.045,66910361.65,VAW,IYM,Materials
2011-05-25,4.442062848117941,4.367166771766858,84.95,78.82,0.013723,0.016508,0.0,0.0,0.013723150357995227,0.016507608976012382,0.0,-0.002784458618017155,129500.0,547900.0,7366191.375,66430552.95,VAW,IYM,Materials
2011-05-26,4.445353484534206,4.371471120734365,85.23,79.16,0.003296,0.004314,0.0,0.0,0.00329605650382578,0.004313625983252981,0.0,-0.0010175694794272013,50700.0,584700.0,7341098.675,65536274.85,VAW,IYM,Materials
2011-05-27,4.4563220892516755,4.382901252084542,86.17,80.07,0.011029,0.011496,0.0,0.0,0.011028980405960342,0.011495704901465387,0.0,-0.00046672449550504494,58000.0,1656300.0,7282733.275,68821864.4,VAW,IYM,Materials
2011-05-31,4.467401256243195,4.392719264212625,87.13,80.86,0.011141,0.009866,-17426000.0,-121290000.0,-0.012797223423746576,-0.09283190767400558,103864000.0,0.080034684250259,68200.0,2645500.0,7316658.175,76937270.5,VAW,IYM,Materials
2011-06-01,4.4373430753445895,4.362206507224575,84.55,78.43,-0.029611,-0.030052,0.0,0.0,-0.029610926202226558,-0.030051941627504217,0.0,0.00044101542527765977,165200.0,629600.0,7726651.025,76761250.25,VAW,IYM,Materials
2011-06-02,4.437106500940836,4.362334001328145,84.53,78.44,-0.000237,0.000128,0.0,0.0,-0.0002365464222353637,0.00012750223128893284,0.0,-0.00036404865352429654,72600.0,905200.0,7650158.125,77148788.65,VAW,IYM,Materials
2011-06-03,4.422448549172797,4.347823313332383,83.3,77.31,-0.014551,-0.014406,0.0,0.0,-0.014551046965574353,-0.014405915349311576,0.0,-0.00014513161626277665,59000.0,1174900.0,7510558.725,77395918.7,VAW,IYM,Materials
2011-06-06,4.409763389645481,4.33283639048311,82.25,76.16,-0.012605,-0.014875,0.0,0.0,-0.012605042016806723,-0.014875177855387401,0.0,0.0022701358385806784,80500.0,755300.0,7406531.125,76973464.85,VAW,IYM,Materials
2011-06-07,4.414372810713093,4.335328031664641,82.63,76.35,0.00462,0.002495,0.0,0.0,0.004620060790273556,0.0024947478991595457,0.0,0.0021253128911140106,60300.0,844500.0,7342947.575,77379853.4,VAW,IYM,Materials
2011-06-08,4.4039104281738854,4.323602714536165,81.77,75.46,-0.010408,-0.011657,0.0,0.0,-0.010407842188067288,-0.01165684348395547,0.0,0.0012490012958881816,77000.0,792300.0,7419586.825,77875808.2,VAW,IYM,Materials
2011-06-09,4.419563238202607,4.338597076746545,83.06,76.6,0.015776,0.015107,0.0,0.0,0.01577595695242754,0.015107341637953884,0.0,0.0006686153144736563,37100.0,838300.0,7247748.525,78059206.4,VAW,IYM,Materials
2011-06-10,4.406109305189839,4.325059379032629,81.95,75.57,-0.013364,-0.013447,0.0,0.0,-0.013363833373464966,-0.013446475195822457,0.0,8.264182235749075e-05,45100.0,1158100.0,7041362.375,78838519.45,VAW,IYM,Materials
2011-06-13,4.398883751740304,4.314817884980432,81.36,74.8,-0.007199,-0.010189,0.0,0.0,-0.007199511897498474,-0.010189228529839766,0.0,0.002989716632341291,79200.0,1081000.0,6963127.85,74628110.25,VAW,IYM,Materials
2011-06-14,4.416186486320586,4.3357208817973705,82.78,76.38,0.017453,0.021123,0.0,0.0,0.017453294001966567,0.021122994652406298,0.0,-0.0036697006504397313,57200.0,856200.0,6313253.85,74684144.1,VAW,IYM,Materials
2011-06-15,4.394819456472634,4.314015424057338,81.03,74.74,-0.02114,-0.021472,0.0,0.0,-0.021140372070548443,-0.021471589421314483,0.0,0.00033121735076603945,68000.0,1302300.0,5816151.2,76074239.4,VAW,IYM,Materials
2011-06-16,4.3824028139096,4.3017651530710745,80.0301,73.83,-0.01234,-0.012176,0.0,0.0,-0.012339874120695931,-0.012175541878512056,0.0,-0.00016433224218387506,90400.0,904200.0,5908465.652,75963725.7,VAW,IYM,Materials
2011-06-17,4.381776603418673,4.300952144896211,79.98,73.77,-0.000626,-0.000813,0.0,0.0,-0.0006260144620587587,-0.0008126777732629012,0.0,0.00018666331120414253,29700.0,834800.0,5866539.702,76837696.6,VAW,IYM,Materials
2011-06-20,4.391110253406924,4.309724722918476,80.73,74.42,0.009377,0.008811,0.0,0.0,0.009377344336084021,0.008811169852243459,0.0,0.0005661744838405623,30700.0,506200.0,5826185.551999999,76891152.8,VAW,IYM,Materials
2011-06-21,4.418479096676194,4.340162430575183,82.97,76.72,0.027747,0.030906,0.0,0.0,0.027746810355506007,0.030905670518677774,0.0,-0.003158860163171767,49600.0,947800.0,5622752.152,76086529.6,VAW,IYM,Materials
2011-06-22,4.415461410760119,4.337552144572052,82.72,76.52,-0.003013,-0.002607,0.0,0.0,-0.00301313727853441,-0.0026068821689259644,0.0,-0.0004062551096084455,85000.0,1309300.0,5794142.152,78162185.5,VAW,IYM,Materials
2011-06-23,4.416307281150715,4.337813479997556,82.79,76.54,0.000846,0.000261,0.0,0.0,0.0008462282398452611,0.0002613695765814035,0.0,0.0005848586632638576,64900.0,845200.0,5512744.452,79237492.0,VAW,IYM,Materials
2011-06-24,4.408790271943096,4.325853029867938,82.17,75.63,-0.007489,-0.007333,0.0,0.0,-0.007488827153037806,-0.011889208257120693,0.0,0.0044003811040828865,43300.0,1123100.0,5474584.452,81170252.05,VAW,IYM,Materials
2011-06-27,4.411464070327499,4.328625857946767,82.39,75.84,0.002677,0.002777,0.0,0.0,0.002677376171352075,0.0027766759222531937,0.0,-9.92997509011188e-05,48800.0,597100.0,5425723.051999999,76803458.2,VAW,IYM,Materials
2011-06-28,4.428194315518889,4.34756458111878,83.78,77.29,0.016871,0.019119,0.0,0.0,0.016870979487801918,0.019119198312236404,0.0,-0.0022482188244344857,68300.0,620200.0,5414718.452,68504464.6,VAW,IYM,Materials
2011-06-29,4.442592431230733,4.360675308762846,84.995,78.31,0.014502,0.013197,0.0,0.0,0.014502267844354261,0.013197050071160446,0.0,0.0013052177731938154,51000.0,1581000.0,4933072.702,72225893.7,VAW,IYM,Materials
2011-06-30,4.455160918661383,4.371218435957278,86.07,79.14,0.012648,0.010599,-17214000.0,-59355000.0,-0.01190718755693337,-0.046604809622135535,42141000.0,0.03469762206520216,80400.0,1022600.0,4972230.202,72722127.5,VAW,IYM,Materials
2011-07-01,4.465448242812954,4.381151251637927,86.96,79.93,0.01034,0.009982,0.0,0.0,0.010340420587893575,0.009982309830679928,0.0,0.0003581107572136477,42700.0,1425200.0,4912154.801999999,73876363.35,VAW,IYM,Materials
2011-07-05,4.467056883858457,4.383400690227026,87.1,80.11,0.00161,0.002252,0.0,0.0,0.001609935602575897,0.0022519704741647746,0.0,-0.0006420348715888776,42300.0,1253800.0,4765315.051999999,76022276.85,VAW,IYM,Materials
2011-07-06,4.469350462845557,4.383650315789979,87.3,80.13,0.002296,0.00025,0.0,0.0,0.002296211251435132,0.00024965672200724003,0.0,0.002046554529427892,44800.0,312800.0,4711737.602,74051631.3,VAW,IYM,Materials
2011-07-07,4.483453297870333,4.400603020246817,88.5399,81.5,0.014203,0.017097,0.0,0.0,0.014202749140893539,0.017097217022338698,0.0,-0.0028944678814451594,71300.0,390700.0,4712567.8455,72654385.9,VAW,IYM,Materials
2011-07-08,4.477336814478207,4.392966574712216,88.0,80.88,-0.006098,-0.007607,0.0,0.0,-0.006097815787006828,-0.007607361963190184,0.0,0.0015095461761833557,48300.0,655700.0,4771011.5455,72095347.7,VAW,IYM,Materials
2011-07-11,4.453882071774309,4.3678009274099,85.96,78.87,-0.023182,-0.024852,0.0,0.0,-0.023181818181818182,-0.024851632047477746,0.0,0.001669813865659564,41000.0,376300.0,4762432.2955,69203405.9,VAW,IYM,Materials
2011-07-12,4.4504093200351384,4.3644989178056655,85.662,78.61,-0.003467,-0.003297,0.0,0.0,-0.003466728711028385,-0.003296563966020033,0.0,-0.0001701647450083523,47600.0,805700.0,4644122.2555,68327269.75,VAW,IYM,Materials
2011-07-13,4.459334837764547,4.375757021660286,86.43,79.5,0.008965,0.011322,0.0,0.0,0.008965468936050991,0.0113217147945554,0.0,-0.00235624585850441,32600.0,711100.0,4548252.3555,67884064.45,VAW,IYM,Materials
2011-07-14,4.447228997919515,4.364880475838911,85.39,78.64,-0.012033,-0.010818,0.0,0.0,-0.012032858961008908,-0.010817610062893081,0.0,-0.0012152488981158269,54000.0,1466200.0,4503303.3555,68782467.75,VAW,IYM,Materials
2011-07-15,4.456554161659308,4.377265317572172,86.19,79.62,0.009369,0.012462,0.0,0.0,0.009368778545497131,0.012461851475076297,0.0,-0.003093072929579166,32400.0,1449600.0,4281195.1035,71215471.05,VAW,IYM,Materials
2011-07-18,4.445822692753958,4.368941395125226,85.27,78.96,-0.010674,-0.008289,0.0,0.0,-0.010674092122055922,-0.008289374529012931,0.0,-0.002384717593042991,40100.0,515200.0,4333391.1535,70170320.85,VAW,IYM,Materials
2011-07-19,4.460837815098172,4.384274107214361,86.56,80.18,0.015128,0.015451,0.0,0.0,0.015128415620968687,0.01545086119554229,0.0,-0.0003224455745736033,30400.0,678400.0,4341041.8035,71006456.25,VAW,IYM,Materials
2011-07-20,4.463721822403716,4.383151002335591,86.81,80.09,0.002888,-0.001123,0.0,0.0,0.002888170055452865,-0.0011224744325269336,0.0,0.004010644487979799,36600.0,272000.0,4294138.503500001,68459919.45,VAW,IYM,Materials
2011-07-21,4.476313563863087,4.397161522258152,87.91,81.22,0.012671,0.014109,0.0,0.0,0.012671351226817187,0.014109127231864152,0.0,-0.0014377760050469646,58700.0,445300.0,4200594.3535,65258900.95,VAW,IYM,Materials
2011-07-22,4.4744918623459755,4.395929539842873,87.75,81.12,-0.00182,-0.001231,0.0,0.0,-0.0018200432260266181,-0.0012312238364934746,0.0,-0.0005888193895331436,37500.0,316200.0,4096472.0535000004,63306827.75,VAW,IYM,Materials
2011-07-25,4.471067201464611,4.390738575275903,87.45,80.7,-0.003419,-0.005178,0.0,0.0,-0.003418803418803419,-0.005177514792899409,0.0,0.00175871137409599,57200.0,328700.0,4168681.0035000006,60386129.6,VAW,IYM,Materials
2011-07-26,4.462338536880549,4.382401564378955,86.69,80.03,-0.008691,-0.008302,0.0,0.0,-0.008690680388793596,-0.008302354399008675,0.0,-0.0003883259897849208,50500.0,782100.0,4186541.6535000005,61251499.55,VAW,IYM,Materials
2011-07-27,4.440177611315912,4.357477761752469,84.79,78.06,-0.021917,-0.024616,0.0,0.0,-0.02191717614488407,-0.024615769086592527,0.0,0.0026985929417084574,54300.0,887200.0,4130637.8035000004,62317478.25,VAW,IYM,Materials
2011-07-28,4.436869870556391,4.3551691805039985,84.51,77.88,-0.003302,-0.002306,0.0,0.0,-0.0033022762118174315,-0.0023059185242121443,0.0,-0.0009963576876052872,61600.0,534100.0,4174191.3535,58206858.15,VAW,IYM,Materials
2011-07-29,4.43022138352355,4.347046915777855,83.95,77.25,-0.006627,-0.008089,83950.0,-34762500.0,-0.006503003632447417,-0.04379815100154083,34846450.0,0.037295147369093416,66300.0,716800.0,4106484.2035000003,56929069.95,VAW,IYM,Materials
2011-08-01,4.426760966014053,4.345621952780082,83.66,77.14,-0.003454,-0.001424,0.0,0.0,-0.0034544371649791543,-0.0014239482200647249,0.0,-0.0020304889449144293,100900.0,1082400.0,4342889.3035,55408074.95,VAW,IYM,Materials
2011-08-02,4.393708139447719,4.311470041210748,80.94,74.55,-0.032513,-0.033575,0.0,0.0,-0.03251255080086063,-0.03357531760435572,0.0,0.0010627668034950896,125900.0,1015500.0,4668190.1035,54171255.3,VAW,IYM,Materials
2011-08-03,4.396668911410751,4.313346214368975,81.18,74.69,0.002965,0.001878,0.0,0.0,0.0029651593773165306,0.0018779342723004694,0.0,0.0010872251050160612,109200.0,1315100.0,4915880.9035,57829263.05,VAW,IYM,Materials
2011-08-04,4.3222753033033205,4.2296036282257905,75.3599,68.69,-0.071694,-0.080332,0.0,0.0,-0.07169376693766934,-0.08033203909492569,0.0,0.00863827215725635,213700.0,2144300.0,5405456.6915,63601758.9,VAW,IYM,Materials
2011-08-05,4.317328100734945,4.220095767527661,74.988,68.04,-0.004935,-0.009463,0.0,0.0,-0.004934985317124929,-0.009462803901586695,0.0,0.004527818584461766,132200.0,2643700.0,5688607.371499999,69943975.5,VAW,IYM,Materials
2011-08-08,4.237867538974276,4.135486505553276,69.26,62.52,-0.076386,-0.081129,0.0,0.0,-0.07638555502213687,-0.0811287477954146,0.0,0.004743192773277727,232100.0,1975700.0,6316151.6715,74636074.65,VAW,IYM,Materials
2011-08-09,4.297965447047447,4.198254025612612,73.55,66.57,0.061941,0.064779,0.0,0.0,0.0619405140051978,0.06477927063339715,0.0,-0.0028387566281993515,105200.0,2007600.0,6499149.1115,78151567.4,VAW,IYM,Materials
2011-08-10,4.264509188745424,4.1655793631505516,71.13,64.43,-0.032903,-0.032147,0.0,0.0,-0.03290278721957852,-0.032146612588252674,0.0,-0.0007561746313258441,78200.0,2609100.0,6636386.511499999,83730160.55,VAW,IYM,Materials
2011-08-11,4.3134800921387715,4.218772140597153,74.7,67.95,0.05019,0.054633,0.0,0.0,0.05018979333614509,0.05463293496818236,0.0,-0.004443141632037274,109000.0,1337100.0,6812948.511499999,82507859.4,VAW,IYM,Materials
2011-08-12,4.32267464022361,4.227563406008323,75.39,68.55,0.009237,0.00883,0.0,0.0,0.009236947791164659,0.008830022075055188,0.0,0.000406925716109471,76100.0,728700.0,6960179.661499999,79234621.05,VAW,IYM,Materials
2011-08-15,4.3408139388398075,4.246636372564359,76.77,69.87,0.018305,0.019256,0.0,0.0,0.01830481496219658,0.01925601750547046,0.0,-0.0009512025432738824,74800.0,956100.0,7076333.1115,80540746.80000001,VAW,IYM,Materials
2011-08-16,4.324265097815334,4.226979720014808,75.51,68.51,-0.016413,-0.019465,0.0,0.0,-0.016412661195779603,-0.01946472019464706,0.0,0.0030520589988674574,65000.0,1633700.0,7190169.411499999,83417280.55000001,VAW,IYM,Materials
2011-08-17,4.324265097815334,4.2271256734559195,75.51,68.52,0.0,0.000146,0.0,0.0,0.0,0.00014596409283301862,0.0,-0.00014596409283301862,48900.0,978600.0,7215929.0615,85680740.15,VAW,IYM,Materials
2011-08-18,4.264509188745424,4.167285186623816,71.13,64.54,-0.058006,-0.058085,0.0,0.0,-0.058005562177195075,-0.05808523058960873,0.0,7.96684124136568e-05,72200.0,1018600.0,7214692.511499999,87159399.05000001,VAW,IYM,Materials
2011-08-19,4.248209486939542,4.149148354262775,69.98,63.38,-0.016168,-0.017973,0.0,0.0,-0.01616758048643329,-0.017973349860551747,0.0,0.0018057693741184572,79400.0,1569500.0,7327981.8615,90850637.35000001,VAW,IYM,Materials
2011-08-22,4.248066578757805,4.147253217877503,69.97,63.26,-0.000143,-0.001893,0.0,0.0,-0.00014289797084881395,-0.0018933417481855476,0.0,0.0017504437773367336,73200.0,930100.0,7333965.0615,92466239.15,VAW,IYM,Materials
2011-08-23,4.27999390910873,4.180369341573185,72.24,65.39,0.032442,0.033671,0.0,0.0,0.032442475346577106,0.03367056591843187,0.0,-0.001228090571854766,62300.0,1082200.0,7340100.411499999,92874918.9,VAW,IYM,Materials
2011-08-24,4.295378827948209,4.1944915108270395,73.36,66.32,0.015504,0.014222,0.0,0.0,0.015503875968992248,0.014222358158739717,0.0,0.0012815178102525311,38900.0,722400.0,7252580.761499999,91807655.70000002,VAW,IYM,Materials
2011-08-25,4.283862385886651,4.186619838331271,72.52,65.8,-0.01145,-0.007841,0.0,0.0,-0.011450381679389313,-0.007840772014475124,0.0,-0.0036096096649141894,42900.0,765700.0,7147845.3615,92247023.30000001,VAW,IYM,Materials
2011-08-26,4.307437777682809,4.2109417098059145,74.25,67.42,0.023856,0.02462,0.0,0.0,0.023855488141202426,0.024620060790273558,0.0,-0.0007645726490711317,37100.0,256300.0,7007284.8615,90342370.60000001,VAW,IYM,Materials
2011-08-29,4.341854168747584,4.24735173134728,76.8499,69.92,0.035016,0.037081,0.0,0.0,0.03501548821548826,0.03708098487095817,0.0,-0.0020654966554699145,102900.0,571400.0,6980612.897,88165168.20000002,VAW,IYM,Materials
2011-08-30,4.350019838538795,4.256321678298823,77.48,70.55,0.008199,0.00901,0.0,0.0,0.008199099803643167,0.009010297482837529,0.0,-0.0008111976791943618,55300.0,619800.0,6685327.797,86566236.45000002,VAW,IYM,Materials
2011-08-31,4.351051830374451,4.257738109130536,77.56,70.65,0.001032,0.001417,-31024000.0,-88312500.0,-0.048714401780062526,-0.10246404215838198,57288500.0,0.05374964037831945,107700.0,830200.0,6659745.597,84587677.00000001,VAW,IYM,Materials
2011-09-01,4.336244442018754,4.241902126579715,76.42,69.54,-0.014698,-0.015711,0.0,0.0,-0.014698298091799896,-0.01571125265392781,0.0,0.0010129545621279136,29200.0,714000.0,5966098.2655,79705656.65,VAW,IYM,Materials
2011-09-02,4.311201728893603,4.21980177957905,74.53,68.02,-0.024732,-0.021858,0.0,0.0,-0.024731745616330802,-0.021857923497267916,0.0,-0.002873822119062886,40400.0,354400.0,5620978.185500001,71917103.65,VAW,IYM,Materials
2011-09-06,4.307033655632451,4.211386582653765,74.22,67.45,-0.004159,-0.00838,0.0,0.0,-0.004159398899771904,-0.008379888268156424,0.0,0.004220489368384521,34100.0,464500.0,4943760.9855,67307591.70000002,VAW,IYM,Materials
2011-09-07,4.335588639484744,4.242045918369452,76.3699,69.55,0.028967,0.031134,0.0,0.0,0.028966585825922975,0.031134173461823574,0.0,-0.002167587635900598,42000.0,345500.0,4717264.7755,61826771.35000001,VAW,IYM,Materials
2011-09-08,4.323072491830211,4.228584037430304,75.42,68.62,-0.012438,-0.013372,0.0,0.0,-0.012438146442512078,-0.013371675053918045,0.0,0.000933528611405967,32200.0,337700.0,4560572.6755,54580204.4,VAW,IYM,Materials
2011-09-09,4.2937417198063095,4.197803270590331,73.24,66.54,-0.028905,-0.030312,0.0,0.0,-0.02890479978785468,-0.030311862430778037,0.0,0.0014070626429233575,40400.0,208600.0,4301402.4755,50731419.35,VAW,IYM,Materials
2011-09-12,4.2844138058068815,4.187683102652602,72.56,65.87,-0.009285,-0.010069,0.0,0.0,-0.009284543965046422,-0.010069131349564336,0.0,0.0007845873845179138,42800.0,431500.0,4169821.9254999994,49654945.35,VAW,IYM,Materials
2011-09-13,4.302036008977389,4.202750436065887,73.85,66.87,0.017778,0.015181,0.0,0.0,0.017778390297684674,0.015181417944436011,0.0,0.0025969723532486624,49500.0,463900.0,4065480.8754999996,47865859.65,VAW,IYM,Materials
2011-09-14,4.316394182078082,4.214051671586849,74.918,67.63,0.014462,0.011365,0.0,0.0,0.014461746784021666,0.011365335726035592,0.0,0.0030964110579860746,37200.0,446500.0,3959420.8555,43779460.05,VAW,IYM,Materials
2011-09-15,4.33033852551513,4.231349083214389,75.97,68.81,0.014042,0.017448,0.0,0.0,0.014042019274406684,0.017447878160579626,0.0,-0.0034058588861729418,36600.0,279400.0,3913824.0055,41388052.15,VAW,IYM,Materials
2011-09-16,4.333492687678026,4.233236561088719,76.21,68.94,0.003159,0.001889,0.0,0.0,0.003159141766486771,0.0018892602819357651,0.0,0.001269881484551006,41300.0,392500.0,3814418.3555000005,39453977.45,VAW,IYM,Materials
2011-09-19,4.317621437981545,4.215972050343799,75.01,67.76,-0.015746,-0.017116,0.0,0.0,-0.015745965096444037,-0.017116333043225993,0.0,0.0013703679467819557,50400.0,379900.0,3725622.9555000006,35767333.15,VAW,IYM,Materials
2011-09-20,4.302983427333428,4.200055016644215,73.92,66.69,-0.014531,-0.015791,0.0,0.0,-0.014531395813891481,-0.015791027154663517,0.0,0.0012596313407720362,38900.0,885100.0,3613307.155500001,35776792.8,VAW,IYM,Materials
2011-09-21,4.257454983420831,4.145742434474529,70.63,63.1645,-0.044508,-0.052864,0.0,0.0,-0.04450757575757576,-0.05286399760083971,0.0,0.008356421843263948,44600.0,662300.0,3545784.4555000006,34330232.3175,VAW,IYM,Materials
2011-09-22,4.202301703727193,4.080245637842599,66.84,59.16,-0.05366,-0.063398,0.0,0.0,-0.053659917881919865,-0.06339795296408583,0.0,0.009738035082165968,132500.0,1639400.0,3845914.255500001,36784099.1175,VAW,IYM,Materials
2011-09-23,4.197051560414364,4.0700518696530565,66.49,58.56,-0.005236,-0.004432,0.0,0.0,-0.005236385397965407,-0.010141987829614604,0.0,0.0049056024316491975,79600.0,1130500.0,3954989.0555000007,37575050.1175,VAW,IYM,Materials
2011-09-26,4.226541731833486,4.10280864063423,68.48,60.51,0.029929,0.033299,0.0,0.0,0.029929312678598524,0.033299180327868855,0.0,-0.0033698676492703306,40100.0,942800.0,3954557.7055000006,39563504.2175,VAW,IYM,Materials
2011-09-27,4.247208700523894,4.124550404279167,69.91,61.84,0.020882,0.02198,0.0,0.0,0.020882009345794275,0.021979838043298627,0.0,-0.0010978286975043515,38700.0,1096400.0,3694440.8200000003,40955958.6175,VAW,IYM,Materials
2011-09-28,4.2017030805426,4.072610070076094,66.8,58.71,-0.044486,-0.050615,0.0,0.0,-0.04448576741524818,-0.050614489003880984,0.0,0.006128721588632806,41100.0,792500.0,3617482.62,41095997.8675,VAW,IYM,Materials
2011-09-29,4.2017030805426,4.0700518696530565,66.8,58.56,0.0,-0.002555,0.0,0.0,0.0,-0.0025549310168625446,0.0,0.0025549310168625446,30400.0,1221700.0,3301358.02,41740453.9675,VAW,IYM,Materials
2011-09-30,4.1661999993225285,4.033178126984613,64.47,56.44,-0.03488,-0.036202,-6447000.0,-76194000.0,-0.04749783346106845,-0.15667691256830601,69747000.0,0.10917907910723756,87500.0,880000.0,3471841.0700000003,41741235.9675,VAW,IYM,Materials
2011-10-03,4.133885736842633,3.9970991777832654,62.42,54.44,-0.031798,-0.035436,0.0,0.0,-0.03179773538079727,-0.03543586109142452,0.0,0.0036381257106272505,85700.0,1634500.0,3588760.1700000004,44985030.5675,VAW,IYM,Materials
2011-10-04,4.171151270461866,4.034594557816327,64.79,56.52,0.037969,0.038207,0.0,0.0,0.03796859980775405,0.03820720058780309,0.0,-0.00023860078004903779,87600.0,1454200.0,3745995.2700000005,47528073.5175,VAW,IYM,Materials
2011-10-05,4.208863015664693,4.078045789252598,67.28,59.03,0.038432,0.044409,0.0,0.0,0.03843185676801963,0.04440905874026893,0.0,-0.005977201972249303,97600.0,1432200.0,3913944.8800000004,50553735.5675,VAW,IYM,Materials
2011-10-06,4.235988789957173,4.099663723699701,69.13,60.32,0.027497,0.021853,0.0,0.0,0.02749702734839465,0.021853294934778927,0.0,0.0056437324136157235,94200.0,3084000.0,4118120.9800000004,58696430.86750001,VAW,IYM,Materials
2011-10-07,4.217903477914899,4.080583646972063,67.891,59.18,-0.017923,-0.018899,0.0,0.0,-0.01792275423115846,-0.01889920424403183,0.0,0.0009764500128733693,53100.0,1116300.0,4150426.785,61305550.36750001,VAW,IYM,Materials
2011-10-10,4.259491701615205,4.124388683570477,70.774,61.83,0.042465,0.044779,0.0,0.0,0.0424651279256454,0.04477864143291652,0.0,-0.002313513507271124,63300.0,688700.0,4219148.095000001,62013521.167500004,VAW,IYM,Materials
2011-10-11,4.2623981472183505,4.127779338308338,70.98,62.04,0.002911,0.003396,0.0,0.0,0.0029106734111397957,0.003396409509946628,0.0,-0.00048573609880683214,49700.0,1199300.0,4212754.6450000005,64182700.11750001,VAW,IYM,Materials
2011-10-12,4.2759714333333765,4.14059181338742,71.95,62.84,0.013666,0.012895,0.0,0.0,0.013665821358128938,0.012894906511927788,0.0,0.0007709148462011501,59600.0,1351300.0,4287818.165,66918644.96750001,VAW,IYM,Materials
2011-10-13,4.270955399408094,4.135806352029695,71.59,62.54,-0.005003,-0.004774,0.0,0.0,-0.005003474635163308,-0.004774029280712922,0.0,-0.00022944535445038657,40600.0,737200.0,4294120.765,68262593.6675,VAW,IYM,Materials
2011-10-14,4.295242504588991,4.165424143903053,73.35,64.42,0.024585,0.030061,0.0,0.0,0.024584439167481494,0.030060761112887753,0.0,-0.0054763219454062595,44600.0,1080900.0,4300317.615,70391225.06750001,VAW,IYM,Materials
2011-10-17,4.260564966136689,4.12955081795672,70.85,62.15,-0.034083,-0.035238,0.0,0.0,-0.03408316291751885,-0.03523750388078237,0.0,0.0011543409632635143,48300.0,992600.0,4282395.165,72188628.3675,VAW,IYM,Materials
2011-10-18,4.287028906051602,4.154341536128396,72.75,63.71,0.026817,0.025101,0.0,0.0,0.026817219477770052,0.0251005631536605,0.0,0.0017166563241095521,66800.0,1597500.0,4381605.765,74326098.6675,VAW,IYM,Materials
2011-10-19,4.256605125012738,4.121311010451915,70.57,61.64,-0.029966,-0.032491,0.0,0.0,-0.029965635738831722,-0.032490974729241874,0.0,0.0025253389904101517,39300.0,1086300.0,4362770.915,75582382.85,VAW,IYM,Materials
2011-10-20,4.265352359115782,4.129067998280486,71.19,62.12,0.008786,0.007787,0.0,0.0,0.008785602947428198,0.007787151200519144,0.0,0.0009984517469090546,44900.0,1060100.0,4079777.465,74025708.25,VAW,IYM,Materials
2011-10-21,4.2922386792828595,4.158726821151369,73.13,63.99,0.027251,0.030103,0.0,0.0,0.02725101840146088,0.030103026400515133,0.0,-0.0028520079990542527,92100.0,1111800.0,4151910.915,74272808.35,VAW,IYM,Materials
2011-10-24,4.319619174545265,4.189957726425047,75.16,66.02,0.027759,0.031724,0.0,0.0,0.027758785724053055,0.03172370682919206,0.0,-0.003964921105139005,60800.0,870200.0,4243094.915,74292897.15,VAW,IYM,Materials
2011-10-25,4.292785500895938,4.163248540869312,73.17,64.28,-0.026477,-0.026356,0.0,0.0,-0.026476849387972325,-0.02635564980308997,0.0,-0.00012119958488235327,48700.0,1166300.0,4285988.015,74651316.55,VAW,IYM,Materials
2011-10-26,4.312676556539088,4.184946706904381,74.64,65.69,0.02009,0.021935,0.0,0.0,0.02009020090200902,0.02193528313627878,0.0,-0.0018450822342697612,36100.0,1159600.0,4283439.215,76133639.0,VAW,IYM,Materials
2011-10-27,4.366912996863833,4.243482700225814,78.8,69.65,0.055734,0.060283,0.0,0.0,0.055734190782422297,0.06028314811995737,0.0,-0.004548957337535076,162000.0,859800.0,4820183.215,75550754.9,VAW,IYM,Materials
2011-10-28,4.37424644735492,4.257454983420831,79.38,70.63,0.00736,0.01407,0.0,0.0,0.007360406091370559,0.01407035175879397,0.0,-0.006709945667423412,185000.0,784300.0,5272391.965,75837150.35,VAW,IYM,Materials
2011-10-31,4.331206912343907,4.2104966389581255,76.036,67.39,-0.042126,-0.045873,0.0,-3369500.0,-0.04212648022171832,-0.05092115031234386,3369500.0,0.00879467009062554,141800.0,1016900.0,5544017.505,74814485.9,VAW,IYM,Materials
2011-11-01,4.302712827954156,4.180063437624638,73.9,65.37,-0.028092,-0.029975,0.0,0.0,-0.028091956441685516,-0.02997477370529752,0.0,0.0018828172636120057,95200.0,1510100.0,5612001.305,75640678.55,VAW,IYM,Materials
2011-11-02,4.3267781604434035,4.206035001574797,75.7,67.09,0.024357,0.026312,0.0,0.0,0.02435723951285521,0.02631176380602723,0.0,-0.0019545242931720205,50600.0,303100.0,5475195.904999999,72430289.2,VAW,IYM,Materials
2011-11-03,4.349504734289802,4.2296036282257905,77.4401,68.69,0.022987,0.023849,0.0,0.0,0.02298678996036984,0.02384856163362647,0.0,-0.0008617716732566318,78100.0,423400.0,5451997.195499999,64583112.5,VAW,IYM,Materials
2011-11-04,4.348599108561364,4.231784971343338,77.37,68.84,-0.000905,0.002184,0.0,0.0,-0.0009052157732233926,0.0021837239772892706,0.0,-0.003088939750512663,39100.0,303100.0,5423004.9405000005,62323251.0,VAW,IYM,Materials
2011-11-07,4.354269957628839,4.237723145067448,77.81,69.25,0.005687,0.005956,0.0,0.0,0.005686958769548921,0.005955839628123184,0.0,-0.0002688808585742629,50000.0,227000.0,5393530.2305,60980122.45,VAW,IYM,Materials
2011-11-08,4.365516082546892,4.24778070111149,78.69,69.95,0.01131,0.010108,0.0,0.0,0.011309600308443645,0.010108303249097473,0.0,0.0012012970593461725,52900.0,368200.0,5425279.9805,58547673.35,VAW,IYM,Materials
2011-11-09,4.318421011584911,4.195546442731068,75.07,66.39,-0.046003,-0.050894,0.0,0.0,-0.046003304104714704,-0.05089349535382416,0.0,0.004890191249109457,47000.0,291500.0,5387283.4805,55269523.0,VAW,IYM,Materials
2011-11-10,4.328098292648326,4.2034978761186235,75.8,66.92,0.009724,0.007983,0.0,0.0,0.009724257359797522,0.007983129989456243,0.0,0.0017411273703412788,78300.0,185100.0,5538712.7805,53583643.2,VAW,IYM,Materials
2011-11-11,4.350664958230868,4.226395693132972,77.53,68.47,0.022823,0.023162,0.0,0.0,0.022823218997361477,0.02316198445905559,0.0,-0.0003387654616941113,62700.0,285100.0,5618198.8305,51078104.15,VAW,IYM,Materials
2011-11-14,4.340553386467307,4.217594110715667,76.75,67.87,-0.010061,-0.008763,0.0,0.0,-0.010060621694827809,-0.008762961881115817,0.0,-0.0012976598137119915,41700.0,338000.0,5607119.8305,49140602.65,VAW,IYM,Materials
2011-11-15,4.3435456478556,4.2189192968037315,76.98,67.96,0.002997,0.001326,0.0,0.0,0.0029967426710097718,0.0013260645351407102,0.0,0.0016706781358690615,55200.0,364900.0,5576599.6305,45291696.6,VAW,IYM,Materials
2011-11-16,4.3217457037889515,4.1956970564823886,75.32,66.4,-0.021564,-0.022955,0.0,0.0,-0.02156404260846973,-0.022954679223072396,0.0,0.0013906366146026646,104000.0,351600.0,5829593.5805,43111032.0,VAW,IYM,Materials
2011-11-17,4.2916915584923006,4.162470391269701,73.09,64.23,-0.029607,-0.032681,0.0,0.0,-0.029607010090281466,-0.03268072289156627,0.0,0.0030737128012848017,61100.0,905300.0,5893061.9805,42725732.35,VAW,IYM,Materials
2011-11-18,4.296468746312235,4.16418152181088,73.44,64.34,0.004789,0.001712,0.0,0.0,0.004788616773840471,0.001712595360423478,0.0,0.0030760214134169924,51100.0,518100.0,5743937.5305,40835255.95,VAW,IYM,Materials
2011-11-21,4.279162999214643,4.143928062410929,72.18,63.05,-0.017157,-0.02005,0.0,0.0,-0.01715686274509804,-0.020049735778675786,0.0,0.0028928730335777454,80100.0,401900.0,5804532.0305,39229715.5,VAW,IYM,Materials
2011-11-22,4.271932711876808,4.137563681342077,71.66,62.65,-0.007204,-0.006344,0.0,0.0,-0.0072042116929897475,-0.006344171292624901,0.0,-0.0008600404003648466,35600.0,1989200.0,5753917.8805,41712396.3,VAW,IYM,Materials
2011-11-23,4.2437698090420275,4.105119635390059,69.67,60.65,-0.02777,-0.031923,0.0,0.0,-0.027770025118615684,-0.03192338387869114,0.0,0.004153358760075457,142900.0,300600.0,6116984.8305,38815259.6,VAW,IYM,Materials
2011-11-25,4.23685634351072,4.099497927462895,69.19,60.31,-0.00689,-0.005606,0.0,0.0,-0.006889622506100187,-0.00560593569661995,0.0,-0.0012836868094802363,175800.0,214900.0,6086884.9305,36469037.05,VAW,IYM,Materials
2011-11-28,4.273884476054178,4.140750935036256,71.8,62.85,0.037722,0.042116,0.0,0.0,0.03772221419280243,0.04211573536726911,0.0,-0.004393521174466682,194100.0,442400.0,6049438.9305,35089523.6,VAW,IYM,Materials
2011-11-29,4.276943858220729,4.142658422500651,72.02,62.97,0.003064,0.001909,0.0,0.0,0.003064066852367688,0.0019093078758949881,0.0,0.0011547589764726999,72600.0,170000.0,5771776.2905,32198324.05,VAW,IYM,Materials
2011-11-30,4.336636932375072,4.207226719278773,76.45,67.17,0.061511,0.066698,-15290000.0,-43660500.0,0.03338747802977411,-0.007062633675610473,28370500.0,0.04045011170538459,73500.0,326800.0,5700966.0405,28360120.0,VAW,IYM,Materials
2011-12-01,4.3294166844015844,4.201553368737545,75.9,66.79,-0.007194,-0.005657,0.0,0.0,-0.007194244604316547,-0.005657287479529552,0.0,-0.0015369571247869952,73000.0,267300.0,5786480.0405,28236019.4,VAW,IYM,Materials
2011-12-02,4.324927042633309,4.197201947661808,75.56,66.5,-0.00448,-0.004342,0.0,0.0,-0.0044795783926218705,-0.004341967360383291,0.0,-0.00013761103223857915,98600.0,346800.0,5856587.25,27934962.1,VAW,IYM,Materials
2011-12-05,4.333886259345946,4.208417018481948,76.24,67.25,0.008999,0.011278,0.0,0.0,0.008999470619375331,0.011278195488721804,0.0,-0.0022787248693464726,49000.0,402900.0,5892116.9,28246443.15,VAW,IYM,Materials
2011-12-06,4.340944189572651,4.212868064406208,76.78,67.55,0.007083,0.004461,0.0,0.0,0.00708289611752361,0.0044609665427509295,0.0,0.0026219295747726802,66100.0,187600.0,5951349.8,28094074.65,VAW,IYM,Materials
2011-12-07,4.340162430575183,4.210645017918261,76.72,67.4,-0.000781,-0.002221,0.0,0.0,-0.0007814535035165407,-0.0022205773501110288,0.0,0.0014391238465944881,87300.0,148300.0,6078097.55,27306066.15,VAW,IYM,Materials
2011-12-08,4.307303088477945,4.178226046202803,74.24,65.25,-0.032325,-0.031899,0.0,0.0,-0.03232533889468196,-0.031899109792284865,0.0,-0.00042622910239709794,49700.0,129000.0,6086169.45,26759294.4,VAW,IYM,Materials
2011-12-09,4.323735226296777,4.193133532496888,75.47,66.23,0.016568,0.015019,0.0,0.0,0.016567887931034482,0.015019157088122605,0.0,0.0015487308429118773,43500.0,152800.0,5953559.7,26645947.0,VAW,IYM,Materials
2011-12-12,4.300545392805998,4.165734558308774,73.74,64.44,-0.022923,-0.027027,0.0,0.0,-0.022923015767854778,-0.02702702702702703,0.0,0.004104011259172251,55200.0,216700.0,5914025.55,26368114.55,VAW,IYM,Materials
2011-12-13,4.282758633015213,4.146462516484207,72.44,63.21,-0.017629,-0.019088,0.0,0.0,-0.01762950908597776,-0.019087523277467412,0.0,0.001458014191489651,40200.0,291900.0,5899606.2,26143661.5,VAW,IYM,Materials
2011-12-14,4.269697449699962,4.132442850820759,71.5,62.33,-0.012976,-0.013922,0.0,0.0,-0.012976256212037547,-0.013921847808890999,0.0,0.0009455915968534512,64400.0,521300.0,5917371.4,26528362.75,VAW,IYM,Materials
2011-12-15,4.277082698901271,4.136285930010272,72.03,62.57,0.007413,0.00385,0.0,0.0,0.007412587412587413,0.003850473287341569,0.0,0.003562114125245844,69100.0,279000.0,5774571.05,26233902.25,VAW,IYM,Materials
2011-12-16,4.28771595520264,4.147253217877503,72.8,63.26,0.01069,0.011028,0.0,0.0,0.010689990281827016,0.011027649033082947,0.0,-0.0003376587512559301,42700.0,345000.0,5706709.1,24417766.3,VAW,IYM,Materials
2011-12-19,4.265773677849632,4.122283930911342,71.22,61.7,-0.021703,-0.02466,0.0,0.0,-0.021703296703296703,-0.024660132785330382,0.0,0.0029568360820336793,60100.0,302500.0,5733086.0,23684251.1,VAW,IYM,Materials
2011-12-20,4.3054155323020415,4.164958341550092,74.1,64.39,0.040438,0.043598,0.0,0.0,0.040438079191238416,0.04359805510534846,0.0,-0.003159975914110047,55200.0,203700.0,5648521.1,23073073.5,VAW,IYM,Materials
2011-12-21,4.286753954166449,4.1675950239616935,72.73,64.56,0.00278,0.00264,0.0,0.0,-0.018488529014844806,0.0026401615157633173,0.0,-0.021128690530608122,55000.0,272300.0,5720973.8,17720888.9,VAW,IYM,Materials
2011-12-22,4.29592393562047,4.170688128809434,73.4,64.76,0.009212,0.011958,0.0,0.0,0.009212154544204593,0.0030978934324659233,0.0,0.00611426111173867,66600.0,139000.0,5467603.65,17259401.4,VAW,IYM,Materials
2011-12-23,4.30406509320417,4.178379291165174,74.0,65.26,0.008174,0.007721,0.0,0.0,0.008174386920980926,0.0077208153180975915,0.0,0.00045357160288333424,37900.0,100100.0,4999653.55,16937996.750000004,VAW,IYM,Materials
2011-12-27,4.303389189156809,4.176845783733844,73.95,65.16,-0.000676,-0.001532,0.0,0.0,-0.0006756756756756757,-0.0015323322096230463,0.0,0.0008566565339473706,40200.0,109000.0,4451474.05,15902876.75,VAW,IYM,Materials
2011-12-28,4.2798554720627555,4.152298955482657,72.23,63.58,-0.023259,-0.024248,0.0,0.0,-0.02325895875591616,-0.024248004910988337,0.0,0.0009890461550721777,81800.0,194700.0,4485462.15,15986583.05,VAW,IYM,Materials
2011-12-29,4.292375412721235,4.162158961805957,73.14,64.21,0.012599,0.009909,0.0,0.0,0.012598643223037519,0.009908776344762504,0.0,0.0026898668782750143,73200.0,139300.0,4472200.8,15336247.9,VAW,IYM,Materials
2011-12-30,4.2922386792828595,4.163559631243574,73.13,64.3,-0.000137,0.001402,-7313000.0,-22505000.0,-0.0137421571552728,-0.03865441520012459,15192000.0,0.02491225804485179,45700.0,179900.0,4362267.85,15021978.05,VAW,IYM,Materials
2012-01-03,4.319579258900323,4.196600262926448,75.157,66.46,0.027718,0.033593,0.0,0.0,0.02771776288800777,0.03359253499222395,0.0,-0.005874772104216178,48100.0,271800.0,4170509.6350000002,14772059.45,VAW,IYM,Materials
2012-01-04,4.327042326341122,4.2034978761186235,75.72,66.92,0.007491,0.006921,0.0,0.0,0.007490985536942667,0.006921456515197111,0.0,0.0005695290217455559,64400.0,225400.0,4227540.034999999,14171496.6,VAW,IYM,Materials
2012-01-05,4.3288895362607525,4.200504758050491,75.86,66.72,0.001849,-0.002989,0.0,0.0,0.0018489170628631802,-0.002988643156007173,0.0,0.0048375602188703536,70600.0,349900.0,4241567.935,14705144.0,VAW,IYM,Materials
2012-01-06,4.328098292648326,4.197502654324727,75.8,66.52,-0.000791,-0.002998,0.0,0.0,-0.0007909306617453203,-0.002997601918465228,0.0,0.0022066712567199074,32600.0,268000.0,4030239.1349999993,15096741.0,VAW,IYM,Materials
2012-01-09,4.330601752681694,4.196600262926448,75.99,66.46,0.002507,-0.000902,0.0,0.0,0.0025065963060686017,-0.0009019843656043296,0.0,0.0034085806716729313,113300.0,187400.0,4276236.084999999,15298608.7,VAW,IYM,Materials
2012-01-10,4.350276646035888,4.217741440366026,77.4999,67.88,0.01987,0.021366,0.0,0.0,0.019869719699960563,0.021366235329521515,0.0,-0.0014965156295609523,122100.0,107800.0,4585225.7245,15158484.7,VAW,IYM,Materials
2012-01-11,4.358630056867486,4.227563406008323,78.15,68.55,0.008388,0.00987,0.0,0.0,0.008388397920513402,0.009870359457866823,0.0,-0.0014819615373534208,65900.0,466300.0,4639207.5745,16058520.55,VAW,IYM,Materials
2012-01-12,4.373238128640803,4.244056835450428,79.3,69.69,0.014715,0.01663,0.0,0.0,0.01471529110684581,0.01663019693654267,0.0,-0.0019149058296968596,52900.0,248100.0,4703351.6745,16000475.05,VAW,IYM,Materials
2012-01-13,4.366240181742005,4.232946411659729,78.747,68.92,-0.006974,-0.011049,0.0,0.0,-0.006973518284993695,-0.011048930980054527,0.0,0.004075412695060832,57700.0,109200.0,4700306.7695,14752146.8,VAW,IYM,Materials
2012-01-17,4.37197629882038,4.236278058110767,79.2,69.15,0.005753,0.003337,0.0,0.0,0.005752600099051392,0.003337202553685432,0.0,0.00241539754536596,45800.0,184600.0,4632811.1195,14517549.8,VAW,IYM,Materials
2012-01-18,4.384648195378833,4.2514907510291575,80.21,70.21,0.012753,0.015329,0.0,0.0,0.012752525252525253,0.015328994938539408,0.0,-0.002576469686014155,48700.0,203700.0,4672694.4695,14141403.65,VAW,IYM,Materials
2012-01-19,4.386017410922724,4.252202646837681,80.3199,70.26,0.00137,0.000712,0.0,0.0,0.0013701533474629508,0.0007121492664862555,0.0,0.0006580040809766953,79600.0,294700.0,4778351.5715,14243472.25,VAW,IYM,Materials
2012-01-20,4.383525510797617,4.249637446628136,80.12,70.08,-0.002489,-0.002562,0.0,0.0,-0.0024887979193201596,-0.0025619128949615714,0.0,7.311497564141184e-05,38100.0,100000.0,4726464.171499999,13938060.1,VAW,IYM,Materials
2012-01-23,4.383899879055562,4.2512058507423305,80.15,70.19,0.000374,0.00157,0.0,0.0,0.00037443834248627057,0.001569634703196347,0.0,-0.0011951963607100763,91200.0,232500.0,4891940.671499999,13875034.45,VAW,IYM,Materials
2012-01-24,4.386516539946734,4.2514907510291575,80.36,70.21,0.00262,0.000285,0.0,0.0,0.0026200873362445414,0.00028494087476848553,0.0,0.002335146461476056,35700.0,153000.0,4790961.2715,13962058.95,VAW,IYM,Materials
2012-01-25,4.401337719614282,4.2702567338308715,81.5599,71.54,0.014932,0.018943,0.0,0.0,0.01493155798904932,0.018943170488534396,0.0,-0.004011612499485076,41200.0,300900.0,4818744.6655,14711751.95,VAW,IYM,Materials
2012-01-26,4.398514952178684,4.26633516017769,81.33,71.26,-0.002819,-0.003914,0.0,0.0,-0.0028187871735988307,-0.003913894324853229,0.0,0.001095107151254398,67100.0,181100.0,4942967.3155000005,15001889.25,VAW,IYM,Materials
2012-01-27,4.406475315076191,4.274719781685373,81.98,71.86,0.007992,0.00842,0.0,0.0,0.007992130825033812,0.008419870895312938,0.0,-0.00042774007027912564,59100.0,111600.0,4889797.5155,14783916.75,VAW,IYM,Materials
2012-01-30,4.404032714936497,4.2708157053378795,81.78,71.58,-0.00244,-0.003896,0.0,0.0,-0.0024396194193705783,-0.003896465349290287,0.0,0.0014568459299197085,52800.0,230100.0,4838004.3155000005,15160222.0,VAW,IYM,Materials
2012-01-31,4.404888303817144,4.268297869345539,81.85,71.4,0.000856,-0.002515,0.0,35700000.0,0.0008559550012227928,0.056859457949147804,-35700000.0,-0.05600350294792501,386700.0,1134000.0,6253472.0155,18630223.5,VAW,IYM,Materials
2012-02-01,4.417876287567579,4.281653660527095,82.92,72.36,0.013073,0.013445,0.0,0.0,0.013072693952351864,0.013445378151260505,0.0,-0.00037268419890864116,156800.0,1337100.0,6722812.2305,22564659.9,VAW,IYM,Materials
2012-02-02,4.415098675734075,4.28234441140073,82.69,72.41,-0.002774,0.000691,0.0,0.0,-0.002773757838880849,0.0006909894969596462,0.0,-0.003464747335840495,66100.0,109700.0,6752284.280499999,22207640.35,VAW,IYM,Materials
2012-02-03,4.4297447958819784,4.298780886070615,83.91,73.61,0.014754,0.016572,0.0,0.0,0.014753900108840246,0.01657229664410993,0.0,-0.0018183965352696826,59900.0,827200.0,6735808.930499999,24084883.55,VAW,IYM,Materials
2012-02-06,4.426163130161966,4.29714934254078,83.61,73.49,-0.003575,-0.00163,0.0,0.0,-0.003575259206292456,-0.0016302132862382828,0.0,-0.0019450459200541733,45500.0,174700.0,6802467.680499999,23835450.7,VAW,IYM,Materials
2012-02-07,4.423288532422522,4.292101927145895,83.37,73.12,-0.00287,-0.005035,0.0,0.0,-0.0028704700394689632,-0.005034698598448769,0.0,0.0021642285589798054,124700.0,209100.0,6891796.280499999,23977190.1,VAW,IYM,Materials
2012-02-08,4.424007956913983,4.293058799613136,83.43,73.19,0.00072,0.000957,0.0,0.0,0.0007196833393306944,0.0009573304157549234,0.0,-0.00023764707642422893,49300.0,282300.0,6624314.341,24644393.75,VAW,IYM,Materials
2012-02-09,4.42484663185681,4.293878247897177,83.5,73.25,0.000839,0.00082,0.0,0.0,0.0008390267289943665,0.0008197841235141412,0.0,1.9242605480225246e-05,78800.0,143100.0,6695800.091,23570254.25,VAW,IYM,Materials
2012-02-10,4.406963119963913,4.2740237421222265,82.02,71.81,-0.017725,-0.019659,0.0,0.0,-0.017724550898203593,-0.019658703071672355,0.0,0.0019341521734687617,76900.0,630200.0,6801418.490999999,24968482.9,VAW,IYM,Materials
2012-02-13,4.411949448325136,4.278054044290903,82.43,72.1,0.004999,0.004038,0.0,0.0,0.004998780785174348,0.004038434758390197,0.0,0.0009603460267841512,69100.0,194500.0,6859029.045999999,25293352.2,VAW,IYM,Materials
2012-02-14,4.399375273008495,4.262257252536892,81.4,70.97,-0.012495,-0.015673,0.0,0.0,-0.012495450685430062,-0.015672676837725382,0.0,0.0031772261522953205,203800.0,1206400.0,7507127.045999999,28936008.1,VAW,IYM,Materials
2012-02-15,4.397407736712184,4.2612704335380815,81.24,70.9,-0.001966,-0.000986,0.0,0.0,-0.0019656019656019656,-0.0009863322530646753,0.0,-0.0009792697125372903,46000.0,277400.0,7498667.6959999995,29204302.25,VAW,IYM,Materials
2012-02-16,4.415340513703815,4.279440045898781,82.71,72.2,0.018095,0.018336,0.0,0.0,0.01809453471196455,0.018335684062059238,0.0,-0.00024114935009468888,58500.0,233700.0,7420921.244,29012678.15,VAW,IYM,Materials
2012-02-17,4.416065676897304,4.278885875754368,82.77,72.16,0.000725,-0.000554,0.0,0.0,0.0007254261878853826,-0.000554016620498615,0.0,0.0012794428083839978,43400.0,102400.0,7447903.544,29031737.35,VAW,IYM,Materials
2012-02-21,4.419201988273939,4.2842759793301965,83.03,72.55,0.003141,0.005405,0.0,0.0,0.0031412347468889696,0.0054046563192904655,0.0,-0.002263421572401496,52400.0,764400.0,7299958.143999999,30988639.6,VAW,IYM,Materials
2012-02-22,4.415340513703815,4.280270725719494,82.71,72.26,-0.003854,-0.003997,0.0,0.0,-0.003854028664338191,-0.00399724328049621,0.0,0.00014321461615801872,48300.0,381300.0,7356260.194,31829170.0,VAW,IYM,Materials
2012-02-23,4.418840607796598,4.2842759793301965,83.0,72.55,0.003506,0.004013,0.0,0.0,0.0035062265747793494,0.0040132853584278995,0.0,-0.00050705878364855,44800.0,491200.0,7374166.8,32534678.7,VAW,IYM,Materials
2012-02-24,4.418358563921272,4.28317268312119,82.96,72.47,-0.000482,-0.001103,0.0,0.0,-0.00048192771084337347,-0.0011026878015161956,0.0,0.0006207600906728222,31200.0,167000.0,7230722.25,32494543.9,VAW,IYM,Materials
2012-02-27,4.418840607796598,4.282620578207235,83.0,72.43,0.000482,-0.000552,0.0,0.0,0.00048216007714561236,-0.0005519525320820561,0.0,0.0010341126092276685,47600.0,101800.0,7186011.35,32462233.8,VAW,IYM,Materials
2012-02-28,4.420886705880596,4.2859286446285445,83.17,72.67,0.002048,0.003314,0.0,0.0,0.0020481927710843373,0.0033135441115557996,0.0,-0.0012653513404714623,55700.0,143200.0,7201740.6,32159023.1,VAW,IYM,Materials
2012-02-29,4.403788126455394,4.266756065129537,81.76,71.29,-0.016953,-0.01899,49056000.0,39209500.0,0.06441358957887712,0.04163426170019002,9846500.0,0.022779327878687097,54200.0,315500.0,5840740.45,29235242.85,VAW,IYM,Materials
2012-03-01,4.4135253017332525,4.275276264727001,82.56,71.9,0.009785,0.008557,0.0,0.0,0.009784735812133072,0.00855659980361902,0.0,0.0012281360085140518,62700.0,337300.0,5449473.25,25610208.55,VAW,IYM,Materials
2012-03-02,4.409156518606406,4.268017718062014,82.2001,71.38,-0.004359,-0.007232,0.0,0.0,-0.004359253875968845,-0.0072322670375521555,0.0,0.0028730131615833107,38500.0,124200.0,5334417.992500001,25656309.5,VAW,IYM,Materials
2012-03-05,4.393708139447719,4.246636372564359,80.94,69.87,-0.01533,-0.021154,0.0,0.0,-0.015329665049069428,-0.021154384981787615,0.0,0.0058247199327181864,60700.0,156000.0,5328760.442500001,23156785.9,VAW,IYM,Materials
2012-03-06,4.370080563655481,4.221857882521061,79.05,68.16,-0.023351,-0.024474,0.0,0.0,-0.02335063009636768,-0.024474023185916703,0.0,0.0011233930895490248,71500.0,381800.0,5421151.442500001,23816025.15,VAW,IYM,Materials
2012-03-07,4.374876130645041,4.227855121296273,79.43,68.57,0.004807,0.006015,0.0,0.0,0.00480708412397217,0.006015258215962257,0.0,-0.0012081740919900868,42900.0,838000.0,5071716.8425,25924638.55,VAW,IYM,Materials
2012-03-08,4.392966574712216,4.243626264937855,80.88,69.66,0.018255,0.015896,0.0,0.0,0.01825506735490369,0.015896164503427342,0.0,0.0023589028514763473,26600.0,134700.0,4973632.2925,25360721.8,VAW,IYM,Materials
2012-03-09,4.396299293960601,4.24735173134728,81.15,69.92,0.003338,0.003732,0.0,0.0,0.0033382789317507417,0.0037324145851277634,0.0,-0.00039413565337702164,50500.0,130400.0,4849546.0425,25292496.45,VAW,IYM,Materials
2012-03-12,4.38962271129551,4.238733464847405,80.61,69.32,-0.006654,-0.008581,0.0,0.0,-0.006654343807763401,-0.008581235697940684,0.0,0.0019268918901772826,36700.0,96900.0,4682098.492500001,23365618.75,VAW,IYM,Materials
2012-03-13,4.408668565620303,4.258304120182863,82.16,70.69,0.019228,0.019764,0.0,0.0,0.019228383575238803,0.019763416041546637,0.0,-0.0005350324663078339,37000.0,130500.0,4549298.8425,23125698.5,VAW,IYM,Materials
2012-03-14,4.4029315953537775,4.251775570170929,81.69,70.23,-0.005721,-0.006507,0.0,0.0,-0.005720545277507303,-0.006507285330315462,0.0,0.0007867400528081591,59300.0,124800.0,3962043.6925,19283023.3,VAW,IYM,Materials
2012-03-15,4.410735561310335,4.261411467315905,82.33,70.91,0.007834,0.009682,0.0,0.0,0.007834496266372873,0.009682471878114766,0.0,-0.0018479756117418932,29100.0,116800.0,3894981.8425000003,18713754.7,VAW,IYM,Materials
2012-03-16,4.412798293340635,4.268437915561019,82.5,71.41,0.002065,0.007051,0.0,0.0,0.002064860925543544,0.007051191651389085,0.0,-0.0049863307258455405,60300.0,131800.0,3901792.5925,18340689.6,VAW,IYM,Materials
2012-03-19,4.417876287567579,4.272351267864781,82.92,71.69,0.005091,0.003921,0.0,0.0,0.005090909090909091,0.0039210194650609155,0.0,0.0011698896258481757,371800.0,109400.0,5263664.4925,18363374.7,VAW,IYM,Materials
2012-03-20,4.41153446474258,4.2642279738954265,82.3958,71.11,-0.006322,-0.00809,0.0,0.0,-0.006321755909310289,-0.008090389175617241,0.0,0.0017686332663069525,76800.0,136400.0,5362525.7645,16075483.9,VAW,IYM,Materials
2012-03-21,4.41153082377367,4.26507138131118,82.3955,71.17,-4e-06,0.000844,0.0,0.0,-3.6409622819474697e-06,0.0008437631837997469,0.0,-0.0008474041460816943,31000.0,106100.0,5290494.1395000005,15075403.85,VAW,IYM,Materials
2012-03-22,4.394202210604015,4.244056835450428,80.98,69.69,-0.017179,-0.020795,0.0,0.0,-0.017179336250159292,-0.020795278909652944,0.0,0.003615942659493651,58900.0,528600.0,5343060.2395,15135482.55,VAW,IYM,Materials
2012-03-23,4.405987272118725,4.257030144499196,81.94,70.6,0.011855,0.013058,0.0,0.0,0.01185477895776735,0.013057827521882623,0.0,-0.0012030485641152736,73200.0,985200.0,5513543.0395,18008114.05,VAW,IYM,Materials
2012-03-26,4.418238016636454,4.26619481914876,82.95,71.25,0.012326,0.012162,0.0,0.0,0.012326092262631193,0.009206798866855524,0.0,0.0031192933957756696,406500.0,270300.0,7001961.789500001,18602389.1,VAW,IYM,Materials
2012-03-27,4.416669578117421,4.263665306838804,82.82,71.07,-0.001567,-0.002526,0.0,0.0,-0.001567209162145871,-0.002526315789473861,0.0,0.0009591066273279903,65900.0,105800.0,7043225.239500001,18458032.2,VAW,IYM,Materials
2012-03-28,4.403665809777363,4.24778070111149,81.75,69.95,-0.01292,-0.015759,0.0,0.0,-0.012919584641390968,-0.015759110735894016,0.0,0.002839526094503048,27400.0,141200.0,6933653.139500001,17827279.45,VAW,IYM,Materials
2012-03-29,4.405132623388357,4.25063580654847,81.87,70.15,0.001468,0.002859,0.0,0.0,0.0014678899082568807,0.0028591851322373124,0.0,-0.0013912952239804317,33700.0,427800.0,6812778.489500001,18115194.45,VAW,IYM,Materials
2012-03-30,4.409276949164042,4.253624919869357,82.21,70.36,0.004153,0.002994,8220999.999999999,-59806000.0,0.01694631211135964,-0.08722276904743048,68027000.0,0.10416908115879012,39500.0,267900.0,6816908.047,18614396.85,VAW,IYM,Materials
2012-04-02,4.422088340247728,4.268437915561019,83.27,71.41,0.012894,0.014923,0.0,0.0,0.012893808539107165,0.014923251847640704,0.0,-0.0020294433085335396,78500.0,441000.0,6898089.897,19644001.35,VAW,IYM,Materials
2012-04-03,4.415219602029645,4.257738109130536,82.7,70.65,-0.006845,-0.010643,0.0,0.0,-0.006845202353788879,-0.010642767119451058,0.0,0.0037975647656621784,79600.0,259500.0,6944632.147,19259510.7,VAW,IYM,Materials
2012-04-04,4.401829261970061,4.24233343993555,81.6,69.57,-0.013301,-0.015287,0.0,0.0,-0.013301088270858524,-0.015286624203821656,0.0,0.001985535932963132,92300.0,351500.0,7150838.797,17609120.45,VAW,IYM,Materials
2012-04-05,4.395066248181685,4.236133434493478,81.05,69.14,-0.00674,-0.006181,0.0,0.0,-0.006740196078431373,-0.006180825068276556,0.0,-0.0005593710101548166,70100.0,155900.0,7327348.647,17678906.65,VAW,IYM,Materials
2012-04-09,4.380149874661021,4.222004585374694,79.85,68.17,-0.014806,-0.01403,0.0,0.0,-0.014805675508945095,-0.014029505351460804,0.0,-0.0007761701574842909,70500.0,199100.0,7403916.147,17901660.6,VAW,IYM,Materials
2012-04-10,4.3578620076745835,4.202451303547952,78.09,66.85,-0.022041,-0.019363,0.0,0.0,-0.022041327489041952,-0.019363356315094615,0.0,-0.002677971173947337,156300.0,243600.0,7866270.147,18380038.2,VAW,IYM,Materials
2012-04-11,4.368688070234701,4.210199814972569,78.94,67.37,0.010885,0.007779,0.0,0.0,0.010884876424638238,0.007778608825729245,0.0,0.003106267598908993,121300.0,110700.0,8193045.2469999995,18291678.9,VAW,IYM,Materials
2012-04-12,4.395806258082254,4.242477169723796,81.11,69.58,0.027489,0.032804,0.0,0.0,0.027489232328350648,0.03280391865815645,0.0,-0.0053146863298058,95400.0,193800.0,8337729.097,18527673.9,VAW,IYM,Materials
2012-04-13,4.386889790339869,4.230331271421687,80.39,68.74,-0.008877,-0.012073,0.0,0.0,-0.008876833929231907,-0.012072434607645875,0.0,0.003195600678413967,249100.0,564100.0,9219196.397,20052371.2,VAW,IYM,Materials
2012-04-16,4.388753955423308,4.2336716274432,80.54,68.97,0.001866,0.003346,0.0,0.0,0.0018659037193680806,0.003345941227814955,0.0,-0.0014800375084468745,92300.0,681800.0,9342150.997,21932966.6,VAW,IYM,Materials
2012-04-17,4.402809173856411,4.249066507417651,81.68,70.04,0.014155,0.015514,0.0,0.0,0.014154457412465855,0.015513991590546615,0.0,-0.0013595341780807593,78600.0,278200.0,8121670.597,22515078.7,VAW,IYM,Materials
2012-04-18,4.398023007758481,4.245347435758628,81.29,69.78,-0.004775,-0.003712,0.0,0.0,-0.004774730656219393,-0.0037121644774414622,0.0,-0.0010625661787779304,36200.0,99200.0,7952405.625,22376217.3,VAW,IYM,Materials
2012-04-19,4.394696037774544,4.244200317766478,81.02,69.7,-0.003321,-0.001146,0.0,0.0,-0.0033214417517529833,-0.0011464603038119805,0.0,-0.0021749814479410027,59800.0,145100.0,8066942.4,22504333.95,VAW,IYM,Materials
2012-04-20,4.396299293960601,4.242477169723796,81.15,69.58,0.001605,-0.001722,0.0,0.0,0.0016045420883732413,-0.001721664275466284,0.0,0.0033262063638395253,32800.0,97100.0,7961542.3,21000238.15,VAW,IYM,Materials
2012-04-23,4.382026634673881,4.228584037430304,80.0,68.62,-0.014171,-0.013797,0.0,0.0,-0.014171287738755391,-0.013797068123023858,0.0,-0.00037421961573153376,36800.0,334100.0,7808841.9,18668779.25,VAW,IYM,Materials
2012-04-24,4.381651564343798,4.229749199228304,79.97,68.7,-0.000375,0.001166,0.0,0.0,-0.000375,0.0011658408627222385,0.0,-0.0015408408627222386,31500.0,214900.0,6248835.9,18444017.0,VAW,IYM,Materials
2012-04-25,4.404888303817144,4.253482783560398,81.85,70.35,0.023509,0.024018,0.0,0.0,0.023508815805927223,0.024017467248908297,0.0,-0.0005086514429810743,53800.0,195800.0,6196120.5,18756783.2,VAW,IYM,Materials
2012-04-26,4.404766121643371,4.25405120762004,81.84,70.39,-0.000122,0.000569,0.0,0.0,-0.00012217470983506414,0.0005685856432125089,0.0,-0.0006907603530475731,42800.0,176800.0,6259260.6,18885183.8,VAW,IYM,Materials
2012-04-27,4.4101280647847565,4.256463411698536,82.28,70.56,0.005376,0.002415,0.0,0.0,0.005376344086021506,0.0024151157834919734,0.0,0.0029612283025295325,34000.0,179100.0,6261185.65,18016540.1,VAW,IYM,Materials
2012-04-30,4.400603020246817,4.24735173134728,81.5,69.92,-0.00948,-0.00907,16300000.0,-20976000.0,0.015442056381185038,-0.04363761008279281,37276000.0,0.059079666463977845,41200.0,547200.0,6266710.9,18987079.1,VAW,IYM,Materials
2012-05-01,4.404888303817144,4.254761283628006,81.85,70.44,0.004294,0.007437,0.0,0.0,0.004294478527607362,0.007437070938215103,0.0,-0.003142592410607741,31800.0,119000.0,6070017.65,17831606.6,VAW,IYM,Materials
2012-05-02,4.399620943074833,4.248352374701448,81.42,69.99,-0.005254,-0.006388,0.0,0.0,-0.005253512522907758,-0.006388415672913117,0.0,0.0011349031500053593,27700.0,160300.0,5853638.35,17475892.7,VAW,IYM,Materials
2012-05-03,4.38882472520613,4.234541192715384,80.5457,69.03,-0.010738,-0.013716,0.0,0.0,-0.010738147875215006,-0.013716245177882554,0.0,0.002978097302667548,49300.0,71400.0,5675599.5005,16499637.05,VAW,IYM,Materials
2012-05-04,4.371723741677985,4.216414691442874,79.18,67.79,-0.016956,-0.017963,0.0,0.0,-0.016955591670318765,-0.01796320440388237,0.0,0.0010076127335636037,36900.0,340500.0,5537606.350500001,17114815.5,VAW,IYM,Materials
2012-05-07,4.37020705786854,4.2171519914836475,79.06,67.84,-0.001516,0.000738,0.0,0.0,-0.0015155342258145997,0.000737571913261543,0.0,-0.0022531061390761425,53300.0,149900.0,5466830.0005,16944643.95,VAW,IYM,Materials
2012-05-08,4.365643155423357,4.207673247529104,78.7,67.2,-0.004554,-0.009434,0.0,0.0,-0.004553503668100177,-0.009433962264150943,0.0,0.004880458596050766,46800.0,417100.0,5040714.6505,17531866.95,VAW,IYM,Materials
2012-05-09,4.359013860364809,4.2034978761186235,78.18,66.92,-0.006607,-0.004167,0.0,0.0,-0.006607369758576874,-0.004166666666666667,0.0,-0.0024407030919102075,58800.0,293900.0,4791792.7505,18142363.4,VAW,IYM,Materials
2012-05-10,4.357477761752469,4.200354866721424,78.06,66.71,-0.001535,-0.003138,0.0,0.0,-0.0015349194167306216,-0.0031380753138075313,0.0,0.0016031558970769097,47700.0,295500.0,4591071.1505,18453773.45,VAW,IYM,Materials
2012-05-11,4.355425952876702,4.19675071805349,77.9,66.47,-0.00205,-0.003598,0.0,0.0,-0.0020497053548552396,-0.003597661520011992,0.0,0.0015479561651567525,32400.0,113200.0,3716011.7005000003,16891181.95,VAW,IYM,Materials
2012-05-14,4.339510497570803,4.182050142641207,76.67,65.5,-0.01579,-0.014593,0.0,0.0,-0.015789473684210527,-0.01459304949601324,0.0,-0.0011964241881972874,76000.0,636000.0,3635665.6005,16622894.65,VAW,IYM,Materials
2012-05-15,4.325720798462787,4.161535811762424,75.62,64.17,-0.013695,-0.020305,0.0,0.0,-0.013695056736663623,-0.020305343511450382,0.0,0.006610286774786759,194700.0,526900.0,4050823.9005000005,17339196.9,VAW,IYM,Materials
2012-05-16,4.312408567793012,4.146778872070522,74.62,63.23,-0.013224,-0.014649,0.0,0.0,-0.013224014810896589,-0.014648589683652798,0.0,0.001424574872756209,52900.0,178700.0,4101058.9005000005,17558048.15,VAW,IYM,Materials
2012-05-17,4.287441192184014,4.123903364463645,72.78,61.8,-0.024658,-0.022616,0.0,0.0,-0.024658268560707585,-0.022615846908113236,0.0,-0.002042421652594349,59500.0,301500.0,4075329.6005,17984009.65,VAW,IYM,Materials
2012-05-18,4.2798554720627555,4.114637265489863,72.23,61.23,-0.007557,-0.009223,0.0,0.0,-0.007557021159659247,-0.009223300970873786,0.0,0.0016662798112145388,70400.0,150000.0,4196493.2005,18105423.75,VAW,IYM,Materials
2012-05-21,4.311067545733388,4.148674906767148,74.52,63.35,0.031704,0.034624,0.0,0.0,0.03170427800083068,0.034623550547117424,0.0,-0.0029192725462867455,56800.0,435800.0,4260930.0005,18339523.15,VAW,IYM,Materials
2012-05-22,4.304470416455007,4.139317927864832,74.03,62.76,-0.006575,-0.009313,0.0,0.0,-0.0065754159957058505,-0.009313338595106552,0.0,0.0027379225994007012,34200.0,211000.0,4261568.5505,18263459.65,VAW,IYM,Materials
2012-05-23,4.315352501405889,4.1513548169388805,74.84,63.52,0.010942,0.01211,0.0,0.0,0.010941510198568148,0.012109623964308477,0.0,-0.001168113765740329,56500.0,219200.0,4252815.0505,18270912.35,VAW,IYM,Materials
2012-05-24,4.3209487851652915,4.155909917880256,75.26,63.81,0.005612,0.004566,0.0,0.0,0.005611972207375735,0.004565491183879093,0.0,0.0010464810234966423,34000.0,226200.0,4205619.4505,18370355.85,VAW,IYM,Materials
2012-05-25,4.31748811353631,4.151197373814884,75.0,63.51,-0.003455,-0.004702,0.0,0.0,-0.0034546904065904864,-0.004701457451810061,0.0,0.0012467670452195744,23200.0,81500.0,4152743.4505000003,17997294.3,VAW,IYM,Materials
2012-05-29,4.335851797553269,4.171459912439625,76.39,64.81,0.018533,0.020469,0.0,0.0,0.018533333333333332,0.020469217446071483,0.0,-0.001935884112738151,28500.0,452100.0,4093709.2005000003,17549313.15,VAW,IYM,Materials
2012-05-30,4.316954637930166,4.146304301152812,74.96,63.2,-0.01872,-0.024842,0.0,0.0,-0.018719727713051446,-0.024841845394229286,0.0,0.00612211768117784,31300.0,472400.0,4080880.1005,18622979.15,VAW,IYM,Materials
2012-05-31,4.310396359722554,4.1370847158982595,74.47,62.62,-0.006537,-0.009177,-7447000.0,-9393000.0,-0.018728047767743075,-0.027083651059935945,1946000.0,0.00835560329219287,28100.0,170500.0,4072743.7505,18595844.8,VAW,IYM,Materials
2012-06-01,4.289225803818339,4.116758157059,72.91,61.36,-0.020948,-0.020121,0.0,0.0,-0.02094803276487176,-0.02012136697540722,0.0,-0.0008266657894645431,58100.0,263500.0,4086002.15,19157825.7,VAW,IYM,Materials
2012-06-04,4.288539791580417,4.117898315175836,72.86,61.43,-0.000686,0.001141,0.0,0.0,-0.0006857769853243725,0.0011408083441981746,0.0,-0.0018265853295225472,104300.0,275400.0,4319879.95,18849592.05,VAW,IYM,Materials
2012-06-05,4.298645025734831,4.125843229281472,73.6,61.92,0.010156,0.007977,0.0,0.0,0.010156464452374416,0.007976558684681752,0.0,0.002179905767692664,46300.0,278600.0,4279569.05,19203676.85,VAW,IYM,Materials
2012-06-06,4.321334041797467,4.149936935645806,75.289,63.43,0.022948,0.024386,0.0,0.0,0.02294836956521739,0.024386304909560723,0.0,-0.001437935344343333,28700.0,178000.0,4203450.765,18366747.85,VAW,IYM,Materials
2012-06-07,4.323470185213858,4.150567353318379,75.45,63.47,0.002138,0.000631,0.0,0.0,0.0021384265961827092,0.0006306164275579379,0.0,0.0015078101686247713,21100.0,189800.0,4053201.315,17985688.75,VAW,IYM,Materials
2012-06-08,4.330206885944085,4.156066620850098,75.96,63.82,0.006759,0.005514,0.0,0.0,0.006759443339960238,0.005514416259650229,0.0,0.0012450270803100096,26300.0,90400.0,3966915.6149999998,17288514.9,VAW,IYM,Materials
2012-06-11,4.310396359722554,4.133565275375382,74.47,62.4,-0.019616,-0.02225,0.0,0.0,-0.019615587151132177,-0.022250078345346286,0.0,0.0026344911942141093,34000.0,266700.0,3967316.6149999998,17744398.7,VAW,IYM,Materials
2012-06-12,4.328625857946767,4.150094577326593,75.84,63.44,0.018397,0.016667,0.0,0.0,0.01839666979991943,0.016666666666666666,0.0,0.0017300031332527638,39300.0,132000.0,3824996.215,16080202.7,VAW,IYM,Materials
2012-06-13,4.313747793920587,4.136445738240736,74.72,62.58,-0.014768,-0.013556,0.0,0.0,-0.014767932489451477,-0.01355611601513241,0.0,-0.0012118164743190676,39900.0,78700.0,3237901.915,14635896.35,VAW,IYM,Materials
2012-06-14,4.320018243389936,4.142340760490356,75.19,62.95,0.00629,0.005912,0.0,0.0,0.006290149892933619,0.005912432086928731,0.0,0.00037771780600488747,33600.0,107600.0,3166851.215,14409607.3,VAW,IYM,Materials
2012-06-15,4.333098961050458,4.157632301458019,76.18,63.92,0.013167,0.015409,0.0,0.0,0.013166644500598484,0.015409054805401112,0.0,-0.002242410304802628,53400.0,92400.0,3153731.315,13773282.7,VAW,IYM,Materials
2012-06-18,4.3374214512437606,4.162003210695915,76.51,64.2,0.004332,0.00438,0.0,0.0,0.0043318456287739565,0.004380475594493116,0.0,-4.862996571915971e-05,96000.0,100800.0,3266729.715,13637625.7,VAW,IYM,Materials
2012-06-19,4.358630056867486,4.181286492355909,78.15,65.45,0.021435,0.024712,0.0,0.0,0.021435106522023264,0.019470404984423675,0.0,0.001964701537599589,86700.0,228400.0,3393873.165,13004668.2,VAW,IYM,Materials
2012-06-20,4.3551691805039985,4.178226046202803,77.88,65.25,-0.003455,-0.003056,0.0,0.0,-0.00345489443378119,-0.0030557677616501145,0.0,-0.00039912667213107527,38900.0,200900.0,3418758.465,12997986.45,VAW,IYM,Materials
2012-06-21,4.319619174545265,4.140273494110501,75.16,62.82,-0.034925,-0.037241,0.0,0.0,-0.03492552645095018,-0.037241379310344824,0.0,0.002315852859394646,55900.0,143600.0,3417407.665,12752854.85,VAW,IYM,Materials
2012-06-22,4.326646051321076,4.143769445549624,75.69,63.04,0.007052,0.003502,0.0,0.0,0.0070516232038318255,0.0035020694046482012,0.0,0.0035495537991836242,23900.0,178300.0,3379915.215,12593165.35,VAW,IYM,Materials
2012-06-25,4.312542571143296,4.128584945376802,74.63,62.09,-0.014005,-0.01507,0.0,0.0,-0.014004492006870128,-0.015069796954314721,0.0,0.0010653049474445928,28700.0,203600.0,3400009.2649999997,12966438.3,VAW,IYM,Materials
2012-06-26,4.31508522892,4.129389903964901,74.82,62.14,0.002546,0.000805,0.0,0.0,0.0025458930724909555,0.0008052826542116283,0.0,0.0017406104182793273,36200.0,118600.0,3426577.715,11869898.45,VAW,IYM,Materials
2012-06-27,4.324132656254979,4.137882864236584,75.5,62.67,0.009088,0.008529,0.0,0.0,0.0090884790163058,0.0085291277759897,0.0,0.0005593512403161,20100.0,231700.0,3385142.815,11103146.4,VAW,IYM,Materials
2012-06-28,4.325720798462787,4.140432666414855,75.62,62.83,0.001589,0.002553,0.0,0.0,0.0015894039735099338,0.002553055688527206,0.0,-0.0009636517150172722,23000.0,186400.0,3367475.465,11154886.5,VAW,IYM,Materials
2012-06-29,4.353498551059343,4.170070272750237,77.75,64.72,0.028167,0.030081,-7775000.0,-51776000.0,0.01539330198145983,-0.07103109080984915,44001000.0,0.08642439279130898,60000.0,184500.0,3388921.915,10943510.5,VAW,IYM,Materials
2012-07-02,4.353112624509239,4.165424143903053,77.72,64.42,-0.000386,-0.004635,0.0,0.0,-0.0003858520900321543,-0.0046353522867737945,0.0,0.00424950019674164,97600.0,128500.0,3388230.6149999998,10511517.9,VAW,IYM,Materials
2012-07-03,4.367420482284519,4.184946706904381,78.84,65.69,0.014411,0.019714,0.0,0.0,0.014410705095213588,0.019714374417882645,0.0,-0.005303669322669057,28300.0,202600.0,3329405.2150000003,10314412.0,VAW,IYM,Materials
2012-07-05,4.368181227851829,4.183880527532955,78.9,65.62,0.000761,-0.001066,0.0,0.0,0.00076103500761035,-0.0010656112041405373,0.0,0.0018266462117508874,20800.0,104500.0,3303421.5,10092749.5,VAW,IYM,Materials
2012-07-06,4.355425952876702,4.169761201506855,77.9,64.7,-0.012674,-0.01402,0.0,0.0,-0.012674271229404309,-0.014020115818348186,0.0,0.0013458445889438769,32600.0,143200.0,3350798.75,9953671.2,VAW,IYM,Materials
2012-07-09,4.348081978620944,4.159039321153912,77.33,64.01,-0.007317,-0.010665,0.0,0.0,-0.007317073170731708,-0.01066460587326108,0.0,0.0033475327025293726,39200.0,110800.0,3402478.15,10019820.2,VAW,IYM,Materials
2012-07-10,4.333492687678026,4.141228148120951,76.21,62.88,-0.014483,-0.017654,0.0,0.0,-0.014483382904435536,-0.01765349164193107,0.0,0.0031701087374955347,38500.0,144800.0,3422583.4,9642967.4,VAW,IYM,Materials
2012-07-11,4.33033852551513,4.136765278106052,75.97,62.6,-0.003149,-0.004453,0.0,0.0,-0.0031491930192888073,-0.004452926208651399,0.0,0.001303733189362592,65800.0,418500.0,3523499.1,10534168.4,VAW,IYM,Materials
2012-07-12,4.324397521837245,4.130033404630607,75.52,62.18,-0.005923,-0.006709,0.0,0.0,-0.005923390812162696,-0.00670926517571885,0.0,0.0007858743635561537,85700.0,159700.0,3698035.9,10784423.4,VAW,IYM,Materials
2012-07-13,4.342635907068963,4.149306120296075,76.91,63.39,0.018406,0.01946,0.0,0.0,0.01840572033898305,0.01945963332261177,0.0,-0.0010539129836287207,28300.0,92700.0,3680544.35,10739565.05,VAW,IYM,Materials
2012-07-16,4.338858139272503,4.1424996041091475,76.62,62.96,-0.003771,-0.006783,0.0,0.0,-0.0037706410089715253,-0.006783404322448336,0.0,0.003012763313476811,28600.0,87200.0,3586710.35,10718760.25,VAW,IYM,Materials
2012-07-17,4.35040696029342,4.1535564218539465,77.51,63.66,0.011616,0.011118,0.0,0.0,0.011615766118506917,0.011118170266836086,0.0,0.0004975958516708311,32300.0,121800.0,3344641.0,10782881.65,VAW,IYM,Materials
2012-07-18,4.3551691805039985,4.1596640283427435,77.88,64.05,0.004774,0.006126,0.0,0.0,0.00477357760288995,0.006126295947219604,0.0,-0.0013527183443296543,30200.0,95600.0,3123459.55,10341601.65,VAW,IYM,Materials
2012-07-19,4.3660242771963755,4.1705337005796475,78.73,64.75,0.010914,0.010929,0.0,0.0,0.01091422701592193,0.01092896174863388,0.0,-1.4734732711949028e-05,86500.0,371500.0,3312490.2,10888896.65,VAW,IYM,Materials
2012-07-20,4.3576058601322,4.161068194265009,78.07,64.14,-0.008383,-0.009421,0.0,0.0,-0.008383081417502857,-0.009420849420849422,0.0,0.001037768003346564,46600.0,119500.0,3284321.1,10821085.55,VAW,IYM,Materials
2012-07-23,4.341595188879544,4.146304301152812,76.83,63.2,-0.015883,-0.014655,0.0,0.0,-0.015883181759959012,-0.014655441222326161,0.0,-0.0012277405376328512,24100.0,275900.0,3286451.7,11130927.95,VAW,IYM,Materials
2012-07-24,4.325985243790257,4.127456913672303,75.64,62.02,-0.015489,-0.018671,0.0,0.0,-0.01548874137706625,-0.018670886075949366,0.0,0.003182144698883116,22000.0,142800.0,3262561.65,10941674.55,VAW,IYM,Materials
2012-07-25,4.325985243790257,4.125843229281472,75.64,61.92,0.0,-0.001612,0.0,0.0,0.0,-0.0016123831022250886,0.0,0.0016123831022250886,26400.0,125300.0,3226982.25,10961113.15,VAW,IYM,Materials
2012-07-26,4.332573750954351,4.135166556742356,76.14,62.5,0.00661,0.009367,0.0,0.0,0.006610259122157589,0.009366925064599484,0.0,-0.0027566659424418946,23900.0,205800.0,3242092.05,10878206.2,VAW,IYM,Materials
2012-07-27,4.353498551059343,4.156693187286636,77.75,63.86,0.021145,0.02176,0.0,0.0,0.021145258733911217,0.02176,0.0,-0.0006147412660887849,41600.0,248300.0,3316849.05,11085452.5,VAW,IYM,Materials
2012-07-30,4.353369925424077,4.157945143631696,77.74,63.94,-0.000129,0.001253,0.0,0.0,-0.00012861736334405144,0.001252740369558409,0.0,-0.0013813577329024604,32500.0,216100.0,3209926.55,11179282.2,VAW,IYM,Materials
2012-07-31,4.34756458111878,4.154498485041848,77.29,63.72,-0.005788,-0.003441,7729000.000000001,6372000.0,0.0067188521058951746,0.010117903902255303,1357000.000000001,-0.003399051796360128,43700.0,150800.0,2999531.6,11245832.5,VAW,IYM,Materials
2012-08-01,4.343285806357451,4.1530850572447005,76.96,63.63,-0.00427,-0.001412,0.0,0.0,-0.004269633846551948,-0.0014124293785310734,0.0,-0.002857204468020874,53200.0,122600.0,3092686.6,10970444.7,VAW,IYM,Materials
2012-08-02,4.333623895445714,4.141228148120951,76.22,62.88,-0.009615,-0.011787,0.0,0.0,-0.009615384615384616,-0.011786892975011787,0.0,0.002171508359627171,67200.0,157400.0,3266729.8,11122445.8,VAW,IYM,Materials
2012-08-03,4.353369925424077,4.161847435323687,77.74,64.19,0.019942,0.020833,0.0,0.0,0.019942272369456837,0.020833333333333332,0.0,-0.0008910609638764951,26800.0,113900.0,3243924.4,11024755.85,VAW,IYM,Materials
2012-08-06,4.365261888341151,4.175002465239555,78.67,65.04,0.011963,0.013242,0.0,0.0,0.011962953434525341,0.013241937996572799,0.0,-0.0012789845620474576,51100.0,133100.0,3293359.45,11102981.65,VAW,IYM,Materials
2012-08-07,4.37462430490712,4.187075661479786,79.41,65.83,0.009406,0.012146,0.0,0.0,0.009406381085547222,0.012146371463714513,0.0,-0.0027399903781672903,25200.0,187600.0,3246711.8,11265215.85,VAW,IYM,Materials
2012-08-08,4.3770128365681416,4.19010918420648,79.5999,66.03,0.002391,0.003038,0.0,0.0,0.002391386475255043,0.003038128512836093,0.0,-0.0006467420375810499,20500.0,87700.0,3078360.3975,10244852.4,VAW,IYM,Materials
2012-08-09,4.381401439279963,4.197201947661808,79.95,66.5,0.004398,0.007118,0.0,0.0,0.0043982467314657055,0.007117976677267908,0.0,-0.0027197299458022028,29100.0,119000.0,2871084.4475000002,10144020.1,VAW,IYM,Materials
2012-08-10,4.382901252084542,4.1993049978585875,80.07,66.64,0.001501,0.002105,0.0,0.0,0.00150093808630394,0.002105263157894737,0.0,-0.0006043250715907968,16700.0,69800.0,2829115.2475,10082781.05,VAW,IYM,Materials
2012-08-13,4.3765114539857715,4.191622501686571,79.56,66.13,-0.006369,-0.007653,0.0,0.0,-0.006369426751592357,-0.007653061224489916,0.0,0.0012836344728975593,13300.0,74300.0,2772456.0475000003,10053948.4,VAW,IYM,Materials
2012-08-14,4.372228792193771,4.185403293169068,79.22,65.72,-0.004273,-0.0062,0.0,0.0,-0.004273504273504274,-0.006199909269620324,0.0,0.0019264049961160504,57200.0,65800.0,2873846.5975,9882477.8,VAW,IYM,Materials
2012-08-15,4.377265317572172,4.18950321539533,79.62,65.99,0.005049,0.004108,0.0,0.0,0.005049229992426155,0.004108338405355934,0.0,0.0009408915870702207,17800.0,45600.0,2827109.5975,9726776.0,VAW,IYM,Materials
2012-08-16,4.391729410135267,4.2033484327947255,80.78,66.91,0.014569,0.013942,0.0,0.0,0.01456920371765888,0.013941506288831763,0.0,0.0006276974288271162,49900.0,38300.0,2688148.4475000002,8652177.4,VAW,IYM,Materials
2012-08-17,4.392842927107731,4.203049479130317,80.87,66.89,0.001114,-0.000299,0.0,0.0,0.0011141371626640258,-0.00029890898221491554,0.0,0.0014130461448789414,33100.0,56900.0,2640085.1975000002,8459242.95,VAW,IYM,Materials
2012-08-20,4.391110253406924,4.204394067366058,80.73,66.98,-0.001731,0.001346,0.0,0.0,-0.001731173488314579,0.001345492599790701,0.0,-0.00307666608810528,30100.0,197200.0,2669003.6975000002,8247821.75,VAW,IYM,Materials
2012-08-21,4.390986376045354,4.205140280369866,80.72,67.03,-0.000124,0.000746,0.0,0.0,-0.0001238696890870804,0.000746491489997014,0.0,-0.0008703611790840944,30300.0,63800.0,2708090.4975,8018824.65,VAW,IYM,Materials
2012-08-22,4.397776944765114,4.212868064406208,81.27,67.55,0.006814,0.007758,0.0,0.0,0.006813676907829534,0.0077577204236908845,0.0,-0.0009440435158613505,37500.0,102100.0,2760626.9475000002,7975738.6,VAW,IYM,Materials
2012-08-23,4.383775105207999,4.19675071805349,80.14,66.47,-0.013904,-0.015988,0.0,0.0,-0.013904269718223207,-0.01598815692079941,0.0,0.002083887202576202,19800.0,148600.0,2748978.2475,7826485.7,VAW,IYM,Materials
2012-08-24,4.382151626862033,4.195395806291828,80.01,66.38,-0.001622,-0.001354,0.0,0.0,-0.0016221612178687298,-0.0013539942831353694,0.0,-0.0002681669347333604,31500.0,155300.0,2713273.9975,7549104.5,VAW,IYM,Materials
2012-08-27,4.376385754783795,4.185555442275485,79.55,65.73,-0.005749,-0.009792,0.0,0.0,-0.005749281339832521,-0.009792106056040856,0.0,0.004042824716208335,46300.0,90900.0,2771104.7475,7156975.65,VAW,IYM,Materials
2012-08-28,4.374372415737022,4.182813210209709,79.39,65.55,-0.002011,-0.002738,0.0,0.0,-0.002011313639220616,-0.0027384755819260614,0.0,0.0007271619427054454,23100.0,92000.0,2693921.5475000003,6978056.85,VAW,IYM,Materials
2012-08-29,4.377767577753498,4.183423245305645,79.66,65.59,0.003401,0.00061,0.0,0.0,0.003400932107318302,0.0006102212051868803,0.0,0.0027907109021314217,12400.0,71100.0,2538597.1475,6821177.4,VAW,IYM,Materials
2012-08-30,4.368347247022989,4.1751562049585145,78.9131,65.05,-0.009376,-0.008233,0.0,0.0,-0.009376098418277717,-0.0082329623418204,0.0,-0.0011431360764573174,18500.0,88900.0,2355492.565,6615459.05,VAW,IYM,Materials
2012-08-31,4.380149874661021,4.187227556368814,79.85,65.84,0.011873,0.012144,0.0,-16460000.0,0.0118725534797138,-0.021820076451258455,16460000.0,0.03369262993097225,16500.0,106900.0,2317197.215,6601811.8,VAW,IYM,Materials
2012-09-04,4.369860425574879,4.172231100879172,79.0326,64.86,-0.010237,-0.014885,0.0,0.0,-0.01023669380087668,-0.01488456865127582,0.0,0.00464787485039914,38600.0,103200.0,2268728.283,6503648.2,VAW,IYM,Materials
2012-09-05,4.37260741275739,4.175002465239555,79.25,65.04,0.002751,0.002775,0.0,0.0,0.002750763608941158,0.0027752081406106736,0.0,-2.4444531669515473e-05,30500.0,65200.0,2289527.9329999997,6098193.2,VAW,IYM,Materials
2012-09-06,4.396668911410751,4.2011040987936346,81.18,66.76,0.024353,0.026445,0.0,0.0,0.024353312302839117,0.026445264452644522,0.0,-0.0020919521498054053,38100.0,124200.0,2362585.9355,6223231.25,VAW,IYM,Materials
2012-09-07,4.4157031610332655,4.226979720014808,82.74,68.51,0.019217,0.026213,0.0,0.0,0.019216555801921657,0.026213301378070698,0.0,-0.00699674557614904,52800.0,208900.0,2464692.2854999998,6543143.2,VAW,IYM,Materials
2012-09-10,4.414856779264584,4.224641563169959,82.67,68.35,-0.000846,-0.002335,0.0,0.0,-0.0008460236886632825,-0.00233542548533085,0.0,0.0014894017966675674,117700.0,122100.0,2884346.7854999998,6727846.35,VAW,IYM,Materials
2012-09-11,4.417755682128127,4.229894749042985,82.91,68.71,0.002903,0.005267,0.0,0.0,0.0029031087456150963,0.00526700804681785,0.0,-0.0023638993012027537,33900.0,145500.0,2971971.8354999996,6982038.65,VAW,IYM,Materials
2012-09-12,4.4173937785111725,4.22814675151123,82.88,68.59,-0.000362,-0.001747,0.0,0.0,-0.00036183813773971776,-0.0017464706738464814,0.0,0.0013846325361067636,33000.0,135300.0,2882154.6355,7229831.2,VAW,IYM,Materials
2012-09-13,4.441827387791918,4.25575454373095,84.93,70.51,0.024735,0.027993,0.0,0.0,0.024734555984555984,0.02799241871993014,0.0,-0.0032578627353741577,49200.0,156700.0,3020220.6355,7631819.85,VAW,IYM,Materials
2012-09-14,4.454231010422805,4.273466561441981,85.99,71.77,0.012481,0.01787,0.0,0.0,0.012480866596020252,0.017869805701318842,0.0,-0.00538893910529859,72100.0,428600.0,3128668.4854999995,9041718.3,VAW,IYM,Materials
2012-09-17,4.438761347654186,4.256179924807906,84.67,70.54,-0.015351,-0.017138,0.0,0.0,-0.015350622165368066,-0.017138079977706448,0.0,0.0017874578123383816,35300.0,126500.0,3144271.1854999997,9297581.75,VAW,IYM,Materials
2012-09-18,4.434974808991977,4.2520603082138555,84.35,70.25,-0.003779,-0.004111,0.0,0.0,-0.0037793787646155665,-0.004111142614119765,0.0,0.00033176384950419887,65600.0,439000.0,3299440.5354999998,10179146.45,VAW,IYM,Materials
2012-09-19,4.441803838709743,4.254761283628006,84.928,70.44,0.006852,0.002705,0.0,0.0,0.006852400711321873,0.002704626334519573,0.0,0.004147774376802299,31800.0,68200.0,3312185.2555,10205521.15,VAW,IYM,Materials
2012-09-20,4.4389975309335075,4.2512058507423305,84.69,70.19,-0.002802,-0.003549,0.0,0.0,-0.002802373775433308,-0.0035491198182850655,0.0,0.0007467460428517573,25300.0,105500.0,3266936.8555,10230930.65,VAW,IYM,Materials
2012-09-21,4.4356858779956285,4.244630641232919,84.41,69.73,-0.003306,-0.006554,0.0,0.0,-0.0033061754634549534,-0.006553640119675168,0.0,0.0032474646562202143,28300.0,59000.0,3307038.4055,9942762.05,VAW,IYM,Materials
2012-09-24,4.431923329269794,4.236567242612494,84.093,69.17,-0.003755,-0.008031,0.0,0.0,-0.0037554792086245707,-0.008030976624121612,0.0,0.004275497415497042,39900.0,167000.0,3348788.1904999996,10004890.85,VAW,IYM,Materials
2012-09-25,4.415093838378078,4.213460043112263,82.6896,67.59,-0.016689,-0.018538,0.0,0.0,-0.016688666119653275,-0.02284227266155848,0.0,0.006153606541905204,30900.0,575200.0,3292385.3724999996,11650036.4,VAW,IYM,Materials
2012-09-26,4.410735561310335,4.210645017918261,82.33,67.4,-0.004349,-0.002811,0.0,0.0,-0.0043487935604960845,-0.002811066725846896,0.0,-0.0015377268346491884,31300.0,281800.0,3329536.3724999996,12298172.4,VAW,IYM,Materials
2012-09-27,4.423528398098894,4.222884350827332,83.39,68.23,0.012875,0.012315,0.0,0.0,0.012875015182800924,0.012314540059347057,0.0,0.0005604751234538664,32100.0,87900.0,3413988.1225,12364870.8,VAW,IYM,Materials
2012-09-28,4.417635062141249,4.215233879497554,82.9,67.71,-0.005876,-0.007621,0.0,16927500.0,-0.005876004317064396,0.026836313449606602,-16927500.0,-0.032712317766670995,45200.0,95900.0,3528347.5050000004,12400393.0,VAW,IYM,Materials
2012-10-01,4.419442836059304,4.21980177957905,83.05,68.02,0.001809,0.004578,0.0,0.0,0.0018094089264173703,0.004578348840644042,0.0,-0.0027689399142266716,33500.0,123400.0,3601580.0050000004,12468161.6,VAW,IYM,Materials
2012-10-02,4.415219602029645,4.212423850287702,82.7,67.52,-0.004214,-0.007351,0.0,0.0,-0.004214328717639976,-0.0073507791825933545,0.0,0.0031364504649533786,35600.0,99300.0,3596253.0870000003,12468720.8,VAW,IYM,Materials
2012-10-03,4.411221292953157,4.208714372037514,82.37,67.27,-0.00399,-0.003703,0.0,0.0,-0.003990326481257557,-0.00370260663507109,0.0,-0.0002877198461864669,31100.0,100600.0,3603482.1870000004,12595058.5,VAW,IYM,Materials
2012-10-04,4.424007956913983,4.221857882521061,83.43,68.16,0.012869,0.01323,0.0,0.0,0.012868762899113755,0.01323026609186859,0.0,-0.00036150319275483553,30400.0,118700.0,3575647.8870000006,12585008.5,VAW,IYM,Materials
2012-10-05,4.4275973362163406,4.224641563169959,83.73,68.35,0.003596,0.002787,0.0,0.0,0.003595828838547285,0.002787558685445892,0.0,0.0008082701531013929,33900.0,77600.0,3499136.6370000006,12134619.55,VAW,IYM,Materials
2012-10-08,4.4246070822090005,4.223470431430189,83.48,68.27,-0.002986,-0.00117,0.0,0.0,-0.0029857876507822763,-0.0011704462326260717,0.0,-0.0018153414181562046,26000.0,35800.0,3121147.687,11839546.1,VAW,IYM,Materials
2012-10-09,4.4152679684536835,4.2162671661789055,82.704,67.78,-0.009296,-0.007177,0.0,0.0,-0.009295639674173455,-0.007177383916800937,0.0,-0.0021182557573725174,69200.0,147400.0,3266771.077,11839219.45,VAW,IYM,Materials
2012-10-10,4.4058652241537235,4.206928922969246,81.93,67.15,-0.009359,-0.009295,0.0,0.0,-0.009358676726639582,-0.009294777220418885,0.0,-6.389950622069651e-05,140500.0,193600.0,3705577.3270000005,12025220.1,VAW,IYM,Materials
2012-10-11,4.410492606984553,4.2162671661789055,82.31,67.78,0.004638,0.009382,0.0,0.0,0.004638105699987794,0.009381980640357288,0.0,-0.0047438749403694936,21500.0,63400.0,3585132.7770000002,11687636.85,VAW,IYM,Materials
2012-10-12,4.4041549867468825,4.207375584184147,81.79,67.18,-0.006318,-0.008852,0.0,0.0,-0.0063175798809379175,-0.008852168781351312,0.0,0.002534588900413395,19200.0,51200.0,3353657.2270000004,10321586.55,VAW,IYM,Materials
2012-10-15,4.41267707387264,4.214258658887438,82.49,67.644,0.008558,0.006907,0.0,0.0,0.008558503484533561,0.0069068175052098835,0.0,0.0016516859793236777,16400.0,45700.0,3271856.4770000004,10029987.59,VAW,IYM,Materials
2012-10-16,4.43366986782572,4.237867538974276,84.24,69.26,0.021215,0.02389,0.0,0.0,0.021214692690023032,0.0238897758855183,0.0,-0.0026750831954952675,33500.0,50800.0,3136290.4770000004,8663920.49,VAW,IYM,Materials
2012-10-17,4.443121734033692,4.250065437218876,85.04,70.11,0.009497,0.012273,0.0,0.0,0.00949667616334283,0.012272596015015765,0.0,-0.0027759198516729353,22300.0,193000.0,3096074.557,9100281.59,VAW,IYM,Materials
2012-10-18,4.444414407108697,4.2510633701550695,85.15,70.18,0.001294,0.000998,0.0,0.0,0.0012935089369708374,0.0009984310369420624,0.0,0.00029507790002877496,77100.0,96700.0,3317194.957,9069349.64,VAW,IYM,Materials
2012-10-19,4.425684604013345,4.229312422632585,83.57,68.67,-0.018556,-0.021516,0.0,0.0,-0.018555490311215502,-0.02151610145340564,0.0,0.0029606111421901365,30400.0,104800.0,3324781.207,9223476.940000001,VAW,IYM,Materials
2012-10-22,4.427836170705175,4.236133434493478,83.75,69.14,0.002154,0.006844,0.0,0.0,0.002153882972358502,0.006844327945245377,0.0,-0.004690444972886875,33400.0,86300.0,3296878.1720000003,8944246.540000001,VAW,IYM,Materials
2012-10-23,4.4029315953537775,4.205885936955008,81.69,67.08,-0.024597,-0.029795,0.0,0.0,-0.024597014925373133,-0.029794619612380675,0.0,0.005197604687007543,38000.0,114100.0,3324333.74,7383049.540000001,VAW,IYM,Materials
2012-10-24,4.401338945706255,4.203796695783181,81.56,66.94,-0.001591,-0.002087,0.0,0.0,-0.0015913820541069898,-0.0020870602265951103,0.0,0.0004956781724881204,31900.0,74500.0,3325575.49,6682735.04,VAW,IYM,Materials
2012-10-25,4.401093697391107,4.203796695783181,81.54,66.94,-0.000245,0.0,0.0,0.0,-0.0002452182442373713,0.0,0.0,-0.0002452182442373713,34500.0,94900.0,3332391.04,6700494.49,VAW,IYM,Materials
2012-10-26,4.402441819416474,4.2078220459818745,81.65,67.21,0.001349,0.004033,0.0,0.0,0.0013490311503556536,0.004033462802509591,0.0,-0.002684431652153937,100300.0,52400.0,3554511.7900000005,6551915.24,VAW,IYM,Materials
2012-10-31,4.4029315953537775,4.206333064170148,81.69,67.11,0.00049,-0.001488,16338000.0,-6711000.0,0.025349875916928593,-0.01489072115946301,23049000.0,0.040240597076391604,186800.0,152200.0,4178387.6400000006,6642938.9399999995,VAW,IYM,Materials
2012-11-01,4.424487285862646,4.230622180514649,83.47,68.76,0.02179,0.024587,0.0,0.0,0.021789692740849555,0.024586499776486487,0.0,-0.0027968070356369328,33800.0,86100.0,4172245.9400000004,6603713.9399999995,VAW,IYM,Materials
2012-11-02,4.404277243608702,4.20797082229696,81.8,67.22,-0.020007,-0.022397,0.0,0.0,-0.020007188211333415,-0.022396742292030366,0.0,0.002389554080696951,31400.0,35200.0,4172586.590000001,6383653.04,VAW,IYM,Materials
2012-11-05,4.411221292953157,4.213164097564083,82.37,67.57,0.006968,0.005207,0.0,0.0,0.006968215158924205,0.005206783695328651,0.0,0.0017614314635955542,25000.0,98200.0,4148735.4900000007,6310892.14,VAW,IYM,Materials
2012-11-06,4.420165031564935,4.223323943478561,83.11,68.26,0.008984,0.010212,0.0,0.0,0.00898385334466432,0.010211632381234516,0.0,-0.0012277790365701965,25700.0,41400.0,4113609.4900000007,6186992.34,VAW,IYM,Materials
2012-11-07,4.405254760793088,4.203946072137182,81.88,66.95,-0.0148,-0.019191,0.0,0.0,-0.014799663097100228,-0.019191327278054615,0.0,0.004391664180954387,42800.0,282200.0,4180308.6900000004,7009453.540000001,VAW,IYM,Materials
2012-11-08,4.390738575275903,4.19010918420648,80.7,66.03,-0.014411,-0.013742,0.0,0.0,-0.01441133365901319,-0.013741598207617625,0.0,-0.0006697354513955645,37900.0,103500.0,4047079.35,6851620.19,VAW,IYM,Materials
2012-11-09,4.388878109622984,4.18737942818929,80.55,65.85,-0.001859,-0.002726,0.0,0.0,-0.0018587360594795538,-0.0027260336210814494,0.0,0.0008672975616018956,26700.0,505600.0,3579055.35,7866296.19,VAW,IYM,Materials
2012-11-12,4.387262901469128,4.186315840760911,80.42,65.78,-0.001614,-0.001063,0.0,0.0,-0.0016139044072004966,-0.0010630220197417144,0.0,-0.0005508823874587822,51100.0,62800.0,3696045.2,7857982.790000001,VAW,IYM,Materials
2012-11-13,4.384648195378833,4.182660643270669,80.21,65.54,-0.002611,-0.003648,0.0,0.0,-0.002611290723700572,-0.0036485253876556993,0.0,0.0010372346639551271,39800.0,54600.0,3777144.6999999993,7864926.19,VAW,IYM,Materials
2012-11-14,4.365897252743998,4.164336934042136,78.72,64.35,-0.018576,-0.018157,0.0,0.0,-0.018576237376885674,-0.018156850778150994,0.0,-0.00041938659873468065,54100.0,92300.0,3922440.5,8007334.9,VAW,IYM,Materials
2012-11-15,4.35939751661352,4.154184562578117,78.21,63.7,-0.006479,-0.010101,0.0,0.0,-0.0064786585365853655,-0.010101010101009977,0.0,0.0036223515644246114,70900.0,92300.0,4058592.95,8125390.0,VAW,IYM,Materials
2012-11-16,4.363480717386783,4.158257887965753,78.53,63.96,0.004092,0.004082,0.0,0.0,0.004091548395345864,0.004081632653061225,0.0,9.915742284639234e-06,39500.0,79300.0,4118870.1,7702429.9,VAW,IYM,Materials
2012-11-19,4.39197696552705,4.184642200202881,80.8,65.67,0.028906,0.026735,0.0,0.0,0.028906150515726474,0.02673545966228893,0.0,0.0021706908534375423,64500.0,109800.0,4051196.85,7723637.9,VAW,IYM,Materials
2012-11-20,4.392224459650327,4.1832707714165025,80.82,65.58,0.000247,-0.00137,0.0,0.0,0.00024752475247524753,-0.0013704888076747374,0.0,0.001618013560149985,30400.0,44600.0,4047016.85,7510050.5,VAW,IYM,Materials
2012-11-21,4.393708139447719,4.185859671057874,80.94,65.75,0.001485,0.002592,0.0,0.0,0.0014847809948032665,0.00259225373589509,0.0,-0.0011074727410918237,19400.0,81300.0,3985666.15,7478985.15,VAW,IYM,Materials
2012-11-23,4.408272917741749,4.1993049978585875,82.1275,66.64,0.014671,0.013536,0.0,0.0,0.014671361502347418,0.013536121673003802,0.0,0.001135239829343616,6400.0,43200.0,3856735.95,7240236.15,VAW,IYM,Materials
2012-11-26,4.408181592150733,4.198254025612612,82.12,66.57,-9.1e-05,-0.00105,0.0,0.0,-9.132142096131016e-05,-0.0010504201680673485,0.0,0.0009590987471060383,58500.0,94100.0,3966848.75,7304096.499999998,VAW,IYM,Materials
2012-11-27,4.4057431612911975,4.1940390562533,81.92,66.29,-0.002436,-0.004206,0.0,0.0,-0.0024354603019970775,-0.004206098843322575,0.0,0.0017706385413254976,32000.0,256500.0,3957264.25,7836635.45,VAW,IYM,Materials
2012-11-28,4.408911963455264,4.198704577546343,82.18,66.6,0.003174,0.004676,0.0,0.0,0.003173828125,0.004676421783074125,0.0,-0.0015025936580741247,38100.0,111400.0,3704342.4,8031507.249999998,VAW,IYM,Materials
2012-11-29,4.416548827045609,4.205289456173828,82.81,67.04,0.007666,0.006607,0.0,0.0,0.007666098807495741,0.006606606606606851,0.0,0.0010594922008888901,41100.0,61300.0,3111532.35,7726277.749999998,VAW,IYM,Materials
2012-11-30,4.417152436649256,4.206333064170148,82.86,67.11,0.000604,0.001044,16572000.0,-3355500.0,0.02486379403861243,-0.005765671423700865,19927500.0,0.030629465462313297,48700.0,101700.0,3172232.15,7771520.3,VAW,IYM,Materials
2012-12-03,4.4005784800684085,4.19010918420648,81.498,66.03,-0.016437,-0.016093,0.0,0.0,-0.016437364228819695,-0.016092981671881983,0.0,-0.00034438255693771194,36300.0,302500.0,3191725.02,8651916.85,VAW,IYM,Materials
2012-12-04,4.403421131528038,4.193133532496888,81.73,66.23,0.002847,0.003029,0.0,0.0,0.0028466956244325016,0.0030289262456459185,0.0,-0.00018223062121341688,86300.0,63500.0,3441427.47,8530428.4,VAW,IYM,Materials
2012-12-05,4.3945726038424,4.184642200202881,81.01,65.67,-0.00881,-0.008455,0.0,0.0,-0.008809494677596966,-0.008455382757058734,0.0,-0.0003541119205382314,43600.0,63100.0,3511232.9200000004,8596319.05,VAW,IYM,Materials
2012-12-06,4.397284637062863,4.186315840760911,81.23,65.78,0.002716,0.001675,0.0,0.0,0.0027157141093692135,0.0016750418760469012,0.0,0.0010406722333223123,27600.0,43000.0,3448107.12,7793081.55,VAW,IYM,Materials
2012-12-07,4.404888303817144,4.195094465322244,81.85,66.36,0.007633,0.008817,0.0,0.0,0.007632648036439739,0.008817269686834904,0.0,-0.001184621650395165,40500.0,63600.0,3460926.87,7662401.1,VAW,IYM,Materials
2012-12-10,4.412070756022258,4.205140280369866,82.44,67.03,0.007208,0.010096,0.0,0.0,0.007208307880268785,0.010096443640747438,0.0,-0.002888135760478653,58100.0,98700.0,3592880.8200000003,6328506.15,VAW,IYM,Materials
2012-12-11,4.419081542624893,4.21227573505378,83.02,67.51,0.007035,0.007161,0.0,0.0,0.007035419699175158,0.0071609726987917075,0.0,-0.00012555299961654939,33900.0,70900.0,3528126.62,6361279.9,VAW,IYM,Materials
2012-12-12,4.416790314610172,4.214495163352562,82.83,67.66,-0.002289,0.002222,0.0,0.0,-0.002288605155384245,0.0022218930528809335,0.0,-0.0045104982082651785,30100.0,129800.0,3493167.87,6621469.1,VAW,IYM,Materials
2012-12-13,4.411451932858525,4.208863015664693,82.389,67.28,-0.005324,-0.005616,0.0,0.0,-0.005324157913799348,-0.005616316878510198,0.0,0.0002921589647108501,39200.0,114400.0,3441712.71,6709335.45,VAW,IYM,Materials
2012-12-14,4.419081542624893,4.21980177957905,83.02,68.02,0.007659,0.010999,0.0,0.0,0.007658789401497773,0.010998810939357907,0.0,-0.0033400215378601343,42000.0,88600.0,3338800.2600000002,6716688.55,VAW,IYM,Materials
2012-12-17,4.428790938649766,4.226103551734458,83.83,68.45,0.009757,0.006322,0.0,0.0,0.009756685136111781,0.0063216700970302854,0.0,0.0034350150390814954,42100.0,122200.0,3360165.66,6881316.65,VAW,IYM,Materials
2012-12-18,4.441002839774179,4.239021940256878,84.86,69.34,0.012287,0.013002,0.0,0.0,0.012286770845759274,0.01300219138056976,0.0,-0.0007154205348104854,79700.0,114400.0,3437752.7600000002,6917413.15,VAW,IYM,Materials
2012-12-19,4.4373430753445895,4.226249633102039,84.55,68.46,-0.003653,-0.005471,0.0,0.0,-0.0036530756540183833,-0.012691087395442864,0.0,0.009038011741424481,80500.0,69300.0,3655220.1100000003,7008383.65,VAW,IYM,Materials
2012-12-20,4.426880490307507,4.234396317669857,83.67,69.02,0.008173,0.00818,0.0,0.0,-0.010408042578356003,0.00817995910020462,0.0,-0.018588001678560624,74100.0,75900.0,3886705.66,7003040.8,VAW,IYM,Materials
2012-12-21,4.420646205638937,4.227563406008323,83.15,68.55,-0.006215,-0.00681,0.0,0.0,-0.006214891836978606,-0.006809620399884092,0.0,0.0005947285629054853,44500.0,133900.0,4045433.6100000003,7318040.65,VAW,IYM,Materials
2012-12-24,4.423888088768799,4.2284382967028,83.42,68.61,0.003247,0.000875,0.0,0.0,0.0032471437161755864,0.00087527352297593,0.0,0.0023718701931996562,37800.0,63000.0,3962896.41,7220950.3,VAW,IYM,Materials
2012-12-26,4.428194315518889,4.234251421632511,83.78,69.01,0.004316,0.00583,0.0,0.0,0.004315511867657636,0.005830053927998953,0.0,-0.0015145420603413168,55800.0,548300.0,4065570.6100000003,8262690.2,VAW,IYM,Materials
2012-12-27,4.424966385165138,4.230040277676,83.51,68.72,-0.003223,-0.004202,0.0,0.0,-0.00322272618763428,-0.004202289523257617,0.0,0.0009795633356233365,119800.0,86100.0,4409242.61,8187567.8,VAW,IYM,Materials
2012-12-28,4.413536202836626,4.217299386280878,82.5609,67.85,-0.011365,-0.01266,0.0,0.0,-0.011365105975332261,-0.012660069848661352,0.0,0.001294963873329091,65900.0,181200.0,4511106.225500001,8596811.2,VAW,IYM,Materials
2012-12-31,4.433313679041901,4.238589195929893,84.21,69.31,0.019974,0.021518,0.0,27724000.0,0.019974346209888666,0.0774916465612099,-27724000.0,-0.05751730035132123,89200.0,101400.0,4684918.725500001,8606958.55,VAW,IYM,Materials
2013-01-02,4.459450531638685,4.264087336809195,86.44,71.1,0.026482,0.025826,0.0,0.0,0.02648141550884693,0.02582599913432405,0.0,0.0006554163745228804,91000.0,437700.0,4930301.8555,9164278.3,VAW,IYM,Materials
2013-01-03,4.452718062796414,4.256460577227399,85.86,70.5598,-0.00671,-0.007598,0.0,0.0,-0.006709856547894493,-0.0075977496483825594,0.0,0.0008878931004880665,138300.0,421900.0,5171358.8055,10442457.031,VAW,IYM,Materials
2013-01-04,4.465103197090973,4.269977130865259,86.93,71.52,0.012462,0.013608,0.0,0.0,0.012462147682273468,0.013608315216312972,0.0,-0.0011461675340395036,72100.0,399600.0,5308139.6555,11664237.781,VAW,IYM,Materials
2013-01-07,4.463145685958674,4.2694176902912275,86.76,71.48,-0.001956,-0.000559,0.0,0.0,-0.0019555964569193604,-0.0005592841163310962,0.0,-0.0013963123405882642,455200.0,407200.0,7170699.8555000005,12978143.581,VAW,IYM,Materials
2013-01-08,4.463721822403716,4.264649766520309,86.81,71.14,0.000576,-0.004757,0.0,0.0,0.0005763024435223605,-0.004756575265808618,0.0,0.005332877709330978,293600.0,167100.0,8279324.4055,13361493.481,VAW,IYM,Materials
2013-01-09,4.469808548057415,4.2702567338308715,87.34,71.54,0.006105,0.005623,0.0,0.0,0.006105287409284644,0.0056227157717177395,0.0,0.00048257163756690487,105200.0,137100.0,8499244.605500001,13521107.131000001,VAW,IYM,Materials
2013-01-10,4.473009282385752,4.274441423993944,87.62,71.84,0.003206,0.004193,0.0,0.0,0.003205862147927639,0.004193458205199888,0.0,-0.0009875960572722489,218400.0,65700.0,9315336.105500001,13517778.581,VAW,IYM,Materials
2013-01-11,4.471638793363569,4.270116942120293,87.5,71.53,-0.00137,-0.004315,0.0,0.0,-0.0013695503309746632,-0.004315144766146993,0.0,0.0029455944351723298,71600.0,179600.0,9503926.955500001,13721004.581,VAW,IYM,Materials
2013-01-14,4.471981591744346,4.2698373000603045,87.53,71.51,0.000343,-0.00028,0.0,0.0,0.00034285714285714285,-0.0002796029637914162,0.0,0.000622460106648559,83100.0,83600.0,9706131.6655,13635074.781,VAW,IYM,Materials
2013-01-15,4.472666836174998,4.27039650600246,87.59,71.55,0.000685,0.000559,0.0,0.0,0.0006854792642522564,0.0005593623269472801,0.0,0.00012611693730497627,56600.0,130200.0,9779669.3655,13799536.681,VAW,IYM,Materials
2013-01-16,4.466023054577933,4.262961527514942,87.01,71.02,-0.006622,-0.007408,0.0,0.0,-0.006621760474940062,-0.007407407407407408,0.0,0.0007856469324673456,46600.0,76800.0,9805940.515500002,13654023.981,VAW,IYM,Materials
2013-01-17,4.47551697776122,4.272351267864781,87.84,71.69,0.009539,0.009434,0.0,0.0,0.009539133432938742,0.009433962264150943,0.0,0.0001051711687877991,48600.0,268000.0,9681224.6155,14218045.181,VAW,IYM,Materials
2013-01-18,4.4796069630127455,4.276527220481212,88.2,71.99,0.004098,0.004185,0.0,0.0,0.004098360655737705,0.004184684056353746,0.0,-8.632340061604047e-05,60500.0,126200.0,9607715.8655,14435088.181,VAW,IYM,Materials
2013-01-22,4.487624622133048,4.286753954166449,88.91,72.73,0.00805,0.010279,0.0,0.0,0.008049886621315193,0.010279205445200723,0.0,-0.00222931882388553,66900.0,109200.0,9595122.4655,14570263.081,VAW,IYM,Materials
2013-01-23,4.485147143388361,4.281653660527095,88.69,72.36,-0.002474,-0.005087,0.0,0.0,-0.0024744123270723202,-0.005087309225904029,0.0,0.0026128968988317087,78000.0,73900.0,9756004.7155,14378691.031,VAW,IYM,Materials
2013-01-24,4.486499256270413,4.280976261437108,88.81,72.311,0.001353,-0.000677,0.0,0.0,0.0013530273988048259,-0.0006771697070204533,0.0,0.002030197105825279,46800.0,263100.0,9806156.3155,15113820.735999998,VAW,IYM,Materials
2013-01-25,4.489198009735671,4.28496492183075,89.05,72.6,0.002702,0.003997,0.0,0.0,0.002702398378560973,0.003996625686271798,0.0,-0.0012942273077108254,84600.0,100200.0,9949091.6155,13585637.586,VAW,IYM,Materials
2013-01-28,4.480400299032142,4.27430221608671,88.27,71.83,-0.008759,-0.010606,0.0,0.0,-0.008759124087591242,-0.010606060606060607,0.0,0.001846936518469365,93000.0,54900.0,9859322.2155,13486971.336,VAW,IYM,Materials
2013-01-29,4.485147143388361,4.281930018135596,88.69,72.38,0.004758,0.007657,0.0,0.0,0.004758128469468675,0.007656967840735069,0.0,-0.0028988393712663938,66800.0,118800.0,9883508.65,13302187.536,VAW,IYM,Materials
2013-01-30,4.477223171657469,4.272630207894483,87.99,71.71,-0.007893,-0.009257,0.0,0.0,-0.007892659826361484,-0.009256700746062448,0.0,0.0013640409197009633,79500.0,113200.0,9857692.3,13356664.436,VAW,IYM,Materials
2013-01-31,4.471981591744346,4.26633516017769,87.53,71.26,-0.005228,-0.006275,61271000.0,49882000.0,0.07718904564077808,0.0840633359110559,11389000.0,-0.006874290270277819,50400.0,184100.0,9684965.9,12456589.236,VAW,IYM,Materials
2013-02-01,4.483454427303995,4.278885875754368,88.54,72.16,0.011539,0.01263,0.0,0.0,0.011538900948246316,0.012629806342969408,0.0,-0.0010909053947230924,60000.0,286200.0,9356864.0,12000739.855,VAW,IYM,Materials
2013-02-04,4.473123405067759,4.264368591205649,87.63,71.12,-0.010278,-0.014412,0.0,0.0,-0.010277840524056923,-0.014412416851441241,0.0,0.0041345763273843185,97600.0,143300.0,9471115.75,11081345.055000002,VAW,IYM,Materials
2013-02-05,4.478472532942134,4.2691378525952635,88.1,71.46,0.005363,0.004781,0.0,0.0,0.005363460002282323,0.004780652418447694,0.0,0.0005828075838346294,57100.0,74200.0,7747983.65,9891128.855,VAW,IYM,Materials
2013-02-06,4.481306198765705,4.274858931480352,88.35,71.87,0.002838,0.005738,0.0,0.0,0.0028376844494892167,0.005737475510775259,0.0,-0.002899791061286042,53400.0,80200.0,6709507.35,9584952.855,VAW,IYM,Materials
2013-02-07,4.476654763752664,4.268997904375876,87.94,71.45,-0.004641,-0.005844,0.0,0.0,-0.004640633842671194,-0.00584388479198553,0.0,0.0012032509493143358,44900.0,75700.0,6447524.25,9364984.405000001,VAW,IYM,Materials
2013-02-08,4.482211278587644,4.277082698901271,88.43,72.03,0.005572,0.008118,0.0,0.0,0.005571980896065648,0.008117564730580826,0.0,-0.002545583834515178,92800.0,102800.0,5901029.05,9499224.205000002,VAW,IYM,Materials
2013-02-11,4.480966582528785,4.27332721775054,88.32,71.76,-0.001244,-0.003748,0.0,0.0,-0.0012439217460140908,-0.003748438150770512,0.0,0.002504516404756421,40400.0,49400.0,5766185.45,9034132.005,VAW,IYM,Materials
2013-02-12,4.482776537774025,4.274719781685373,88.48,71.86,0.001812,0.001394,0.0,0.0,0.0018115942028986984,0.0013935340022296545,0.0,0.00041806020066904393,97100.0,128300.0,5832068.7,9196202.105,VAW,IYM,Materials
2013-02-13,4.485598050847247,4.277915338416487,88.73,72.09,0.002826,0.003201,0.0,0.0,0.002825497287522604,0.00320066796548845,0.0,-0.000375170677965846,165200.0,48700.0,6317098.8,8905950.755,VAW,IYM,Materials
2013-02-14,4.484470400750307,4.276527220481212,88.63,71.99,-0.001127,-0.001387,0.0,0.0,-0.0011270145384875464,-0.0013871549452073796,0.0,0.00026014040671983323,32400.0,103000.0,6257946.1,9003982.455000002,VAW,IYM,Materials
2013-02-15,4.483341477622957,4.270536258640519,88.53,71.56,-0.001128,-0.005973,0.0,0.0,-0.001128286133363421,-0.005973051812751771,0.0,0.00484476567938835,39400.0,64100.0,6218899.0,8272686.255000001,VAW,IYM,Materials
2013-02-19,4.481193006168381,4.268997904375876,88.34,71.45,-0.002146,-0.001537,0.0,0.0,-0.0021461651417598554,-0.0015371716042481833,0.0,-0.0006089935375116721,49300.0,112200.0,6169852.1,8219263.855000001,VAW,IYM,Materials
2013-02-20,4.449802098754394,4.237145360853772,85.61,69.21,-0.030903,-0.031351,0.0,0.0,-0.030903328050713153,-0.031350594821553536,0.0,0.0004472667708403828,90200.0,136900.0,6258549.25,8295900.505000001,VAW,IYM,Materials
2013-02-21,4.441238494305727,4.225957449023992,84.88,68.44,-0.008527,-0.011126,0.0,0.0,-0.00852704123350076,-0.011125559890189278,0.0,0.002598518656688519,88100.0,224500.0,6286554.65,8796769.305000002,VAW,IYM,Materials
2013-02-22,4.4548111421487375,4.237578730308009,86.0399,69.24,0.013665,0.011689,0.0,0.0,0.013665174363807759,0.011689070718877849,0.0,0.0019761036449299097,29800.0,159900.0,6206938.700999999,8399091.9,VAW,IYM,Materials
2013-02-25,4.431411859854625,4.213312081286144,84.05,67.58,-0.023128,-0.023975,0.0,0.0,-0.02312764194286607,-0.023974581166955517,0.0,0.0008469392240894463,52400.0,244900.0,6050468.200999999,8862883.0,VAW,IYM,Materials
2013-02-26,4.440767129696482,4.221857882521061,84.84,68.16,0.009399,0.008582,0.0,0.0,0.009399167162403332,0.00858242083456644,0.0,0.0008167463278368915,490700.0,103300.0,7721562.100999999,9017756.05,VAW,IYM,Materials
2013-02-27,4.457945466231566,4.239742764911457,86.31,69.39,0.017327,0.018046,0.0,0.0,0.017326732673267328,0.018045774647887324,0.0,-0.0007190419746199959,40500.0,231700.0,7600115.250999999,9391702.0,VAW,IYM,Materials
2013-02-28,4.4581771622474315,4.23945449739721,86.33,69.37,0.000232,-0.000288,0.0,-10405500.0,0.00023172285946008574,-0.018140221933996253,10405500.0,0.01837194479345634,67900.0,130200.0,7543445.350999999,9437422.1,VAW,IYM,Materials
2013-03-01,4.4569021693189885,4.2358441244958005,86.22,69.12,-0.001274,-0.003604,0.0,0.0,-0.0012741804702884282,-0.00360386334150209,0.0,0.002329682871213662,46600.0,225400.0,7523762.350999999,9560456.2,VAW,IYM,Materials
2013-03-04,4.4596818792394854,4.235265253278478,86.46,69.08,0.002784,-0.000579,0.0,0.0,0.0027835768963117608,-0.0005787037037037037,0.0,0.0033622806000154644,102100.0,97600.0,7699520.650999999,8864957.0,VAW,IYM,Materials
2013-03-05,4.465678207169493,4.241902126579715,86.98,69.54,0.006014,0.006659,0.0,0.0,0.006014341892204488,0.006658946149392009,0.0,-0.0006446042571875213,46500.0,126300.0,7474114.750999999,8794527.3,VAW,IYM,Materials
2013-03-06,4.475403127929026,4.25589635752967,87.83,70.52,0.009772,0.014093,0.0,0.0,0.009772361462405151,0.014092608570606844,0.0,-0.004320247108201693,34700.0,162100.0,7374974.300999999,9100975.3,VAW,IYM,Materials
2013-03-07,4.4785860338786385,4.2581626474514955,88.11,70.68,0.003188,0.002269,0.0,0.0,0.00318797677331208,0.0022688598979013048,0.0,0.0009191168754107753,40200.0,145000.0,7316180.900999999,9325206.6,VAW,IYM,Materials
2013-03-08,4.48796198508255,4.268297869345539,88.94,71.4,0.00942,0.010187,0.0,0.0,0.009420043127908296,0.010186757215619695,0.0,-0.0007667140877113988,43800.0,117300.0,7313534.200999999,9473529.35,VAW,IYM,Materials
2013-03-11,4.4921134636957945,4.270955399408094,89.31,71.59,0.00416,0.002661,0.0,0.0,0.004160107937935687,0.002661064425770308,0.0,0.001499043512165379,47200.0,191600.0,7113990.600999999,9789127.35,VAW,IYM,Materials
2013-03-12,4.493679809954728,4.27332721775054,89.45,71.76,0.001568,0.002375,0.0,0.0,0.0015675736199753667,0.0023746333286771898,0.0,-0.0008070597087018231,55700.0,49500.0,7184702.450999999,9789486.15,VAW,IYM,Materials
2013-03-13,4.4913293695643315,4.268157803514369,89.24,71.39,-0.002348,-0.005156,0.0,0.0,-0.0023476802683063164,-0.005156075808249721,0.0,0.0028083955399434046,27500.0,51200.0,6877837.050999999,9511262.65,VAW,IYM,Materials
2013-03-14,4.498030310430188,4.275415337114403,89.84,71.91,0.006723,0.007284,0.0,0.0,0.006723442402510085,0.007283933323994957,0.0,-0.0005604909214848722,38200.0,62500.0,6316521.651,9560442.25,VAW,IYM,Materials
2013-03-15,4.498364181670282,4.2761104090823325,89.87,71.96,0.000334,0.000695,0.0,0.0,0.00033392698130008905,0.0006953135864274788,0.0,-0.0003613866051273897,53200.0,58400.0,6411995.251,9399816.95,VAW,IYM,Materials
2013-03-18,4.491889499529125,4.270675991750506,89.29,71.57,-0.006454,-0.00542,0.0,0.0,-0.006453766551685768,-0.005419677598665925,0.0,-0.0010340889530198426,72100.0,114200.0,6559481.601,9579131.85,VAW,IYM,Materials
2013-03-19,4.488524003868771,4.266054458421461,88.99,71.24,-0.00336,-0.004611,0.0,0.0,-0.0033598387277410683,-0.004610870476456616,0.0,0.0012510317487155476,38200.0,100600.0,6511694.401,9536634.55,VAW,IYM,Materials
2013-03-20,4.496247778763904,4.272490747605575,89.68,71.7,0.007754,0.006457,0.0,0.0,0.007753680188785403,0.006457046603032005,0.0,0.0012966335857533982,89400.0,110500.0,6526462.901,9459034.6,VAW,IYM,Materials
2013-03-21,4.481871969643598,4.259435182087693,88.4,70.77,-0.014273,-0.012971,0.0,0.0,-0.014272970561998359,-0.01297071129707113,0.0,-0.0013022592649272295,53700.0,108900.0,6389920.501,9076138.25,VAW,IYM,Materials
2013-03-22,4.480966582528785,4.258728418329388,88.32,70.72,-0.000905,-0.000706,0.0,0.0,-0.0009049773755657582,-0.0007065140596297867,0.0,-0.00019846331593597157,47800.0,321700.0,6472805.85,9660095.65,VAW,IYM,Materials
2013-03-25,4.474833684260088,4.24735173134728,87.78,69.92,-0.006114,-0.007173,0.0,0.0,-0.006114130434782462,-0.011312217194570135,0.0,0.005198086759787673,39100.0,87900.0,6424204.75,9139876.95,VAW,IYM,Materials
2013-03-26,4.480626850913491,4.249352017769341,88.29,70.06,0.00581,0.002002,0.0,0.0,0.00580997949419002,0.002002288329519451,0.0,0.0038076911646705695,65300.0,113600.0,4630922.2,9185771.35,VAW,IYM,Materials
2013-03-27,4.480740107609915,4.248638088989106,88.3,70.01,0.000113,-0.000714,0.0,0.0,0.00011326311020500623,-0.0007136739937196689,0.0,0.0008269371039246751,36200.0,99900.0,4615967.45,8731588.15,VAW,IYM,Materials
2013-03-28,4.485598050847247,4.252202646837681,88.73,70.26,0.00487,0.003571,88730.0,0.0,0.004979596010034948,0.0035709184402228254,88730.0,0.0014086775698121225,29500.0,78200.0,4453753.85,8554706.05,VAW,IYM,Materials
2013-04-01,4.472666836174998,4.237723145067448,87.59,69.25,-0.012848,-0.014375,0.0,0.0,-0.01284796573875803,-0.014375177910617706,0.0,0.0015272121718596758,575100.0,471500.0,6771511.7,9408292.4,VAW,IYM,Materials
2013-04-02,4.463145685958674,4.226249633102039,86.76,68.46,-0.009476,-0.011408,0.0,0.0,-0.00947596757620733,-0.011407942238267148,0.0,0.001931974662059818,90000.0,222300.0,6720553.4,9832114.9,VAW,IYM,Materials
2013-04-03,4.452485098322443,4.215086179918229,85.84,67.7,-0.010604,-0.011101,0.0,0.0,-0.010603964960811434,-0.011101373064563248,0.0,0.000497408103751814,54100.0,310000.0,6750522.1,10442319.8,VAW,IYM,Materials
2013-04-04,4.459334837764547,4.223763342972998,86.43,68.29,0.006873,0.008715,0.0,0.0,0.006873252562907887,0.008714918759231905,0.0,-0.0018416661963240183,75400.0,177900.0,6923978.15,10478194.75,VAW,IYM,Materials
2013-04-05,4.4569021693189885,4.220095767527661,86.22,68.04,-0.00243,-0.003661,0.0,0.0,-0.0024297119055884876,-0.0036608581051398447,0.0,0.001231146199551357,82200.0,205400.0,7101241.25,10664535.55,VAW,IYM,Materials
2013-04-08,4.460028800318421,4.224641563169959,86.49,68.35,0.003131,0.004556,0.0,0.0,0.003131524008350731,0.004556143445032334,0.0,-0.0014246194366816034,35600.0,336100.0,7060414.85,11394396.3,VAW,IYM,Materials
2013-04-09,4.469465003822716,4.238733464847405,87.31,69.32,0.009481,0.014192,0.0,0.0,0.00948086483986588,0.014191660570592539,0.0,-0.004710795730726658,37400.0,527700.0,7012912.95,12537572.3,VAW,IYM,Materials
2013-04-10,4.477336814478207,4.243913332544247,88.0,69.68,0.007903,0.005193,0.0,0.0,0.007902874813881572,0.0051933064050779,0.0,0.002709568408803672,187800.0,78300.0,7590114.7,12632763.5,VAW,IYM,Materials
2013-04-11,4.480400299032142,4.24577726598231,88.27,69.81,0.003068,0.001866,0.0,0.0,0.003068181818181818,0.0018656716417910447,0.0,0.0012025101763907732,53700.0,90000.0,7704414.65,12764150.1,VAW,IYM,Materials
2013-04-12,4.468319003238894,4.229458036029275,87.21,68.68,-0.012009,-0.016187,0.0,0.0,-0.012008609946754277,-0.016186792723105574,0.0,0.0041781827763512965,89100.0,226500.0,7921340.8,13317232.35,VAW,IYM,Materials
2013-04-15,4.426760966014053,4.184337600748806,83.66,65.65,-0.040706,-0.044118,0.0,0.0,-0.04070634101593854,-0.04411764705882353,0.0,0.00341130604288499,66700.0,649300.0,7961292.7,15238436.4,VAW,IYM,Materials
2013-04-16,4.446877606993498,4.205140280369866,85.36,67.03,0.02032,0.021021,0.0,0.0,0.020320344250537893,0.02102056359482102,0.0,-0.0007002193442831282,98400.0,192200.0,8059373.45,15473930.0,VAW,IYM,Materials
2013-04-17,4.430340494952432,4.186619838331271,83.96,65.8,-0.016401,-0.01835,0.0,0.0,-0.01640112464854733,-0.018349992540653438,0.0,0.0019488678921061077,104200.0,182100.0,8326834.15,15714701.8,VAW,IYM,Materials
2013-04-18,4.427119496044782,4.188290175064629,83.69,65.91,-0.003216,0.001672,0.0,0.0,-0.0032158170557408288,0.0016717325227963526,0.0,-0.004887549578537181,58300.0,186000.0,8169920.9,15931522.3,VAW,IYM,Materials
2013-04-19,4.4398237334000985,4.199905057882593,84.76,66.68,0.012785,0.011683,0.0,0.0,0.012785279005854942,0.011682597481414049,0.0,0.001102681524440893,58500.0,134500.0,8180489.9,15994602.65,VAW,IYM,Materials
2013-04-22,4.448282430450947,4.20960590255719,85.48,67.33,0.008495,0.009748,0.0,0.0,0.008494572911750826,0.009748050389922016,0.0,-0.0012534774781711895,72200.0,208800.0,8277987.9,15559996.65,VAW,IYM,Materials
2013-04-23,4.458061320949879,4.217741440366026,86.32,67.88,0.009827,0.008169,0.0,0.0,0.009826860084230078,0.008168721223822962,0.0,0.0016581388604071153,54700.0,339800.0,8342463.2,16405979.45,VAW,IYM,Materials
2013-04-24,4.47403591796329,4.237723145067448,87.71,69.25,0.016103,0.020183,0.0,0.0,0.01610287303058403,0.020182675309369475,0.0,-0.0040798022787854465,44100.0,234600.0,8247596.9,16820341.15,VAW,IYM,Materials
2013-04-25,4.481758841072857,4.246636372564359,88.39,69.87,0.007753,0.008953,0.0,0.0,0.007752821799110706,0.008953068592057762,0.0,-0.0012002467929470564,39200.0,109200.0,8261018.3,16852131.4,VAW,IYM,Materials
2013-04-26,4.468204330914934,4.231349083214389,87.2,68.81,-0.013463,-0.015171,0.0,0.0,-0.01346306143228872,-0.015171031916416201,0.0,0.0017079704841274808,39100.0,117600.0,8300617.55,16982017.6,VAW,IYM,Materials
2013-04-29,4.480060374945247,4.244630641232919,88.24,69.73,0.011927,0.01337,0.0,0.0,0.011926605504587157,0.013370149687545414,0.0,-0.0014435441829582576,250400.0,101200.0,6886731.9,15702282.65,VAW,IYM,Materials
2013-04-30,4.483906098495052,4.247065649239764,88.58,69.9,0.003853,0.002438,-44290000.0,-69900000.0,-0.05100223434349439,-0.11906965829237438,25610000.0,0.06806742394887999,94700.0,105900.0,6915738.2,15311470.25,VAW,IYM,Materials
2013-05-01,4.464182492687114,4.225811324964407,86.85,68.43,-0.01953,-0.02103,0.0,0.0,-0.01953036802890043,-0.021030042918454932,0.0,0.0014996748895545024,250600.0,298200.0,7771771.5,15282411.55,VAW,IYM,Materials
2013-05-02,4.473237514727265,4.233526626355437,87.64,68.96,0.009096,0.007745,0.0,0.0,0.009096142774899252,0.007745141020020218,0.0,0.0013510017548790344,185500.0,108800.0,8258791.4,15050114.4,VAW,IYM,Materials
2013-05-03,4.4913293695643315,4.2531984503199265,89.24,70.33,0.018257,0.019867,0.0,0.0,0.018256503879507075,0.019866589327146293,0.0,-0.001610085447639218,85600.0,245900.0,8286374.4,15216050.95,VAW,IYM,Materials
2013-05-06,4.494797128506721,4.256463411698536,89.55,70.56,0.003474,0.00327,0.0,0.0,0.003473778574630211,0.003270297170482013,0.0,0.0002034814041481977,103300.0,87100.0,8594947.95,14374718.0,VAW,IYM,Materials
2013-05-07,4.503259269172281,4.264087336809195,90.311,71.1,0.008498,0.007653,0.0,0.0,0.0084980457844781,0.0076530612244896795,0.0,0.0008449845599884202,190400.0,450600.0,9291438.97,14147592.8,VAW,IYM,Materials
2013-05-08,4.512396785835737,4.274441423993944,91.14,71.84,0.009179,0.010408,0.0,0.0,0.009179391214802029,0.010407876230661157,0.0,-0.001228485015859128,150000.0,422800.0,9148668.97,15393493.2,VAW,IYM,Materials
2013-05-09,4.508769411701737,4.272490747605575,90.81,71.7,-0.003621,-0.001949,0.0,0.0,-0.003620803159973667,-0.0019487750556792874,0.0,-0.0016720281042943794,64400.0,100800.0,9204072.22,15440716.2,VAW,IYM,Materials
2013-05-10,4.509870006133767,4.272072250005828,90.91,71.67,0.001101,-0.000418,0.0,0.0,0.0011012003083360864,-0.00041841004184100416,0.0,0.0015196103501770905,50300.0,93100.0,9044190.32,14996539.05,VAW,IYM,Materials
2013-05-13,4.501807672992938,4.2631023230097185,90.18,71.03,-0.00803,-0.00893,0.0,0.0,-0.008029919700802992,-0.008929817217803823,0.0,0.0008998975170008312,93700.0,121000.0,9187677.52,13294943.3,VAW,IYM,Materials
2013-05-14,4.514041252576989,4.274162988797936,91.29,71.82,0.012309,0.011122,0.0,0.0,0.012308715901530274,0.011122061100943147,0.0,0.0011866548005871266,73600.0,73600.0,9103653.52,12915082.6,VAW,IYM,Materials
2013-05-15,4.519285446830922,4.277360322445531,91.77,72.05,0.005258,0.003203,0.0,0.0,0.0052579691094314825,0.0032024505708717383,0.0,0.002055518538559744,48400.0,64900.0,8888305.32,12549775.85,VAW,IYM,Materials
2013-05-16,4.513602992462601,4.2740237421222265,91.25,71.81,-0.005666,-0.003331,0.0,0.0,-0.005666339762449602,-0.0033310201249132547,0.0,-0.0023353196375363473,27400.0,82900.0,8769361.47,12234465.3,VAW,IYM,Materials
2013-05-17,4.526018747682654,4.28771595520264,92.39,72.8,0.012493,0.013787,0.0,0.0,0.012493150684931507,0.013786380726918257,0.0,-0.0012932300419867503,36400.0,153200.0,8689588.27,12343690.3,VAW,IYM,Materials
2013-05-20,4.527533996990929,4.2922386792828595,92.5301,73.13,0.001516,0.004533,0.0,0.0,0.0015163978785582854,0.00453296703296692,0.0,-0.0030165691544086345,54400.0,100100.0,8632687.342,12006780.75,VAW,IYM,Materials
2013-05-21,4.526884267589547,4.291417885803126,92.47,73.07,-0.000649,-0.00082,0.0,0.0,-0.0006495183729402648,-0.0008204567209079722,0.0,0.00017093834796770742,132200.0,84300.0,9007828.842,11161489.6,VAW,IYM,Materials
2013-05-22,4.51393170555382,4.280547465724028,91.28,72.28,-0.012869,-0.010812,0.0,0.0,-0.012869038607115822,-0.010811550567948431,0.0,-0.0020574880391673912,63300.0,195600.0,9103329.492,11056085.5,VAW,IYM,Materials
2013-05-23,4.512616204377483,4.279162999214643,91.16,72.18,-0.001315,-0.001383,0.0,0.0,-0.0013146362839614374,-0.0013835085777530684,0.0,6.887229379163098e-05,39700.0,103600.0,9111037.692,11048487.7,VAW,IYM,Materials
2013-05-24,4.50920979484218,4.274998061915358,90.85,71.88,-0.003401,-0.004156,0.0,0.0,-0.003400614304519526,-0.004156275976725082,0.0,0.0007556616722055559,21600.0,49100.0,9038679.692,10820350.3,VAW,IYM,Materials
2013-05-28,4.520701029361642,4.28524036598619,91.9,72.62,0.011558,0.010295,0.0,0.0,0.011557512383048982,0.010294936004452094,0.0,0.0012625763785968878,50600.0,111900.0,8166421.892,10873825.4,VAW,IYM,Materials
2013-05-29,4.517431271680085,4.28317268312119,91.6,72.47,-0.003264,-0.002066,0.0,0.0,-0.003264417845484222,-0.002065546681355112,0.0,-0.0011988711641291103,96700.0,83400.0,8189881.592,10805904.8,VAW,IYM,Materials
2013-05-30,4.520701029361642,4.287441192184014,91.9,72.78,0.003275,0.004278,0.0,0.0,0.0032751091703056767,0.004277632123637367,0.0,-0.0010025229533316901,62800.0,401500.0,7390217.092,11246672.0,VAW,IYM,Materials
2013-05-31,4.506233438128068,4.2756934238792645,90.58,71.93,-0.014363,-0.011679,-18116000.0,3596500.0000000005,-0.03715272317862467,-0.004863026030265875,-21712500.0,-0.0322896971483588,66600.0,118000.0,6878987.492000001,11295916.6,VAW,IYM,Materials
2013-06-03,4.510969390589264,4.27957854046309,91.01,72.21,0.004747,0.003893,0.0,0.0,0.004747184809008611,0.0038926734325035956,0.0,0.0008545113765050152,128200.0,70200.0,7080414.392,10684666.35,VAW,IYM,Materials
2013-06-04,4.507376524895413,4.276666119016055,90.6836,72.0,-0.003586,-0.002908,0.0,0.0,-0.003586419074826942,-0.002908184461985762,0.0,-0.0006782346128411799,78800.0,46700.0,6975182.026000001,10545497.55,VAW,IYM,Materials
2013-06-05,4.486499256270413,4.257030144499196,88.81,70.6,-0.020661,-0.019445,0.0,0.0,-0.020660847165308832,-0.01944444444444456,0.0,-0.001216402720864273,159400.0,67200.0,6823237.006,9180830.55,VAW,IYM,Materials
2013-06-06,4.49345619635809,4.2632430986839145,89.43,71.04,0.006981,0.006232,0.0,0.0,0.006981195811282513,0.0062322946175639715,0.0,0.0007489011937185418,60300.0,242200.0,6409318.456,8522427.35,VAW,IYM,Materials
2013-06-07,4.500365071621965,4.267316996289947,90.05,71.33,0.006933,0.004082,0.0,0.0,0.00693279660069328,0.004082207207207092,0.0,0.002850589393486188,42200.0,51300.0,6306915.756,8344020.8,VAW,IYM,Materials
2013-06-10,4.505681287487349,4.267316996289947,90.53,71.33,0.00533,0.0,0.0,0.0,0.005330372015546919,0.0,0.0,0.005330372015546919,43100.0,57500.0,6273369.256,8215470.7,VAW,IYM,Materials
2013-06-11,4.492225426971957,4.253340627045836,89.32,70.34,-0.013366,-0.013879,0.0,0.0,-0.013365735115431349,-0.013879153231459414,0.0,0.0005134181160280655,47700.0,105000.0,6063904.156,8155024.2,VAW,IYM,Materials
2013-06-12,4.486386649998124,4.24763773163523,88.8,69.94,-0.005822,-0.005687,0.0,0.0,-0.005821764442454098,-0.005686664771111743,0.0,-0.0001350996713423546,46800.0,75700.0,5935748.956,8155449.5,VAW,IYM,Materials
2013-06-13,4.50501830403765,4.264368591205649,90.47,71.12,0.018806,0.016872,0.0,0.0,0.018806306306306305,0.016871604232199144,0.0,0.0019347020741071613,26600.0,107100.0,5833990.656,8302494.85,VAW,IYM,Materials
2013-06-14,4.498920386145381,4.256321678298823,89.92,70.55,-0.006079,-0.008015,0.0,0.0,-0.006079363324859069,-0.0080146231721036,0.0,0.0019352598472445314,40300.0,29200.0,5890166.956,8107845.4,VAW,IYM,Materials
2013-06-17,4.505128831807865,4.262961527514942,90.48,71.02,0.006228,0.006662,0.0,0.0,0.006227758007117438,0.00666194188518781,0.0,-0.0004341838780703728,70400.0,31300.0,6040506.756,7661343.7,VAW,IYM,Materials
2013-06-18,4.510529781833971,4.268577942166303,90.97,71.42,0.005416,0.005632,0.0,0.0,0.005415561450044209,0.005632216277105041,0.0,-0.0002166548270608323,29700.0,38900.0,5923915.334000001,7434239.95,VAW,IYM,Materials
2013-06-19,4.501696777511816,4.259717747786098,90.17,70.79,-0.008794,-0.008821,0.0,0.0,-0.008794107947675057,-0.008821058527023128,0.0,2.6950579348070797e-05,17500.0,56000.0,5391587.384000001,7324461.9,VAW,IYM,Materials
2013-06-20,4.475175389371905,4.228875455179707,87.81,68.64,-0.026173,-0.030372,0.0,0.0,-0.026172784739935676,-0.030371521401327983,0.0,0.004198736661392307,50300.0,526500.0,5323528.334000001,8424511.5,VAW,IYM,Materials
2013-06-21,4.470151974310003,4.227563406008323,87.37,68.55,-0.005011,-0.001311,0.0,0.0,-0.005010818813346999,-0.0013111888111888112,0.0,-0.0036996300021581883,66400.0,227100.0,5432644.134000001,8829004.35,VAW,IYM,Materials
2013-06-24,4.453765731828859,4.206779991551889,85.95,67.14,-0.016253,-0.020569,0.0,0.0,-0.016252718324367633,-0.020568927789934355,0.0,0.004316209465566722,127300.0,354000.0,5881597.884000001,9840916.95,VAW,IYM,Materials
2013-06-25,4.460375601084858,4.2162671661789055,86.52,67.78,0.006632,0.009532,0.0,0.0,0.006631762652705061,0.009532320524277629,0.0,-0.0029005578715725674,31300.0,131800.0,5784494.684,9881278.25,VAW,IYM,Materials
2013-06-26,4.463606621666305,4.210051369934071,86.8,67.36,0.003236,0.000956,0.0,0.0,0.003236245954692557,-0.006196518146946002,0.0,0.009432764101638558,65900.0,125100.0,5627614.684,10000415.15,VAW,IYM,Materials
2013-06-27,4.465448242812954,4.210793374865347,86.96,67.41,0.001843,0.000742,0.0,0.0,0.0018433179723502304,0.0007422802850356294,0.0,0.001101037687314601,31800.0,53400.0,5477315.084000001,8719341.35,VAW,IYM,Materials
2013-06-28,4.460491174618648,4.205438609727688,86.53,67.05,-0.004945,-0.00534,17306000.0,-16762500.0,0.018606800106693955,-0.03940413702287982,34068500.0,0.05801093712957378,138000.0,68300.0,5772740.684,8523930.1,VAW,IYM,Materials
2013-07-01,4.470815597487941,4.21419952403038,87.428,67.64,0.010378,0.008799,0.0,0.0,0.010377903617242576,0.008799403430275913,0.0,0.0015785001869666627,24000.0,201900.0,5294280.184,8953298.8,VAW,IYM,Materials
2013-07-02,4.466712392840524,4.2103482379784065,87.07,67.38,-0.004095,-0.003844,0.0,0.0,-0.00409479800521572,-0.003843879361324785,0.0,-0.0002509186438909355,42400.0,56600.0,5121575.199999999,8975864.2,VAW,IYM,Materials
2013-07-03,4.465908118654584,4.210051369934071,87.0,67.36,-0.000804,-0.000297,0.0,0.0,-0.0008039508441483864,-0.0002968239833777315,0.0,-0.0005071268607706549,31500.0,77100.0,4550784.5,8998321.0,VAW,IYM,Materials
2013-07-05,4.474149923549687,4.216414691442874,87.72,67.79,0.008276,0.006384,0.0,0.0,0.008275862068965517,0.006383610451306539,0.0,0.0018922516176589788,31000.0,37100.0,4417119.05,8263777.05,VAW,IYM,Materials
2013-07-08,4.479266769098936,4.223470431430189,88.17,68.27,0.00513,0.007081,0.0,0.0,0.005129958960328317,0.007080690367310687,0.0,-0.0019507314069823695,26700.0,55700.0,4344820.5,8270947.55,VAW,IYM,Materials
2013-07-09,4.494350350882848,4.23945449739721,89.51,69.37,0.015198,0.016113,0.0,0.0,0.015197913122377225,0.01611249450710427,0.0,-0.0009145813847270447,34400.0,145500.0,4303685.55,8570540.55,VAW,IYM,Materials
2013-07-10,4.494797128506721,4.236278058110767,89.55,69.15,0.000447,-0.003171,0.0,0.0,0.0004468774438610211,-0.003171399740521839,0.0,0.00361827718438286,56500.0,87000.0,4343636.1,8502058.05,VAW,IYM,Materials
2013-07-11,4.51085950651685,4.253767035978457,91.0,70.37,0.016192,0.017643,0.0,0.0,0.01619207146845338,0.01764280549530007,0.0,-0.0014507340268466902,60900.0,260500.0,4412939.1,9153904.4,VAW,IYM,Materials
2013-07-12,4.507447097459476,4.248209486939542,90.69,69.98,-0.003407,-0.005542,0.0,0.0,-0.003406593406593407,-0.005542134432286606,0.0,0.002135541025693199,34000.0,104700.0,4446787.0,9139402.1,VAW,IYM,Materials
2013-07-15,4.508549147383666,4.2514907510291575,90.79,70.21,0.001103,0.003287,0.0,0.0,0.0011026574043444702,0.0032866533295226,0.0,-0.0021839959251781296,41400.0,69800.0,4453533.500000001,9281432.0,VAW,IYM,Materials
2013-07-16,4.501918556177617,4.243339114899988,90.19,69.64,-0.006609,-0.008119,0.0,0.0,-0.0066086573411168635,-0.008118501637943193,0.0,0.0015098442968263298,36500.0,59700.0,4299640.65,9378161.1,VAW,IYM,Materials
2013-07-17,4.509649984130679,4.253482783560398,90.89,70.35,0.007761,0.010195,0.0,0.0,0.007761392615589311,0.010195290063181957,0.0,-0.002433897447592646,31800.0,69800.0,4309065.3,9484770.7,VAW,IYM,Materials
2013-07-18,4.512177319138927,4.256888491407381,91.12,70.59,0.002531,0.003411,0.0,0.0,0.0025305314115964352,0.0034115138592751737,0.0,-0.0008809824476787385,23800.0,68200.0,4338599.35,9527270.6,VAW,IYM,Materials
2013-07-19,4.516120369154581,4.259859000699674,91.48,70.8,0.003951,0.002975,0.0,0.0,0.003950834064969272,0.0029749256268593286,0.0,0.000975908438109943,14600.0,70400.0,4184537.6,7969538.6,VAW,IYM,Materials
2013-07-22,4.520156811661135,4.263524590592881,91.85,71.06,0.004045,0.003672,0.0,0.0,0.004044599912549191,0.003672316384180791,0.0,0.0003722835283684,30500.0,55500.0,4034540.45,7388344.85,VAW,IYM,Materials
2013-07-23,4.523309159507771,4.268437915561019,92.14,71.41,0.003157,0.004926,0.0,0.0,0.0031573217201959717,0.004925415142133408,0.0,-0.0017680934219374365,35000.0,122900.0,3648713.7,6638781.3,VAW,IYM,Materials
2013-07-24,4.514150787600923,4.256038151220088,91.3,70.53,-0.009117,-0.012323,0.0,0.0,-0.009116561753852833,-0.012323204033048592,0.0,0.0032066422791957594,25100.0,93400.0,3627891.4,6521486.2,VAW,IYM,Materials
2013-07-25,4.519721224155608,4.266475481513779,91.81,71.27,0.005586,0.010492,0.0,0.0,0.005585980284775465,0.010491989224443499,0.0,-0.004906008939668033,176700.0,71000.0,4153026.75,6353157.9,VAW,IYM,Materials
2013-07-26,4.5148077459077,4.261693475213995,91.36,70.93,-0.004901,-0.004771,0.0,0.0,-0.004901426859819192,-0.004770590711379143,0.0,-0.00013083614844004894,20700.0,40100.0,4109317.95,6315387.850000001,VAW,IYM,Materials
2013-07-29,4.518413322061809,4.266615783162554,91.69,71.28,0.003612,0.004934,0.0,0.0,0.0036120840630472855,0.004934442408007775,0.0,-0.0013223583449604895,154600.0,24600.0,4221024.65,6174086.5,VAW,IYM,Materials
2013-07-30,4.518849479521564,4.264649766520309,91.73,71.14,0.000436,-0.001964,0.0,0.0,0.0004362525902497546,-0.001964085297418631,0.0,0.0024003378876683856,29600.0,421200.0,4251871.45,6989469.1,VAW,IYM,Materials
2013-07-31,4.5165575276314875,4.262961527514942,91.52,71.02,-0.002289,-0.001687,0.0,10653000.0,-0.0022893273738144554,0.019553891338026905,-10653000.0,-0.02184321871184136,29100.0,126700.0,4200444.65,7248695.4,VAW,IYM,Materials
2013-08-01,4.526018747682654,4.269277781231888,92.39,71.47,0.009506,0.006336,0.0,0.0,0.009506118881118882,0.006336243311743171,0.0,0.0031698755693757106,20600.0,53700.0,4158581.35,7180919.55,VAW,IYM,Materials
2013-08-02,4.5286130632659365,4.272072250005828,92.63,71.67,0.002598,0.002798,0.0,0.0,0.0025976837320056284,0.002798376941374003,0.0,-0.00020069320936837469,18800.0,97700.0,4109687.55,7405277.05,VAW,IYM,Materials
2013-08-05,4.527639902864481,4.270955399408094,92.5399,71.59,-0.000973,-0.001116,0.0,0.0,-0.000972687034438087,-0.001116227152225478,0.0,0.0001435401177873909,60100.0,30600.0,4270062.9995,7324677.8,VAW,IYM,Materials
2013-08-06,4.51688527112052,4.260564966136689,91.55,70.85,-0.010697,-0.010337,0.0,0.0,-0.010697007453001355,-0.01033663919541847,0.0,-0.0003603682575828854,20500.0,29600.0,4209944.5495,6924869.05,VAW,IYM,Materials
2013-08-07,4.516448255927287,4.259717747786098,91.51,70.79,-0.000437,-0.000847,0.0,0.0,-0.0004369197160021846,-0.0008468595624556591,0.0,0.00040993984645347454,38400.0,25900.0,4132664.9995,6715739.6,VAW,IYM,Materials
2013-08-08,4.530877581406236,4.27763786893635,92.84,72.07,0.014534,0.018082,0.0,0.0,0.014533930717954321,0.018081649950557752,0.0,-0.003547719232603431,36000.0,116300.0,4022681.9995,6218257.399999999,VAW,IYM,Materials
2013-08-09,4.535391291380175,4.284000269375321,93.26,72.53,0.004524,0.006383,0.0,0.0,0.004523912106850495,0.006382683502150803,0.0,-0.0018587713953003076,30500.0,48400.0,4010730.4995,6027434.7,VAW,IYM,Materials
2013-08-12,4.536141599577656,4.283862385886651,93.33,72.52,0.000751,-0.000138,0.0,0.0,0.0007505897490885696,-0.00013787398317937404,0.0,0.0008884637322679436,139600.0,50600.0,4474238.5995,5965877.4,VAW,IYM,Materials
2013-08-13,4.537961436294641,4.286616449869223,93.5,72.72,0.001821,0.002758,0.0,0.0,0.0018214936247723133,0.0027578599007170436,0.0,-0.0009363662759447303,68100.0,38600.0,4628009.3495,5898351.6,VAW,IYM,Materials
2013-08-14,4.537426533901572,4.287441192184014,93.45,72.78,-0.000535,0.000825,0.0,0.0,-0.0005347593582887701,0.0008250825082508251,0.0,-0.0013598418665395952,38800.0,92000.0,4664787.2495,5987618.1,VAW,IYM,Materials
2013-08-15,4.5269924049240675,4.2798554720627555,92.48,72.23,-0.01038,-0.007557,0.0,0.0,-0.01037988228999465,-0.007557021159659247,0.0,-0.0028228611303354025,47100.0,54200.0,4774144.8495,5942649.5,VAW,IYM,Materials
2013-08-16,4.521136190378082,4.2708157053378795,91.94,71.58,-0.005839,-0.008999,0.0,0.0,-0.005839100346020761,-0.008999030873598228,0.0,0.003159930527577467,33300.0,85300.0,4860444.5495,5998722.2,VAW,IYM,Materials
2013-08-19,4.511628441579727,4.2609883062968255,91.07,70.88,-0.009463,-0.009779,0.0,0.0,-0.009462693060691755,-0.009779267951941999,0.0,0.00031657489125024377,43800.0,67200.0,4919816.5995,6039687.5,VAW,IYM,Materials
2013-08-20,4.519830138821076,4.268577942166303,91.82,71.42,0.008235,0.007619,0.0,0.0,0.008235423300757659,0.007618510158013661,0.0,0.0006169131427439974,18100.0,55600.0,4841668.6995,5799420.65,VAW,IYM,Materials
2013-08-21,4.5127258955968115,4.260706099437326,91.17,70.86,-0.007079,-0.007841,0.0,0.0,-0.0070790677412328465,-0.00784094091290955,0.0,0.000761873171676703,15900.0,83200.0,4799567.3495,5764823.15,VAW,IYM,Materials
2013-08-22,4.524502282920636,4.274162988797936,92.25,71.82,0.011846,0.013548,0.0,0.0,0.011846001974333662,0.013547840812870332,0.0,-0.0017018388385366696,19200.0,94700.0,4076985.9995,5851882.35,VAW,IYM,Materials
2013-08-23,4.530877581406236,4.283310661734724,92.84,72.48,0.006396,0.00919,0.0,0.0,0.006395663956639566,0.009189640768588253,0.0,-0.0027939768119486863,16400.0,22700.0,4058557.1994999996,5791932.499999999,VAW,IYM,Materials
2013-08-26,4.532922021780467,4.283310661734724,93.03,72.48,0.002047,0.0,0.0,0.0,0.002046531667384748,0.0,0.0,0.002046531667384748,46800.0,695300.0,3567483.6994999996,8224025.3,VAW,IYM,Materials
2013-08-27,4.512616204377483,4.263524590592881,91.16,71.06,-0.020101,-0.019592,0.0,0.0,-0.020101042674406107,-0.019591611479028697,0.0,-0.0005094311953774099,86000.0,103900.0,3823711.2994999997,7094973.6,VAW,IYM,Materials
2013-08-28,4.5107496103686,4.261834449345476,90.99,70.94,-0.001865,-0.001689,0.0,0.0,-0.0018648530057042562,-0.0016887137630171687,0.0,-0.0001761392426870875,14800.0,68100.0,3757882.2994999997,6886612.6,VAW,IYM,Materials
2013-08-29,4.514041252576989,4.263946679941392,91.29,71.09,0.003297,0.002114,0.0,0.0,0.003297065611605671,0.00211446292641669,0.0,0.0011826026851889811,29300.0,43300.0,3796460.4494999996,6848625.5,VAW,IYM,Materials
2013-08-30,4.51085950651685,4.2612704335380815,91.0,70.9,-0.003177,-0.002673,9100000.0,56720000.00000001,0.008347279235264357,0.10814147950172708,-47620000.00000001,-0.09979420026646271,15600.0,23400.0,3780368.2495,6581470.55,VAW,IYM,Materials
2013-09-03,4.5150922938614215,4.26689632742025,91.386,71.3,0.004242,0.005642,0.0,0.0,0.004241758241758242,0.005641748942172073,0.0,-0.0013999907004138314,44000.0,362500.0,3703335.05,7764250.35,VAW,IYM,Materials
2013-09-04,4.523417684115833,4.27513717299578,92.15,71.89,0.00836,0.008275,0.0,0.0,0.008360142691440703,0.008274894810659187,0.0,8.524788078151553e-05,88500.0,529400.0,4017260.05,9562320.65,VAW,IYM,Materials
2013-09-05,4.5266679578331335,4.27874728521988,92.45,72.15,0.003256,0.003617,0.0,0.0,0.0032555615843733042,0.003616636528028933,0.0,-0.00036107494365562876,24400.0,138800.0,3954349.85,9971368.6,VAW,IYM,Materials
2013-09-06,4.5255857066452485,4.277915338416487,92.35,72.09,-0.001082,-0.000832,0.0,0.0,-0.001081665765278529,-0.0008316008316008316,0.0,-0.00025006493367769737,10400.0,142400.0,3835259.85,10065562.35,VAW,IYM,Materials
2013-09-09,4.540844975431534,4.293195420967266,93.77,73.2,0.015376,0.015397,0.0,0.0,0.015376285868976719,0.015397419891801914,0.0,-2.1134022825195636e-05,26200.0,154500.0,3815877.05,10455509.75,VAW,IYM,Materials
2013-09-10,4.550492222697315,4.301358731606427,94.679,73.8,0.009694,0.008197,0.0,0.0,0.009693931961181615,0.00819672131147541,0.0,0.0014972106497062043,54400.0,178200.0,3421960.53,10929592.15,VAW,IYM,Materials
2013-09-11,4.554823811551353,4.307976353163715,95.09,74.29,0.004341,0.00664,0.0,0.0,0.004340983745075465,0.006639566395663957,0.0,-0.0022985826505884915,24900.0,114900.0,3221980.08,11216038.6,VAW,IYM,Materials
2013-09-12,4.545207844815408,4.296877159632186,94.18,73.47,-0.00957,-0.011038,0.0,0.0,-0.009569881165211762,-0.011037824740880334,0.0,0.001467943575668573,25800.0,89500.0,3162179.2800000003,11210028.85,VAW,IYM,Materials
2013-09-13,4.552085814895636,4.302983427333428,94.83,73.92,0.006902,0.006125,0.0,0.0,0.006901677638564306,0.006124948958758677,0.0,0.0007767286798056284,153500.0,43800.0,3672209.13,11176170.35,VAW,IYM,Materials
2013-09-16,4.563305981889393,4.3129444734864375,95.9,74.66,0.011283,0.010011,0.0,0.0,0.011283349151112516,0.01001082251082251,0.0,0.0012725266402900063,30700.0,702400.0,3666335.53,13492940.85,VAW,IYM,Materials
2013-09-17,4.561322786207815,4.31361395198771,95.71,74.71,-0.001981,0.00067,0.0,0.0,-0.001981230448383733,0.000669702652022502,0.0,-0.002650933100406235,247700.0,166600.0,4652260.58,13877118.35,VAW,IYM,Materials
2013-09-18,4.581901559048737,4.3344107807322185,97.7,76.28,0.020792,0.021015,0.0,0.0,0.02079197576010866,0.021014589747021816,0.0,-0.00022261398691315534,57500.0,241800.0,4850050.9799999995,14600795.95,VAW,IYM,Materials
2013-09-19,4.57944203741536,4.33204826486764,97.46,76.1,-0.002456,-0.00236,0.0,0.0,-0.0024564994882292734,-0.0023597273203985318,0.0,-9.677216783074167e-05,65500.0,351800.0,5096752.33,15644617.35,VAW,IYM,Materials
2013-09-20,4.566429357671661,4.318421011584911,96.2,75.07,-0.012928,-0.013535,0.0,0.0,-0.012928380874204802,-0.013534822601839684,0.0,0.0006064417276348821,154600.0,322000.0,5751818.33,16513176.65,VAW,IYM,Materials
2013-09-23,4.560800238252151,4.312140507209715,95.66,74.6,-0.005613,-0.006261,0.0,0.0,-0.005613305613305614,-0.00626082323165046,0.0,0.000647517618344846,34400.0,84000.0,5840224.7299999995,16744231.85,VAW,IYM,Materials
2013-09-24,4.560172820057356,4.307841736484505,95.6,74.28,-0.000627,-0.000699,0.0,0.0,-0.0006272214091574326,-0.004289544235924933,0.0,0.003662322826767501,31500.0,46800.0,5773104.529999999,14398279.85,VAW,IYM,Materials
2013-09-25,4.562053894914463,4.309590341409169,95.78,74.41,0.001883,0.00175,0.0,0.0,0.0018828451882845188,0.0017501346257404416,0.0,0.00013271056254407715,33100.0,38000.0,5539632.43,14170502.15,VAW,IYM,Materials
2013-09-26,4.569232079182462,4.318021304697969,96.47,75.04,0.007204,0.008467,0.0,0.0,0.007204009187721862,0.008466603951081843,0.0,-0.0012625947633599808,182300.0,161600.0,6351623.88,14535274.65,VAW,IYM,Materials
2013-09-27,4.558078578454241,4.306359755748467,95.4,74.17,-0.011092,-0.011594,0.0,0.0,-0.011091531045921012,-0.011593816631130065,0.0,0.000502285585209053,102900.0,69500.0,6708717.029999999,14639105.55,VAW,IYM,Materials
2013-09-30,4.555614328750527,4.303794786404308,95.1652,73.98,-0.002461,-0.002562,0.0,55485000.0,-0.002461215932914046,0.0909481596332749,-55485000.0,-0.09340937556618895,44000.0,176200.0,6847100.470000001,15207916.35,VAW,IYM,Materials
2013-10-01,4.5612182984589085,4.308110951723713,95.7,74.3,0.00562,0.004325,0.0,0.0,0.005619701319389861,0.004325493376588267,0.0,0.001294207942801594,82900.0,980600.0,7042727.7700000005,17558532.85,VAW,IYM,Materials
2013-10-02,4.561427263040173,4.30999343177405,95.72,74.44,0.000209,0.001884,0.0,0.0,0.0002089864158829676,0.0018842530282637954,0.0,-0.0016752666123808278,9300.0,448800.0,6679473.819999999,17326038.15,VAW,IYM,Materials
2013-10-03,4.554718642491993,4.302712827954156,95.08,73.9,-0.006686,-0.007254,0.0,0.0,-0.006686167989970748,-0.007254164427727029,0.0,0.0005679964377562803,31600.0,245200.0,6716911.220000001,17731331.15,VAW,IYM,Materials
2013-10-04,4.567365509781095,4.316954637930166,96.2901,74.96,0.012727,0.014344,0.0,0.0,0.012727177114009256,0.014343707713125846,0.0,-0.0016165305991165894,62000.0,212000.0,6967388.529999999,18012626.35,VAW,IYM,Materials
2013-10-07,4.557868912870078,4.305010592025198,95.38,74.07,-0.009452,-0.011873,0.0,0.0,-0.009451646638647171,-0.011872998932764323,0.0,0.0024213522941171524,29700.0,1417000.0,6986189.13,22695015.85,VAW,IYM,Materials
2013-10-08,4.54052499249456,4.289774274968795,93.74,72.95,-0.017194,-0.015121,0.0,0.0,-0.017194380373243865,-0.015120831645740334,0.0,-0.002073548727503531,25200.0,1626600.0,6846774.65,27970481.35,VAW,IYM,Materials
2013-10-09,4.541804310366271,4.291144138196708,93.86,73.05,0.00128,0.001371,0.0,0.0,0.0012801365478984424,0.0013708019191226869,0.0,-9.066537122424446e-05,69000.0,133700.0,7052204.6,28032024.55,VAW,IYM,Materials
2013-10-10,4.561740628060756,4.310664888188185,95.75,74.49,0.020136,0.019713,0.0,0.0,0.020136373321968888,0.01971252566735113,0.0,0.00042384765461775734,25800.0,1306600.0,7054229.9,32569678.0,VAW,IYM,Materials
2013-10-11,4.568194949863196,4.318287793706875,96.37,75.06,0.006475,0.007652,0.0,0.0,0.006475195822454308,0.0076520338300443014,0.0,-0.0011768380075899932,32800.0,1115700.0,6484456.45,36595015.3,VAW,IYM,Materials
2013-10-14,4.572130331909891,4.3212144952771245,96.75,75.28,0.003943,0.002931,0.0,0.0,0.003943135830652693,0.002930988542499334,0.0,0.001012147288153359,53500.0,179700.0,6596056.2,34649346.9,VAW,IYM,Materials
2013-10-15,4.567364471252192,4.318021304697969,96.29,75.04,-0.004755,-0.003188,0.0,0.0,-0.00475452196382429,-0.003188097768331562,0.0,-0.0015664241954927278,44100.0,289600.0,5623007.3,35113591.8,VAW,IYM,Materials
2013-10-16,4.575741375297279,4.327570448877823,97.1,75.76,0.008412,0.009595,0.0,0.0,0.008412088482708484,0.009594882729211088,0.0,-0.001182794246502604,51000.0,3265200.0,5589724.8,46559944.2,VAW,IYM,Materials
2013-10-17,4.589142424910894,4.338858139272503,98.41,76.62,0.013491,0.011352,0.0,0.0,0.01349124613800206,0.011351636747624076,0.0,0.002139609390377984,49300.0,695200.0,5513123.95,47884656.4,VAW,IYM,Materials
2013-10-18,4.593300013417604,4.343285806357451,98.82,76.96,0.004166,0.004437,0.0,0.0,0.004166243267960434,0.004437483685721744,0.0,-0.00027124041776130977,63000.0,106100.0,5080780.95,47084302.2,VAW,IYM,Materials
2013-10-21,4.593300013417604,4.344065128386763,98.82,77.02,0.0,0.00078,0.0,0.0,0.0,0.0007796257796257797,0.0,-0.0007796257796257797,60300.0,108700.0,5214188.05,47189585.9,VAW,IYM,Materials
2013-10-22,4.606166689313687,4.356708826689592,100.0997,78.0,0.01295,0.012724,0.0,0.0,0.012949807731228636,0.01272396780057128,0.0,0.00022583993065735525,67700.0,809100.0,5402455.5345,50171260.7,VAW,IYM,Materials
2013-10-23,4.600358628990869,4.352469082431556,99.52,77.67,-0.005791,-0.004231,0.0,0.0,-0.005791226147530912,-0.004230769230769231,0.0,-0.0015604569167616813,71600.0,221900.0,5600221.2345,50891630.35,VAW,IYM,Materials
2013-10-24,4.605770006060059,4.355939299910563,100.06,77.94,0.005426,0.003476,0.0,0.0,0.005426045016077171,0.0034762456546929316,0.0,0.0019497993613842393,29500.0,73600.0,4868485.6844999995,50572126.35,VAW,IYM,Materials
2013-10-25,4.6076670661866785,4.3556826593342794,100.25,77.92,0.001899,-0.000257,0.0,0.0,0.001898860683589846,-0.00025660764690787786,0.0,0.002155468330497724,27800.0,438700.0,4517000.1844999995,52023560.8,VAW,IYM,Materials
2013-10-28,4.6016640466588035,4.35040696029342,99.65,77.51,-0.005985,-0.005262,0.0,0.0,-0.0059850374064837905,-0.005261806981519507,0.0,-0.0007232304249642834,123600.0,339000.0,4923473.7445,52685591.5,VAW,IYM,Materials
2013-10-29,4.604369865817322,4.3528552573736015,99.92,77.7,0.002709,0.002451,0.0,0.0,0.002709483191169092,0.0024512966068894336,0.0,0.00025818658427965817,23100.0,1767800.0,4642204.8445,55910565.5,VAW,IYM,Materials
2013-10-30,4.5974403879261505,4.348211286179151,99.23,77.34,-0.006905,-0.004633,0.0,0.0,-0.006905524419535628,-0.004633204633204633,0.0,-0.002272319786330995,36900.0,150100.0,4780774.3945,54820568.6,VAW,IYM,Materials
2013-10-31,4.5976419195673,4.346140356109473,99.25,77.18,0.000202,-0.002069,19850000.0,61744000.00000001,0.023063301708872604,0.08917063799918744,-41894000.00000001,-0.06610733629031483,34800.0,984100.0,4803242.9945,57712196.5,VAW,IYM,Materials
2013-11-01,4.595927604621159,4.344843843546165,99.08,77.08,-0.001713,-0.001296,0.0,0.0,-0.0017128463476070528,-0.0012956724540037893,0.0,-0.0004171738936032635,25500.0,196800.0,4631070.6844999995,57676087.7,VAW,IYM,Materials
2013-11-04,4.602348207950928,4.349761674086606,99.7182,77.46,0.006441,0.00493,0.0,0.0,0.006441259588211546,0.004929942916450279,0.0,0.0015113166717612668,56700.0,856300.0,4772132.4815,55744678.1,VAW,IYM,Materials
2013-11-05,4.5954228345332115,4.344454561766125,99.03,77.05,-0.006901,-0.005293,0.0,0.0,-0.006901448281256581,-0.005293054479731314,0.0,-0.0016083938015252668,46700.0,92900.0,4885255.1315,50169551.85,VAW,IYM,Materials
2013-11-06,4.600760477499391,4.350535967582511,99.56,77.52,0.005352,0.0061,0.0,0.0,0.005351913561547006,0.006099935107073329,0.0,-0.0007480215455263235,23400.0,52300.0,4677923.331499999,49883927.4,VAW,IYM,Materials
2013-11-07,4.585824254390554,4.33729074083249,98.084,76.5,-0.014825,-0.013158,0.0,0.0,-0.014825231016472479,-0.013157894736842105,0.0,-0.0016673362796303746,31800.0,154900.0,4710359.3915,45609988.2,VAW,IYM,Materials
2013-11-08,4.604169685654508,4.356708826689592,99.9,78.0,0.018515,0.019608,0.0,0.0,0.018514742465641696,0.0196078431372549,0.0,-0.0010931006716132056,44400.0,93100.0,4774090.5915,41785856.1,VAW,IYM,Materials
2013-11-11,4.604369865817322,4.355554314342767,99.92,77.91,0.0002,-0.001154,0.0,0.0,0.0002002002002002002,-0.001153846153846154,0.0,0.0013540463540463541,29500.0,76700.0,4662666.3415,41408250.15,VAW,IYM,Materials
2013-11-12,4.601061757943548,4.3527265489623295,99.59,77.69,-0.003303,-0.002824,0.0,0.0,-0.0033026421136909527,-0.002823771017841099,0.0,-0.00047887109584985373,15200.0,34700.0,4526035.2915,40456463.1,VAW,IYM,Materials
2013-11-13,4.606768907351788,4.358885942232239,100.16,78.17,0.005724,0.006178,0.0,0.0,0.005723466211467015,0.006178401338653623,0.0,-0.00045493512718660853,69800.0,73100.0,4627988.6915,28373596.85,VAW,IYM,Materials
2013-11-14,4.614229030476437,4.36665915754276,100.91,78.78,0.007488,0.007804,0.0,0.0,0.007488019169329074,0.007803505181015735,0.0,-0.0003154860116866614,38500.0,122300.0,4579659.7915,26192025.35,VAW,IYM,Materials
2013-11-15,4.619171705623905,4.371723741677985,101.41,79.18,0.004955,0.005077,0.0,0.0,0.0049549103161232785,0.0050774308200052356,0.0,-0.0001225205038819571,43200.0,104100.0,4487422.3915,26195884.45,VAW,IYM,Materials
2013-11-18,4.611649152085801,4.36386266404621,100.65,78.56,-0.007494,-0.00783,0.0,0.0,-0.00749432994773691,-0.007830260166708921,0.0,0.00033593021897201144,60800.0,205200.0,4495456.0915,26583306.35,VAW,IYM,Materials
2013-11-19,4.610058220060867,4.34536265030229,100.49,77.12,-0.00159,-0.01833,0.0,0.0,-0.0015896671634376552,-0.018329938900203666,0.0,0.01674027173676601,36900.0,196800.0,4342022.657,24186677.15,VAW,IYM,Materials
2013-11-20,4.603669059861824,4.3527265489623295,99.85,77.69,-0.006369,0.007391,0.0,0.0,-0.006368792914717882,0.007391078838174274,0.0,-0.013759871752892155,37600.0,93300.0,4173459.057,23687352.35,VAW,IYM,Materials
2013-11-21,4.612344389736092,4.360802998222255,100.72,78.32,0.008713,0.008109,0.0,0.0,0.00871306960440661,0.00810915175698272,0.0,0.0006039178474238904,60200.0,33100.0,4329037.757,23530152.75,VAW,IYM,Materials
2013-11-22,4.6165274474421585,4.3665322137152325,101.1422,78.77,0.004192,0.005746,0.0,0.0,0.004191818903891978,0.005745658835546636,0.0,-0.0015538399316546584,13100.0,63800.0,4255938.398,22072253.85,VAW,IYM,Materials
2013-11-25,4.609958702719888,4.360164387816747,100.48,78.27,-0.006547,-0.006348,0.0,0.0,-0.00654721767966289,-0.006347594261774787,0.0,-0.00019962341788810293,24200.0,125100.0,3761682.1980000003,21248038.2,VAW,IYM,Materials
2013-11-26,4.609660091260944,4.358246106008478,100.45,78.12,-0.000299,-0.001916,0.0,0.0,-0.0002985668789808917,-0.0019164430816404753,0.0,0.0016178762026595836,34900.0,189100.0,3821559.848,15118759.8,VAW,IYM,Materials
2013-11-27,4.611649152085801,4.35939751661352,100.65,78.21,0.001991,0.001152,0.0,0.0,0.001991040318566451,0.0011520737327187342,0.0,0.0008389665858477167,21200.0,209100.0,3745169.4980000006,15356008.65,VAW,IYM,Materials
2013-11-29,4.610854002456389,4.359141762136423,100.57,78.19,-0.000795,-0.000256,30170999.999999996,93828000.0,0.03269807702448041,0.12536659590805013,-63657000.0,-0.09266851888356972,17300.0,39900.0,3659467.5480000004,11714355.8,VAW,IYM,Materials
2013-12-02,4.609361390606559,4.3578620076745835,100.42,78.09,-0.001492,-0.001279,0.0,0.0,-0.0014914984587847979,-0.001278935925310142,0.0,-0.00021256253347465585,49300.0,698900.0,3780675.848,13684743.65,VAW,IYM,Materials
2013-12-03,4.598747605300695,4.347046915777855,99.3598,77.25,-0.010558,-0.010757,0.0,0.0,-0.010557657837084117,-0.010756819054936612,0.0,0.0001991612178524945,37600.0,688200.0,3684771.175,13026466.25,VAW,IYM,Materials
2013-12-04,4.6023662586553575,4.3522115495946965,99.72,77.65,0.003625,0.005178,0.0,0.0,0.003625208585363367,0.005177993527508234,0.0,-0.0015527849421448667,34300.0,279000.0,3624555.925,13751786.5,VAW,IYM,Materials
2013-12-05,4.5979441408963515,4.347046915777855,99.28,77.25,-0.004412,-0.005151,0.0,0.0,-0.004412354592860008,-0.005151320025756742,0.0,0.0007389654328967344,30800.0,92600.0,3660961.925,13906739.2,VAW,IYM,Materials
2013-12-06,4.611052849146247,4.35939751661352,100.59,78.21,0.013195,0.012427,0.0,0.0,0.013195004029008865,0.012427184466019274,0.0,0.0007678195629895902,73200.0,274300.0,3873167.7649999997,14386896.85,VAW,IYM,Materials
2013-12-09,4.616011209165967,4.366151285515591,101.09,78.74,0.004971,0.006777,0.0,0.0,0.004970673029128144,0.006776627029791729,0.0,-0.0018059540006635857,38600.0,57700.0,3846493.465,14250971.75,VAW,IYM,Materials
2013-12-10,4.616802270217799,4.3688147407016515,101.17,78.95,0.000791,0.002667,0.0,0.0,0.0007913740231476902,0.002667005334010668,0.0,-0.001875631310862978,42400.0,57400.0,3913591.8649999998,14178773.4,VAW,IYM,Materials
2013-12-11,4.599755553286593,4.350535967582511,99.46,77.52,-0.016902,-0.018113,0.0,0.0,-0.016902243748146684,-0.01811272957568081,0.0,0.0012104858275341253,40500.0,176800.0,4039309.965,14729258.05,VAW,IYM,Materials
2013-12-12,4.598548309679204,4.349245145149502,99.34,77.42,-0.001207,-0.00129,0.0,0.0,-0.0012065151819827067,-0.0012899896800825593,0.0,8.347449809985264e-05,35700.0,221200.0,3867073.465,15299811.9,VAW,IYM,Materials
2013-12-13,4.603969465411573,4.353241283242128,99.88,77.73,0.005436,0.004004,0.0,0.0,0.005435876786792832,0.0040041332988891756,0.0,0.0014317434879036568,33200.0,114900.0,3838622.5149999997,15264631.05,VAW,IYM,Materials
2013-12-16,4.608365076884611,4.356837023600222,100.32,78.01,0.004405,0.003602,0.0,0.0,0.004405286343612206,0.003602212787855397,0.0,0.0008030735557568091,30500.0,131200.0,3772564.915,15364244.75,VAW,IYM,Materials
2013-12-17,4.612145799724517,4.362206507224575,100.7,78.43,0.003788,0.005384,0.0,0.0,0.003787878787878917,0.005383925137802988,0.0,-0.0015960463499240713,47100.0,268800.0,3703737.415,15612318.35,VAW,IYM,Materials
2013-12-18,4.623795650111256,4.373868446972418,101.88,79.35,0.011718,0.01173,0.0,0.0,0.011717974180734857,0.01173020527859209,0.0,-1.2231097857234169e-05,38400.0,162200.0,3713942.965,15496986.05,VAW,IYM,Materials
2013-12-19,4.624678652376135,4.376260039779544,101.97,79.54,0.000883,0.002394,0.0,0.0,0.0008833922261484099,0.0023944549464401032,0.0,-0.0015110627202916933,70900.0,169100.0,3887708.6149999998,15807072.9,VAW,IYM,Materials
2013-12-20,4.610058220060867,4.378395048439832,100.49,79.71,0.004109,0.002137,0.0,0.0,-0.014514072766499951,0.0021372894141309757,0.0,-0.016651362180630926,62100.0,119100.0,3896562.8649999998,16152126.35,VAW,IYM,Materials
2013-12-23,4.614229030476437,4.377014092850337,100.91,79.6,0.00418,0.003808,0.0,0.0,0.00417952035028361,-0.0013800025090954713,0.0,0.005559522859379082,45500.0,81700.0,4059884.9739999995,16226016.05,VAW,IYM,Materials
2013-12-24,4.625070847694428,4.387511564904451,102.01,80.44,0.010901,0.010553,0.0,0.0,0.010900802695471211,0.010552763819095617,0.0,0.0003480388763755938,20100.0,222400.0,4040824.2239999995,16630930.0,VAW,IYM,Materials
2013-12-26,4.6290820060344045,4.393213824064446,102.42,80.9,0.004019,0.005719,0.0,0.0,0.004019213802568375,0.005718547986076717,0.0,-0.0016993341835083416,52200.0,146200.0,4132855.1739999996,16483684.4,VAW,IYM,Materials
2013-12-27,4.6338548198480005,4.397653890559581,102.91,81.26,0.004784,0.00445,0.0,0.0,0.004784221831673501,0.004449938195302705,0.0,0.0003342836363707958,80900.0,73800.0,4442437.124,15965848.25,VAW,IYM,Materials
2013-12-30,4.633563260489309,4.3965457207730845,102.88,81.17,-0.000292,-0.001108,0.0,0.0,-0.0002915168593917015,-0.0011075559931085406,0.0,0.0008160391337168391,77300.0,59300.0,4753075.273999999,16050528.25,VAW,IYM,Materials
2013-12-31,4.637153231841142,4.39974375547904,103.25,81.43,0.003596,0.003203,-10118500.0,-44786500.00000001,-0.0070362742213442055,-0.048123519114347875,34668000.00000001,0.041087244893003666,111500.0,63400.0,5081158.723999999,13579806.3,VAW,IYM,Materials
2014-01-02,4.629472478511056,4.393213824064446,102.46,80.9,-0.007651,-0.006509,0.0,0.0,-0.007651331719128329,-0.006508657742846759,0.0,-0.0011426739762815698,109300.0,669800.0,5454306.2,13630974.8,VAW,IYM,Materials
2014-01-03,4.628300603376946,4.391729410135267,102.34,80.78,-0.001171,-0.001483,0.0,0.0,-0.0011711887565879367,-0.0014833127317676143,0.0,0.00031212397517967755,116900.0,262900.0,5881463.7,13609610.4,VAW,IYM,Materials
2014-01-06,4.622125626637505,4.385271364838771,101.71,80.26,-0.006156,-0.006437,0.0,0.0,-0.006155950752393981,-0.006437236939836593,0.0,0.00028128618744261216,135800.0,212700.0,6419183.4,14105508.0,VAW,IYM,Materials
2014-01-07,4.62173227428707,4.382776353564427,101.67,80.06,-0.000393,-0.002492,0.0,0.0,-0.0003932749975420313,-0.0024919013207077,0.0,0.002098626323165669,64000.0,219800.0,6376368.0,13912717.25,VAW,IYM,Materials
2014-01-08,4.625658852415407,4.387511564904451,102.07,80.44,0.003934,0.004747,0.0,0.0,0.003934297236156063,0.004746440169872595,0.0,-0.0008121429337165321,83100.0,121700.0,6605365.15,14175029.75,VAW,IYM,Materials
2014-01-09,4.623501142672815,4.383899879055562,101.85,80.15,-0.002155,-0.003605,0.0,0.0,-0.0021553835603016266,-0.0036051715564395822,0.0,0.0014497879961379557,51000.0,80400.0,6650602.25,14270646.25,VAW,IYM,Materials
2014-01-10,4.627811916468916,4.388132953105642,102.29,80.49,0.00432,0.004242,0.0,0.0,0.004320078546882671,0.004242046163443544,0.0,7.803238343912725e-05,55200.0,71800.0,6731516.15,13874328.55,VAW,IYM,Materials
2014-01-13,4.614229030476437,4.370839289033305,100.91,79.11,-0.013491,-0.017145,0.0,0.0,-0.01349105484407078,-0.01714498695490123,0.0,0.0036539321108304493,55100.0,186500.0,6832201.3,13755764.1,VAW,IYM,Materials
2014-01-14,4.626833825624118,4.387884444158042,102.19,80.47,0.012685,0.017191,0.0,0.0,0.012684570409275592,0.01719125268613323,0.0,-0.004506682276857639,48600.0,92100.0,6914722.2,13679769.6,VAW,IYM,Materials
2014-01-15,4.6338548198480005,4.396176057778301,102.91,81.14,0.007046,0.008326,0.0,0.0,0.007045699187787455,0.008326084255001864,0.0,-0.0012803850672144096,59600.0,135300.0,7068406.0,13716936.1,VAW,IYM,Materials
2014-01-16,4.634534794617996,4.3965457207730845,102.98,81.17,0.00068,0.00037,0.0,0.0,0.0006802060052473035,0.0003697313285679073,0.0,0.0003104746766793962,89700.0,72000.0,7293122.8,12955048.9,VAW,IYM,Materials
2014-01-17,4.6316173560029394,4.389498649512583,102.68,80.6,-0.002913,-0.007022,0.0,0.0,-0.0029131870266069816,-0.007022298878896144,0.0,0.004109111852289162,29400.0,159300.0,7248452.8,12953499.4,VAW,IYM,Materials
2014-01-21,4.635893358630932,4.398269010219746,103.12,81.31,0.004285,0.008809,0.0,0.0,0.0042851577717178315,0.00880893300248139,0.0,-0.004523775230763558,74200.0,183200.0,7269544.35,13025788.3,VAW,IYM,Materials
2014-01-22,4.629374874684909,4.390118804571218,102.45,80.65,-0.006497,-0.008117,0.0,0.0,-0.0064972847168347555,-0.00811708276964703,0.0,0.001619798052812274,52900.0,198200.0,7228503.15,13350356.75,VAW,IYM,Materials
2014-01-23,4.6163079303985475,4.375505417683616,101.12,79.48,-0.012982,-0.014507,0.0,0.0,-0.012981942410932161,-0.014507129572225667,0.0,0.0015251871612935054,136000.0,110800.0,7686548.9,13465509.95,VAW,IYM,Materials
2014-01-24,4.587413464398832,4.3476939555933765,98.24,77.3,-0.028481,-0.027428,0.0,0.0,-0.028481012658227847,-0.027428283844992452,0.0,-0.001052728813235395,131400.0,239100.0,8229465.65,13495138.65,VAW,IYM,Materials
2014-01-27,4.5827200571505,4.34211568336104,97.78,76.87,-0.004682,-0.005563,0.0,0.0,-0.004682410423452769,-0.0055627425614489,0.0,0.0008803321379961312,123700.0,149600.0,8566918.75,13478747.25,VAW,IYM,Materials
2014-01-28,4.588634217347992,4.347046915777855,98.36,77.25,0.005932,0.004943,0.0,0.0,0.005931683370832481,0.004943410953557955,0.0,0.0009882724172745258,56400.0,116800.0,8428023.0,13630037.85,VAW,IYM,Materials
2014-01-29,4.592692664476979,4.350922889622548,98.76,77.55,0.004067,0.003884,0.0,0.0,0.004066693777958519,0.003883495145631068,0.0,0.00018319863232745155,66000.0,329500.0,8356299.8,14667005.05,VAW,IYM,Materials
2014-01-30,4.5974403879261505,4.356067595503785,99.23,77.95,0.004759,0.005158,0.0,0.0,0.004759011745646011,0.0051579626047711154,0.0,-0.00039895085912510474,139200.0,548800.0,8471321.85,16547819.95,VAW,IYM,Materials
2014-01-31,4.592793914920036,4.351051830374451,98.77,77.56,-0.004636,-0.005003,39508000.0,46536000.0,0.03886798981528398,0.05352601592272573,-7028000.0,-0.014658026107441754,101100.0,292600.0,8410660.3,14973181.75,VAW,IYM,Materials
2014-02-03,4.566013470786897,4.3255885495701785,96.16,75.61,-0.026425,-0.025142,0.0,0.0,-0.026425027842462288,-0.025141825683341928,0.0,-0.00128320215912036,153700.0,1287900.0,8551472.6,18780234.6,VAW,IYM,Materials
2014-02-04,4.575638383382054,4.334148554429418,97.09,76.26,0.009671,0.008597,0.0,0.0,0.009671381031613977,0.008596746462108187,0.0,0.0010746345695057894,335600.0,599700.0,9490031.9,20213325.6,VAW,IYM,Materials
2014-02-05,4.575947327311188,4.336636932375072,97.12,76.45,0.000309,0.002491,0.0,0.0,0.0003089916572252549,0.0024914765276685025,0.0,-0.0021824848704432476,210500.0,400300.0,10186875.9,20863612.95,VAW,IYM,Materials
2014-02-06,4.59096983658695,4.351567427189173,98.59,77.6,0.015136,0.015043,0.0,0.0,0.015135914332784184,0.015042511445389,0.0,9.340288739518449e-05,207300.0,188900.0,10784660.4,21107067.55,VAW,IYM,Materials
2014-02-07,4.604570005916059,4.363226005210164,99.94,78.51,0.013693,0.011727,0.0,0.0,0.01369307231970788,0.011726804123711484,0.0,0.0019662681959963964,52500.0,149300.0,10787285.4,21370941.7,VAW,IYM,Materials
2014-02-10,4.607966273290093,4.367166771766858,100.28,78.82,0.003402,0.003949,0.0,0.0,0.0034020412247348407,0.003948541587058833,0.0,-0.0005465003623239921,285000.0,229800.0,11933955.0,21987624.4,VAW,IYM,Materials
2014-02-11,4.620945105103454,4.379648809887917,101.59,79.81,0.013063,0.01256,0.0,0.0,0.01306342241723175,0.012560263892413236,0.0,0.0005031585248185151,413600.0,266400.0,13756829.15,22312992.85,VAW,IYM,Materials
2014-02-12,4.6210435351443815,4.379022125653583,101.6,79.76,9.8e-05,-0.000626,0.0,0.0,9.84348853233586e-05,-0.0006264879087833605,0.0,0.0007249227941067191,49800.0,192000.0,13761491.45,22708124.5,VAW,IYM,Materials
2014-02-13,4.631422557132157,4.402441819416474,102.66,81.65,0.010433,0.023696,0.0,0.0,0.010433070866141732,0.02369608826479452,0.0,-0.013263017398652788,222600.0,134500.0,14597425.45,22708308.65,VAW,IYM,Materials
2014-02-14,4.638314784580394,4.395436321583799,103.37,81.08,0.006916,-0.006981,0.0,0.0,0.006916033508669394,-0.006981016533986662,0.0,0.013897050042656057,67800.0,164900.0,14485984.45,23084601.25,VAW,IYM,Materials
2014-02-18,4.640247712600788,4.397038392294319,103.57,81.21,0.001935,0.001603,0.0,0.0,0.0019347973299795639,0.0016033547113960159,0.0,0.00033144261858354803,130500.0,531900.0,15010839.1,24602402.2,VAW,IYM,Materials
2014-02-19,4.632006839941651,4.38937457233642,102.72,80.59,-0.008207,-0.007635,0.0,0.0,-0.008207009751858526,-0.007634527767516181,0.0,-0.0005724819843423452,81600.0,112900.0,15047361.5,24312533.15,VAW,IYM,Materials
2014-02-20,4.6414056785701865,4.399620943074833,103.69,81.42,0.009443,0.010299,0.0,0.0,0.009443146417445482,0.010299044546469785,0.0,-0.0008558981290243024,68900.0,122100.0,15133593.3,24010360.75,VAW,IYM,Materials
2014-02-21,4.640344260995746,4.3975308212098465,103.58,81.25,-0.001061,-0.002088,0.0,0.0,-0.0010608544700549715,-0.002087939081306804,0.0,0.0010270846112518327,53100.0,83500.0,14720982.2,23909260.3,VAW,IYM,Materials
2014-02-24,4.635214307336468,4.39247189253542,103.05,80.84,-0.005117,-0.005046,0.0,0.0,-0.005116817918517088,-0.005046153846153846,0.0,-7.066407236324193e-05,421600.0,58800.0,16247839.4,23222808.4,VAW,IYM,Materials
2014-02-25,4.638508245598602,4.396052806406973,103.39,81.13,0.003299,0.003587,0.0,0.0,0.003299369238233867,0.003587333003463632,0.0,-0.000287963765229765,75200.0,95000.0,16031816.5,23033188.3,VAW,IYM,Materials
2014-02-26,4.647463098178343,4.403543478136132,104.32,81.74,0.008995,0.007519,0.0,0.0,0.008995067221201155,0.007518796992481203,0.0,0.0014762702287199527,81000.0,183200.0,16176937.3,23330786.7,VAW,IYM,Materials
2014-02-27,4.654150808209713,4.411828125910671,105.02,82.42,0.00671,0.008319,0.0,0.0,0.006710122699386624,0.008319060435527282,0.0,-0.0016089377361406584,66400.0,147000.0,16199695.7,22658937.45,VAW,IYM,Materials
2014-02-28,4.6580472255888585,4.415098675734075,105.43,82.69,0.003904,0.003276,147602000.0,-53748500.0,0.15104237942075005,-0.05710644216164721,201350500.0,0.20814882158239725,87300.0,126500.0,15969256.85,21043003.7,VAW,IYM,Materials
2014-03-03,4.655102554736301,4.41267707387264,105.12,82.49,-0.00294,-0.002419,0.0,0.0,-0.0029403395617945555,-0.0024186721489902045,0.0,-0.000521667412804351,130131.0,1089812.0,16153943.036000002,24403230.494,VAW,IYM,Materials
2014-03-04,4.670834323381922,4.427000000316613,106.7868,83.68,0.015856,0.014426,0.0,0.0,0.01585616438356156,0.014425991029215804,0.0,0.0014301733543457557,210905.0,267195.0,16541046.9387,20652268.424000002,VAW,IYM,Materials
2014-03-05,4.672548421318039,4.429983118094737,106.97,83.93,0.001716,0.002988,0.0,0.0,0.0017155678417183466,0.002987571701720841,0.0,-0.0012720038600024942,123522.0,311733.0,15572534.155700002,19673799.8585,VAW,IYM,Materials
2014-03-06,4.676653287609955,4.435448911169876,107.41,84.39,0.004113,0.005481,0.0,0.0,0.0041133027951762175,0.005480757774335615,0.0,-0.0013674549791593974,63008.0,149036.0,14888730.6197,18772510.5105,VAW,IYM,Materials
2014-03-07,4.674229721919586,4.429506416858203,107.15,83.89,-0.002421,-0.005925,0.0,0.0,-0.002420631226142817,-0.0059248726152387726,0.0,0.0035042413890959555,65767.0,160448.0,14219191.9722,18712577.6465,VAW,IYM,Materials
2014-03-10,4.671425981765156,4.428074948165718,106.85,83.77,-0.0028,-0.00143,0.0,0.0,-0.0027998133457769483,-0.001430444629872452,0.0,-0.0013693687159044962,84826.0,70851.0,14410032.377200002,18423259.91,VAW,IYM,Materials
2014-03-11,4.66164503291607,4.418961082466944,105.81,83.01,-0.009733,-0.009072,0.0,0.0,-0.009733270940570894,-0.009072460307986153,0.0,-0.0006608106325847411,194816.0,369842.0,14011716.4252,19052647.331,VAW,IYM,Materials
2014-03-12,4.661077817926388,4.418238016636454,105.75,82.95,-0.000567,-0.000723,0.0,0.0,-0.0005670541536716756,-0.0007228044813877846,0.0,0.000155750327716109,87964.0,74671.0,12375944.8752,18299276.1035,VAW,IYM,Materials
2014-03-13,4.652149187182086,4.409276949164042,104.81,82.21,-0.008889,-0.008921,0.0,0.0,-0.008888888888888889,-0.008921036769138177,0.0,3.214788024928812e-05,172892.0,122082.0,13029001.4012,18035398.1645,VAW,IYM,Materials
2014-03-14,4.653579325195778,4.411464070327499,104.96,82.39,0.001431,0.00219,0.0,0.0,0.0014311611487453487,0.0021895146575843785,0.0,-0.0007583535088390297,58833.0,52896.0,12195151.1852,17704206.986500002,VAW,IYM,Materials
2014-03-17,4.660888674744435,4.418840607796598,105.73,83.0,0.007336,0.007404,0.0,0.0,0.007336128048780487,0.0074038111421288995,0.0,-6.768309334841214e-05,71125.0,156215.0,12220729.1977,17683994.6365,VAW,IYM,Materials
2014-03-18,4.6682388774550745,4.425804257019769,106.51,83.58,0.007377,0.006988,0.0,0.0,0.007377281755414735,0.006987951807228916,0.0,0.0003893299481858197,42867.0,136513.0,11773223.156200001,16094702.5135,VAW,IYM,Materials
2014-03-19,4.659563669818423,4.418238016636454,105.59,82.95,-0.008638,-0.007538,0.0,0.0,-0.008637686602196977,-0.007537688442211055,0.0,-0.0010999981599859217,54845.0,142802.0,11643679.733700002,16232043.2585,VAW,IYM,Materials
2014-03-20,4.663910681010692,4.42232849394725,106.05,83.29,0.004357,0.004099,0.0,0.0,0.004356473150866559,0.0040988547317662655,0.0,0.0002576184191002938,32628.0,44557.0,11459477.6537,15920531.785,VAW,IYM,Materials
2014-03-21,4.66814498514948,4.428194315518889,106.5,83.78,0.004243,0.005883,0.0,0.0,0.004243281471004243,0.005883059190779063,0.0,-0.0016397777197748199,55173.0,67337.0,11478268.9787,15863387.728,VAW,IYM,Materials
2014-03-24,4.658995272682999,4.420525933824491,105.53,83.14,-0.009108,-0.007639,0.0,0.0,-0.009107981220657277,-0.0076390546669849605,0.0,-0.001468926553672316,73782.0,50141.0,9695285.7017,15834154.265,VAW,IYM,Materials
2014-03-25,4.664947390023952,4.423408472452651,106.16,83.38,0.00597,0.005606,0.0,0.0,0.0059698663887046335,0.0028866971373586723,0.0,0.003083169251345961,37662.0,67156.0,9506449.1977,15728760.128999999,VAW,IYM,Materials
2014-03-26,4.648899948849417,4.408425108528412,104.47,82.14,-0.015919,-0.014872,0.0,0.0,-0.015919366993217783,-0.014871671863756297,0.0,-0.0010476951294614862,88861.0,51835.0,9548118.6312,15192908.074000001,VAW,IYM,Materials
2014-03-27,4.646983688801502,4.406231323370699,104.27,81.96,-0.001914,-0.002191,0.0,0.0,-0.0019144251938355509,-0.002191380569759091,0.0,0.0002769553759235403,66713.0,39752.0,9547260.4567,14750024.77,VAW,IYM,Materials
2014-03-28,4.6531028397433944,4.411585436915426,104.91,82.4,0.006138,0.005369,0.0,0.0,0.00613791119209744,0.005368472425573595,0.0,0.0007694387665238452,32796.0,52875.0,9259089.924700001,14444855.52,VAW,IYM,Materials
2014-03-31,4.666359354300514,4.422088340247728,106.31,83.27,0.013345,0.010558,21262000.0,87433500.0,0.03184997206900151,0.11509876129896217,-66171500.0,-0.08324878922996065,83391.0,81345.0,9018386.2492,10288605.833500002,VAW,IYM,Materials
2014-04-01,4.673472552464654,4.428790938649766,107.0689,83.83,0.007139,0.006725,0.0,0.0,0.007138557050136354,0.006725111084424163,0.0,0.0004134459657121909,115495.0,339318.0,8510588.876775,10592913.3505,VAW,IYM,Materials
2014-04-02,4.680463170023523,4.4356858779956285,107.82,84.41,0.007015,0.006919,0.0,0.0,0.0070151089625465875,0.006918764165573184,0.0,9.634479697340388e-05,76442.0,323865.0,8262030.281775,10651598.0485,VAW,IYM,Materials
2014-04-03,4.681019498271529,4.437579593794131,107.88,84.57,0.000556,0.001895,0.0,0.0,0.0005564830272676684,0.0018955100106621177,0.0,-0.0013390269833944493,78396.0,104502.0,8346513.841774998,10464627.3535,VAW,IYM,Materials
2014-04-04,4.668708206792079,4.425564936688365,106.56,83.56,-0.012236,-0.011943,0.0,0.0,-0.012235817575083427,-0.011942769303535408,0.0,-0.00029304827154801906,79025.0,50556.0,8415212.339274999,10002851.1855,VAW,IYM,Materials
2014-04-07,4.65195834748685,4.4101280647847565,104.79,82.28,-0.01661,-0.015318,0.0,0.0,-0.01661036036036036,-0.015318334131163236,0.0,-0.0012920262291971248,96587.0,114468.0,8468097.020775001,10177013.124000002,VAW,IYM,Materials
2014-04-08,4.6570982788484505,4.415098675734075,105.33,82.69,0.005153,0.004983,0.0,0.0,0.005153163469796736,0.004982984929508993,0.0,0.0001701785402877425,59021.0,50320.0,7748257.069275001,8850031.943,VAW,IYM,Materials
2014-04-09,4.670676988190211,4.429625613473161,106.77,83.9,0.013671,0.014633,0.0,0.0,0.013671318712617488,0.014632966501390865,0.0,-0.0009616477887733777,65396.0,89259.0,7632263.965275,8914775.475499999,VAW,IYM,Materials
2014-04-10,4.651194624299371,4.409033640160408,104.71,82.19,-0.019294,-0.020381,0.0,0.0,-0.019293809122412662,-0.020381406436233734,0.0,0.0010875973138210725,60120.0,334035.0,7040981.699274999,9785674.247,VAW,IYM,Materials
2014-04-11,4.638314784580394,4.397653890559581,103.37,81.26,-0.012797,-0.011315,0.0,0.0,-0.012797249546366154,-0.011315245163645212,0.0,-0.001482004382720942,139430.0,225864.0,7452870.070274999,10485454.607,VAW,IYM,Materials
2014-04-14,4.645737107980115,4.405376883282097,104.1401,81.89,0.00745,0.007753,0.0,0.0,0.007449937119086817,0.0077528919517597834,0.0,-0.0003029548326729664,129846.0,87381.0,7752976.529005,10194943.8615,VAW,IYM,Materials
2014-04-15,4.650621448892009,4.409520198982804,104.65,82.23,0.004896,0.004152,0.0,0.0,0.0048962887494826265,0.0041519111002564415,0.0,0.000744377649226185,134368.0,129080.0,8227768.880505,10155168.454499999,VAW,IYM,Materials
2014-04-16,4.664570529269539,4.424127810692517,106.12,83.44,0.014047,0.014715,0.0,0.0,0.014046822742474917,0.014714824273379546,0.0,-0.000668001530904629,158017.0,146977.0,8776652.905004999,10176085.2035,VAW,IYM,Materials
2014-04-17,4.6672995574536404,4.426521874560433,106.41,83.64,0.002733,0.002397,0.0,0.0,0.0027327553712777988,0.0023969319271332696,0.0,0.00033582344414452917,125116.0,111237.0,9269322.613005001,10455720.711,VAW,IYM,Materials
2014-04-21,4.668614358544626,4.427836170705175,106.55,83.75,0.001316,0.001315,0.0,0.0,0.0013156658208814962,0.0013151602104256336,0.0,5.056104558625457e-07,131170.0,58213.0,9674334.563005,10417412.9555,VAW,IYM,Materials
2014-04-22,4.67292228803891,4.430816798843313,107.01,84.0,0.004317,0.002985,0.0,0.0,0.004317221961520413,0.0029850746268656717,0.0,0.0013321473346547415,50733.0,60072.0,9556470.756505001,10461279.2185,VAW,IYM,Materials
2014-04-23,4.671613142536805,4.4309358393767555,106.87,84.01,-0.001308,0.000119,0.0,0.0,-0.001308288944958415,0.00011904761904761905,0.0,-0.0014273365640060341,65627.0,68286.0,9707238.735005,10468141.1975,VAW,IYM,Materials
2014-04-24,4.667111587528274,4.426402307393435,106.39,83.63,-0.004491,-0.004523,0.0,0.0,-0.004491438195938991,-0.004523271039162005,0.0,3.183284322301385e-05,71642.0,95073.0,9624172.920505,10652802.602000002,VAW,IYM,Materials
2014-04-25,4.659279511635123,4.418961082466944,105.56,83.01,-0.007802,-0.007414,0.0,0.0,-0.007801485101983269,-0.007413607557096736,0.0,-0.0003878775448865335,39492.0,60841.0,9484803.471005,10742419.4765,VAW,IYM,Materials
2014-04-28,4.653960350157523,4.414493824811383,105.0,82.64,-0.005305,-0.004457,0.0,0.0,-0.005305039787798408,-0.004457294301891338,0.0,-0.0008477454859070702,57133.0,104678.0,9612720.303004999,10957103.9725,VAW,IYM,Materials
2014-04-29,4.6612669253399615,4.422808628394115,105.77,83.33,0.007333,0.00835,0.0,0.0,0.007333333333333333,0.00834946757018393,0.0,-0.0010161342368505974,40387.0,128695.0,9383042.092005001,11154631.782499999,VAW,IYM,Materials
2014-04-30,4.667957174086856,4.4297447958819784,106.48,83.91,0.006713,0.00696,10648000.0,0.0,0.01573987248528893,0.0069602784111364455,10648000.0,0.008779594074152484,132977.0,50263.0,9472715.50973,9943258.802,VAW,IYM,Materials
2014-05-01,4.66362775555966,4.425205848767815,106.02,83.53,-0.00432,-0.004529,0.0,0.0,-0.004320060105184072,-0.004528661661303778,0.0,0.00020860155611970594,103147.0,99080.0,9607398.93473,8990194.1895,VAW,IYM,Materials
2014-05-02,4.668520501488853,4.430340494952432,106.54,83.96,0.004905,0.005148,0.0,0.0,0.004904734955668742,0.005147851071471201,0.0,-0.00024311611580245859,37987.0,43693.0,9386887.65973,8731730.6965,VAW,IYM,Materials
2014-05-05,4.671706709788335,4.433788569232471,106.88,84.25,0.003191,0.003454,0.0,0.0,0.0031912896564670547,0.003454025726536573,0.0,-0.0002627360700695183,37233.0,70043.0,9164815.61173,8815563.866,VAW,IYM,Materials
2014-05-06,4.66617120754549,4.42926798099632,106.29,83.87,-0.00552,-0.00451,0.0,0.0,-0.0055202095808383235,-0.004510385756676558,0.0,-0.0010098238241617657,43601.0,56384.0,8890465.539730001,8581088.818,VAW,IYM,Materials
2014-05-07,4.673856343776539,4.436751534363128,107.11,84.5,0.007715,0.007512,0.0,0.0,0.007714742685106783,0.007511625134136163,0.0,0.00020311755097061988,34779.0,89365.0,8765890.37773,8750607.903,VAW,IYM,Materials
2014-05-08,4.66814498514948,4.431411859854625,106.5,84.05,-0.005695,-0.005325,0.0,0.0,-0.005695079824479507,-0.0053254437869822485,0.0,-0.00036963603749725835,43331.0,105056.0,8647511.40673,8817664.238000002,VAW,IYM,Materials
2014-05-09,4.668332760945732,4.431054865741236,106.52,84.02,0.000188,-0.000357,0.0,0.0,0.00018779342723004695,-0.0003569303985722784,0.0,0.0005447238258023254,46723.0,59083.0,8581599.844730001,7693155.088500001,VAW,IYM,Materials
2014-05-12,4.683704063642198,4.445588116163626,108.17,85.25,0.01549,0.014639,0.0,0.0,0.015490048817123545,0.014639371578195668,0.0,0.0008506772389278768,47079.0,73652.0,8115582.66123,7089411.3065,VAW,IYM,Materials
2014-05-13,4.682501528924415,4.446174454497633,108.04,85.3,-0.001202,0.000587,0.0,0.0,-0.0012018119626513821,0.0005865102639296188,0.0,-0.0017883222265810009,53238.0,290701.0,7727065.5660000015,7971469.566999999,VAW,IYM,Materials
2014-05-14,4.681297546375642,4.445705411337064,107.91,85.26,-0.001203,-0.000469,0.0,0.0,-0.001203258052573121,-0.0004689331770222743,0.0,-0.0007343248755508466,51987.0,296248.0,7304480.864499999,8703662.371000001,VAW,IYM,Materials
2014-05-15,4.666359354300514,4.431411859854625,106.31,84.05,-0.014827,-0.014192,0.0,0.0,-0.014827170790473543,-0.014191883650011729,0.0,-0.0006352871404618141,47888.0,624710.0,6720591.3265,10715818.102,VAW,IYM,Materials
2014-05-16,4.669833699313814,4.435448911169876,106.68,84.39,0.00348,0.004045,0.0,0.0,0.0034803875458564574,0.004045211183819155,0.0,-0.0005648236379626977,63641.0,450321.0,6394372.742500001,12150754.4275,VAW,IYM,Materials
2014-05-19,4.676001366748682,4.440059665924491,107.34,84.78,0.006187,0.004621,0.0,0.0,0.006186726659167604,0.004621400639886242,0.0,0.0015653260192813618,37196.0,279711.0,5895195.499500001,13092682.419000002,VAW,IYM,Materials
2014-05-20,4.668614358544626,4.433551152327272,106.55,84.23,-0.00736,-0.006487,0.0,0.0,-0.0073597913173094835,-0.006487379098844067,0.0,-0.0008724122184654163,369447.0,1513442.0,7591977.475500001,19214241.002,VAW,IYM,Materials
2014-05-21,4.673762977453703,4.439115601658009,107.1,84.7,0.005162,0.00558,0.0,0.0,0.005161895823557016,0.00557995963433456,0.0,-0.0004180638107775447,20399.0,335781.0,7350536.246000001,20349438.194,VAW,IYM,Materials
2014-05-22,4.675908200493433,4.440413460373609,107.33,84.81,0.002148,0.001299,0.0,0.0,0.002147525676937442,0.0012987012987012987,0.0,0.0008488243782361431,55593.0,283696.0,7267776.461500001,21154903.3325,VAW,IYM,Materials
2014-05-23,4.684905154006945,4.448165437177926,108.3,85.47,0.009038,0.007782,0.0,0.0,0.009037547749930121,0.007782101167315175,0.0,0.0012554465826149462,57645.0,49783.0,7371485.3605,21115130.4125,VAW,IYM,Materials
2014-05-27,4.685274430229753,4.448516375942715,108.34,85.5,0.000369,0.000351,0.0,0.0,0.0003693444136657433,0.000351000351000351,0.0,1.8344062665392297e-05,65651.0,110026.0,7427168.577500001,21152962.0665,VAW,IYM,Materials
2014-05-28,4.684720464746101,4.448282430450947,108.28,85.48,-0.000554,-0.000234,0.0,0.0,-0.0005538120731031936,-0.00023391812865497077,0.0,-0.0003198939444482229,28753.0,125170.0,7369250.67,21151730.928999998,VAW,IYM,Materials
2014-05-29,4.694736629347134,4.458408804592688,109.37,86.35,0.010067,0.010178,0.0,0.0,0.010066494274104174,0.010177819372952613,0.0,-0.00011132509884843877,30219.0,88004.0,6826533.7235,21320809.782500003,VAW,IYM,Materials
2014-05-30,4.693181063310805,4.456206032848133,109.2,86.16,-0.001554,-0.0022,43680000.0,150780000.0,0.033939622725650945,0.1537058482918357,-107100000.0,-0.11976622556618476,51568.0,68544.0,6561312.7565,21202289.714500003,VAW,IYM,Materials
2014-06-02,4.696837374513915,4.459450531638685,109.6,86.44,0.003663,0.00325,0.0,0.0,0.003663003663003663,0.0032497678737233053,0.0,0.00041323578928035773,62755.0,184190.0,6702853.407500001,21814935.6805,VAW,IYM,Materials
2014-06-03,4.694279361059867,4.4569021693189885,109.32,86.22,-0.002555,-0.002545,0.0,0.0,-0.0025547445255474453,-0.0025451180009254974,0.0,-9.626524621947873e-06,58032.0,45391.0,6821083.1674999995,21715560.144,VAW,IYM,Materials
2014-06-04,4.696837374513915,4.459334837764547,109.6,86.43,0.002561,0.002436,0.0,0.0,0.002561287961946579,0.0024356297842727907,0.0,0.0001256581776737883,29653.0,321551.0,6751864.093,22868696.486500002,VAW,IYM,Materials
2014-06-05,4.703022586155596,4.466252886801422,110.28,87.03,0.006204,0.006942,0.0,0.0,0.0062043795620437955,0.006942034015966678,0.0,-0.0007376544539228827,43917.0,422022.0,6807763.4965,24327558.0945,VAW,IYM,Materials
2014-06-06,4.709259894512472,4.471181545984774,110.97,87.46,0.006257,0.004941,0.0,0.0,0.006256800870511426,0.004940825002872573,0.0,0.0013159758676388527,46790.0,330648.0,6836640.236500001,25331983.9585,VAW,IYM,Materials
2014-06-09,4.7063720664970585,4.469121341524815,110.65,87.28,-0.002884,-0.002058,0.0,0.0,-0.0028836622510588447,-0.002058083695403613,0.0,-0.0008255785556552315,314108.0,381332.0,8325596.0485,26747909.1235,VAW,IYM,Materials
2014-06-10,4.707817022948234,4.4695795316817435,110.81,87.32,0.001446,0.000458,0.0,0.0,0.0014460009037505649,0.00045829514207149406,0.0,0.0009877057616790707,47535.0,394409.0,8334336.944499999,28155957.1675,VAW,IYM,Materials
2014-06-11,4.7032945839812905,4.464988155388229,110.31,86.92,-0.004512,-0.004581,0.0,0.0,-0.00451222813825467,-0.004580852038479157,0.0,6.862390022448726e-05,45932.0,273209.0,8300083.214500001,28103483.716499995,VAW,IYM,Materials
2014-06-12,4.694370831446394,4.455044727410454,109.33,86.06,-0.008884,-0.009894,0.0,0.0,-0.008884054029553078,-0.009894155545329039,0.0,0.0010101015157759612,51185.0,86691.0,8299390.158500001,27213609.865500003,VAW,IYM,Materials
2014-06-13,4.698751599609622,4.459334837764547,109.81,86.43,0.00439,0.004299,0.0,0.0,0.004390377755419373,0.004299326051591913,0.0,9.105170382745983e-05,41045.0,64124.0,8270199.067,24865377.9565,VAW,IYM,Materials
2014-06-16,4.697384669975903,4.457597821520956,109.66,86.28,-0.001366,-0.001736,0.0,0.0,-0.0013659958109461798,-0.0017355085039916696,0.0,0.0003695126930454897,348770.0,112564.0,9843043.883,23450849.593000002,VAW,IYM,Materials
2014-06-17,4.70093480797247,4.459797532972339,110.05,86.47,0.003556,0.002202,0.0,0.0,0.0035564472004377167,0.002202132591562355,0.0,0.0013543146088753617,56543.0,205528.0,9954540.808500001,23153754.972000003,VAW,IYM,Materials
2014-06-18,4.7106106984460885,4.4703808596394525,111.12,87.39,0.009723,0.01064,0.0,0.0,0.009722853248523398,0.010639528160055511,0.0,-0.000916674911532113,102839.0,196954.0,8557685.4,17640484.492,VAW,IYM,Materials
2014-06-19,4.709800435066175,4.469121341524815,111.03,87.28,-0.00081,-0.001259,0.0,0.0,-0.0008099352051835853,-0.00125872525460579,0.0,0.00044879004942220474,52524.0,52120.0,8740035.741,16445903.637,VAW,IYM,Materials
2014-06-20,4.715279408668121,4.474833684260088,111.64,87.78,0.005494,0.005729,0.0,0.0,0.0054940106277582635,0.0057286892758936754,0.0,-0.00023467864813541198,48901.0,61806.0,8714661.2885,15514157.283000002,VAW,IYM,Materials
2014-06-23,4.71644318839752,4.4765410433909105,111.77,87.93,0.001164,0.001709,0.0,0.0,0.0011644571838050877,0.0017088174982911825,0.0,-0.0005443603144860947,34682.0,40492.0,8596333.9705,15479432.710499998,VAW,IYM,Materials
2014-06-24,4.706823839714591,4.463145685958674,110.7,86.76,-0.009573,-0.00992,0.0,0.0,-0.009573230741701709,-0.01330603889457523,0.0,0.003732808152873522,101235.0,92986.0,8801038.2285,15412444.828499999,VAW,IYM,Materials
2014-06-25,4.714562562759288,4.471295877431763,111.56,87.47,0.007769,0.008183,0.0,0.0,0.0077687443541102075,0.00818349469801752,0.0,-0.00041475034390731254,199915.0,114892.0,9760495.356500002,15379948.4105,VAW,IYM,Materials
2014-06-26,4.71276819658611,4.469808548057415,111.36,87.34,-0.001793,-0.001486,0.0,0.0,-0.0017927572606669057,-0.0014862238481765176,0.0,-0.0003065334124903881,80317.0,53424.0,10042447.811,15233293.748499999,VAW,IYM,Materials
2014-06-27,4.7125885827553615,4.466827236366346,111.34,87.08,-0.00018,-0.002977,0.0,0.0,-0.00017959770114942528,-0.002976871994504236,0.0,0.0027972742933548107,49950.0,70660.0,10038958.180999998,15245659.8365,VAW,IYM,Materials
2014-06-30,4.716353714948706,4.471981591744346,111.76,87.53,0.003772,0.005168,-22352000.0,-74400500.0,-0.013456954266384265,-0.06080859388163017,52048500.0,0.04735163961524591,49906.0,102867.0,9973935.509,14899788.081999999,VAW,IYM,Materials
2014-07-01,4.720193862556873,4.474377895738068,112.19,87.74,0.003848,0.002399,0.0,0.0,0.003847530422333572,0.002399177424882785,0.0,0.0014483529974507869,112585.0,1542040.0,10288278.1545,21469036.961000003,VAW,IYM,Materials
2014-07-02,4.720193862556873,4.476768471183568,112.19,87.95,0.0,0.002393,0.0,0.0,0.0,0.002393435149304877,0.0,-0.002393435149304877,136175.0,695122.0,10889653.377,23136253.3095,VAW,IYM,Materials
2014-07-03,4.727830198723979,4.485485343042112,113.05,88.72,0.007666,0.008755,0.0,0.0,0.007665567341117747,0.008754974417282547,0.0,-0.0010894070761648007,57054.0,685811.0,10969992.774,24342082.1725,VAW,IYM,Materials
2014-07-07,4.717963013463214,4.4760860325765535,111.94,87.89,-0.009819,-0.009355,0.0,0.0,-0.009818664307828394,-0.009355275022542832,0.0,-0.00046338928528556235,202764.0,747792.0,11845248.567,26182330.4125,VAW,IYM,Materials
2014-07-08,4.714741822417382,4.472438473534133,111.58,87.57,-0.003216,-0.003641,0.0,0.0,-0.0032160085760228694,-0.0036409147798385465,0.0,0.0004249062038156771,196415.0,374517.0,11203245.342,26158020.249,VAW,IYM,Materials
2014-07-09,4.717784330357226,4.475289265133571,111.92,87.82,0.003047,0.002855,0.0,0.0,0.0030471410647069366,0.0028548589699668838,0.0,0.00019228209474005283,50503.0,85878.0,11222492.4625,24813120.853,VAW,IYM,Materials
2014-07-10,4.711330381816482,4.469350462845557,111.2,87.3,-0.006433,-0.005921,0.0,0.0,-0.006433166547533953,-0.005921202459576295,0.0,-0.0005119640879576578,60382.0,124038.0,11304878.4365,24167180.408999998,VAW,IYM,Materials
2014-07-11,4.713217090071225,4.471295877431763,111.41,87.47,0.001889,0.001947,0.0,0.0,0.0018884892086330936,0.0019473081328751432,0.0,-5.8818924242049625e-05,70425.0,75676.0,11417378.0965,24125118.022,VAW,IYM,Materials
2014-07-14,4.713755496401532,4.471067201464611,111.47,87.45,0.000539,-0.000229,0.0,0.0,0.0005385512970110403,-0.00022864982279638732,0.0,0.0007672011198074276,39558.0,377390.0,11412497.037,25498143.931,VAW,IYM,Materials
2014-07-15,4.711240449715158,4.46843366241462,111.19,87.22,-0.002512,-0.00263,0.0,0.0,-0.0025118866062617744,-0.0026300743281875358,0.0,0.00011818772192576142,109589.0,1184218.0,10109451.172500001,30176917.533,VAW,IYM,Materials
2014-07-16,4.716622111282234,4.475289265133571,111.79,87.82,0.005396,0.006879,0.0,0.0,0.005396168720208652,0.0068791561568446475,0.0,-0.0014829874366359954,73067.0,74173.0,10206731.3115,29614010.868,VAW,IYM,Materials
2014-07-17,4.710700687197555,4.468777561082536,111.13,87.25,-0.005904,-0.006491,0.0,0.0,-0.00590392700599338,-0.00649054884992018,0.0,0.0005866218439267998,98907.0,67505.0,10184934.573,29047910.9275,VAW,IYM,Materials
2014-07-18,4.718677426781686,4.475858449507752,112.02,87.87,0.008009,0.007106,0.0,0.0,0.008008638531449654,0.0071060171919770775,0.0,0.0009026213394725761,56595.0,40696.0,10210336.182,28999257.123499997,VAW,IYM,Materials
2014-07-21,4.714741822417382,4.472666836174998,111.58,87.59,-0.003928,-0.003187,0.0,0.0,-0.003927870023210141,-0.0031865255491066347,0.0,-0.0007413444741035066,190424.0,43321.0,10999746.296,28917714.908999998,VAW,IYM,Materials
2014-07-22,4.717337482858839,4.474833684260088,111.87,87.78,0.002599,0.002169,0.0,0.0,0.0025990320846029755,0.0021691973969631237,0.0,0.0004298346876398518,46323.0,49528.0,11065033.6395,28957070.223,VAW,IYM,Materials
2014-07-23,4.720015577657132,4.478245492414424,112.17,88.08,0.002682,0.003418,0.0,0.0,0.0026816840976133013,0.003417634996582365,0.0,-0.0007359508989690637,36804.0,63409.0,10711113.1485,28832950.191000003,VAW,IYM,Materials
2014-07-24,4.719748090695527,4.475061500641071,112.14,87.8,-0.000267,-0.003179,0.0,0.0,-0.0002674511901577962,-0.003178928247048138,0.0,0.002911477056890342,55388.0,95584.0,9906547.794499999,28750083.788999997,VAW,IYM,Materials
2014-07-25,4.721173861744398,4.478131952817368,112.3,88.07,0.001427,0.003075,0.0,0.0,0.0014267879436418763,0.0030751708428244894,0.0,-0.001648382899182613,64044.0,48233.0,9818949.7985,28729175.196499996,VAW,IYM,Materials
2014-07-28,4.722953221644475,4.4810798007570405,112.5,88.33,0.001781,0.002952,0.0,0.0,0.0017809439002671415,0.002952197115930622,0.0,-0.0011712532156634805,152345.0,58964.0,10397818.773500001,28681936.0625,VAW,IYM,Materials
2014-07-29,4.715816706075155,4.473465694990663,111.7,87.66,-0.007111,-0.007585,0.0,0.0,-0.0071111111111111115,-0.0075851918940337375,0.0,0.000474080782922626,242650.0,58040.0,11474144.295500001,28486127.957,VAW,IYM,Materials
2014-07-30,4.711869804647147,4.467860235023485,111.26,87.17,-0.003939,-0.00559,0.0,0.0,-0.003939122649955237,-0.005589778690394707,0.0,0.0016506560404394698,107647.0,1939735.0,11441438.999000002,30175533.4745,VAW,IYM,Materials
2014-07-31,4.691164379154952,4.448165437177926,108.98,85.47,-0.020493,-0.019502,32694000.0,-158119500.0,0.005166928917416223,-0.16941295483225047,190813500.0,0.17457988374966668,78931.0,110285.0,11107660.355500001,27590037.426999997,VAW,IYM,Materials
2014-08-01,4.691989877940651,4.449217884214205,109.07,85.56,0.000826,0.001053,0.0,0.0,0.0008258396035969903,0.001053001053001053,0.0,-0.0002271614494040627,162863.0,3040518.0,11673335.991,37555115.835,VAW,IYM,Materials
2014-08-04,4.7032945839812905,4.460491174618648,110.31,86.53,0.011369,0.011337,0.0,0.0,0.011368845695424956,0.011337073398784479,0.0,3.177229664047716e-05,48565.0,347398.0,10806326.1405,35771961.338,VAW,IYM,Materials
2014-08-05,4.693821883582654,4.450736132681027,109.27,85.69,-0.009428,-0.009708,0.0,0.0,-0.009427975704831837,-0.009707615855772565,0.0,0.00027964015094072807,57678.0,179874.0,10025650.6085,34902808.8065,VAW,IYM,Materials
2014-08-06,4.699934762432514,4.457134107160687,109.94,86.24,0.006132,0.006418,0.0,0.0,0.006131600622311705,0.006418485237483954,0.0,-0.00028688461517224935,92805.0,460979.0,10253184.9055,36513459.9565,VAW,IYM,Materials
2014-08-07,4.692264892839025,4.44886719159269,109.1,85.53,-0.007641,-0.008233,0.0,0.0,-0.007640531198835728,-0.008232838589981447,0.0,0.0005923073911457185,47281.0,228449.0,10175378.8405,36948996.235,VAW,IYM,Materials
2014-08-08,4.7026598072653485,4.459450531638685,110.24,86.44,0.010449,0.01064,0.0,0.0,0.010449129239230064,0.010639541681281423,0.0,-0.00019041244205135824,56381.0,91469.0,10093848.45,37013356.267000005,VAW,IYM,Materials
2014-08-11,4.702750514326955,4.460491174618648,110.25,86.53,9.1e-05,0.001041,0.0,0.0,9.0711175616836e-05,0.0010411846367422489,0.0,-0.0009504734611254129,219581.0,185915.0,11083812.199499998,36167579.7395,VAW,IYM,Materials
2014-08-12,4.704200709451046,4.4618770161616155,110.41,86.65,0.001451,0.001387,0.0,0.0,0.0014512471655328798,0.0013868022651103663,0.0,6.444490042251355e-05,61058.0,79161.0,10811622.842999998,31346170.074,VAW,IYM,Materials
2014-08-13,4.709800435066175,4.467974946810247,111.03,87.18,0.005615,0.006117,0.0,0.0,0.005615433384657187,0.006116560877091883,0.0,-0.000501127492434696,40094.0,65214.0,10625796.6875,31304744.257000007,VAW,IYM,Materials
2014-08-14,4.710880640410205,4.468204330914934,111.15,87.2,0.001081,0.000229,0.0,0.0,0.0010807889759524452,0.00022941041523271812,0.0,0.0008513785607197271,69337.0,31505.0,10461560.3195,31147615.494500004,VAW,IYM,Materials
2014-08-15,4.7125885827553615,4.47026642352329,111.34,87.38,0.001709,0.002064,0.0,0.0,0.0017094017094017094,0.0020642201834862386,0.0,-0.00035481847408452925,52986.0,117991.0,10439544.786500001,31484320.297499996,VAW,IYM,Materials
2014-08-18,4.723219852761906,4.480513581388536,112.53,88.28,0.010688,0.0103,0.0,0.0,0.010687982755523621,0.010299839780270085,0.0,0.00038814297525353696,176036.0,157388.0,10367635.8445,31989306.610000003,VAW,IYM,Materials
2014-08-19,4.726768157735579,4.484131857611035,112.93,88.6,0.003555,0.003625,0.0,0.0,0.003554607660179508,0.0036248300860897147,0.0,-7.022242591020684e-05,46868.0,30834.0,10373168.306,31908522.838000007,VAW,IYM,Materials
2014-08-20,4.727387818712341,4.485485343042112,113.0,88.72,0.00062,0.001354,0.0,0.0,0.0006198530062870805,0.0013544018058690745,0.0,-0.000734548799581994,40303.0,150034.0,10394465.022,32294820.426000006,VAW,IYM,Materials
2014-08-21,4.726325307544559,4.482324355989245,112.88,88.44,-0.001062,-0.003156,0.0,0.0,-0.0010619469026548673,-0.0031559963931469793,0.0,0.002094049490492112,37695.0,42963.0,10296655.086,32065189.051999997,VAW,IYM,Materials
2014-08-22,4.72315675648541,4.478926459413841,112.5229,88.14,-0.003163,-0.003392,0.0,0.0,-0.0031635364989367806,-0.0033921302578018998,0.0,0.0002285937588651192,40669.0,32004.0,10165857.717005001,31993836.664500006,VAW,IYM,Materials
2014-08-25,4.726591041192431,4.482889551279259,112.91,88.49,0.00344,0.003971,0.0,0.0,0.0034401886193831097,0.003970955298388926,0.0,-0.0005307666790058166,31465.0,157697.0,9486552.749505,32431152.535000004,VAW,IYM,Materials
2014-08-26,4.729244501090018,4.483793199821491,113.21,88.57,0.002657,0.000904,0.0,0.0,0.002656983438136569,0.0009040569555880707,0.0,0.0017529264825484983,96832.0,995539.0,8679470.035505,36585507.67650001,VAW,IYM,Materials
2014-08-27,4.729156165769083,4.484244718059211,113.2,88.61,-8.8e-05,0.000452,0.0,0.0,-8.833141948591114e-05,0.00045162018742250917,0.0,-0.0005399516069084203,81635.0,140222.0,8542683.874505,28752426.25,VAW,IYM,Materials
2014-08-28,4.728979471714378,4.483341477622957,113.18,88.53,-0.000177,-0.000903,0.0,0.0,-0.00017667844522968197,-0.000902832637399842,0.0,0.00072615419217016,46996.0,1609634.0,8378539.219505,35406168.203499995,VAW,IYM,Materials
2014-08-29,4.731979032851787,4.485485343042112,113.52,88.72,0.003004,0.002146,-11352000.0,39924000.0,-0.0055306877566665795,0.046142826050422484,-51276000.0,-0.051673513807089066,32036.0,568142.0,7672202.185005,24919110.111500002,VAW,IYM,Materials
2014-09-02,4.728802746433367,4.481758841072857,113.16,88.39,-0.003171,-0.00372,0.0,0.0,-0.003171247357293869,-0.0037195671776375115,0.0,0.0005483198203436426,90375.0,540095.0,7915683.677505,25803042.517,VAW,IYM,Materials
2014-09-03,4.73162660994065,4.484018984423941,113.48,88.59,0.002828,0.002263,0.0,0.0,0.002827854365500177,0.002262699400384659,0.0,0.0005651549651155179,43324.0,260087.0,7846380.300504999,26184427.7305,VAW,IYM,Materials
2014-09-04,4.729950902885397,4.483228515182849,113.29,88.52,-0.001674,-0.00079,0.0,0.0,-0.0016743038420867114,-0.0007901569025849419,0.0,-0.0008841469395017695,48714.0,188341.0,7612171.668505,25030283.5485,VAW,IYM,Materials
2014-09-05,4.7340030578310595,4.486724430781609,113.75,88.83,0.00406,0.003502,0.0,0.0,0.0040603760261276375,0.0035020334387708993,0.0,0.0005583425873567382,28800.0,34691.0,7518053.8135049995,24207401.4765,VAW,IYM,Materials
2014-09-08,4.729067822644328,4.481758841072857,113.19,88.39,-0.004923,-0.004953,0.0,0.0,-0.004923076923076923,-0.00495328154902623,0.0,3.0204625949306965e-05,52890.0,296302.0,7506612.696505001,25121579.1475,VAW,IYM,Materials
2014-09-09,4.720550337028165,4.472324272654662,112.23,87.56,-0.008481,-0.00939,0.0,0.0,-0.008481314603763583,-0.009390202511596335,0.0,0.0009088879078327523,114828.0,25770.0,6940529.756005001,24430038.96,VAW,IYM,Materials
2014-09-10,4.721403577120935,4.473009282385752,112.3258,87.62,0.000854,0.000685,0.0,0.0,0.0008536042056490405,0.0006852444038373687,0.0,0.00016835980181167183,31538.0,61690.0,6780585.621025001,24357337.817500003,VAW,IYM,Materials
2014-09-11,4.722597602864056,4.472438473534133,112.46,87.57,0.001195,-0.000571,0.0,0.0,0.0011947388756635448,-0.0005706459712395702,0.0,0.001765384846903115,34811.0,118940.0,6753746.033024999,24593848.7815,VAW,IYM,Materials
2014-09-12,4.715995741076976,4.46763077196603,111.72,87.15,-0.00658,-0.004796,0.0,0.0,-0.00658011737506669,-0.004796163069544111,0.0,-0.0017839543055225794,35778.0,431329.0,6568261.563525001,26336003.099,VAW,IYM,Materials
2014-09-15,4.716622111282234,4.468548308445127,111.79,87.23,0.000627,0.000918,0.0,0.0,0.0006265664160401002,0.0009179575444634406,0.0,-0.00029139112842334043,22618.0,35694.0,6399711.8125249995,25976179.801,VAW,IYM,Materials
2014-09-16,4.722095965416441,4.4756308146331065,112.4036,87.85,0.005489,0.007108,0.0,0.0,0.005488863046784185,0.0071076464519086195,0.0,-0.0016187834051244344,59670.0,106906.0,5744601.399125,25751053.774,VAW,IYM,Materials
2014-09-17,4.726768157735579,4.482776537774025,112.93,88.48,0.004683,0.007171,0.0,0.0,0.004683124028056004,0.007171314741035984,0.0,-0.00248819071297998,63314.0,88183.0,5837463.738125,26004580.746,VAW,IYM,Materials
2014-09-18,4.731979032851787,4.4880744141118445,113.52,88.95,0.005224,0.005312,0.0,0.0,0.005224475338705393,0.0053119349005424955,0.0,-8.745956183710268e-05,33318.0,57547.0,5798864.756125,25594970.2045,VAW,IYM,Materials
2014-09-19,4.728979471714378,4.485823428355525,113.18,88.75,-0.002995,-0.002248,0.0,0.0,-0.0029950669485553204,-0.0022484541877459247,0.0,-0.0007466127608093957,38098.0,63002.0,5801710.758125001,25684559.1935,VAW,IYM,Materials
2014-09-22,4.724818148253987,4.482211278587644,112.71,88.43,-0.004153,-0.003606,0.0,0.0,-0.004152677151440184,-0.0036056338028167757,0.0,-0.000547043348623408,43588.0,53079.0,5818541.24112,25778206.364,VAW,IYM,Materials
2014-09-23,4.719212902028752,4.475403127929026,112.08,87.83,-0.00559,-0.006785,0.0,0.0,-0.005589566143199361,-0.006785027705529923,0.0,0.0011954615623305615,64147.0,75417.0,6000385.37162,25411669.743,VAW,IYM,Materials
2014-09-24,4.726792951548461,4.480400299032142,112.9328,88.27,0.007609,0.009194,0.0,0.0,0.007608850820842183,0.005009677786633269,0.0,0.002599173034208914,70231.0,129430.0,5848837.00946,21574164.5865,VAW,IYM,Materials
2014-09-25,4.71142030583075,4.463376180370204,111.21,86.78,-0.015255,-0.01688,0.0,0.0,-0.015255089752489905,-0.01688002718930554,0.0,0.001624937436815634,76585.0,51104.0,5812633.801960001,21174651.271500003,VAW,IYM,Materials
2014-09-26,4.719034442137138,4.472438473534133,112.06,87.57,0.007643,0.009103,0.0,0.0,0.007643197554176783,0.009103480064530869,0.0,-0.0014602825103540865,57711.0,41415.0,5870038.17096,14230941.947999999,VAW,IYM,Materials
2014-09-29,4.714472920878541,4.466712392840524,111.55,87.07,-0.004551,-0.00571,0.0,0.0,-0.004551133321434945,-0.005709717939933768,0.0,0.0011585846184988232,272924.0,67590.0,7210435.444960001,12004917.101,VAW,IYM,Materials
2014-09-30,4.70211539204457,4.455160918661383,110.18,86.07,-0.012282,-0.011485,11018000.0,0.0,-0.003804672880946215,-0.011485012059262664,11018000.0,0.007680339178316448,674529.0,453812.0,10415073.95596,11570947.1905,VAW,IYM,Materials
2014-10-01,4.678513580212301,4.430340494952432,107.61,83.96,-0.023326,-0.024515,0.0,0.0,-0.023325467416954074,-0.024514929708376907,0.0,0.0011894622914228326,180574.0,1350802.0,11140831.98696,16089558.62,VAW,IYM,Materials
2014-10-02,4.676373944994423,4.428433007488037,107.38,83.8,-0.002137,-0.001906,0.0,0.0,-0.0021373478301273115,-0.0019056693663648033,0.0,-0.00023167846376250813,222133.0,581683.0,12057523.61096,17693213.123999998,VAW,IYM,Materials
2014-10-03,4.678699419276207,4.4297447958819784,107.63,83.91,0.002328,0.001313,0.0,0.0,0.0023281802942819894,0.0013126491646778043,0.0,0.001015531129604185,100570.0,274210.0,12434941.06596,18689581.1025,VAW,IYM,Materials
2014-10-06,4.677769878402435,4.429506416858203,107.53,83.89,-0.000929,-0.000238,0.0,0.0,-0.0009291089844838799,-0.00023835061375283043,0.0,-0.0006907583707310495,172848.0,107158.0,13064927.382960001,17829548.6445,VAW,IYM,Materials
2014-10-07,4.659784310311204,4.411828125910671,105.6133,82.42,-0.017825,-0.017523,0.0,0.0,-0.017824793081000725,-0.017522946715937536,0.0,-0.00030184636506318946,177214.0,155286.0,13356377.82827,18356661.1905,VAW,IYM,Materials
2014-10-08,4.673482826170178,4.424127810692517,107.07,83.44,0.013793,0.012376,0.0,0.0,0.013792770418119766,0.012375636981315215,0.0,0.00141713343680455,202929.0,135426.0,14265631.675749999,18651394.572499998,VAW,IYM,Materials
2014-10-09,4.646216155424092,4.395436321583799,104.19,81.08,-0.026898,-0.028284,0.0,0.0,-0.026898290837769682,-0.02828379674017258,0.0,0.0013855059024028976,183646.0,436932.0,15026593.25975,19901938.1105,VAW,IYM,Materials
2014-10-10,4.628984364087346,4.379147493923038,102.41,79.77,-0.017084,-0.016157,0.0,0.0,-0.017084173145215473,-0.016156882091761225,0.0,-0.0009272910534542482,250725.0,768150.0,16110574.714249998,21086188.268,VAW,IYM,Materials
2014-10-13,4.604469940873698,4.354012888218683,99.93,77.79,-0.024216,-0.024821,0.0,0.0,-0.024216385118640757,-0.0248213614140653,0.0,0.0006049762954245426,162293.0,571601.0,16795048.37775,23153750.976499997,VAW,IYM,Materials
2014-10-14,4.609261803891345,4.358118089622206,100.41,78.11,0.004803,0.004114,0.0,0.0,0.004803362353647553,0.00411363928525503,0.0,0.0006897230683925231,447291.0,213585.0,18705316.70265,23518322.588999998,VAW,IYM,Materials
2014-10-15,4.618282838161018,4.3665322137152325,101.3199,78.77,0.009062,0.00845,0.0,0.0,0.009061846429638441,0.008449622327486878,0.0,0.000612224102151563,190428.0,294938.0,19312521.497509997,24289814.31,VAW,IYM,Materials
2014-10-16,4.629277261331325,4.377390906269353,102.44,79.63,0.011055,0.010918,0.0,0.0,0.011055083946983802,0.010917862130252634,0.0,0.00013722181673116868,111853.0,266237.0,19696319.59551,25093896.643,VAW,IYM,Materials
2014-10-17,4.641502115235482,4.388381400311889,103.7,80.51,0.0123,0.011051,0.0,0.0,0.012299882858258494,0.01105111139017958,0.0,0.0012487714680789134,209992.0,300562.0,20569531.53351,26024237.599,VAW,IYM,Materials
2014-10-20,4.655673168161198,4.402319337941644,105.18,81.64,0.014272,0.014036,0.0,0.0,0.014271938283510125,0.014035523537448764,0.0,0.00023641474606136102,1063885.0,71194.0,25918862.57451,26080162.7085,VAW,IYM,Materials
2014-10-21,4.679256729340789,4.4259238957110645,107.69,83.59,0.023864,0.023885,0.0,0.0,0.02386385244343031,0.02388535031847134,0.0,-2.1497875041028014e-05,197869.0,158993.0,26624808.41701,26413480.1965,VAW,IYM,Materials
2014-10-22,4.668332760945732,4.415582293202092,106.52,82.73,-0.010865,-0.010288,0.0,0.0,-0.010864518525396973,-0.010288311999042947,0.0,-0.0005762065263540256,102339.0,268691.0,26773296.75717,26953681.213,VAW,IYM,Materials
2014-10-23,4.672361435528415,4.418238016636454,106.95,82.95,0.004037,0.002659,0.0,0.0,0.004036800600826136,0.0026592529916596155,0.0,0.0013775476091665208,124137.0,103872.0,27011268.472170003,27162750.077,VAW,IYM,Materials
2014-10-24,4.679442430362679,4.423888088768799,107.71,83.42,0.007106,0.005666,0.0,0.0,0.0071061243571762505,0.0056660638939119955,0.0,0.001440060463264255,66642.0,48593.0,27046814.23017,27184095.902499996,VAW,IYM,Materials
2014-10-27,4.658900508409059,4.403788126455394,105.52,81.76,-0.020332,-0.019899,0.0,0.0,-0.02033237396713397,-0.01989930472308799,0.0,-0.00043306924404598254,1916013.0,152001.0,35633465.20817,27511222.925499998,VAW,IYM,Materials
2014-10-28,4.672548421318039,4.416669578117421,106.97,82.82,0.013742,0.012965,0.0,0.0,0.013741470811220622,0.012964774951076185,0.0,0.0007766958601444374,173389.0,240196.0,32844856.013669997,26552894.6195,VAW,IYM,Materials
2014-10-29,4.661011621882049,4.405132623388357,105.743,81.87,-0.011471,-0.011471,0.0,0.0,-0.011470505749275498,-0.011470659261047922,0.0,1.5351177242405034e-07,190830.0,91380.0,32882224.441169996,21256291.8535,VAW,IYM,Materials
2014-10-30,4.667172681629658,4.409763389645481,106.3965,82.25,0.00618,0.004641,0.0,0.0,0.006180078113917706,0.004641504824722121,0.0,0.0015385732891955856,38815.0,445764.0,31896081.371545,20652244.5335,VAW,IYM,Materials
2014-10-31,4.685828089005546,4.428790938649766,108.4,83.83,0.018831,0.01921,-10840000.0,-146702500.0,0.010161084360078447,-0.14748345311479136,135862500.0,0.1576445374748698,100135.0,202706.0,31897595.616545,20351438.677500002,VAW,IYM,Materials
2014-11-03,4.679070993827626,4.421728001525434,107.67,83.24,-0.006734,-0.007038,0.0,0.0,-0.006734317343173432,-0.0070380532029106525,0.0,0.00030373585973722094,94086.0,135914.0,31474790.325545,20467638.5145,VAW,IYM,Materials
2014-11-04,4.668989698701045,4.409520198982804,106.59,82.23,-0.010031,-0.012134,0.0,0.0,-0.010030649205906938,-0.01213358962037482,0.0,0.002102940414467881,69927.0,110747.0,30911658.504735,20283041.199,VAW,IYM,Materials
2014-11-05,4.677955855713739,4.418961082466944,107.55,83.01,0.009007,0.009486,0.0,0.0,0.009006473402758232,0.009485589201021525,0.0,-0.0004791157982632927,67741.0,63076.0,30189555.330734998,19979840.865000002,VAW,IYM,Materials
2014-11-06,4.686750172980514,4.428194315518889,108.5,83.78,0.008833,0.009276,0.0,0.0,0.008833100883310088,0.00927599084447657,0.0,-0.0004428899611664816,49526.0,64780.0,29501530.043734998,18479881.957,VAW,IYM,Materials
2014-11-07,4.692539832124998,4.434025929784262,109.13,84.27,0.005806,0.005849,0.0,0.0,0.005806451612903226,0.00584865122941036,0.0,-4.2199616507134115e-05,58387.0,69027.0,28536281.346734993,15706960.9465,VAW,IYM,Materials
2014-11-10,4.694370831446394,4.434500481934585,109.33,84.31,0.001833,0.000475,0.0,0.0,0.0018326766242096582,0.00047466476800759466,0.0,0.0013580118562020636,63542.0,91914.0,28072736.715234995,13871182.323999997,VAW,IYM,Materials
2014-11-11,4.697749367281185,4.439351701293151,109.7,84.72,0.003384,0.004863,0.0,0.0,0.003384249519802433,0.004863005574664927,0.0,-0.0014787560548624938,43797.0,87113.0,26067338.794735,13406036.774500001,VAW,IYM,Materials
2014-11-12,4.700843936056374,4.441945124885125,110.04,84.94,0.003099,0.002597,0.0,0.0,0.003099361896080219,0.0025967894239848914,0.0,0.0005025724720953274,38942.0,232665.0,25316890.382875003,13232551.716500001,VAW,IYM,Materials
2014-11-13,4.698751599609622,4.440413460373609,109.81,84.81,-0.00209,-0.001531,0.0,0.0,-0.002090149036713922,-0.0015304921120791147,0.0,-0.0005596569246348075,52964.0,399671.0,25034778.158874996,13867333.9765,VAW,IYM,Materials
2014-11-14,4.701207374185033,4.445236148071766,110.08,85.22,0.002459,0.004834,0.0,0.0,0.0024587924597031237,0.004834335573635185,0.0,-0.002375543113932061,60556.0,88945.0,24279269.862875,13036416.2905,VAW,IYM,Materials
2014-11-17,4.701298213082312,4.444531840025279,110.09,85.16,9.1e-05,-0.000704,0.0,0.0,9.084302325581395e-05,-0.0007040600797934757,0.0,0.0007949031030492896,78548.0,92876.0,19116666.113874998,13141268.3905,VAW,IYM,Materials
2014-11-18,4.711779921046349,4.4557416724961625,111.25,86.12,0.010537,0.011273,0.0,0.0,0.010536833499863748,0.011272898074213245,0.0,-0.0007360645743494966,70588.0,393534.0,18443886.233374998,14171314.550999999,VAW,IYM,Materials
2014-11-19,4.707726774313183,4.452718062796414,110.8,85.86,-0.004045,-0.003019,0.0,0.0,-0.004044943820224719,-0.0030190431955411053,0.0,-0.001025900624683614,75816.0,545934.0,18318849.359375,15403568.8915,VAW,IYM,Materials
2014-11-20,4.7136657821413905,4.45898767581001,111.46,86.4,0.005957,0.006289,0.0,0.0,0.0059566787003610105,0.006289308176100629,0.0,-0.0003326294757396188,68697.0,207855.0,18037875.132875,15870693.3715,VAW,IYM,Materials
2014-11-21,4.724374433466568,4.471410195808567,112.66,87.48,0.010766,0.0125,0.0,0.0,0.010766194150367845,0.0125,0.0,-0.001733805849632156,75400.0,161670.0,18103702.841874998,16375156.548500001,VAW,IYM,Materials
2014-11-24,4.721885985684052,4.465218225560646,112.38,86.94,-0.002485,-0.006173,0.0,0.0,-0.002485354162968223,-0.006172839506172839,0.0,0.003687485343204616,77348.0,122580.0,8429436.665874999,16286631.720499998,VAW,IYM,Materials
2014-11-25,4.719569726296587,4.462799844696365,112.12,86.73,-0.002314,-0.002415,0.0,0.0,-0.0023135789286349885,-0.0024154589371980675,0.0,0.000101880008563079,54177.0,60902.0,7805781.861375001,15556081.607499998,VAW,IYM,Materials
2014-11-26,4.720372115676775,4.462338536880549,112.21,86.69,0.000803,-0.000461,0.0,0.0,0.0008027113806635748,-0.00046120142972443215,0.0,0.001263912810388007,52537.0,270744.0,7091593.865375,16355557.445499998,VAW,IYM,Materials
2014-11-28,4.696472344394877,4.434974808991977,109.56,84.35,-0.023616,-0.026993,0.0,-59044999.99999999,-0.0236164334729525,-0.103093859775183,59044999.99999999,0.0794774263022305,35388.0,254297.0,7078960.322,15594850.592999998,VAW,IYM,Materials
2014-12-01,4.686750172980514,4.423528398098894,108.5,83.39,-0.009675,-0.011381,0.0,0.0,-0.009675063891931361,-0.011381149970361588,0.0,0.0017060860784302266,99093.0,707117.0,7073808.147,17693532.7255,VAW,IYM,Materials
2014-12-02,4.6926314617580855,4.429029488269218,109.14,83.85,0.005899,0.005516,0.0,0.0,0.005898617511520737,0.0055162489507135145,0.0,0.0003823685608072228,75415.0,115306.0,6978835.821,17611279.0625,VAW,IYM,Materials
2014-12-03,4.709259894512472,4.444414407108697,110.97,85.15,0.016768,0.015504,0.0,0.0,0.016767454645409567,0.015503875968992248,0.0,0.0012635786764173193,72790.0,472908.0,7010035.189499999,19169348.582,VAW,IYM,Materials
2014-12-04,4.709980550340436,4.445705411337064,111.05,85.26,0.000721,0.001292,0.0,0.0,0.0007209155627647112,0.001291837933059307,0.0,-0.0005709223702945958,44755.0,449998.0,6894260.0995000005,20825893.118,VAW,IYM,Materials
2014-12-05,4.710790667851775,4.445705411337064,111.14,85.26,0.00081,0.0,0.0,0.0,0.0008104457451598379,0.0,0.0,0.0008104457451598379,43263.0,81645.0,6865994.0405,20902582.332999997,VAW,IYM,Materials
2014-12-08,4.69519368863568,4.4277167605909975,109.42,83.74,-0.015476,-0.017828,0.0,0.0,-0.015475976246175993,-0.01782782078348581,0.0,0.002351844537309815,63204.0,147491.0,6893194.459000001,21229281.885500003,VAW,IYM,Materials
2014-12-09,4.699843799590773,4.431530829576971,109.93,84.06,0.004661,0.003821,0.0,0.0,0.004660939499177482,0.0038213518032003822,0.0,0.0008395876959770994,88904.0,98559.0,7034502.952,21256061.895499997,VAW,IYM,Materials
2014-12-10,4.677118685300675,4.407085034014658,107.46,82.03,-0.022469,-0.024149,0.0,0.0,-0.02246884380969708,-0.024149417083035928,0.0,0.0016805732733388493,123300.0,199561.0,7456767.306999999,21705550.669000003,VAW,IYM,Materials
2014-12-11,4.676746384477314,4.405254760793088,107.42,81.88,-0.000372,-0.001829,0.0,0.0,-0.0003722315280104225,-0.0018285992929416067,0.0,0.0014563677649311842,59952.0,99709.0,7564510.614999999,21125631.06,VAW,IYM,Materials
2014-12-12,4.649665425874643,4.3765114539857715,104.55,79.56,-0.026718,-0.028334,0.0,0.0,-0.026717557251908396,-0.028334147532975085,0.0,0.0016165902810666884,137261.0,175123.0,7991243.650500001,20127465.4785,VAW,IYM,Materials
2014-12-15,4.642273273939594,4.3688147407016515,103.78,78.95,-0.007365,-0.007667,0.0,0.0,-0.007364897178383549,-0.007667169431875314,0.0,0.00030227225349176504,111733.0,254255.0,8237725.963499999,20752142.446,VAW,IYM,Materials
2014-12-16,4.637927750226264,4.362334001328145,103.33,78.44,-0.004336,-0.00646,0.0,0.0,-0.004336095586818269,-0.006459784673844205,0.0,0.0021236890870259357,120421.0,205761.0,8427513.594,21163671.080000002,VAW,IYM,Materials
2014-12-17,4.665606554791922,4.390490713086011,106.23,80.68,0.028065,0.028557,0.0,0.0,0.028065421465208556,0.02855685874553799,0.0,-0.0004914372803294341,67224.0,94994.0,8391928.120000001,19852319.472000003,VAW,IYM,Materials
2014-12-18,4.667487492052953,4.411221292953157,106.43,82.37,0.019693,0.020947,0.0,0.0,0.0018827073331450625,0.020946950917203767,0.0,-0.019064243584058706,84454.0,210817.0,8421329.441,18376874.6245,VAW,IYM,Materials
2014-12-19,4.678513580212301,4.423048609196803,107.61,83.35,0.011087,0.011898,0.0,0.0,0.011087099502020107,0.011897535510501395,0.0,-0.000810436008481288,66797.0,218569.0,8397882.318500001,18389827.332000002,VAW,IYM,Materials
2014-12-22,4.678048831400664,4.421367532912338,107.56,83.21,-0.000465,-0.00168,0.0,0.0,-0.00046464083263637206,-0.0016796640671865627,0.0,0.0012150232345501907,57080.0,262536.0,8280130.358500001,18774963.78,VAW,IYM,Materials
2014-12-23,4.686197024630465,4.429506416858203,108.44,83.89,0.008182,0.008172,0.0,0.0,0.008181480104127928,0.008172094700156231,0.0,9.385403971697015e-06,57633.0,141877.0,8157998.072500001,18837211.5965,VAW,IYM,Materials
2014-12-24,4.6845357413688316,4.420646205638937,108.26,83.15,-0.00166,-0.002087,0.0,0.0,-0.0016599040944300996,-0.008821075217546787,0.0,0.007161171123116688,50881.0,21172.0,8129700.663499999,18661132.663500004,VAW,IYM,Materials
2014-12-26,4.6888677450096585,4.425205848767815,108.73,83.53,0.004341,0.00457,0.0,0.0,0.004341400332532792,0.004570054119061936,0.0,-0.00022865378652914443,71421.0,620731.0,8223222.091500001,20080075.817,VAW,IYM,Materials
2014-12-29,4.688223741123377,4.424247650107844,108.66,83.45,-0.000644,-0.000958,0.0,0.0,-0.0006437965602869493,-0.0009577397342272237,0.0,0.0003139431739402744,45722.0,52902.0,8277774.2535000015,19228311.8145,VAW,IYM,Materials
2014-12-30,4.686750172980514,4.422448549172797,108.5,83.3,-0.001473,-0.001797,0.0,0.0,-0.0014724829744156083,-0.0017974835230677051,0.0,0.00032500054865209683,49857.0,38464.0,8010668.953500001,16440190.043000001,VAW,IYM,Materials
2014-12-31,4.676467067870125,4.4124345908452645,107.39,82.47,-0.01023,-0.009964,-10739000.0,4123500.0,-0.018724832745629395,-0.003963767325111863,-14862500.0,-0.014761065420517533,69215.0,41466.0,7970779.240999999,16127754.689000001,VAW,IYM,Materials
2015-01-02,4.6798137289838575,4.413161863604593,107.75,82.53,0.003352,0.000728,0.0,0.0,0.0033522674364465967,0.0007275372862859222,0.0,0.0026247301501606743,94880.0,125864.0,8078069.926000001,14633726.675,VAW,IYM,Materials
2015-01-05,4.65105136124428,4.384274107214361,104.695,80.18,-0.028353,-0.028475,0.0,0.0,-0.028352668213457076,-0.028474494123349084,0.0,0.00012182590989200798,184259.0,349540.0,8794117.588750001,14116691.061,VAW,IYM,Materials
2015-01-06,4.642080540008188,4.375127892982725,103.76,79.45,-0.008931,-0.009105,0.0,0.0,-0.008930703471990067,-0.009104514841606386,0.0,0.0001738113696163196,83566.0,210375.0,8987245.50575,14604353.113499999,VAW,IYM,Materials
2015-01-07,4.649091373046019,4.383151002335591,104.49,80.09,0.007035,0.008055,0.0,0.0,0.007035466461063994,0.008055380742605412,0.0,-0.001019914281541418,56624.0,54863.0,8937288.50975,14206507.179999998,VAW,IYM,Materials
2015-01-08,4.672454932793688,4.406231323370699,106.96,81.96,0.023639,0.023349,0.0,0.0,0.023638625705809168,0.02334873267573979,0.0,0.00028989303006937694,178463.0,149585.0,9403047.79775,14405263.033000002,VAW,IYM,Materials
2015-01-09,4.667111587528274,4.400725712106366,106.39,81.51,-0.005329,-0.00549,0.0,0.0,-0.005329094988780853,-0.005490483162518302,0.0,0.00016138817373744906,72406.0,94093.0,9125720.614750002,13970239.613,VAW,IYM,Materials
2015-01-12,4.6637220729377065,4.397161522258152,106.03,81.22,-0.003384,-0.003558,0.0,0.0,-0.0033837766707397313,-0.003557845663108821,0.0,0.00017406899236908956,64532.0,84824.0,9145834.82075,13906501.231,VAW,IYM,Materials
2015-01-13,4.65434122999454,4.386018655943419,105.04,80.32,-0.009337,-0.011081,0.0,0.0,-0.009336980099971706,-0.01108101452844127,0.0,0.0017440344284695639,120915.0,104363.0,9063348.52325,13628983.745,VAW,IYM,Materials
2015-01-14,4.64314011723972,4.373112017284307,103.87,79.29,-0.011139,-0.012824,0.0,0.0,-0.011138613861386138,-0.01282370517928287,0.0,0.0016850913178967312,75194.0,284958.0,8874086.02525,13755028.123499999,VAW,IYM,Materials
2015-01-15,4.6392817156168595,4.371218435957278,103.47,79.14,-0.003851,-0.001892,0.0,0.0,-0.003850967555598344,-0.0018917896329928112,0.0,-0.001959177922605533,73354.0,87209.0,8631427.84775,13293119.4945,VAW,IYM,Materials
2015-01-16,4.655578088531937,4.388008706351429,105.17,80.48,0.01643,0.016932,0.0,0.0,0.016429883057891177,0.01693201920646955,0.0,-0.0005021361485783721,66001.0,93452.0,8621433.830249999,13285964.546500001,VAW,IYM,Materials
2015-01-20,4.655197679587739,4.387511564904451,105.13,80.44,-0.00038,-0.000497,0.0,0.0,-0.00038033659788913187,-0.0004970178926441351,0.0,0.00011668129475500327,199226.0,163055.0,9219243.33825,13073521.942,VAW,IYM,Materials
2015-01-21,4.663910681010692,4.399620943074833,106.05,81.42,0.008751,0.012183,0.0,0.0,0.008751070103681157,0.012182993535554451,0.0,-0.003431923431873294,58062.0,79660.0,9167715.83475,12486931.4945,VAW,IYM,Materials
2015-01-22,4.677769878402435,4.412070756022258,107.53,82.44,0.013956,0.012528,0.0,0.0,0.013955681282413956,0.012527634487840826,0.0,0.00142804679457313,89558.0,339453.0,9342248.18175,12793875.7325,VAW,IYM,Materials
2015-01-23,4.65918477429433,4.393461012299545,105.55,80.92,-0.018413,-0.018438,0.0,0.0,-0.018413466009485725,-0.018437651625424552,0.0,2.4185615938827204e-05,98784.0,91097.0,9551094.61575,12567351.117999999,VAW,IYM,Materials
2015-01-26,4.6659830253846035,4.398883751740304,106.27,81.36,0.006821,0.005438,0.0,0.0,0.006821411653244907,0.005437469105289174,0.0,0.0013839425479557329,105168.0,125335.0,9834485.930750001,12989191.308,VAW,IYM,Materials
2015-01-27,4.658521361485086,4.390986376045354,105.48,80.72,-0.007434,-0.007866,0.0,0.0,-0.007433894796273642,-0.007866273352999017,0.0,0.00043237855672537476,86840.0,348068.0,9904199.82425,11801510.7345,VAW,IYM,Materials
2015-01-28,4.6418877689232545,4.37197629882038,103.74,79.2,-0.016496,-0.018831,0.0,0.0,-0.016496018202502846,-0.018830525272547076,0.0,0.0023345070700442304,88485.0,1177526.0,10114763.89325,16243780.0995,VAW,IYM,Materials
2015-01-29,4.651385609785055,4.381651564343798,104.73,79.97,0.009543,0.009722,0.0,0.0,0.009543088490456911,0.009722222222222222,0.0,-0.00017913373176531126,70497.0,377348.0,10213447.208749998,17592403.517500002,VAW,IYM,Materials
2015-01-30,4.648995665528121,4.380149874661021,104.48,79.85,-0.002387,-0.001501,10448000.0,-159700000.0,0.006248755208287873,-0.2421028367565549,170148000.0,0.24835159196484277,113070.0,795608.0,10432474.94625,20597883.4065,VAW,IYM,Materials
2015-02-02,4.657383057435026,4.3891263717891045,105.36,80.57,0.008423,0.009017,0.0,0.0,0.008422664624808576,0.009016906700062619,0.0,-0.0005942420752540426,676952.0,120608.0,13487492.082249999,20564374.938500002,VAW,IYM,Materials
2015-02-03,4.67919265448648,4.414493824811383,107.6831,82.64,0.022049,0.025692,0.0,0.0,0.0220491647684131,0.02569194489264006,0.0,-0.0036427801242269603,95394.0,206797.0,13036558.36407,20017554.282500003,VAW,IYM,Materials
2015-02-04,4.673669602412784,4.406597288608086,107.09,81.99,-0.005508,-0.007865,0.0,0.0,-0.005507828062156495,-0.007865440464666135,0.0,0.0023576124025096396,55353.0,283213.0,12899405.59457,20342871.2885,VAW,IYM,Materials
2015-02-05,4.696107180980193,4.431054865741236,109.52,84.02,0.022691,0.024759,0.0,0.0,0.02269119432253245,0.024759116965483715,0.0,-0.002067922642951265,62288.0,111527.0,12944662.59457,20591697.332,VAW,IYM,Materials
2015-02-06,4.6946451924156944,4.4286716424969255,109.36,83.82,-0.001461,-0.00238,0.0,0.0,-0.0014609203798392988,-0.002380385622470953,0.0,0.0009194652426316541,196532.0,66927.0,13064879.44657,20259189.059,VAW,IYM,Materials
2015-02-09,4.6930894840259745,4.428910220572732,109.19,83.84,-0.001554,0.000239,0.0,0.0,-0.001554498902706657,0.00023860653781924914,0.0,-0.001793105440525906,238338.0,40391.0,13980922.04057,20045032.1095,VAW,IYM,Materials
2015-02-10,4.700116663297045,4.4312928759767996,109.96,84.04,0.007052,0.002386,0.0,0.0,0.0070519278322190675,0.0023854961832062197,0.0,0.004666431649012847,57635.0,169415.0,13955682.872569999,20412443.675499998,VAW,IYM,Materials
2015-02-11,4.699115798830619,4.429625613473161,109.85,83.9,-0.001,-0.001666,0.0,0.0,-0.001000363768643143,-0.0016658733936220846,0.0,0.0006655096249789415,58243.0,56743.0,13640536.970069999,20231358.7525,VAW,IYM,Materials
2015-02-12,4.716353714948706,4.446174454497633,111.76,85.3,0.017387,0.016687,0.0,0.0,0.017387346381429223,0.016686531585220387,0.0,0.000700814796208836,76716.0,108346.0,13678705.939069998,19563738.4515,VAW,IYM,Materials
2015-02-13,4.725704987616829,4.455857782801083,112.81,86.13,0.009395,0.00973,0.0,0.0,0.00939513242662849,0.009730363423212192,0.0,-0.0003352309965837016,101496.0,105055.0,13871697.208069999,19671071.796,VAW,IYM,Materials
2015-02-17,4.72579362831183,4.456089962973938,112.82,86.15,8.9e-05,0.000232,0.0,0.0,8.864462370357238e-05,0.0002322071287588529,0.0,-0.00014356250505528052,124400.0,39758.0,14226371.349569997,19466278.533,VAW,IYM,Materials
2015-02-18,4.7283607965432894,4.456670177669648,113.11,86.2,0.00257,0.00058,0.0,0.0,0.0025704662293919516,0.0005803830528148578,0.0,0.001990083176577094,100165.0,32616.0,13745623.038069999,18951046.283,VAW,IYM,Materials
2015-02-19,4.729588934302083,4.460837815098172,113.249,86.56,0.001229,0.004176,0.0,0.0,0.0012288922288038193,0.004176334106728539,0.0,-0.0029474418779247193,79844.0,87730.0,13889861.940869998,19006445.862999998,VAW,IYM,Materials
2015-02-20,4.733915141878653,4.464527856185625,113.74,86.88,0.004336,0.003697,0.0,0.0,0.004335579122111454,0.0036968576709796672,0.0,0.0006387214511317865,105094.0,58064.0,14006022.931870002,17859450.612999998,VAW,IYM,Materials
2015-02-23,4.73259547424333,4.463606621666305,113.59,86.8,-0.001319,-0.000921,0.0,0.0,-0.0013187972569017057,-0.0009208103130755065,0.0,-0.0003979869438261992,115247.0,54817.0,14139235.70837,17728777.931,VAW,IYM,Materials
2015-02-24,4.735671994052249,4.468089645439724,113.94,87.19,0.003081,0.004493,0.0,0.0,0.0030812571529183906,0.004493087557603687,0.0,-0.0014118304046852963,47326.0,76543.0,13850041.76237,17552604.3595,VAW,IYM,Materials
2015-02-25,4.733211535868976,4.465333240800292,113.66,86.95,-0.002457,-0.002753,0.0,0.0,-0.0024574337370545903,-0.0027526092441793786,0.0,0.0002951755071247883,51446.0,27035.0,13684415.22037,16265336.573999997,VAW,IYM,Materials
2015-02-26,4.727564794201697,4.457365991219697,113.02,86.26,-0.005631,-0.007936,0.0,0.0,-0.005630828787612177,-0.007935595169637722,0.0,0.0023047663820255455,53943.0,31392.0,13530275.41837,11737727.309999999,VAW,IYM,Materials
2015-02-27,4.7236640800358805,4.4557416724961625,112.58,86.12,-0.003893,-0.001623,2814500.0,-21530000.0,-0.0017559147441193054,-0.04124113514329141,24344500.0,0.039485220399172107,111934.0,32578.0,13791194.36387,10369182.2,VAW,IYM,Materials
2015-03-02,4.731274062783817,4.4618770161616155,113.44,86.65,0.007639,0.006154,0.0,0.0,0.0076390122579499025,0.006154203437064676,0.0,0.0014848088208852268,288260.0,53453.0,14835527.403870001,7424302.382499998,VAW,IYM,Materials
2015-03-03,4.724818148253987,4.455973879625964,112.71,86.14,-0.006435,-0.005886,0.0,0.0,-0.0064351198871650216,-0.005885747259088399,0.0,-0.0005493726280766222,39024.0,28429.0,11489264.01987,7060876.7575,VAW,IYM,Materials
2015-03-04,4.721708002236043,4.452368595730128,112.36,85.83,-0.003105,-0.003599,0.0,0.0,-0.003105314523999645,-0.0035987926631065705,0.0,0.0004934781391069255,37542.0,28594.0,11186558.8938,6329102.7045,VAW,IYM,Materials
2015-03-05,4.717694976829936,4.448165437177926,111.91,85.47,-0.004005,-0.004194,0.0,0.0,-0.0040049839800640795,-0.004194337644180357,0.0,0.00018935366411627734,65968.0,25339.0,11259295.1993,5276357.2275,VAW,IYM,Materials
2015-03-06,4.7032945839812905,4.433551152327272,110.31,84.23,-0.014297,-0.014508,0.0,0.0,-0.014297203109641676,-0.014508014508014509,0.0,0.00021081139837283297,73180.0,53829.0,11321830.4013,5034533.134000001,VAW,IYM,Materials
2015-03-09,4.704834509101037,4.434500481934585,110.48,84.31,0.001541,0.00095,0.0,0.0,0.0015411114132898196,0.000949780363290989,0.0,0.0005913310499988307,46820.0,62159.0,10505827.105299998,5016073.3415,VAW,IYM,Materials
2015-03-10,4.688775769842889,4.417152436649256,108.72,82.86,-0.015931,-0.017198,0.0,0.0,-0.015930485155684286,-0.01719843434942474,0.0,0.001267949193740455,59762.0,228661.0,9529487.0263,5794096.7924999995,VAW,IYM,Materials
2015-03-11,4.689970787680556,4.418238016636454,108.85,82.95,0.001196,0.001086,0.0,0.0,0.0011957321559970568,0.0010861694424330196,0.0,0.00010956271356403718,59986.0,45553.0,9539083.6013,5271146.029999999,VAW,IYM,Materials
2015-03-12,4.7019338544204,4.428910220572732,110.16,83.84,0.012035,0.010729,0.0,0.0,0.012034910427193386,0.010729355033152501,0.0,0.001305555394040885,43364.0,89509.0,9458032.8358,5408330.873000001,VAW,IYM,Materials
2015-03-13,4.692448194095152,4.417635062141249,109.12,82.9,-0.009441,-0.011212,0.0,0.0,-0.00944081336238199,-0.011211832061068584,0.0,0.001771018698686594,85874.0,71877.0,9497872.3718,5244165.347999999,VAW,IYM,Materials
2015-03-16,4.692173229609665,4.415944852877343,109.09,82.76,-0.000275,-0.001689,0.0,0.0,-0.0002749266862170088,-0.001688781664656212,0.0,0.0014138549784392033,68524.0,89489.0,9299148.3418,5162051.4725,VAW,IYM,Materials
2015-03-17,4.683056724645162,4.405376883282097,108.1,81.89,-0.009075,-0.010512,0.0,0.0,-0.009075075625630213,-0.010512324794586875,0.0,0.0014372491689566627,56669.0,80601.0,8903703.8868,5320814.682,VAW,IYM,Materials
2015-03-18,4.698842661850726,4.422688616392771,109.82,83.32,0.015911,0.017463,0.0,0.0,0.015911193339500463,0.01746244962754903,0.0,-0.0015512562880485685,64480.0,71112.0,8691280.4093,5476492.314,VAW,IYM,Materials
2015-03-19,4.683888940699482,4.405010471064257,108.19,81.86,-0.014842,-0.017523,0.0,0.0,-0.014842469495538153,-0.017522803648583656,0.0,0.002680334153045503,46448.0,38209.0,8490428.2075,5253186.311,VAW,IYM,Materials
2015-03-20,4.691164379154952,4.413161863604593,108.98,82.53,0.007302,0.008185,0.0,0.0,0.007301968758665311,0.008184705594918153,0.0,-0.0008827368362528424,38691.0,57980.0,8103585.8885,5240210.765000001,VAW,IYM,Materials
2015-03-23,4.691531351636135,4.413404170366137,109.02,82.55,0.000367,0.000242,0.0,0.0,0.00036703982382088455,0.00024233612019871562,0.0,0.00012470370362216893,75946.0,51489.0,7863022.198000001,5214825.8325,VAW,IYM,Materials
2015-03-24,4.6886837862159085,4.410249593617622,108.71,82.29,-0.002843,-0.00315,0.0,0.0,-0.0028435149513850668,-0.003149606299212479,0.0,0.00030609134782741236,52376.0,51199.0,7878095.724000001,5091794.9095,VAW,IYM,Materials
2015-03-25,4.6775838664971365,4.397407736712184,107.51,81.24,-0.011039,-0.009595,0.0,0.0,-0.011038542912335572,-0.012759752096245225,0.0,0.0017212091839096527,58657.0,58948.0,7901038.8094999995,5213707.023,VAW,IYM,Materials
2015-03-26,4.678978113132811,4.398391988760146,107.66,81.32,0.001395,0.000985,0.0,0.0,0.0013952190493907544,0.0009847365829640572,0.0,0.00041048246642669717,62887.0,71514.0,7934727.6375,5369089.251,VAW,IYM,Materials
2015-03-27,4.679906532102109,4.399498115585886,107.76,81.41,0.000929,0.001107,0.0,0.0,0.0009288500835965075,0.001106738809641046,0.0,-0.00017788872604453847,43383.0,84432.0,7538398.755499999,5572488.839,VAW,IYM,Materials
2015-03-30,4.694004899688582,4.413161863604593,109.29,82.53,0.014198,0.013758,0.0,0.0,0.014198218262806235,0.013757523645743766,0.0,0.000440694617062469,106813.0,38206.0,6487067.674000001,5498560.7755,VAW,IYM,Materials
2015-03-31,4.6872108963243,4.405498990859024,108.55,81.9,-0.006771,-0.007634,-8141250.0,-4095000.0000000005,-0.013150369705486454,-0.015834963093810998,-4046249.9999999995,0.0026845933883245434,133762.0,67331.0,6993141.176999999,5651837.5175,VAW,IYM,Materials
2015-04-01,4.6862892372728835,4.4057431612911975,108.45,81.92,-0.000921,0.000244,0.0,0.0,-0.0009212344541685859,0.0002442002442001229,0.0,-0.0011654346983687087,71171.0,65740.0,7168154.9685,5798397.4065000005,VAW,IYM,Materials
2015-04-02,4.687855552606699,4.40745068701404,108.62,82.06,0.001568,0.001709,0.0,0.0,0.0015675426463808207,0.001708984375,0.0,-0.00014144172861917928,35078.0,47574.0,6989539.6425,5885307.312,VAW,IYM,Materials
2015-04-06,4.696015869287668,4.416065676897304,109.51,82.77,0.008194,0.008652,0.0,0.0,0.008193702817160744,0.008652205703144041,0.0,-0.00045850288598329667,51355.0,62341.0,6867109.654999999,5916604.7069999995,VAW,IYM,Materials
2015-04-07,4.69391339582248,4.415824014257172,109.28,82.75,-0.0021,-0.000242,0.0,0.0,-0.002100264815998539,-0.00024163344206838228,0.0,-0.0018586313739301565,42209.0,39268.0,6839105.950999999,5817044.7924999995,VAW,IYM,Materials
2015-04-08,4.696746129475301,4.416307281150715,109.59,82.79,0.002837,0.000483,0.0,0.0,0.0028367496339677892,0.0004833836858007243,0.0,0.002353365948167065,63983.0,92125.0,6864834.5675,5251053.7069999995,VAW,IYM,Materials
2015-04-09,4.701298213082312,4.421487703554795,110.09,83.22,0.004562,0.005194,0.0,0.0,0.004562460078474313,0.005193863993235777,0.0,-0.0006314039147614645,44110.0,53136.0,6781164.2575,5283221.535499999,VAW,IYM,Materials
2015-04-10,4.703747749349085,4.423888088768799,110.36,83.42,0.002453,0.002403,0.0,0.0,0.002452538831864838,0.002403268445085316,0.0,4.927038677952217e-05,37377.0,27417.0,6748561.6315,5022356.114499999,VAW,IYM,Materials
2015-04-13,4.699206827914474,4.419442836059304,109.86,83.05,-0.004531,-0.004435,0.0,0.0,-0.004530627038782167,-0.004435387197314793,0.0,-9.523984146737451e-05,56444.0,27072.0,6590079.9795,4836842.429500001,VAW,IYM,Materials
2015-04-14,4.702569091975224,4.423648309364701,110.23,83.4,0.003368,0.004214,0.0,0.0,0.003367922810850173,0.004214328717640096,0.0,-0.0008464059067899228,65982.0,66732.0,6579975.6145,4744809.3875,VAW,IYM,Materials
2015-04-15,4.711330381816482,4.436396441739405,111.2,84.47,0.0088,0.01283,0.0,0.0,0.008799782273428286,0.012829736211031055,0.0,-0.004029953937602769,50384.0,71884.0,6553814.7095,4718390.667,VAW,IYM,Materials
2015-04-16,4.707546252604958,4.432363221562722,110.78,84.13,-0.003777,-0.004025,0.0,0.0,-0.003776978417266187,-0.004025097667811057,0.0,0.0002481192505448702,56092.0,49452.0,6510448.6175,4630157.913,VAW,IYM,Materials
2015-04-17,4.700607630421202,4.425564936688365,110.014,83.56,-0.006915,-0.006775,0.0,0.0,-0.006914605524462899,-0.006775228812552003,0.0,-0.00013937671191089664,94554.0,59600.0,6779301.3493,4722777.276,VAW,IYM,Materials
2015-04-20,4.707004491869359,4.432838563223485,110.72,84.17,0.006417,0.0073,0.0,0.0,0.0064173650626283925,0.00730014360938248,0.0,-0.0008827785467540872,44238.0,108027.0,6813375.6583,4938154.4355,VAW,IYM,Materials
2015-04-21,4.699297848712789,4.425325559069029,109.87,83.54,-0.007677,-0.007485,0.0,0.0,-0.007677023121387283,-0.00748485208506582,0.0,-0.00019217103632146286,56957.0,53851.0,6712287.2918,4950569.215000001,VAW,IYM,Materials
2015-04-22,4.701661486176852,4.4275973362163406,110.13,83.73,0.002366,0.002274,0.0,0.0,0.0023664330572494767,0.002274359588221092,0.0,9.207346902838452e-05,37406.0,48403.0,6633573.6828000005,4942550.089,VAW,IYM,Materials
2015-04-23,4.70564880455431,4.431768726568696,110.57,84.08,0.003995,0.00418,0.0,0.0,0.003995278307454826,0.004180102711095187,0.0,-0.00018482440364036082,59905.0,66592.0,6649447.7718,4983056.081,VAW,IYM,Materials
2015-04-24,4.711690029365764,4.437461341561982,111.24,84.56,0.006059,0.005709,0.0,0.0,0.006059509812788279,0.005708848715509039,0.0,0.0003506610972792397,52760.0,51896.0,6604378.1707999995,4911696.444999999,VAW,IYM,Materials
2015-04-27,4.717516245819629,4.446291680920603,111.89,85.31,0.005843,0.008869,0.0,0.0,0.0058432218626393384,0.008869441816461683,0.0,-0.003026219953822345,51086.0,65905.0,6656431.1938000005,4849133.766500001,VAW,IYM,Materials
2015-04-28,4.7201047240801906,4.4479314095616,112.18,85.45,0.002592,0.001641,0.0,0.0,0.0025918312628474393,0.0016410737310983473,0.0,0.000950757531749092,45876.0,53544.0,6330070.0393,4920243.4475,VAW,IYM,Materials
2015-04-29,4.718052343044764,4.4479314095616,111.95,85.45,-0.00205,0.0,0.0,0.0,-0.002050276341593867,0.0,0.0,-0.002050276341593867,73336.0,100136.0,6014575.044299999,5072354.0625,VAW,IYM,Materials
2015-04-30,4.710340683593631,4.437224795138644,111.09,84.54,-0.007682,-0.01065,3110520.0,-16908000.0,-0.005287163453591305,-0.04362785254534804,20018520.0,0.03834068909175673,57256.0,89021.0,5946678.7488,5179374.7895,VAW,IYM,Materials
2015-05-01,4.726502471155617,4.453765731828859,112.9,85.95,0.016293,0.016678,0.0,0.0,0.016293095688180756,0.016678495386799025,0.0,-0.00038539969861826895,50103.0,85121.0,6039001.5658,5349986.165,VAW,IYM,Materials
2015-05-04,4.724463192176074,4.4505027059759525,112.67,85.67,-0.002037,-0.003258,0.0,0.0,-0.002037201062887511,-0.0032577079697498545,0.0,0.0012205069068623436,49552.0,204008.0,6036958.4553,5965856.2045,VAW,IYM,Materials
2015-05-05,4.712678393703377,4.439115601658009,111.35,84.7,-0.011716,-0.011323,0.0,0.0,-0.011715629715097186,-0.011322516633594024,0.0,-0.00039311308150316235,45728.0,153320.0,6060919.1193,6452695.054500001,VAW,IYM,Materials
2015-05-06,4.713396591058963,4.439469730210373,111.43,84.73,0.000718,0.000354,0.0,0.0,0.0007184553210597216,0.0003541912632821724,0.0,0.0003642640577775492,50287.0,346203.0,5990498.291300001,7538032.6265,VAW,IYM,Materials
2015-05-07,4.717337482858839,4.442651256490317,111.87,85.0,0.003949,0.003187,0.0,0.0,0.003948667324777887,0.0031865927062433613,0.0,0.0007620746185345259,69433.0,83139.0,6136068.2818,7670274.4805,VAW,IYM,Materials
2015-05-08,4.730568595382425,4.457597821520956,113.36,86.28,0.013319,0.015059,0.0,0.0,0.013319031018146063,0.015058823529411765,0.0,-0.001739792511265702,47161.0,114857.0,6197130.5438,8051411.271500001,VAW,IYM,Materials
2015-05-11,4.727210811897116,4.45166929500233,112.98,85.77,-0.003352,-0.005911,0.0,0.0,-0.0033521524347212422,-0.005910987482614743,0.0,0.0025588350478935006,40685.0,48817.0,6116913.2168,8148346.496000001,VAW,IYM,Materials
2015-05-12,4.71760561531788,4.440295542797857,111.9,84.8,-0.009559,-0.011309,0.0,0.0,-0.009559214020180564,-0.01130931561151918,0.0,0.0017501015913386157,74460.0,58873.0,6169857.1238,8119695.576,VAW,IYM,Materials
2015-05-13,4.717963013463214,4.438288813682014,111.94,84.63,0.000357,-0.002005,0.0,0.0,0.00035746201966041106,-0.0020047169811320755,0.0,0.0023621790007924866,59733.0,28110.0,6224047.6848,7935040.967,VAW,IYM,Materials
2015-05-14,4.729244501090018,4.448399410038142,113.21,85.49,0.011345,0.010162,0.0,0.0,0.011345363587636234,0.010161881129623065,0.0,0.0011834824580131686,51091.0,41944.0,6202554.702299999,7906310.756999999,VAW,IYM,Materials
2015-05-15,4.731185906570952,4.45318382899021,113.43,85.9,0.001943,0.004796,0.0,0.0,0.001943291228690045,0.004795882559363788,0.0,-0.0028525913306737434,43123.0,60094.0,5927013.608999999,7915405.687000001,VAW,IYM,Materials
2015-05-18,4.730303916744857,4.4487502667167895,113.33,85.52,-0.000882,-0.004424,0.0,0.0,-0.0008816009873931059,-0.004423748544819677,0.0,0.0035421475574265713,46994.0,29709.0,5948403.541999999,7587809.7415000005,VAW,IYM,Materials
2015-05-19,4.725172978382788,4.442651256490317,112.75,85.0,-0.005118,-0.00608,0.0,0.0,-0.005117797582281832,-0.00608044901777362,0.0,0.0009626514354917886,37490.0,47292.0,5846860.1375,7563865.114499999,VAW,IYM,Materials
2015-05-20,4.724640685964258,4.44229825301545,112.69,84.97,-0.000532,-0.000353,0.0,0.0,-0.0005321507760532151,-0.00035294117647058826,0.0,-0.00017920959958262682,37278.0,37151.0,5850926.8895000005,7519061.978499999,VAW,IYM,Materials
2015-05-21,4.727830198723979,4.4467604492404496,113.05,85.35,0.003195,0.004472,0.0,0.0,0.0031946046676723755,0.00447216664705178,0.0,-0.0012775619793794044,32903.0,29653.0,5705726.3045,7365653.388000001,VAW,IYM,Materials
2015-05-22,4.725970886133796,4.445588116163626,112.84,85.25,-0.001858,-0.001172,0.0,0.0,-0.0018575851393188853,-0.0011716461628586963,0.0,-0.000685938976460189,31215.0,41892.0,5588390.214500001,7324801.75,VAW,IYM,Materials
2015-05-26,4.713576059831878,4.431649785147205,111.45,84.07,-0.012318,-0.013842,0.0,0.0,-0.012318326834455866,-0.013841642228739123,0.0,0.0015233153942832561,53839.0,124714.0,5602607.415,7567919.271500001,VAW,IYM,Materials
2015-05-27,4.720461230322826,4.4392336584434595,112.22,84.71,0.006909,0.007613,0.0,0.0,0.006908927770300583,0.007612703699298205,0.0,-0.0007037759289976213,39168.0,129123.0,5565060.579000001,7886052.998000001,VAW,IYM,Materials
2015-05-28,4.721796997919811,4.441474093317302,112.37,84.9,0.001337,0.002243,0.0,0.0,0.0013366601318837996,0.0022429465234331315,0.0,-0.0009062863915493319,41835.0,89429.0,5389612.2665,7837848.0430000005,VAW,IYM,Materials
2015-05-29,4.7153689782861665,4.43604122298012,111.65,84.44,-0.006407,-0.005418,19538750.0,8444000.0,0.008543473298771692,0.011729824133869339,11094750.0,-0.0031863508350976465,51694.0,73380.0,5360165.5695,7771366.636,VAW,IYM,Materials
2015-06-01,4.715637639014062,4.435093355610574,111.68,84.36,0.000269,-0.000947,0.0,0.0,0.00026869682042095835,-0.0009474182851729038,0.0,0.0012161151055938622,59239.0,41921.0,5408124.7105,7582381.916499999,VAW,IYM,Materials
2015-06-02,4.719748090695527,4.440884991680235,112.14,84.85,0.004119,0.005808,0.0,0.0,0.0041189111747851,0.005808440018966215,0.0,-0.0016895288441811148,60973.0,56612.0,5470849.1295,6948690.058500001,VAW,IYM,Materials
2015-06-03,4.722597602864056,4.443121734033692,112.46,85.04,0.002854,0.002239,0.0,0.0,0.0028535758872837527,0.0022392457277551,0.0,0.0006143301595286526,34340.0,35536.0,5409352.3094999995,6450478.930500001,VAW,IYM,Materials
2015-06-04,4.7101606331790284,4.43022138352355,111.07,83.95,-0.01236,-0.012818,0.0,0.0,-0.012359950204517162,-0.012817497648165687,0.0,0.000457547443648525,62442.0,82555.0,5475949.936,5330314.5335,VAW,IYM,Materials
2015-06-05,4.707817022948234,4.426402307393435,110.81,83.63,-0.002341,-0.003812,0.0,0.0,-0.002340866120464572,-0.003811792733770101,0.0,0.0014709266133055292,60527.0,133247.0,5422926.294000001,5534146.114,VAW,IYM,Materials
2015-06-08,4.703838357784793,4.421728001525434,110.37,83.24,-0.003971,-0.004663,0.0,0.0,-0.00397076076166411,-0.004663398302044841,0.0,0.0006926375403807318,30088.0,33428.0,5321658.374,5177780.352,VAW,IYM,Materials
2015-06-09,4.704200709451046,4.423048609196803,110.41,83.35,0.000362,0.001321,0.0,0.0,0.0003624173235480656,0.0013214800576645846,0.0,-0.000959062734116519,35918.0,28116.0,5290114.1280000005,5085602.0775,VAW,IYM,Materials
2015-06-10,4.714293613006445,4.432957363342425,111.53,84.18,0.010144,0.009958,0.0,0.0,0.010144008694864596,0.009958008398320579,0.0,0.00018600029654401717,78531.0,35543.0,5311438.5495,4985581.044499999,VAW,IYM,Materials
2015-06-11,4.716622111282234,4.434263234009391,111.79,84.29,0.002331,0.001307,0.0,0.0,0.0023312113332735586,0.0013067236873366595,0.0,0.0010244876459368992,22951.0,17961.0,5105397.563,4942330.214,VAW,IYM,Materials
2015-06-12,4.711510221759418,4.427119496044782,111.22,83.69,-0.005099,-0.007118,0.0,0.0,-0.005098846050630647,-0.007118282121248191,0.0,0.0020194360706175443,33895.0,38732.0,5004687.0525,4925114.64,VAW,IYM,Materials
2015-06-15,4.703385233485046,4.421487703554795,110.32,83.22,-0.008092,-0.005616,0.0,0.0,-0.008092069771623809,-0.005615963675468993,0.0,-0.0024761060961548155,34500.0,59974.0,4950416.958,4916562.724,VAW,IYM,Materials
2015-06-16,4.709079649378603,4.427358444671965,110.95,83.71,0.005711,0.005888,0.0,0.0,0.005710659898477157,0.0058880076904589025,0.0,-0.00017734779198174538,48126.0,25828.0,4951104.442,4897630.134000001,VAW,IYM,Materials
2015-06-17,4.7125885827553615,4.430340494952432,111.34,83.96,0.003515,0.002987,0.0,0.0,0.003515096890491212,0.0029865010154103457,0.0,0.0005285958750808665,35672.0,35750.0,4938340.591,4846717.634000001,VAW,IYM,Materials
2015-06-18,4.720906684470688,4.4392336584434595,112.27,84.71,0.008353,0.008933,0.0,0.0,0.008352793245913419,0.008932825154835638,0.0,-0.0005800319089222187,54072.0,41317.0,5031830.8719999995,4863879.7639999995,VAW,IYM,Materials
2015-06-19,4.71644318839752,4.431411859854625,111.77,84.05,-0.004454,-0.007791,0.0,0.0,-0.004453549478934711,-0.0077912879235036,0.0,0.0033377384445688893,29122.0,63551.0,5008594.9615,5004408.664,VAW,IYM,Materials
2015-06-22,4.717694976829936,4.434144588935989,111.91,84.28,0.001253,0.002736,0.0,0.0,0.0012525722465777937,0.0027364663890541343,0.0,-0.0014838941424763405,30456.0,87956.0,5002896.4795,5196490.597999999,VAW,IYM,Materials
2015-06-23,4.716085246559246,4.432125465974346,111.73,84.11,-0.001608,-0.002017,0.0,0.0,-0.0016084353498346886,-0.0020170859041290937,0.0,0.00040865055429440507,23617.0,19574.0,4834815.0225,4754573.756,VAW,IYM,Materials
2015-06-24,4.7045629298661265,4.415098675734075,110.45,82.69,-0.011456,-0.01318,0.0,0.0,-0.011456189027118948,-0.016882653667815956,0.0,0.005426464640697008,50195.0,67836.0,4892245.262,4488141.2315,VAW,IYM,Materials
2015-06-25,4.703747749349085,4.415219602029645,110.36,82.7,-0.000815,0.000121,0.0,0.0,-0.0008148483476686283,0.00012093360744951022,0.0,-0.0009357819551181386,47195.0,84264.0,4917617.3245,4456946.7665,VAW,IYM,Materials
2015-06-26,4.701116527035301,4.411464070327499,110.07,82.39,-0.002628,-0.003748,0.0,0.0,-0.002627763682493657,-0.0037484885126964932,0.0,0.0011207248302028362,35355.0,53606.0,4823611.812,4367966.3235,VAW,IYM,Materials
2015-06-29,4.676560182074764,4.386516539946734,107.4,80.36,-0.024257,-0.024639,0.0,0.0,-0.02425729081493595,-0.02463891248937978,0.0,0.0003816216744438293,53032.0,135136.0,4777603.075999999,4734119.9935,VAW,IYM,Materials
2015-06-30,4.678885223810372,4.389250479763201,107.65,80.58,0.002328,0.002738,5382500.0,-8058000.0,0.006573099332180207,-0.014257873467700433,13440500.0,0.02083097279988064,58210.0,60335.0,4749042.79,4737033.2985,VAW,IYM,Materials
2015-07-01,4.681482868837255,4.391110253406924,107.93,80.73,0.002601,0.001862,0.0,0.0,0.0026010218300046447,0.0018615040953090098,0.0,0.0007395177346956349,34525.0,105261.0,4742263.132499999,5010820.253,VAW,IYM,Materials
2015-07-02,4.678978113132811,4.388008706351429,107.66,80.48,-0.002502,-0.003097,0.0,0.0,-0.002501621421291578,-0.00309674222717701,0.0,0.0005951208058854319,33787.0,77722.0,4577366.9065,4977048.9684999995,VAW,IYM,Materials
2015-07-06,4.669646205172456,4.377265317572172,106.66,79.62,-0.009289,-0.010686,0.0,0.0,-0.009288500835965075,-0.010685884691848906,0.0,0.0013973838558838311,73840.0,88823.0,4635805.783,4773481.001,VAW,IYM,Materials
2015-07-07,4.667017589314171,4.372859746849064,106.38,79.27,-0.002625,-0.004396,0.0,0.0,-0.0026251640727545473,-0.004395880432052249,0.0,0.0017707163592977013,71981.0,279437.0,4852632.0940000005,5741902.2145,VAW,IYM,Materials
2015-07-08,4.644679319082804,4.349374302398632,104.03,77.43,-0.022091,-0.023212,0.0,0.0,-0.022090618537319046,-0.023211807745679193,0.0,0.0011211892083601467,60771.0,190589.0,4970447.1315,6362594.097999999,VAW,IYM,Materials
2015-07-09,4.646983688801502,4.353369925424077,104.27,77.74,0.002307,0.004004,0.0,0.0,0.002307026819186773,0.004003616169443235,0.0,-0.0016965893502564624,35308.0,203180.0,4716597.268,7002754.271000001,VAW,IYM,Materials
2015-07-10,4.6612669253399615,4.366278277705742,105.77,78.75,0.014386,0.012992,0.0,0.0,0.014385729356478373,0.012992024697710316,0.0,0.0013937046587680565,41519.0,118852.0,4807885.885,7395037.386500001,VAW,IYM,Materials
2015-07-13,4.673109168996284,4.377265317572172,107.03,79.62,0.011913,0.011048,0.0,0.0,0.011912640635340834,0.011047619047619047,0.0,0.0008650215877217867,33896.0,59798.0,4800790.234,7471019.1705,VAW,IYM,Materials
2015-07-14,4.6779567855134,4.384024637336554,107.5501,80.16,0.004859,0.006782,0.0,0.0,0.004859385219097449,0.006782215523737754,0.0,-0.0019228303046403047,43192.0,50093.0,4842753.42996,7422240.1005,VAW,IYM,Materials
2015-07-15,4.668051084027292,4.37260741275739,106.49,79.25,-0.009857,-0.011352,0.0,0.0,-0.009856801620826016,-0.011352295409181637,0.0,0.0014954937883556209,49619.0,50703.0,4839970.810459999,7515047.643999999,VAW,IYM,Materials
2015-07-16,4.665606554791922,4.370712874773608,106.23,79.1,-0.002441,-0.001893,0.0,0.0,-0.0024415438069302284,-0.0018927444794953978,0.0,-0.0005487993274348305,57653.0,32008.0,4947608.69596,7491560.784,VAW,IYM,Materials
2015-07-17,4.656908381392506,4.360164387816747,105.31,78.27,-0.008661,-0.010493,0.0,0.0,-0.008660453732467288,-0.010493046776232489,0.0,0.0018325930437652002,43577.0,49437.0,4873530.21746,7510034.33,VAW,IYM,Materials
2015-07-20,4.647750633523209,4.34756458111878,104.35,77.29,-0.009116,-0.012521,0.0,0.0,-0.009115943405184693,-0.01252076146671764,0.0,0.0034048180615329476,112822.0,75798.0,5299430.70546,7535882.6235,VAW,IYM,Materials
2015-07-21,4.6417913694437365,4.343155860284888,103.73,76.95,-0.005942,-0.004399,0.0,0.0,-0.005941542884523239,-0.004399016690386987,0.0,-0.001542526194136252,61271.0,58268.0,5446796.19896,7389422.169500001,VAW,IYM,Materials
2015-07-22,4.638218040034292,4.337552144572052,103.36,76.52,-0.003567,-0.005588,0.0,0.0,-0.0035669526655740867,-0.0055880441845354125,0.0,0.0020210915189613258,45182.0,92721.0,5548360.40446,7661854.2584999995,VAW,IYM,Materials
2015-07-23,4.624482497020464,4.324529928325356,101.95,75.53,-0.013642,-0.012938,0.0,0.0,-0.013641640866873065,-0.012937794040773654,0.0,-0.0007038468260994104,47201.0,107698.0,5511765.61446,7788107.8135,VAW,IYM,Materials
2015-07-24,4.603669059861824,4.301900590194597,99.85,73.84,-0.020598,-0.022375,0.0,0.0,-0.020598332515939184,-0.022375215146299483,0.0,0.0017768826303602991,54157.0,91021.0,5521722.42696,7775725.705500001,VAW,IYM,Materials
2015-07-27,4.592895155112479,4.291007236286713,98.78,73.04,-0.010716,-0.010834,0.0,0.0,-0.01071607411116675,-0.010834236186348723,0.0,0.00011816207518197328,107609.0,94484.0,5858627.03546,7899951.356500002,VAW,IYM,Materials
2015-07-28,4.613832559066744,4.314015424057338,100.87,74.74,0.021158,0.023275,0.0,0.0,0.021158129175946547,0.02327491785323096,0.0,-0.002116788677284414,140102.0,151065.0,6280449.63246,7921504.8135,VAW,IYM,Materials
2015-07-29,4.624482497020464,4.32280727501391,101.95,75.4,0.010707,0.008831,0.0,0.0,0.01070685040150689,0.008830612791008968,0.0,0.0018762376104979224,40796.0,162869.0,6175091.91746,8292431.228499999,VAW,IYM,Materials
2015-07-30,4.628300603376946,4.324000197151533,102.34,75.49,0.003825,0.001194,0.0,0.0,0.0038254046101029917,0.0011936339522545054,0.0,0.002631770657848486,40918.0,68396.0,6198155.16096,8125705.903999999,VAW,IYM,Materials
2015-07-31,4.6252766886780945,4.32041715304219,102.031,75.22,-0.003019,-0.003577,0.0,-26327000.0,-0.0030193472737932384,-0.06370562897118139,26327000.0,0.06068628169738815,89027.0,66145.0,6470455.43181,8061723.920999999,VAW,IYM,Materials
2015-08-03,4.6173951556106605,4.311872374750675,101.23,74.58,-0.007851,-0.008508,0.0,0.0,-0.007850555223412492,-0.00850837543206594,0.0,0.0006578202086534486,57493.0,74082.0,6367667.5313099995,7984371.336,VAW,IYM,Materials
2015-08-04,4.621437158451963,4.314015424057338,101.64,74.74,0.00405,0.002145,0.0,0.0,0.004050182752148573,0.002145347278090641,0.0,0.001904835474057932,57437.0,66817.0,6276695.42631,7126517.915500002,VAW,IYM,Materials
2015-08-05,4.627029520340985,4.317754744653741,102.21,75.02,0.005608,0.003746,0.0,0.0,0.005608028335301062,0.0037463205780037465,0.0,0.0018617077572973158,71321.0,78639.0,6325081.04031,6683627.491,VAW,IYM,Materials
2015-08-06,4.623795650111256,4.31748811353631,101.88,75.0,-0.003229,-0.000267,0.0,0.0,-0.003228646903434106,-0.00026659557451346307,0.0,-0.002962051328920643,78849.0,103934.0,6542659.5883100005,6283619.331,VAW,IYM,Materials
2015-08-07,4.609759638321899,4.298916727950875,100.46,73.62,-0.013938,-0.0184,0.0,0.0,-0.013937966234786024,-0.0184,0.0,0.004462033765213976,77235.0,98068.0,6711037.76181,6176627.889,VAW,IYM,Materials
2015-08-10,4.635203632849607,4.326513924743623,103.0489,75.68,0.02577,0.027982,0.0,0.0,0.025770455902846903,0.02798152675903302,0.0,-0.0022110708561861175,44814.0,122940.0,6760544.98804,6403777.011,VAW,IYM,Materials
2015-08-11,4.616406817914079,4.303659605599776,101.13,73.97,-0.018621,-0.022595,0.0,0.0,-0.018621256510258723,-0.022595137420718957,0.0,0.003973880910460234,70830.0,98717.0,6886431.687079999,6568109.091500001,VAW,IYM,Materials
2015-08-12,4.617790217344194,4.3056854014171595,101.27,74.12,0.001384,0.002028,0.0,0.0,0.0013843567685157719,0.002027849128024875,0.0,-0.0006434923595091031,62967.0,67028.0,6941068.72608,6615604.222000001,VAW,IYM,Materials
2015-08-13,4.61499179568576,4.301494223781961,100.987,73.81,-0.002794,-0.004182,0.0,0.0,-0.0027945097264737827,-0.004182406907717215,0.0,0.0013878971812434325,43398.0,43982.0,6853976.5078799995,6651328.153,VAW,IYM,Materials
2015-08-14,4.6210435351443815,4.305820308668628,101.6,74.13,0.00607,0.004335,0.0,0.0,0.006070088229178013,0.004335455900284515,0.0,0.0017346323288934982,39128.0,64274.0,6823292.05438,6696088.0345,VAW,IYM,Materials
2015-08-17,4.628105157270587,4.312542571143296,102.32,74.63,0.007087,0.006745,0.0,0.0,0.007086614173228346,0.006744907594765951,0.0,0.00034170657846239495,42592.0,44893.0,6452543.94138,6570684.893,VAW,IYM,Materials
2015-08-18,4.6204636426297645,4.302442155331039,101.5411,73.88,-0.007612,-0.01005,0.0,0.0,-0.007612392494136044,-0.010049577917727455,0.0,0.0024371854235914116,35364.0,59300.0,6314306.8729,6565552.963,VAW,IYM,Materials
2015-08-19,4.60816569496789,4.291417885803126,100.3,73.07,-0.012223,-0.010964,0.0,0.0,-0.01222263694208552,-0.01096372495939376,0.0,-0.0012589119826917593,57374.0,121323.0,6368536.906900001,6654055.9975000005,VAW,IYM,Materials
2015-08-20,4.590259573252337,4.275832438267478,98.52,71.94,-0.017747,-0.015465,0.0,0.0,-0.017746759720837488,-0.015464622964280679,0.0,-0.002282136756556809,97782.0,116050.0,6609603.9414,6664766.350500001,VAW,IYM,Materials
2015-08-21,4.564868889214566,4.249352017769341,96.05,70.06,-0.025071,-0.026133,0.0,0.0,-0.02507105156313439,-0.026132888518209618,0.0,0.0010618369550752273,115548.0,250751.0,6894144.3889,7207097.571500001,VAW,IYM,Materials
2015-08-24,4.52320062312084,4.208268308540415,92.13,67.24,-0.040812,-0.040251,0.0,0.0,-0.04081207704320666,-0.04025121324578932,0.0,-0.0005608637974173422,198030.0,319268.0,7274888.732899999,7935421.0194999995,VAW,IYM,Materials
2015-08-25,4.506012614454873,4.190563419962643,90.56,66.06,-0.017041,-0.017549,0.0,0.0,-0.017041137523065235,-0.01754907792980369,0.0,0.0005079404067384538,1269989.0,342313.0,12318794.4879,8501550.953499999,VAW,IYM,Materials
2015-08-26,4.530015512387331,4.2168571366974925,92.76,67.82,0.024293,0.026643,0.0,0.0,0.02429328621908127,0.026642446260974707,0.0,-0.002349160041893436,98035.0,145612.0,12565523.207899999,8381305.1155,VAW,IYM,Materials
2015-08-27,4.566429357671661,4.257171777528256,96.2,70.61,0.037085,0.041138,0.0,0.0,0.03708495040965933,0.041138307283987194,0.0,-0.004053356874327861,123696.0,295717.0,12951123.561900001,9167173.282000002,VAW,IYM,Materials
2015-08-28,4.572233685741827,4.2626798770413155,96.76,71.0,0.005821,0.005523,0.0,0.0,0.0058212058212058215,0.005523296983430109,0.0,0.0002979088377757129,50561.0,148849.0,12741561.988049999,9446815.887,VAW,IYM,Materials
2015-08-31,4.568713648977476,4.258445572902527,96.42,70.7,-0.003514,-0.004225,-98830500.0,-17675000.0,-0.08967144507779601,-0.04990308825429642,-81155500.0,-0.039768356823499586,307884.0,173556.0,13934869.932550002,9784084.569,VAW,IYM,Materials
2015-09-01,4.53838915229774,4.2227377769905,93.54,68.22,-0.029869,-0.035078,0.0,0.0,-0.029869321717485884,-0.03507779349363508,0.0,0.005208471776149196,117268.0,129677.0,14191437.53455,9976717.686999999,VAW,IYM,Materials
2015-09-02,4.549128795104466,4.23685634351072,94.55,69.19,0.010798,0.014219,0.0,0.0,0.010797519777635118,0.014218704192318968,0.0,-0.0034211844146838505,180576.0,128199.0,14680624.60405,10125247.238499999,VAW,IYM,Materials
2015-09-03,4.555874894263214,4.24233343993555,95.19,69.57,0.006769,0.005492,0.0,0.0,0.006768905341089371,0.005492123139181797,0.0,0.0012767822019075737,71203.0,185085.0,14617858.476550002,10379312.911,VAW,IYM,Materials
2015-09-04,4.537212492804865,4.220683484265119,93.43,68.08,-0.018489,-0.021417,0.0,0.0,-0.01848933711524308,-0.02141727756216744,0.0,0.002927940446924359,68261.0,104916.0,14548788.333050001,10375458.667,VAW,IYM,Materials
2015-09-08,4.560377819963941,4.245347435758628,95.6196,69.78,0.023436,0.024971,0.0,0.0,0.023435727282457335,0.02497062279670975,0.0,-0.0015348955142524164,90412.0,115804.0,14750144.62658,10314293.863,VAW,IYM,Materials
2015-09-09,4.552402120449436,4.237434294689934,94.86,69.23,-0.007944,-0.007882,0.0,0.0,-0.00794397801287602,-0.007881914588707366,0.0,-6.206342416865442e-05,77704.0,261831.0,14760542.803580001,10855517.045,VAW,IYM,Materials
2015-09-10,4.553034431567563,4.238444906195857,94.92,69.3,0.000632,0.001011,0.0,0.0,0.0006325110689437065,0.0010111223458038423,0.0,-0.0003786112768601358,75661.0,116719.0,14800796.505080003,11011542.612,VAW,IYM,Materials
2015-09-11,4.550502784645783,4.2354100025007035,94.68,69.09,-0.002528,-0.00303,0.0,0.0,-0.0025284450063209965,-0.0030303030303030303,0.0,0.0005018580239820338,75326.0,116412.0,14938258.097779999,11251372.295,VAW,IYM,Materials
2015-09-14,4.538923540169165,4.220242729097475,93.59,68.05,-0.011513,-0.015053,0.0,0.0,-0.011512463033375695,-0.015052829642495297,0.0,0.0035403666091196016,38690.0,147822.0,14920537.712779999,11516105.069,VAW,IYM,Materials
2015-09-15,4.548282323781043,4.230040277676,94.47,68.72,0.009403,0.009846,0.0,0.0,0.009402713965167219,0.009845701689933872,0.0,-0.00044298772476665353,56461.0,106702.0,14969330.57428,11715214.911500001,VAW,IYM,Materials
2015-09-16,4.56320170116559,4.246922577489038,95.89,69.89,0.015031,0.017026,0.0,0.0,0.0150312268445009,0.0170256111757858,0.0,-0.001994384331284899,86171.0,158380.0,15202932.460760001,12049619.6215,VAW,IYM,Materials
2015-09-17,4.557030859977549,4.241038941372905,95.3001,69.48,-0.006152,-0.005866,0.0,0.0,-0.006151840650745646,-0.00586636142509658,0.0,-0.0002854792256490662,111884.0,204109.0,15448329.670179999,12315440.707,VAW,IYM,Materials
2015-09-18,4.5388166854380705,4.221124045253227,93.58,68.11,-0.018049,-0.019718,0.0,0.0,-0.018049299003883523,-0.01971790443293034,0.0,0.0016686054290468155,65900.0,148647.0,15275001.638179999,12404226.2155,VAW,IYM,Materials
2015-09-21,4.541058240520847,4.225226615110005,93.79,68.39,0.002244,0.004111,0.0,0.0,0.002244069245565409,0.0041109969167523125,0.0,-0.0018669276711869034,249529.0,114665.0,15890248.61368,11917942.43,VAW,IYM,Materials
2015-09-22,4.522005944727322,4.207524426932059,92.02,67.19,-0.018872,-0.017546,0.0,0.0,-0.018871947968866733,-0.01754642491592338,0.0,-0.0013255230529433532,63897.0,194322.0,15272013.51568,11497388.173,VAW,IYM,Materials
2015-09-23,4.4857107459507635,4.186923743515194,88.74,65.82,-0.018605,-0.02039,0.0,0.0,-0.03564442512497283,-0.020389938979014904,0.0,-0.015254486145957927,60711.0,110128.0,9790878.03068,10729159.582,VAW,IYM,Materials
2015-09-24,4.484808829316908,4.188138441508461,88.66,65.9,-0.000901,0.001215,0.0,0.0,-0.000901510029299076,0.0012154360376786916,0.0,-0.0021169460669777677,109315.0,233935.0,9820785.09568,11006205.115,VAW,IYM,Materials
2015-09-25,4.481193006168381,4.179451348852659,88.34,65.33,-0.003609,-0.002618,0.0,0.0,-0.003609293931874577,-0.008649468892261002,0.0,0.005040174960386425,72402.0,156193.0,9545606.96968,10472380.681,VAW,IYM,Materials
2015-09-28,4.447111881329816,4.143452136329128,85.38,63.02,-0.033507,-0.035359,0.0,0.0,-0.03350690513923477,-0.03535894688504516,0.0,0.0018520417458103844,108350.0,218815.0,9763539.00168,10633452.796,VAW,IYM,Materials
2015-09-29,4.4499189007168,4.14946386144318,85.62,63.4,0.002811,0.00603,0.0,0.0,0.0028109627547434997,0.006029831799428753,0.0,-0.003218869044685253,100460.0,240591.0,8709299.497680001,10782605.806,VAW,IYM,Materials
2015-09-30,4.469694046425642,4.170379248498098,87.33,64.74,0.019972,0.021136,-21832500.0,-19422000.0,-0.0035730901406135856,-0.03777602523659306,-2410500.0,0.03420293509597948,121988.0,140819.0,8693497.66368,10796108.662,VAW,IYM,Materials
2015-10-01,4.4796069630127455,4.178072777752813,88.2,65.24,0.009962,0.007723,0.0,0.0,0.00996221229817932,0.007723200494284831,0.0,0.0022390118038944883,108697.0,84087.0,8319178.393680001,10626896.0155,VAW,IYM,Materials
2015-10-02,4.503469631161752,4.202600880991953,90.33,66.86,0.02415,0.024831,0.0,0.0,0.02414965986394558,0.024831391784181485,0.0,-0.0006817319202359062,68650.0,125550.0,8290345.440180001,10402791.492999999,VAW,IYM,Materials
2015-10-05,4.5301233116651805,4.231203744939298,92.77,68.8,0.027012,0.029016,0.0,0.0,0.02701206686593601,0.029015854023332337,0.0,-0.002003787157396325,79949.0,178257.0,8342307.615180001,10658861.509,VAW,IYM,Materials
2015-10-06,4.540098189244376,4.247923650150401,93.7,69.96,0.010025,0.01686,0.0,0.0,0.010024792497574648,0.016860465116278894,0.0,-0.006835672618704247,68223.0,155781.0,8229674.40642,10799743.291000001,VAW,IYM,Materials
2015-10-07,4.554823811551353,4.260423812914633,95.09,70.84,0.014835,0.012579,0.0,0.0,0.014834578441835646,0.012578616352201434,0.0,0.0022559620896342118,118439.0,206501.0,8424242.559920002,10624841.8265,VAW,IYM,Materials
2015-10-08,4.570268133978827,4.276804998260776,96.57,72.01,0.015564,0.016516,0.0,0.0,0.015564202334630232,0.016516092603049124,0.0,-0.0009518902684188917,65791.0,121682.0,8382827.29742,10658526.5325,VAW,IYM,Materials
2015-10-09,4.571199666416938,4.2740237421222265,96.66,71.81,0.000932,-0.002777,0.0,0.0,0.0009319664492079453,-0.002777392028884877,0.0,0.0037093584780928225,74551.0,78726.0,8386538.996419999,10539046.9815,VAW,IYM,Materials
2015-10-12,4.561531728958262,4.264368591205649,95.73,71.12,-0.009621,-0.009609,0.0,0.0,-0.009621353196772191,-0.009608689597549088,0.0,-1.2663599223102992e-05,80710.0,103936.0,8591807.55642,10405679.0425,VAW,IYM,Materials
2015-10-13,4.558078578454241,4.262539022051294,95.4,70.99,-0.003447,-0.001828,0.0,0.0,-0.003447195236602828,-0.001827896512935883,0.0,-0.001619298723666945,59753.0,110259.0,8610135.83292,10430415.291,VAW,IYM,Materials
2015-10-14,4.565493368835193,4.272490747605575,96.11,71.7,0.007442,0.010001,0.0,0.0,0.007442348008385625,0.010001408649105507,0.0,-0.002559060640719882,33395.0,81288.0,8357468.645919999,10168373.861,VAW,IYM,Materials
2015-10-15,4.570061008874523,4.276804998260776,96.55,72.01,0.004578,0.004324,0.0,0.0,0.004578087607949225,0.004323570432357043,0.0,0.00025451717559218153,104792.0,82318.0,8330224.206499999,9755685.154,VAW,IYM,Materials
2015-10-16,4.569024739351738,4.2756934238792645,96.45,71.93,-0.001036,-0.001111,0.0,0.0,-0.0010357327809425167,-0.0011109568115537818,0.0,7.522403061126508e-05,41513.0,61794.0,8222074.549,9471709.9165,VAW,IYM,Materials
2015-10-19,4.560904769690076,4.266054458421461,95.67,71.24,-0.008087,-0.009593,0.0,0.0,-0.008087091757387248,-0.009592659530098874,0.0,0.0015055677727116266,25258.0,45172.0,7172729.946500001,9240515.613000002,VAW,IYM,Materials
2015-10-20,4.563305981889393,4.2691378525952635,95.9,71.46,0.002404,0.003088,0.0,0.0,0.0024040974182085425,0.003088152723189049,0.0,-0.0006840553049805064,28752.0,40453.0,7016605.689499999,8732229.423,VAW,IYM,Materials
2015-10-21,4.551452903482104,4.2581626474514955,94.77,70.68,-0.011783,-0.010915,0.0,0.0,-0.011783107403545476,-0.01091519731318186,0.0,-0.0008679100903636154,37533.0,46418.0,6925081.103,8533839.386999998,VAW,IYM,Materials
2015-10-22,4.577284982498556,4.284138133854756,97.25,72.54,0.026169,0.026316,0.0,0.0,0.026168618761211355,0.026315789473684206,0.0,-0.0001471707124728501,44783.0,62343.0,6658245.0455,7989141.622999999,VAW,IYM,Materials
2015-10-23,4.58552344654077,4.292375412721235,98.0545,73.14,0.008272,0.008271,0.0,0.0,0.008272493573264782,0.00827129859387907,0.0,1.1949793857109203e-06,85012.0,83199.0,6755235.869200001,7783195.9315,VAW,IYM,Materials
2015-10-26,4.578312731818208,4.285378059618076,97.35,72.63,-0.007185,-0.006973,0.0,0.0,-0.007184779892814825,-0.00697292863002461,0.0,-0.00021185126279021482,27836.0,28555.0,6428181.4492,7197407.349000001,VAW,IYM,Materials
2015-10-27,4.570061008874523,4.27874728521988,96.55,72.15,-0.008218,-0.006609,0.0,0.0,-0.008217770929635222,-0.00660883932259397,0.0,-0.0016089316070412524,39713.0,72508.0,6189826.6967,6696306.489,VAW,IYM,Materials
2015-10-28,4.58636649958428,4.2961963780686885,98.1372,73.42,0.016439,0.017602,0.0,0.0,0.016439150699119744,0.017602217602217602,0.0,-0.0011630669030978577,47792.0,65626.0,5891674.747819999,6481388.432,VAW,IYM,Materials
2015-10-29,4.58751525074937,4.295515132725903,98.25,73.37,0.001149,-0.000681,0.0,0.0,0.0011494112324377374,-0.000681013347861618,0.0,0.0018304245802993554,70934.0,38629.0,5760784.25282,6348807.124500001,VAW,IYM,Materials
2015-10-30,4.591152394219887,4.2961963780686885,98.608,73.42,0.003644,0.000681,4930400.0,7342000.0,0.008386883889618417,0.021103548411323097,-2411600.0,-0.01271666452170468,45086.0,62041.0,5673018.54222,6156845.9855,VAW,IYM,Materials
2015-11-02,4.598648968997826,4.30433532695801,99.35,74.02,0.007525,0.008172,0.0,0.0,0.007524744442641457,0.008172160174339417,0.0,-0.0006474157316979602,111313.0,92793.0,5855122.43322,5887068.7985,VAW,IYM,Materials
2015-11-03,4.600760477499391,4.3129444734864375,99.56,74.66,0.002114,0.008646,0.0,0.0,0.00211373930548577,0.008646311807619562,0.0,-0.0065325725021337915,84342.0,122138.0,5955352.15422,5798088.0145000005,VAW,IYM,Materials
2015-11-04,4.59511985013459,4.30433532695801,99.0,74.02,-0.005625,-0.008572,0.0,0.0,-0.00562474889513861,-0.008572193945888026,0.0,0.0029474450507494167,48573.0,91770.0,5632670.27872,5406302.242500001,VAW,IYM,Materials
2015-11-05,4.588837531367194,4.294424173937759,98.38,73.29,-0.006263,-0.009862,0.0,0.0,-0.006262626262626263,-0.009862199405565902,0.0,0.0035995731429396393,63905.0,185291.0,5629347.13022,5647185.071,VAW,IYM,Materials
2015-11-06,4.59127408079598,4.297693486208131,98.62,73.53,0.00244,0.003275,0.0,0.0,0.002439520227688555,0.003274662300450103,0.0,-0.0008351420727615482,45557.0,65987.0,5493683.71422,5607120.5735,VAW,IYM,Materials
2015-11-09,4.582924577040772,4.291144138196708,97.8,73.05,-0.008315,-0.006528,0.0,0.0,-0.008314743459744475,-0.006527947776417789,0.0,-0.001786795683326686,45171.0,127930.0,5328251.48922,5704788.4825,VAW,IYM,Materials
2015-11-10,4.575638383382054,4.285378059618076,97.09,72.63,-0.00726,-0.00575,0.0,0.0,-0.007259713701431493,-0.005749486652977412,0.0,-0.0015102270484540804,62972.0,60941.0,5348927.25322,5534731.4035,VAW,IYM,Materials
2015-11-11,4.577798989191959,4.2837244833835015,97.3,72.51,0.002163,-0.001652,0.0,0.0,0.0021629416005767843,-0.0016522098306484924,0.0,0.003815151431225277,29503.0,372563.0,5331979.67572,6594041.08,VAW,IYM,Materials
2015-11-12,4.555244377218366,4.2632430986839145,95.13,71.04,-0.022302,-0.020273,0.0,0.0,-0.022302158273381296,-0.020273065784029626,0.0,-0.00202909248935167,46308.0,178561.0,5046360.29772,6931903.7930000005,VAW,IYM,Materials
2015-11-13,4.566845071666424,4.277221520307755,96.24,72.04,0.011668,0.014077,0.0,0.0,0.011668243456322927,0.014076576576576575,0.0,-0.0024083331202536477,35881.0,146863.0,5018823.22722,7238662.198000001,VAW,IYM,Materials
2015-11-16,4.578723535973108,4.289911345766076,97.39,72.96,0.011949,0.012771,0.0,0.0,0.011949293433083957,0.01277068295391416,0.0,-0.0008213895208302024,38660.0,104984.0,5086256.45422,7460741.166000001,VAW,IYM,Materials
2015-11-17,4.575844356606263,4.2878533084066195,97.11,72.81,-0.002875,-0.002056,0.0,0.0,-0.0028750385049799774,-0.0020559210526314158,0.0,-0.0008191174523485617,62665.0,162466.0,5252660.52172,7907660.07,VAW,IYM,Materials
2015-11-18,4.596280792142174,4.306090068583941,99.115,74.15,0.020647,0.018404,0.0,0.0,0.020646689321388117,0.018404065375635215,0.0,0.0022426239457529022,32517.0,112715.0,5235956.5239699995,8161509.7205,VAW,IYM,Materials
2015-11-19,4.595321849933277,4.30406509320417,99.02,74.0,-0.000958,-0.002023,0.0,0.0,-0.0009584825707511477,-0.0020229265003371545,0.0,0.0010644439295860067,50779.0,73098.0,5269606.01547,8205854.2595,VAW,IYM,Materials
2015-11-20,4.591578232468624,4.299324142908639,98.65,73.65,-0.003737,-0.00473,0.0,0.0,-0.0037366188648756695,-0.00472972972972973,0.0,0.0009931108648540605,56053.0,44318.0,5129296.98027,8064796.5515,VAW,IYM,Materials
2015-11-23,4.592793914920036,4.299595660694722,98.77,73.67,0.001216,0.000272,0.0,0.0,0.0012164216928534088,0.00027155465037338765,0.0,0.0009448670424800212,57069.0,110356.0,5275640.50677,8367595.3950000005,VAW,IYM,Materials
2015-11-24,4.6023662586553575,4.309590341409169,99.72,74.41,0.009618,0.010045,0.0,0.0,0.009618305153386656,0.010044794353196688,0.0,-0.00042648919981003175,79072.0,106220.0,5478178.99127,8501214.295,VAW,IYM,Materials
2015-11-25,4.5979441408963515,4.304875575485466,99.28,74.06,-0.004412,-0.004704,0.0,0.0,-0.004412354592860008,-0.004703668861712135,0.0,0.0002913142688521272,33279.0,95706.0,5408867.29415,8614700.567,VAW,IYM,Materials
2015-11-27,4.59784341060163,4.302983427333428,99.27,73.92,-0.000101,-0.00189,0.0,0.0,-0.0001007252215954875,-0.001890359168241966,0.0,0.0017896339466464785,16048.0,31662.0,5140058.26715,8590012.8325,VAW,IYM,Materials
2015-11-30,4.599051504979914,4.305955197722586,99.39,74.14,0.001209,0.002976,12423750.0,-7414000.0,0.012982211346972125,-0.017083333333333332,19837750.0,0.030065544680305457,39741.0,92123.0,5115259.15225,8703760.2825,VAW,IYM,Materials
2015-12-01,4.605670061029742,4.312006449967072,100.05,74.59,0.006641,0.00607,0.0,0.0,0.006640507093268941,0.006069598057728621,0.0,0.0005709090355403195,74635.0,151589.0,4935673.41225,8925684.565000001,VAW,IYM,Materials
2015-12-02,4.5916795958055925,4.2983732496766285,98.66,73.58,-0.013893,-0.013541,0.0,0.0,-0.013893053473263368,-0.013540689100415605,0.0,-0.0003523643728477639,53849.0,138048.0,4781456.05325,8977622.003,VAW,IYM,Materials
2015-12-03,4.583742238574471,4.292512127466133,97.88,73.15,-0.007906,-0.005844,0.0,0.0,-0.007905939590512872,-0.005843979342212558,0.0,-0.002061960248300314,72958.0,150718.0,4898076.15525,9189232.318,VAW,IYM,Materials
2015-12-04,4.59784341060163,4.307033655632451,99.27,74.22,0.014201,0.014628,0.0,0.0,0.014201062525541479,0.014627477785372522,0.0,-0.00042641525983104327,40157.0,120041.0,4783046.72975,8955705.5995,VAW,IYM,Materials
2015-12-07,4.579954936847027,4.2878533084066195,97.51,72.81,-0.017729,-0.018998,0.0,0.0,-0.01772942480104765,-0.018997574777687955,0.0,0.0012681499766403065,43738.0,184283.0,4771649.781749999,9383986.6555,VAW,IYM,Materials
2015-12-08,4.561740628060756,4.266756065129537,95.75,71.29,-0.01805,-0.020876,0.0,0.0,-0.018049430827607425,-0.020876253261914404,0.0,0.002826822434306979,38867.0,148195.0,4736839.35425,9444963.408000002,VAW,IYM,Materials
2015-12-09,4.582924577040772,4.299324142908639,97.8,73.65,0.02141,0.033104,0.0,0.0,0.021409921671018278,0.03310422219105046,0.0,-0.011694300520032185,84586.0,194964.0,4844767.32025,9941611.0965,VAW,IYM,Materials
2015-12-10,4.577490616881349,4.292101927145895,97.27,73.12,-0.005419,-0.007196,0.0,0.0,-0.005419222903885481,-0.007196198234894773,0.0,0.001776975331009292,66109.0,109104.0,5022756.3467500005,8989768.164,VAW,IYM,Materials
2015-12-11,4.552718325985667,4.263806003286451,94.89,71.08,-0.024468,-0.027899,0.0,0.0,-0.024467975737637503,-0.027899343544857767,0.0,0.003431367807220264,84282.0,151473.0,5202368.29375,8893854.534,VAW,IYM,Materials
2015-12-14,4.538496052720099,4.248352374701448,93.55,69.99,-0.014122,-0.015335,0.0,0.0,-0.01412161450100116,-0.015334833989870568,0.0,0.0012132194888694083,70275.0,190500.0,5358420.23425,9031508.758,VAW,IYM,Materials
2015-12-15,4.544251771018675,4.253624919869357,94.09,70.36,0.005772,0.005287,0.0,0.0,0.005772314270443613,0.005286469495642235,0.0,0.00048584477480137847,67592.0,116340.0,5488151.92825,9057811.246,VAW,IYM,Materials
2015-12-16,4.556400021618662,4.263665306838804,95.24,71.07,0.012222,0.010091,0.0,0.0,0.012222340312466787,0.010090960773166398,0.0,0.0021313795393003883,65870.0,134816.0,5497554.960750001,8945422.429000001,VAW,IYM,Materials
2015-12-17,4.5365700944958345,4.24448722065182,93.37,69.72,-0.019635,-0.018995,0.0,0.0,-0.01963460730785384,-0.01899535669058658,0.0,-0.0006392506172672625,86546.0,110210.0,5740448.839,8911723.6265,VAW,IYM,Materials
2015-12-18,4.52406858455105,4.232656178019613,92.21,68.9,-0.012424,-0.011761,0.0,0.0,-0.012423690692942177,-0.011761331038439472,0.0,-0.000662359654502705,62450.0,179906.0,5776967.735,9261037.1965,VAW,IYM,Materials
2015-12-21,4.531954123656832,4.240319050765182,92.94,69.43,0.007917,0.007692,0.0,0.0,0.00791671185337828,0.007692307692307869,0.0,0.00022440416107041058,54478.0,143776.0,5753645.578500001,9596954.5455,VAW,IYM,Materials
2015-12-22,4.5462690780679305,4.256888491407381,94.28,70.59,0.014418,0.016707,0.0,0.0,0.01441790402410157,0.01670747515483203,0.0,-0.0022895711307304584,125934.0,95770.0,6065463.198,9528478.434500001,VAW,IYM,Materials
2015-12-23,4.562471431454976,4.28123898086119,95.82,72.33,0.022698,0.02465,0.0,0.0,0.01633432329232063,0.024649383765405864,0.0,-0.008315060473085233,55403.0,87561.0,5936645.979,9449951.281,VAW,IYM,Materials
2015-12-24,4.561531728958262,4.272211768666675,95.73,71.68,-0.000939,-0.002543,0.0,0.0,-0.0009392611145897404,-0.008986589243743784,0.0,0.008047328129154043,26452.0,18759.0,5898061.521,9162784.219,VAW,IYM,Materials
2015-12-28,4.553876891600541,4.263524590592881,95.0,71.06,-0.007626,-0.00865,0.0,0.0,-0.007625613705212577,-0.00864955357142874,0.0,0.0010239398662161628,85240.0,64966.0,6223297.273,9276585.665,VAW,IYM,Materials
2015-12-29,4.563097409566184,4.273466561441981,95.88,71.77,0.009263,0.009992,0.0,0.0,0.009263157894736843,0.009991556431184915,0.0,-0.0007283985364480716,74025.0,35216.0,6380680.2235,9061458.32,VAW,IYM,Materials
2015-12-30,4.553876891600541,4.2632430986839145,95.0,71.04,-0.009178,-0.010171,0.0,0.0,-0.00917813934084272,-0.010171380799776896,0.0,0.000993241458934176,63622.0,58371.0,6309523.136,8703440.9365,VAW,IYM,Materials
2015-12-31,4.545314018834726,4.256038151220088,94.19,70.53,-0.008526,-0.007179,4709500.0,3526500.0,-0.003916954170642786,0.002951771924986039,1183000.0,-0.006868726095628825,82431.0,61891.0,6432094.8135,8413820.956,VAW,IYM,Materials
2016-01-04,4.5296262602694295,4.239310332472287,92.7239,69.36,-0.015565,-0.016589,0.0,0.0,-0.015565346639770676,-0.01658868566567418,0.0,0.0010233390259035049,61704.0,163070.0,6361110.13778,8428096.631000001,VAW,IYM,Materials
2016-01-05,4.529152699564175,4.238589195929893,92.68,69.31,-0.000473,-0.000721,0.0,0.0,-0.00047344859308106073,-0.0007208765859284891,0.0,0.00024742799284742834,101992.0,160535.0,6634421.79628,8538958.522499999,VAW,IYM,Materials
2016-01-06,4.504354880749275,4.211386582653765,90.41,67.45,-0.024493,-0.026836,0.0,0.0,-0.02449287872248609,-0.026835954407733374,0.0,0.0023430756852472825,84155.0,136851.0,6801599.854780001,8329606.2585,VAW,IYM,Materials
2016-01-07,4.475858449507752,4.181592022453,87.87,65.47,-0.028094,-0.029355,0.0,0.0,-0.02809423736312355,-0.029355077835433653,0.0,0.0012608404723101034,97864.0,190267.0,7045489.576280001,8424204.2055,VAW,IYM,Materials
2016-01-08,4.464873100449369,4.172076910762453,86.91,64.85,-0.010925,-0.00947,0.0,0.0,-0.010925230454079891,-0.00946998625324576,0.0,-0.0014552442008341302,89642.0,111969.0,7021403.34728,8069308.757999999,VAW,IYM,Materials
2016-01-11,4.450736132681027,4.1538705415361274,85.69,63.68,-0.014038,-0.018042,0.0,0.0,-0.01403751006788632,-0.018041634541249036,0.0,0.004004124473362717,100296.0,144990.0,7129600.43778,8132072.694000001,VAW,IYM,Materials
2016-01-12,4.4520190064939165,4.1555964382538635,85.8,63.79,0.001284,0.001727,0.0,0.0,0.0012836970474967907,0.001727386934673367,0.0,-0.0004436898871765763,53610.0,93849.0,6959711.388780001,7893069.0375,VAW,IYM,Materials
2016-01-13,4.428790938649766,4.132121926556131,83.83,62.31,-0.02296,-0.023201,0.0,0.0,-0.02296037296037296,-0.023201128703558553,0.0,0.00024075574318559168,67418.0,113692.0,6913582.623279999,7580621.713500001,VAW,IYM,Materials
2016-01-14,4.441827387791918,4.146146060785364,84.93,63.19,0.013122,0.014123,0.0,0.0,0.013121794107121687,0.014122933718504253,0.0,-0.001001139611382566,78051.0,138596.0,6927039.630779999,7609231.6555,VAW,IYM,Materials
2016-01-15,4.422088340247728,4.122770036405805,83.27,61.73,-0.019546,-0.023105,0.0,0.0,-0.019545508065465806,-0.023104921664820383,0.0,0.0035594135993545772,100680.0,218412.0,7032547.87078,7804291.6375,VAW,IYM,Materials
2016-01-19,4.408303357752101,4.110381939919725,82.13,60.97,-0.01369,-0.012312,0.0,0.0,-0.013690404707577758,-0.012311679896322696,0.0,-0.0013787248112550627,91502.0,306029.0,7004260.832780001,8353028.984,VAW,IYM,Materials
2016-01-20,4.403176393396616,4.1047898200836395,81.71,60.63,-0.005114,-0.005577,0.0,0.0,-0.005113843906002813,-0.005576513039199606,0.0,0.00046266913319679276,81547.0,152758.0,7049495.37628,8196338.691,VAW,IYM,Materials
2016-01-21,4.4101280647847565,4.115127101404629,82.28,61.26,0.006976,0.010391,0.0,0.0,0.006975890343899291,0.010390895596239486,0.0,-0.0034150052523401943,96696.0,74767.0,7194143.454280001,7926231.6280000005,VAW,IYM,Materials
2016-01-22,4.427358444671965,4.1301942151157975,83.71,62.19,0.01738,0.015181,0.0,0.0,0.01737967914438489,0.015181194906953967,0.0,0.0021984842374309244,80852.0,170795.0,6938896.62428,8119298.465499999,VAW,IYM,Materials
2016-01-25,4.394078715698023,4.102973888920155,80.97,60.52,-0.032732,-0.026853,0.0,0.0,-0.03273205112889726,-0.02685319183148416,0.0,-0.005878859297413098,208972.0,126110.0,7519483.993279999,8184242.969,VAW,IYM,Materials
2016-01-26,4.413040688203051,4.122121843221548,82.52,61.69,0.019143,0.019332,0.0,0.0,0.0191428924292948,0.01933245208195638,0.0,-0.0001895596526615799,65260.0,75046.0,7662134.25528,8348490.1,VAW,IYM,Materials
2016-01-27,4.404277243608702,4.112348186661675,81.8,61.09,-0.008725,-0.009726,0.0,0.0,-0.00872515753756665,-0.009726049602852975,0.0,0.0010008920652863247,73040.0,128934.0,7555977.85528,8511494.805,VAW,IYM,Materials
2016-01-28,4.407085034014658,4.116921116401006,82.03,61.37,0.002812,0.004583,0.0,0.0,0.0028117359413202935,0.004583401538713373,0.0,-0.0017716655973930798,59003.0,162467.0,7443102.80978,8883652.1785,VAW,IYM,Materials
2016-01-29,4.43970574626056,4.146937012341271,84.75,63.24,0.033159,0.030471,-10593750.0,-18972000.0,0.021206279821216412,-0.0319818685469655,8378250.0,0.053188148368181906,88749.0,210486.0,7516972.19728,9341875.1185,VAW,IYM,Materials
2016-02-01,4.4405313640464446,4.149148354262775,84.82,63.38,0.000826,0.002214,0.0,0.0,0.0008259587020647651,0.002213788741302973,0.0,-0.0013878300392382078,106716.0,139112.0,7581345.958780001,9564462.434999999,VAW,IYM,Materials
2016-02-02,4.430578675256047,4.14059181338742,83.98,62.84,-0.009903,-0.00852,0.0,0.0,-0.009903324687573555,-0.008520037866834964,0.0,-0.0013832868207385909,46250.0,90215.0,7489477.9325,9282391.205,VAW,IYM,Materials
2016-02-03,4.45898767581001,4.173309766520395,86.4,64.93,0.028816,0.033259,0.0,0.0,0.02881638485353669,0.033259070655633556,0.0,-0.004442685802096866,64315.0,253570.0,7294687.804500001,9549272.1675,VAW,IYM,Materials
2016-02-04,4.483115539980786,4.198854716425088,88.51,66.61,0.024421,0.025874,0.0,0.0,0.024421296296296163,0.025874018173417324,0.0,-0.001452721877121161,67433.0,340205.0,7212689.8685,10220794.9225,VAW,IYM,Materials
2016-02-05,4.470495282661489,4.18737942818929,87.4,65.85,-0.012541,-0.01141,0.0,0.0,-0.012540955824200528,-0.011409698243506981,0.0,-0.0011312575806935472,83396.0,109288.0,7147164.9045,9957786.638,VAW,IYM,Materials
2016-02-08,4.445236148071766,4.161068194265009,85.22,64.14,-0.024943,-0.025968,0.0,0.0,-0.024942791762013854,-0.025968109339407745,0.0,0.001025317577393891,52255.0,248245.0,6980284.1485,10390848.870500002,VAW,IYM,Materials
2016-02-09,4.455393260669863,4.167749906638376,86.09,64.57,0.010209,0.006704,0.0,0.0,0.010208871157005398,0.006704084814468151,0.0,0.003504786342537247,87053.0,150336.0,6925285.575,10414560.486499999,VAW,IYM,Materials
2016-02-10,4.447814375211885,4.155909917880256,85.44,63.81,-0.00755,-0.01177,0.0,0.0,-0.007550238122894645,-0.011770171906457912,0.0,0.004219933783563267,55871.0,108084.0,6933979.587,10460071.103,VAW,IYM,Materials
2016-02-11,4.4275973362163406,4.138680376042152,83.73,62.72,-0.020014,-0.017082,0.0,0.0,-0.020014044943820225,-0.01708196207490989,0.0,-0.002932082868910335,46460.0,105601.0,6845901.83,10437028.412999999,VAW,IYM,Materials
2016-02-12,4.4554513377381495,4.1666652238017265,86.095,64.5,0.028246,0.02838,0.0,0.0,0.028245551176400336,0.028380102040816327,0.0,-0.00013455086441599082,38372.0,114332.0,6679640.1255,10367855.050999999,VAW,IYM,Materials
2016-02-16,4.470495282661489,4.182965753875629,87.4,65.56,0.015158,0.016434,0.0,0.0,0.015157674661711031,0.016434108527131782,0.0,-0.0012764338654207511,76204.0,110794.0,6593470.4255,10056909.145,VAW,IYM,Materials
2016-02-17,4.48874872297084,4.204692619390966,89.01,67.0,0.018421,0.021965,0.0,0.0,0.018421052631578817,0.021964612568639415,0.0,-0.0035435599370605975,40823.0,102099.0,6399400.224,9466011.388500001,VAW,IYM,Materials
2016-02-18,4.483793199821491,4.2008044733232275,88.57,66.74,-0.004943,-0.003881,0.0,0.0,-0.004943264801707798,-0.003880597014925373,0.0,-0.0010626677867824254,46169.0,149706.0,6270699.3719999995,9502494.433500001,VAW,IYM,Materials
2016-02-19,4.47403591796329,4.191017449482361,87.71,66.09,-0.00971,-0.009739,0.0,0.0,-0.009709834029581123,-0.00973928678453701,0.0,2.9452754955886992e-05,38583.0,57713.0,6042097.7745,9464195.720999999,VAW,IYM,Materials
2016-02-22,4.4921134636957945,4.210051369934071,89.31,67.36,0.018242,0.019216,0.0,0.0,0.018241933644966495,0.01921622030564382,0.0,-0.0009742866606773232,41308.0,46127.0,5888152.602500001,9088464.404500002,VAW,IYM,Materials
2016-02-23,4.46900676117522,4.182355439544814,87.27,65.52,-0.022842,-0.027316,0.0,0.0,-0.022841787033926773,-0.027315914489311165,0.0,0.004474127455384391,40230.0,81260.0,5217673.0655000005,8973063.3045,VAW,IYM,Materials
2016-02-24,4.481985085417713,4.191168746857641,88.41,66.1,0.013063,0.008852,0.0,0.0,0.013062908215881746,0.008852258852258852,0.0,0.004210649363622894,29531.0,66308.0,5078952.091,8960731.857499998,VAW,IYM,Materials
2016-02-25,4.492896943505305,4.2049910823091645,89.38,67.02,0.010972,0.013918,0.0,0.0,0.010971609546431399,0.013918305597579426,0.0,-0.002946696051148027,38751.0,81488.0,4953396.71,8839969.242500002,VAW,IYM,Materials
2016-02-26,4.506012614454873,4.2189192968037315,90.56,67.96,0.013202,0.014026,0.0,0.0,0.013202058626090848,0.014025663980901224,0.0,-0.0008236053548103753,54745.0,91040.0,4959281.2655,8650793.173,VAW,IYM,Materials
2016-02-29,4.502694394398855,4.213607983048918,90.26,67.6,-0.003313,-0.005297,4693520.0,-3379999.9999999995,0.0015400636571776445,-0.015992962337111647,8073520.0,0.01753302599428929,88698.0,95558.0,4983501.452,8308222.481000001,VAW,IYM,Materials
2016-03-01,4.525477417078843,4.238444906195857,92.34,69.3,0.023045,0.025148,0.0,0.0,0.023044538001329492,0.02514792899408284,0.0,-0.0021033909927533484,78539.0,138591.0,4893533.459000001,8347594.368000001,VAW,IYM,Materials
2016-03-02,4.527640983478854,4.237578730308009,92.54,69.24,0.002166,-0.000866,0.0,0.0,0.002165908598657257,-0.0008658008658008658,0.0,0.0030317094644581226,32166.0,58832.0,4848161.791,8267815.222,VAW,IYM,Materials
2016-03-03,4.534747721691546,4.243484135974963,93.2,69.6501,0.007132,0.005923,0.0,0.0,0.007132051004970702,0.0059228769497400345,0.0,0.0012091740552306676,43132.0,53245.0,4771316.111,7630026.1957249995,VAW,IYM,Materials
2016-03-04,4.544676805559129,4.256605125012738,94.13,70.57,0.009979,0.013207,0.0,0.0,0.009978540772532189,0.01320744693833874,0.0,-0.003228906165806551,46726.0,93149.0,4692807.288500001,6825649.6897249995,VAW,IYM,Materials
2016-03-07,4.557868912870078,4.271793154274181,95.38,71.65,0.01328,0.015304,0.0,0.0,0.013279507064697759,0.01530395352132653,0.0,-0.0020244464566287704,63162.0,95271.0,4629586.3465,6807127.307224999,VAW,IYM,Materials
2016-03-08,4.536084810222751,4.247494741715776,93.3247,69.93,-0.021549,-0.024006,0.0,0.0,-0.021548542671419493,-0.024005582693649503,0.0,0.00245704002223001,65461.0,78912.0,4712384.200835001,6286921.400225,VAW,IYM,Materials
2016-03-09,4.542123884270456,4.25589635752967,93.89,70.52,0.006057,0.008437,0.0,0.0,0.0060573460187923565,0.00843700843700825,0.0,-0.0023796624182158936,32678.0,64389.0,4491071.433335,6028597.238225,VAW,IYM,Materials
2016-03-10,4.548176464467971,4.261834449345476,94.46,70.94,0.006071,0.005956,0.0,0.0,0.006070934071786015,0.005955757231990925,0.0,0.00011517683979509006,51767.0,101602.0,4496886.062335,6044137.530224999,VAW,IYM,Materials
2016-03-11,4.566845071666424,4.280547465724028,96.24,72.28,0.018844,0.018889,0.0,0.0,0.01884395511327558,0.018889202142655766,0.0,-4.5247029380187515e-05,37312.0,167226.0,4481926.616335,6317327.558225,VAW,IYM,Materials
2016-03-14,4.560800238252151,4.271653577192511,95.66,71.64,-0.006027,-0.008854,0.0,0.0,-0.006026600166251039,-0.008854454897620365,0.0,0.0028278547313693256,37043.0,78284.0,4493921.418335,6229020.146225,VAW,IYM,Materials
2016-03-15,4.551769409260976,4.262257252536892,94.8,70.97,-0.00899,-0.009352,0.0,0.0,-0.008990173531256534,-0.009352317141261866,0.0,0.0003621436100053315,63311.0,69571.0,4461004.078335,6112710.107725,VAW,IYM,Materials
2016-03-16,4.570061008874523,4.28234441140073,96.55,72.41,0.01846,0.02029,0.0,0.0,0.018459915611814346,0.020290263491616174,0.0,-0.0018303478798018281,41629.0,86996.0,4480285.314335,6085647.475725,VAW,IYM,Materials
2016-03-17,4.592591403781231,4.3056854014171595,98.75,74.12,0.022786,0.023616,0.0,0.0,0.02278612118073537,0.02361552271785665,0.0,-0.0008294015371212785,275984.0,224919.0,5638496.8978349995,6419628.367725,VAW,IYM,Materials
2016-03-18,4.593704707878813,4.307168381129456,98.86,74.23,0.001114,0.001484,0.0,0.0,0.0011139240506329114,0.0014840798704803021,0.0,-0.00037015581984739076,113095.0,215786.0,6028319.736335,7029805.498225001,VAW,IYM,Materials
2016-03-21,4.5884308619837935,4.303929948937459,98.34,73.99,-0.001406,-0.003233,0.0,0.0,-0.005259963584867489,-0.003233194126364004,0.0,-0.002026769458503485,194258.0,227201.0,6799025.448334999,7714979.861725,VAW,IYM,Materials
2016-03-22,4.589853481876198,4.302983427333428,98.48,73.92,0.001424,-0.000946,0.0,0.0,0.0014236322961155175,-0.000946073793755913,0.0,0.0023697060898714307,122645.0,66594.0,7227385.823334999,7694903.5257250015,VAW,IYM,Materials
2016-03-23,4.5755353808584,4.2837244833835015,97.08,72.51,-0.014216,-0.016083,0.0,0.0,-0.01421608448415922,-0.019074675324675324,0.0,0.004858590840516104,205428.0,78531.0,8093991.549834999,7760469.726224999,VAW,IYM,Materials
2016-03-24,4.577593418217857,4.286341384539473,97.28,72.7,0.00206,0.00262,0.0,0.0,0.0020601565718994645,0.0026203282305888843,0.0,-0.0005601716586894198,53817.0,96508.0,8182579.218834999,7838210.018225001,VAW,IYM,Materials
2016-03-28,4.581389657322688,4.2903224454635405,97.65,72.99,0.003803,0.003989,0.0,0.0,0.0038034539473685352,0.003988995873452545,0.0,-0.00018554192608400983,46099.0,38428.0,8159772.226335001,7669099.084225001,VAW,IYM,Materials
2016-03-29,4.589650374330055,4.297693486208131,98.46,73.53,0.008295,0.007398,0.0,0.0,0.008294930875575809,0.007398273736128237,0.0,0.0008966571394475719,78250.0,31291.0,8144702.902335,7461154.4057249995,VAW,IYM,Materials
2016-03-30,4.594614672048575,4.3056854014171595,98.95,74.12,0.004977,0.008024,0.0,0.0,0.004976640260004176,0.008023935808513532,0.0,-0.0030472955485093553,60851.0,67059.0,8083148.661835,7229457.244725001,VAW,IYM,Materials
2016-03-31,4.586802528629907,4.294151248171873,98.18,73.27,-0.007782,-0.011468,56453500.00000001,14654000.0,0.045379447297631464,0.03151176705225369,41799500.00000001,0.013867680245377774,179437.0,40793.0,8815172.812835,7175226.016225,VAW,IYM,Materials
2016-04-01,4.595220855134423,4.302306791540646,99.01,73.87,0.008454,0.008189,0.0,0.0,0.008453860256671419,0.008188890405350075,0.0,0.0002649698513213436,252394.0,1878559.0,9863654.189835,13928257.704000002,VAW,IYM,Materials
2016-04-04,4.584559232083967,4.291828366755733,97.96,73.1,-0.010605,-0.010424,0.0,0.0,-0.010604989395010605,-0.010423717341275214,0.0,-0.00018127205373539082,135241.0,454719.0,10306148.688835,15261579.4025,VAW,IYM,Materials
2016-04-05,4.57810829387032,4.28606624352797,97.3301,72.68,-0.00643,-0.005746,0.0,0.0,-0.006430175581870108,-0.005745554035567545,0.0,-0.0006846215463025629,73048.0,534160.0,10360417.568075,16861408.485000003,VAW,IYM,Materials
2016-04-06,4.587312685705195,4.293058799613136,98.2301,73.19,0.009247,0.007017,0.0,0.0,0.00924688251630255,0.007017061089708138,0.0,0.0022298214265944125,56772.0,142828.0,10333797.1206,17108171.743,VAW,IYM,Materials
2016-04-07,4.574607880405451,4.278885875754368,96.99,72.16,-0.012625,-0.014073,0.0,0.0,-0.012624439962903258,-0.014072960786992758,0.0,0.0014485208240894998,34382.0,145299.0,10347125.7586,17405374.921,VAW,IYM,Materials
2016-04-08,4.583640067437728,4.288402532641213,97.87,72.85,0.009073,0.009562,0.0,0.0,0.009073100319620579,0.009562084257206208,0.0,-0.000488983937585629,91756.0,249290.0,10551638.2036,17953031.452,VAW,IYM,Materials
2016-04-11,4.58934563564112,4.296332571463519,98.43,73.43,0.005722,0.007962,0.0,0.0,0.005721875957903341,0.007961564859300102,0.0,-0.002239688901396761,42621.0,147016.0,10581852.1111,17888445.932,VAW,IYM,Materials
2016-04-12,4.601162164590552,4.310127759130018,99.6,74.45,0.011887,0.013891,0.0,0.0,0.011886619932947273,0.013890780335012766,0.0,-0.0020041604020654934,58026.0,148433.0,10693644.9221,18160574.486500002,VAW,IYM,Materials
2016-04-13,4.6141299273595635,4.323072491830211,100.9,75.42,0.013052,0.013029,0.0,0.0,0.013052208835341365,0.01302887844190732,0.0,2.333039343404425e-05,132080.0,181482.0,11059894.382100001,18598070.415,VAW,IYM,Materials
2016-04-14,4.612939923252452,4.3221439250725044,100.78,75.35,-0.001189,-0.000928,0.0,0.0,-0.0011892963330029733,-0.0009281357730045081,0.0,-0.0002611605599984652,82444.0,101601.0,11274365.7006,18665883.1645,VAW,IYM,Materials
2016-04-15,4.618185123065586,4.326249619204883,101.31,75.66,0.005259,0.004114,0.0,0.0,0.005258979956340544,0.0041141340411413405,0.0,0.0011448459151992031,53653.0,174749.0,10183473.9721,18493408.817500003,VAW,IYM,Materials
2016-04-18,4.623108331119105,4.3292849234158215,101.81,75.89,0.004935,0.00304,0.0,0.0,0.004935346954890929,0.0030399154110494317,0.0,0.001895431543841497,59036.0,124886.0,9924968.145100001,18166399.0055,VAW,IYM,Materials
2016-04-19,4.641984159110808,4.3527265489623295,103.75,77.69,0.019055,0.023719,0.0,0.0,0.019055102642176604,0.02371853999209382,0.0,-0.004663437349917216,90921.0,184102.0,9441454.2466,18041013.125,VAW,IYM,Materials
2016-04-20,4.639958011473755,4.3489867805956814,103.54,77.4,-0.002024,-0.003733,0.0,0.0,-0.0020240963855421685,-0.003732784142103231,0.0,0.0017086877565610625,98296.0,161779.0,9346428.6586,18420966.431,VAW,IYM,Materials
2016-04-21,4.635893358630932,4.345232973844869,103.12,77.11,-0.004056,-0.003747,0.0,0.0,-0.004056403322387483,-0.0037467700258397934,0.0,-0.00030963329654768975,423956.0,171511.0,10535198.2826,18797512.951,VAW,IYM,Materials
2016-04-22,4.642947550322122,4.350277936359301,103.85,77.5,0.007079,0.005058,0.0,0.0,0.0070791311093871215,0.005057709765270393,0.0,0.002021421344116729,66226.0,97182.0,10617310.899600001,18823286.621,VAW,IYM,Materials
2016-04-25,4.635020207956977,4.3425058765115985,103.03,76.9,-0.007896,-0.007742,0.0,0.0,-0.007896003851709197,-0.007741935483870968,0.0,-0.0001540683678382289,94593.0,399160.0,10879528.371599998,20217813.835,VAW,IYM,Materials
2016-04-26,4.64736723468788,4.356708826689592,104.31,78.0,0.012424,0.014304,0.0,0.0,0.012423565951664564,0.014304291287386216,0.0,-0.0018807253357216516,345269.0,141733.0,12295054.091099998,20655531.1735,VAW,IYM,Materials
2016-04-27,4.654531615525816,4.363480717386783,105.06,78.53,0.00719,0.006795,0.0,0.0,0.007190106413574921,0.006794871794871795,0.0,0.0003952346187031256,92094.0,154130.0,12477763.5506,21012201.964500003,VAW,IYM,Materials
2016-04-28,4.644583188344926,4.357221515754911,104.02,78.04,-0.009899,-0.00624,0.0,0.0,-0.009899105273177233,-0.006239653635553134,0.0,-0.0036594516376240987,67372.0,106835.0,11947309.0896,21279626.979000002,VAW,IYM,Materials
2016-04-29,4.639088404191552,4.352469082431556,103.45,77.67,-0.00548,-0.004741,111415650.0,178641000.0,0.08924906730337233,0.47215370322911304,-67225350.0,-0.3829046359257407,44552.0,145547.0,10928277.8126,14906401.086999997,VAW,IYM,Materials
2016-05-02,4.644102395989878,4.355939299910563,103.97,77.94,0.005027,0.003476,0.0,0.0,0.0050265828902851615,0.0034762456546929316,0.0,0.00155033723559223,97872.0,218620.0,10774654.9866,14096365.282,VAW,IYM,Materials
2016-05-03,4.626344421219498,4.334017415487521,102.14,76.25,-0.017601,-0.021683,0.0,0.0,-0.017601231124362796,-0.02168334616371568,0.0,0.004082115039352883,86497.0,151619.0,10860906.70836,12733275.279499998,VAW,IYM,Materials
2016-05-04,4.617592705986649,4.325720798462787,101.25,75.62,-0.008714,-0.008262,0.0,0.0,-0.008713530448404151,-0.008262295081967214,0.0,-0.00045123536643693757,46292.0,144357.0,10816423.996499998,12756410.030499998,VAW,IYM,Materials
2016-05-05,4.613435930405124,4.318154558079471,100.83,75.05,-0.004148,-0.007538,0.0,0.0,-0.004148148148148148,-0.007537688442211055,0.0,0.0033895402940629068,303998.0,69792.0,12182294.4045,12494065.7185,VAW,IYM,Materials
2016-05-06,4.62173227428707,4.327438444389479,101.67,75.75,0.008331,0.009327,0.0,0.0,0.008330853912526033,0.009327115256495669,0.0,-0.0009962613439696358,165990.0,67153.0,12577096.583500002,11840368.881000001,VAW,IYM,Materials
2016-05-09,4.607267984070237,4.306629370201435,100.21,74.19,-0.01436,-0.020594,0.0,0.0,-0.0143601849119701,-0.020594059405940595,0.0,0.006233874493970495,98458.0,98503.0,12860661.141,11665996.5155,VAW,IYM,Materials
2016-05-10,4.624972813284271,4.325191697921343,102.0,75.58,0.017863,0.018736,0.0,0.0,0.01786248877357549,0.018735678662892573,0.0,-0.0008731898893170817,34542.0,69191.0,12747855.861,11374927.462000001,VAW,IYM,Materials
2016-05-11,4.622518824322705,4.324132656254979,101.75,75.5,-0.002451,-0.001059,0.0,0.0,-0.0024509803921568627,-0.0010584810796507012,0.0,-0.0013924993125061615,76291.0,80651.0,12469642.7235,10995016.365,VAW,IYM,Materials
2016-05-12,4.623991940228679,4.326249619204883,101.9,75.66,0.001474,0.002119,0.0,0.0,0.0014742014742014742,0.002119205298013245,0.0,-0.0006450038238117709,707604.0,85850.0,15659449.7875,10937005.1475,VAW,IYM,Materials
2016-05-13,4.615219521841093,4.315753276242594,101.01,74.87,-0.008734,-0.010442,0.0,0.0,-0.00873405299313052,-0.010441448585778371,0.0,0.0017073955926478514,57093.0,811879.0,15676018.7125,13315198.717,VAW,IYM,Materials
2016-05-16,4.630057901495871,4.33204826486764,102.52,76.1,0.014949,0.016428,0.0,0.0,0.014949014949014948,0.016428476025110078,0.0,-0.0014794610760951298,72960.0,234620.0,15749488.914500002,13734047.89,VAW,IYM,Materials
2016-05-17,4.623935020061161,4.33033852551513,101.8942,75.97,-0.006104,-0.001708,0.0,0.0,-0.0061041747951619575,-0.0017082785808147174,0.0,-0.00439589621434724,108004.0,162660.0,15828085.285840001,13636767.681,VAW,IYM,Materials
2016-05-18,4.608664075242347,4.311738281555703,100.35,74.57,-0.015155,-0.018428,0.0,0.0,-0.015154935217117325,-0.018428326971172942,0.0,0.003273391754055617,204662.0,191069.0,16346098.478839999,13723083.717500001,VAW,IYM,Materials
2016-05-19,4.610356712675391,4.316954637930166,100.52,74.96,0.001694,0.00523,0.0,0.0,0.0016940707523667164,0.005229985248759555,0.0,-0.0035359144963928385,85933.0,134444.0,14592080.600840002,13565719.169,VAW,IYM,Materials
2016-05-20,4.617691466541763,4.323205073865539,101.26,75.43,0.007362,0.00627,0.0,0.0,0.007361719060883406,0.006270010672358816,0.0,0.0010917083885245904,43071.0,84313.0,14466270.56884,13507125.398500001,VAW,IYM,Materials
2016-05-23,4.6272241985820015,4.335982696172475,102.2299,76.4,0.009578,0.01286,0.0,0.0,0.009578313253011972,0.012859604931724665,0.0,-0.0032812916787126924,55519.0,159490.0,14262759.820244998,12581606.9985,VAW,IYM,Materials
2016-05-24,4.634826070895602,4.341595188879544,103.01,76.83,0.007631,0.005628,0.0,0.0,0.007630839901046639,0.005628272251308901,0.0,0.002002567649737738,70123.0,141056.0,12823177.862244999,12570714.9225,VAW,IYM,Materials
2016-05-25,4.646791860678911,4.355297574931857,104.25,77.89,0.012038,0.013797,0.0,0.0,0.012037666245995534,0.013796693999739686,0.0,-0.001759027753744152,55096.0,138753.0,12626595.980245,12505897.036,VAW,IYM,Materials
2016-05-26,4.638991734463602,4.345492309945908,103.44,77.13,-0.00777,-0.009757,0.0,0.0,-0.00776978417266187,-0.009757350109128258,0.0,0.001987565936466388,65349.0,112803.0,12614179.236245,12524051.6355,VAW,IYM,Materials
2016-05-27,4.640344260995746,4.34536265030229,103.58,77.12,0.001353,-0.00013,0.0,0.0,0.0013534416086620263,-0.0001296512381693245,0.0,0.0014830928468313508,90672.0,55350.0,12853324.304244999,12172249.461,VAW,IYM,Materials
2016-05-31,4.6363781131122845,4.3408139388398075,103.17,76.77,-0.003958,-0.004538,-20634000.0,-34546500.0,-0.020044237985543886,-0.06763101951960727,13912500.0,0.047586781534063385,118973.0,68725.0,12958258.932745,11584088.2335,VAW,IYM,Materials
2016-06-01,4.639474989680082,4.344584339198011,103.49,77.06,0.003102,0.003778,0.0,0.0,0.0031016768440438112,0.0037775172593460986,0.0,-0.0006758404153022874,266095.0,134571.0,13893427.331245,11524542.859000001,VAW,IYM,Materials
2016-06-02,4.6434288981051814,4.348728349272367,103.9,77.38,0.003962,0.004153,0.0,0.0,0.003961735433375206,0.004152608357124202,0.0,-0.00019087292374899648,108156.0,79286.0,14220944.501245001,11285486.576000001,VAW,IYM,Materials
2016-06-03,4.651003602331263,4.358758007734528,104.69,78.16,0.007603,0.01008,0.0,0.0,0.007603464870067372,0.010080124063065509,0.0,-0.0024766591929981365,106780.0,105757.0,13247278.494245,11436890.452,VAW,IYM,Materials
2016-06-06,4.6612669253399615,4.369700984983244,105.77,79.02,0.010316,0.011003,0.0,0.0,0.01031617155411214,0.011003070624360286,0.0,-0.0006868990702481453,68146.0,86671.0,12763858.450245,11524985.585499998,VAW,IYM,Materials
2016-06-07,4.663439094112067,4.370080563655481,106.0,79.05,0.002175,0.00038,0.0,0.0,0.002174529639784438,0.00037965072133637056,0.0,0.0017948789184480674,58304.0,91679.0,12579545.841245,11521949.9545,VAW,IYM,Materials
2016-06-08,4.6709579265260945,4.377390906269353,106.8,79.63,0.007547,0.007337,0.0,0.0,0.007547169811320755,0.007337128399746882,0.0,0.00021004141157387243,45874.0,113652.0,12648348.801245,11712982.6035,VAW,IYM,Materials
2016-06-09,4.66362775555966,4.369574426734642,106.02,79.01,-0.007303,-0.007786,0.0,0.0,-0.007303370786516854,-0.007786010297626298,0.0,0.0004826395111094438,59857.0,59001.0,12577520.295745,11641608.529,VAW,IYM,Materials
2016-06-10,4.657477965611436,4.364371699435161,105.37,78.6,-0.006131,-0.005189,0.0,0.0,-0.006130918694585927,-0.0051892165548666986,0.0,-0.0009417021397192284,48018.0,97858.0,9225260.748745,11701419.919,VAW,IYM,Materials
2016-06-13,4.644294740672142,4.3522115495946965,103.99,77.65,-0.013097,-0.012087,0.0,0.0,-0.013096706842554807,-0.012086513994910715,0.0,-0.001010192847644092,37533.0,57433.0,9132065.385745,8885134.504999999,VAW,IYM,Materials
2016-06-14,4.636959508477498,4.342895917470844,103.23,76.93,-0.007308,-0.009272,0.0,0.0,-0.007308395037984422,-0.009272376046361878,0.0,0.0019639810083774568,35188.0,91982.0,8939695.287745,8346214.1680000005,VAW,IYM,Materials
2016-06-15,4.6418877689232545,4.349115971216622,103.74,77.41,0.00494,0.006239,0.0,0.0,0.004940424295263005,0.006239438450539334,0.0,-0.0012990141552763294,35128.0,51954.0,8571655.164905,7929438.114999999,VAW,IYM,Materials
2016-06-16,4.64333264708244,4.3528552573736015,103.89,77.7,0.001446,0.003746,0.0,0.0,0.0014459224985540775,0.0037462860095594883,0.0,-0.002300363511005411,49641.0,91153.0,7802623.754404999,7571166.7535,VAW,IYM,Materials
2016-06-17,4.648133885420207,4.35799005684564,104.39,78.1,0.004813,0.005148,0.0,0.0,0.004812782750986621,0.0051480051480050325,0.0,-0.0003352223970184117,54521.0,52317.0,7655296.855905001,7271568.5265,VAW,IYM,Materials
2016-06-20,4.656064800913545,4.364626119993714,105.2212,78.62,0.007962,0.006658,0.0,0.0,0.00796244851039368,0.006658130601792804,0.0,0.0013043179086008752,28594.0,281493.0,7587663.132545,8060131.029999999,VAW,IYM,Materials
2016-06-21,4.647750633523209,4.356067595503785,104.35,77.95,-0.004184,-0.004591,0.0,0.0,-0.008279700288534973,-0.008522004578987647,0.0,0.00024230429045267454,39905.0,317130.0,7512082.37914,8686893.405,VAW,IYM,Materials
2016-06-22,4.647691216329198,4.355810987855469,104.3438,77.93,-5.9e-05,-0.000257,0.0,0.0,-5.941542884519489e-05,-0.00025657472738923714,0.0,0.00019715929854404224,186304.0,61553.0,8122897.2334,8384868.0455,VAW,IYM,Materials
2016-06-23,4.664758977399749,4.372733587762289,106.14,79.26,0.017214,0.017067,0.0,0.0,0.017214247516383303,0.01706659822918003,0.0,0.00014764928720327128,76642.0,159806.0,8242448.4274,8477805.665000001,VAW,IYM,Materials
2016-06-24,4.617790217344194,4.321347323862031,101.27,75.29,-0.045883,-0.050088,0.0,0.0,-0.04588279630676465,-0.05008831693161746,0.0,0.004205520624852806,88926.0,167611.0,8354740.2003999995,8673752.504999999,VAW,IYM,Materials
2016-06-27,4.5827200571505,4.286478926661966,97.78,72.71,-0.034462,-0.034268,0.0,0.0,-0.034462328428952305,-0.03426749900385201,0.0,-0.00019482942510029577,108972.0,239960.0,8417914.020399999,9332697.485,VAW,IYM,Materials
2016-06-28,4.592490132830717,4.295242504588991,98.74,73.35,0.009818,0.008802,0.0,0.0,0.00981795868275721,0.008802090496492918,0.0,0.0010158681862642918,79510.0,129577.0,8196732.669899998,9544120.22,VAW,IYM,Materials
2016-06-29,4.610754564281992,4.313747793920587,100.56,74.72,0.018432,0.018678,0.0,0.0,0.01843224630342313,0.0186775732788004,0.0,-0.0002453269753772691,46516.0,99522.0,7053706.5404,9397432.349000001,VAW,IYM,Materials
2016-06-30,4.629179638448443,4.3299435548036564,102.43,75.94,0.018596,0.016328,-23046750.0,18985000.0,-0.0002143854558921778,0.05453542850702774,-42031750.0,-0.05474981396291992,123877.0,394140.0,7126272.1759,10587224.395,VAW,IYM,Materials
2016-07-01,4.632298853376344,4.332573750954351,102.75,76.14,0.003124,0.002634,0.0,0.0,0.003124084740798594,0.002633658151171978,0.0,0.0004904265896266162,115501.0,600544.0,7160718.653400001,12460197.047,VAW,IYM,Materials
2016-07-05,4.612642200826793,4.312408567793012,100.75,74.62,-0.019465,-0.019963,0.0,0.0,-0.019464720194647202,-0.01996322563698439,0.0,0.0004985054423371875,95618.0,345031.0,7282004.2074,13405070.587000001,VAW,IYM,Materials
2016-07-06,4.618185123065586,4.314550469548967,101.31,74.78,0.005558,0.002144,0.0,0.0,0.005558312655086849,0.0021441972661483694,0.0,0.003414115388938479,101309.0,351502.0,7486173.7469,14356975.3175,VAW,IYM,Materials
2016-07-07,4.621830626881199,4.31895370569792,101.68,75.11,0.003652,0.004413,0.0,0.0,0.0036521567466192874,0.004412944637603638,0.0,-0.0007607878909843503,60169.0,186389.0,7547105.7829,14604453.769,VAW,IYM,Materials
2016-07-08,4.647558952479878,4.345621952780082,104.33,77.14,0.026062,0.027027,0.0,0.0,0.02606215578284815,0.02702702702702703,0.0,-0.0009648712441788776,61603.0,248608.0,7551155.875400001,15330251.3745,VAW,IYM,Materials
2016-07-11,4.653007515402251,4.3511807545027805,104.9,77.57,0.005463,0.005574,0.0,0.0,0.005463433336528324,0.005574280528908366,0.0,-0.00011084719238004231,84607.0,214722.0,7741936.7574000005,15778468.7115,VAW,IYM,Materials
2016-07-12,4.670302280925873,4.37197629882038,106.73,79.2,0.017445,0.021013,0.0,0.0,0.01744518589132507,0.021013278329251112,0.0,-0.003568092437926041,130049.0,236028.0,8240790.4124,16490155.969,VAW,IYM,Materials
2016-07-13,4.674136390452814,4.37449836825309,107.14,79.4,0.003841,0.002525,0.0,0.0,0.003841469127705425,0.0025252525252525255,0.0,0.0013162166024528995,1163943.0,109743.0,14294410.2014,16572026.916000003,VAW,IYM,Materials
2016-07-14,4.681112189563248,4.3848975097655645,107.89,80.23,0.007,0.010453,0.0,0.0,0.007000186671644577,0.010453400503778338,0.0,-0.0034532138321337613,84193.0,197425.0,14566380.403900001,17162909.3465,VAW,IYM,Materials
2016-07-15,4.685920335673201,4.387884444158042,108.41,80.47,0.00482,0.002991,0.0,0.0,0.004819723792751877,0.0029913997257883583,0.0,0.0018283240669635186,226536.0,113433.0,15536458.6174,17265177.617000002,VAW,IYM,Materials
2016-07-18,4.690705474094354,4.393708139447719,108.93,80.94,0.004797,0.005841,0.0,0.0,0.004796605479199336,0.005840685969926681,0.0,-0.0010440804907273444,204055.0,49300.0,16363271.8154,17260396.832000002,VAW,IYM,Materials
2016-07-19,4.682408966328894,4.385645080196593,108.03,80.29,-0.008262,-0.008031,0.0,0.0,-0.008262186725419994,-0.008030639980232271,0.0,-0.00023154674518772317,54245.0,74888.0,16505841.43326,16454485.725,VAW,IYM,Materials
2016-07-20,4.684628107322807,4.385645080196593,108.27,80.29,0.002222,0.0,0.0,0.0,0.0022216051096917524,0.0,0.0,0.0022216051096917524,54908.0,150941.0,16594881.553760001,15824424.1945,VAW,IYM,Materials
2016-07-21,4.678792325858705,4.3815265096322,107.64,79.96,-0.005819,-0.00411,0.0,0.0,-0.005818786367414797,-0.004110100884294433,0.0,-0.0017086854831203637,46395.0,110243.0,15872596.078,16025334.444,VAW,IYM,Materials
2016-07-22,4.6799993266087405,4.382276603429089,107.77,80.02,0.001208,0.00075,0.0,0.0,0.0012077294685990338,0.0007503751875937969,0.0,0.00045735428100523686,60702.0,42042.0,15792949.711,15560233.308000002,VAW,IYM,Materials
2016-07-25,4.677397819984972,4.380525508547614,107.49,79.88,-0.002598,-0.00175,0.0,0.0,-0.0025981256379326344,-0.0017495626093476631,0.0,-0.0008485630285849713,68335.0,89684.0,15709939.367500002,15287459.5945,VAW,IYM,Materials
2016-07-26,4.6862892372728835,4.387635873438392,108.45,80.45,0.008931,0.007136,0.0,0.0,0.008931063354730673,0.007135703555332999,0.0,0.0017953597993976738,60443.0,65998.0,15504927.426999997,14680561.9695,VAW,IYM,Materials
2016-07-27,4.686934487790731,4.388381400311889,108.52,80.51,0.000645,0.000746,0.0,0.0,0.0006454587367450438,0.0007458048477315103,0.0,-0.00010034611098646651,71160.0,94029.0,15498500.717000002,14583852.061500002,VAW,IYM,Materials
2016-07-28,4.687487228477305,4.389002248410307,108.58,80.56,0.000553,0.000621,0.0,0.0,0.0005528934758569849,0.0006210408644888834,0.0,-6.814738863189843e-05,29958.0,47633.0,15427260.250999998,14403903.5935,VAW,IYM,Materials
2016-07-29,4.6827791653150745,4.384523514872469,108.07,80.2,-0.004697,-0.004469,148596250.0,52130000.0,0.1097391281820303,0.08931321330397364,96466250.0,0.02042591487805666,59929.0,126853.0,15116650.547,13416034.5435,VAW,IYM,Materials
2016-08-01,4.677676876774839,4.381026134340298,107.52,79.92,-0.005089,-0.003491,0.0,0.0,-0.005089293976126585,-0.003491271820448878,0.0,-0.001598022155677707,79603.0,159738.0,14951209.8875,11768076.583500002,VAW,IYM,Materials
2016-08-02,4.67292228803891,4.375757021660286,107.01,79.5,-0.004743,-0.005255,0.0,0.0,-0.004743303571428571,-0.005255255255255256,0.0,0.0005119516838266846,73267.0,568873.0,14861549.296,12742036.0975,VAW,IYM,Materials
2016-08-03,4.677397819984972,4.379774099620588,107.49,79.82,0.004486,0.004025,0.0,0.0,0.00448556209700028,0.004025157232704402,0.0,0.0004604048642958781,40306.0,66233.0,14564993.1535,11692106.022499999,VAW,IYM,Materials
2016-08-04,4.680926798387338,4.380775852772229,107.87,79.9,0.003535,0.001002,0.0,0.0,0.0035352125779142245,0.0010022550739163117,0.0,0.0025329575039979126,46907.0,79691.0,14512086.862,11310487.678,VAW,IYM,Materials
2016-08-05,4.684443366882599,4.384274107214361,108.25,80.18,0.003523,0.003504,0.0,0.0,0.003522758876425327,0.003504380475594493,0.0,1.8378400830833686e-05,51203.0,61506.0,14467871.05,10598184.176,VAW,IYM,Materials
2016-08-08,4.6872108963243,4.386765389021055,108.55,80.38,0.002771,0.002494,0.0,0.0,0.002771362586605081,0.002494387627837366,0.0,0.00027697495876771467,54104.0,43760.0,14317756.795000002,9941256.339,VAW,IYM,Materials
2016-08-09,4.683888940699482,4.383275854074314,108.19,80.1,-0.003316,-0.003483,0.0,0.0,-0.0033164440350069093,-0.0034834535954217467,0.0,0.00016700956041483745,44421.0,52110.0,13864045.706,9215286.009,VAW,IYM,Materials
2016-08-10,4.684443366882599,4.382151626862033,108.25,80.01,0.000555,-0.001124,0.0,0.0,0.000554579905721416,-0.0011235955056179776,0.0,0.0016781754113393936,36375.0,47287.0,7825682.7425,8968777.942499999,VAW,IYM,Materials
2016-08-11,4.688775769842889,4.386267628931136,108.72,80.34,0.004342,0.004124,0.0,0.0,0.0043418013856812935,0.004124484439445069,0.0,0.0002173169462362243,56219.0,42221.0,7677110.0879999995,8346409.312000001,VAW,IYM,Materials
2016-08-12,4.677397819984972,4.374120463102784,107.49,79.37,-0.011314,-0.012074,0.0,0.0,-0.01131346578366446,-0.012073686830968385,0.0,0.0007602210473039248,57670.0,50113.0,6759119.115,8088885.077000001,VAW,IYM,Materials
2016-08-15,4.688039663810386,4.386765389021055,108.64,80.38,0.010699,0.012725,0.0,0.0,0.010698669643687785,0.012725211036915712,0.0,-0.0020265413932279274,59620.0,57720.0,5971589.397499999,8121344.657000001,VAW,IYM,Materials
2016-08-16,4.6827791653150745,4.3815265096322,108.07,79.96,-0.005247,-0.005225,0.0,0.0,-0.005246686303387334,-0.0052251803931326205,0.0,-2.1505910254713406e-05,118933.0,54274.0,6321239.4955,8037694.233,VAW,IYM,Materials
2016-08-17,4.681853410759049,4.380275101635076,107.97,79.86,-0.000925,-0.001251,0.0,0.0,-0.0009253261774775608,-0.0012506253126563281,0.0,0.0003252991351787673,37934.0,52323.0,6228781.736500001,7640667.327499999,VAW,IYM,Materials
2016-08-18,4.689051669968793,4.388132953105642,108.75,80.49,0.007224,0.007889,0.0,0.0,0.007224228952486802,0.007888805409466567,0.0,-0.0006645764569797648,55106.0,102598.0,6278722.7215,7612821.464500001,VAW,IYM,Materials
2016-08-19,4.689970787680556,4.390366758948883,108.85,80.67,0.00092,0.002236,0.0,0.0,0.0009195402298850574,0.0022363026462914647,0.0,-0.0013167624164064072,30734.0,51488.0,6118899.7895,7652288.2705,VAW,IYM,Materials
2016-08-22,4.689695141057779,4.389870788696931,108.82,80.63,-0.000276,-0.000496,0.0,0.0,-0.0002756086357372531,-0.0004958472790380563,0.0,0.00022023864330080324,32530.0,57814.0,5928629.062000001,7527167.5155,VAW,IYM,Materials
2016-08-23,4.696654876110269,4.398146016553765,109.58,81.3,0.006984,0.00831,0.0,0.0,0.006984010292225694,0.008309562197693167,0.0,-0.001325551905467473,39247.0,49927.0,5815911.2075,7464643.8155000005,VAW,IYM,Materials
2016-08-24,4.683519152399068,4.384024637336554,108.15,80.16,-0.01305,-0.014022,0.0,0.0,-0.013049826610695382,-0.014022140221402213,0.0,0.0009723136107068313,49310.0,35357.0,5696440.8725,7227840.932000001,VAW,IYM,Materials
2016-08-25,4.689603241962921,4.388505600771591,108.81,80.52,0.006103,0.004491,0.0,0.0,0.006102635228848821,0.004491017964071856,0.0,0.0016116172647769652,34428.0,36525.0,5721104.4245,7183024.858,VAW,IYM,Materials
2016-08-26,4.6848128136402885,4.382776353564427,108.29,80.06,-0.004779,-0.005713,0.0,0.0,-0.0047789725209080045,-0.005712866368604074,0.0,0.0009338938476960695,56153.0,99486.0,5701318.4915000005,7072586.786,VAW,IYM,Materials
2016-08-29,4.694828057918627,4.394449154672439,109.38,81.0,0.010066,0.011741,0.0,0.0,0.010065564687413427,0.011741194104421683,0.0,-0.0016756294170082557,35338.0,26658.0,5466636.2855,6542238.638,VAW,IYM,Materials
2016-08-30,4.692081557977388,4.391234115424795,109.08,80.74,-0.002743,-0.00321,0.0,0.0,-0.0027427317608337905,-0.0032098765432098763,0.0,0.00046714478237608586,77616.0,69638.0,5497938.866,4562097.069,VAW,IYM,Materials
2016-08-31,4.684073783583557,4.3819016268607305,108.21,79.99,-0.007976,-0.009289,5410500.0,-3999499.9999999995,-0.00425589281592026,-0.015850075542949572,9410000.0,0.011594182727029313,49995.0,82811.0,5551812.2165,4628963.7605,VAW,IYM,Materials
2016-09-01,4.686750172980514,4.385520523928138,108.5,80.28,0.00268,0.003625,0.0,0.0,0.0026799741243877647,0.003625453181647706,0.0,-0.0009454790572599411,46882.0,119990.0,5553154.162,4792238.0755,VAW,IYM,Materials
2016-09-02,4.696198484335655,4.394078715698023,109.53,80.97,0.009493,0.008595,0.0,0.0,0.009493087557603686,0.0085949177877429,0.0,0.000898169769860787,263415.0,75629.0,6718610.172,4851844.527999999,VAW,IYM,Materials
2016-09-06,4.696289779355575,4.3945726038424,109.54,81.01,9.1e-05,0.000494,0.0,0.0,9.129918743723181e-05,0.0004940101272076078,0.0,-0.0004027109397703759,211688.0,44654.0,7584375.887999999,4856844.115,VAW,IYM,Materials
2016-09-07,4.695924549256556,4.393461012299545,109.5,80.92,-0.000365,-0.001111,0.0,0.0,-0.0003651634106262553,-0.00111097395383286,0.0,0.0007458105432066048,85694.0,66522.0,7813255.138499999,4917291.577,VAW,IYM,Materials
2016-09-08,4.689878913915045,4.388505600771591,108.84,80.52,-0.006027,-0.004943,0.0,0.0,-0.006027397260273973,-0.004943153732081068,0.0,-0.0010842435281929047,40812.0,60506.0,7838474.3549999995,4971717.089500001,VAW,IYM,Materials
2016-09-09,4.658426552288523,4.35696520407851,105.47,78.02,-0.030963,-0.031048,0.0,0.0,-0.030962881293642042,-0.031048186785891704,0.0,8.530549224966197e-05,95869.0,146425.0,8038433.0424999995,5373319.2575,VAW,IYM,Materials
2016-09-12,4.668989698701045,4.3657702121543585,106.59,78.71,0.010619,0.008844,0.0,0.0,0.010619133402863374,0.008843886183029993,0.0,0.0017752472198333813,83847.0,109216.0,8175348.214,5604265.385,VAW,IYM,Materials
2016-09-13,4.647654797594247,4.342635907068963,104.34,76.91,-0.021109,-0.022869,0.0,0.0,-0.021108922037714608,-0.02286875873459535,0.0,0.0017598366968807413,442731.0,145377.0,10161220.000999998,5931335.9585,VAW,IYM,Materials
2016-09-14,4.646216155424092,4.341855469984605,104.19,76.85,-0.001438,-0.00078,0.0,0.0,-0.001437607820586544,-0.0007801326225458328,0.0,-0.0006574751980407112,59939.0,76422.0,9830817.756,6008000.0415,VAW,IYM,Materials
2016-09-15,4.6531028397433944,4.347305781945493,104.91,77.27,0.00691,0.005465,0.0,0.0,0.006910452058738843,0.005465191932335719,0.0,0.0014452601264031235,56080.0,52638.0,9920198.697,6002441.2155,VAW,IYM,Materials
2016-09-16,4.649569773284776,4.3435456478556,104.54,76.98,-0.003527,-0.003753,0.0,0.0,-0.003526832523115051,-0.003753073637893102,0.0,0.00022624111477805107,63478.0,44161.0,9952359.328,5759511.253500001,VAW,IYM,Materials
2016-09-19,4.653674595047707,4.34756458111878,104.97,77.29,0.004113,0.004027,0.0,0.0,0.004113258083030419,0.004027020005196155,0.0,8.623807783426397e-05,52516.0,72461.0,10060719.759,5831859.9399999995,VAW,IYM,Materials
2016-09-20,4.646120172317046,4.344454561766125,104.18,77.05,-0.00262,-0.003105,0.0,0.0,-0.007525959798037535,-0.0031051882520377796,0.0,-0.004420771545999755,83845.0,76998.0,10320472.634,5895417.594,VAW,IYM,Materials
2016-09-21,4.662400819442363,4.362716386139382,105.89,78.47,0.016414,0.01843,0.0,0.0,0.016413899020925323,0.01842959117456197,0.0,-0.002015692153636648,69939.0,83487.0,10475730.3565,6020025.5835,VAW,IYM,Materials
2016-09-22,4.666641508076192,4.364753306003425,106.34,78.63,0.00425,0.002039,0.0,0.0,0.004249693077722164,0.0020389957945711737,0.0,0.0022106972831509907,56520.0,41620.0,10509603.3715,6041943.7575,VAW,IYM,Materials
2016-09-23,4.662117466429842,4.358374106008653,105.86,78.13,-0.004514,-0.006359,0.0,0.0,-0.00451382358472823,-0.006358896095637797,0.0,0.001845072510909567,166930.0,125453.0,11205858.327499999,6384976.251999999,VAW,IYM,Materials
2016-09-26,4.657383057435026,4.349761674086606,105.36,77.46,-0.004723,-0.004357,0.0,0.0,-0.004723219346306443,-0.008575451171125048,0.0,0.003852231824818605,66505.0,39384.0,11252166.249,6139268.025999999,VAW,IYM,Materials
2016-09-27,4.660604892876192,4.354141431184346,105.7,77.8,0.003227,0.004389,0.0,0.0,0.0032270311313591497,0.004389362251484637,0.0,-0.0011623311201254872,84253.0,26968.0,11504179.831999999,6136208.646,VAW,IYM,Materials
2016-09-28,4.6740430502744665,4.368688070234701,107.13,78.94,0.013529,0.014653,0.0,0.0,0.013528855250709555,0.014652956298200515,0.0,-0.0011241010474909597,71151.0,46992.0,11461982.499499999,6040557.464,VAW,IYM,Materials
2016-09-29,4.6654182663334485,4.361058328237685,106.21,78.34,-0.008588,-0.007601,0.0,0.0,-0.008587697190329506,-0.007600709399543958,0.0,-0.000986987790785548,65559.0,47947.0,11539635.6215,5897163.268499999,VAW,IYM,Materials
2016-09-30,4.672080891270718,4.369194655858504,106.92,78.98,0.006685,0.00817,27157680.0,-3949000.0,0.02578961831866888,0.00144838737128755,31106680.0,0.02434123094738133,79554.0,134746.0,11710596.455500001,5947635.3625,VAW,IYM,Materials
2016-10-03,4.669271111394615,4.367166771766858,106.62,78.82,-0.002806,-0.002026,0.0,0.0,-0.0028058361391694723,-0.002025829323879463,0.0,-0.0007800068152900093,522929.0,2333262.0,13055738.707,14836836.897999998,VAW,IYM,Materials
2016-10-04,4.653579325195778,4.35208275830081,104.96,77.64,-0.015569,-0.014971,0.0,0.0,-0.015569311573813544,-0.014970819588936818,0.0,-0.0005984919848767267,150106.0,536321.0,12684079.819,16737963.992999997,VAW,IYM,Materials
2016-10-05,4.660794089736088,4.361441201064773,105.72,78.37,0.007241,0.009402,0.0,0.0,0.007240853658536586,0.00940236991241628,0.0,-0.0021615162538796947,110454.0,162060.0,12798765.013,17103848.091,VAW,IYM,Materials
2016-10-06,4.66814498514948,4.368181227851829,106.5,78.9,0.007378,0.006763,0.0,0.0,0.0073779795686719635,0.006762791884649739,0.0,0.0006151876840222248,50018.0,157738.0,12843011.958999999,17482527.345,VAW,IYM,Materials
2016-10-07,4.651481088851342,4.351953950417589,104.74,77.63,-0.016526,-0.016096,0.0,0.0,-0.01652582159624413,-0.016096324461343473,0.0,-0.0004294971349006575,41511.0,118001.0,12554839.8945,17369344.3015,VAW,IYM,Materials
2016-10-10,4.6572881402501976,4.356580613342406,105.35,77.99,0.005824,0.004637,0.0,0.0,0.005823945006683215,0.004637382455236378,0.0,0.0011865625514468374,35305.0,69780.0,12293946.3955,17211631.8435,VAW,IYM,Materials
2016-10-11,4.642562305205154,4.3410744233424525,103.81,76.79,-0.014618,-0.015387,0.0,0.0,-0.014617940199335547,-0.015386588024105655,0.0,0.0007686478247701072,94982.0,122732.0,10477222.839499999,17123814.104,VAW,IYM,Materials
2016-10-12,4.642273273939594,4.339510497570803,103.78,76.67,-0.000289,-0.001563,0.0,0.0,-0.0002889895000481649,-0.0015627034770152363,0.0,0.0012737139769670714,60438.0,80634.0,10478583.401,17139273.008,VAW,IYM,Materials
2016-10-13,4.636281181013144,4.3329676843846965,103.16,76.17,-0.005974,-0.006521,0.0,0.0,-0.005974176141838505,-0.0065214555888874395,0.0,0.0005472794470489347,44940.0,90932.0,10416216.281,17282220.617,VAW,IYM,Materials
2016-10-14,4.639088404191552,4.333623895445714,103.45,76.22,0.002811,0.000656,0.0,0.0,0.002811167119038387,0.0006564264145989234,0.0,0.002154740704439464,49592.0,114543.0,10340931.395,17548768.301,VAW,IYM,Materials
2016-10-17,4.641116312761561,4.333098961050458,103.66,76.18,0.00203,-0.000525,0.0,0.0,0.002029966167230546,-0.0005247966413014956,0.0,0.0025547628085320416,54148.0,139325.0,10345950.253,17799431.6915,VAW,IYM,Materials
2016-10-18,4.651481088851342,4.345103280569283,104.74,77.1,0.010419,0.012077,0.0,0.0,0.010418676442214933,0.012076660540824364,0.0,-0.0016579840986094309,38767.0,57704.0,10112224.427000001,17725245.816499997,VAW,IYM,Materials
2016-10-19,4.65946895939547,4.353112624509239,105.58,77.72,0.00802,0.008042,0.0,0.0,0.008019858697727707,0.008041504539559013,0.0,-2.1645841831306745e-05,45862.0,84261.0,9984037.8895,17725122.817999996,VAW,IYM,Materials
2016-10-20,4.658331734102323,4.3556826593342794,105.46,77.92,-0.001137,0.002573,0.0,0.0,-0.0011365788975184693,0.0025733401955738548,0.0,-0.003709919093092324,41971.0,86292.0,9904834.1325,17897687.419999998,VAW,IYM,Materials
2016-10-21,4.657193214055243,4.353369925424077,105.34,77.74,-0.001138,-0.00231,0.0,0.0,-0.0011378721790252229,-0.0023100616016427105,0.0,0.0011721894226174876,26236.0,32751.0,9159458.6545,17534908.412499998,VAW,IYM,Materials
2016-10-24,4.659942421835071,4.355425952876702,105.63,77.9,0.002753,0.002058,0.0,0.0,0.00275299031706854,0.0020581425263699513,0.0,0.0006948477906985888,125221.0,64362.0,9470465.026,17633064.1705,VAW,IYM,Materials
2016-10-25,4.649092330074942,4.349761674086606,104.4901,77.46,-0.010791,-0.005648,0.0,0.0,-0.010791441825239076,-0.005648267008985879,0.0,-0.0051431748162531965,56604.0,59372.0,9320915.80202,17758106.4065,VAW,IYM,Materials
2016-10-26,4.6466959328165895,4.34795265434013,104.24,77.32,-0.002394,-0.001807,0.0,0.0,-0.002393528190708943,-0.0018073844564936742,0.0,-0.0005861437342152686,38528.0,50570.0,9140603.40652,17768132.6025,VAW,IYM,Materials
2016-10-27,4.64477544058045,4.347176357238135,104.04,77.26,-0.001919,-0.000776,0.0,0.0,-0.001918649270913277,-0.0007759958613554061,0.0,-0.001142653409557871,34221.0,44217.0,8970469.97902,17751134.474499997,VAW,IYM,Materials
2016-10-28,4.645448032486661,4.3489867805956814,104.11,77.4,0.000673,0.001812,0.0,0.0,0.0006728181468665898,0.0018120631633445508,0.0,-0.001139245016477961,38854.0,56073.0,8747428.792019999,17436025.0305,VAW,IYM,Materials
2016-10-31,4.6471754801331215,4.350019838538795,104.29,77.48,0.001729,0.001034,-41716000.0,-166582000.0,-0.027651582716166974,-0.28785529715762276,124866000.0,0.2602037144414558,43298.0,34366.0,6185471.71402,8373773.3725,VAW,IYM,Materials
2016-11-01,4.640826863196126,4.344454561766125,103.63,77.05,-0.006329,-0.00555,0.0,0.0,-0.006328507047655575,-0.00554981930820857,0.0,-0.0007786877394470055,124257.0,177193.0,6041553.071519999,6974411.283,VAW,IYM,Materials
2016-11-02,4.635117262356044,4.337813479997556,103.04,76.54,-0.005693,-0.006619,0.0,0.0,-0.0056933320467046225,-0.0066190785204411256,0.0,0.000925746473736503,165935.0,83903.0,6312590.347519999,6660475.954,VAW,IYM,Materials
2016-11-03,4.635990328327978,4.339510497570803,103.13,76.67,0.000873,0.001698,0.0,0.0,0.0008734472049689441,0.0016984583224456328,0.0,-0.0008250111174766887,53279.0,70001.0,6320977.66102,6306548.3774999995,VAW,IYM,Materials
2016-11-04,4.641309232603964,4.344583041507058,103.68,77.0599,0.005333,0.005085,0.0,0.0,0.005333074760011635,0.005085431068214425,0.0,0.0002476436917972103,40764.0,91384.0,6314905.13002,6200629.591080001,VAW,IYM,Materials
2016-11-07,4.6559526499239805,4.359269647551265,105.2094,78.2,0.014751,0.014795,0.0,0.0,0.014751157407407442,0.014794984161671635,0.0,-4.382675426419305e-05,77970.0,144428.0,6539094.88842,6493235.96108,VAW,IYM,Materials
2016-11-08,4.659658371272161,4.361441201064773,105.6,78.37,0.003713,0.002174,0.0,0.0,0.0037125960227888037,0.002173913043478261,0.0,0.0015386829793105428,53346.0,58578.0,6327757.697419999,6251544.3400799995,VAW,IYM,Materials
2016-11-09,4.685274430229753,4.384274107214361,108.34,80.18,0.025947,0.023096,0.0,0.0,0.025946969696969698,0.0230955722853134,0.0,0.002851397411656298,153996.0,213768.0,6848341.24742,6799429.81308,VAW,IYM,Materials
2016-11-10,4.69537645387424,4.393090207029862,109.44,80.89,0.010153,0.008855,0.0,0.0,0.010153221340225217,0.008855076078822507,0.0,0.001298145261402709,330103.0,570829.0,8422864.34342,8761833.18158,VAW,IYM,Materials
2016-11-11,4.687270774771072,4.383151002335591,108.5565,80.09,-0.008073,-0.00989,0.0,0.0,-0.008072916666666667,-0.009889974038818148,0.0,0.0018170573721514802,154086.0,818200.0,9002701.56637,11601791.708579998,VAW,IYM,Materials
2016-11-14,4.694462293466853,4.386516539946734,109.34,80.36,0.007217,0.003371,0.0,0.0,0.0072174397663889315,0.0033712073916843553,0.0,0.003846232374704576,131463.0,381036.0,9440760.70337,12602105.43158,VAW,IYM,Materials
2016-11-15,4.699297848712789,4.391110253406924,109.87,80.73,0.004847,0.004604,0.0,0.0,0.004847265410645693,0.004604280736684918,0.0,0.00024298467396077512,166135.0,169158.0,10150400.54687,13062462.77858,VAW,IYM,Materials
2016-11-16,4.6976582054232425,4.392224459650327,109.69,80.82,-0.001638,0.001115,0.0,0.0,-0.0016382998088650222,0.0011148272017835843,0.0,-0.0027531270106486063,98153.0,198004.0,10446615.17737,13535158.696579998,VAW,IYM,Materials
2016-11-17,4.698022803002708,4.391605609454205,109.73,80.77,0.000365,-0.000619,0.0,0.0,0.0003646640532409518,-0.0006186587478345554,0.0,0.0009833228010755072,172769.0,209534.0,11173199.21287,14045168.12358,VAW,IYM,Materials
2016-11-18,4.696413927208525,4.390614651860415,109.5536,80.69,-0.001608,-0.00099,0.0,0.0,-0.001607582247334399,-0.0009904667574594528,0.0,-0.0006171154898749463,67537.0,98438.0,11404960.27503,14315013.09758,VAW,IYM,Materials
2016-11-21,4.7086288943563215,4.405376883282097,110.9,81.89,0.01229,0.014872,0.0,0.0,0.012289874545428025,0.014871731317387532,0.0,-0.002581856771959507,85837.0,223167.0,11219571.72853,14978080.38908,VAW,IYM,Materials
2016-11-22,4.717873675901176,4.413767520457944,111.93,82.58,0.009288,0.008426,0.0,0.0,0.009287646528403968,0.008425937232873366,0.0,0.0008617092955306022,107191.0,159071.0,11523738.27901,15404936.79208,VAW,IYM,Materials
2016-11-23,4.721708002236043,4.416911036527384,112.36,82.84,0.003842,0.003148,0.0,0.0,0.003841686768516037,0.0031484620973601355,0.0,0.0006932246711559014,140648.0,113371.0,12113090.807009999,15679015.85408,VAW,IYM,Materials
2016-11-25,4.724196892409732,4.419442836059304,112.64,83.05,0.002492,0.002535,0.0,0.0,0.002491990032039872,0.002535007242877837,0.0,-4.301721083796494e-05,94193.0,37601.0,12465568.14101,15664343.735580001,VAW,IYM,Materials
2016-11-28,4.719123676063936,4.415340513703815,112.07,82.71,-0.00506,-0.004094,0.0,0.0,-0.005060369318181818,-0.0040939193257075405,0.0,-0.0009664499924742775,105822.0,77777.0,12856287.22101,15768988.009079998,VAW,IYM,Materials
2016-11-29,4.71992642328628,4.415944852877343,112.16,82.76,0.000803,0.000605,0.0,0.0,0.0008030695101275988,0.0006045218232379549,0.0,0.0001985476868896439,100798.0,131472.0,13195784.98401,16179885.26108,VAW,IYM,Materials
2016-11-30,4.727564794201697,4.42926798099632,113.02,83.87,0.007668,0.013412,53684500.0,142579000.0,0.043824296825009226,0.33846904438385145,-88894500.0,-0.29464474755884223,115873.0,408040.0,13206745.661510002,17208364.96858,VAW,IYM,Materials
2016-12-01,4.726502471155617,4.4286716424969255,112.9,83.82,-0.001062,-0.000596,0.0,0.0,-0.0010617589807113785,-0.0005961607249314415,0.0,-0.00046559825577993706,254182.0,988463.0,13786705.931510001,21029916.62058,VAW,IYM,Materials
2016-12-02,4.728183961883236,4.428074948165718,113.09,83.77,0.001683,-0.000597,0.0,0.0,0.001682905225863596,-0.0005965163445478406,0.0,0.0022794215704114366,192752.0,536385.0,14601888.95201,23008216.359580003,VAW,IYM,Materials
2016-12-05,4.73952623848717,4.4388794462666645,114.38,84.68,0.011407,0.010863,0.0,0.0,0.011406844106463879,0.01086307747403605,0.0,0.0005437666324278282,159053.0,157989.0,15300192.48301,23325039.6905,VAW,IYM,Materials
2016-12-06,4.7413605404383565,4.441120673981586,114.59,84.87,0.001836,0.002244,0.0,0.0,0.0018359853121175031,0.0022437411431270667,0.0,-0.00040775583100956356,166012.0,320162.0,15841199.39111,24118933.657500003,VAW,IYM,Materials
2016-12-07,4.754451888703846,4.454347296253507,116.1,86.0,0.013177,0.013314,0.0,0.0,0.01317741513221049,0.013314480970896665,0.0,-0.00013706583868617478,105960.0,139731.0,16174630.31111,24490239.0645,VAW,IYM,Materials
2016-12-08,4.762942869860633,4.462338536880549,117.09,86.69,0.008527,0.008023,0.0,0.0,0.008527131782945736,0.008023255813953488,0.0,0.0005038759689922484,367594.0,108727.0,17492513.052109998,24104520.334,VAW,IYM,Materials
2016-12-09,4.761233321619679,4.460953335227682,116.89,86.57,-0.001708,-0.001384,0.0,0.0,-0.0017080877957126996,-0.0013842427038874149,0.0,-0.0003238450918252847,156906.0,100867.0,16603226.55311,22232405.253,VAW,IYM,Materials
2016-12-12,4.754710253257667,4.456089962973938,116.13,86.15,-0.006502,-0.004852,0.0,0.0,-0.006501839336127984,-0.004851565207346656,0.0,-0.0016502741287813278,94027.0,69170.0,16312842.485659998,19253873.128,VAW,IYM,Materials
2016-12-13,4.752468873008971,4.453416630760555,115.87,85.92,-0.002239,-0.00267,0.0,0.0,-0.0022388702316369588,-0.002669762042948346,0.0,0.0004308918113113871,106901.0,74250.0,16213465.208160002,18041848.48,VAW,IYM,Materials
2016-12-14,4.736005447314845,4.441474093317302,113.978,84.9,-0.011565,-0.011872,0.0,0.0,-0.01632864417019073,-0.011871508379888268,0.0,-0.004457135790302462,80468.0,88617.0,15759381.670860002,17735221.378,VAW,IYM,Materials
2016-12-15,4.743017252680216,4.448399410038142,114.78,85.49,0.007036,0.006949,0.0,0.0,0.007036445629858393,0.006949352179034158,0.0,8.709345082423547e-05,140120.0,61957.0,16025210.22236,17199922.4105,VAW,IYM,Materials
2016-12-16,4.738126413236717,4.441709636835055,114.22,84.92,-0.004879,-0.006667,0.0,0.0,-0.004878898762850671,-0.006667446484969002,0.0,0.001788547722118331,87947.0,60635.0,15579578.420860002,16611175.561500002,VAW,IYM,Materials
2016-12-19,4.737425765108562,4.441356300749876,114.14,84.89,-0.0007,-0.000353,0.0,0.0,-0.0007004027315706532,-0.0003532736693358455,0.0,-0.00034712906223480764,92995.0,51041.0,15740354.811700001,16430670.975,VAW,IYM,Materials
2016-12-20,4.740138046398576,4.443356889825488,114.45,85.06,0.002716,0.002003,0.0,0.0,0.002715962852637112,0.0020025915891153257,0.0,0.0007133712635217864,104671.0,70854.0,15863368.4442,15818255.7555,VAW,IYM,Materials
2016-12-21,4.740487482935721,4.438170645291922,114.49,84.62,0.00035,-0.00089,0.0,0.0,0.00034949759720401925,-0.005172819186456619,0.0,0.005522316783660638,123297.0,107056.0,15969287.689200003,15614405.532499999,VAW,IYM,Materials
2016-12-22,4.7331235502985525,4.431887653844806,113.65,84.09,-0.007337,-0.006263,0.0,0.0,-0.007336885317494978,-0.006263294729378398,0.0,-0.0010735905881165799,151520.0,135268.0,16040139.6252,15713557.1565,VAW,IYM,Materials
2016-12-23,4.735932623592529,4.434025929784262,113.9697,84.27,0.002813,0.002141,0.0,0.0,0.0028130224373076147,0.0021405636817695326,0.0,0.0006724587555380821,63939.0,70619.0,15874000.081615001,15854972.1605,VAW,IYM,Materials
2016-12-27,4.7410987032123355,4.438643235092778,114.56,84.66,0.005179,0.004628,0.0,0.0,0.0051794468178822045,0.004627981488074048,0.0,0.0005514653298081566,90337.0,111572.0,15798476.840614999,16005609.653000003,VAW,IYM,Materials
2016-12-28,4.730480376953538,4.428074948165718,113.35,83.77,-0.010562,-0.010513,0.0,0.0,-0.010562150837988827,-0.010512638790455942,0.0,-4.9512047532885434e-05,77581.0,51352.0,15672891.974115003,15676666.368999999,VAW,IYM,Materials
2016-12-29,4.730656806029507,4.4286716424969255,113.37,83.82,0.000176,0.000597,0.0,0.0,0.000176444640494045,0.0005968723886832995,0.0,-0.00042042774818925455,44352.0,62203.0,15269502.963115001,14226243.401999999,VAW,IYM,Materials
2016-12-30,4.722419746038331,4.420766462989812,112.44,83.16,-0.008203,-0.007874,129306000.0,145530000.0,0.07497086099153541,0.24015748031496062,-16224000.0,-0.1651866193234252,91003.0,106565.0,14346264.439114999,10526692.239,VAW,IYM,Materials
2017-01-03,4.730480376953538,4.426760966014053,113.35,83.66,0.008093,0.006013,0.0,0.0,0.008093205265030238,0.006012506012506013,0.0,0.0020806992525242256,337623.0,2024702.0,15169826.607615,16749372.132499998,VAW,IYM,Materials
2017-01-04,4.747363951691266,4.443709519861466,115.28,85.09,0.017027,0.017093,0.0,0.0,0.01702690780767534,0.017092995457805404,0.0,-6.608765013006376e-05,166707.0,272082.0,15221101.648615003,17238019.575500004,VAW,IYM,Materials
2017-01-05,4.74371399543615,4.4405313640464446,114.86,84.82,-0.003643,-0.003173,0.0,0.0,-0.0036433032616238724,-0.003173110823833748,0.0,-0.0004701924377901244,118451.0,88676.0,14950199.987614999,16255487.044500003,VAW,IYM,Materials
2017-01-06,4.741447804280639,4.43970574626056,114.6,84.75,-0.002264,-0.000825,0.0,0.0,-0.0022636252829531605,-0.0008252770572976467,0.0,-0.0014383482256555137,95655.0,103851.0,14883205.337614998,16094712.356999999,VAW,IYM,Materials
2017-01-09,4.738914056037687,4.438525108579144,114.31,84.65,-0.002531,-0.00118,0.0,0.0,-0.002530541012216405,-0.0011799410029498525,0.0,-0.0013506000092665523,94919.0,938850.0,13273635.809115,19597117.800499998,VAW,IYM,Materials
2017-01-10,4.743975148865274,4.441591872011272,114.89,84.91,0.005074,0.003072,0.0,0.0,0.005073921791619281,0.0030714707619610157,0.0,0.002002451029658265,68719.0,113094.0,12751354.987615,19640655.567999996,VAW,IYM,Materials
2017-01-11,4.751864565138895,4.4499189007168,115.8,85.62,0.007921,0.008362,0.0,0.0,0.007920619723213508,0.008361794841596985,0.0,-0.0004411751183834769,85763.0,68166.0,12701954.982115,19634524.439,VAW,IYM,Materials
2017-01-12,4.748144354939198,4.446877606993498,115.37,85.36,-0.003713,-0.003037,0.0,0.0,-0.0037132987910189984,-0.003036673674375146,0.0,-0.0006766251166438523,72010.0,85139.0,12498013.723615,19678919.691,VAW,IYM,Materials
2017-01-13,4.748057673536639,4.446057214331018,115.36,85.29,-8.7e-05,-0.00082,0.0,0.0,-8.667764583513912e-05,-0.0008200562324273664,0.0,0.0007333785865922273,61342.0,50807.0,12393255.294415,19519406.9775,VAW,IYM,Materials
2017-01-17,4.742407204293176,4.440649253819643,114.71,84.83,-0.005635,-0.005393,0.0,0.0,-0.005634535367545076,-0.005393363817563606,0.0,-0.00024117154998147018,99207.0,54485.0,12158108.362915,19485669.9085,VAW,IYM,Materials
2017-01-18,4.75022245768723,4.448282430450947,115.61,85.48,0.007846,0.007662,0.0,0.0,0.007845872199459506,0.007662383590710834,0.0,0.00018348860874867288,92170.0,61747.0,12188631.730915,19492120.376500003,VAW,IYM,Materials
2017-01-19,4.741971227480237,4.440767129696482,114.66,84.84,-0.008217,-0.007487,0.0,0.0,-0.008217282242020587,-0.007487131492746842,0.0,-0.0007301507492737452,57085.0,1809174.0,11985177.570915,26949992.96,VAW,IYM,Materials
2017-01-20,4.749789875598035,4.448984102798763,115.56,85.54,0.007849,0.008251,0.0,0.0,0.007849293563579277,0.00825082508250825,0.0,-0.0004015315189289728,56586.0,116315.0,11713151.681415,27146130.153000005,VAW,IYM,Materials
2017-01-23,4.753159063701541,4.4505027059759525,115.95,85.67,0.003375,0.00152,0.0,0.0,0.0033748701973001036,0.001519756838905775,0.0,0.0018551133583943286,293883.0,128275.0,12711124.697415,27242642.179500002,VAW,IYM,Materials
2017-01-24,4.778030458992533,4.478812997111569,118.87,88.13,0.025183,0.028715,0.0,0.0,0.025183268650280293,0.028714835998599277,0.0,-0.003531567348318984,195990.0,313787.0,13014978.862415,28056610.288999997,VAW,IYM,Materials
2017-01-25,4.784320051616411,4.481193006168381,119.62,88.34,0.006309,0.002383,0.0,0.0,0.0063094136451585766,0.0023828435266084196,0.0,0.0039265701185501566,2105975.0,605822.0,25246459.905,30434972.9065,VAW,IYM,Materials
2017-01-26,4.785239207728752,4.482437420605795,119.73,88.45,0.00092,0.001245,0.0,0.0,0.000919578665774954,0.0012451890423364274,0.0,-0.00032561037656147335,195962.0,167536.0,25902136.082000002,30703616.590499997,VAW,IYM,Materials
2017-01-27,4.783297961160257,4.4796069630127455,119.4978,88.2,-0.001939,-0.002826,0.0,0.0,-0.0019393635680281436,-0.002826455624646693,0.0,0.0008870920566185496,98533.0,511006.0,26051169.600870002,32742065.1985,VAW,IYM,Materials
2017-01-30,4.771870361879089,4.468777561082536,118.14,87.25,-0.011363,-0.010771,0.0,0.0,-0.011362552281297148,-0.010770975056689343,0.0,-0.0005915772246078057,173377.0,197027.0,26823898.22787,33340902.713,VAW,IYM,Materials
2017-01-31,4.768563732896527,4.464873100449369,117.75,86.91,-0.003301,-0.003897,197231250.0,130365000.0,0.10902275999925783,0.16686369218174377,66866250.0,-0.05784093218248594,147093.0,523666.0,27178289.399370003,35173396.046000004,VAW,IYM,Materials
2017-02-01,4.773139236557646,4.469923036580066,118.29,87.35,0.004586,0.005063,0.0,0.0,0.0045859872611464965,0.005062708549073754,0.0,-0.0004767212879272578,334554.0,1728332.0,27243530.67987,34252557.589999996,VAW,IYM,Materials
2017-02-02,4.771108263531522,4.469121341524815,118.05,87.28,-0.002029,-0.000801,0.0,0.0,-0.002028911995942176,-0.0008013737836290784,0.0,-0.0012275382123130975,150484.0,1201986.0,27170863.34187,38340451.625,VAW,IYM,Materials
2017-02-03,4.7730546949842765,4.471638793363569,118.28,87.5,0.001948,0.002521,0.0,0.0,0.0019483269800931809,0.0025206232813932174,0.0,-0.0005722963013000365,113679.0,216613.0,27162896.85487,38912058.58400001,VAW,IYM,Materials
2017-02-06,4.771701056875722,4.470724089435168,118.12,87.42,-0.001353,-0.000914,0.0,0.0,-0.0013527223537368955,-0.0009142857142857143,0.0,-0.0004384366394511812,111789.0,245381.0,27275019.53887,39544550.322500005,VAW,IYM,Materials
2017-02-07,4.764052511048283,4.4629151384072205,117.22,86.74,-0.007619,-0.007779,0.0,0.0,-0.0076193701320690825,-0.007778540379775795,0.0,0.00015917024770671206,155303.0,448053.0,27642740.87737,37514073.55850001,VAW,IYM,Materials
2017-02-08,4.7664383335842135,4.464297627106676,117.5,86.86,0.002389,0.001383,0.0,0.0,0.0023886708752772563,0.001383444777495965,0.0,0.0010052260977812914,92374.0,232456.0,27790681.83187,38043489.3895,VAW,IYM,Materials
2017-02-09,4.768903377970693,4.469121341524815,117.79,87.28,0.002468,0.004835,0.0,0.0,0.002468085106382979,0.004835367257655998,0.0,-0.0023672821512730194,108224.0,311054.0,27931499.309870005,39109110.3995,VAW,IYM,Materials
2017-02-10,4.777188849786149,4.47745044438572,118.77,88.01,0.00832,0.008364,0.0,0.0,0.008319891332031582,0.008363886342804766,0.0,-4.3995010773184226e-05,97918.0,278345.0,28097595.667870004,39970594.32,VAW,IYM,Materials
2017-02-13,4.785740209743239,4.487399650253583,119.79,88.89,0.008588,0.009999,0.0,0.0,0.008588027279616064,0.009998863765481196,0.0,-0.0014108364858651315,138538.0,411325.0,28573548.36287,41582061.83099999,VAW,IYM,Materials
2017-02-14,4.785907154651808,4.487512142519859,119.81,88.9,0.000167,0.000113,0.0,0.0,0.00016695884464479506,0.0001124985937675779,0.0,5.446025087721716e-05,131454.0,730489.0,28792021.801370002,44597987.3085,VAW,IYM,Materials
2017-02-15,4.786741461391342,4.48796198508255,119.91,88.94,0.000835,0.00045,0.0,0.0,0.0008346548702111677,0.0004499437570303712,0.0,0.0003847111131807965,106664.0,150585.0,28898737.128370006,45003732.1255,VAW,IYM,Materials
2017-02-16,4.785907154651808,4.486949554600661,119.81,88.85,-0.000834,-0.001012,0.0,0.0,-0.0008339588024351598,-0.0010119181470654374,0.0,0.00017795934463027765,98173.0,61856.0,29159574.179870002,37604011.2975,VAW,IYM,Materials
2017-02-17,4.7829815873041595,4.486386649998124,119.46,88.8,-0.002921,-0.000563,0.0,0.0,-0.002921292045739087,-0.0005627462014631402,0.0,-0.0023585458442759465,81167.0,65072.0,29317430.762870003,37395451.7225,VAW,IYM,Materials
2017-02-21,4.79015486020153,4.491777498633001,120.32,89.28,0.007199,0.005405,0.0,0.0,0.007199062447681232,0.005405405405405406,0.0,0.0017936570422758267,495749.0,93819.0,30596070.054370005,37264793.776,VAW,IYM,Materials
2017-02-22,4.78957290898587,4.494350350882848,120.25,89.51,-0.000582,0.002576,0.0,0.0,-0.000581781914893617,0.0025761648745519714,0.0,-0.0031579467894455883,121471.0,107886.0,30161547.87687,36364935.1535,VAW,IYM,Materials
2017-02-23,4.780467127845082,4.485147143388361,119.16,88.69,-0.009064,-0.009161,0.0,0.0,-0.009064449064449065,-0.009160987599150933,0.0,9.653853470186803e-05,88698.0,78382.0,18094174.085869998,34036604.3585,VAW,IYM,Materials
2017-02-24,4.780718858494617,4.485936098064394,119.19,88.76,0.000252,0.000789,0.0,0.0,0.00025176233635448137,0.0007892659826361484,0.0,-0.000537503646281667,94264.0,47598.0,17482813.88087,33506916.3225,VAW,IYM,Materials
2017-02-27,4.779795536147575,4.482211278587644,119.08,88.43,-0.000923,-0.003718,0.0,0.0,-0.0009228962161255138,-0.0037178909418655744,0.0,0.0027949947257400604,77215.0,1730807.0,17353828.1545,38906143.013,VAW,IYM,Materials
2017-02-28,4.779039455967062,4.482550472440181,118.99,88.46,-0.000756,0.000339,62469750.0,-145959000.0,0.030965284783208938,-0.16069096956942666,208428750.0,0.1916562543526356,94454.0,77263.0,16891644.2885,38388346.9745,VAW,IYM,Materials
2017-03-01,4.798843731118271,4.501585869731521,121.37,90.16,0.020002,0.019218,0.0,0.0,0.02000168081351374,0.019217725525661315,0.0,0.0007839552878524253,161788.0,200981.0,17007444.729000002,37018778.7195,VAW,IYM,Materials
2017-03-02,4.785489740111373,4.487737089095996,119.76,88.92,-0.013265,-0.013753,0.0,0.0,-0.013265222048282113,-0.013753327417923691,0.0,0.0004881053696415786,86421.0,177368.0,15546214.044,30258866.8375,VAW,IYM,Materials
2017-03-03,4.786574655719562,4.489198009735671,119.89,89.05,0.001085,0.001462,0.0,0.0,0.0010855043420173681,0.0014619883040935672,0.0,-0.00037648396207619903,73468.0,54149.0,15098386.16,25254498.356000002,VAW,IYM,Materials
2017-03-06,4.7789554117597595,4.483906098495052,118.98,88.58,-0.00759,-0.005278,0.0,0.0,-0.007590291100175161,-0.00527793374508703,0.0,-0.002312357355088131,83939.0,344438.0,14925441.665000001,25832332.383,VAW,IYM,Materials
2017-03-07,4.771108263531522,4.478359019121704,118.05,88.09,-0.007816,-0.005532,0.0,0.0,-0.007816439737771054,-0.00553172273650937,0.0,-0.002284717001261684,89692.0,104753.0,14794622.860999998,25221156.620500002,VAW,IYM,Materials
2017-03-08,4.771108263531522,4.478926459413841,118.05,88.14,0.0,0.000568,0.0,0.0,0.0,0.0005676013168350551,0.0,-0.0005676013168350551,87660.0,80119.0,14401805.128,23631035.192500003,VAW,IYM,Materials
2017-03-09,4.7660127111049215,4.4744918623459755,117.45,87.75,-0.005083,-0.004425,0.0,0.0,-0.005082592121982211,-0.004424778761061947,0.0,-0.0006578133609202643,392748.0,108435.0,16165520.508000001,23097237.347,VAW,IYM,Materials
2017-03-10,4.770684624465665,4.4785860338786385,118.0,88.11,0.004683,0.004103,0.0,0.0,0.004682843763303533,0.0041025641025641026,0.0,0.0005802796607394306,117576.0,99822.0,16221833.66,22179563.512000002,VAW,IYM,Materials
2017-03-13,4.775419161547776,4.483454427303995,118.56,88.54,0.004746,0.00488,0.0,0.0,0.0047457627118644066,0.0048802633072295995,0.0,-0.00013450059536519298,79828.0,56323.0,16113568.001000002,21204048.260500003,VAW,IYM,Materials
2017-03-14,4.768478803600115,4.47551697776122,117.74,87.84,-0.006916,-0.007906,0.0,0.0,-0.006916329284750338,-0.00790603117235148,0.0,0.0009897018876011418,77559.0,45292.0,15740384.483,19574836.762000002,VAW,IYM,Materials
2017-03-15,4.785823685681349,4.494126887194767,119.8,89.49,0.017496,0.018784,0.0,0.0,0.017496178019364702,0.01878415300546448,0.0,-0.001287974986099779,78020.0,76997.0,15420249.095999997,16672336.233500004,VAW,IYM,Materials
2017-03-16,4.78088664372991,4.48796198508255,119.21,88.94,-0.004925,-0.006146,0.0,0.0,-0.004924874791318865,-0.006145938093641748,0.0,0.0012210633023228834,51241.0,129438.0,15086167.0645,16578295.524500001,VAW,IYM,Materials
2017-03-17,4.786074071694426,4.494015136621929,119.83,89.48,0.005201,0.006072,0.0,0.0,0.005200905964264743,0.006071508882392624,0.0,-0.0008706029181278808,73976.0,89722.0,14941288.911999997,16704916.472500002,VAW,IYM,Materials
2017-03-20,4.788532034823929,4.496948915604038,120.1249,89.7429,0.002461,0.002938,0.0,0.0,0.0024609863973963347,0.002938086723290121,0.0,-0.0004771003258937862,48633.0,61628.0,14748580.134085,16692530.564560002,VAW,IYM,Materials
2017-03-21,4.768393867090105,4.476654763752664,117.73,87.94,-0.019937,-0.02009,0.0,0.0,-0.0199367491669088,-0.020089611545871595,0.0,0.0001528623789627953,73857.0,86467.0,12200913.380585,16653917.947560001,VAW,IYM,Materials
2017-03-22,4.77144704561319,4.479493577900089,118.09,88.19,0.003058,0.002843,0.0,0.0,0.0030578442198250233,0.002842847395951785,0.0,0.00021499682387323815,278559.0,105049.0,13115320.608585,16634287.72006,VAW,IYM,Materials
2017-03-23,4.775840800041184,4.484018984423941,118.61,88.59,0.004403,0.004536,0.0,0.0,0.004403421119485138,0.004535661639641682,0.0,-0.0001322405201565442,61715.0,76321.0,12952858.732085,16624766.610560004,VAW,IYM,Materials
2017-03-24,4.761489940243045,4.472438473534133,116.92,87.57,-0.010008,-0.008793,0.0,0.0,-0.014248377033976899,-0.011513714866237725,0.0,-0.002734662167739174,118263.0,103730.0,13082457.922085,16867708.49156,VAW,IYM,Materials
2017-03-27,4.764052511048283,4.4760860325765535,117.22,87.89,0.002566,0.003654,0.0,0.0,0.002565856996236743,0.003654219481557611,0.0,-0.001088362485320868,129801.0,389511.0,13383483.473085001,10926651.43056,VAW,IYM,Materials
2017-03-28,4.775250456359692,4.489198009735671,118.54,89.05,0.011261,0.013198,0.0,0.0,0.011260876983449923,0.013198316076914325,0.0,-0.001937439093464402,71133.0,299851.0,13243134.691085,11920003.75906,VAW,IYM,Materials
2017-03-29,4.775503503469979,4.488861063587708,118.57,89.02,0.000253,-0.000337,0.0,0.0,0.00025307912940779483,-0.0003368893879842785,0.0,0.0005899685173920734,50035.0,55933.0,12557956.710585002,11262939.194060002,VAW,IYM,Materials
2017-03-30,4.778030458992533,4.49121730591206,118.87,89.23,0.00253,0.002359,0.0,0.0,0.0025301509656742854,0.002359020444843855,0.0,0.00017113052083043024,50855.0,39968.0,12342724.455085,10652678.29806,VAW,IYM,Materials
2017-03-31,4.778619164278448,4.49020816751841,118.94,89.14,0.000589,-0.001009,-50549500.0,-22285000.0,-0.024333484014458544,-0.030049076204947237,-28264500.0,0.005715592190488693,54699.0,78360.0,12227615.482085,10760830.39556,VAW,IYM,Materials
2017-04-03,4.773561837248548,4.486386649998124,118.34,88.8,-0.005045,-0.003814,0.0,0.0,-0.005044560282495376,-0.003814224814897913,0.0,-0.0012303354675974629,238994.0,3538716.0,13142389.869085,24947213.53356,VAW,IYM,Materials
2017-04-04,4.777273042587714,4.490544660146788,118.78,89.17,0.003718,0.004167,0.0,0.0,0.003718100388710495,0.004166666666666667,0.0,-0.0004485662779561716,115189.0,486220.0,13297090.310085,26653640.815059997,VAW,IYM,Materials
2017-04-05,4.773561837248548,4.487512142519859,118.34,88.9,-0.003704,-0.003028,0.0,0.0,-0.0037043273278329686,-0.003027924189749916,0.0,-0.0006764031380830527,133021.0,315124.0,13566762.417085001,27701282.56206,VAW,IYM,Materials
2017-04-06,4.778787302151899,4.491777498633001,118.96,89.28,0.005239,0.004274,0.0,0.0,0.005239141456819334,0.0042744656917885265,0.0,0.0009646757650308077,68396.0,121062.0,11667169.195085,27765944.767559998,VAW,IYM,Materials
2017-04-07,4.78004743589281,4.492337377713747,119.11,89.33,0.001261,0.00056,0.0,0.0,0.0012609280430396772,0.0005600358422939068,0.0,0.0007008922007457704,92795.0,128586.0,11526111.417585,27900508.315560002,VAW,IYM,Materials
2017-04-10,4.779627567725244,4.492673154760945,119.06,89.36,-0.00042,0.000336,0.0,0.0,-0.00041978003526152295,0.0003358334266203963,0.0,-0.0007556134618819192,63700.0,189663.0,11432097.133585,28498580.678559996,VAW,IYM,Materials
2017-04-11,4.7805510451027144,4.492673154760945,119.17,89.36,0.000924,0.0,0.0,0.0,0.0009239039139929447,0.0,0.0,0.0009239039139929447,47032.0,125536.0,11255747.472585,28860553.06256,VAW,IYM,Materials
2017-04-12,4.76575725063604,4.476313563863087,117.42,87.91,-0.014685,-0.016227,0.0,0.0,-0.014684903918771502,-0.016226499552372427,0.0,0.001541595633600925,68847.0,132917.0,11192608.409585001,29100266.659560002,VAW,IYM,Materials
2017-04-13,4.754968551076486,4.464527856185625,116.16,86.88,-0.010731,-0.011717,0.0,0.0,-0.010730710270822688,-0.011716528267546353,0.0,0.0009858179967236654,68905.0,158204.0,11287386.669085,29211894.04956,VAW,IYM,Materials
2017-04-17,4.761405263377185,4.471410195808567,116.9101,87.48,0.006457,0.006906,0.0,0.0,0.006457472451790609,0.006906077348066298,0.0,-0.0004486048962756891,67777.0,93993.0,11240350.25747,29221603.203560002,VAW,IYM,Materials
2017-04-18,4.761489940243045,4.469694046425642,116.92,87.33,8.5e-05,-0.001715,0.0,0.0,8.468045104745326e-05,-0.0017146776406035665,0.0,0.0017993580916510197,51763.0,76670.0,11250855.042385,29279848.986500002,VAW,IYM,Materials
2017-04-19,4.761831996001468,4.467516020689296,116.96,87.14,0.000342,-0.002176,0.0,0.0,0.00034211426616489907,-0.0021756555593724952,0.0,0.002517769825537394,43765.0,157595.0,11072033.531885002,29586295.002499998,VAW,IYM,Materials
2017-04-20,4.7748285688286485,4.4796069630127455,118.49,88.2,0.013081,0.012164,0.0,0.0,0.01308139534883721,0.012164333256828093,0.0,0.0009170620920091171,58682.0,116782.0,9774943.425385,29638090.057,VAW,IYM,Materials
2017-04-21,4.77423762710363,4.478131952817368,118.42,88.07,-0.000591,-0.001474,0.0,0.0,-0.0005907671533462739,-0.0014739229024943311,0.0,0.0008831557491480572,55051.0,93924.0,9734899.588885,29713620.5215,VAW,IYM,Materials
2017-04-24,4.78690823924363,4.492449315923973,119.93,89.34,0.012751,0.01442,0.0,0.0,0.012751224455328492,0.014420347450891336,0.0,-0.0016691229955628443,48843.0,164182.0,9336421.140384998,29992839.710500002,VAW,IYM,Materials
2017-04-25,4.800901429691963,4.5094299137072555,121.62,90.87,0.014092,0.017126,0.0,0.0,0.01409155340615359,0.01712558764271323,0.0,-0.0030340342365596414,115910.0,161691.0,9280506.189385,29015776.679499995,VAW,IYM,Materials
2017-04-26,4.799831954866651,4.506012614454873,121.49,90.56,-0.001069,-0.003412,0.0,0.0,-0.0010689031409307679,-0.0034114669307802356,0.0,0.0023425637898494677,94596.0,118692.0,9433524.300385,28218127.477999996,VAW,IYM,Materials
2017-04-27,4.797029447262535,4.500809170663349,121.15,90.09,-0.002799,-0.00519,0.0,0.0,-0.0027985842456169233,-0.005189929328621908,0.0,0.0023913450830049844,100223.0,104492.0,9743992.625385,28439853.909,VAW,IYM,Materials
2017-04-28,4.789489745444719,4.492001487882454,120.24,89.3,-0.007511,-0.008769,6012000.0,214320000.0,-0.004528753550204577,0.27613570727343184,-208308000.0,-0.28066446082363644,63729.0,107042.0,9824874.680884998,28739479.207000006,VAW,IYM,Materials
2017-05-01,4.789157022101107,4.49121730591206,120.2,89.23,-0.000333,-0.000784,0.0,0.0,-0.00033266799733865603,-0.0007838745800671892,0.0,0.0004512065827285332,58223.0,189183.0,9849499.957885,29234268.641499996,VAW,IYM,Materials
2017-05-02,4.788574489733284,4.487737089095996,120.13,88.92,-0.000582,-0.003474,0.0,0.0,-0.0005823627287853577,-0.003474167880757593,0.0,0.002891805151972235,69450.0,130832.0,8852523.884885002,14104048.673499998,VAW,IYM,Materials
2017-05-03,4.777525578470196,4.4744918623459755,118.81,87.75,-0.010988,-0.013158,0.0,0.0,-0.010988096229085158,-0.013157894736842105,0.0,0.0021697985077569464,87527.0,117795.0,8688370.557385,12453062.366,VAW,IYM,Materials
2017-05-04,4.778198695870453,4.474377895738068,118.89,87.74,0.000673,-0.000114,0.0,0.0,0.0006733439946132481,-0.00011396011396011396,0.0,0.0007873041085733621,93167.0,326507.0,8455116.531885002,12484722.395,VAW,IYM,Materials
2017-05-05,4.791151703613533,4.490095978142626,120.44,89.13,0.013037,0.015842,0.0,0.0,0.013037261334006225,0.01584226122635058,0.0,-0.0028049998923443554,45599.0,178902.0,8322894.301885001,12741578.39,VAW,IYM,Materials
2017-05-08,4.782646691118846,4.480400299032142,119.42,88.27,-0.008469,-0.009649,0.0,0.0,-0.00846894719362338,-0.009648827555256367,0.0,0.001179880361632987,48231.0,62113.0,8058240.980385,12441384.746499998,VAW,IYM,Materials
2017-05-09,4.7770204429147505,4.474377895738068,118.75,87.74,-0.00561,-0.006004,0.0,0.0,-0.005610450510802211,-0.006004304973377139,0.0,0.0003938544625749279,95690.0,110556.0,8247194.255384999,12078979.6345,VAW,IYM,Materials
2017-05-10,4.782479200958502,4.478245492414424,119.4,88.08,0.005474,0.003875,0.0,0.0,0.0054736842105263155,0.0038750854798267607,0.0,0.0015985987306995548,52512.0,81621.0,8280450.723385001,11877543.6705,VAW,IYM,Materials
2017-05-11,4.779795536147575,4.475744638547633,119.08,87.86,-0.00268,-0.002498,0.0,0.0,-0.002680067001675042,-0.002497729336966394,0.0,-0.0001823376647086478,41007.0,48677.0,8120405.664385,11507145.058,VAW,IYM,Materials
2017-05-12,4.777441406928545,4.475744638547633,118.8,87.86,-0.002351,0.0,0.0,0.0,-0.0023513604299630502,0.0,0.0,-0.0023513604299630502,40612.0,104984.0,7961440.704385,11281101.594,VAW,IYM,Materials
2017-05-15,4.786741461391342,4.484470400750307,119.91,88.63,0.009343,0.008764,0.0,0.0,0.009343434343434343,0.008763942636011837,0.0,0.0005794917074225057,60535.0,55031.0,7928187.5045,11113846.0885,VAW,IYM,Materials
2017-05-16,4.788324729085938,4.485936098064394,120.1,88.76,0.001584,0.001467,0.0,0.0,0.0015845217246268034,0.0014667719733724473,0.0,0.00011774975125435614,47068.0,52373.0,7908224.3465,11011497.9075,VAW,IYM,Materials
2017-05-17,4.76703390087965,4.464182492687114,117.57,86.85,-0.021066,-0.021519,0.0,0.0,-0.02106577851790175,-0.021518702118071328,0.0,0.00045292360016957814,75989.0,122854.0,8098987.9629999995,10858349.9875,VAW,IYM,Materials
2017-05-18,4.765331338112032,4.4638370098714475,117.37,86.82,-0.001701,-0.000345,0.0,0.0,-0.0017011142298205325,-0.00034542314335060453,0.0,-0.001355691086469928,71154.0,152564.0,8168893.703,11005621.691499999,VAW,IYM,Materials
2017-05-19,4.774406503233391,4.474605815966975,118.44,87.76,0.009116,0.010827,0.0,0.0,0.009116469285166568,0.010826998387468454,0.0,-0.0017105291023018863,110346.0,284543.0,8496405.743999999,11840602.041499998,VAW,IYM,Materials
2017-05-22,4.775081722705364,4.473693823199706,118.52,87.68,0.000675,-0.000912,0.0,0.0,0.0006754474839581223,-0.0009115770282587615,0.0,0.0015870245122168837,97472.0,45772.0,8781137.7665,11307865.4955,VAW,IYM,Materials
2017-05-23,4.778450998129897,4.4779048349422155,118.92,88.05,0.003375,0.00422,0.0,0.0,0.0033749578130273373,0.0042198905109487785,0.0,-0.0008449326979214412,149803.0,41579.0,8967017.6945,10756273.9845,VAW,IYM,Materials
2017-05-24,4.783065293829132,4.4835673642288425,119.47,88.55,0.004625,0.005679,0.0,0.0,0.004624957954927683,0.0056785917092561046,0.0,-0.0010536337543284218,60606.0,199075.0,8754424.2335,11100241.171,VAW,IYM,Materials
2017-05-25,4.782060352784839,4.478699521934143,119.35,88.12,-0.001004,-0.004856,0.0,0.0,-0.0010044362601489914,-0.004856013551665725,0.0,0.003851577291516734,62861.0,164367.0,8522446.4285,11353757.958999999,VAW,IYM,Materials
2017-05-26,4.7840692259807165,4.480626850913491,119.59,88.29,0.002011,0.001929,0.0,0.0,0.0020108923334729786,0.0019291874716297218,0.0,8.170486184325685e-05,43758.0,25788.0,8400958.6415,10989656.555,VAW,IYM,Materials
2017-05-30,4.7825629495452935,4.478699521934143,119.41,88.12,-0.001505,-0.001925,0.0,0.0,-0.0015051425704490343,-0.0019254728734852313,0.0,0.00042033030303619706,42634.0,32568.0,8305584.7085,10289111.2085,VAW,IYM,Materials
2017-05-31,4.782897873771819,4.481645699702594,119.45,88.38,0.000335,0.00295,0.0,-44190000.0,0.0003349803199062055,-0.04369833947365643,44190000.0,0.044033319793562634,50170.0,50383.0,8188073.608499999,9930074.613499999,VAW,IYM,Materials
2017-06-01,4.7961210694801,4.493903373559505,121.04,89.47,0.013311,0.012333,0.0,0.0,0.013311008790288823,0.012333107037791356,0.0,0.0009779017524974669,74638.0,183049.0,8119828.641000001,10232118.7525,VAW,IYM,Materials
2017-06-02,4.798431682820381,4.496247778763904,121.32,89.68,0.002313,0.002347,0.0,0.0,0.002313284864507601,0.002347155471107764,0.0,-3.3870606600162976e-05,43576.0,95214.0,7830329.4255,9226672.1195,VAW,IYM,Materials
2017-06-05,4.794632850933413,4.492449315923973,120.86,89.34,-0.003792,-0.003791,0.0,0.0,-0.0037916254533465216,-0.003791257805530905,0.0,-3.676478156165036e-07,44695.0,33701.0,7825824.132499998,8579937.7235,VAW,IYM,Materials
2017-06-06,4.794467356518472,4.494462064003669,120.84,89.52,-0.000166,0.002015,0.0,0.0,-0.00016548072149594572,0.0020147750167897917,0.0,-0.0021802557382857375,80833.0,97923.0,8026229.8175,8744105.346,VAW,IYM,Materials
2017-06-07,4.795294554845067,4.493008819099761,120.94,89.39,0.000828,-0.001452,0.0,0.0,0.0008275405494869249,-0.00145218945487042,0.0,0.002279730004357345,43428.0,47797.0,7720679.558500001,8472724.8655,VAW,IYM,Materials
2017-06-08,4.800736969532067,4.4985867005853075,121.6,89.89,0.005457,0.005593,0.0,0.0,0.005457251529684141,0.005593466830741693,0.0,-0.00013621530105755245,94326.0,49329.0,7980684.9985,8334975.172,VAW,IYM,Materials
2017-06-09,4.8122656528806935,4.510199948396864,123.01,90.94,0.011595,0.011681,0.0,0.0,0.011595394736842105,0.0116809433752364,0.0,-8.554863839429529e-05,52746.0,63794.0,8060943.593499999,8411208.429000001,VAW,IYM,Materials
2017-06-12,4.807376066087421,4.503691017038237,122.41,90.35,-0.004878,-0.006488,0.0,0.0,-0.004877652223396472,-0.006487794149989004,0.0,0.0016101419265925317,82438.0,60619.0,8324270.092499999,8223860.049499999,VAW,IYM,Materials
2017-06-13,4.819716890076783,4.516776035225496,123.93,91.54,0.012417,0.013171,0.0,0.0,0.012417286169430603,0.013171001660210423,0.0,-0.0007537154907798198,71719.0,41203.0,8405739.283499999,8168576.304,VAW,IYM,Materials
2017-06-14,4.807457755422924,4.50413364181032,122.42,90.39,-0.012184,-0.012563,0.0,0.0,-0.012184297587347697,-0.012562814070351884,0.0,0.0003785164830041876,51506.0,40257.0,8438364.169499999,8118086.441500001,VAW,IYM,Materials
2017-06-15,4.798184372320789,4.49121730591206,121.29,89.23,-0.009231,-0.012833,0.0,0.0,-0.009230517889233786,-0.01283327801747981,0.0,0.003602760128246023,56777.0,1987250.0,8335986.9495,16450708.8215,VAW,IYM,Materials
2017-06-16,4.801476827348709,4.494797128506721,121.69,89.55,0.003298,0.003586,0.0,0.0,0.0032978811113859347,0.0035862378123949342,0.0,-0.0002883567010089996,42614.0,375154.0,8177704.583500001,17468180.5325,VAW,IYM,Materials
2017-06-19,4.81015058133825,4.504576070752389,122.7501,90.43,0.008711,0.009827,0.0,0.0,0.008711479990138854,0.009826912339475283,0.0,-0.0011154323493364291,41165.0,36649.0,7776885.964825,16385314.302000001,VAW,IYM,Materials
2017-06-20,4.804021044733257,4.4978076676595915,122.0,89.82,-0.006111,-0.006746,0.0,0.0,-0.006110789319112548,-0.006745549043459286,0.0,0.0006347597243467375,54584.0,35605.0,7532229.292825,16344551.909,VAW,IYM,Materials
2017-06-21,4.7942190635314725,4.485598050847247,120.81,88.73,-0.009754,-0.012135,0.0,0.0,-0.009754098360655737,-0.012135381874860705,0.0,0.002381283514204968,1973509.0,172560.0,18562481.769325,16927062.8015,VAW,IYM,Materials
2017-06-22,4.795955821194175,4.488186830502272,121.02,88.96,0.001738,0.002592,0.0,0.0,0.0017382666997765085,0.0025921334385212258,0.0,-0.0008538667387447173,66238.0,43473.0,18601257.966325,16239026.143000001,VAW,IYM,Materials
2017-06-23,4.801065862809164,4.491105229700119,121.64,89.22,0.005123,0.002923,0.0,0.0,0.005123120145430507,0.002922661870503728,0.0,0.002200458274926779,46810.0,23875.0,18510833.368824996,15621331.515999999,VAW,IYM,Materials
2017-06-26,4.803447109572174,4.49345619635809,121.93,89.43,0.002384,0.002354,0.0,0.0,0.0023840841828345937,0.0023537323470075276,0.0,3.0351835827066055e-05,32716.0,30328.0,18448635.501824997,15643102.042000001,VAW,IYM,Materials
2017-06-27,4.797442073635214,4.482776537774025,121.2,88.48,-0.005987,-0.005906,0.0,0.0,-0.005987041745263676,-0.010622833501062412,0.0,0.004635791755798736,79654.0,121108.0,18676792.444825,16035389.226,VAW,IYM,Materials
2017-06-28,4.804840381116659,4.496359280129911,122.1,89.69,0.011939,0.013675,0.0,0.0,0.007425742574257425,0.013675406871609404,0.0,-0.006249664297351978,46115.0,112623.0,18658684.194825,16317804.592500001,VAW,IYM,Materials
2017-06-29,4.795625242678768,4.487512142519859,120.98,88.9,-0.009173,-0.008808,0.0,0.0,-0.009172809172809172,-0.00880811684691716,0.0,-0.0003646923258920128,40298.0,73528.0,18450737.620825,15825766.851,VAW,IYM,Materials
2017-06-30,4.800736969532067,4.492561241605437,121.6,89.35,0.005125,0.005062,-139596800.0,-196570000.0,-0.06401967822070541,-0.21065872863453045,56973200.0,0.14663905041382502,42625.0,44073.0,18445565.604824997,15595723.4025,VAW,IYM,Materials
2017-07-03,4.809416300197838,4.50225113198025,122.66,90.22,0.008717,0.009737,0.0,0.0,0.008717105263157894,0.009736989367655288,0.0,-0.0010198841044973938,204000.0,1011553.0,19426605.719825,20008296.6185,VAW,IYM,Materials
2017-07-05,4.805659046737495,4.496805161309966,122.2,89.73,-0.00375,-0.005431,0.0,0.0,-0.0037502038154247513,-0.005431168255375748,0.0,0.0016809644399509971,61209.0,897234.0,19312199.723825,23595433.611500002,VAW,IYM,Materials
2017-07-06,4.800819202992908,4.493791598004702,121.61,89.46,-0.004828,-0.003009,0.0,0.0,-0.004828150572831424,-0.003009027081243731,0.0,-0.0018191234915876926,120880.0,397655.0,19784601.447824996,25160515.735000003,VAW,IYM,Materials
2017-07-07,4.8060681283549815,4.499031589926425,122.25,89.93,0.005263,0.005254,0.0,0.0,0.005262725104843352,0.005253744690364408,0.0,8.9804144789438e-06,35716.0,380851.0,19429413.417825,26651303.066,VAW,IYM,Materials
2017-07-10,4.8121030512543195,4.505681287487349,122.99,90.53,0.006053,0.006672,0.0,0.0,0.006053169734151329,0.006671855887912821,0.0,-0.0006186861537614925,65572.0,89969.0,19508234.158825003,26768476.4265,VAW,IYM,Materials
2017-07-11,4.812346943780222,4.507226541657965,123.02,90.67,0.000244,0.001546,0.0,0.0,0.00024392227010326044,0.0015464486910416436,0.0,-0.0013025264209383831,56007.0,416444.0,19348171.436825,28382578.968000002,VAW,IYM,Materials
2017-07-12,4.82261754475742,4.517649588458596,124.29,91.62,0.010324,0.010478,0.0,0.0,0.01032352463014144,0.010477555972206905,0.0,-0.00015403134206546515,51100.0,99820.0,19221325.603325002,28651268.257,VAW,IYM,Materials
2017-07-13,4.822858886619337,4.517431271680085,124.32,91.6,0.000241,-0.000218,0.0,0.0,0.0002413709872073377,-0.00021829294913774285,0.0,0.00045966393634508054,63199.0,90897.0,19298902.361325,28885635.0055,VAW,IYM,Materials
2017-07-14,4.827032917402579,4.523417684115833,124.84,92.15,0.004183,0.006004,0.0,0.0,0.004182754182754183,0.006004366812227074,0.0,-0.0018216126294728916,43983.0,84339.0,19229120.130824998,20408111.073,VAW,IYM,Materials
2017-07-17,4.830152046575941,4.52526080275979,125.23,92.32,0.003124,0.001845,0.0,0.0,0.0031239987183595,0.0018448182311448726,0.0,0.0012791804872146276,70128.0,83868.0,19408941.719824996,19115493.726000004,VAW,IYM,Materials
2017-07-18,4.825830657008495,4.522005944727322,124.69,92.02,-0.004312,-0.00325,0.0,0.0,-0.0043120657989299685,-0.0032495667244367417,0.0,-0.0010624990744932269,34057.0,41740.0,19368619.693,19141831.0125,VAW,IYM,Materials
2017-07-19,4.836757984084964,4.534103737554231,126.06,93.14,0.010987,0.012171,0.0,0.0,0.010987248375972411,0.012171267115844382,0.0,-0.0011840187398719712,140789.0,92860.0,19923050.36,19414377.9775,VAW,IYM,Materials
2017-07-20,4.829353196876964,4.526451601276686,125.13,92.43,-0.007377,-0.007623,0.0,0.0,-0.007377439314612089,-0.007622933218810393,0.0,0.0002454939041983033,108779.0,37445.0,8682645.058999998,18821867.604999997,VAW,IYM,Materials
2017-07-21,4.827513417131532,4.524935793277486,124.9,92.29,-0.001838,-0.001515,0.0,0.0,-0.0018380883880764005,-0.0015146597425078439,0.0,-0.0003234286455685567,36034.0,63168.0,8506871.250999998,18919988.437,VAW,IYM,Materials
2017-07-24,4.82655218668264,4.52417702677856,124.78,92.22,-0.000961,-0.000758,0.0,0.0,-0.0009607686148919135,-0.0007584787084191137,0.0,-0.00020228990647279984,58503.0,28818.0,8587173.047999999,18946361.86,VAW,IYM,Materials
2017-07-25,4.8371545419677835,4.537319519079917,126.11,93.44,0.010659,0.013229,0.0,0.0,0.010658759416573169,0.013229234439384082,0.0,-0.0025704750228109138,37914.0,48788.0,8626786.680999998,19038687.744,VAW,IYM,Materials
2017-07-26,4.829672813339932,4.530015512387331,125.17,92.76,-0.007454,-0.007277,0.0,0.0,-0.007453810165728332,-0.007277397260273972,0.0,-0.00017641290545435985,36039.0,56340.0,8369633.522499998,18764210.872,VAW,IYM,Materials
2017-07-27,4.825028346310772,4.525477417078843,124.59,92.34,-0.004634,-0.004528,0.0,0.0,-0.004633698170488136,-0.004527813712807244,0.0,-0.00010588445768089198,54952.0,43013.0,8430424.931499999,18457744.0495,VAW,IYM,Materials
2017-07-28,4.820362207514681,4.523851664810503,124.01,92.19,-0.004655,-0.001624,0.0,0.0,-0.004655269283249057,-0.0016244314489928524,0.0,-0.0030308378342562047,48684.0,56348.0,8488527.471499998,18390648.1955,VAW,IYM,Materials
2017-07-31,4.8151879700833735,4.516776035225496,123.37,91.54,-0.005161,-0.007051,-9252750.0,-82386000.0,-0.009962221255665333,-0.11806362636170642,73133250.0,0.10810140510604109,50758.0,48785.0,8542468.1945,18417041.013,VAW,IYM,Materials
2017-08-01,4.8160791996339585,4.519721224155608,123.48,91.81,0.000892,0.002949,0.0,0.0,0.000891626813649996,0.00294953025999563,0.0,-0.0020579034463456343,173965.0,1078978.0,8365396.1044999985,18806973.939000003,VAW,IYM,Materials
2017-08-02,4.816564990267753,4.519503359231,123.54,91.79,0.000486,-0.000218,0.0,0.0,0.00048590864917395527,-0.00021784119376974185,0.0,0.0007037498429436971,141941.0,126761.0,8868178.6715,15363303.2075,VAW,IYM,Materials
2017-08-03,4.808600705992281,4.513602992462601,122.56,91.25,-0.007933,-0.005883,0.0,0.0,-0.007932653391614052,-0.0058829937901732215,0.0,-0.00204965960144083,78324.0,666581.0,8613137.3035,16625868.205000002,VAW,IYM,Materials
2017-08-04,4.813159489530624,4.518958489169026,123.12,91.74,0.004569,0.00537,0.0,0.0,0.0045691906005221935,0.00536986301369863,0.0,-0.0008006724131764363,70981.0,116160.0,8831782.2895,15446197.603500003,VAW,IYM,Materials
2017-08-07,4.814377071563428,4.519721224155608,123.27,91.81,0.001218,0.000763,0.0,0.0,0.0012183235867446393,0.000763025942882058,0.0,0.0004552976438625813,72864.0,44145.0,8877644.5395,15241600.5475,VAW,IYM,Materials
2017-08-08,4.805331660910377,4.510639702141858,122.16,90.98,-0.009005,-0.00904,0.0,0.0,-0.009004623996106109,-0.009040409541444288,0.0,3.578554533817911e-05,61834.0,58244.0,8910827.554499999,13618603.629500002,VAW,IYM,Materials
2017-08-09,4.804266916143749,4.510089979737821,122.03,90.93,-0.001064,-0.00055,0.0,0.0,-0.0010641781270464964,-0.0005495713343591998,0.0,-0.0005146067926872966,200230.0,42758.0,9814969.949499998,13355727.456500001,VAW,IYM,Materials
2017-08-10,4.79206460462718,4.498141613229568,120.55,89.85,-0.012128,-0.011877,0.0,0.0,-0.01212816520527739,-0.011877268228307489,0.0,-0.00025089697696990126,92710.0,95231.0,9980934.490499998,13367244.464,VAW,IYM,Materials
2017-08-11,4.79081953287472,4.496247778763904,120.4,89.68,-0.001244,-0.001892,0.0,0.0,-0.001244296972210701,-0.0018920422927100724,0.0,0.0006477453204993713,64014.0,78220.0,10091756.884499999,13329391.0015,VAW,IYM,Materials
2017-08-14,4.800161145882709,4.504244267398131,121.53,90.4,0.009385,0.008029,0.0,0.0,0.009385382059800664,0.008028545941123996,0.0,0.0013568361186766676,44261.0,34019.0,9921602.378999997,13096022.193500001,VAW,IYM,Materials
2017-08-15,4.800572482320576,4.505570820765336,121.58,90.52,0.000411,0.001327,0.0,0.0,0.0004114210483008311,0.001327433628318584,0.0,-0.0009160125800177529,48124.0,103406.0,10001819.8085,13371992.0095,VAW,IYM,Materials
2017-08-16,4.809334770704498,4.51513606328411,122.65,91.39,0.008801,0.009611,0.0,0.0,0.008800789603553216,0.009611135660627485,0.0,-0.0008103460570742689,38446.0,38963.0,9350196.8365,13117584.418,VAW,IYM,Materials
2017-08-17,4.79305954708551,4.497696327682858,120.67,89.81,-0.016144,-0.017289,0.0,0.0,-0.016143497757847534,-0.017288543604333077,0.0,0.0011450458464855422,86764.0,58547.0,9193111.616999999,13207437.654,VAW,IYM,Materials
2017-08-18,4.793722292532682,4.499253960396542,120.75,89.95,0.000663,0.001559,0.0,0.0,0.0006629651114610093,0.001558846453624318,0.0,-0.0008958813421633087,47653.0,60257.0,9255784.2745,13186954.7755,VAW,IYM,Materials
2017-08-21,4.793556647344296,4.503248196262708,120.73,90.31,-0.000166,0.004002,0.0,0.0,-0.00016563146997929605,0.004002223457476375,0.0,-0.004167854927455672,39629.0,101678.0,9130004.515999999,13513201.9865,VAW,IYM,Materials
2017-08-22,4.806313497022634,4.514698282824016,122.28,91.35,0.012839,0.011516,0.0,0.0,0.012838565393854055,0.011515889713210055,0.0,0.001322675680644,178985.0,626030.0,9985252.079,16144656.475499999,VAW,IYM,Materials
2017-08-23,4.805740876449909,4.515026636135126,122.21,91.38,-0.000572,0.000328,0.0,0.0,-0.000572456656853124,0.0003284072249589491,0.0,-0.0009008638818120731,42643.0,29445.0,10020272.048999999,16017885.760500003,VAW,IYM,Materials
2017-08-24,4.804758477680764,4.513822146528786,122.09,91.27,-0.000982,-0.001204,0.0,0.0,-0.0009819163734555273,-0.0012037644998905668,0.0,0.0002218481264350395,32080.0,313034.0,9873780.924999999,17247825.398500003,VAW,IYM,Materials
2017-08-25,4.8077844460498085,4.517103707119641,122.46,91.57,0.003031,0.003287,0.0,0.0,0.0030305512326971908,0.0032869508053029474,0.0,-0.0002563995726057567,28053.0,270840.0,9743684.301999997,18228130.232499998,VAW,IYM,Materials
2017-08-28,4.810231229751535,4.519830138821076,122.76,91.82,0.00245,0.00273,0.0,0.0,0.002449779519843214,0.002730151796439882,0.0,-0.00028037227659666797,54328.0,59615.0,9764048.842999998,18278533.7525,VAW,IYM,Materials
2017-08-29,4.806558805499272,4.515354881665727,122.31,91.41,-0.003666,-0.004465,0.0,0.0,-0.0036656891495601175,-0.004465258113700719,0.0,0.0007995689641406012,52700.0,42699.0,9012275.782999998,13520641.022999998,VAW,IYM,Materials
2017-08-30,4.813646700258897,4.51852237926242,123.18,91.7,0.007113,0.003172,0.0,0.0,0.0071130733382389014,0.0031725194180067828,0.0,0.003940553920232119,58577.0,37863.0,8496281.968999999,13112473.268499998,VAW,IYM,Materials
2017-08-31,4.821893169499378,4.528505101052606,124.2,92.62,0.008281,0.010033,-9315000.0,-13893000.0,0.003390746573701848,-0.011156782149148562,4578000.0,0.01454752872285041,69916.0,372460.0,8450490.856999997,11796059.716000002,VAW,IYM,Materials
2017-09-01,4.829672813339932,4.534962290944595,125.17,93.22,0.00781,0.006478,0.0,0.0,0.007809983896940419,0.006478082487583675,0.0,0.0013319014093567437,191491.0,1116448.0,9211978.244499998,16466997.924,VAW,IYM,Materials
2017-09-05,4.818909657227008,4.52189726679427,123.83,92.01,-0.010705,-0.01298,0.0,0.0,-0.010705440600782936,-0.012980047200171638,0.0,0.002274606599388702,60828.0,211514.0,9139497.542499999,17237420.4585,VAW,IYM,Materials
2017-09-06,4.821087692210561,4.52515247800206,124.1,92.31,0.00218,0.00326,0.0,0.0,0.002180408624727449,0.0032605151613955006,0.0,-0.0010801065366680515,63196.0,89954.0,9153946.650499998,17387651.1895,VAW,IYM,Materials
2017-09-07,4.8234217912218735,4.5266679578331335,124.39,92.45,0.002337,0.001517,0.0,0.0,0.0023368251410153104,0.001516628750947893,0.0,0.0008201963900674174,29344.0,60818.0,8114748.313499997,17474383.1475,VAW,IYM,Materials
2017-09-08,4.823100170249414,4.524935793277486,124.35,92.29,-0.000322,-0.001731,0.0,0.0,-0.0003215692579789372,-0.0017306652244456463,0.0,0.0014090959664667091,80128.0,468626.0,8054134.6285,19209032.557,VAW,IYM,Materials
2017-09-11,4.83477283236304,4.539244035871924,125.81,93.62,0.011741,0.014411,0.0,0.0,0.011741053478086048,0.01441109545996316,0.0,-0.0026700419818771123,38526.0,148822.0,7911118.151499999,19554929.859000005,VAW,IYM,Materials
2017-09-12,4.841743157613962,4.54775291511814,126.69,94.42,0.006995,0.008545,0.0,0.0,0.0069946745091805105,0.008545182653279214,0.0,-0.0015505081440987034,58161.0,100581.0,8010587.0395,19876006.880000003,VAW,IYM,Materials
2017-09-13,4.840874519347159,4.548176464467971,126.58,94.46,-0.000868,0.000424,0.0,0.0,-0.000868261109795564,0.00042363905952128787,0.0,-0.001291900169316852,41574.0,51904.0,7981163.089499998,19653133.916,VAW,IYM,Materials
2017-09-14,4.842847607079338,4.552823705615882,126.83,94.9,0.001975,0.004658,0.0,0.0,0.0019750355506399117,0.004658056320135507,0.0,-0.0026830207694955957,44654.0,49815.0,8028566.335499997,19711464.6625,VAW,IYM,Materials
2017-09-15,4.8439508380817005,4.554718642491993,126.97,95.08,0.001104,0.001897,0.0,0.0,0.0011038397855396987,0.0018967334035827187,0.0,-0.00079289361804302,42284.0,66260.0,7773515.715499999,19763559.399,VAW,IYM,Materials
2017-09-18,4.851092324191641,4.561427263040173,127.88,95.72,0.007167,0.006731,0.0,0.0,0.007167047334015909,0.006731173748422381,0.0,0.0004358735855935275,69996.0,161346.0,7933365.151999998,20264755.4975,VAW,IYM,Materials
2017-09-19,4.855150313374238,4.567675981560511,128.39999,96.32,0.004066,0.006268,0.0,0.0,0.004066233969346335,0.0062682824905975765,0.0,-0.0022020485212512417,35528.0,91929.0,7922234.435735999,20248358.552500002,VAW,IYM,Materials
2017-09-20,4.8603549703244315,4.569646629919045,129.07001,96.51,0.005218,0.001973,0.0,0.0,0.005218224705469069,0.0019725913621262458,0.0,0.0032456333433428233,59961.0,43596.0,7214878.489216497,17599339.025500003,VAW,IYM,Materials
2017-09-21,4.857950128766734,4.5666372362713075,128.75999,96.22,-0.002402,-0.003005,0.0,0.0,-0.0024019522428176533,-0.003004869961662004,0.0,0.0006029177188443505,36493.0,63622.0,7189250.353469998,17770890.2625,VAW,IYM,Materials
2017-09-22,4.854916719096835,4.5652852522891765,128.37,96.09,-0.003029,-0.001351,0.0,0.0,-0.0030288135312840103,-0.0013510704635210974,0.0,-0.0016777430677629129,41443.0,36661.0,7259419.888969998,16518497.378,VAW,IYM,Materials
2017-09-25,4.8556954140435185,4.566429357671661,128.47,96.2,0.000779,0.001145,0.0,0.0,0.000778998208304121,0.0011447601207201581,0.0,-0.0003657619124160372,120595.0,56980.0,7862293.352469998,15552530.238,VAW,IYM,Materials
2017-09-26,4.852889269868342,4.557764063590821,128.11,95.37,-0.002802,-0.0039,0.0,0.0,-0.0028022106328324473,-0.008627858627858628,0.0,0.005825647995026181,41185.0,49380.0,7792638.605969998,15514306.303,VAW,IYM,Materials
2017-09-27,4.849840367846581,4.556609995372715,127.72,95.26,0.001741,-0.001153,0.0,0.0,-0.0030442588400594445,-0.0011534025374855825,0.0,-0.001890856302573862,59579.0,43637.0,7850823.249969999,15526993.554500002,VAW,IYM,Materials
2017-09-28,4.856395721429257,4.562680134367139,128.56,95.84,0.006577,0.006089,0.0,0.0,0.0065768869401816475,0.00608859962208692,0.0,0.0004882873180947272,36231.0,62516.0,7722940.374969998,15652968.3715,VAW,IYM,Materials
2017-09-29,4.856084534247658,4.5621582953948,128.52,95.79,-0.000311,-0.000522,25704000.000000004,-9579000.0,0.012680269435255964,-0.014799964226091105,35283000.0,0.027480233661347067,49471.0,72869.0,7606662.66097,14277112.187,VAW,IYM,Materials
2017-10-02,4.869071729774468,4.576873586832978,130.2,97.21,0.013072,0.014824,0.0,0.0,0.013071895424836362,0.01482409437310784,0.0,-0.001752198948271477,378529.0,2728123.0,8872440.027469998,22333389.9005,VAW,IYM,Materials
2017-10-03,4.8742808728544365,4.580160022983923,130.88,97.53,0.005223,0.003292,0.0,0.0,0.0052227342549924375,0.0032918424030449543,0.0,0.0019308918519474832,105317.0,462835.0,9185017.913469998,23617334.621,VAW,IYM,Materials
2017-10-04,4.873669439023098,4.579647228757006,130.8,97.48,-0.000611,-0.000513,0.0,0.0,-0.0006112469437651643,-0.0005126627704296114,0.0,-9.858417333555292e-05,78222.0,422743.0,9304458.61347,25262601.316,VAW,IYM,Materials
2017-10-05,4.878930879150236,4.584661309356551,131.49001,97.97,0.005275,0.005027,0.0,0.0,0.005275305810397483,0.005026672137874436,0.0,0.00024863367252304664,36134.0,265389.0,9359516.606537,26281478.127499998,VAW,IYM,Materials
2017-10-06,4.8773324467818355,4.582515495423285,131.28,97.76,-0.001597,-0.002144,0.0,0.0,-0.001597155555771926,-0.0021435133204042054,0.0,0.0005463577646322795,68410.0,178254.0,9310364.006536998,24990309.0025,VAW,IYM,Materials
2017-10-09,4.876265454835473,4.58118482323758,131.14,97.63,-0.001066,-0.00133,0.0,0.0,-0.0010664229128581298,-0.0013297872340425532,0.0,0.00026336432118442333,102880.0,76632.0,9742600.363536999,24667752.328499995,VAW,IYM,Materials
2017-10-10,4.875884110209718,4.580467573347719,131.09,97.56,-0.000381,-0.000717,0.0,0.0,-0.0003812719231354637,-0.000716992727645191,0.0,0.0003357208045097273,220421.0,50048.0,10818928.953536998,24437043.571499996,VAW,IYM,Materials
2017-10-11,4.876646654092939,4.582413198865475,131.19,97.75,0.000763,0.001948,0.0,0.0,0.0007628346937218705,0.001947519475194752,0.0,-0.0011846847814728815,48336.0,57767.0,10872867.099536998,24474237.191999994,VAW,IYM,Materials
2017-10-12,4.879082818314026,4.585273554273635,131.50999,98.03,0.002439,0.002864,0.0,0.0,0.0024391340803414426,0.002864450127877238,0.0,-0.0004253160475357954,50782.0,86833.0,10923610.774145998,24663476.966499995,VAW,IYM,Materials
2017-10-13,4.884542830568732,4.59127408079598,132.23,98.62,0.005475,0.006019,0.0,0.0,0.005474945287426384,0.006018565745180047,0.0,-0.000543620457753663,44960.0,76678.0,10952423.840145998,24726576.1445,VAW,IYM,Materials
2017-10-16,4.883483508435773,4.589040804058207,132.09,98.4,-0.001059,-0.002231,0.0,0.0,-0.0010587612493381587,-0.0022307848306631515,0.0,0.0011720235813249928,39703.0,97183.0,10767087.879646,24432514.548499998,VAW,IYM,Materials
2017-10-17,4.879767094879056,4.585885424576224,131.60001,98.09,-0.00371,-0.00315,0.0,0.0,-0.003709516238928073,-0.0031504065040650407,0.0,-0.0005591097348630323,109402.0,71129.0,11258863.352110999,24338636.665,VAW,IYM,Materials
2017-10-18,4.8779416457041185,4.583742238574471,131.36,97.88,-0.001824,-0.002141,0.0,0.0,-0.001823784055943275,-0.0021408910184524416,0.0,0.0003171069625091667,41223.0,182327.0,11142657.6726305,25020572.505,VAW,IYM,Materials
2017-10-19,4.881589066161162,4.587413464398832,131.84,98.24,0.003654,0.003678,0.0,0.0,0.003654080389768458,0.0036779730281977932,0.0,-2.389263842933519e-05,45250.0,153815.0,11206003.756877,25470026.343000002,VAW,IYM,Materials
2017-10-20,4.889521718343416,4.593805855909042,132.89,98.87,0.007964,0.006413,0.0,0.0,0.007964199029126097,0.006412866449511401,0.0,0.0015513325796146964,73475.0,75999.0,11428206.498877,25669589.625,VAW,IYM,Materials
2017-10-23,4.886431690636949,4.591578232468624,132.48,98.65,-0.003085,-0.002225,0.0,0.0,-0.0030852584844608326,-0.002225144128653788,0.0,-0.0008601143558070448,48366.0,64413.0,10973940.900376998,25713232.947499998,VAW,IYM,Materials
2017-10-24,4.894550815075454,4.599353300666526,133.56,99.42,0.008152,0.007805,0.0,0.0,0.008152173913043594,0.007805372529143436,0.0,0.00034680138390015807,90259.0,50714.0,11312879.984877,25729863.711499996,VAW,IYM,Materials
2017-10-25,4.8886183079078105,4.593502381120409,132.77,98.84,-0.005915,-0.005834,0.0,0.0,-0.005914944594189763,-0.005833836250251459,0.0,-8.110834393830393e-05,174644.0,65581.0,12091782.684876997,25846121.982499998,VAW,IYM,Materials
2017-10-26,4.89910765260238,4.605670061029742,134.17,100.05,0.010545,0.012242,0.0,0.0,0.010544550726820586,0.012242007284500202,0.0,-0.001697456557679616,60079.0,103340.0,12261929.788376998,26063503.660499997,VAW,IYM,Materials
2017-10-27,4.895523686995031,4.601764392853259,133.69,99.66,-0.003578,-0.003898,0.0,0.0,-0.003577550868301295,-0.0038980509745127436,0.0,0.00032050010621144853,67664.0,86973.0,12396329.150376998,26147884.044,VAW,IYM,Materials
2017-10-30,4.889672207433241,4.597238815661811,132.91,99.21,-0.005834,-0.004515,0.0,0.0,-0.005834392998728402,-0.004515352197471403,0.0,-0.0013190408012569987,324404.0,82583.0,12087932.142376998,13297495.173999999,VAW,IYM,Materials
2017-10-31,4.892302032093116,4.599051504979914,133.25999,99.39,0.002633,0.001814,113270991.49999999,253444500.0,0.057298987595429424,0.3720500650793442,-140173508.5,-0.31475107748391473,51628.0,40708.0,11742735.032562997,11242778.7025,VAW,IYM,Materials
2017-11-01,4.897317200733157,4.606868742623673,133.92999,100.17,0.005028,0.007848,0.0,0.0,0.005027765648188928,0.00784787201931784,0.0,-0.0028201063711289116,69324.0,256369.0,11695391.283900999,10466353.456999999,VAW,IYM,Materials
2017-11-02,4.891476237156671,4.599453878991982,133.14999,99.43,-0.005824,-0.007387,0.0,0.0,-0.005823938312845391,-0.007387441349705375,0.0,0.0015635030368599838,78637.0,234874.0,11981354.071015498,10334021.5315,VAW,IYM,Materials
2017-11-03,4.889973117689029,4.596532992592428,132.95,99.14,-0.001502,-0.002917,0.0,0.0,-0.0015019903493796298,-0.0029166247611386157,0.0,0.001414634411758986,136542.0,78227.0,12439973.7760155,9850487.2185,VAW,IYM,Materials
2017-11-06,4.886658038810539,4.594513605799563,132.50999,98.94,-0.00331,-0.002017,0.0,0.0,-0.003309590071455478,-0.0020173492031470646,0.0,-0.0012922408683084135,45391.0,34712.0,12066127.66382,9648128.374499999,VAW,IYM,Materials
2017-11-07,4.887035373118308,4.597037202757902,132.56,99.19,0.000377,0.002527,0.0,0.0,0.00037740550731311506,0.002526783909440065,0.0,-0.0021493784021269498,35522.0,85186.0,10856818.035319999,9826474.1975,VAW,IYM,Materials
2017-11-08,4.887412489689508,4.595725727160092,132.61,99.06,0.000377,-0.001311,0.0,0.0,0.0003771876885938443,-0.001310615989515072,0.0,0.0016878036781089163,40109.0,42123.0,10805700.767819999,9752773.204,VAW,IYM,Materials
2017-11-09,4.877180012860902,4.585069514281089,131.25999,98.01,-0.01018,-0.0106,0.0,0.0,-0.010180303144559278,-0.010599636583888553,0.0,0.00041933343932927525,93480.0,72188.0,11085292.945471,9680918.5485,VAW,IYM,Materials
2017-11-10,4.874815570953721,4.583129055111211,130.95,97.82,-0.002362,-0.001939,0.0,0.0,-0.002361648816215773,-0.0019385776961535824,0.0,-0.00042307112006219057,113819.0,784697.0,11533269.807970999,13140772.357499998,VAW,IYM,Materials
2017-11-13,4.88037466098708,4.589244035437832,131.67999,98.42,0.005575,0.006134,0.0,0.0,0.005574570446735351,0.006133714986710414,0.0,-0.0005591445399750631,57474.0,75526.0,11649460.131733999,13034295.4435,VAW,IYM,Materials
2017-11-14,4.870069695542629,4.576153236917599,130.33,97.14,-0.010252,-0.013006,0.0,0.0,-0.010252051203831195,-0.013005486689697216,0.0,0.0027534354858660213,36746.0,89052.0,11169050.226032998,13117968.827,VAW,IYM,Materials
2017-11-15,4.864452861078665,4.572026967394837,129.60001,96.74,-0.005601,-0.004118,0.0,0.0,-0.005601089541932196,-0.0041177681696520484,0.0,-0.0014833213722801478,99641.0,55851.0,11543971.291853499,12495811.776,VAW,IYM,Materials
2017-11-16,4.877637168783252,4.585579536223087,131.32001,98.06,0.013272,0.013645,0.0,0.0,0.013271603914228205,0.013644821170146785,0.0,-0.00037321725591858007,43551.0,74023.0,11531639.179628998,12103207.264999999,VAW,IYM,Materials
2017-11-17,4.879615031657852,4.5885325448350684,131.58,98.35,0.00198,0.002957,0.0,0.0,0.0019798201355604086,0.002957373036916174,0.0,-0.0009775529013557652,34517.0,24803.0,11270521.885129,11849474.961,VAW,IYM,Materials
2017-11-20,4.88189241820353,4.59127408079598,131.88,98.62,0.00228,0.002745,0.0,0.0,0.002279981760145919,0.0027452974072191155,0.0,-0.0004653156470731967,39401.0,96035.0,11209955.695129,12005306.4235,VAW,IYM,Materials
2017-11-21,4.887714005197391,4.5975411588236,132.64999,99.24,0.005839,0.006287,0.0,0.0,0.005838565362450669,0.006286757250050699,0.0,-0.0004481918876000305,37223.0,27282.0,10854087.622017499,11888580.4135,VAW,IYM,Materials
2017-11-22,4.886054128427279,4.595018834931716,132.42999,98.99,-0.001659,-0.002519,0.0,0.0,-0.0016584999365623775,-0.0025191455058444175,0.0,0.0008606455692820401,51542.0,22539.0,10035998.7552465,11676035.891999999,VAW,IYM,Materials
2017-11-24,4.891025591098464,4.600157644164547,133.09,99.5,0.004984,0.005152,0.0,0.0,0.004983840895857546,0.005152035559147388,0.0,-0.0001681946632898423,15015.0,17728.0,9732876.101246499,11247274.341999998,VAW,IYM,Materials
2017-11-27,4.885525483053412,4.593603549616626,132.36,98.85,-0.005485,-0.006533,0.0,0.0,-0.005485010143511909,-0.006532663316582915,0.0,0.0010476531730710054,65959.0,65351.0,9717092.755246498,11136885.2005,VAW,IYM,Materials
2017-11-28,4.895748061551898,4.605270180988425,133.72,100.01,0.010275,0.011735,0.0,0.0,0.010275007555152614,0.011734951947395043,0.0,-0.001459944392242429,211209.0,31309.0,8973409.347246498,10883792.883499999,VAW,IYM,Materials
2017-11-29,4.8969438763431254,4.605370165990758,133.88,100.02,0.001197,0.0001,0.0,0.0,0.0011965300628178283,9.999000099990002e-05,0.0,0.0010965400618179284,159471.0,21323.0,9696910.883060498,10788130.8005,VAW,IYM,Materials
2017-11-30,4.901341125835779,4.605969866158656,134.47,100.08,0.004407,0.0006,-10085250.0,-30024000.0,-0.00017521682997520386,-0.031165195532322106,19938750.0,0.0309899787023469,77475.0,69749.0,9753585.914222497,9853130.66,VAW,IYM,Materials
2017-12-01,4.8937268758505335,4.599956618935204,133.45,99.48,-0.007585,-0.005995,0.0,0.0,-0.007585335018963337,-0.005995203836930456,0.0,-0.0015901311820328817,138111.0,326720.0,10151605.773540998,10310559.849000001,VAW,IYM,Materials
2017-12-04,4.903050083416319,4.606569206901798,134.7,100.14,0.009367,0.006634,0.0,0.0,0.009366804046459348,0.0066344993968636915,0.0,0.0027323046495956564,65148.0,59786.0,9682714.608540999,10222137.112,VAW,IYM,Materials
2017-12-05,4.8973919384819045,4.599956618935204,133.94,99.48,-0.005642,-0.006591,0.0,0.0,-0.005642167780252413,-0.006590772917914919,0.0,0.0009486051376625063,95594.0,55587.0,10022169.578736497,10326906.586,VAW,IYM,Materials
2017-12-06,4.890424238182884,4.594614672048575,133.00999,98.95,-0.006943,-0.005328,0.0,0.0,-0.006943482156189382,-0.005327704061117813,0.0,-0.0016157780950715687,85656.0,61674.0,10356384.947908498,10209558.734000001,VAW,IYM,Materials
2017-12-07,4.897317200733157,4.600961341214036,133.92999,99.58,0.006917,0.006367,0.0,0.0,0.006916773694968325,0.006366851945426983,0.0,0.0005499217495413423,42930.0,35078.0,10377922.946943497,10175576.877,VAW,IYM,Materials
2017-12-08,4.898063655490406,4.600760477499391,134.03,99.56,0.000747,-0.000201,0.0,0.0,0.0007467334239329506,-0.0002008435428800964,0.0,0.0009475769668130469,43150.0,66298.0,10053583.478683498,10151851.026999999,VAW,IYM,Materials
2017-12-11,4.898958502328209,4.603368564041463,134.14999,99.82,0.000895,0.002612,0.0,0.0,0.0008952473326866684,0.0026114905584570807,0.0,-0.0017162432257704122,58727.0,71150.0,9702264.899319997,6669007.65,VAW,IYM,Materials
2017-12-12,4.898734921598028,4.60487014097909,134.12,99.97,-0.000224,0.001503,0.0,0.0,-0.0002235557378721696,0.0015027048687639055,0.0,-0.0017262606066360752,45644.0,76169.0,9629944.776056997,6678074.950499999,VAW,IYM,Materials
2017-12-13,4.900820353684285,4.608065989100117,134.39999,100.29,0.002088,0.003201,0.0,0.0,0.00208760811213834,0.003200960288086426,0.0,-0.0011133521759480857,46598.0,36692.0,9703628.003757998,6429541.4205,VAW,IYM,Materials
2017-12-14,4.88514765405432,4.596936381060988,132.31,99.18,-0.011338,-0.011068,0.0,0.0,-0.015550521990366177,-0.011067903081064782,0.0,-0.004482618909301395,67194.0,76772.0,9502476.180937499,6540102.4815,VAW,IYM,Materials
2017-12-15,4.890499492856275,4.6023662586553575,133.02,99.72,0.005366,0.005445,0.0,0.0,0.005366185473509183,0.005444646098003498,0.0,-7.846062449431458e-05,135302.0,139074.0,10116413.895161998,6870590.6765,VAW,IYM,Materials
2017-12-18,4.906533245495736,4.618974466964488,135.17,101.39,0.016163,0.016747,0.0,0.0,0.016162983010073673,0.016746891295627758,0.0,-0.0005839082855540849,112145.0,43737.0,10647258.534661997,6970346.6455,VAW,IYM,Materials
2017-12-19,4.905793236608355,4.615318517039906,135.07001,101.02,-0.00074,-0.000249,0.0,0.0,-0.0007397351483316873,-0.0036492750764375186,0.0,0.0029095399281058314,85552.0,30082.0,10965223.815437999,6648742.242500001,VAW,IYM,Materials
2017-12-20,4.908085639080461,4.6179876896987055,135.38,101.29,0.002295,0.002673,0.0,0.0,0.0022950320356087497,0.0026727380716689763,0.0,-0.00037770603606022664,91646.0,149471.0,11338694.060549498,7270364.8379999995,VAW,IYM,Materials
2017-12-21,4.910593939916029,4.620846665373099,135.72,101.58,0.002511,0.002863,0.0,0.0,0.0025114492539518394,0.0028630664428867607,0.0,-0.00035161718893492134,114017.0,258141.0,11771128.095320499,8469906.1965,VAW,IYM,Materials
2017-12-22,4.913977466622596,4.623795650111256,136.17999,101.88,0.003389,0.002953,0.0,0.0,0.0033892572944296652,0.0029533372711163615,0.0,0.0004359200233133038,61734.0,31549.0,12091557.552953498,8542420.0025,VAW,IYM,Materials
2017-12-26,4.914418109754313,4.623795650111256,136.24001,101.88,0.000441,0.0,0.0,0.0,0.0004407402291629751,0.0,0.0,0.0004407402291629751,47268.0,85742.0,11977030.530587498,8656192.433,VAW,IYM,Materials
2017-12-27,4.915151765934639,4.624482497020464,136.34,101.95,0.000734,0.000687,0.0,0.0,0.00073392537184924,0.0006870828425598744,0.0,4.684252928936555e-05,94410.0,68491.0,11208480.126587499,8848764.650999999,VAW,IYM,Materials
2017-12-28,4.920053842877642,4.630252966355554,137.00999,102.54,0.004914,0.005787,0.0,0.0,0.0049141117793750485,0.005787150564001962,0.0,-0.0008730387846269134,69952.0,336583.0,10620187.393611498,10467789.368999999,VAW,IYM,Materials
2017-12-29,4.917788743729904,4.626931677769604,136.7,102.2,-0.002263,-0.003316,54679999.99999999,5110000.0,0.022124570009792073,0.002130582654136837,49569999.99999999,0.019993987355655236,74111.0,179934.0,10605832.9161115,11038228.113,VAW,IYM,Materials
2018-01-02,4.933250163046711,4.641984159110808,138.83,103.75,0.015582,0.015166,0.0,0.0,0.015581565471836138,0.015166340508806261,0.0,0.0004152249630298768,262915.0,1367653.0,11509311.741111498,16507822.770499999,VAW,IYM,Materials
2018-01-03,4.939783624685774,4.64736723468788,139.74001,104.31,0.006555,0.005398,0.0,0.0,0.0065548512569329805,0.005397590361445783,0.0,0.0011572608954871976,181887.0,419334.0,12341384.521054998,18395510.7455,VAW,IYM,Materials
2018-01-04,4.946416721769604,4.655578088531937,140.67,105.17,0.006655,0.008245,0.0,0.0,0.006655144793534753,0.008244655354232576,0.0,-0.001589510560697823,188841.0,278541.0,13029404.676554998,19583728.856,VAW,IYM,Materials
2018-01-05,4.954488133473255,4.664570529269539,141.81,106.12,0.008104,0.009033,0.0,0.0,0.008104073363190446,0.009032994199866883,0.0,-0.0009289208366764362,225118.0,161675.0,14055948.670382997,20136444.291,VAW,IYM,Materials
2018-01-08,4.956249503569664,4.664853188149265,142.06,106.15,0.001763,0.000283,0.0,0.0,0.0017629222198716592,0.00028269883151149644,0.0,0.0014802233883601627,218121.0,147742.0,15317781.409848,20745931.594,VAW,IYM,Materials
2018-01-09,4.952299717083292,4.662495252607361,141.5,105.9,-0.003942,-0.002355,0.0,0.0,-0.003941996339574827,-0.0023551577955723034,0.0,-0.0015868385440025237,126593.0,156261.0,15924257.159848,21243302.145000003,VAW,IYM,Materials
2018-01-10,4.948476233129978,4.659279511635123,140.96001,105.56,-0.003816,-0.003211,0.0,0.0,-0.0038161837455829985,-0.003210576015108593,0.0,-0.0006056077304744055,170799.0,56553.0,16734137.274110997,21186679.229000002,VAW,IYM,Materials
2018-01-11,4.963962885897825,4.6740430502744665,143.16,107.13,0.015607,0.014873,0.0,0.0,0.015607192422872233,0.014873057976506253,0.0,0.0007341344463659798,87687.0,179538.0,17055712.156111,21767643.7795,VAW,IYM,Materials
2018-01-12,4.964800757752457,4.6740430502744665,143.28,107.13,0.000838,0.0,0.0,0.0,0.0008382229673093043,0.0,0.0,0.0008382229673093043,97391.0,75333.0,17440282.74341,21987172.96,VAW,IYM,Materials
2018-01-16,4.952299717083292,4.662022997580874,141.5,105.85,-0.012423,-0.011948,0.0,0.0,-0.01242322724734785,-0.011948100438719312,0.0,-0.00047512680862853846,314983.0,103427.0,19224265.561410002,22153848.0095,VAW,IYM,Materials
2018-01-17,4.956742131750921,4.666265285347902,142.13,106.3,0.004452,0.004251,0.0,0.0,0.0044522968197879854,0.004251299008030231,0.0,0.0002009978117577544,91148.0,68422.0,18972115.22141,21824087.9755,VAW,IYM,Materials
2018-01-18,4.95420602612954,4.663250397064616,141.77,105.98,-0.002533,-0.00301,0.0,0.0,-0.0025328924224301695,-0.0030103480714957667,0.0,0.00047745564906559717,373727.0,51714.0,20863347.07841,21876395.740000002,VAW,IYM,Materials
2018-01-19,4.962285033155209,4.670583324536324,142.92,106.76,0.008112,0.00736,0.0,0.0,0.008111730267334414,0.0073598792224948105,0.0,0.0007518510448396038,54218.0,62073.0,20673013.431633998,22055797.232,VAW,IYM,Materials
2018-01-22,4.960253864535331,4.6694586758704535,142.63,106.64,-0.002029,-0.001124,0.0,0.0,-0.0020291071928351524,-0.0011240164855751218,0.0,-0.0009050907072600306,200579.0,62457.0,21483090.796134003,21631822.0765,VAW,IYM,Materials
2018-01-23,4.960464176849892,4.668802046232865,142.66,106.57,0.00021,-0.000656,0.0,0.0,0.0002103344317464769,-0.000656414103526003,0.0,0.0008667485352724799,126477.0,64300.0,21611531.875134,20663346.4875,VAW,IYM,Materials
2018-01-24,4.963962885897825,4.672361435528415,143.16,106.95,0.003505,0.003566,0.0,0.0,0.0035048366746109633,0.003565731444121357,0.0,-6.089476951039348e-05,111427.0,76633.0,21988779.566001,20912430.849,VAW,IYM,Materials
2018-01-25,4.9705075724017265,4.6798137289838575,144.10001,107.75,0.006566,0.00748,0.0,0.0,0.006566149762503532,0.0074801309022907905,0.0,-0.0009139811397872585,111693.0,108941.0,22471538.047213502,21062580.738500003,VAW,IYM,Materials
2018-01-26,4.97348709846075,4.682594082952895,144.53,108.05,0.002984,0.002784,0.0,0.0,0.002983969258572531,0.0027842227378190253,0.0,0.00019974652075350563,80332.0,42374.0,22408464.275213502,20942373.401,VAW,IYM,Materials
2018-01-29,4.963892961687328,4.673762977453703,143.14999,107.1,-0.009548,-0.008792,0.0,0.0,-0.009548259876842217,-0.008792225821378992,0.0,-0.0007560340554632252,94846.0,70702.0,22608118.331766497,19595321.57,VAW,IYM,Materials
2018-01-30,4.954488133473255,4.663439094112067,141.81,106.0,-0.009361,-0.010271,0.0,0.0,-0.009360741135923197,-0.01027077497665733,0.0,0.0009100338407341327,94983.0,65198.0,22775046.6082665,19021408.229999997,VAW,IYM,Materials
2018-01-31,4.9527236554772625,4.664004971708984,141.56,106.06,-0.001763,0.000566,145240560.0,121969000.0,0.05932811516768645,0.1256367924528302,23271560.0,-0.06630867728514374,214289.0,107512.0,22466759.6777665,12496844.4285,VAW,IYM,Materials
2018-02-01,4.940856399488339,4.651672019639511,139.89,104.76,-0.011797,-0.012257,0.0,0.0,-0.01179711782989564,-0.01225721289835942,0.0,0.0004600950684637804,180578.0,975603.0,22458967.938823,15420016.4655,VAW,IYM,Materials
2018-02-02,4.914197885875296,4.62173227428707,136.21001,101.67,-0.026306,-0.029496,0.0,0.0,-0.02630631210236583,-0.02949599083619702,0.0,0.0031896787338311916,226541.0,305123.0,22673612.3590935,15506401.3875,VAW,IYM,Materials
2018-02-05,4.880070924075139,4.5885325448350684,131.64,98.35,-0.033551,-0.032655,0.0,0.0,-0.03355120523080531,-0.03265466706009639,0.0,-0.0008965381707089215,290020.0,340162.0,22986324.820093498,16321300.4725,VAW,IYM,Materials
2018-02-06,4.904978512333739,4.618481200047763,134.96001,101.34,0.02522,0.030402,0.0,0.0,0.025220373746581932,0.03040162684290798,0.0,-0.005181253096326048,271102.0,817220.0,23266407.7886445,19678013.547500003,VAW,IYM,Materials
2018-02-07,4.896794477672496,4.6063694665635735,133.86,100.12,-0.008151,-0.012039,0.0,0.0,-0.008150636621914826,-0.012038681665679889,0.0,0.0038880450437650625,173195.0,170874.0,23529956.4486445,19706006.7965,VAW,IYM,Materials
2018-02-08,4.86151637813002,4.571406555835282,129.22,96.68,-0.034663,-0.034359,0.0,0.0,-0.034663080830718854,-0.03435876947662793,0.0,-0.0003043113540909248,156891.0,236479.0,23339837.762245,20550659.548499998,VAW,IYM,Materials
2018-02-09,4.875044639789907,4.587413464398832,130.98,98.24,0.01362,0.016136,0.0,0.0,0.013620182634267142,0.016135705419941956,0.0,-0.0025155227856748143,310536.0,249711.0,24745874.480244998,20815544.6835,VAW,IYM,Materials
2018-02-12,4.895673350415294,4.610058220060867,133.71001,100.49,0.020843,0.022903,0.0,0.0,0.020842953122614277,0.022903094462540716,0.0,-0.002060141339926439,165872.0,174767.0,25157102.695181,21290140.260500003,VAW,IYM,Materials
2018-02-13,4.89507478679297,4.607068383271171,133.63,100.19,-0.000598,-0.002985,0.0,0.0,-0.0005983845188555308,-0.002985371678774007,0.0,0.002386987159918476,113064.0,73140.0,23684035.086181,21109147.692999996,VAW,IYM,Materials
2018-02-14,4.911256850115977,4.623991940228679,135.81,101.9,0.016314,0.017068,0.0,0.0,0.016313702013021028,0.017067571613933526,0.0,-0.0007538696009124976,133464.0,69924.0,23942579.116180997,21101747.543,VAW,IYM,Materials
2018-02-15,4.917642354083495,4.630057901495871,136.67999,102.52,0.006406,0.006084,0.0,0.0,0.006405934761799636,0.006084396467124632,0.0,0.0003215382946750037,81432.0,269865.0,21849921.523964997,22211043.047,VAW,IYM,Materials
2018-02-16,4.917788743729904,4.6297652328434715,136.7,102.49,0.000146,-0.000293,0.0,0.0,0.00014640036189636407,-0.0002926258291065158,0.0,0.0004390261910028799,121884.0,312865.0,22295556.835965,23482974.0655,VAW,IYM,Materials
2018-02-20,4.912286509070169,4.625854777180924,135.94991,102.09,-0.005487,-0.003903,0.0,0.0,-0.005487125091441136,-0.0039028197872963215,0.0,-0.0015843053041448142,83139.0,122417.0,21430264.6758395,23774830.918,VAW,IYM,Materials
2018-02-21,4.908824027949571,4.623402954249151,135.48,101.84,-0.003456,-0.002449,0.0,0.0,-0.0034564936453433236,-0.002448819668919581,0.0,-0.0010076739764237428,94813.0,84835.0,21170367.4968395,23864188.188,VAW,IYM,Materials
2018-02-22,4.914050969580866,4.6290820060344045,136.19,102.42,0.005241,0.005695,0.0,0.0,0.005240625922645409,0.0056952081696779264,0.0,-0.0004545822470325171,84440.0,86022.0,20947767.2108395,23894911.8825,VAW,IYM,Materials
2018-02-23,4.92645626585365,4.643813809580296,137.89,103.94,0.012483,0.014841,0.0,0.0,0.012482561127835915,0.014840851396211677,0.0,-0.0023582902683757616,66557.0,53000.0,20601896.326493,23583433.244999997,VAW,IYM,Materials
2018-02-26,4.931159020413137,4.646983688801502,138.53999,104.27,0.004714,0.003175,0.0,0.0,0.0047138298643847176,0.0031749086011160286,0.0,0.001538921263268689,63470.0,85908.0,20461033.786758,23802389.067999996,VAW,IYM,Materials
2018-02-27,4.91734973004026,4.633660456387719,136.64,102.89,-0.013714,-0.013235,0.0,0.0,-0.013714379508761396,-0.013234871007960104,0.0,-0.0004795085008012928,62999.0,299790.0,20212582.757180996,24966049.513,VAW,IYM,Materials
2018-02-28,4.8990331175149535,4.612046489927524,134.16,100.69,-0.01815,-0.021382,6708000.0,-125862500.0,-0.01539048175425363,-0.1395726311529174,132570500.0,0.12418214939866377,67576.0,177951.0,19992405.603680998,25516394.4225,VAW,IYM,Materials
2018-03-01,4.8927523284470364,4.605570106009418,133.32001,100.04,-0.006261,-0.006455,0.0,0.0,-0.0062611061419201594,-0.006455457344324163,0.0,0.00019435120240400387,81876.0,723162.0,19021453.518618997,28563514.6105,VAW,IYM,Materials
2018-03-02,4.8940266435796165,4.605370165990758,133.49001,100.02,0.001275,-0.0002,0.0,0.0,0.001275127417107355,-0.00019992003198720512,0.0,0.00147504744909456,89766.0,211338.0,18357543.909502,24510207.4345,VAW,IYM,Materials
2018-03-05,4.904459631481588,4.6196646321385435,134.89,101.46,0.010488,0.014397,0.0,0.0,0.010487601281923305,0.014397120575884824,0.0,-0.0039095192939615185,52147.0,149050.0,17166391.757231496,23715245.314,VAW,IYM,Materials
2018-03-06,4.916324614625014,4.631227720307381,136.5,102.64,0.011936,0.01163,0.0,0.0,0.011935651271406531,0.011630199093238714,0.0,0.00030545217816781677,2601420.0,102898.0,33012171.6172315,22570571.215,VAW,IYM,Materials
2018-03-07,4.9143446337779695,4.6290820060344045,136.23,102.42,-0.001978,-0.002143,0.0,0.0,-0.001978021978021978,-0.0021434138737334374,0.0,0.0001653918957114594,96019.0,32856.0,31836808.604180496,18597973.051,VAW,IYM,Materials
2018-03-08,4.9129488866312,4.628886712605407,136.03999,102.4,-0.001395,-0.000195,0.0,0.0,-0.0013947735447406458,-0.00019527436047646945,0.0,-0.0011994991842641763,73309.0,35744.0,31176262.250526,17925587.087,VAW,IYM,Materials
2018-03-09,4.930075786237839,4.64515983420425,138.39,104.08,0.017274,0.016406,0.0,0.0,0.01727440585668958,0.01640625,0.0,0.0008681558566895793,109827.0,40854.0,30922537.426025998,16995051.817,VAW,IYM,Materials
2018-03-12,4.9289913773937055,4.643621372362344,138.24001,103.92,-0.001084,-0.001537,0.0,0.0,-0.0010838210853382118,-0.0015372790161414297,0.0,0.0004534579308032179,68254.0,49574.0,29360608.844153,16026057.889000002,VAW,IYM,Materials
2018-03-13,4.9244962637743335,4.638024522859038,137.62,103.34,-0.004485,-0.005581,0.0,0.0,-0.004485025717229174,-0.005581216320246343,0.0,0.0010961906030171695,79384.0,61601.0,28797912.809217,15466233.464499999,VAW,IYM,Materials
2018-03-14,4.910667618309874,4.623697490601975,135.73,101.87,-0.013734,-0.014225,0.0,0.0,-0.013733468972533061,-0.014224888716856976,0.0,0.0004914197443239149,124194.0,76567.0,28885318.274217,15489832.649,VAW,IYM,Materials
2018-03-15,4.899554746499545,4.609759638321899,134.23,100.46,-0.011051,-0.013841,0.0,0.0,-0.011051351948721727,-0.013841170118778836,0.0,0.0027898181700571085,84598.0,72037.0,28546810.459217,15495411.719999999,VAW,IYM,Materials
2018-03-16,4.897989042545024,4.611748501348214,134.02,100.66,0.001167,0.001991,0.0,0.0,-0.0015644788795351264,0.001990842126219391,0.0,-0.0035553210057545173,307292.0,111133.0,30049467.903933,14671416.118999999,VAW,IYM,Materials
2018-03-19,4.884240281591309,4.596835549198034,132.19,99.17,-0.013655,-0.014802,0.0,0.0,-0.013654678406208029,-0.014802304788396583,0.0,0.001147626382188554,125700.0,159152.0,30047204.913932998,13857294.6185,VAW,IYM,Materials
2018-03-20,4.880678457508163,4.594614672048575,131.72,98.95,-0.003556,-0.002218,0.0,0.0,-0.003555488312277782,-0.0022184128264596146,0.0,-0.0013370754858181674,71007.0,104982.0,29949720.037558496,13751815.487,VAW,IYM,Materials
2018-03-21,4.892377145591635,4.607367769531579,133.27,100.22,0.011767,0.012835,0.0,0.0,0.011767385362890981,0.01283476503284487,0.0,-0.0010673796699538895,528375.0,102625.0,32828283.588058494,13834089.542000001,VAW,IYM,Materials
2018-03-22,4.859889843223671,4.571613402459248,129.00999,96.7,-0.031965,-0.031839,0.0,0.0,-0.031965258497786586,-0.03512272999401317,0.0,0.0031574714962265826,464056.0,131017.0,35246682.404030494,14027038.075,VAW,IYM,Materials
2018-03-23,4.841822087327094,4.549551762225079,126.7,94.59,-0.017906,-0.02182,0.0,0.0,-0.01790551258859862,-0.021820062047569803,0.0,0.003914549458971184,156812.0,240704.0,35781209.1875305,14890006.643000001,VAW,IYM,Materials
2018-03-26,4.861825802471293,4.568194949863196,129.25999,96.37,0.020205,0.018818,0.0,0.0,0.02020513022888699,0.018818056877048312,0.0,0.0013870733518386788,100344.0,126226.0,35990075.7510935,15050345.266000003,VAW,IYM,Materials
2018-03-27,4.851092324191641,4.557868912870078,127.88,95.38,-0.010676,-0.010273,0.0,0.0,-0.010676080046114672,-0.01027290650617412,0.0,-0.00040317353994055206,151151.0,197394.0,36526126.0770935,14449447.597,VAW,IYM,Materials
2018-03-28,4.84016325365945,4.545101659521972,126.49,94.17,-0.01087,-0.012686,0.0,0.0,-0.010869565217391304,-0.012686097714405535,0.0,0.001816532497014231,710896.0,235785.0,40568888.0210935,14663746.959999999,VAW,IYM,Materials
2018-03-29,4.85903683236562,4.565181177771728,128.89999,96.08,0.019053,0.020283,393144969.5,-48040000.0,0.19326451791556265,-0.03577700837974811,441184969.5,0.22904152629531077,92319.0,137747.0,40618098.472996,11708227.224,VAW,IYM,Materials
2018-04-02,4.835964396232824,4.543294782270004,125.96,94.0,-0.022808,-0.021649,0.0,0.0,-0.022808302777990962,-0.02164862614487927,0.0,-0.0011596766331116934,350665.0,1611558.0,42227443.431113,18225648.486,VAW,IYM,Materials
2018-04-03,4.850153503906757,4.556924873360097,127.76,95.29,0.01429,0.013723,0.0,0.0,0.014290250873293109,0.01372340425531915,0.0,0.0005668466179739595,145003.0,495099.0,42802017.15361299,19828417.0215,VAW,IYM,Materials
2018-04-04,4.856551278713541,4.561845061249718,128.58,95.76,0.006418,0.004932,0.0,0.0,0.0064182842830308616,0.004932311890019939,0.0,0.0014859723930109228,152829.0,259877.0,26029863.294612996,20544635.561499998,VAW,IYM,Materials
2018-04-05,4.875884110209718,4.585069514281089,131.09,98.01,0.019521,0.023496,0.0,0.0,0.019520920827500208,0.023496240601503758,0.0,-0.00397531977400355,78017.0,141953.0,25887192.302612998,21072020.662,VAW,IYM,Materials
2018-04-06,4.8519521358677,4.560277417097355,127.99,95.61,-0.023648,-0.024487,0.0,0.0,-0.023647875505377985,-0.024487297214569943,0.0,0.0008394217091919585,107191.0,156079.0,26074513.325767495,21635147.0415,VAW,IYM,Materials
2018-04-09,4.856784569277996,4.5666372362713075,128.61,96.22,0.004844,0.00638,0.0,0.0,0.004844128447535142,0.006380085765087334,0.0,-0.0015359573175521921,391071.0,429814.0,27829347.464767497,23490377.9795,VAW,IYM,Materials
2018-04-10,4.8788547487960185,4.590361070334383,131.48,98.53,0.022316,0.024008,0.0,0.0,0.022315527563952855,0.024007482851797962,0.0,-0.0016919552878451073,137351.0,183993.0,28260521.256640494,24139232.990000002,VAW,IYM,Materials
2018-04-11,4.871909558007215,4.58118482323758,130.57001,97.63,-0.006921,-0.009134,0.0,0.0,-0.006921128688774014,-0.009134273825230894,0.0,0.00221314513645688,106608.0,63217.0,28410270.333944492,24129534.4085,VAW,IYM,Materials
2018-04-12,4.882043983908255,4.594109238628667,131.89999,98.9,0.010186,0.013008,0.0,0.0,0.010185953114348499,0.01300829663013418,0.0,-0.0028223435157856813,64773.0,73431.0,27994605.655557998,24102656.689,VAW,IYM,Materials
2018-04-13,4.881816588819608,4.593502381120409,131.87,98.84,-0.000227,-0.000607,0.0,0.0,-0.00022736923634343947,-0.0006066734074823053,0.0,0.0003793041711388659,62838.0,85778.0,27841148.531557996,24164729.714,VAW,IYM,Materials
2018-04-16,4.894999950497331,4.608564419056107,133.62,100.34,0.013271,0.015176,0.0,0.0,0.013270645332524455,0.015176042088223391,0.0,-0.001905396755698936,73210.0,113285.0,26271100.849557996,24173748.169999998,VAW,IYM,Materials
2018-04-17,4.906977032485268,4.619960271460727,135.23,101.49,0.012049,0.011461,0.0,0.0,0.012049094446939081,0.011461032489535578,0.0,0.0005880619574035028,84056.0,60783.0,26008631.343557995,23693036.3115,VAW,IYM,Materials
2018-04-18,4.9143446337779695,4.628105157270587,136.23,102.32,0.007395,0.008178,0.0,0.0,0.0073948088441913775,0.008178145630111341,0.0,-0.0007833367859199636,78263.0,67646.0,26074067.666057996,23519714.8025,VAW,IYM,Materials
2018-04-19,4.90527477843843,4.618777189394308,135.0,101.37,-0.009029,-0.009285,0.0,0.0,-0.00902884827130588,-0.009284597341673181,0.0,0.0002557490703673018,82765.0,45234.0,23111904.603557996,23234729.4565,VAW,IYM,Materials
2018-04-20,4.899703733388974,4.612840692292311,134.25,100.77,-0.005556,-0.005919,0.0,0.0,-0.005555555555555556,-0.005918910920390648,0.0,0.0003633553648350919,146708.0,31191.0,21103289.057585996,22758418.115000002,VAW,IYM,Materials
2018-04-23,4.8946257598561225,4.607367769531579,133.57001,100.22,-0.005065,-0.005458,0.0,0.0,-0.005065102420856666,-0.005457973603254937,0.0,0.00039287118239827133,69902.0,45846.0,20576725.579536997,21849742.853,VAW,IYM,Materials
2018-04-24,4.870836607712711,4.582310891842009,130.42999,97.74,-0.023508,-0.024746,0.0,0.0,-0.023508420789966143,-0.02474555976850928,0.0,0.0012371389785431376,100221.0,131744.0,20581793.559098497,21885355.8,VAW,IYM,Materials
2018-04-25,4.876036665511311,4.587922292578538,131.11,98.29,0.005214,0.005627,0.0,0.0,0.005213601565100292,0.005627174135461428,0.0,-0.000413572570361136,73220.0,119680.0,20095327.775098495,21532151.174000002,VAW,IYM,Materials
2018-04-26,4.881968241837793,4.596432120044806,131.89,99.13,0.005949,0.008546,0.0,0.0,0.005949202959346764,0.008546138976498118,0.0,-0.0025969360171513543,64110.0,45043.0,16022039.418098498,20645213.131,VAW,IYM,Materials
2018-04-27,4.876570349634454,4.591172676344238,131.17999,98.61,-0.005383,-0.005246,0.0,0.0,-0.00538334976116438,-0.005245637042267729,0.0,-0.00013771271889665045,61728.0,33179.0,15831917.430393998,20147065.6025,VAW,IYM,Materials
2018-04-30,4.86383530936938,4.578620850754555,129.52,97.38,-0.012654,-0.012473,-103616000.00000001,-204498000.0,-0.05046371146385023,-0.2536136011489943,100881999.99999999,0.20314988968514405,77542.0,36984.0,14125591.252393996,12752818.0985,VAW,IYM,Materials
2018-05-01,4.86128418897221,4.574710978503383,129.19,97.0,-0.002548,-0.003902,0.0,0.0,-0.002547869054972205,-0.00390223865270076,0.0,0.0013543695977285548,71952.0,62648.0,13664086.032393998,10697761.713,VAW,IYM,Materials
2018-05-02,4.8601223563216,4.576976451617309,129.03999,97.22,-0.001161,0.002268,0.0,0.0,-0.0011611579843642398,0.002268041237113402,0.0,-0.0034291992214776417,82040.0,60836.0,13210870.430373996,9749194.433,VAW,IYM,Materials
2018-05-03,4.861903240295856,4.578415448679272,129.27,97.36,0.001782,0.00144,0.0,0.0,0.0017824706899002099,0.001440032915038058,0.0,0.0003424377748621518,109607.0,61271.0,13407952.848373998,9351820.9845,VAW,IYM,Materials
2018-05-04,4.876417951976448,4.593401202388092,131.16,98.83,0.014621,0.015099,0.0,0.0,0.01462056161522395,0.01509860312243221,0.0,-0.00047804150720826,81792.0,86464.0,13258375.979873996,9032947.181,VAW,IYM,Materials
2018-05-07,4.877027784289179,4.594109238628667,131.24001,98.9,0.00061,0.000708,0.0,0.0,0.0006100182982617881,0.0007082869574015987,0.0,-9.826865913981054e-05,61616.0,32259.0,11147918.137181995,7124632.782,VAW,IYM,Materials
2018-05-08,4.8742808728544365,4.591578232468624,130.88,98.65,-0.002743,-0.002528,0.0,0.0,-0.0027431421256369614,-0.0025278058645096056,0.0,-0.00021533626112735585,79897.0,56949.0,10767818.631181996,6499092.21,VAW,IYM,Materials
2018-05-09,4.887940138709539,4.605170185988092,132.67999,100.0,0.013753,0.013685,0.0,0.0,0.013752979828850913,0.013684744044602128,0.0,6.823578424878553e-05,77072.0,33529.0,10583123.859341998,6358143.4245,VAW,IYM,Materials
2018-05-10,4.895673350415294,4.614030814420288,133.71001,100.89,0.007763,0.0089,0.0,0.0,0.007763190214289347,0.0089,0.0,-0.0011368097857106527,58171.0,39009.0,10544848.206313998,6191808.029999999,VAW,IYM,Materials
2018-05-11,4.895299262082924,4.61274145148441,133.66,100.76,-0.000374,-0.001289,0.0,0.0,-0.00037401837005334257,-0.001288532064624839,0.0,0.0009145136945714963,66718.0,27327.0,10576402.247313997,5905566.58,VAW,IYM,Materials
2018-05-14,4.896346147694128,4.615912282519994,133.8,101.08,0.001047,0.003176,0.0,0.0,0.0010474337872213078,0.0031758634378721714,0.0,-0.0021284296506508633,76420.0,81022.0,10598536.037313998,5746700.923,VAW,IYM,Materials
2018-05-15,4.894550815075454,4.614229030476437,133.56,100.91,-0.001794,-0.001682,0.0,0.0,-0.0017937219730941704,-0.0016818361693707953,0.0,-0.00011188580372337512,167233.0,96318.0,11146973.367313998,5924230.0585,VAW,IYM,Materials
2018-05-16,4.907420548699973,4.627322990629224,135.28999,102.24,0.012953,0.01318,0.0,0.0,0.012952905061395507,0.01318006144088792,0.0,-0.00022715637949241238,59556.0,209945.0,11016751.475035997,6651391.9625,VAW,IYM,Materials
2018-05-17,4.910593939916029,4.631130287657623,135.72,102.63,0.003178,0.003815,0.0,0.0,0.003178431752415801,0.0038145539906103286,0.0,-0.0006361222381945277,153997.0,61844.0,11503111.367035996,6739475.919500001,VAW,IYM,Materials
2018-05-18,4.912654885736052,4.63035048451839,136.0,102.55,0.002063,-0.000779,0.0,0.0,0.00206307102858827,-0.00077949917178213,0.0,0.0028425702003704,78639.0,24058.0,11053079.117035996,6705677.461,VAW,IYM,Materials
2018-05-21,4.91661753875152,4.635020207956977,136.53999,103.03,0.003971,0.004681,0.0,0.0,0.003970514705882234,0.004680643588493418,0.0,-0.0007101288826111838,54894.0,31745.0,10960999.885637995,6639477.522499999,VAW,IYM,Materials
2018-05-22,4.908971640319756,4.626540211724284,135.5,102.16,-0.007617,-0.008444,0.0,0.0,-0.007616742904404666,-0.008444142482772008,0.0,0.0008273995783673422,81774.0,40241.0,10861427.534248497,6201195.6225000005,VAW,IYM,Materials
2018-05-23,4.906755163608864,4.621830626881199,135.2,101.68,-0.002214,-0.004699,0.0,0.0,-0.002214022140221402,-0.004698512137823023,0.0,0.002484489997601621,83130.0,52283.0,10943392.624248495,5878835.0345,VAW,IYM,Materials
2018-05-24,4.903495344332353,4.618185123065586,134.75999,101.31,-0.003254,-0.003639,0.0,0.0,-0.003254511834319646,-0.0036388670338316285,0.0,0.00038435519951198274,80983.0,47855.0,11066282.642756997,5897988.907500001,VAW,IYM,Materials
2018-05-25,4.898809478913999,4.612344389736092,134.13,100.72,-0.004675,-0.005824,0.0,0.0,-0.004674903879111181,-0.005823709406771296,0.0,0.0011488055276601154,58989.0,47288.0,11057018.450120997,5972542.216,VAW,IYM,Materials
2018-05-29,4.884315927417586,4.597138014290827,132.2,99.2,-0.014389,-0.015091,0.0,0.0,-0.014389025572206069,-0.015091342335186657,0.0,0.0007023167629805881,102732.0,46117.0,11233914.978120996,6021207.4399999995,VAW,IYM,Materials
2018-05-30,4.896420883316898,4.610953430743819,133.81,100.58,0.012179,0.013911,0.0,0.0,0.012178517397881996,0.013911290322580646,0.0,-0.0017327729246986497,96694.0,77719.0,11416072.241120998,6108213.490999999,VAW,IYM,Materials
2018-05-31,4.88733715316654,4.601162164590552,132.60001,99.6,-0.009043,-0.009744,29835002.25,9960000.0,0.0020551781822272398,0.005491227801826331,19875002.25,-0.003436049619599091,80464.0,63021.0,11420226.562372997,6126334.275,VAW,IYM,Materials
2018-06-01,4.900076103529192,4.614823443016229,134.3,100.97,0.012821,0.013755,0.0,0.0,0.01282043643888117,0.013755020080321286,0.0,-0.0009345836414401155,95323.0,41005.0,11351875.662872996,6035080.7895,VAW,IYM,Materials
2018-06-04,4.904607889450726,4.6194674906889155,134.91,101.44,0.004542,0.004655,0.0,0.0,0.004542069992553984,0.004654847974645934,0.0,-0.00011277798209195083,73814.0,44862.0,11313396.063872997,5835358.9975000005,VAW,IYM,Materials
2018-06-05,4.912066477363677,4.6280074198908485,135.92,102.31,0.007486,0.008576,0.0,0.0,0.0074864724631233896,0.008576498422712934,0.0,-0.0010900259595895447,109201.0,103329.0,11651201.837064996,6204417.742000001,VAW,IYM,Materials
2018-06-06,4.928484811068578,4.647846460268528,138.17,104.36,0.016554,0.020037,0.0,0.0,0.016553855208946443,0.020037142019352947,0.0,-0.0034832868104065044,228259.0,147665.0,12705283.170564996,6694032.7695,VAW,IYM,Materials
2018-06-07,4.923260214611255,4.639958011473755,137.45,103.54,-0.005211,-0.007857,0.0,0.0,-0.005210971991025379,-0.007857416634725948,0.0,0.002646444643700569,121584.0,63129.0,13029573.601100996,6853206.602500001,VAW,IYM,Materials
2018-06-08,4.926021041706347,4.642369626977198,137.83,103.79,0.002765,0.002415,0.0,0.0,0.002764641687886675,0.0024145257871354066,0.0,0.0003501159007512685,59191.0,107759.0,13048586.128015496,7215641.032500001,VAW,IYM,Materials
2018-06-11,4.92768837327533,4.64285125295578,138.06,103.84,0.001669,0.000482,0.0,0.0,0.00166872233911323,0.0004817419789960497,0.0,0.0011869803601171802,56119.0,35488.0,12990099.191015495,7262221.302499999,VAW,IYM,Materials
2018-06-12,4.927471052835487,4.642658630399083,138.03,103.82,-0.000217,-0.000193,0.0,0.0,-0.000217296827466319,-0.0001926040061633282,0.0,-2.46928213029908e-05,75070.0,25422.0,12996944.996015495,6984701.716500001,VAW,IYM,Materials
2018-06-13,4.917642354083495,4.633271616098966,136.67999,102.85,-0.009781,-0.009343,0.0,0.0,-0.009780554951822014,-0.009343093816220381,0.0,-0.00043746113560163245,71965.0,35528.0,12371971.796032997,6681431.9875,VAW,IYM,Materials
2018-06-14,4.918520005188451,4.634340563287871,136.8,102.96,0.000878,0.00107,0.0,0.0,0.0008780363533827627,0.0010695187165775401,0.0,-0.0001914823631947774,51034.0,27595.0,12318177.823810996,5750252.2075000005,VAW,IYM,Materials
2018-06-15,4.912213611918492,4.626638092603332,135.94,102.17,-0.006287,-0.007673,0.0,0.0,-0.006286549707602339,-0.007672882672882673,0.0,0.0013863329652803336,61348.0,35338.0,11690136.537810996,5613423.8945,VAW,IYM,Materials
2018-06-18,4.910004317257438,4.6240900708406025,135.64,101.91,-0.002207,-0.002545,0.0,0.0,-0.002206855965867467,-0.002544778310658706,0.0,0.000337922344791239,81440.0,50573.0,11707717.417810995,5747761.221,VAW,IYM,Materials
2018-06-19,4.892302032093116,4.603869340255043,133.25999,99.87,-0.017547,-0.020018,0.0,0.0,-0.017546520200530765,-0.020017662643508977,0.0,0.0024711424429782122,84990.0,170945.0,11899244.434762996,6437840.711000001,VAW,IYM,Materials
2018-06-20,4.890875380704067,4.601463324056765,133.07001,99.63,-0.001426,-0.002403,0.0,0.0,-0.0014256342057356569,-0.0024031240612796636,0.0,0.0009774898555440067,111916.0,51165.0,12089858.746720996,6487168.130500001,VAW,IYM,Materials
2018-06-21,4.880298792368253,4.593097604753822,131.67,98.8,-0.010521,-0.008331,0.0,0.0,-0.010520852895404578,-0.008330824048981231,0.0,-0.0021900288464233465,150108.0,38561.0,12516135.964720998,6411852.698500001,VAW,IYM,Materials
2018-06-22,4.893052238442539,4.608265390895394,133.36,100.31,0.012835,0.015283,0.0,0.0,0.012835118098276352,0.015283400809716598,0.0,-0.0024482827114402465,59967.0,45316.0,12370332.507212497,6396725.594,VAW,IYM,Materials
2018-06-25,4.8773324467818355,4.58934563564112,131.28,98.43,-0.015597,-0.018742,0.0,0.0,-0.015596880623875398,-0.018741900109660054,0.0,0.003145019485784656,142501.0,139729.0,12910099.342712497,6846259.499500001,VAW,IYM,Materials
2018-06-26,4.882043983908255,4.590158065867588,131.89999,98.51,0.004723,0.005298,0.0,0.0,0.0047226538695917695,0.00081276033729554,0.0,0.00390989353229623,99236.0,34922.0,12885502.193094496,6789527.4905,VAW,IYM,Materials
2018-06-27,4.876799169331325,4.5860892981753,131.21001,98.11,-0.005231,-0.004061,0.0,0.0,-0.005231084551257294,-0.004060501471931784,0.0,-0.00117058307932551,85458.0,58238.0,12799218.237823498,6684365.1485,VAW,IYM,Materials
2018-06-28,4.875960467047302,4.592388851623358,131.10001,98.73,0.004195,0.006319,0.0,0.0,-0.0008383506715686056,0.0063194373662215884,0.0,-0.007157788037790194,99058.0,256213.0,12915067.117120495,7635316.0430000005,VAW,IYM,Materials
2018-06-29,4.8794630213208565,4.595220855134423,131.56,99.01,0.003509,0.002836,46177560.0,-14851500.0,0.02084633823155474,-0.019955710247414896,61029060.0,0.040802048478969635,68126.0,259228.0,12723106.000120496,8711610.514500001,VAW,IYM,Materials
2018-07-02,4.87534998330373,4.590259573252337,131.02,98.52,-0.004105,-0.004949,0.0,0.0,-0.0041045910611128,-0.004948995051004949,0.0,0.0008444039898921488,84098.0,91551.0,12776119.661120497,8935050.6765,VAW,IYM,Materials
2018-07-03,4.873822408973975,4.586598800402656,130.82001,98.16,-0.001526,-0.003654,0.0,0.0,-0.001526408181956925,-0.0036540803897685747,0.0,0.0021276722078116496,58370.0,30907.0,12415787.864305498,8558162.733,VAW,IYM,Materials
2018-07-05,4.883256364766425,4.5974403879261505,132.06,99.23,0.009479,0.010901,0.0,0.0,0.009478595820318285,0.010900570497147514,0.0,-0.0014219746768292293,62573.0,64057.0,11252030.081805497,8105465.5685,VAW,IYM,Materials
2018-07-06,4.888015580548345,4.601362947645137,132.69,99.62,0.004771,0.00393,0.0,0.0,0.004770558836892321,0.0039302630252947696,0.0,0.0008402958115975518,83833.0,55070.0,10972634.080305498,8052950.4055,VAW,IYM,Materials
2018-07-09,4.898212864681969,4.6133367486544845,134.05,100.82,0.01025,0.012046,0.0,0.0,0.010249453613686035,0.012045773940975708,0.0,-0.0017963203272896733,99260.0,43017.0,11230009.453805497,7710583.772000002,VAW,IYM,Materials
2018-07-10,4.905052531521191,4.621338767149675,134.97,101.63,0.006863,0.008034,0.0,0.0,0.006863110779559866,0.008034120214243205,0.0,-0.0011710094346833394,67591.0,39918.0,11298757.860305497,7729173.393000001,VAW,IYM,Materials
2018-07-11,4.889672207433241,4.602667055769973,132.91,99.75,-0.015263,-0.018498,0.0,0.0,-0.015262650959472475,-0.018498474859785497,0.0,0.0032358239003130226,102834.0,107401.0,11464045.602305496,8132870.2785,VAW,IYM,Materials
2018-07-12,4.890800154313742,4.603969465411573,133.06,99.88,0.001129,0.001303,0.0,0.0,0.0011285832518245428,0.0013032581453634084,0.0,-0.0001746748935388656,90987.0,38230.0,11577573.339287996,8141088.158499999,VAW,IYM,Materials
2018-07-13,4.890574666695814,4.604369865817322,133.03,99.92,-0.000225,0.0004,0.0,0.0,-0.000225462197504885,0.00040048057669203043,0.0,-0.0006259427741969154,77590.0,80054.0,11744590.664287997,8398978.8825,VAW,IYM,Materials
2018-07-16,4.881816588819608,4.596432120044806,131.87,99.13,-0.00872,-0.007906,0.0,0.0,-0.008719837630609637,-0.007906325060048038,0.0,-0.0008135125705615986,66352.0,39352.0,11765100.220287997,8413502.897499999,VAW,IYM,Materials
2018-07-17,4.895374075983382,4.61015772749913,133.67,100.5,0.01365,0.01382,0.0,0.0,0.013649806627739266,0.013820236053666902,0.0,-0.00017042942592763663,80183.0,32941.0,11748677.220787998,8321336.700999999,VAW,IYM,Materials
2018-07-18,4.8973919384819045,4.611748501348214,133.94,100.66,0.00202,0.001592,0.0,0.0,0.0020198997531235365,0.0015920398009950248,0.0,0.0004278599521285117,82584.0,32666.0,11735453.941282999,7632130.821500001,VAW,IYM,Materials
2018-07-19,4.891926905432808,4.602767301371781,133.21001,99.76,-0.00545,-0.008941,0.0,0.0,-0.005450126922502585,-0.008940989469501292,0.0,0.0034908625469987067,79099.0,53120.0,11517659.708374497,7642214.934,VAW,IYM,Materials
2018-07-20,4.88778946409741,4.600157644164547,132.66,99.5,-0.004129,-0.002606,0.0,0.0,-0.0041288939172064,-0.0026062550120288693,0.0,-0.0015226389051775308,68503.0,24776.0,10983804.089374498,7574984.194000001,VAW,IYM,Materials
2018-07-23,4.883710600522589,4.595220855134423,132.12,99.01,-0.004071,-0.004925,0.0,0.0,-0.004070556309362279,-0.00492462311557789,0.0,0.0008540668062156104,71017.0,18425.0,11053082.435374497,7438914.7585,VAW,IYM,Materials
2018-07-24,4.894176306501244,4.6061696863211745,133.50999,100.1,0.010521,0.011009,0.0,0.0,0.010520663033605784,0.011008988991011008,0.0,-0.0004883259574052241,59583.0,202900.0,10515452.158082996,7766752.985000001,VAW,IYM,Materials
2018-07-25,4.90044840949395,4.6137334166485795,134.35001,100.86,0.006292,0.007592,0.0,0.0,0.006291813818576478,0.007592407592407592,0.0,-0.0013005937738311147,69172.0,40758.0,10325653.732286997,7800287.268000001,VAW,IYM,Materials
2018-07-26,4.906977032485268,4.62477671562701,135.23,101.98,0.00655,0.011105,0.0,0.0,0.006549980904355692,0.011104501288915328,0.0,-0.004554520384559636,47534.0,55052.0,10086407.621557998,7795310.907000001,VAW,IYM,Materials
2018-07-27,4.903272775767756,4.620551288026394,134.73,101.55,-0.003697,-0.004217,0.0,0.0,-0.0036974044220956888,-0.004216513041772897,0.0,0.0005191086196772079,104169.0,35012.0,10138816.850528996,6708288.8625,VAW,IYM,Materials
2018-07-30,4.90044840949395,4.61690110886379,134.35001,101.18,-0.00282,-0.003644,0.0,0.0,-0.0028203815037482097,-0.0036435253569670114,0.0,0.0008231438532188017,72064.0,32465.0,10174773.978560997,5589221.0835,VAW,IYM,Materials
2018-07-31,4.908824027949571,4.627322990629224,135.48,102.24,0.008411,0.010476,-3386999.9999999995,-20448000.0,0.007190959989682468,-0.02085622215990843,17061000.0,0.0280471821495909,59351.0,46783.0,10025891.654560996,5377395.553499999,VAW,IYM,Materials
2018-08-01,4.8990331175149535,4.616505695651837,134.16,101.14,-0.009743,-0.010759,0.0,0.0,-0.00974313551815766,-0.010758998435054772,0.0,0.0010158629168971114,67672.0,50522.0,10098037.231375996,5481193.7515,VAW,IYM,Materials
2018-08-02,4.891401206172557,4.606768907351788,133.14,100.16,-0.007603,-0.00969,0.0,0.0,-0.007602862254025217,-0.009689539252521258,0.0,0.002086676998496041,65091.0,39219.0,10118178.499375997,5359783.698,VAW,IYM,Materials
2018-08-03,4.899852698084617,4.615417502439641,134.27,101.03,0.008487,0.008686,0.0,0.0,0.00848730659456229,0.008686102236421725,0.0,-0.00019879564185943527,64813.0,36840.0,9997110.536375996,5271577.288000001,VAW,IYM,Materials
2018-08-06,4.901192382714874,4.615219521841093,134.45,101.01,0.001341,-0.000198,0.0,0.0,0.0013405824085797274,-0.00019796100168266851,0.0,0.001538543410262396,68986.0,59529.0,9795578.771375995,5355379.8055,VAW,IYM,Materials
2018-08-07,4.902678744990988,4.617790217344194,134.64999,101.27,0.001488,0.002574,0.0,0.0,0.0014874674600222856,0.002574002574002574,0.0,-0.0010865351139802883,83540.0,25738.0,9901873.916105997,5282860.8515,VAW,IYM,Materials
2018-08-08,4.9001505609209834,4.616703421801764,134.31,101.16,-0.002525,-0.001086,0.0,0.0,-0.002524990904195361,-0.001086205194035746,0.0,-0.0014387857101596149,48751.0,51840.0,9545877.909605999,5009405.084000001,VAW,IYM,Materials
2018-08-09,4.902975841610724,4.621437158451963,134.69,101.64,0.002829,0.004745,0.0,0.0,0.0028292755565482836,0.004744958481613286,0.0,-0.0019156829250650026,83464.0,42529.0,9502629.706605997,5034616.841999999,VAW,IYM,Materials
2018-08-10,4.889596890474652,4.607367769531579,132.89999,100.22,-0.01329,-0.013971,0.0,0.0,-0.01328985076843124,-0.013970877607241243,0.0,0.0006810268388100036,73971.0,43464.0,9478077.079620497,4852465.1620000005,VAW,IYM,Materials
2018-08-13,4.878778688708513,4.597238815661811,131.47,99.21,-0.01076,-0.010078,0.0,0.0,-0.01075989546726073,-0.01007782877669128,0.0,-0.0006820666905694509,86064.0,48737.0,9606326.871620497,4899176.8625,VAW,IYM,Materials
2018-08-14,4.885903169351665,4.604369865817322,132.41,99.92,0.00715,0.007157,0.0,0.0,0.007149920133870845,0.0071565366394516685,0.0,-6.616505580823821e-06,74996.0,40284.0,9566934.809120497,4934907.2015,VAW,IYM,Materials
2018-08-15,4.8696092197094725,4.58445714439055,130.27,97.95,-0.016162,-0.019716,0.0,0.0,-0.016161921305037383,-0.019715772618094474,0.0,0.003553851313057091,144354.0,74016.0,9954119.540120497,5132992.5835,VAW,IYM,Materials
2018-08-16,4.876646654092939,4.593401202388092,131.19,98.83,0.007062,0.008984,0.0,0.0,0.007062255315882398,0.008984175599795814,0.0,-0.001921920283913416,84778.0,37134.0,9983381.902070997,5051527.6845,VAW,IYM,Materials
2018-08-17,4.883786286426125,4.600358628990869,132.13,99.52,0.007165,0.006982,0.0,0.0,0.007165180272886653,0.006981685722958616,0.0,0.00018349454992803646,56834.0,38095.0,9904475.324070996,5117827.804500001,VAW,IYM,Materials
2018-08-20,4.889747443486393,4.608265390895394,132.92,100.31,0.005979,0.007938,0.0,0.0,0.005978960115038045,0.007938102893890676,0.0,-0.0019591427788526305,164958.0,32604.0,10531647.890070997,5190140.204000001,VAW,IYM,Materials
2018-08-21,4.895822841884705,4.613435930405124,133.73,100.83,0.006094,0.005184,0.0,0.0,0.006093891062293283,0.005183929817565547,0.0,0.0009099612447277363,110199.0,62472.0,10870747.216862496,4489578.292,VAW,IYM,Materials
2018-08-22,4.892602227184663,4.611152257665639,133.3,100.6,-0.003215,-0.002281,0.0,0.0,-0.003215434083601286,-0.0022810671427154617,0.0,-0.0009343669408858244,66854.0,49294.0,10851666.182276499,4531984.518,VAW,IYM,Materials
2018-08-23,4.884088972769716,4.602165676967792,132.17,99.7,-0.008477,-0.008946,0.0,0.0,-0.008477119279820129,-0.008946322067594433,0.0,0.0004692027877743043,60816.0,21568.0,10932167.577276496,4358790.85,VAW,IYM,Materials
2018-08-24,4.896570337808283,4.614526280912116,133.83,100.94,0.01256,0.012437,0.0,0.0,0.012559582356056946,0.012437311935807422,0.0,0.0001222704202495234,89072.0,23849.0,10826458.396776497,4301383.323,VAW,IYM,Materials
2018-08-27,4.910004317257438,4.6280074198908485,135.64,102.31,0.013525,0.013572,0.0,0.0,0.013524620787565968,0.013572419258965723,0.0,-4.779847139975424e-05,87898.0,29339.0,10938492.676744496,4287226.5425,VAW,IYM,Materials
2018-08-28,4.906681196376314,4.6257568195964796,135.19,102.08,-0.003318,-0.002248,0.0,0.0,-0.003317605426127816,-0.0022480695924152086,0.0,-0.0010695358337126076,55861.0,30180.0,10914041.432244498,4202110.5665,VAW,IYM,Materials
2018-08-29,4.913022465229256,4.632201525039122,136.05,102.74,0.006361,0.006465,0.0,0.0,0.006361417264590576,0.00646551724137931,0.0,-0.00010409997678873396,210587.0,46699.0,11892615.723744497,4186513.5755000003,VAW,IYM,Materials
2018-08-30,4.902010196224638,4.6197631882909915,134.56,101.47,-0.010952,-0.012361,0.0,0.0,-0.010951855935317898,-0.01236130036986568,0.0,0.0014094444345477825,83536.0,47952.0,12021335.144744497,4233389.2955,VAW,IYM,Materials
2018-08-31,4.899629317212338,4.619073091157083,134.24001,101.4,-0.002378,-0.00069,-23492001.750000004,-30420000.0,-0.010835746889444522,-0.04865674583620774,6927998.249999996,0.03782099894676322,48039.0,35388.0,11908650.861263996,4226709.195499999,VAW,IYM,Materials
2018-09-04,4.892152088378013,4.609660091260944,133.24001,100.45,-0.007449,-0.009369,0.0,0.0,-0.0074493439027604365,-0.009368836291913214,0.0,0.0019194923891527778,78549.0,49899.0,11968185.953538498,4176675.7085,VAW,IYM,Materials
2018-09-05,4.898511216291551,4.614328123772857,134.09,100.92,0.006379,0.004679,0.0,0.0,0.006379390094611943,0.00467894474863116,0.0,0.0017004453459807832,54095.0,52414.0,11768432.872808497,4310832.3895,VAW,IYM,Materials
2018-09-06,4.899256706112866,4.6149224774307696,134.19,100.98,0.000746,0.000595,0.0,0.0,0.0007457677679170706,0.0005945303210463733,0.0,0.00015123744687069727,97637.0,70024.0,12096140.983808497,4402176.8455,VAW,IYM,Materials
2018-09-07,4.8931272206343035,4.607966273290093,133.37,100.28,-0.006111,-0.006932,0.0,0.0,-0.006110738505104702,-0.0069320657555951674,0.0,0.0008213272504904653,77855.0,45461.0,12053228.743308496,4413985.9215,VAW,IYM,Materials
2018-09-10,4.89387673348606,4.6076670661866785,133.47,100.25,0.00075,-0.000299,0.0,0.0,0.0007497938067031566,-0.0002991623454327882,0.0,0.0010489561521359449,52682.0,42193.0,11913264.812293997,4407680.2299999995,VAW,IYM,Materials
2018-09-11,4.893801882404276,4.608065989100117,133.46001,100.29,-7.5e-05,0.000399,0.0,0.0,-7.484828051244678e-05,0.00039900249376558606,0.0,-0.00047385077427803285,71372.0,175461.0,11823788.499979999,5045769.526,VAW,IYM,Materials
2018-09-12,4.89507478679297,4.607567310587813,133.63,100.24,0.001274,-0.000499,0.0,0.0,0.0012737148753397835,-0.0004985541928407618,0.0,0.0017722690681805453,81678.0,46656.0,11873009.038979996,5078350.534,VAW,IYM,Materials
2018-09-13,4.898734921598028,4.610058220060867,134.12,100.49,0.003667,0.002494,0.0,0.0,0.003666841278156103,0.0024940143655227454,0.0,0.0011728269126333574,58582.0,30406.0,11325610.151979996,4868632.121,VAW,IYM,Materials
2018-09-14,4.899778144028255,4.608863357825709,134.25999,100.37,0.001044,-0.001194,0.0,0.0,0.0010437667760214455,-0.001194148671509603,0.0,0.0022379154475310487,61708.0,38001.0,11183754.634125996,4875842.478499999,VAW,IYM,Materials
2018-09-17,4.902901520042796,4.612443669954589,134.67999,100.73,0.003128,0.003587,0.0,0.0,0.00312825883571122,0.0035867291023214108,0.0,-0.00045847026661019084,45518.0,32761.0,11114799.002366997,4851282.535,VAW,IYM,Materials
2018-09-18,4.904533689084723,4.611748501348214,134.89999,100.66,0.001634,-0.000695,0.0,0.0,0.00163350175478926,-0.0006949270326615705,0.0,0.0023284287874508307,49600.0,32186.0,10353040.109566998,4849749.311,VAW,IYM,Materials
2018-09-19,4.91316953269435,4.623108331119105,136.07001,101.81,0.008673,0.011425,0.0,0.0,0.008673240079558253,0.011424597655473873,0.0,-0.00275135757591562,55842.0,37536.0,9996115.570987998,4725873.731000001,VAW,IYM,Materials
2018-09-20,4.923187458235946,4.634243433473799,137.44,102.95,0.010068,0.011197,0.0,0.0,0.010068272942729968,0.011197328356742952,0.0,-0.001129055414012984,80941.0,38825.0,10106760.212987997,4677776.5985,VAW,IYM,Materials
2018-09-21,4.9193237756456645,4.632979886627359,136.91,102.82,-0.003856,-0.001263,0.0,0.0,-0.003856228172293364,-0.0012627489072365226,0.0,-0.0025934792650568416,79070.0,757929.0,10246131.361987997,8466773.1075,VAW,IYM,Materials
2018-09-24,4.903347069749522,4.6196646321385435,134.74001,101.46,-0.011562,-0.013227,0.0,0.0,-0.015849755313709708,-0.013226998638397198,0.0,-0.0026227566753125094,59054.0,41552.0,10047952.901514996,8557200.5005,VAW,IYM,Materials
2018-09-25,4.898884030671591,4.618283825133474,134.14,101.32,-0.004453,-0.00138,0.0,0.0,-0.004453094518844306,-0.0013798541297062883,0.0,-0.0030732403891380183,76277.0,29275.0,9963418.504514996,8555423.996,VAW,IYM,Materials
2018-09-26,4.889446465305039,4.603969465411573,132.88,99.88,-0.009393,-0.010794,0.0,0.0,-0.009393171313552832,-0.01421239636794315,0.0,0.0048192250543903185,76778.0,53045.0,10095939.107014997,8666292.006000001,VAW,IYM,Materials
2018-09-27,4.880830359119634,4.594311442653216,131.74001,98.92,-0.008579,-0.009612,0.0,0.0,-0.00857909391932568,-0.00961153384060873,0.0,0.0010324399212830512,81054.0,37578.0,9197323.778041998,8612260.031,VAW,IYM,Materials
2018-09-28,4.876036665511311,4.589244035437832,131.11,98.42,-0.004782,-0.005055,6555500.000000001,68894000.0,-0.0023509480044598637,0.11199781166004615,-62338500.0,-0.11434875966450601,67359.0,32335.0,9076865.494541997,8528096.094,VAW,IYM,Materials
2018-10-01,4.883634908890262,4.5979441408963515,132.11,99.28,0.007627,0.008738,0.0,0.0,0.007627183281214246,0.008738061369640317,0.0,-0.0011108780884260703,111791.0,29398.0,9492863.153022496,8494610.606,VAW,IYM,Materials
2018-10-02,4.885752111949565,4.6016640466588035,132.39,99.65,0.002119,0.003727,0.0,0.0,0.002119445916281534,0.003726833199033038,0.0,-0.0016073872827515041,78339.0,41445.0,9488134.686247995,8450492.591,VAW,IYM,Materials
2018-10-03,4.880830359119634,4.598749618185169,131.74001,99.36,-0.00491,-0.00291,0.0,0.0,-0.004909660850517208,-0.0029101856497742097,0.0,-0.001999475200742998,66716.0,114563.0,9564913.084105996,8755160.531,VAW,IYM,Materials
2018-10-04,4.874662752862969,4.592490132830717,130.92999,98.74,-0.006149,-0.00624,0.0,0.0,-0.006148625614951809,-0.006239935587761675,0.0,9.1309972809866e-05,123007.0,98359.0,9715082.896602497,8887207.738,VAW,IYM,Materials
2018-10-05,4.866071842904903,4.5827200571505,129.81,97.78,-0.008554,-0.009722,0.0,0.0,-0.008554113538082423,-0.009722503544662751,0.0,0.0011683900065803283,84627.0,90514.0,9745178.372602496,9101789.23,VAW,IYM,Materials
2018-10-08,4.866148952635053,4.583844399273339,129.82001,97.89,7.7e-05,0.001125,0.0,0.0,7.711270318160171e-05,0.0011249744323992637,0.0,-0.001047861729217662,77293.0,132132.0,9895313.947248997,9537016.8915,VAW,IYM,Materials
2018-10-09,4.832943005685963,4.549763178716353,125.58,94.61,-0.032661,-0.033507,0.0,0.0,-0.03266068150818971,-0.03350699765042395,0.0,0.000846316142234238,132100.0,181361.0,10248504.455562998,9515095.9175,VAW,IYM,Materials
2018-10-10,4.806395273201279,4.525802250604519,122.29,92.37,-0.026198,-0.023676,0.0,0.0,-0.026198439241917504,-0.02367614417080647,0.0,-0.0025222950711110345,599228.0,186925.0,13366752.504562998,10144569.158,VAW,IYM,Materials
2018-10-11,4.792893792071041,4.515683019486556,120.65,91.44,-0.013411,-0.010068,0.0,0.0,-0.013410744950527435,-0.01006820396232543,0.0,-0.0033425409882020043,317264.0,141476.0,14887796.692562997,10638622.483,VAW,IYM,Materials
2018-10-12,4.7961210694801,4.519394408966687,121.04,91.78,0.003232,0.003718,0.0,0.0,0.003232490675507667,0.0037182852143482063,0.0,-0.00048579453884053936,161888.0,89231.0,15453297.095416997,10857395.5235,VAW,IYM,Materials
2018-10-15,4.793473814459594,4.514260310628249,120.72,91.31,-0.002644,-0.005121,0.0,0.0,-0.0026437541308658294,-0.005120941381564611,0.0,0.0024771872506987817,75794.0,52766.0,15604271.490175998,10933297.919999998,VAW,IYM,Materials
2018-10-16,4.811045495735781,4.5306621338130295,122.86,92.82,0.017727,0.016537,0.0,0.0,0.01772697150430749,0.016537071514620524,0.0,0.0011898999896869655,79586.0,424429.0,15758616.312975999,12741080.771,VAW,IYM,Materials
2018-10-17,4.803365091938336,4.524285457247627,121.92,92.23,-0.007651,-0.006356,0.0,0.0,-0.0076509848608171905,-0.006356388709329886,0.0,-0.0012945961514873048,120786.0,45896.0,16115006.694055,12761653.167,VAW,IYM,Materials
2018-10-18,4.791649752930709,4.513712575499256,120.5,91.26,-0.011647,-0.010517,0.0,0.0,-0.011646981627296589,-0.0105171852976255,0.0,-0.001129796329671088,87796.0,67506.0,16087751.042055,12869831.3575,VAW,IYM,Materials
2018-10-19,4.7835673858898895,4.50678528406669,119.53,90.63,-0.00805,-0.006903,0.0,0.0,-0.008049792531120332,-0.006903353057199211,0.0,-0.001146439473921121,149068.0,93513.0,16437382.259054998,9397072.528,VAW,IYM,Materials
2018-10-22,4.776683544065443,4.501474949649326,118.71,90.15,-0.00686,-0.005296,0.0,0.0,-0.006860202459633565,-0.005296259516716319,0.0,-0.0015639429429172456,115987.0,62229.0,16727976.270027999,9466776.4495,VAW,IYM,Materials
2018-10-23,4.7641378170837365,4.485372622532496,117.23,88.71,-0.012467,-0.015973,0.0,0.0,-0.01246735742565917,-0.015973377703826955,0.0,0.003506020278167786,264368.0,1123792.0,17765979.463028,14303048.7155,VAW,IYM,Materials
2018-10-24,4.727387818712341,4.449217884214205,113.0,85.56,-0.036083,-0.035509,0.0,0.0,-0.03608291392988143,-0.035508961785593506,0.0,-0.0005739521442879245,198803.0,106761.0,18379103.381028,14494865.5435,VAW,IYM,Materials
2018-10-25,4.743801054157313,4.466827236366346,114.87,87.08,0.016549,0.017765,0.0,0.0,0.016548672566371683,0.017765310892940627,0.0,-0.0012166383265689446,153109.0,111243.0,18724582.184001,14793356.7775,VAW,IYM,Materials
2018-10-26,4.734530391293799,4.457018144964233,113.81,86.23,-0.009228,-0.009761,0.0,0.0,-0.009227822756159137,-0.009761139182361047,0.0,0.0005333164262019095,569925.0,146977.0,21526168.472000998,15267927.578,VAW,IYM,Materials
2018-10-29,4.730568595382425,4.455044727410454,113.36,86.06,-0.003954,-0.001972,0.0,0.0,-0.003953958351638696,-0.0019714716455989795,0.0,-0.0019824867060397166,188184.0,155383.0,21854359.933500998,15790608.955000002,VAW,IYM,Materials
2018-10-30,4.751000634199631,4.470151974310003,115.7,87.37,0.020642,0.015222,0.0,0.0,0.020642201834862386,0.015221938182663259,0.0,0.005420263652199128,188681.0,78319.0,22427314.508000996,15926245.794,VAW,IYM,Materials
2018-10-31,4.7622594012308666,4.4835673642288425,117.01,88.55,0.011322,0.013506,67280750.0,-141680000.0,0.03966524124080505,-0.23034523472467366,208960750.0,0.2700104759654787,102429.0,120250.0,22587117.047142997,15889503.684999999,VAW,IYM,Materials
2018-11-01,4.792479284293085,4.513712575499256,120.6,91.26,0.030681,0.030604,0.0,0.0,0.030681138364242373,0.030604178430265385,0.0,7.695993397698747e-05,131246.0,76968.0,22573265.163146496,15755110.285999998,VAW,IYM,Materials
2018-11-02,4.793473814459594,4.513602992462601,120.72,91.25,0.000995,-0.00011,0.0,0.0,0.0009950248756218905,-0.00010957703265395574,0.0,0.0011046019082758462,153871.0,99402.0,22952758.975646496,15766108.965,VAW,IYM,Materials
2018-11-05,4.795790545596741,4.515683019486556,121.0,91.44,0.002319,0.002082,0.0,0.0,0.0023194168323392977,0.0020821917808219177,0.0,0.00023722505151737997,111733.0,54313.0,23127034.724,15367707.927000001,VAW,IYM,Materials
2018-11-06,4.807539438085824,4.528828952731369,122.43,92.65,0.011818,0.013233,0.0,0.0,0.011818181818181818,0.013232720909886263,0.0,-0.0014145390917044455,124712.0,41140.0,23061003.332,14700360.766500002,VAW,IYM,Materials
2018-11-07,4.826311734631628,4.547329186298241,124.75,94.38,0.01895,0.018672,0.0,0.0,0.018949603855264233,0.018672423097679438,0.0,0.0002771807575847954,96311.0,54869.0,19997763.5885,14095974.465,VAW,IYM,Materials
2018-11-08,4.820362207514681,4.5409516136614405,124.01,93.78,-0.005932,-0.006357,0.0,0.0,-0.00593186372745491,-0.006357279084551812,0.0,0.00042541535709690256,88201.0,63481.0,18630758.808999997,13746808.602000002,VAW,IYM,Materials
2018-11-09,4.804512727116349,4.524502282920636,122.06,92.25,-0.015725,-0.016315,0.0,0.0,-0.01572453834368196,-0.016314779270633396,0.0,0.0005902409269514346,83393.0,56183.0,18159960.111999996,13596471.630499998,VAW,IYM,Materials
2018-11-12,4.789323397611016,4.508328834538536,120.22,90.77,-0.015075,-0.016043,0.0,0.0,-0.015074553498279535,-0.016043360433604336,0.0,0.0009688069353248011,93899.0,97727.0,18266894.417,13799102.447,VAW,IYM,Materials
2018-11-13,4.78757507264335,4.50236196600641,120.01,90.23,-0.001747,-0.005949,0.0,0.0,-0.00174679753784728,-0.005949102126253167,0.0,0.004202304588405887,174422.0,61117.0,18824616.829999994,12105056.8035,VAW,IYM,Materials
2018-11-14,4.787074989285704,4.501474949649326,119.95,90.15,-0.0005,-0.000887,0.0,0.0,-0.0004999583368052662,-0.0008866230743655104,0.0,0.0003866647375602442,145639.0,67599.0,18961775.276499994,12198109.891999999,VAW,IYM,Materials
2018-11-15,4.802298250099019,4.515683019486556,121.79,91.44,0.01534,0.01431,0.0,0.0,0.015339724885368904,0.014309484193011647,0.0,0.0010302406923572566,223337.0,91689.0,19792815.037999995,12309282.122,VAW,IYM,Materials
2018-11-16,4.808763878057586,4.523526196947581,122.58,92.16,0.006487,0.007874,0.0,0.0,0.0064865752524837835,0.007874015748031496,0.0,-0.0013874404955477124,115440.0,65133.0,19609441.895999998,12185660.826499999,VAW,IYM,Materials
2018-11-19,4.793556647344296,4.508328834538536,120.73,90.77,-0.015092,-0.015083,0.0,0.0,-0.015092184695708924,-0.015082465277777778,0.0,-9.719417931146335e-06,145727.0,38532.0,19800682.092999995,12080041.091,VAW,IYM,Materials
2018-11-20,4.77423762710363,4.486161399405889,118.42,88.78,-0.019134,-0.021924,0.0,0.0,-0.019133603909550236,-0.02192354302082186,0.0,0.002789939111271622,144286.0,98495.0,19105406.466999996,7532680.9799999995,VAW,IYM,Materials
2018-11-21,4.784403646182813,4.4978076676595915,119.63,89.82,0.010218,0.011714,0.0,0.0,0.010217868603276474,0.011714350078846454,0.0,-0.0014964814755699801,98064.0,71352.0,18568739.332999997,7396399.254000001,VAW,IYM,Materials
2018-11-23,4.77423762710363,4.485485343042112,118.42,88.72,-0.010115,-0.012247,0.0,0.0,-0.01011451976928864,-0.012246715653529151,0.0,0.0021321958842405106,51612.0,23044.0,17994952.443499997,7014270.415999999,VAW,IYM,Materials
2018-11-26,4.783734693904334,4.4953553199808844,119.55,89.6,0.009542,0.009919,0.0,0.0,0.009542307042729268,0.009918845807033363,0.0,-0.0003765387643040949,107021.0,84824.0,15391512.258499999,6760590.6005,VAW,IYM,Materials
2018-11-27,4.769836807543325,4.4790399088438795,117.9,88.15,-0.013802,-0.016183,0.0,0.0,-0.013801756587202008,-0.016183035714285716,0.0,0.002381279127083708,97827.0,92592.0,14901575.511499997,6500076.791499999,VAW,IYM,Materials
2018-11-28,4.787325062224947,4.495578509357997,119.98,89.62,0.017642,0.016676,0.0,0.0,0.0176420695504665,0.01667612024957459,0.0,0.0009659493008919093,195972.0,64359.0,14985691.954499999,6446332.919,VAW,IYM,Materials
2018-11-29,4.791317747615575,4.501918556177617,120.46,90.19,0.004001,0.00636,0.0,0.0,0.0040006667777962995,0.006360187458156662,0.0,-0.002359520680360362,126796.0,93255.0,15150123.397999996,6334459.466499999,VAW,IYM,Materials
2018-11-30,4.796203683384068,4.507336825639328,121.05,90.68,0.004898,0.005433,-172496250.0,-4534000.0,-0.06299417644210374,-0.004521807098106287,-167962250.0,-0.05847236934399745,101394.0,54790.0,14972397.202999998,6231672.342499999,VAW,IYM,Materials
2018-12-03,4.8121030512543195,4.526884267589547,122.99,92.47,0.016026,0.01974,0.0,0.0,0.016026435357290376,0.01973974415527115,0.0,-0.0037133087979807737,127499.0,90356.0,14827686.9475,6195911.6835,VAW,IYM,Materials
2018-12-04,4.777609742927595,4.493120682179469,118.82,89.4,-0.033905,-0.0332,0.0,0.0,-0.0339051955443532,-0.03319995674272737,0.0,-0.0007052388016258321,130559.0,97428.0,14927353.316499999,6383095.8075,VAW,IYM,Materials
2018-12-06,4.764223115842691,4.476995847264583,117.24,87.97,-0.013297,-0.015996,0.0,0.0,-0.013297424675980475,-0.015995525727069353,0.0,0.0026981010510888775,216024.0,170161.0,15430261.496499997,6940967.915999999,VAW,IYM,Materials
2018-12-07,4.73926392046879,4.4499189007168,114.35,85.62,-0.02465,-0.026714,0.0,0.0,-0.024650290003411804,-0.02671365238149369,0.0,0.002063362378081888,157973.0,112021.0,15732732.261499997,7161603.006,VAW,IYM,Materials
2018-12-10,4.738739077909506,4.452368595730128,114.29,85.83,-0.000525,0.002453,0.0,0.0,-0.000524704853519895,0.002452697967764541,0.0,-0.002977402821284436,222573.0,124142.0,16457735.369499996,7396695.989999999,VAW,IYM,Materials
2018-12-11,4.73444252169223,4.448282430450947,113.8,85.48,-0.004287,-0.004078,0.0,0.0,-0.004287339224779071,-0.0040778282651753464,0.0,-0.00020951095960372416,143615.0,136371.0,16765957.240499998,7720401.5565,VAW,IYM,Materials
2018-12-12,4.743801054157313,4.4581771622474315,114.87,86.33,0.009402,0.009944,0.0,0.0,0.009402460456942003,0.0099438465138044,0.0,-0.0005413860568623963,160554.0,98059.0,17123672.250499997,7700139.2405,VAW,IYM,Materials
2018-12-13,4.726945242914012,4.448399410038142,112.95,85.49,-0.011224,-0.00973,0.0,0.0,-0.0167145468790807,-0.009730105409475269,0.0,-0.006984441469605432,147343.0,111180.0,16909172.632,7899648.805,VAW,IYM,Materials
2018-12-14,4.718855950391908,4.436278049505797,112.04,84.46,-0.008057,-0.012048,0.0,0.0,-0.008056662239929173,-0.012048192771084477,0.0,0.003991530531155304,200523.0,109158.0,17159032.575499997,8055920.5465,VAW,IYM,Materials
2018-12-17,4.700662167447312,4.418840607796598,110.02,83.0,-0.018029,-0.013779,0.0,0.0,-0.01802927525883613,-0.01728628936774791,0.0,-0.0007429858910882221,1870661.0,133352.0,26089528.074999996,8190129.238499999,VAW,IYM,Materials
2018-12-18,4.707004491869359,4.424007956913983,110.72,83.43,0.006363,0.005181,0.0,0.0,0.006362479549172878,0.005180722891566409,0.0,0.0011817566576064692,426182.0,192642.0,27741339.866999995,8693602.477500001,VAW,IYM,Materials
2018-12-19,4.6930894840259745,4.411464070327499,109.19,82.39,-0.013819,-0.012466,0.0,0.0,-0.013818641618497109,-0.01246553997363073,0.0,-0.0013531016448663797,316105.0,267219.0,28587434.078999996,9619533.666,VAW,IYM,Materials
2018-12-20,4.681019498271529,4.400725712106366,107.88,81.51,-0.011998,-0.010681,0.0,0.0,-0.011997435662606465,-0.010680907877169559,0.0,-0.0013165277854369061,326602.0,264070.0,29494807.860999994,10258531.646000002,VAW,IYM,Materials
2018-12-21,4.670302280925873,4.392595586023115,106.73,80.85,-0.01066,-0.008097,0.0,0.0,-0.010659992584352984,-0.008097165991902834,0.0,-0.0025628265924501504,440275.0,207291.0,31257765.5825,10776063.681499999,VAW,IYM,Materials
2018-12-24,4.644871552839644,4.3688147407016515,104.05,78.95,-0.02511,-0.0235,0.0,0.0,-0.0251100908835379,-0.02350030921459493,0.0,-0.0016097816689429716,174032.0,87605.0,31857572.410499997,11019661.235000001,VAW,IYM,Materials
2018-12-26,4.688131706702439,4.411099882159589,108.65,82.36,0.04421,0.043192,0.0,0.0,0.044209514656415184,0.04319189360354655,0.0,0.0010176210528686364,280774.0,116968.0,32743159.138,11121323.939,VAW,IYM,Materials
2018-12-27,4.704925019125084,4.429148741742616,110.49,83.86,0.016935,0.018213,0.0,0.0,0.01693511274735389,0.018212724623603693,0.0,-0.0012776118762498033,336067.0,126142.0,34023071.1145,11242138.105,VAW,IYM,Materials
2018-12-28,4.699024761459715,4.422808628394115,109.84,83.33,-0.005883,-0.00632,0.0,0.0,-0.005882885328989049,-0.006320057238254234,0.0,0.00043717190926518493,208347.0,95099.0,33991676.810499996,11349975.409500001,VAW,IYM,Materials
2018-12-31,4.707997495787562,4.430340494952432,110.83,83.96,0.009013,0.00756,-213347750.0,-12593999.999999998,-0.08974878744941588,-0.022666506660266553,-200753750.0,-0.06708228078914932,328458.0,88877.0,35048134.5095,11302547.633,VAW,IYM,Materials
2019-01-02,4.712678393703377,4.437579593794131,111.35,84.57,0.004692,0.007265,0.0,0.0,0.004691870432193449,0.007265364459266318,0.0,-0.002573494027072869,193556.0,60675.0,35512070.354499996,11310694.0105,VAW,IYM,Materials
2019-01-03,4.6862892372728835,4.40745068701404,108.45,82.06,-0.026044,-0.02968,0.0,0.0,-0.026044005388414906,-0.029679555397895095,0.0,0.0036355500094801887,117541.0,70684.0,35365381.3265,11182949.4965,VAW,IYM,Materials
2019-01-04,4.72579362831183,4.447814375211885,112.82,85.44,0.040295,0.041189,0.0,0.0,0.040295066851083326,0.041189373629051916,0.0,-0.0008943067779685898,115010.0,88742.0,35238501.717499994,11126552.160500001,VAW,IYM,Materials
2019-01-07,4.730480376953538,4.449217884214205,113.35,85.56,0.004698,0.001404,0.0,0.0,0.004697748626130239,0.0014044943820224719,0.0,0.003293254244107767,458750.0,80899.0,36572134.65449999,10724184.924,VAW,IYM,Materials
2019-01-08,4.741709550126918,4.461415282342953,114.63,86.61,0.011292,0.012272,0.0,0.0,0.01129245699161888,0.012272089761570827,0.0,-0.000979632769951947,2334716.0,85115.0,49050348.781,10613213.5305,VAW,IYM,Materials
2019-01-09,4.744410253079596,4.464758032271346,114.94,86.9,0.002704,0.003348,0.0,0.0,0.002704353136177266,0.0033483431474425587,0.0,-0.0006439900112652926,167979.0,72251.0,48743830.685499996,10394388.7325,VAW,IYM,Materials
2019-01-10,4.753331536968612,4.472666836174998,115.97,87.59,0.008961,0.00794,0.0,0.0,0.008961197146337219,0.007940161104718067,0.0,0.001021036041619152,114527.0,85982.0,48590746.144999996,10188097.247499999,VAW,IYM,Materials
2019-01-11,4.750481917148146,4.46763077196603,115.64,87.15,-0.002846,-0.005023,0.0,0.0,-0.0028455635078037424,-0.005023404498230391,0.0,0.002177840990426649,107685.0,40811.0,48291238.91599999,9942659.5065,VAW,IYM,Materials
2019-01-14,4.742930125692577,4.458756167532555,114.77,86.38,-0.007523,-0.008835,0.0,0.0,-0.007523348322379799,-0.008835341365461847,0.0,0.0013119930430820475,139436.0,30399.0,48259272.809499994,9598713.877500001,VAW,IYM,Materials
2019-01-15,4.736373871603436,4.45213554981903,114.02,85.81,-0.006535,-0.006599,0.0,0.0,-0.006534808747930644,-0.006598749710581153,0.0,6.394096265050896e-05,137697.0,72503.0,47920953.560499996,9448813.765,VAW,IYM,Materials
2019-01-16,4.742058438050213,4.460260014192283,114.67,86.51,0.005701,0.008158,0.0,0.0,0.005700754253639712,0.008157557394243096,0.0,-0.0024568031406033836,306566.0,39687.0,39388143.5605,9067069.083500002,VAW,IYM,Materials
2019-01-17,4.758406161886949,4.4765410433909105,116.56,87.93,0.016482,0.016414,0.0,0.0,0.016482079009331123,0.016414287365622615,0.0,6.779164370850771e-05,176970.0,50921.0,38060181.16849999,8487337.157000002,VAW,IYM,Materials
2019-01-18,4.77423762710363,4.493679809954728,118.42,89.45,0.015958,0.017286,0.0,0.0,0.015957446808510637,0.01728647788013178,0.0,-0.0013290310716211444,141878.0,65378.0,37174465.559,7678931.591500001,VAW,IYM,Materials
2019-01-22,4.760719886729057,4.477223171657469,116.83,87.99,-0.013427,-0.016322,0.0,0.0,-0.013426786015875696,-0.016321967579653436,0.0,0.00289518156377774,257439.0,103087.0,36916604.28949999,7056245.562999999,VAW,IYM,Materials
2019-01-23,4.754365752349944,4.470495282661489,116.09,87.4,-0.006334,-0.006705,0.0,0.0,-0.006333989557476676,-0.006705307421297875,0.0,0.00037131786382119895,132110.0,46444.0,35333909.246999994,6421231.9755,VAW,IYM,Materials
2019-01-24,4.7510870608882465,4.464527856185625,115.71,86.88,-0.003273,-0.00595,0.0,0.0,-0.0032733224222585926,-0.005949656750572082,0.0,0.0026763343283134895,115882.0,44795.0,35098943.077999994,6270000.718,VAW,IYM,Materials
2019-01-25,4.770345583947075,4.486048755080228,117.96,88.77,0.019445,0.021754,0.0,0.0,0.01944516463572725,0.02175414364640884,0.0,-0.0023089790106815902,59671.0,58906.0,33925577.881,6049780.775,VAW,IYM,Materials
2019-01-28,4.769073157258028,4.483906098495052,117.81,88.58,-0.001272,-0.00214,0.0,0.0,-0.001271617497456765,-0.0021403627351582744,0.0,0.0008687452377015093,137896.0,41583.0,32881252.127499998,5705038.476,VAW,IYM,Materials
2019-01-29,4.7777780505944065,4.4933443708058345,118.84,89.42,0.008743,0.009483,0.0,0.0,0.008742891095832272,0.009482953262587492,0.0,-0.0007400621667552204,52725.0,46518.0,32050302.353499997,5516790.4705,VAW,IYM,Materials
2019-01-30,4.789905494005981,4.507336825639328,120.29,90.68,0.012201,0.014091,0.0,0.0,0.012201279030629418,0.014090807425631987,0.0,-0.0018895283950025685,143945.0,44065.0,31095909.548999995,5343475.5345,VAW,IYM,Materials
2019-01-31,4.780131388375754,4.488299234256676,119.12,88.97,-0.009726,-0.018858,-250152000.0,-4448500.0,-0.12693844120874273,-0.02897239187081355,-245703500.0,-0.09796604933792918,127900.0,78215.0,30780058.918999992,5434850.7245,VAW,IYM,Materials
2019-02-01,4.7839019739314885,4.49468545281282,119.57,89.54,0.003778,0.006407,0.0,0.0,0.00377770315648086,0.006406653928290575,0.0,-0.002628950771809715,94298.0,51732.0,30706453.439499997,5376438.4365,VAW,IYM,Materials
2019-02-04,4.7832326858616625,4.493679809954728,119.49,89.45,-0.000669,-0.001005,0.0,0.0,-0.0006690641465250481,-0.001005137368773871,0.0,0.00033607322224882285,107341.0,49217.0,30698990.834,5217455.6450000005,VAW,IYM,Materials
2019-02-05,4.789822358120328,4.500142948120385,120.28,90.03,0.006611,0.006484,0.0,0.0,0.006611431918989037,0.0064840693124650645,0.0,0.00012736260652397233,80140.0,40700.0,28580987.168999992,5054580.773,VAW,IYM,Materials
2019-02-06,4.7846543879618855,4.4942386252808095,119.66,89.5,-0.005155,-0.005887,0.0,0.0,-0.005154639175257732,-0.005886926580028879,0.0,0.000732287404771147,99035.0,23880.0,15792088.819999998,4792853.2655,VAW,IYM,Materials
2019-02-07,4.770091228101879,4.475403127929026,117.93,87.83,-0.014458,-0.018659,0.0,0.0,-0.014457629951529332,-0.018659217877094972,0.0,0.0042015879255656394,63055.0,35091.0,15198517.314499995,4633024.797,VAW,IYM,Materials
2019-02-08,4.76941262938214,4.4725526613732525,117.85,87.58,-0.000678,-0.002846,0.0,0.0,-0.0006783685237005003,-0.002846407833314357,0.0,0.0021680393096138568,47053.0,54167.0,14811692.307499995,4493663.921,VAW,IYM,Materials
2019-02-11,4.7722934990241495,4.4764273100953655,118.19,87.92,0.002885,0.003882,0.0,0.0,0.0028850233347475604,0.0038821648778259877,0.0,-0.0009971415430784273,53310.0,29976.0,14504093.082499996,4447604.4845,VAW,IYM,Materials
2019-02-12,4.793722292532682,4.4985867005853075,120.75,89.89,0.02166,0.022407,0.0,0.0,0.021660038920382436,0.02240673339399454,0.0,-0.0007466944736121035,71669.0,56340.0,14136641.183999995,4569531.3335,VAW,IYM,Materials
2019-02-13,4.795790545596741,4.501253072568319,121.0,90.13,0.00207,0.00267,0.0,0.0,0.002070393374741201,0.0026699299143397486,0.0,-0.0005995365395985476,81254.0,72814.0,13843217.286999997,4586593.5030000005,VAW,IYM,Materials
2019-02-14,4.7917327370393,4.493903373559505,120.51,89.47,-0.00405,-0.007323,0.0,0.0,-0.004049586776859504,-0.007322756019083546,0.0,0.0032731692422240423,43718.0,37405.0,12348943.934999999,4582258.652000001,VAW,IYM,Materials
2019-02-15,4.804266916143749,4.507667604626853,122.03,90.71,0.012613,0.013859,0.0,0.0,0.012613061156750477,0.013859394210349698,0.0,-0.001246333053599221,45726.0,33830.0,11596559.963999998,4511820.4405000005,VAW,IYM,Materials
2019-02-19,4.811371016571989,4.514917197010529,122.9,91.37,0.007129,0.007276,0.0,0.0,0.007129394411210358,0.0072759342961086155,0.0,-0.00014653988489825732,243475.0,71763.0,12252654.200999998,4547266.601,VAW,IYM,Materials
2019-02-20,4.828793622139152,4.53431844501614,125.06,93.16,0.017575,0.019591,0.0,0.0,0.01757526444263629,0.01959067527634891,0.0,-0.002015410833712622,1110373.0,88360.0,17691986.651499998,4505316.2245,VAW,IYM,Materials
2019-02-21,4.8242253913936946,4.530446639792155,124.49,92.8,-0.004558,-0.003864,0.0,0.0,-0.004557812250119943,-0.0038643194504079004,0.0,-0.0006934927997120422,65802.0,87210.0,17334738.7055,4707010.3445,VAW,IYM,Materials
2019-02-22,4.828473724503667,4.535176814167556,125.02,93.24,0.004257,0.004741,0.0,0.0,0.0042573700698851314,0.0047413793103448275,0.0,-0.0004840092404596961,72389.0,35899.0,17116807.033499997,4679782.0024999995,VAW,IYM,Materials
2019-02-25,4.8338185579367465,4.542336876816522,125.69,93.91,0.005359,0.007186,0.0,0.0,0.005359142537194049,0.007185757185757186,0.0,-0.001826614648563137,40160.0,41347.0,17017252.9955,4612472.5600000005,VAW,IYM,Materials
2019-02-26,4.827353276207177,4.535391291380175,124.88,93.26,-0.006444,-0.006922,0.0,0.0,-0.006444426764261278,-0.006921520604834416,0.0,0.0004770938405731376,122712.0,39284.0,16971190.335499994,4611482.745,VAW,IYM,Materials
2019-02-27,4.827353276207177,4.5345331063886505,124.88,93.18,0.0,-0.000858,0.0,0.0,0.0,-0.0008578168561010893,0.0,0.0008578168561010893,455926.0,31629.0,19504700.329499997,4550860.278,VAW,IYM,Materials
2019-02-28,4.814214812922799,4.522114610850766,123.25,92.03,-0.013053,-0.012342,135575000.0,-9203000.0,0.05635305814819921,-0.032917918723617504,144778000.0,0.0892709768718167,43474.0,21629.0,18906851.652,4450595.4115,VAW,IYM,Materials
2019-03-01,4.815025842975365,4.520156811661135,123.35,91.85,0.000811,-0.001956,0.0,0.0,0.0008113590263691683,-0.0019558839508855806,0.0,0.002767242977254749,111661.0,56628.0,18833748.469499998,4362720.074,VAW,IYM,Materials
2019-03-04,4.8181017722258845,4.522657764413627,123.73,92.08,0.003081,0.002504,0.0,0.0,0.0030806647750304013,0.0025040827436037015,0.0,0.0005765820314266997,64406.0,40730.0,18668435.5955,4318636.83,VAW,IYM,Materials
2019-03-05,4.814133673728467,4.517758728977122,123.24,91.63,-0.00396,-0.004887,0.0,0.0,-0.003960235997737008,-0.004887054735013032,0.0,0.0009268187372760243,85774.0,43644.0,18555666.178999998,4298468.7835,VAW,IYM,Materials
2019-03-06,4.8118590992303405,4.518086079080978,122.96,91.66,-0.002272,0.000327,0.0,0.0,-0.0022719896137617657,0.00032740368874822657,0.0,-0.002599393302509992,60375.0,39453.0,18444889.718999997,4296070.8325,VAW,IYM,Materials
2019-03-07,4.802134019518916,4.509539954972841,121.77,90.88,-0.009678,-0.00851,0.0,0.0,-0.009677944046844503,-0.00850970979707615,0.0,-0.0011682342497683525,185970.0,68695.0,18984641.658999998,4501357.9125,VAW,IYM,Materials
2019-03-08,4.802462453711867,4.508769411701737,121.81,90.81,0.000328,-0.00077,0.0,0.0,0.00032848813336618213,-0.0007702464788732394,0.0,0.0010987346122394216,65533.0,106723.0,19011966.587999996,4831831.5675,VAW,IYM,Materials
2019-03-11,4.817697584839112,4.522657764413627,123.68,92.08,0.015352,0.013985,0.0,0.0,0.015351777358180774,0.013985243915868296,0.0,0.001366533442312478,43615.0,42726.0,19004421.945499994,4791344.7785,VAW,IYM,Materials
2019-03-12,4.819797577533961,4.5266679578331335,123.94,92.45,0.002102,0.004018,0.0,0.0,0.0021021992238033633,0.004018245004344049,0.0,-0.0019160457805406854,63377.0,81667.0,19082133.769499995,5037075.99,VAW,IYM,Materials
2019-03-13,4.823180585190553,4.53141599739943,124.36,92.89,0.003389,0.004759,0.0,0.0,0.0033887364853961593,0.004759329367225527,0.0,-0.0013705928818293681,99010.0,49594.0,19265076.361999996,5014195.193,VAW,IYM,Materials
2019-03-14,4.8140525279500315,4.519939041625431,123.23,91.83,-0.009087,-0.011411,0.0,0.0,-0.009086522997748472,-0.011411346754225428,0.0,0.002324823756476956,45451.0,39924.0,19053535.998499997,4869369.948,VAW,IYM,Materials
2019-03-15,4.816564990267753,4.522874943261261,123.54,92.1,0.002516,0.00294,0.0,0.0,0.0025156211961373043,0.0029402156158118264,0.0,-0.00042459441967452206,99237.0,54629.0,19403100.138499998,4953605.225500001,VAW,IYM,Materials
2019-03-18,4.8201202622737735,4.525477417078843,123.98,92.34,0.003562,0.002606,0.0,0.0,0.0035615994819491663,0.0026058631921824105,0.0,0.0009557362897667557,41535.0,45567.0,19381578.414499998,5010552.0995000005,VAW,IYM,Materials
2019-03-19,4.81834420626481,4.522331907679087,123.76,92.05,-0.001774,-0.00314,0.0,0.0,-0.0017744797547991611,-0.003140567468052848,0.0,0.001366087713253687,73904.0,73788.0,18342742.491499998,5022312.104,VAW,IYM,Materials
2019-03-20,4.816322124449923,4.518413322061809,123.51,91.69,-0.00202,0.000397,0.0,0.0,-0.0020200387847446673,-0.003910917979359044,0.0,0.001890879194614377,735561.0,68051.0,15942037.077999998,4922711.0335,VAW,IYM,Materials
2019-03-21,4.82374330878754,4.530015512387331,124.43,92.76,0.012074,0.01167,0.0,0.0,0.0074487895716946,0.011669756789180936,0.0,-0.004220967217486336,61004.0,45763.0,15911988.914999995,4730305.4275,VAW,IYM,Materials
2019-03-22,4.791317747615575,4.496359280129911,120.46,89.69,-0.031906,-0.033096,0.0,0.0,-0.0319054890299767,-0.033096162138852955,0.0,0.0011906731088762584,65707.0,48014.0,15855238.536999997,4778263.0725,VAW,IYM,Materials
2019-03-25,4.790902585904128,4.494015136621929,120.41,89.48,-0.000415,-0.002341,0.0,0.0,-0.0004150755437489623,-0.0023413981491805106,0.0,0.0019263226054315483,71032.0,55463.0,16030501.172999997,4832259.696,VAW,IYM,Materials
2019-03-26,4.796781789689138,4.499142781342561,121.12,89.94,0.005897,0.005141,0.0,0.0,0.005896520222572876,0.005140813589628967,0.0,0.0007557066329439083,74891.0,32022.0,15717827.340999996,4793081.338,VAW,IYM,Materials
2019-03-27,4.795790545596741,4.497028027368389,121.0,89.75,-0.000991,-0.002113,0.0,0.0,-0.0009907529722589167,-0.0021125194574160553,0.0,0.0011217664851571386,63052.0,35683.0,13252489.996999998,4805849.2895,VAW,IYM,Materials
2019-03-28,4.8054135174159684,4.507557357121091,122.17,90.7,0.009669,0.010585,0.0,0.0,0.009669421487603306,0.010584958217270195,0.0,-0.0009155367296668892,39527.0,37185.0,13226032.151499998,4874957.421,VAW,IYM,Materials
2019-03-29,4.812915795122205,4.515464272903598,123.09,91.42,0.00753,0.007938,-52313250.0,-4571000.0,-0.018045931774480682,-0.0027844894320767553,-47742250.0,-0.015261442342403926,104011.0,42846.0,13177498.633499997,4810742.397,VAW,IYM,Materials
2019-04-01,4.827833622065424,4.531092982591776,124.94,92.86,0.01503,0.015752,0.0,0.0,0.015029653099358194,0.015751476700940712,0.0,-0.0007218236015825181,68308.0,26174.0,13205770.990499998,4744747.358999999,VAW,IYM,Materials
2019-04-02,4.829592918800682,4.533888983983128,125.16,93.12,0.001761,0.0028,0.0,0.0,0.0017608452056987354,0.0027999138488046522,0.0,-0.0010390686431059168,55589.0,34714.0,13025107.564499997,4706420.757,VAW,IYM,Materials
2019-04-03,4.840953517648737,4.548176464467971,126.59,94.46,0.011425,0.01439,0.0,0.0,0.011425375519335252,0.014390034364261168,0.0,-0.002964658844925916,189524.0,85752.0,13853514.222499996,4930614.354,VAW,IYM,Materials
2019-04-04,4.851248708584797,4.560800238252151,127.9,95.66,0.010348,0.012704,0.0,0.0,0.01034836874950628,0.012703789964005929,0.0,-0.002355421214499649,56709.0,32139.0,13083889.932499997,4772185.111,VAW,IYM,Materials
2019-04-05,4.85265506868846,4.560486578361451,128.08,95.63,0.001407,-0.000314,0.0,0.0,0.0014073494917905755,-0.0003136107045787163,0.0,0.0017209601963692918,64118.0,31370.0,13095372.867999997,4437604.9845,VAW,IYM,Materials
2019-04-08,4.853279483320049,4.5612182984589085,128.16,95.7,0.000625,0.000732,0.0,0.0,0.0006246096189880182,0.0007319878699152986,0.0,-0.00010737825092728035,102296.0,73139.0,13481170.475999996,4590864.5955,VAW,IYM,Materials
2019-04-09,4.843635753400086,4.551980357473973,126.93,94.82,-0.009597,-0.009195,0.0,0.0,-0.009597378277153557,-0.009195402298850708,0.0,-0.00040197597830284905,389440.0,34066.0,15560004.166999996,4374865.794,VAW,IYM,Materials
2019-04-10,4.845760650906022,4.551980357473973,127.2,94.82,0.002127,0.0,0.0,0.0,0.002127156700543607,0.0,0.0,0.002127156700543607,38182.0,17586.0,15187197.506999996,4227901.687,VAW,IYM,Materials
2019-04-11,4.844265823516229,4.549657476057832,127.01,94.6,-0.001494,-0.00232,0.0,0.0,-0.0014937106918238995,-0.002320185614849053,0.0,0.0008264749230251535,93440.0,28559.0,15500541.890499998,4179674.711,VAW,IYM,Materials
2019-04-12,4.855228269843183,4.562888793731485,128.41,95.86,0.011023,0.013319,0.0,0.0,0.011022754113849302,0.01331923890063425,0.0,-0.0022964847867849476,35499.0,21799.0,15115476.270999998,4032590.7729999996,VAW,IYM,Materials
2019-04-15,4.852264611458088,4.55870731157775,128.03,95.46,-0.002959,-0.004173,0.0,0.0,-0.0029592710848064794,-0.004172751929897768,0.0,0.0012134808450912885,39000.0,53746.0,15107659.305999998,4078737.592,VAW,IYM,Materials
2019-04-16,4.856395721429257,4.566429357671661,128.56,96.2,0.00414,0.007752,0.0,0.0,0.0041396547684136534,0.007751937984496124,0.0,-0.0036122832160824705,43878.0,38520.0,14932389.137999997,3924409.522,VAW,IYM,Materials
2019-04-17,4.849840367846581,4.56320170116559,127.72,95.89,-0.006534,-0.003222,0.0,0.0,-0.006533914125700062,-0.0032224532224532226,0.0,-0.0033114609032468397,38099.0,28037.0,10633232.396499997,3746853.109,VAW,IYM,Materials
2019-04-18,4.851014122823077,4.560591142590124,127.87,95.64,0.001174,-0.002607,0.0,0.0,0.0011744440964610084,-0.0026071540306601315,0.0,0.0037815981271211397,210651.0,35423.0,11600493.178999996,3703997.1010000007,VAW,IYM,Materials
2019-04-22,4.843714533878324,4.5512418439625355,126.94,94.75,-0.007273,-0.009306,0.0,0.0,-0.007273011652459529,-0.009305729820158929,0.0,0.0020327181676993997,64931.0,19703.0,11616856.974999998,3582021.2805,VAW,IYM,Materials
2019-04-23,4.849918661054685,4.554613462370939,127.73,95.07,0.006223,0.003377,0.0,0.0,0.006223412635890972,0.0033773087071238754,0.0,0.0028461039287670967,597060.0,36730.0,15002332.508999998,3508475.8734999998,VAW,IYM,Materials
2019-04-24,4.843084116205751,4.54775291511814,126.86,94.42,-0.006811,-0.006837,0.0,0.0,-0.006811242464573711,-0.006837067424003232,0.0,2.5824959429521753e-05,63549.0,30894.0,14951883.919999996,3510323.5135,VAW,IYM,Materials
2019-04-25,4.830231896458205,4.532384416262439,125.24,92.98,-0.01277,-0.015251,0.0,0.0,-0.012769982658048242,-0.015251006142766362,0.0,0.0024810234847181204,109724.0,36703.0,15257511.007999996,3520828.2979999995,VAW,IYM,Materials
2019-04-26,4.840242308167575,4.54052499249456,126.5,93.74,0.010061,0.008174,0.0,0.0,0.01006068348770361,0.008173800817380082,0.0,0.001886882670323527,99386.0,31477.0,15644676.778499996,3499727.022,VAW,IYM,Materials
2019-04-29,4.838818369947386,4.538923540169165,126.32,93.59,-0.001423,-0.0016,0.0,0.0,-0.0014229249011857706,-0.0016001706848730532,0.0,0.00017724578368728252,79840.0,15344.0,15508810.518999998,3375680.204,VAW,IYM,Materials
2019-04-30,4.843872076218154,4.543401159590459,126.96,94.01,0.005066,0.004488,-28566000.0,-14101500.0,-0.008792665175547651,-0.027915168769754143,-14464500.0,0.019122503594206492,330761.0,93873.0,17181761.270999994,3695404.3585,VAW,IYM,Materials
2019-05-01,4.825269107116076,4.52417702677856,124.62,92.22,-0.018431,-0.019041,0.0,0.0,-0.018431001890359167,-0.01904052760344644,0.0,0.0006095257130872729,75195.0,95693.0,17302425.353999995,3975016.3974999995,VAW,IYM,Materials
2019-05-02,4.819313355105002,4.513712575499256,123.88,91.26,-0.005938,-0.01041,0.0,0.0,-0.005938051677098379,-0.01040988939492518,0.0,0.004471837717826801,101562.0,53713.0,16731908.223999996,3815102.1204999997,VAW,IYM,Materials
2019-05-03,4.833500263989602,4.526451601276686,125.65,92.43,0.014288,0.012821,0.0,0.0,0.014288020665159832,0.012820512820512966,0.0,0.0014675078446468662,53110.0,37084.0,16702917.743999997,3832764.9894999997,VAW,IYM,Materials
2019-05-06,4.820604094232248,4.5107496103686,124.04,90.99,-0.012813,-0.015579,0.0,0.0,-0.012813370473537604,-0.015579357351509391,0.0,0.002765986877971787,111161.0,56461.0,16981726.593999993,3939638.654,VAW,IYM,Materials
2019-05-07,4.803118998667745,4.490993140925692,121.89,89.21,-0.017333,-0.019563,0.0,0.0,-0.017333118348919704,-0.01956258929552698,0.0,0.002229470946607276,88189.0,57966.0,16863681.686499998,3848225.882,VAW,IYM,Materials
2019-05-08,4.800654729308327,4.49020816751841,121.59,89.14,-0.002461,-0.000785,0.0,0.0,-0.002461235540241201,-0.0007846653962560251,0.0,-0.001676570143985176,104261.0,35013.0,15025955.476,3842771.9170000004,VAW,IYM,Materials
2019-05-09,4.792479284293085,4.481985085417713,120.6,88.41,-0.008142,-0.008189,0.0,0.0,-0.008142116950407105,-0.008189365043751402,0.0,4.7248093344297304e-05,101255.0,48968.0,15393685.605999997,3975859.7350000003,VAW,IYM,Materials
2019-05-10,4.802872844820349,4.4942386252808095,121.86,89.5,0.010448,0.012329,0.0,0.0,0.010447761194029851,0.012328922067639407,0.0,-0.001881160873609556,50948.0,54001.0,15110721.049999997,4082430.1399999997,VAW,IYM,Materials
2019-05-13,4.777862193806203,4.467860235023485,118.85,87.17,-0.024701,-0.026034,0.0,0.0,-0.0247004759560151,-0.026033519553072627,0.0,0.0013330435970575275,87089.0,117875.0,15400326.102999996,4491705.7205,VAW,IYM,Materials
2019-05-14,4.786407822219008,4.477109515920573,119.87,87.98,0.008582,0.009292,0.0,0.0,0.008582246529238537,0.009292187679247447,0.0,-0.0007099411500089102,66134.0,58840.0,15547041.731999997,4494013.2225,VAW,IYM,Materials
2019-05-15,4.785406236291025,4.4756308146331065,119.75,87.85,-0.001001,-0.001478,0.0,0.0,-0.0010010845082172354,-0.0014776085473971357,0.0,0.0004765240391799003,81358.0,55157.0,15752124.972999996,4551009.145,VAW,IYM,Materials
2019-05-16,4.7962862904635415,4.488861063587708,121.06,89.02,0.010939,0.013318,0.0,0.0,0.010939457202505219,0.01331815594763802,0.0,-0.0023786987451328012,51761.0,31184.0,15822134.091999996,4555385.7325,VAW,IYM,Materials
2019-05-17,4.789739215322525,4.481419378551917,120.27,88.36,-0.006526,-0.007414,0.0,0.0,-0.006525689740624484,-0.007414064255223545,0.0,0.0008883745145990612,47213.0,27461.0,14759252.298999995,4507315.6444999995,VAW,IYM,Materials
2019-05-20,4.774406503233391,4.46843366241462,118.44,87.22,-0.015216,-0.012902,0.0,0.0,-0.015215764529807932,-0.012901765504753282,0.0,-0.00231399902505465,69727.0,26568.0,14760058.535999998,4529835.7299999995,VAW,IYM,Materials
2019-05-21,4.789656065611423,4.483454427303995,120.26,88.54,0.015366,0.015134,0.0,0.0,0.015366430260047281,0.015134143545058473,0.0,0.0002322867149888077,40399.0,32582.0,11189854.032999996,4499480.189,VAW,IYM,Materials
2019-05-22,4.781892764381564,4.476768471183568,119.33,87.95,-0.007733,-0.006664,0.0,0.0,-0.007733244636620655,-0.006663654845267676,0.0,-0.001069589791352979,55540.0,54217.0,11118142.135999996,4592048.8725,VAW,IYM,Materials
2019-05-23,4.764223115842691,4.458640393292194,117.24,86.37,-0.017515,-0.017965,0.0,0.0,-0.01751445571105338,-0.017964752700397952,0.0,0.0004502969893445709,55288.0,42771.0,10755148.703999996,4606123.189,VAW,IYM,Materials
2019-05-24,4.768988271217486,4.4638370098714475,117.8,86.82,0.004777,0.00521,0.0,0.0,0.004776526782668032,0.005210142410559069,0.0,-0.00043361562789103695,55310.0,36792.0,10452308.153999995,4618304.562,VAW,IYM,Materials
2019-05-28,4.760377450290474,4.454463568563388,116.79,86.01,-0.008574,-0.00933,0.0,0.0,-0.008573853989813243,-0.009329647546648086,0.0,0.0007557935568348433,43265.0,30171.0,10200684.681499997,4676252.6995,VAW,IYM,Materials
2019-05-29,4.758320365481766,4.453649378346849,116.55,85.94,-0.002055,-0.000814,0.0,0.0,-0.0020549704597996403,-0.0008138588536216719,0.0,-0.0012411116061779685,110074.0,73140.0,8742470.088499997,4549285.243,VAW,IYM,Materials
2019-05-30,4.758835033532241,4.455044727410454,116.61,86.06,0.000515,0.001396,0.0,0.0,0.0005148005148005148,0.0013963230160577147,0.0,-0.0008815225012572,50632.0,32955.0,8569139.919499997,4249850.1850000005,VAW,IYM,Materials
2019-05-31,4.746322465743975,4.440295542797857,115.16,84.8,-0.012435,-0.014641,-11285680.0,-16960000.0,-0.01844886713165016,-0.05843468381232732,5674320.0,0.03998581668067716,83015.0,43030.0,8418065.261499997,4187204.9660000005,VAW,IYM,Materials
2019-06-03,4.774406503233391,4.4738078677912645,118.44,87.69,0.028482,0.03408,0.0,0.0,0.028482111844390413,0.03408018867924528,0.0,-0.00559807683485487,452337.0,72638.0,10763141.400499996,4334302.571,VAW,IYM,Materials
2019-06-04,4.805249797703749,4.503469631161752,122.15,90.33,0.031324,0.030106,0.0,0.0,0.031323877068557916,0.03010605542251112,0.0,0.0012178216460467968,342710.0,203541.0,12166822.203499997,4996726.178,VAW,IYM,Materials
2019-06-05,4.8103126861927485,4.507777839979442,122.77,90.72,0.005076,0.004318,0.0,0.0,0.005075726565697912,0.004317502490866822,0.0,0.0007582240748310902,90047.0,48828.0,12182107.852499995,4959652.643,VAW,IYM,Materials
2019-06-06,4.821087692210561,4.516666787396688,124.1,91.53,0.010833,0.008929,0.0,0.0,0.010833265455730228,0.008928571428571428,0.0,0.0019046940271587997,504120.0,355141.0,14676317.702999998,6428902.4885,VAW,IYM,Materials
2019-06-07,4.8283137373023015,4.52320062312084,125.0,92.13,0.007252,0.006555,0.0,0.0,0.007252215954875101,0.006555227794165847,0.0,0.000696988160709254,67499.0,65422.0,14487618.802999998,6513805.8875,VAW,IYM,Materials
2019-06-10,4.830551232242493,4.5263434054421205,125.28,92.42,0.00224,0.003148,0.0,0.0,0.00224,0.003147726039292304,0.0,-0.0009077260392923044,87093.0,49506.0,14722743.190999996,6500918.638499999,VAW,IYM,Materials
2019-06-11,4.831349125845822,4.529584199031496,125.38,92.72,0.000798,0.003246,0.0,0.0,0.0007982120051085569,0.003246050638389959,0.0,-0.002447838633281402,54607.0,35826.0,14547548.091499995,6153249.787,VAW,IYM,Materials
2019-06-12,4.833579846974801,4.532707014254376,125.66,93.01,0.002233,0.003128,0.0,0.0,0.002233211038443133,0.0031276962899050905,0.0,-0.0008944852514619576,42536.0,32498.0,14418427.650499996,6045544.575999999,VAW,IYM,Materials
2019-06-13,4.840005125891885,4.541058240520847,126.47,93.79,0.006446,0.008386,0.0,0.0,0.006445965303199109,0.008386195032792173,0.0,-0.0019402297295930638,93257.0,36258.0,14521007.264999997,5973299.344500001,VAW,IYM,Materials
2019-06-14,4.8346933442663405,4.535960505285435,125.8,93.3131,-0.005298,-0.005085,0.0,0.0,-0.005297699059065391,-0.005084763834097452,0.0,-0.00021293522496793928,28348.0,20282.0,14386006.851999994,5929128.17521,VAW,IYM,Materials
2019-06-17,4.827032917402579,4.521136190378082,124.84,91.94,-0.007631,-0.009093,0.0,0.0,-0.007631160572337043,-0.014714975710805878,0.0,0.007083815138468835,163610.0,22155.0,15123345.096499998,5909652.01221,VAW,IYM,Materials
2019-06-18,4.836599316889074,4.532169293103601,126.04,92.96,0.009612,0.011094,0.0,0.0,0.009612303748798462,0.0110941918642593,0.0,-0.0014818881154608377,47514.0,58700.0,15009855.030499998,6066626.5642099995,VAW,IYM,Materials
2019-06-19,4.83413675060509,4.529260591887741,125.73,92.69,-0.00246,-0.002904,0.0,0.0,-0.002459536655030149,-0.00290447504302926,0.0,0.0004449383879991109,39523.0,81480.0,15015397.182999995,6300005.11021,VAW,IYM,Materials
2019-06-20,4.8439508380817005,4.539030383483547,126.97,93.6,0.009862,0.009818,0.0,0.0,0.009862403563190965,0.009817671809256662,0.0,4.473175393430312e-05,47679.0,23763.0,14986707.904499996,6172796.69271,VAW,IYM,Materials
2019-06-21,4.835090721581325,4.536141599577656,125.85,93.33,-0.003298,-0.002885,0.0,0.0,-0.008820981334173427,-0.0028846153846153848,0.0,-0.005936365949558042,32365.0,25483.0,14866266.410999995,6107006.54871,VAW,IYM,Materials
2019-06-24,4.837471675087067,4.54159120434522,126.15,93.84,0.002384,0.005464,0.0,0.0,0.0023837902264600714,0.00546448087431694,0.0,-0.0030806906478568685,53852.0,21045.0,14880162.000999996,6046035.61671,VAW,IYM,Materials
2019-06-25,4.838660029356445,4.54159120434522,126.3,93.84,0.001189,0.0,0.0,0.0,0.0011890606420927466,0.0,0.0,0.0011890606420927466,35607.0,24836.0,14852374.238499995,6032815.743210001,VAW,IYM,Materials
2019-06-26,4.837788707664819,4.542549824006424,126.19,93.93,-0.000871,0.000959,0.0,0.0,-0.0008709422011084719,0.0009590792838874681,0.0,-0.00183002148499594,48263.0,23244.0,14515433.401999995,5827698.60921,VAW,IYM,Materials
2019-06-27,4.843399374720342,4.545526333060576,126.9,94.21,0.005626,0.002981,0.0,0.0,0.005626436326174816,0.002980943255615884,0.0,0.0026454930705589316,97870.0,22961.0,14841208.675999995,5794051.03471,VAW,IYM,Materials
2019-06-28,4.853591544486569,4.553982149218658,128.2,95.01,0.010244,0.008492,-44869999.99999999,-9501000.0,-0.011863097203610652,-0.014961627042998941,-35368999.99999999,0.003098529839388289,106956.0,20275.0,15048796.265999997,5707920.22221,VAW,IYM,Materials
2019-07-01,4.859424732327354,4.559858963278089,128.95,95.57,0.00585,0.005894,0.0,0.0,0.0058502340093603755,0.005894116408799074,0.0,-4.388239943869856e-05,59712.0,110788.0,12755049.671999997,5918839.36921,VAW,IYM,Materials
2019-07-02,4.857017805430656,4.555244377218366,128.64,95.13,-0.002404,-0.004604,0.0,0.0,-0.0024040325707638623,-0.004603955216071989,0.0,0.002199922645308127,55754.0,20162.0,11020558.074999997,5095446.99571,VAW,IYM,Materials
2019-07-03,4.8632947061975464,4.5582882000879605,129.45,95.42,0.006297,0.003048,0.0,0.0,0.006296641791044777,0.003048460002102386,0.0,0.0032481817889423907,96514.0,13321.0,11092491.430499997,4937517.678710001,VAW,IYM,Materials
2019-07-05,4.858726543710496,4.553982149218658,128.86,95.01,-0.004558,-0.004297,0.0,0.0,-0.004557744302819387,-0.0042967931251309995,0.0,-0.00026095117768838716,87030.0,8965.0,8525161.120499996,3354803.12471,VAW,IYM,Materials
2019-07-08,4.847017722096073,4.542123884270456,127.36,93.89,-0.011641,-0.011788,0.0,0.0,-0.011640540121061735,-0.011788232817598148,0.0,0.00014769269653641323,382790.0,29915.0,10540899.090499997,3193872.64921,VAW,IYM,Materials
2019-07-09,4.837788707664819,4.531200665787917,126.19,92.87,-0.009187,-0.010864,0.0,0.0,-0.009186557788944723,-0.010863776760038343,0.0,0.0016772189710936199,32259.0,26233.0,10198886.698999997,3086918.35871,VAW,IYM,Materials
2019-07-10,4.834534349115358,4.5301233116651805,125.78,92.77,-0.003249,-0.001077,0.0,0.0,-0.003249068864410809,-0.001076773985140519,0.0,-0.0021722948792702902,32303.0,22001.0,10059708.983,3022880.66121,VAW,IYM,Materials
2019-07-11,4.836757984084964,4.533781589900438,126.06,93.11,0.002226,0.003665,0.0,0.0,0.002226109079344888,0.003664977902339118,0.0,-0.0014388688229942303,92598.0,21020.0,10376100.488999996,2969607.32221,VAW,IYM,Materials
2019-07-12,4.847724130822124,4.547223226033242,127.45,94.37,0.011027,0.013532,0.0,0.0,0.011026495319689036,0.013532381054666523,0.0,-0.0025058857349774862,50846.0,15956.0,10110405.984499997,2874863.81721,VAW,IYM,Materials
2019-07-15,4.8491354529946,4.55166391846495,127.63,94.79,0.001412,0.004451,0.0,0.0,0.001412318556296587,0.0044505669174525805,0.0,-0.0030382483611559935,45194.0,20579.0,10220502.575499997,2877769.173,VAW,IYM,Materials
2019-07-16,4.8535135383240435,4.555559685434757,128.19,95.16,0.004388,0.003903,0.0,0.0,0.004387683146595628,0.0039033653338959805,0.0,0.00048431781269964733,49569.0,28890.0,9516961.460999997,2913381.2580000004,VAW,IYM,Materials
2019-07-17,4.844187086458591,4.545844719903276,127.0,94.24,-0.009283,-0.009668,0.0,0.0,-0.00928309540525782,-0.009667927700714587,0.0,0.0003848322954567666,73062.0,19597.0,9681471.932999996,2732884.722,VAW,IYM,Materials
2019-07-18,4.848430040887125,4.549340301027421,127.54,94.57,0.004252,0.003502,0.0,0.0,0.004251968503937008,0.00350169779286927,0.0,0.0007502707110677376,41121.0,40795.0,9695239.210499998,2548164.8195,VAW,IYM,Materials
2019-07-19,4.849918661054685,4.551980357473973,127.73,94.82,0.00149,0.002644,0.0,0.0,0.0014897287125607652,0.0026435444644178916,0.0,-0.0011538157518571263,37336.0,17392.0,9630995.442999998,2519409.4515,VAW,IYM,Materials
2019-07-22,4.847724130822124,4.552085814895636,127.45,94.83,-0.002192,0.000105,0.0,0.0,-0.002192124011586941,0.0001054629824931449,0.0,-0.002297586994080086,35929.0,29839.0,9656296.232999997,2541974.6505000005,VAW,IYM,Materials
2019-07-23,4.8663029232063355,4.567883601202075,129.84,96.34,0.018752,0.015923,0.0,0.0,0.018752451941938014,0.015923231045027946,0.0,0.0028292208969100674,48322.0,40948.0,9630331.166999998,2640478.0265,VAW,IYM,Materials
2019-07-24,4.8696092197094725,4.567364471252192,130.27,96.29,0.003312,-0.000519,0.0,0.0,0.003311768330252736,-0.0005189952252439277,0.0,0.0038307635554966635,48258.0,23845.0,9719801.444999997,2638749.267,VAW,IYM,Materials
2019-07-25,4.860044935463755,4.55597994179732,129.03,95.2,-0.009519,-0.01132,0.0,0.0,-0.009518691947493782,-0.011319970921175615,0.0,0.001801278973681833,36192.0,30062.0,9648778.734499997,2672678.941,VAW,IYM,Materials
2019-07-26,4.863217453310182,4.556400021618662,129.44,95.24,0.003178,0.00042,0.0,0.0,0.0031775556072231263,0.0004201680672268908,0.0,0.0027573875399962353,29877.0,27629.0,9221157.528499996,2696090.4485,VAW,IYM,Materials
2019-07-29,4.858105522110037,4.551980357473973,128.78,94.82,-0.005099,-0.00441,0.0,0.0,-0.005098887515451175,-0.004409911801763965,0.0,-0.0006889757136872097,44944.0,24191.0,8824963.984499997,2714463.592,VAW,IYM,Materials
2019-07-30,4.864529941435284,4.556714965718688,129.61,95.27,0.006445,0.004746,0.0,0.0,0.006445100170834099,0.00474583421219152,0.0,0.0016992659586425787,56174.0,17997.0,8804006.471499998,2270791.8435000004,VAW,IYM,Materials
2019-07-31,4.848351631038809,4.540844975431534,127.53,93.77,-0.016048,-0.015745,44763030.0,4688500.0,0.006028504844628372,-0.004027400820725057,40074530.0,0.010055905665353429,47159.0,30417.0,8746106.106999997,2317501.395,VAW,IYM,Materials
2019-08-01,4.8371545419677835,4.5306621338130295,126.11,92.82,-0.011135,-0.010131,0.0,0.0,-0.011134634987845997,-0.010131172016636452,0.0,-0.0010034629712095452,56696.0,55816.0,8478915.869999997,2512988.96,VAW,IYM,Materials
2019-08-02,4.825108606353353,4.513602992462601,124.6,91.25,-0.011974,-0.016915,0.0,0.0,-0.01197367377686147,-0.016914458090928678,0.0,0.004940784314067208,121960.0,47862.0,8677992.379999999,2688771.1025,VAW,IYM,Materials
2019-08-05,4.805086051182997,4.4956900853692705,122.13,89.63,-0.019823,-0.017754,0.0,0.0,-0.01982343499197432,-0.017753424657534246,0.0,-0.0020700103344400735,76169.0,58269.0,6705511.658499997,2809467.6585,VAW,IYM,Materials
2019-08-06,4.807457755422924,4.496024738727294,122.42,89.66,0.002375,0.000335,0.0,0.0,0.0023745189552116597,0.00033470936070512103,0.0,0.0020398095945065387,79331.0,34750.0,6987558.548999998,2843438.973,VAW,IYM,Materials
2019-08-07,4.81834420626481,4.507447097459476,123.76,90.69,0.010946,0.011488,0.0,0.0,0.010945923868648913,0.01148784296230203,0.0,-0.0005419190936531166,62885.0,33117.0,7173537.361999998,2891556.371,VAW,IYM,Materials
2019-08-08,4.838580849658078,4.528073135603124,126.29,92.58,0.020443,0.02084,0.0,0.0,0.02044279250161603,0.020840224942110488,0.0,-0.00039743244049445653,40804.0,29420.0,6847549.025999998,2929882.941,VAW,IYM,Materials
2019-08-09,4.827113016725782,4.517758728977122,124.85,91.63,-0.011402,-0.010261,0.0,0.0,-0.011402327975294956,-0.010261395549794772,0.0,-0.0011409324255001844,51061.0,35070.0,6842281.1834999975,3015267.7600000002,VAW,IYM,Materials
2019-08-12,4.8109640989671885,4.499809670330265,122.85,90.0,-0.016019,-0.017789,0.0,0.0,-0.016019223067681217,-0.01778893375532031,0.0,0.0017697106876390922,41183.0,45888.0,6806842.249999997,3124229.5895,VAW,IYM,Materials
2019-08-13,4.822295664976738,4.508438997028319,124.25,90.78,0.011396,0.008667,0.0,0.0,0.011396011396011397,0.008666666666666666,0.0,0.0027293447293447303,42359.0,28304.0,6752285.031999998,3115242.8255,VAW,IYM,Materials
2019-08-14,4.789323397611016,4.474263916140292,120.22,87.73,-0.032435,-0.033598,0.0,0.0,-0.03243460764587525,-0.033597708746419916,0.0,0.0011631011005446626,53723.0,72988.0,6611270.284999997,3343063.6234999998,VAW,IYM,Materials
2019-08-15,4.788824188015824,4.471867338673671,120.16,87.52,-0.000499,-0.002394,0.0,0.0,-0.0004990850108135085,-0.0023937079676279492,0.0,0.0018946229568144407,69329.0,97435.0,6765570.299999997,3576540.0259999996,VAW,IYM,Materials
2019-08-16,4.806395273201279,4.489647094732552,122.29,89.09,0.017726,0.017939,0.0,0.0,0.01772636484687084,0.017938756855575867,0.0,-0.0002123920087050285,51796.0,36413.0,6843830.577999997,3656286.2625,VAW,IYM,Materials
2019-08-19,4.814133673728467,4.498920386145381,123.24,89.92,0.007768,0.009316,0.0,0.0,0.007768419331098209,0.009316421596138736,0.0,-0.0015480022650405266,37384.0,45390.0,6845233.233499998,3718878.084,VAW,IYM,Materials
2019-08-20,4.804184965723707,4.487624622133048,122.02,88.91,-0.009899,-0.011232,0.0,0.0,-0.009899383317104837,-0.01123220640569395,0.0,0.0013328230885891138,44932.0,27564.0,6805656.941499998,3644167.3300000005,VAW,IYM,Materials
2019-08-21,4.808845454106903,4.493903373559505,122.59,89.47,0.004671,0.006298,0.0,0.0,0.004671365349942632,0.006298504105274997,0.0,-0.0016271387553323646,220217.0,26161.0,7841148.559999998,3646396.8109999993,VAW,IYM,Materials
2019-08-22,4.8027907800712155,4.485259889315534,121.85,88.7,-0.006036,-0.008606,0.0,0.0,-0.006036381434048454,-0.008606236727394658,0.0,0.0025698552933462043,35631.0,25189.0,7824737.739499996,3615014.9060000004,VAW,IYM,Materials
2019-08-23,4.777609742927595,4.459450531638685,118.82,86.44,-0.024867,-0.025479,0.0,0.0,-0.02486663931062782,-0.02547914317925592,0.0,0.0006125038686280969,48082.0,74678.0,7917028.957499996,3806203.9239999996,VAW,IYM,Materials
2019-08-26,4.782060352784839,4.462453883786496,119.35,86.7,0.004461,0.003008,0.0,0.0,0.004460528530550413,0.003007866728366497,0.0,0.0014526618021839157,42753.0,37632.0,7882763.068999996,3854649.1130000004,VAW,IYM,Materials
2019-08-27,4.780383203544751,4.462338536880549,119.15,86.69,-0.001676,-0.000115,0.0,0.0,-0.0016757436112274822,-0.00011534025374855825,0.0,-0.001560403357478924,45691.0,27105.0,7790931.594499998,3886407.0260000005,VAW,IYM,Materials
2019-08-28,4.79015486020153,4.473123405067759,120.32,87.63,0.00982,0.010843,0.0,0.0,0.009819555182543013,0.010843234513784751,0.0,-0.0010236793312417385,44283.0,18536.0,7756628.758999998,3825012.4055,VAW,IYM,Materials
2019-08-29,4.804266916143749,4.486611849863956,122.03,88.82,0.014212,0.01358,0.0,0.0,0.014212101063829786,0.013579824261097797,0.0,0.0006322768027319896,29054.0,22272.0,7576405.111999998,3664880.3015,VAW,IYM,Materials
2019-08-30,4.809579339246051,4.49468545281282,122.68,89.54,0.005327,0.008106,-42938000.0,-8954000.0,-0.016671833934009485,-0.015613865451607348,-33984000.0,-0.0010579684824021367,52129.0,19655.0,7136353.597999997,3534505.3614999996,VAW,IYM,Materials
2019-09-03,4.800654729308327,4.484244718059211,121.59,88.61,-0.008885,-0.010386,0.0,0.0,-0.008884903814802739,-0.010386419477328568,0.0,0.0015015156625258295,46839.0,32675.0,6955985.299999997,3418139.4254999994,VAW,IYM,Materials
2019-09-04,4.812021740525323,4.496805161309966,122.98,89.73,0.011432,0.01264,0.0,0.0,0.011431861172793815,0.012639656923597788,0.0,-0.0012077957508039722,44839.0,27667.0,6746115.259999998,3386483.171,VAW,IYM,Materials
2019-09-05,4.817697584839112,4.503580330226458,123.68,90.34,0.005692,0.006798,0.0,0.0,0.005691982436168482,0.006798172294661763,0.0,-0.0011061898584932804,161485.0,42972.0,7355606.119999997,3430418.6585,VAW,IYM,Materials
2019-09-06,4.821409960985506,4.506895616719751,124.14,90.64,0.003719,0.003321,0.0,0.0,0.003719275549805951,0.003320788133717069,0.0,0.000398487416088882,31232.0,30777.0,7291806.285999997,3433714.8425,VAW,IYM,Materials
2019-09-09,4.819958932919548,4.508659285607248,123.96,90.8,-0.00145,0.001765,0.0,0.0,-0.0014499758337361043,0.00176522506619594,0.0,-0.0032152008999320443,38808.0,25110.0,7213589.977499997,3387041.0375,VAW,IYM,Materials
2019-09-10,4.832146383322478,4.5208098373700185,125.48,91.91,0.012262,0.012225,0.0,0.0,0.012262020006453695,0.01222466960352423,0.0,3.7350402929466064e-05,122135.0,34017.0,7726898.389999996,3336870.161,VAW,IYM,Materials
2019-09-11,4.844659415838387,4.531954123656832,127.06,92.94,0.012592,0.011207,0.0,0.0,0.012591648071405802,0.011206615167011207,0.0,0.0013850329043945953,52786.0,40158.0,7799092.560499996,3395012.5310000004,VAW,IYM,Materials
2019-09-12,4.850857701737196,4.53753353727228,127.85,93.46,0.006218,0.005595,0.0,0.0,0.006217535022823862,0.005595007531740908,0.0,0.0006225274910829541,548390.0,63174.0,10981746.682499995,3370062.771,VAW,IYM,Materials
2019-09-13,4.859114486455013,4.548388171889107,128.91,94.48,0.008291,0.010914,0.0,0.0,0.008290965975752835,0.01091375989728226,0.0,-0.002622793921529424,52419.0,30230.0,10903084.714999998,3086493.7309999997,VAW,IYM,Materials
2019-09-16,4.846153655430632,4.535605722602182,127.25,93.28,-0.012877,-0.012701,0.0,0.0,-0.012877201148087812,-0.012701100762066046,0.0,-0.00017610038602176685,36205.0,31165.0,10816732.385499997,3069645.5825,VAW,IYM,Materials
2019-09-17,4.8507012561799305,4.5380683824473556,127.83,93.51,0.004558,0.002466,0.0,0.0,0.0045579567779960705,0.002465694682675815,0.0,0.0020922620953202557,60677.0,16664.0,10974189.222999997,2943484.6745,VAW,IYM,Materials
2019-09-18,4.849370479827911,4.537961436294641,127.66,93.5,-0.00133,-0.000107,0.0,0.0,-0.0013298912618321208,-0.00010694043417816276,0.0,-0.001222950827653958,32291.0,22166.0,10906172.543999996,2924574.9625,VAW,IYM,Materials
2019-09-19,4.84944880983226,4.539564428890097,127.67,93.65,7.8e-05,0.001604,0.0,0.0,7.833307222309259e-05,0.0016042780748663102,0.0,-0.0015259450026432176,34974.0,21604.0,9779608.971499996,2908704.459,VAW,IYM,Materials
2019-09-20,4.848194792895451,4.537640529194492,127.51,93.47,-0.001253,-0.001922,0.0,0.0,-0.0012532309861361323,-0.0019220501868659904,0.0,0.000668819200729858,41746.0,26838.0,9828678.726999996,2922418.637,VAW,IYM,Materials
2019-09-23,4.84717474494322,4.535391291380175,127.38,93.26,-0.00102,-0.002247,0.0,0.0,-0.0010195278801662614,-0.002246710174387504,0.0,0.0012271822942212425,44603.0,53023.0,9827100.071999999,2846906.57,VAW,IYM,Materials
2019-09-24,4.835011258750022,4.516994495084366,125.84,91.56,-0.01209,-0.012897,0.0,0.0,-0.012089810017271158,-0.018228608192150976,0.0,0.006138798174879818,150032.0,80917.0,10515972.888499998,3054209.876,VAW,IYM,Materials
2019-09-25,4.843556966714995,4.523743187292363,126.92,92.18,0.008582,0.006772,0.0,0.0,0.008582326764144946,0.006771515945827872,0.0,0.0018108108183170742,56914.0,36331.0,10604944.999999996,3104172.8325,VAW,IYM,Materials
2019-09-26,4.834375328680896,4.519285446830922,125.76,91.77,-0.00414,-0.004448,0.0,0.0,-0.009139615505830444,-0.004447819483619006,0.0,-0.004691796022211437,27392.0,33032.0,10510779.367999997,3174524.6805,VAW,IYM,Materials
2019-09-27,4.832146383322478,4.517540436027117,125.48,91.61,-0.002226,-0.001743,0.0,0.0,-0.0022264631043256997,-0.0017434891576768006,0.0,-0.00048297394664889907,38048.0,61112.0,10572219.538999997,3355538.2445,VAW,IYM,Materials
2019-09-30,4.83929324134531,4.524719061590464,126.38,92.27,0.007172,0.007204,-66349500.0,-9227000.0,-0.026625275719759613,-0.017065533172971332,-57122500.0,-0.00955974254678828,47926.0,16709.0,10555304.646999996,3344629.781,VAW,IYM,Materials
2019-10-01,4.817374117263916,4.501364017262502,123.64,90.14,-0.021681,-0.023084,0.0,0.0,-0.02168064567178351,-0.02308442614067411,0.0,0.0014037804688906003,46797.0,70805.0,10559846.000499997,3518981.3285,VAW,IYM,Materials
2019-10-02,4.798514106063782,4.482776537774025,121.33,88.48,-0.018683,-0.018416,0.0,0.0,-0.018683274021352312,-0.01841579764810295,0.0,-0.0002674763732493611,52091.0,43100.0,10600141.040999997,3585527.733,VAW,IYM,Materials
2019-10-03,4.803365091938336,4.487062097507763,121.92,88.86,0.004863,0.004295,0.0,0.0,0.0048627709552460235,0.004294755877034358,0.0,0.0005680150782116653,53883.0,79811.0,9929988.568999996,3746023.482,VAW,IYM,Materials
2019-10-04,4.809334770704498,4.491889499529125,122.65,89.29,0.005988,0.004839,0.0,0.0,0.0059875328083989505,0.004839072698627054,0.0,0.0011484601097718969,30353.0,15468.0,9922271.317499997,3675599.0039999997,VAW,IYM,Materials
2019-10-07,4.805004167866677,4.487737089095996,122.12,88.92,-0.004321,-0.004144,0.0,0.0,-0.0043212392988177745,-0.004143801097547317,0.0,-0.00017743820127045715,33783.0,34215.0,9888018.331499998,3713719.494,VAW,IYM,Materials
2019-10-08,4.787825020572167,4.46763077196603,120.04,87.15,-0.017032,-0.019906,0.0,0.0,-0.017032427120864724,-0.0199055330634278,0.0,0.002873105942563077,47586.0,72949.0,9407354.513499998,3875269.6380000003,VAW,IYM,Materials
2019-10-09,4.7969469015528015,4.47551697776122,121.14,87.84,0.009164,0.007917,0.0,0.0,0.009163612129290236,0.007917383820998278,0.0,0.0012462283082919582,40050.0,31549.0,9314587.905499998,3827218.62,VAW,IYM,Materials
2019-10-10,4.806558805499272,4.4857107459507635,122.31,88.74,0.009658,0.010246,0.0,0.0,0.009658246656760773,0.010245901639344262,0.0,-0.0005876549825834885,29783.0,118146.0,5991142.766999997,4056220.3199999994,VAW,IYM,Materials
2019-10-11,4.825269107116076,4.5103099049641315,124.62,90.95,0.018887,0.024904,0.0,0.0,0.01888643610497915,0.02490421455938697,0.0,-0.006017778454407822,90838.0,161730.0,6219287.680499997,4648880.975,VAW,IYM,Materials
2019-10-14,4.819151895509915,4.501585869731521,123.86,90.16,-0.006099,-0.008686,0.0,0.0,-0.0060985395602632005,-0.00868609125893348,0.0,0.00258755169867028,25050.0,49602.0,6144068.017999997,4727133.231000001,VAW,IYM,Materials
2019-10-15,4.824386033964322,4.507226541657965,124.51,90.67,0.005248,0.005657,0.0,0.0,0.0052478604876473435,0.005656610470275067,0.0,-0.00040874998262772303,32206.0,108792.0,5956749.425499997,5142429.231000001,VAW,IYM,Materials
2019-10-16,4.825670246356884,4.508879525669805,124.67,90.82,0.001285,0.001654,0.0,0.0,0.0012850373463978797,0.0016543509429800375,0.0,-0.0003693135965821578,36252.0,54084.0,5976612.814499997,5284398.625,VAW,IYM,Materials
2019-10-17,4.829433110570218,4.510969390589264,125.14,91.01,0.00377,0.002092,0.0,0.0,0.003769952675062164,0.0020920502092050207,0.0,0.0016779024658571434,23417.0,35063.0,5899876.454499997,5342792.0765,VAW,IYM,Materials
2019-10-18,4.829273276797001,4.508879525669805,125.12,90.82,-0.00016,-0.002088,0.0,0.0,-0.000159821000479463,-0.0020876826722338203,0.0,0.0019278616717543573,32579.0,50248.0,5837539.055499997,5445540.8515,VAW,IYM,Materials
2019-10-21,4.827273196127054,4.506123032386857,124.87,90.57,-0.001998,-0.002753,0.0,0.0,-0.001998081841432225,-0.002752697643690817,0.0,0.0007546158022585917,34403.0,20844.0,5768257.678999998,5292686.6565,VAW,IYM,Materials
2019-10-22,4.825269107116076,4.501364017262502,124.62,90.14,-0.002002,-0.004748,0.0,0.0,-0.00200208216545207,-0.004747708954399911,0.0,0.0027456267889478412,37854.0,49365.0,5060124.608999997,5144736.6855,VAW,IYM,Materials
2019-10-23,4.830790667177194,4.507336825639328,125.31,90.68,0.005537,0.005991,0.0,0.0,0.0055368319691863266,0.0059906811626359,0.0,-0.0004538491934495733,24569.0,29817.0,4852885.434499997,5112477.3845,VAW,IYM,Materials
2019-10-24,4.83477283236304,4.512616204377483,125.81,91.16,0.00399,0.005293,0.0,0.0,0.003990104540738967,0.00529333921482135,0.0,-0.0013032346740823831,38679.0,35403.0,4923954.787999997,5122276.926499999,VAW,IYM,Materials
2019-10-25,4.844974178195408,4.523743187292363,127.1,92.18,0.010254,0.011189,0.0,0.0,0.010253556950957794,0.011189118034225537,0.0,-0.0009355610832677431,25728.0,26679.0,4848743.075999998,4965316.9215,VAW,IYM,Materials
2019-10-28,4.850310035174197,4.528505101052606,127.78,92.62,0.00535,0.004773,0.0,0.0,0.005350118017309205,0.00477326968973747,0.0,0.000576848327571735,24236.0,25159.0,4700742.485999997,5004741.279,VAW,IYM,Materials
2019-10-29,4.85616234012204,4.535927283245931,128.53,93.31,0.005869,0.00745,0.0,0.0,0.005869463139771482,0.007449794860721226,0.0,-0.0015803317209497443,33232.0,29745.0,4625008.879999997,4824398.4415,VAW,IYM,Materials
2019-10-30,4.855072506602992,4.5331369830882595,128.39,93.05,-0.001089,-0.002786,0.0,0.0,-0.0010892398661792248,-0.0027864108884363948,0.0,0.00169717102225717,33640.0,40747.0,4524950.8084999975,4823299.459000001,VAW,IYM,Materials
2019-10-31,4.843241757886537,4.524285457247627,126.88,92.23,-0.011761,-0.008812,-18524480.0,-18446000.0,-0.021303559632089773,-0.057759998938576765,-78480.0,0.036456439306486996,24747.0,45416.0,4353475.008499997,4678135.069999999,VAW,IYM,Materials
2019-11-01,4.858027867285693,4.541804310366271,128.77,93.86,0.014896,0.017673,0.0,0.0,0.014895964691046783,0.01767320828363873,0.0,-0.0027772435925919464,43499.0,26959.0,4447403.547499997,4735596.771,VAW,IYM,Materials
2019-11-04,4.866225902372162,4.553771622902091,129.83,94.99,0.008232,0.012039,0.0,0.0,0.008231730993243766,0.012039207330066056,0.0,-0.0038074763368222894,34576.0,35932.0,4465574.653499997,4754135.915,VAW,IYM,Materials
2019-11-05,4.869148608539651,4.559440334281917,130.21001,95.53,0.002927,0.005685,0.0,0.0,0.002926981437264119,0.0056848089272555,0.0,-0.0027578274899913813,37024.0,46615.0,4421008.252011998,4658917.194999999,VAW,IYM,Materials
2019-11-06,4.869685980408033,4.55650501400681,130.28,95.25,0.000538,-0.002931,0.0,0.0,0.0005375162785102576,-0.0029310164346278656,0.0,0.003468532713138123,64342.0,30474.0,4597549.190011998,4665486.412,VAW,IYM,Materials
2019-11-07,4.876189197543333,4.567883601202075,131.13,96.34,0.006524,0.011444,0.0,0.0,0.006524408965305496,0.011443569553805774,0.0,-0.004919160588500279,34408.0,51931.0,4641007.305511997,4391424.237000001,VAW,IYM,Materials
2019-11-08,4.88037466098708,4.571613402459248,131.67999,96.7,0.004194,0.003737,0.0,0.0,0.004194234728894985,0.0037367656217562797,0.0,0.0004574691071387053,47250.0,19704.0,4386089.703886997,3751225.9020000002,VAW,IYM,Materials
2019-11-11,4.879310911850699,4.569957430232347,131.53999,96.54,-0.001063,-0.001655,0.0,0.0,-0.0010631835558311928,-0.001654601861427094,0.0,0.0005914183055959013,50585.0,18361.0,4563652.5735944975,3616248.633,VAW,IYM,Materials
2019-11-12,4.882271403097911,4.573266636975083,131.92999,96.86,0.002965,0.003315,0.0,0.0,0.0029648778291682704,0.0033146882121400456,0.0,-0.00034981038297177526,50480.0,26807.0,4696145.415354497,3252866.402,VAW,IYM,Materials
2019-11-13,4.87550254379218,4.564556503102795,131.03999,96.02,-0.006746,-0.008672,0.0,0.0,-0.0067460021788830265,-0.008672310551311171,0.0,0.0019263083724281446,36825.0,23315.0,4711445.954941997,3119206.273,VAW,IYM,Materials
2019-11-14,4.8794630213208565,4.568713648977476,131.56,96.42,0.003968,0.004166,0.0,0.0,0.003968330583663938,0.00416579879191835,0.0,-0.0001974682082544121,46271.0,26454.0,4869296.423941997,3087186.8255,VAW,IYM,Materials
2019-11-15,4.879691028162049,4.567987394860375,131.59,96.35,0.000228,-0.000726,0.0,0.0,0.0002280328367284889,-0.000725990458411118,0.0,0.0009540232951396069,44116.0,30548.0,4955743.4219419975,3006175.6475,VAW,IYM,Materials
2019-11-18,4.876799169331325,4.565077092421647,131.21001,96.07,-0.002888,-0.002906,0.0,0.0,-0.0028876814347593544,-0.0029060716139076284,0.0,1.839017914827398e-05,42562.0,30017.0,5020176.313722996,3055970.253,VAW,IYM,Materials
2019-11-19,4.8739752026701835,4.560904769690076,130.84,95.67,-0.00282,-0.004164,0.0,0.0,-0.002819983018064068,-0.0041636306859581555,0.0,0.0013436476678940876,36724.0,17555.0,5024556.4477229975,2917456.5405,VAW,IYM,Materials
2019-11-20,4.8639125145421644,4.54944603721573,129.53,94.58,-0.010012,-0.011393,0.0,0.0,-0.010012228676245797,-0.01139333124281384,0.0,0.0013811025665680429,43500.0,28193.0,5152347.128222997,2915590.9595000003,VAW,IYM,Materials
2019-11-21,4.861439065127517,4.549234553657788,129.21001,94.56,-0.00247,-0.000212,0.0,0.0,-0.002470392959159912,-0.00021146119687037428,0.0,-0.002258931762289538,38507.0,30971.0,5157811.371476497,2900654.9735,VAW,IYM,Materials
2019-11-22,4.863758021021378,4.55081959123801,129.50999,94.71,0.002322,0.001586,0.0,0.0,0.002321646751671692,0.0015862944162436548,0.0,0.0007353523354280372,25765.0,188852.0,5161151.176093997,3672000.1085,VAW,IYM,Materials
2019-11-25,4.871679616602196,4.556819925047044,130.53999,95.28,0.007953,0.006018,0.0,0.0,0.007953054432326032,0.006018371872030409,0.0,0.0019346825602956233,36913.0,75605.0,5247238.504637497,3915670.9995,VAW,IYM,Materials
2019-11-26,4.876112934435574,4.5592309540466465,131.12,95.51,0.004443,0.002414,0.0,0.0,0.004443159525291955,0.002413937867338371,0.0,0.0020292216579535843,42521.0,28826.0,5312440.732637497,3914554.2649999997,VAW,IYM,Materials
2019-11-27,4.880830359119634,4.563305981889393,131.74001,95.9,0.004729,0.004083,0.0,0.0,0.00472856924954253,0.004083342058423201,0.0,0.0006452271911193286,52255.0,13866.0,5440692.463764997,3791466.3175000004,VAW,IYM,Materials
2019-11-29,4.87489200942207,4.558812062009942,130.96001,95.47,-0.005921,-0.004484,-6286080.48,-23867500.0,-0.00910732954086587,-0.06912774399739989,17581419.52,0.06002041445653402,31832.0,5964.0,5492133.447680997,3610499.5875,VAW,IYM,Materials
2019-12-02,4.868533950788666,4.549868870203002,130.13,94.62,-0.006338,-0.008903,0.0,0.0,-0.006337888947931626,-0.008903320414789986,0.0,0.00256543146685836,47875.0,23268.0,5523563.823680997,3594061.9085,VAW,IYM,Materials
2019-12-03,4.860897087198321,4.541058240520847,129.14,93.79,-0.007608,-0.008772,0.0,0.0,-0.007607776838546192,-0.008771929824561403,0.0,0.0011641529860152112,47181.0,21630.0,5603761.436680997,3524836.7594999997,VAW,IYM,Materials
2019-12-04,4.862753810615839,4.542336876816522,129.38,93.91,0.001858,0.001279,0.0,0.0,0.0018584481957566671,0.0012794540995841775,0.0,0.0005789940961724897,44571.0,17604.0,5651046.465168997,3384839.7939999998,VAW,IYM,Materials
2019-12-05,4.869148608539651,4.548388171889107,130.21001,94.48,0.006415,0.00607,0.0,0.0,0.006415288298036909,0.006069641145777872,0.0,0.0003456471522590371,33157.0,32267.0,5447791.342247496,3392136.6769999997,VAW,IYM,Materials
2019-12-06,4.878093887464327,4.560695695886262,131.38,95.65,0.008985,0.012384,0.0,0.0,0.008985407496704628,0.012383573243014395,0.0,-0.0033981657463097673,38299.0,14739.0,5473781.421247497,3212474.3175,VAW,IYM,Materials
2019-12-09,4.877865592264016,4.559963593150012,131.35001,95.58,-0.000228,-0.000732,0.0,0.0,-0.0002282691429441364,-0.0007318348144276007,0.0,0.0005035656714834643,55267.0,10090.0,5525653.495005997,3165425.5874999994,VAW,IYM,Materials
2019-12-10,4.87152647172512,4.55597994179732,130.52,95.2,-0.006319,-0.003976,0.0,0.0,-0.006319070702773326,-0.003975727139568948,0.0,-0.0023433435632043784,48467.0,11755.0,5509251.617298497,3132750.8405,VAW,IYM,Materials
2019-12-11,4.8782460299470065,4.562262684976814,131.39999,95.8,0.006742,0.006303,0.0,0.0,0.006742185105730804,0.0063025210084033615,0.0,0.0004396640973274423,32181.0,25127.0,5387689.476447997,3123282.8694999996,VAW,IYM,Materials
2019-12-12,4.892227063045954,4.579852378003801,133.25,97.5,0.014079,0.017745,0.0,0.0,0.014079224815770529,0.017745302713987474,0.0,-0.0036660778982169455,38655.0,63348.0,5403951.032360497,3320169.0544999996,VAW,IYM,Materials
2019-12-13,4.884391643159247,4.570061008874523,132.21001,96.55,-0.007805,-0.009744,0.0,0.0,-0.007804803001876057,-0.009743589743589744,0.0,0.0019387867417136866,47825.0,34025.0,5415727.580772998,3356890.008,VAW,IYM,Materials
2019-12-16,4.881740753685154,4.56611745872439,131.86,96.17,0.002575,0.002523,0.0,0.0,-0.0026473789692626096,-0.003935784567581564,0.0,0.0012884055983189541,142666.0,16186.0,6066063.296772997,3287555.399,VAW,IYM,Materials
2019-12-17,4.885223306849744,4.567572155572773,132.32001,96.31,0.003489,0.001456,0.0,0.0,0.003488624298498281,0.0014557554330872414,0.0,0.0020328688654110394,24062.0,14348.0,5946029.478522997,3212461.5335,VAW,IYM,Materials
2019-12-18,4.884164554387893,4.566429357671661,132.17999,96.2,-0.001058,-0.001142,0.0,0.0,-0.001058192181212794,-0.0011421451562662237,0.0,8.395297505342969e-05,115231.0,9743.0,6467342.691907497,3175351.0209999997,VAW,IYM,Materials
2019-12-19,4.887186236813245,4.570475216191205,132.58,96.59,0.003026,0.004054,0.0,0.0,0.003026252309445744,0.004054054054054054,0.0,-0.0010278017446083104,42899.0,16024.0,6469992.412907497,3119414.232,VAW,IYM,Materials
2019-12-20,4.889371206603217,4.573163389853005,132.87,96.85,0.002187,0.002692,0.0,0.0,0.00218735857595402,0.0026917900403768506,0.0,-0.0005044314644228306,37355.0,18034.0,6469385.862653998,3060312.989,VAW,IYM,Materials
2019-12-23,4.895224367762628,4.578107266438402,133.64999,97.33,0.00587,0.004956,0.0,0.0,0.005870324377210813,0.00495611770779556,0.0,0.0009142066694152523,32158.0,11115.0,6517440.436957497,2220095.4905,VAW,IYM,Materials
2019-12-24,4.896196659690262,4.57933942595357,133.78,97.45,0.000973,0.001233,0.0,0.0,0.0009727647566602838,0.0012329189355799856,0.0,-0.0002601541789197018,15482.0,14558.0,6380068.402413997,1930847.1254999998,VAW,IYM,Materials
2019-12-26,4.8993312245375815,4.5826177815175795,134.2,97.77,0.003139,0.003284,0.0,0.0,0.0031394827328448498,0.0032837352488455616,0.0,-0.00014425251600071187,27030.0,6228.0,6282672.026413998,1823634.1405000002,VAW,IYM,Materials
2019-12-27,4.8947754080017205,4.580877493419047,133.59,97.6,-0.004545,-0.001739,0.0,0.0,-0.004545454545454427,-0.0017387746752582593,0.0,-0.002806679870196168,110470.0,8780.0,6676352.680286498,1799993.0705000001,VAW,IYM,Materials
2019-12-30,4.892452178418533,4.577696208987336,133.28,97.29,-0.002321,-0.003176,0.0,0.0,-0.002320532974025002,-0.0031762295081967213,0.0,0.0008556965341717194,35635.0,14433.0,6705388.368370498,1841733.2449999999,VAW,IYM,Materials
2019-12-31,4.898884030671591,4.584355046274172,134.14,97.94,0.006453,0.006681,10060499.999999998,4897000.0,0.011509792849204415,0.02066273797695321,5163499.999999998,-0.009152945127748795,58409.0,31536.0,6785638.843870496,1886084.129,VAW,IYM,Materials
2020-01-02,4.888467660122048,4.574401652316455,132.75,96.97,-0.010362,-0.009904,0.0,0.0,-0.010362308036379783,-0.009904022871145599,0.0,-0.00045828516523418496,75578.0,70824.0,6982640.101870498,2128040.408,VAW,IYM,Materials
2020-01-03,4.872828106608945,4.556190003766373,130.69,95.22,-0.015518,-0.018047,0.0,0.0,-0.01551789077212806,-0.018046818603691863,0.0,0.0025289278315638025,80473.0,35845.0,7220161.121370497,2216038.871,VAW,IYM,Materials
2020-01-06,4.867918991894661,4.551874888929868,130.05,94.81,-0.004897,-0.004306,0.0,0.0,-0.004897084704261872,-0.004305818105440034,0.0,-0.0005912665988218385,48961.0,23060.0,7322661.358791998,2172925.493,VAW,IYM,Materials
2020-01-07,4.867149761087499,4.552191261197205,129.95,94.84,-0.000769,0.000316,0.0,0.0,-0.0007689350249906326,0.0003164223183208522,0.0,-0.0010853573433114848,35369.0,18066.0,7300885.305291997,2188105.1975000002,VAW,IYM,Materials
2020-01-08,4.869839484130799,4.553350437258295,130.3,94.95,0.002693,0.00116,0.0,0.0,0.0026933435936901257,0.001159848165331084,0.0,0.0015334954283590418,50807.0,44182.0,7268926.8601584975,2349639.1325000003,VAW,IYM,Materials
2020-01-09,4.870453263496393,4.554613462370939,130.38,95.07,0.000614,0.001264,0.0,0.0,0.0006139677666921267,0.001263823064770932,0.0,-0.0006498552980788053,35976.0,16095.0,7187158.762158498,2370192.915,VAW,IYM,Materials
2020-01-10,4.866687938419193,4.548705649006965,129.89,94.51,-0.003758,-0.00589,0.0,0.0,-0.0037582451296212295,-0.005890396549910592,0.0,0.0021321514202893624,53252.0,10979.0,7321574.7222489985,2301715.8495,VAW,IYM,Materials
2020-01-13,4.879634031325359,4.562784469491653,131.5825,95.85,0.01303,0.014178,0.0,0.0,0.013030256370775518,0.014178393820759708,0.0,-0.0011481374499841893,47590.0,24934.0,7377136.343498997,2112390.5445,VAW,IYM,Materials
2020-01-14,4.878322206655547,4.562888793731485,131.41,95.86,-0.001311,0.000104,0.0,0.0,-0.001310964603955814,0.00010432968179447053,0.0,-0.0014152942857502844,206702.0,21872.0,8419124.648086498,2052967.3530000001,VAW,IYM,Materials
2020-01-15,4.884618529132851,4.566948973167894,132.24001,96.25,0.006316,0.004068,0.0,0.0,0.0063161859828020335,0.004068433131650323,0.0,0.0022477528511517103,50084.0,13881.0,7809683.143128497,2041939.2844999998,VAW,IYM,Materials
2020-01-16,4.889371206603217,4.57078575912626,132.87,96.62,0.004764,0.003844,0.0,0.0,0.004763989355415087,0.0038441558441558443,0.0,0.0009198335112592425,79712.0,14498.0,8180055.611097497,2042886.3285,VAW,IYM,Materials
2020-01-17,4.892227063045954,4.573163389853005,133.25,96.85,0.00286,0.00238,0.0,0.0,0.0028599382855422593,0.0023804595321879527,0.0,0.00047947875335430665,44378.0,14494.0,7714162.414712997,2066209.6935000003,VAW,IYM,Materials
2020-01-21,4.881057978557161,4.561845061249718,131.77,95.76,-0.011107,-0.011255,0.0,0.0,-0.011106941838649036,-0.011254517294785752,0.0,0.0001475754561367157,45873.0,25350.0,7732019.204212996,2110197.5855,VAW,IYM,Materials
2020-01-22,4.876799169331325,4.554928969551344,131.21001,95.1,-0.00425,-0.006892,0.0,0.0,-0.004249753358124008,-0.006892230576441102,0.0,0.0026424772183170943,80935.0,11969.0,8014825.369680497,2079780.5355,VAW,IYM,Materials
2020-01-23,4.87550254379218,4.551980357473973,131.03999,94.82,-0.001296,-0.002944,0.0,0.0,-0.001295785283455359,-0.0029442691903259727,0.0,0.0016484839068706136,43862.0,34918.0,8087313.352828497,2191235.626,VAW,IYM,Materials
2020-01-24,4.866687938419193,4.544889255103161,129.89,94.15,-0.008776,-0.007066,0.0,0.0,-0.008775870633079266,-0.007066019827040709,0.0,-0.0017098508060385568,72198.0,21476.0,8452644.165828496,2221400.041,VAW,IYM,Materials
2020-01-27,4.847959489549136,4.519394408966687,127.48,91.78,-0.018554,-0.025173,0.0,0.0,-0.01855416121333424,-0.025172596919808814,0.0,0.006618435706474576,54026.0,20239.0,8615634.589828497,2283831.234,VAW,IYM,Materials
2020-01-28,4.856084534247658,4.5286130632659365,128.52,92.63,0.008158,0.009261,0.0,0.0,0.008158142453718355,0.009261276966659402,0.0,-0.0011031345129410477,26417.0,31266.0,8047505.866828497,2385793.313,VAW,IYM,Materials
2020-01-29,4.857950128766734,4.5324919604901055,128.75999,92.99,0.001867,0.003886,0.0,0.0,0.0018673358232179336,0.00388642988232754,0.0,-0.002019094059109606,82537.0,26129.0,8341407.391559998,2437070.77,VAW,IYM,Materials
2020-01-30,4.8543712716215905,4.529692044812134,128.3,92.73,-0.003572,-0.002796,0.0,0.0,-0.0035724606688767907,-0.00279599956984622,0.0,-0.0007764610990305706,43566.0,28201.0,8229134.118559997,2413392.9145000004,VAW,IYM,Materials
2020-01-31,4.83150862819882,4.50678528406669,125.4,90.63,-0.022603,-0.022647,18810000.0,-9063000.0,-0.012829957867708916,-0.04942320391060215,27873000.0,0.036593246042893234,129185.0,38843.0,8537475.093559997,2246019.805,VAW,IYM,Materials
2020-02-03,4.850310035174197,4.52526080275979,127.78,92.32,0.018979,0.018647,0.0,0.0,0.0189792663476874,0.018647247048438707,0.0,0.00033201929924869464,97673.0,35842.0,8635657.072059996,2240808.432,VAW,IYM,Materials
2020-02-04,4.867303654593497,4.543613880288985,129.97,94.03,0.017139,0.018523,0.0,0.0,0.01713883236813273,0.018522530329289428,0.0,-0.001383697961156699,69012.0,45881.0,8765762.651559997,2347202.0235,VAW,IYM,Materials
2020-02-05,4.886658038810539,4.561845061249718,132.50999,95.76,0.019543,0.018398,0.0,0.0,0.019542894514118527,0.018398383494629373,0.0,0.0011445110194891542,59417.0,56770.0,8929619.877851497,2533347.8115,VAW,IYM,Materials
2020-02-06,4.883710600522589,4.559440334281917,132.12,95.53,-0.002943,-0.002402,0.0,0.0,-0.002943098856169146,-0.0024018379281537175,0.0,-0.0005412609280154284,60301.0,28741.0,8996960.678851496,2460875.153,VAW,IYM,Materials
2020-02-07,4.869148608539651,4.544570563859161,130.21001,94.12,-0.014457,-0.01476,0.0,0.0,-0.01445647895852244,-0.014759761331518895,0.0,0.0003032823729964551,108456.0,27200.0,9468535.977079496,2512370.7704999996,VAW,IYM,Materials
2020-02-10,4.868994921909306,4.543401159590459,130.19,94.01,-0.000154,-0.001169,0.0,0.0,-0.00015367482116017888,-0.0011687207819804505,0.0,0.0010150459608202717,37396.0,19254.0,9366120.125079496,2550992.933,VAW,IYM,Materials
2020-02-11,4.87512106075126,4.550925171135695,130.99001,94.72,0.006145,0.007552,0.0,0.0,0.006144942007834819,0.007552388043825125,0.0,-0.001407446035990306,33685.0,13764.0,9273639.490671996,2496683.0420000004,VAW,IYM,Materials
2020-02-12,4.879691028162049,4.5582882000879605,131.59,95.42,0.00458,0.00739,0.0,0.0,0.004580425637038922,0.007390202702702703,0.0,-0.0028097770656637803,109171.0,14171.0,8633794.594171997,2459460.387,VAW,IYM,Materials
2020-02-13,4.877560939870913,4.556714965718688,131.31,95.27,-0.002128,-0.001572,0.0,0.0,-0.002127821263013907,-0.0015719974848040243,0.0,-0.0005558237782098826,27154.0,18674.0,8480918.748129997,2481611.6735,VAW,IYM,Materials
2020-02-14,4.876570349634454,4.555769835692964,131.17999,95.18,-0.00099,-0.000945,0.0,0.0,-0.0009900997639174425,-0.0009446835310171093,0.0,-4.541623290033319e-05,32227.0,10698.0,8162728.953016497,2462483.6175,VAW,IYM,Materials
2020-02-18,4.874433596521658,4.554508271185863,130.89999,95.06,-0.002134,-0.001261,0.0,0.0,-0.0021344718809629426,-0.0012607690691321706,0.0,-0.000873702811830772,45651.0,15954.0,8165846.300190997,2468125.7845,VAW,IYM,Materials
2020-02-19,4.876494191827054,4.559335649644292,131.17,95.52,0.002063,0.004839,0.0,0.0,0.0020627197908875596,0.004839049021670524,0.0,-0.002776329230782964,26410.0,8486.0,8036822.024690998,2387279.1204999997,VAW,IYM,Materials
2020-02-20,4.878398301469722,4.5621582953948,131.42,95.79,0.001906,0.002827,0.0,0.0,0.0019059236105816882,0.002826633165829146,0.0,-0.0009207095552474576,45867.0,21038.0,7807239.973723496,2431128.0265,VAW,IYM,Materials
2020-02-21,4.872904620630176,4.55849777778966,130.7,95.44,-0.005479,-0.003654,0.0,0.0,-0.0054786181707502666,-0.003653826077878693,0.0,-0.0018247920928715737,32380.0,14185.0,7731459.471654497,2333272.6085,VAW,IYM,Materials
2020-02-24,4.843872076218154,4.528828952731369,126.96,92.65,-0.028615,-0.029233,0.0,0.0,-0.028615149196633397,-0.029233025984911988,0.0,0.0006178767882785915,54148.0,103778.0,7606301.064654497,2712925.9235,VAW,IYM,Materials
2020-02-25,4.800078858287518,4.482663511495295,121.52,88.47,-0.042848,-0.045116,0.0,0.0,-0.0428481411468179,-0.04511602806260119,0.0,0.002267886915783293,112914.0,125365.0,7948004.804654497,3174601.23,VAW,IYM,Materials
2020-02-26,4.794301834710595,4.477564061382945,120.82,88.02,-0.00576,-0.005087,0.0,0.0,-0.00576036866359447,-0.00508646998982706,0.0,-0.00067389867376741,149461.0,75852.0,8681143.063654497,3363617.403,VAW,IYM,Materials
2020-02-27,4.7487509144656155,4.429506416858203,115.44,83.89,-0.044529,-0.046921,0.0,0.0,-0.04452905148154279,-0.046921154283117474,0.0,0.0023921028015746817,482519.0,86370.0,10934869.566922996,3604409.5825000005,VAW,IYM,Materials
2020-02-28,4.736987610608278,4.418117454818235,114.09,82.94,-0.011694,-0.011324,-14261250.0,-12441000.0,-0.01984818523330833,-0.05309938064433808,-1820250.0,0.03325119541102975,1643664.0,107525.0,20031674.964923,3919561.821,VAW,IYM,Materials
2020-03-02,4.776009405673012,4.454231010422805,118.63,85.99,0.039793,0.036774,0.0,0.0,0.03979314576211763,0.03677357125632988,0.0,0.003019574505787749,114782.0,79654.0,19902514.447922997,4086017.1394999996,VAW,IYM,Materials
2020-03-03,4.7665234363458495,4.445353484534206,117.51,85.23,-0.009441,-0.008838,0.0,0.0,-0.009441119447020146,-0.008838237004302826,0.0,-0.0006028824427173202,98686.0,84194.0,19858311.243923,4279363.1985,VAW,IYM,Materials
2020-03-04,4.804758477680764,4.482098188398097,122.09,88.42,0.038975,0.037428,0.0,0.0,0.03897540634839588,0.037428135632993076,0.0,0.0015472707154028029,68555.0,36745.0,19828330.759423,4226103.322,VAW,IYM,Materials
2020-03-05,4.770599875111828,4.451202822690664,117.99,85.73,-0.033582,-0.030423,0.0,0.0,-0.03358178392988779,-0.030422981225966976,0.0,-0.0031588027039208127,58962.0,47264.0,19782509.774631497,4156885.6980000003,VAW,IYM,Materials
2020-03-06,4.746235626266694,4.420886705880596,115.15,83.17,-0.02407,-0.029861,0.0,0.0,-0.024069836426815833,-0.02986119211477896,0.0,0.0057913556879631255,138252.0,50866.0,20180147.258631498,4231130.5725,VAW,IYM,Materials
2020-03-09,4.6440062097732895,4.310530632968812,103.96,74.48,-0.097178,-0.104485,0.0,0.0,-0.09717759444203213,-0.10448479018877,0.0,0.007307195746737868,232116.0,78336.0,20680583.3844035,4394850.6365,VAW,IYM,Materials
2020-03-10,4.679163865896418,4.350148895775859,107.68,77.49,0.040964,0.040414,0.0,0.0,0.0357829934590227,0.040413533834586346,0.0,-0.004630540375563645,413391.0,79938.0,22662851.2664035,4614066.9905,VAW,IYM,Materials
2020-03-11,4.625462889255854,4.3021714094244174,102.05,73.86,-0.052285,-0.046845,0.0,0.0,-0.052284546805349184,-0.04684475416182723,0.0,-0.005439792643521957,237627.0,80141.0,23654723.109560996,4844841.3995,VAW,IYM,Materials
2020-03-12,4.524827433305553,4.202899968776446,92.28,66.88,-0.095737,-0.094503,0.0,0.0,-0.09573738363547281,-0.09450311399945856,0.0,-0.0012342696360142513,507712.0,68960.0,25279015.683060996,5007833.7985,VAW,IYM,Materials
2020-03-13,4.589650374330055,4.2710950739666,98.46,71.6,0.06697,0.070574,0.0,0.0,0.06697009102730819,0.07057416267942584,0.0,-0.003604071652117652,175350.0,145688.0,25963984.146060996,5440443.239499999,VAW,IYM,Materials
2020-03-16,4.472324272654662,4.166975253257008,87.56,64.52,-0.110705,-0.098883,0.0,0.0,-0.11070485476335568,-0.0988826815642457,0.0,-0.01182217319910997,623693.0,121607.0,28483135.2231745,5781835.6395,VAW,IYM,Materials
2020-03-17,4.538923540169165,4.221124045253227,93.59,68.11,0.068867,0.055642,0.0,0.0,0.06886706258565554,0.05564166150030998,0.0,0.013225401085345562,354307.0,70636.0,29842329.057499997,5946557.1755,VAW,IYM,Materials
2020-03-18,4.458871928370793,4.140910031369422,86.39,62.86,-0.076931,-0.077081,0.0,0.0,-0.07693129607864088,-0.07708119218910586,0.0,0.00014989611046498097,212198.0,73786.0,30585708.333499998,6137937.4375,VAW,IYM,Materials
2020-03-19,4.488861063587708,4.15997623565093,89.02,64.07,0.030443,0.019249,0.0,0.0,0.03044333834934599,0.01924912503977078,0.0,0.01119421330957521,156697.0,53392.0,30981774.623499997,6208217.2085,VAW,IYM,Materials
2020-03-20,4.450619426139493,4.130997879870137,85.68,62.24,-0.03752,-0.028563,0.0,0.0,-0.03751965850370703,-0.028562509754955386,0.0,-0.008957148748751646,123040.0,40324.0,31297274.6835,6266014.6765,VAW,IYM,Materials
2020-03-23,4.400480313332128,4.0881588031350145,81.49,59.63,-0.048903,-0.041935,0.0,0.0,-0.048902894491129785,-0.041934447300771206,0.0,-0.006968447190358579,173391.0,69827.0,31660024.808999997,5993452.291999999,VAW,IYM,Materials
2020-03-24,4.5122870585080355,4.194189897191817,91.13,66.3,0.118297,0.111856,0.0,0.0,0.11829672352435881,0.11185644809659567,0.0,0.00644027542776314,169248.0,54240.0,31745137.857,5618705.814499999,VAW,IYM,Materials
2020-03-25,4.537640529194492,4.224348908792687,93.47,68.33,0.025678,0.03576,0.0,0.0,0.025677603423680456,0.0306184012066365,0.0,-0.004940797782956044,149500.0,98330.0,31540932.205999993,5620825.6075,VAW,IYM,Materials
2020-03-26,4.582310891842009,4.259152536523347,97.74,70.75,0.045683,0.035416,0.0,0.0,0.04568310687921258,0.03541636177374506,0.0,0.010266745105467517,94512.0,81475.0,29217712.682,5546764.455,VAW,IYM,Materials
2020-03-27,4.5462690780679305,4.220095767527661,94.28,68.04,-0.0354,-0.038304,0.0,0.0,-0.0354000409249028,-0.03830388692579493,0.0,0.0029038460008921282,267691.0,45037.0,21103326.767999995,5254074.154,VAW,IYM,Materials
2020-03-30,4.579031528378397,4.249352017769341,97.42,70.06,0.033305,0.029688,0.0,0.0,0.03330504879083581,0.029688418577307335,0.0,0.0036166302135284753,912468.0,50226.0,24867128.962999996,5087543.459000001,VAW,IYM,Materials
2020-03-31,4.566741159368309,4.238011912034514,96.23,69.27,-0.012215,-0.011276,-252603750.0,-13854000.0,-0.18477838987252726,-0.06943628150660779,-238749750.0,-0.11534210836591947,193882.0,41287.0,25220162.612999998,4871748.2524999995,VAW,IYM,Materials
2020-04-01,4.519721224155608,4.190714786041794,91.81,66.07,-0.045932,-0.046196,0.0,0.0,-0.04593162215525304,-0.04619604446369293,0.0,0.00026442230843989195,112065.0,45210.0,25316102.997999996,4858649.8425,VAW,IYM,Materials
2020-04-02,4.5331369830882595,4.202600880991953,93.05,66.86,0.013506,0.011957,0.0,0.0,0.013506154013723995,0.011957015286817155,0.0,0.0015491387269068405,128244.0,47564.0,25564911.888999995,4815059.158499999,VAW,IYM,Materials
2020-04-03,4.507336825639328,4.186619838331271,90.68,65.8,-0.02547,-0.015854,0.0,0.0,-0.025470177324019346,-0.015854023332336226,0.0,-0.00961615399168312,162836.0,42148.0,25507224.422999997,4742199.8175,VAW,IYM,Materials
2020-04-06,4.57974980864118,4.257596556295705,97.49,70.64,0.075099,0.073556,0.0,0.0,0.0750992501102779,0.07355623100303951,0.0,0.0015430191072383914,80752.0,47400.0,24694311.078999996,4617893.353499999,VAW,IYM,Materials
2020-04-07,4.601362947645137,4.286753954166449,99.62,72.73,0.021848,0.029587,0.0,0.0,0.02184839470714945,0.029586636466591168,0.0,-0.007738241759441718,91188.0,83898.0,22922821.362999998,4613268.649499999,VAW,IYM,Materials
2020-04-08,4.649378440652412,4.333230220484919,104.52,76.19,0.049187,0.047573,0.0,0.0,0.04918691025898414,0.047573216004399836,0.0,0.0016136942545843039,177218.0,115004.0,22636470.863499995,4755415.6745,VAW,IYM,Materials
2020-04-09,4.692723082995953,4.380400312929297,109.15,79.87,0.044298,0.0483,0.0,0.0,0.044297742058936086,0.048300301876886734,0.0,-0.0040025598179506475,102658.0,102405.0,20854143.730499998,4933767.801999999,VAW,IYM,Materials
2020-04-13,4.669646205172456,4.360292142527875,106.66,78.28,-0.022813,-0.019907,0.0,0.0,-0.0228126431516262,-0.019907349442844623,0.0,-0.0029052937087815783,125695.0,53327.0,20661227.115499996,4620926.64,VAW,IYM,Materials
2020-04-14,4.681019498271529,4.367293635071817,107.88,78.83,0.011438,0.007026,0.0,0.0,0.011438214888430527,0.007026060296371998,0.0,0.0044121545920585295,673617.0,111955.0,21564189.259499997,4669893.0905,VAW,IYM,Materials
2020-04-15,4.6339519874135435,4.317621437981545,102.92,75.01,-0.045977,-0.048459,0.0,0.0,-0.04597701149425287,-0.04845870861347191,0.0,0.0024816971192190354,125357.0,32198.0,20551296.775,4550100.7915,VAW,IYM,Materials
2020-04-16,4.629374874684909,4.316287392959792,102.45,74.91,-0.004567,-0.001333,0.0,0.0,-0.004566653711620676,-0.0013331555792562232,0.0,-0.0032334981323644527,78164.0,23580.0,20035102.603999995,4406510.2835,VAW,IYM,Materials
2020-04-17,4.66814498514948,4.35259782398307,106.5,77.68,0.039532,0.036978,0.0,0.0,0.03953147877013177,0.03697770658123094,0.0,0.0025537721889008352,93197.0,36861.0,19833918.281999998,4378637.135500001,VAW,IYM,Materials
2020-04-20,4.64333264708244,4.332573750954351,103.89,76.14,-0.024507,-0.019825,0.0,0.0,-0.024507042253521127,-0.019824922760041313,0.0,-0.0046821194934798145,65404.0,25104.0,19646555.999999996,4348719.7754999995,VAW,IYM,Materials
2020-04-21,4.6207482159514095,4.309724722918476,101.57,74.42,-0.022331,-0.02259,0.0,0.0,-0.02233131196457792,-0.0225899658523772,0.0,0.0002586538877992796,85613.0,49467.0,19374859.990999993,4324597.282,VAW,IYM,Materials
2020-04-22,4.638701669196884,4.330864910577949,103.41,76.01,0.018116,0.021365,0.0,0.0,0.018115585310623215,0.021365224402042585,0.0,-0.0032496390914193707,48881.0,22524.0,18856420.689499997,4230394.144,VAW,IYM,Materials
2020-04-23,4.647558952479878,4.345103280569283,104.33,77.1,0.008897,0.01434,0.0,0.0,0.00889662508461464,0.014340218392316554,0.0,-0.005443593307701914,44446.0,41102.0,18389584.998499997,4052897.9090000005,VAW,IYM,Materials
2020-04-24,4.663061664403869,4.359781025726562,105.96,78.24,0.015624,0.014786,0.0,0.0,0.015623502348317837,0.014785992217898834,0.0,0.0008375101304190034,37266.0,20184.0,18125140.122499995,3843639.9045,VAW,IYM,Materials
2020-04-27,4.692173229609665,4.386392092183521,109.09,80.35,0.029539,0.026968,0.0,0.0,0.02953944884862212,0.02696830265848671,0.0,0.0025711461901354107,83187.0,22868.0,17316988.24,3782296.2205,VAW,IYM,Materials
2020-04-28,4.710970604874303,4.4039104281738854,111.16,81.77,0.018975,0.017673,0.0,0.0,0.01897515812631772,0.017672682016179334,0.0,0.0013024761101383849,56092.0,24989.0,13184115.947999995,3708522.0689999997,VAW,IYM,Materials
2020-04-29,4.741447804280639,4.4309358393767555,114.6,84.01,0.030946,0.027394,0.0,0.0,0.030946383591219862,0.027393909746850922,0.0,0.00355247384436894,106828.0,47696.0,12863377.144999996,3765871.5925,VAW,IYM,Materials
2020-04-30,4.709259894512472,4.396052806406973,110.97,81.13,-0.031675,-0.034282,-8322750.0,-4056500.0,-0.03753172244596049,-0.049370982621116534,-4266250.0,0.011839260175156047,87062.0,25710.0,12832006.269499997,3720812.972499999,VAW,IYM,Materials
2020-05-01,4.685828089005546,4.375002019736917,108.4,79.44,-0.023159,-0.020831,0.0,0.0,-0.023159412453816346,-0.020830765438185628,0.0,-0.0023286470156307186,46081.0,16738.0,12485110.079499995,3628289.8565000007,VAW,IYM,Materials
2020-05-04,4.689970787680556,4.378144107409657,108.85,79.69,0.004151,0.003147,0.0,0.0,0.004151291512915129,0.0031470292044310172,0.0,0.001004262308484112,109358.0,94201.0,12341992.570499998,3864966.821,VAW,IYM,Materials
2020-05-05,4.691531351636135,4.388132953105642,109.02,80.49,0.001562,0.010039,0.0,0.0,0.0015617822691777676,0.010038900740368811,0.0,-0.008477118471191043,61748.0,41387.0,12284955.294499997,3864112.0025,VAW,IYM,Materials
2020-05-06,4.674416358724906,4.371850028222321,107.17,79.19,-0.016969,-0.016151,0.0,0.0,-0.016969363419556044,-0.016151074667660463,0.0,-0.0008182887518955809,32507.0,16180.0,12004936.625999996,3623081.6355000003,VAW,IYM,Materials
2020-05-07,4.694462293466853,4.396422514957614,109.34,81.16,0.020248,0.024877,0.0,0.0,0.020248203788373612,0.024876878393736583,0.0,-0.004628674605362971,59166.0,22403.0,11402255.879999995,3275885.2715,VAW,IYM,Materials
2020-05-08,4.722152901473706,4.420766462989812,112.41,83.16,0.028078,0.024643,0.0,0.0,0.02807755624657033,0.02464268112370626,0.0,0.00343487512286407,55088.0,16930.0,11151621.948999997,2937325.8439999996,VAW,IYM,Materials
2020-05-11,4.7064624374699635,4.405376883282097,110.66,81.89,-0.015568,-0.015272,0.0,0.0,-0.015568009963526377,-0.015271765271765271,0.0,-0.00029624469176110606,998151.0,12849.0,16004059.996999998,2781214.1965,VAW,IYM,Materials
2020-05-12,4.687855552606699,4.385520523928138,108.62,80.28,-0.018435,-0.019661,0.0,0.0,-0.01843484547261883,-0.019660520210037856,0.0,0.0012256747374190247,274502.0,26325.0,13861390.260999996,2445612.114,VAW,IYM,Materials
2020-05-13,4.661550519424199,4.361823927356363,105.8,78.4,-0.025962,-0.023418,0.0,0.0,-0.02596206960044191,-0.02341803687095155,0.0,-0.0025440327294903586,70164.0,29920.0,13587470.698999997,2442139.915,VAW,IYM,Materials
2020-05-14,4.674229721919586,4.37248122183035,107.15,79.24,0.01276,0.010714,0.0,0.0,0.01275992438563327,0.010714285714285472,0.0,0.002045638671347799,75179.0,17857.0,13589847.101499995,2424570.459,VAW,IYM,Materials
2020-05-15,4.683704063642198,4.382901252084542,108.17,80.07,0.009519,0.010475,0.0,0.0,0.009519365375641624,0.010474507824331148,0.0,-0.0009551424486895239,58744.0,25611.0,13411290.000499997,2383935.9735,VAW,IYM,Materials
2020-05-18,4.7331235502985525,4.432363221562722,113.65,84.13,0.050661,0.050706,0.0,0.0,0.05066099657945826,0.05070563257150006,0.0,-4.4635992041804073e-05,58189.0,21736.0,13402207.914999995,2379797.5294999997,VAW,IYM,Materials
2020-05-19,4.722241857573929,4.426163130161966,112.42,83.61,-0.010823,-0.006181,0.0,0.0,-0.010822701275846898,-0.006180910495661477,0.0,-0.004641790780185421,54149.0,20657.0,13271793.823499996,2282087.411,VAW,IYM,Materials
2020-05-20,4.74005066818191,4.44464925915299,114.44,85.17,0.017968,0.018658,0.0,0.0,0.017968333036826187,0.018658055256548258,0.0,-0.0006897222197220707,72056.0,39973.0,13431359.044999998,2366709.9695,VAW,IYM,Materials
2020-05-21,4.732507434449286,4.433907256550871,113.58,84.26,-0.007515,-0.010685,0.0,0.0,-0.007514854945823139,-0.010684513326288489,0.0,0.00316965838046535,30747.0,17795.0,13374118.698999997,2283232.0945,VAW,IYM,Materials
2020-05-22,4.731185906570952,4.430102257905445,113.43,83.94,-0.001321,-0.003798,0.0,0.0,-0.0013206550449022716,-0.003797768810823753,0.0,0.0024771137659214816,56272.0,22587.0,13495830.078999996,2299069.9255000004,VAW,IYM,Materials
2020-05-26,4.759092268260348,4.454928522657548,116.64,86.05,0.028299,0.025137,0.0,0.0,0.0282993916953187,0.025137002620919703,0.0,0.0031623890743989955,40744.0,157965.0,13279705.595499996,2886842.1479999996,VAW,IYM,Materials
2020-05-27,4.7763465316770475,4.463606621666305,118.67,86.8,0.017404,0.008716,0.0,0.0,0.0174039780521262,0.008715862870424172,0.0,0.008688115181702028,95818.0,40204.0,13536482.362499997,2959159.9814999998,VAW,IYM,Materials
2020-05-28,4.7802992722005415,4.471410195808567,119.14,87.48,0.003961,0.007834,0.0,0.0,0.003960562905536361,0.00783410138248848,0.0,-0.0038735384769521186,45178.0,37917.0,13193483.268499997,2924661.8915,VAW,IYM,Materials
2020-05-29,4.77912349311153,4.472780997942346,119.0,87.6,-0.001175,0.001372,68425000.0,-13140000.0,0.04541945383856085,-0.04631262655954025,81565000.0,0.0917320803981011,81836.0,55877.0,13197343.961499998,3065110.5365,VAW,IYM,Materials
2020-06-01,4.786574655719562,4.479720335270676,119.89,88.21,0.007479,0.006963,0.0,0.0,0.007478991596638655,0.006963470319634704,0.0,0.0005155212770039507,41089.0,34441.0,13193892.951999996,3150529.2309999997,VAW,IYM,Materials
2020-06-02,4.80361112466193,4.497473610532717,121.95,89.79,0.017182,0.017912,0.0,0.0,0.01718241721578113,0.01791180138306326,0.0,-0.0007293841672821287,97733.0,27100.0,13194639.004499996,2896850.7965,VAW,IYM,Materials
2020-06-03,4.82655218668264,4.519612297626445,124.78,91.8,0.023206,0.022386,0.0,0.0,0.023206232062320625,0.02238556632141664,0.0,0.0008206657409039857,147133.0,17799.0,13776013.443499997,2811986.225,VAW,IYM,Materials
2020-06-04,4.832146383322478,4.525910505002459,125.48,92.38,0.00561,0.006318,0.0,0.0,0.005609873377143773,0.006318082788671024,0.0,-0.0007082094115272511,386312.0,52423.0,16025546.171999997,2990063.3519999995,VAW,IYM,Materials
2020-06-05,4.856240062146342,4.550185877655332,128.53999,94.65,0.024386,0.024573,0.0,0.0,0.02438627669748153,0.024572418272353323,0.0,-0.0001861415748717933,156550.0,37932.0,16708232.421725,3078665.168,VAW,IYM,Materials
2020-06-08,4.862367277427153,4.557134736949535,129.33,95.31,0.006146,0.006973,0.0,0.0,0.006146025061928481,0.006973058637083994,0.0,-0.0008270335751555131,78778.0,30946.0,16908028.254724994,3155743.391,VAW,IYM,Materials
2020-06-09,4.847567194224188,4.547223226033242,127.43,94.37,-0.014691,-0.009863,0.0,0.0,-0.014691100286089989,-0.009862553771902214,0.0,-0.004828546514187775,169254.0,83671.0,12463660.632724997,3497934.7739999993,VAW,IYM,Materials
2020-06-10,4.835011258750022,4.535498512738772,125.84,93.27,-0.012478,-0.011656,0.0,0.0,-0.012477438593737738,-0.011656246688566282,0.0,-0.0008211919051714558,42715.0,26409.0,11241603.050724996,3515424.5955,VAW,IYM,Materials
2020-06-11,4.74970333672039,4.4499189007168,115.55,85.62,-0.08177,-0.08202,0.0,0.0,-0.08177050222504768,-0.08201994210357028,0.0,0.0002494398785225921,132170.0,47833.0,11634047.665724996,3602911.2684999993,VAW,IYM,Materials
2020-06-12,4.770684624465665,4.469808548057415,118.0,87.34,0.021203,0.020089,0.0,0.0,0.02120294244915621,0.020088764307404812,0.0,0.0011141781417513992,88819.0,37074.0,11755308.273224998,3694063.9925000006,VAW,IYM,Materials
2020-06-15,4.78164132910387,4.473237514727265,119.3,87.64,0.011017,0.008129,0.0,0.0,0.011016949152542373,0.0034348523013510417,0.0,0.007582096851191331,111847.0,50926.0,12104758.704224996,3814688.086,VAW,IYM,Materials
2020-06-16,4.8027907800712155,4.493791598004702,121.85,89.46,0.021375,0.020767,0.0,0.0,0.02137468566638726,0.020766773162939185,0.0,0.0006079125034480735,111406.0,36170.0,12452840.766724998,3885044.0119999996,VAW,IYM,Materials
2020-06-17,4.794798317964484,4.484583222998974,120.88,88.64,-0.007961,-0.009166,0.0,0.0,-0.007960607304062372,-0.009166107757656944,0.0,0.0012055004535945716,34432.0,21560.0,12356576.245724997,3894241.3435000004,VAW,IYM,Materials
2020-06-18,4.791898684600252,4.482211278587644,120.53,88.43,-0.002895,-0.002369,0.0,0.0,-0.0028954334877564526,-0.002369133574007108,0.0,-0.0005262999137493445,44823.0,9581.0,12214397.623224998,3766378.7145,VAW,IYM,Materials
2020-06-19,4.7890738239646975,4.478018400327608,120.19,88.06,-0.002821,-0.004184,0.0,0.0,-0.0028208744710860366,-0.004184100418410153,0.0,0.0013632259473241167,60148.0,29344.0,12401244.816224998,3820610.0115,VAW,IYM,Materials
2020-06-22,4.787825020572167,4.4850343847481104,120.04,88.68,0.004341,0.007041,0.0,0.0,-0.0012480239620600716,0.0070406540994777415,0.0,-0.008288678061537814,43504.0,21894.0,12343209.176224997,3822890.3685000003,VAW,IYM,Materials
2020-06-23,4.788491243115129,4.486949554600661,120.12,88.85,0.000666,0.001917,0.0,0.0,0.0006664445184938354,0.0019170049616596765,0.0,-0.0012505604431658412,36784.0,17595.0,12326514.872224998,3221411.7435000003,VAW,IYM,Materials
2020-06-24,4.757891273005756,4.453649378346849,116.5,85.94,-0.030137,-0.032752,0.0,0.0,-0.030136530136530136,-0.032751828925154644,0.0,0.002615298788624508,57874.0,33206.0,12095094.819224996,3189612.5655,VAW,IYM,Materials
2020-06-25,4.7720396382231245,4.471181545984774,118.16,87.46,0.014249,0.017687,0.0,0.0,0.014248927038626609,0.017686758203397605,0.0,-0.003437831164770996,66572.0,25965.0,12219276.849224996,3137308.5524999998,VAW,IYM,Materials
2020-06-26,4.756345013785209,4.455857782801083,116.32,86.13,-0.015572,-0.015207,0.0,0.0,-0.015572105619498984,-0.015206951749371029,0.0,-0.0003651538701279558,65367.0,36481.0,12112527.121224996,3049672.719,VAW,IYM,Materials
2020-06-29,4.776852007677701,4.4764273100953655,118.73,87.92,0.020719,0.020783,0.0,0.0,0.020718707015130674,0.020782538023917333,0.0,-6.38310087866592e-05,81048.0,44794.0,12347360.562724996,3094685.1125,VAW,IYM,Materials
2020-06-30,4.792810904259646,4.4913293695643315,120.64,89.24,0.016087,0.015014,60320000.0,8924000.0,0.05546708112632458,0.04884743706399757,51396000.0,0.006619644062327006,63869.0,25987.0,12136691.403225,3088973.6565,VAW,IYM,Materials
2020-07-01,4.791317747615575,4.489310299893557,120.46,89.06,-0.001492,-0.002017,0.0,0.0,-0.0014920424403183023,-0.0020170327207530256,0.0,0.0005249902804347233,113669.0,145289.0,11903357.003224997,3654248.1635,VAW,IYM,Materials
2020-07-02,4.809090142334542,4.508328834538536,122.62,90.77,0.017931,0.019201,0.0,0.0,0.017931263489955173,0.019200538962497193,0.0,-0.0012692754725420197,76065.0,51661.0,9945990.030224998,3646569.775,VAW,IYM,Materials
2020-07-06,4.822778445803624,4.5209186335405,124.31,91.92,0.013782,0.012669,0.0,0.0,0.013782417223943891,0.012669384157761376,0.0,0.0011130330661825154,142858.0,15030.0,9827777.157499997,3536134.465000001,VAW,IYM,Materials
2020-07-07,4.819797577533961,4.522983515000144,123.94,92.11,-0.002976,0.002067,0.0,0.0,-0.002976429893009412,0.0020670147954743256,0.0,-0.005043444688483738,47139.0,14508.0,9610479.603499997,3455477.896,VAW,IYM,Materials
2020-07-08,4.8077844460498085,4.508879525669805,122.46,90.82,-0.011941,-0.014005,0.0,0.0,-0.0119412619009198,-0.014004994028878516,0.0,0.0020637321279587152,49295.0,58684.0,8833911.027499998,3327160.3265,VAW,IYM,Materials
2020-07-09,4.795625242678768,4.50069816439138,120.98,90.08,-0.012086,-0.008148,0.0,0.0,-0.012085578964559857,-0.008147985025324819,0.0,-0.003937593939235038,36344.0,24469.0,8784993.103499997,3314210.331,VAW,IYM,Materials
2020-07-10,4.8160791996339585,4.5191764728211155,123.48,91.76,0.020665,0.01865,0.0,0.0,0.020664572656637462,0.018650088809946713,0.0,0.0020144838466907497,35615.0,21338.0,8241267.938499997,3207336.002,VAW,IYM,Materials
2020-07-13,4.813727878973883,4.519612297626445,123.19,91.8,-0.002349,0.000436,0.0,0.0,-0.0023485584710074506,0.00043591979075850045,0.0,-0.002784478261765951,1013024.0,43190.0,13956957.166499997,3243675.944,VAW,IYM,Materials
2020-07-14,4.840321356426578,4.544676805559129,126.51,94.13,0.02695,0.025381,0.0,0.0,0.026950239467489243,0.025381263616557733,0.0,0.0015689758509315095,158036.0,34649.0,14289446.529499998,3183593.7305,VAW,IYM,Materials
2020-07-15,4.858881738868719,4.564348191467836,128.88,96.0,0.018734,0.019866,0.0,0.0,0.018733696940953285,0.019866142568787847,0.0,-0.0011324456278345614,75615.0,54988.0,14097968.534499997,3285747.7205,VAW,IYM,Materials
2020-07-16,4.860199926164623,4.566533302373173,129.05,96.21,0.001319,0.002187,0.0,0.0,0.00131905648665439,0.0021875,0.0,-0.0008684435133456102,43516.0,20796.0,14170648.5165,3290232.9584999997,VAW,IYM,Materials
2020-07-17,4.868841288478369,4.574814065973192,130.17,97.01,0.008679,0.008315,0.0,0.0,0.008678806664083412,0.008315143955929737,0.0,0.0003636627081536753,52920.0,14155.0,14244952.526999999,3316529.3945,VAW,IYM,Materials
2020-07-20,4.861129366243924,4.562262684976814,129.17,95.8,-0.007682,-0.012473,0.0,0.0,-0.007682261657832067,-0.012472940933924337,0.0,0.0047906792760922705,38085.0,17049.0,14129465.093499998,3268992.4724999997,VAW,IYM,Materials
2020-07-21,4.8696092197094725,4.572646994282532,130.27,96.8,0.008516,0.010438,0.0,0.0,0.008515909266857906,0.010438413361169102,0.0,-0.0019225040943111962,42039.0,20170.0,14142175.111999998,3269537.2764999997,VAW,IYM,Materials
2020-07-22,4.880678457508163,4.583435693842085,131.72,97.85,0.011131,0.010847,0.0,0.0,0.011130728486988425,0.01084710743801653,0.0,0.0002836210489718955,51667.0,50144.0,14261529.27,3436701.0089999996,VAW,IYM,Materials
2020-07-23,4.879006851617819,4.581287245524759,131.5,97.64,-0.00167,-0.002146,0.0,0.0,-0.0016702095353780747,-0.0021461420541645376,0.0,0.0004759325187864629,48513.0,24501.0,14243386.194999998,3413628.709,VAW,IYM,Materials
2020-07-24,4.875578929769415,4.578518154990665,131.05,97.37,-0.003422,-0.002765,0.0,0.0,-0.0034220532319390283,-0.0027652601392871776,0.0,-0.0006567930926518507,28720.0,25353.0,14038266.618999999,3423514.8445,VAW,IYM,Materials
2020-07-27,4.891776680212939,4.595927604621159,133.19,99.08,0.01633,0.017562,0.0,0.0,0.016329645173597727,0.017561877374961486,0.0,-0.0012322322013637588,118742.0,37614.0,14448854.495999996,3452749.174,VAW,IYM,Materials
2020-07-28,4.8703765616746875,4.572130331909891,130.37,96.75,-0.021173,-0.023516,0.0,0.0,-0.021172760717771605,-0.02351635042389988,0.0,0.002343589706128274,60680.0,11802.0,14363255.623999998,3312926.925,VAW,IYM,Materials
2020-07-29,4.880450675722129,4.581389657322688,131.69,97.65,0.010125,0.009302,0.0,0.0,0.010125028764286262,0.009302325581395349,0.0,0.0008227031828909135,130243.0,10220.0,14835582.849499997,3246872.081,VAW,IYM,Materials
2020-07-30,4.859657353582231,4.559649670686282,128.98,95.55,-0.020579,-0.021505,0.0,0.0,-0.020578631634900278,-0.021505376344086023,0.0,0.000926744709185745,54852.0,21044.0,14504695.010499995,2700437.8740000003,VAW,IYM,Materials
2020-07-31,4.859657353582231,4.562993107088905,128.98,95.87,0.0,0.003349,-145102500.0,-14380500.0,-0.083948959032908,-0.04520011478536824,-130722000.0,-0.03874884424753976,54813.0,32985.0,14391829.532499999,2624088.023,VAW,IYM,Materials
2020-08-03,4.858959327416688,4.558916801470629,128.89,95.48,-0.000698,-0.004068,0.0,0.0,-0.0006977826019537914,-0.004068008761865026,0.0,0.003370226159911234,91623.0,337376.0,14094360.056999996,4165643.1670000004,VAW,IYM,Materials
2020-08-04,4.869993041027979,4.5682987112121864,130.32001,96.38,0.011095,0.009426,0.0,0.0,0.01109480952750422,0.009426057813154587,0.0,0.0016687517143496328,178503.0,98520.0,14965365.311251497,4573594.453,VAW,IYM,Materials
2020-08-05,4.88733715316654,4.587718792374336,132.60001,98.27,0.017495,0.01961,0.0,0.0,0.01749539460593964,0.01960987756796016,0.0,-0.0021144829620205197,97570.0,61156.0,15310421.175036496,4607600.415,VAW,IYM,Materials
2020-08-06,4.882574624028738,4.5821062463895395,131.97,97.72,-0.004751,-0.005597,0.0,0.0,-0.004751206278189566,-0.00559682507377633,0.0,0.0008456187955867642,65157.0,16011.0,15520514.783536498,4575621.785,VAW,IYM,Materials
2020-08-07,4.887261660126628,4.585273554273635,132.59,98.03,0.004698,0.003172,0.0,0.0,0.004698037432749868,0.0031723291035611954,0.0,0.0015257083291886722,147870.0,27093.0,16280931.938536499,4610519.380500001,VAW,IYM,Materials
2020-08-10,4.897774872470034,4.595725727160092,133.9913,99.06,0.010569,0.010507,0.0,0.0,0.010568670337129467,0.010506987656839743,0.0,6.168268028972426e-05,64623.0,103549.0,10474156.599531498,4925155.477500001,VAW,IYM,Materials
2020-08-11,4.896196659690262,4.593300013417604,133.78,98.82,-0.001577,-0.002423,0.0,0.0,-0.001576968056881276,-0.0024227740763173833,0.0,0.0008458060194361074,69098.0,35559.0,9936696.403531497,4937776.978,VAW,IYM,Materials
2020-08-12,4.903421209789107,4.599655005299981,134.75,99.45,0.007251,0.006375,0.0,0.0,0.007250710121094334,0.006375227686703097,0.0,0.0008754824343912369,102461.0,160948.0,10139764.331031498,5474148.507999999,VAW,IYM,Materials
2020-08-13,4.902010196224638,4.598447640227264,134.56,99.33,-0.00141,-0.001207,0.0,0.0,-0.0014100185528756958,-0.0012066365007541479,0.0,-0.00020338205212154796,61796.0,27018.0,10274740.829031497,5508294.2469999995,VAW,IYM,Materials
2020-08-14,4.903940629598261,4.599453878991982,134.82001,99.43,0.001932,0.001007,0.0,0.0,0.0019322978596908384,0.0010067451927917043,0.0,0.0009255526668991341,39155.0,12405.0,10194254.883608997,5501306.877,VAW,IYM,Materials
2020-08-17,4.907937895857914,4.604469940873698,135.36,99.93,0.004005,0.005029,0.0,0.0,0.004005265983884886,0.005028663381273258,0.0,-0.0010233973973883719,35150.0,26734.0,10186178.111108996,5553218.598,VAW,IYM,Materials
2020-08-18,4.903421209789107,4.601061757943548,134.75,99.59,-0.004507,-0.003402,0.0,0.0,-0.00450650118203324,-0.003402381667167017,0.0,-0.0011041195148662228,47631.0,24905.0,10233270.947108995,5579610.2455,VAW,IYM,Materials
2020-08-19,4.898585864858846,4.598044861045503,134.10001,99.29,-0.004824,-0.003012,0.0,0.0,-0.004823673469387761,-0.0030123506376142184,0.0,-0.0018113228317735426,34256.0,11703.0,10122678.582236998,5392380.268999999,VAW,IYM,Materials
2020-08-20,4.895578289438766,4.5944125293351314,133.6973,98.93,-0.003003,-0.003626,0.0,0.0,-0.003003057195894196,-0.003625742773693222,0.0,0.0006226855777990256,25563.0,21136.0,9974590.811231997,5377315.611,VAW,IYM,Materials
2020-08-21,4.888241645882189,4.585477552642355,132.72,98.05,-0.00731,-0.008895,0.0,0.0,-0.007309796084139436,-0.008895178408976044,0.0,0.001585382324836608,31876.0,14084.0,9997932.147231998,5322931.3405,VAW,IYM,Materials
2020-08-24,4.905719124146696,4.606069781230928,135.06,100.09,0.017631,0.020806,0.0,0.0,0.01763110307414105,0.020805711371749108,0.0,-0.0031746082976080586,43029.0,32604.0,9497744.635231996,5299758.3025,VAW,IYM,Materials
2020-08-25,4.902530274991143,4.603268378698495,134.63,99.81,-0.003184,-0.002797,0.0,0.0,-0.003183770176217977,-0.0027974822659606355,0.0,-0.00038628791025734164,72218.0,42616.0,9588337.522231996,5455341.2754999995,VAW,IYM,Materials
2020-08-26,4.909635626474218,4.612642200826793,135.59,100.75,0.007131,0.009418,0.0,0.0,0.007130654386095224,0.009417893998597335,0.0,-0.0022872396125021115,37295.0,32141.0,8983593.941231998,5567352.413,VAW,IYM,Materials
2020-08-27,4.908454827828394,4.608365076884611,135.42999,100.32,-0.00118,-0.004268,0.0,0.0,-0.0011801017774172079,-0.004267990074441687,0.0,0.0030878882970244792,33570.0,32905.0,8857172.631446997,5631866.183,VAW,IYM,Materials
2020-08-28,4.919834929769759,4.622027303054514,136.98,101.7,0.011445,0.013756,0.0,0.0,0.011445101635169432,0.01375598086124402,0.0,-0.002310879226074588,40992.0,11416.0,8784437.802446995,5531802.945499999,VAW,IYM,Materials
2020-08-31,4.903717937560695,4.606569206901798,134.78999,100.14,-0.015988,-0.015339,20218498.5,55077000.0,-0.003964199060390399,0.16824158792060398,-34858501.5,-0.17220578698099437,63428.0,466580.0,8621446.353232997,6257335.9815,VAW,IYM,Materials
2020-09-01,4.929425238670713,4.6316173560029394,138.3,102.68,0.026041,0.025365,0.0,0.0,0.0260405835774603,0.025364489714399842,0.0,0.000676093863060459,69129.0,195954.0,7936347.750981498,6788595.9375,VAW,IYM,Materials
2020-09-02,4.950106501021434,4.653388758258566,141.19,104.94,0.020897,0.02201,0.0,0.0,0.020896601590744617,0.022010128554733152,0.0,-0.001113526963988535,60106.0,117409.0,7713776.909196498,7104150.9545,VAW,IYM,Materials
2020-09-03,4.92260521658922,4.6245805795079145,137.36,101.96,-0.027127,-0.028397,0.0,0.0,-0.027126567037325452,-0.028397179340575566,0.0,0.0012706123032501133,67679.0,163769.0,7748657.816696497,7860815.570500001,VAW,IYM,Materials
2020-09-04,4.9245689249914415,4.625658852415407,137.63,102.07,0.001966,0.001079,0.0,0.0,0.0019656377402444726,0.0010788544527265593,0.0,0.0008867832875179133,46061.0,129304.0,7085322.423196497,8387922.195,VAW,IYM,Materials
2020-09-08,4.9021588177601725,4.604970165985424,134.58,99.98,-0.022161,-0.020476,0.0,0.0,-0.022160866090241815,-0.02047614382286666,0.0,-0.0016847222673751563,45661.0,135256.0,6959629.303201497,8551188.742,VAW,IYM,Materials
2020-09-09,4.925367922717101,4.630545492319319,137.74001,102.57,0.023481,0.025905,0.0,0.0,0.023480532025560996,0.02590518103620724,0.0,-0.0024246490106462452,61881.0,29017.0,6923607.2591419965,8524305.4075,VAW,IYM,Materials
2020-09-10,4.916324614625014,4.616406817914079,136.5,101.13,-0.009003,-0.014039,0.0,0.0,-0.009002540365722482,-0.014039192746417082,0.0,0.0050366523806946,58664.0,94288.0,6633658.071641997,8200758.749500001,VAW,IYM,Materials
2020-09-11,4.9228235969358565,4.628496011291588,137.39,102.36,0.010851,0.012163,0.0,0.0,0.006520146520146379,0.01216256303767428,0.0,-0.005642416517527901,56107.0,74698.0,6603321.620141997,8448878.216500001,VAW,IYM,Materials
2020-09-14,4.937992985793868,4.640923355693909,139.49001,103.64,0.015285,0.012505,0.0,0.0,0.01528502802241821,0.012504884720593983,0.0,0.0027801433018242276,49822.0,65933.0,6686861.309475498,8728871.565000001,VAW,IYM,Materials
2020-09-15,4.942213687977596,4.644487048365042,140.08,104.01,0.00423,0.00357,0.0,0.0,0.004229621891919003,0.0035700501736781166,0.0,0.0006595717182408868,107598.0,55740.0,7202582.501475498,8885171.004,VAW,IYM,Materials
2020-09-16,4.941963799533636,4.64314011723972,140.045,103.87,-0.00025,-0.001346,0.0,0.0,-0.00024985722444344926,-0.0013460244207287762,0.0,0.0010961671962853269,55328.0,36913.0,7269089.126975497,8952864.222,VAW,IYM,Materials
2020-09-17,4.949893998807069,4.6515765588022475,141.16,104.75,0.007962,0.008472,0.0,0.0,0.007961726587882604,0.008472128622316357,0.0,-0.0005104020344337528,152068.0,48691.0,8112698.573847497,9149783.791,VAW,IYM,Materials
2020-09-18,4.932457513032232,4.635699391022914,138.72,103.1,-0.017285,-0.015752,0.0,0.0,-0.01728534995749504,-0.015751789976133652,0.0,-0.0015335599813613883,74806.0,54879.0,8460667.785852496,9328135.812,VAW,IYM,Materials
2020-09-21,4.896196659690262,4.595927604621159,133.78,99.08,-0.035611,-0.038991,0.0,0.0,-0.03561130334486736,-0.03899127061105723,0.0,0.0033799672661898664,198164.0,63913.0,9574657.645852497,9575714.004,VAW,IYM,Materials
2020-09-22,4.8970185673092885,4.596331237320887,133.89,99.12,0.000822,0.000404,0.0,0.0,0.0008222454776497295,0.0004037141703673799,0.0,0.00041853130728234967,92741.0,33143.0,9904937.433352496,9576803.994,VAW,IYM,Materials
2020-09-23,4.868994921909306,4.562888793731485,130.19,95.86,-0.027635,-0.028786,0.0,0.0,-0.0276346254387929,-0.03288942695722357,0.0,0.00525480151843067,70448.0,107453.0,9877383.222352497,9879151.075,VAW,IYM,Materials
2020-09-24,4.87489200942207,4.56954300834494,130.96001,96.5,0.005914,0.006676,0.0,0.0,0.005914509562946604,0.006676403087836428,0.0,-0.0007618935248898239,227123.0,73175.0,11111743.287413996,10070310.1625,VAW,IYM,Materials
2020-09-25,4.883483508435773,4.571303116476514,132.09,96.67,0.008629,0.001762,0.0,0.0,0.008628511864041408,0.001761658031088083,0.0,0.006866853832953325,165331.0,49929.0,11976352.638698999,10146590.504,VAW,IYM,Materials
2020-09-28,4.9001505609209834,4.590766955677347,134.31,98.57,0.016807,0.019655,0.0,0.0,0.01680672268907563,0.019654494672597497,0.0,-0.002847771983521867,49093.0,36429.0,12025282.472198997,10268080.4705,VAW,IYM,Materials
2020-09-29,4.893801882404276,4.582515495423285,133.46001,97.76,-0.006329,-0.008217,0.0,0.0,-0.006328568237659009,-0.00821751039870143,0.0,0.001888942161042421,34305.0,65309.0,11826726.780065497,8251144.8025,VAW,IYM,Materials
2020-09-30,4.9023817086560015,4.592591403781231,134.61,98.75,0.008617,0.010127,30287250.000000004,64187500.0,0.026879958004102054,0.19772182604629412,-33900250.0,-0.17084186804219206,138880.0,181860.0,12283431.585065495,8143050.716500001,VAW,IYM,Materials
2020-10-01,4.892302032093116,4.578620850754555,133.25999,97.38,-0.010029,-0.013873,0.0,0.0,-0.010029046876161034,-0.013873417721518988,0.0,0.0038443708453579535,323050.0,2088710.0,14011595.266540498,17696934.6835,VAW,IYM,Materials
2020-10-02,4.901712886872069,4.5885325448350684,134.52,98.35,0.009455,0.009961,0.0,0.0,0.00945527611100704,0.009960977613472992,0.0,-0.0005057015024659516,164309.0,312071.0,14651918.228540499,18396649.463999998,VAW,IYM,Materials
2020-10-05,4.922532485347978,4.606768907351788,137.35001,100.16,0.021038,0.018404,0.0,0.0,0.021037838239666814,0.01840366039654296,0.0,0.0026341778431238534,86707.0,233389.0,14930409.822893998,18905558.612,VAW,IYM,Materials
2020-10-06,4.91029909834076,4.594614672048575,135.67999,98.95,-0.012159,-0.012081,0.0,0.0,-0.012158863330261123,-0.012080670926517573,0.0,-7.819240374355024e-05,180872.0,197690.0,15850192.511457998,19207485.143,VAW,IYM,Materials
2020-10-07,4.936916989601973,4.620649756836477,139.34,101.56,0.026975,0.026377,0.0,0.0,0.02697531154004359,0.026376958059626074,0.0,0.0005983534804175177,540936.0,62790.0,19192719.1455175,19377519.0785,VAW,IYM,Materials
2020-10-08,4.948121388707014,4.628202885098664,140.91,102.33,0.011268,0.007582,0.0,0.0,0.011267403473518013,0.007581725088617566,0.0,0.003685678384900448,51729.0,51799.0,19156794.0150175,19165781.39,VAW,IYM,Materials
2020-10-09,4.954064942607862,4.637927750226264,141.75,103.33,0.005961,0.009772,0.0,0.0,0.005961251862891207,0.00977230528681716,0.0,-0.0038110534239259534,67393.0,88269.0,19249014.866017498,19239518.814499997,VAW,IYM,Materials
2020-10-12,4.953853279997271,4.6338548198480005,141.72,102.91,-0.000212,-0.004065,0.0,0.0,-0.00021164021164021165,-0.004064647246685377,0.0,0.0038530070350451654,76024.0,47512.0,19440237.366106495,19142327.004499998,VAW,IYM,Materials
2020-10-13,4.943640425271977,4.626246511590008,140.28,102.13,-0.010161,-0.00758,0.0,0.0,-0.010160880609652836,-0.007579438344184238,0.0,-0.0025814422654685974,51748.0,58142.0,19049581.4461065,19149353.2575,VAW,IYM,Materials
2020-10-14,4.949397984625066,4.630837932736669,141.09,102.6,0.005774,0.004602,0.0,0.0,0.005774165953806672,0.004601977871340449,0.0,0.0011721880824662233,53038.0,76901.0,19036317.529106498,19352147.722,VAW,IYM,Materials
2020-10-15,4.947766489317265,4.628300603376946,140.86,102.34,-0.00163,-0.002534,0.0,0.0,-0.0016301651428165082,-0.00253411306042885,0.0,0.0009039479176123418,55393.0,58525.0,18353154.484106496,19396601.0345,VAW,IYM,Materials
2020-10-16,4.954135416315007,4.632201525039122,141.75999,102.74,0.006389,0.003909,0.0,0.0,0.00638925173931537,0.003908540160250147,0.0,0.002480711579065223,49884.0,39100.0,18187877.835164495,19314556.489499997,VAW,IYM,Materials
2020-10-19,4.941070830710347,4.6188758330442035,139.92,101.38,-0.01298,-0.013237,0.0,0.0,-0.012979614346756098,-0.01323729803387191,0.0,0.00025768368711581204,126125.0,61765.0,17744729.3391645,19311018.2725,VAW,IYM,Materials
2020-10-20,4.944281793546234,4.62477671562701,140.37,101.98,0.003216,0.005918,0.0,0.0,0.003216123499142502,0.005918327086210298,0.0,-0.0027022035870677957,192595.0,39707.0,18475602.722164497,19349227.557499997,VAW,IYM,Materials
2020-10-21,4.942855971674966,4.618086411254637,140.17,101.3,-0.001425,-0.006668,0.0,0.0,-0.0014248058702003195,-0.006667974112571092,0.0,0.005243168242370773,31274.0,52898.0,18236205.2951645,19102133.6985,VAW,IYM,Materials
2020-10-22,4.94741146392922,4.624590387227571,140.81,101.961,0.004566,0.006525,0.0,0.0,0.004565884283370328,0.006525172754195459,0.0,-0.0019592884708251306,45723.0,31125.0,17070916.559102997,18907741.12975,VAW,IYM,Materials
2020-10-23,4.951522029603749,4.628593700931679,141.39,102.37,0.004119,0.004011,0.0,0.0,0.004119025637383575,0.004011337668324163,0.0,0.00010768796905941212,67826.0,47674.0,16458483.876602998,18910428.677249998,VAW,IYM,Materials
2020-10-26,4.926570915891425,4.603067977896221,137.90581,99.79,-0.024642,-0.025203,0.0,0.0,-0.024642407525284574,-0.02520269610237374,0.0,0.0005602885770891672,55223.0,57684.0,16509578.462384496,19018702.66875,VAW,IYM,Materials
2020-10-27,4.916397798760177,4.590462557115817,136.50999,98.54,-0.010122,-0.012526,0.0,0.0,-0.010121546003029268,-0.012526305241006112,0.0,0.002404759237976844,46457.0,32455.0,16597753.410503497,18859378.06175,VAW,IYM,Materials
2020-10-28,4.8862807885513195,4.556400021618662,132.46001,95.24,-0.029668,-0.033489,0.0,0.0,-0.029668011842942515,-0.03348893850213112,0.0,0.003820926659188602,80109.0,109671.0,16193583.517557997,18483697.61375,VAW,IYM,Materials
2020-10-29,4.9078640899428345,4.578723535973108,135.35001,97.39,0.021818,0.022575,0.0,0.0,0.021817905645635845,0.022574548509029818,0.0,-0.0007566428633939727,193325.0,314979.0,15349428.563245496,9847558.86425,VAW,IYM,Materials
2020-10-30,4.905792422215547,4.577798989191959,135.0699,97.3,-0.002069,-0.000924,124939657.49999999,243250000.0,0.07089590954185641,0.6009288205290615,-118310342.50000001,-0.5300329109872051,74960.0,141480.0,14750528.214445496,9001249.92175,VAW,IYM,Materials
2020-11-02,4.93777789349801,4.611351045063173,139.46001,100.62,0.032503,0.034121,0.0,0.0,0.03250250425890615,0.034121274409044194,0.0,-0.0016187701501380464,111299.0,102973.0,14931155.831241498,8350494.972749999,VAW,IYM,Materials
2020-11-03,4.954347019222628,4.6238937999861935,141.78999,101.89,0.016707,0.012622,0.0,0.0,0.01670715497582401,0.012621745179884715,0.0,0.004085409795939295,123483.0,59477.0,14579552.940435996,7675429.274249999,VAW,IYM,Materials
2020-11-04,4.936916989601973,4.609062600703435,139.34,100.39,-0.017279,-0.014722,0.0,0.0,-0.017279005379716744,-0.014721758759446462,0.0,-0.002557246620270282,64989.0,119077.0,11263630.191435996,7954288.655749999,VAW,IYM,Materials
2020-11-05,4.977216453483048,4.653388758258566,145.07001,104.94,0.041123,0.045323,0.0,0.0,0.04112250610018659,0.045323239366470765,0.0,-0.004200733266284173,78606.0,227731.0,11469342.182238998,8884163.629250001,VAW,IYM,Materials
2020-11-06,4.978625744558652,4.656528478263233,145.2746,105.27,0.00141,0.003145,0.0,0.0,0.001410284592935464,0.0031446540880503146,0.0,-0.0017343694951148507,59199.0,131634.0,11421699.847008998,9120977.399749998,VAW,IYM,Materials
2020-11-09,5.0001808361923965,4.687671407499835,148.44,108.6,0.021789,0.031633,0.0,0.0,0.021789080816605293,0.03163294385864919,0.0,-0.009843863042043897,95456.0,232018.0,11591468.215008996,10136362.14375,VAW,IYM,Materials
2020-11-10,5.013431381398257,4.693730362967572,150.42,109.26,0.013339,0.006077,0.0,0.0,0.013338722716248872,0.0060773480662983425,0.0,0.007261374649950529,112463.0,360619.0,12074341.966008997,11809521.61775,VAW,IYM,Materials
2020-11-11,4.999574414144985,4.675442238973423,148.35001,107.28,-0.013761,-0.018122,0.0,0.0,-0.013761401409386939,-0.018121911037891267,0.0,0.004360509628504329,82655.0,104225.0,12313278.898836497,11974082.38775,VAW,IYM,Materials
2020-11-12,4.978249833952101,4.65386510752685,145.22,104.99,-0.021099,-0.021346,0.0,0.0,-0.02109881893503074,-0.02134601043997017,0.0,0.0002471915049394313,68045.0,89187.0,12417220.744836496,12142797.11925,VAW,IYM,Materials
2020-11-13,4.998157772585143,4.674323044676408,148.14,107.16,0.020107,0.020669,0.0,0.0,0.020107423219942036,0.020668635108105533,0.0,-0.0005612118881634966,48476.0,111867.0,12422704.709778497,12541323.80525,VAW,IYM,Materials
2020-11-16,5.018140393582029,4.6930894840259745,151.13,109.19,0.020184,0.018944,0.0,0.0,0.02018361009855554,0.018943635684957074,0.0,0.0012399744135984658,97051.0,98483.0,12273700.091278497,12765904.95875,VAW,IYM,Materials
2020-11-17,5.015092014813197,4.6871187686352584,150.67,108.54,-0.003044,-0.005953,0.0,0.0,-0.0030437371799114507,-0.005952926092132979,0.0,0.0029091889122215284,81184.0,60908.0,11533571.747778496,12893986.68175,VAW,IYM,Materials
2020-11-18,5.006359499233468,4.679163865896418,149.36,107.68,-0.008694,-0.007923,0.0,0.0,-0.008694497909338057,-0.007923346231803944,0.0,-0.0007711516775341133,81021.0,47007.0,11919452.746778497,12879143.99975,VAW,IYM,Materials
2020-11-19,5.010101818490112,4.68268662841592,149.92,108.06,0.003749,0.003529,0.0,0.0,0.0037493304767003536,0.0035289747399702824,0.0,0.00022035573673007125,76482.0,44666.0,12170849.037278498,12961797.5915,VAW,IYM,Materials
2020-11-20,5.008633291425583,4.6827791653150745,149.7,108.07,-0.001467,9.3e-05,0.0,0.0,-0.0014674493062966918,9.254118082546733e-05,0.0,-0.001559990487122159,71797.0,53595.0,12228753.675278496,13007378.805,VAW,IYM,Materials
2020-11-23,5.019198458658519,4.695102293488699,151.28999,109.41,0.010621,0.012399,0.0,0.0,0.010621175684702744,0.012399370778199316,0.0,-0.0017781950934965714,70494.0,117015.0,12381226.875749996,13359695.0445,VAW,IYM,Materials
2020-11-24,5.043747645546458,4.720639435794205,155.05,112.24,0.024853,0.025866,0.0,0.0,0.024852999197105076,0.025866008591536423,0.0,-0.0010130093944313474,76143.0,439446.0,12654433.252978498,15665960.2115,VAW,IYM,Materials
2020-11-25,5.032070574816321,4.706823839714591,153.25,110.7,-0.011609,-0.013721,0.0,0.0,-0.01160915833602075,-0.013720598717034925,0.0,0.0021114403810141742,79496.0,69643.0,12733009.405923996,15529180.914500002,VAW,IYM,Materials
2020-11-27,5.03633747819858,4.715100245360287,153.9053,111.62,0.004276,0.008311,0.0,0.0,0.004276019575856535,0.008310749774164409,0.0,-0.004034730198307874,30469.0,35909.0,11659149.401046496,14195798.803,VAW,IYM,Materials
2020-11-30,5.025326842839245,4.7032945839812905,152.22,110.31,-0.01095,-0.011736,49471500.0,104794500.0,0.012726923339389845,0.12944428801802033,-55323000.0,-0.11671736467863048,64889.0,74234.0,11646777.594846496,13916936.23,VAW,IYM,Materials
2020-12-01,5.039287536669418,4.716174744031003,154.36,111.74,0.014059,0.012964,0.0,0.0,0.014058599395611727,0.012963466594143777,0.0,0.0010951328014679497,76171.0,130217.0,11458577.390196998,14126401.446,VAW,IYM,Materials
2020-12-02,5.027557961292164,4.705286977322864,152.56,110.53,-0.011661,-0.010829,0.0,0.0,-0.01166105208603276,-0.010828709504206193,0.0,-0.0008323425818265676,58541.0,102978.0,11029695.471438497,14392503.786499998,VAW,IYM,Materials
2020-12-03,5.0221026255371495,4.699115798830619,151.73,109.85,-0.00544,-0.006152,0.0,0.0,-0.005440482433141171,-0.006152175879851624,0.0,0.0007116934467104527,79763.0,87478.0,11182039.107938496,14275269.7,VAW,IYM,Materials
2020-12-04,5.044005593571361,4.720282993088596,155.09,112.2,0.022145,0.021393,0.0,0.0,0.022144598958676712,0.021392808375056895,0.0,0.0007517905836198178,93556.0,45163.0,11337350.449635496,13333729.572999999,VAW,IYM,Materials
2020-12-07,5.037796402158628,4.711330381816482,154.13,111.2,-0.00619,-0.008913,0.0,0.0,-0.006189954220130247,-0.008912655971479501,0.0,0.0027227017513492546,64912.0,34301.0,11407589.225365495,12831587.574000001,VAW,IYM,Materials
2020-12-08,5.0449078880383516,4.718498871295094,155.23,112.0,0.007137,0.007194,0.0,0.0,0.007136832543956401,0.007194244604316547,0.0,-5.741206036014631e-05,59787.0,53937.0,11163151.593865497,11873777.034,VAW,IYM,Materials
2020-12-09,5.0466457316192885,4.720906684470688,155.5,112.27,0.001739,0.002411,0.0,0.0,0.001739354506216582,0.0024107142857142856,0.0,-0.0006713597794977036,67980.0,74315.0,10845861.870865498,10320882.6895,VAW,IYM,Materials
2020-12-10,5.041552461368038,4.717784330357226,154.71001,111.92,-0.00508,-0.003117,0.0,0.0,-0.005080321543408255,-0.0031174846352542977,0.0,-0.001962836908153957,67716.0,372464.0,10756585.518895995,11846128.333500002,VAW,IYM,Materials
2020-12-11,5.035587970428097,4.711959680169609,153.78999,111.27,-0.005947,-0.005808,0.0,0.0,-0.005946738675797596,-0.005807719799857041,0.0,-0.00013901887594055477,68672.0,28691.0,10790564.083559997,11537563.5555,VAW,IYM,Materials
2020-12-14,5.02335406650403,4.695741884172478,151.92,109.48,-0.012159,-0.012319,0.0,0.0,-0.01215937396185539,-0.016086995596297296,0.0,0.003927621634441906,52316.0,61628.0,10828894.687559996,11275531.841500001,VAW,IYM,Materials
2020-12-15,5.0428443031182715,4.71492104994721,154.91,111.6,0.019681,0.019364,0.0,0.0,0.019681411269089108,0.01936426744610888,0.0,0.000317143822980228,70261.0,128378.0,10639735.381559996,11454213.143,VAW,IYM,Materials
2020-12-16,5.0399999027261595,4.711959680169609,154.47,111.27,-0.00284,-0.002957,0.0,0.0,-0.0028403589180814666,-0.002956989247311828,0.0,0.00011663032923036123,71210.0,44202.0,10578126.152559998,11369583.254,VAW,IYM,Materials
2020-12-17,5.046683737327931,4.724818148253987,155.50591,112.71,0.012039,0.012942,0.0,0.0,0.006706221272738972,0.012941493664060394,0.0,-0.0062352723913214215,75390.0,93341.0,10559240.852304997,11642520.7715,VAW,IYM,Materials
2020-12-18,5.048188014358418,4.727387818712341,155.74001,113.0,0.001505,0.002573,0.0,0.0,0.0015054090227183486,0.002572974891313992,0.0,-0.0010675658685956432,66647.0,29485.0,10504912.002628496,11567780.6235,VAW,IYM,Materials
2020-12-21,5.043489566455234,4.720639435794205,155.00999,112.24,-0.004687,-0.006726,0.0,0.0,-0.0046874274632448835,-0.006725663716814159,0.0,0.0020382362535692755,170908.0,32612.0,11292133.826174496,11461198.584999999,VAW,IYM,Materials
2020-12-22,5.038639425680232,4.712857991405009,154.25999,111.37,-0.004838,-0.007751,0.0,0.0,-0.004838397834875031,-0.007751247327156094,0.0,0.0029128494922810635,66637.0,187320.0,11272853.146102997,11864159.4475,VAW,IYM,Materials
2020-12-23,5.041423114248573,4.714472920878541,154.69,111.55,0.002788,0.001616,0.0,0.0,0.002787566626965401,0.0016162341743737093,0.0,0.0011713324525916917,35422.0,36333.0,10956525.997602995,9600635.803,VAW,IYM,Materials
2020-12-24,5.046764052593363,4.721262904974945,155.5184,112.31,0.005355,0.006813,0.0,0.0,0.005355226582196696,0.006813088301210219,0.0,-0.0014578617190135236,29404.0,19012.0,10576031.049282996,9321923.684,VAW,IYM,Materials
2020-12-28,5.042715187559668,4.71644318839752,154.89,111.77,-0.004041,-0.004808,0.0,0.0,-0.0040406794308583864,-0.0048081203810880595,0.0,0.000767440950229673,54620.0,58788.0,10764568.609997997,9450052.293,VAW,IYM,Materials
2020-12-29,5.039287536669418,4.71393490077948,154.36,111.49,-0.003422,-0.002505,0.0,0.0,-0.003421783200981231,-0.0025051444931555875,0.0,-0.0009166387078256436,52646.0,61157.0,10677020.258997995,9381534.3625,VAW,IYM,Materials
2020-12-30,5.054141682405396,4.729156165769083,156.67,113.2,0.014965,0.015338,0.0,0.0,0.01496501684374179,0.015337698448291326,0.0,-0.0003726816045495369,54074.0,33573.0,10512721.159997996,8844035.1635,VAW,IYM,Materials
2020-12-31,5.056054704287115,4.731009570827239,156.97,113.41,0.001915,0.001855,78485000.0,34023000.0,0.03795236287027221,0.04140203645155291,44462000.0,-0.0034496735812806975,62018.0,24084.0,10552918.684997996,8411495.568500001,VAW,IYM,Materials
2021-01-04,5.048508882335363,4.724818148253987,155.78999,112.71,-0.007517,-0.006172,0.0,0.0,-0.007517423711537337,-0.006172295212062429,0.0,-0.0013451284994749086,195068.0,2622313.0,11467278.773963997,22709067.564999998,VAW,IYM,Materials
2021-01-05,5.070663659755941,4.7525551729011495,159.28,115.88,0.022402,0.028125,0.0,0.0,0.022402016971693858,0.028125277260225356,0.0,-0.005723260288531498,83520.0,838718.0,11406952.051963996,27315235.226999998,VAW,IYM,Materials
2021-01-06,5.113011360713122,4.793390974713036,166.17,120.71,0.043257,0.041681,0.0,0.0,0.04325715720743345,0.04168104936140835,0.0,0.0015761078460250974,577709.0,497982.0,15706602.950463999,30130092.027999997,VAW,IYM,Materials
2021-01-07,5.119489699008338,4.8027907800712155,167.25,121.85,0.006499,0.009444,0.0,0.0,0.006499368116988626,0.009444122276530527,0.0,-0.0029447541595419005,243306.0,345642.0,17277212.574963998,31933868.713,VAW,IYM,Materials
2021-01-08,5.113973766802443,4.797111986159036,166.33,121.16,-0.005501,-0.005663,0.0,0.0,-0.005500747384155456,-0.005662700041034059,0.0,0.00016195265687860266,196661.0,90622.0,18384199.281464,32065689.536499996,VAW,IYM,Materials
2021-01-11,5.113191882421348,4.7962862904635415,166.2,121.06,-0.000782,-0.000825,0.0,0.0,-0.0007815787891540913,-0.0008253549026081215,0.0,4.377611345403028e-05,115533.0,75555.0,18820461.359605994,30438715.4075,VAW,IYM,Materials
2021-01-12,5.126876460200996,4.811208269399362,168.49001,122.88,0.013779,0.015034,0.0,0.0,0.013778640192539205,0.015033867503717165,0.0,-0.0012552273111779595,892377.0,152483.0,25810238.532630496,31215948.581,VAW,IYM,Materials
2021-01-13,5.115415701523835,4.801558999993482,166.57001,121.7,-0.011395,-0.009603,0.0,0.0,-0.011395334358399248,-0.009602864583333334,0.0,-0.0017924697750659139,165695.0,245568.0,26792837.086977996,32372878.189,VAW,IYM,Materials
2021-01-14,5.112349168833885,4.799584990469429,166.06,121.46,-0.003062,-0.001972,0.0,0.0,-0.003061835680984727,-0.001972062448644207,0.0,-0.0010897732323405201,130168.0,64029.0,27329415.415478,32045377.065999996,VAW,IYM,Materials
2021-01-15,5.096017567038417,4.780131388375754,163.37,119.12,-0.016199,-0.019266,0.0,0.0,-0.01619896422979646,-0.019265601844228552,0.0,0.0030666376144320925,163022.0,169669.0,28111070.187477995,32810007.802999996,VAW,IYM,Materials
2021-01-19,5.101328833597184,4.787491742782046,164.24001,120.0,0.005325,0.007387,0.0,0.0,0.005325396339597331,0.007387508394895903,0.0,-0.0020621120552985726,222531.0,113397.0,29352315.342998493,32964366.597499996,VAW,IYM,Materials
2021-01-20,5.104611250887444,4.786491242448462,164.78,119.88,0.003288,-0.001,0.0,0.0,0.0032878103210051196,-0.001,0.0,0.00428781032100512,142598.0,201044.0,30008200.042675,34002834.08349999,VAW,IYM,Materials
2021-01-21,5.089261614551446,4.768054048889571,162.27,117.69,-0.015232,-0.018268,0.0,0.0,-0.015232431120281588,-0.01826826826826827,0.0,0.0030358371479866815,249132.0,74596.0,30704910.156128995,34258775.70149999,VAW,IYM,Materials
2021-01-22,5.085124207968181,4.763796549270511,161.60001,117.19,-0.004129,-0.004248,0.0,0.0,-0.004128859308559914,-0.00424844931599966,0.0,0.00011959000743974602,88501.0,43976.0,30906027.132698,33473361.6535,VAW,IYM,Materials
2021-01-25,5.080099103563396,4.757805432411685,160.78999,116.49,-0.005012,-0.005973,0.0,0.0,-0.005012499689820556,-0.005973205904940695,0.0,0.0009607062151201391,132321.0,79519.0,31695850.2870375,33733872.76149999,VAW,IYM,Materials
2021-01-26,5.064176061024286,4.743365684739491,158.25,114.82,-0.015797,-0.014336,0.0,0.0,-0.01579694109067352,-0.014335994505966178,0.0,-0.001460946584707341,217291.0,114189.0,33186522.172857493,34282669.924499996,VAW,IYM,Materials
2021-01-27,5.035327906686628,4.713576059831878,153.75,111.45,-0.028436,-0.02935,0.0,0.0,-0.02843601895734597,-0.029350287406375197,0.0,0.0009142684490292263,183662.0,86466.0,34175419.2078575,34435964.971499994,VAW,IYM,Materials
2021-01-28,5.0504327639703215,4.733475446141015,156.09,113.69,0.01522,0.020099,0.0,0.0,0.01521951219512195,0.02009869896814715,0.0,-0.0048791867730252,85429.0,102496.0,34435828.01035749,34677683.787,VAW,IYM,Materials
2021-01-29,5.032070574816321,4.710970604874303,153.25,111.16,-0.018195,-0.022254,226043750.0,-316806000.0,0.08236525473524373,-0.37498482994507604,542849750.0,0.4573500846803198,118088.0,92250.0,34917088.6313575,35000386.107,VAW,IYM,Materials
2021-02-01,5.047609832640908,4.7250842826534285,155.64999,112.74,0.015661,0.014214,0.0,0.0,0.01566061990212082,0.014213745951781216,0.0,0.0014468739503396034,116143.0,100000.0,35334223.197785996,35427517.785,VAW,IYM,Materials
2021-02-02,5.05955243433087,4.738301498591274,157.52,114.24,0.012014,0.013305,0.0,0.0,0.012014199294198375,0.013304949441192123,0.0,-0.0012907501469937473,178656.0,39420.0,35221835.765319996,20874639.9135,VAW,IYM,Materials
2021-02-03,5.06050424124939,4.741011408899505,157.67,114.55,0.000952,0.002714,0.0,0.0,0.000952260030472321,0.0027135854341736694,0.0,-0.0017613254037013484,113175.0,223937.0,35448897.59782,17297706.989,VAW,IYM,Materials
2021-02-04,5.057964073502634,4.73707525686803,157.27,114.1,-0.002537,-0.003928,0.0,0.0,-0.002536944250650092,-0.00392841553906591,0.0,0.0013914712884158182,61108.0,672751.0,31129525.129319996,18130181.082999997,VAW,IYM,Materials
2021-02-05,5.07454855730082,4.754882459216418,159.89999,116.15,0.016723,0.017967,0.0,0.0,0.01672276975901326,0.01796669588080631,0.0,-0.0012439261217930507,115923.0,129598.0,30021683.0313585,16776997.583,VAW,IYM,Materials
2021-02-08,5.085619011244795,4.763796549270511,161.67999,117.19,0.011132,0.008954,0.0,0.0,0.011131958169603386,0.008953938872148084,0.0,0.0021780192974553015,280564.0,61329.0,30654231.0605765,16587366.782500003,VAW,IYM,Materials
2021-02-09,5.079103583569675,4.756430979828675,160.63,116.33,-0.006494,-0.007339,0.0,0.0,-0.006494248298753702,-0.007338510111784282,0.0,0.0008442618130305802,104892.0,30042.0,30536591.92857649,16304771.660500001,VAW,IYM,Materials
2021-02-10,5.0775459993788825,4.750914200040797,160.38,115.69,-0.001556,-0.005502,0.0,0.0,-0.0015563717860922618,-0.00550159030344709,0.0,0.003945218517354829,86359.0,52543.0,23711274.266887996,15671851.091999998,VAW,IYM,Materials
2021-02-11,5.079974772174869,4.754365752349944,160.77,116.09,0.002432,0.003457,0.0,0.0,0.0024317246539468764,0.003457515774915723,0.0,-0.0010257911209688468,68996.0,35868.0,22885907.722540498,14385765.618,VAW,IYM,Materials
2021-02-12,5.089261614551446,4.76080547751954,162.27,116.84,0.00933,0.006461,0.0,0.0,0.009330098899048329,0.0064605047807735376,0.0,0.0028695941182747915,75744.0,24417.0,22419671.762540497,14139561.615,VAW,IYM,Materials
2021-02-16,5.088460159559561,4.763113664054046,162.14,117.11,-0.000801,0.002311,0.0,0.0,-0.0008011339126147778,0.002310852447791852,0.0,-0.00311198636040663,90111.0,44294.0,21818556.4325405,13388376.568,VAW,IYM,Materials
2021-02-17,5.087040625298661,4.760034896549007,161.91,116.75,-0.001419,-0.003074,0.0,0.0,-0.0014185271987171581,-0.0030740329604645204,0.0,0.0016555057617473623,84498.0,57642.0,20675185.308275,13044479.742999999,VAW,IYM,Materials
2021-02-18,5.07773303762875,4.750654852730072,160.41,115.66,-0.009264,-0.009336,0.0,0.0,-0.009264406151565685,-0.009336188436830836,0.0,7.178228526515118e-05,162898.0,21692.0,20806843.795274995,11964866.842999998,VAW,IYM,Materials
2021-02-19,5.097668893061198,4.772716457199891,163.64,118.24,0.020136,0.022307,0.0,0.0,0.020135901751761113,0.022306761196610757,0.0,-0.002170859444849644,92650.0,35264.0,19543573.613275,11734387.449,VAW,IYM,Materials
2021-02-22,5.103214475389349,4.7808027546312495,164.55,119.2,0.005561,0.008119,0.0,0.0,0.005560987533610364,0.008119079837618403,0.0,-0.002558092304008039,115406.0,49476.0,19777988.354024496,11771587.036999999,VAW,IYM,Materials
2021-02-23,5.104429173382616,4.784152841516532,164.75,119.6,0.001215,0.003356,0.0,0.0,0.001215436037678517,0.003355704697986577,0.0,-0.00214026866030806,194695.0,803595.0,20317993.803184997,16113926.7215,VAW,IYM,Materials
2021-02-24,5.115355604866659,4.794881041213901,166.56,120.89,0.010986,0.010786,0.0,0.0,0.010986342943854324,0.010785953177257526,0.0,0.00020038976659679866,129955.0,89424.0,19680944.005684998,15998891.040500004,VAW,IYM,Materials
2021-02-25,5.090678001769792,4.7671189529741085,162.5,117.58,-0.024376,-0.02738,0.0,0.0,-0.024375600384245917,-0.027380263049052857,0.0,0.0030046626648069404,135236.0,48079.0,19367834.880684994,15799715.6965,VAW,IYM,Materials
2021-02-26,5.075985985334385,4.752296250878385,160.13,115.85,-0.014585,-0.014713,68375510.0,17377500.0,0.011919061185727853,0.014552552380599515,50998010.0,-0.002633491194871662,110828.0,68666.0,19588448.632184997,15614824.989500001,VAW,IYM,Materials
2021-03-01,5.103457533055977,4.778450998129897,164.59,118.92,0.027852,0.0265,0.0,0.0,0.0278523699494161,0.026499784203711695,0.0,0.0013525857457044044,243034.0,565673.0,20683647.635184996,18465591.1475,VAW,IYM,Materials
2021-03-02,5.106793598989283,4.786741461391342,165.14,119.91,0.003342,0.008325,0.0,0.0,0.0033416367944589585,0.008324924318869829,0.0,-0.00498328752441087,181698.0,204538.0,21280045.181756496,19128198.7265,VAW,IYM,Materials
2021-03-03,5.100658796743844,4.776599301615622,164.13,118.7,-0.006116,-0.010091,0.0,0.0,-0.0061160227685600095,-0.010090901509465433,0.0,0.003974878740905423,142329.0,106253.0,21040973.4642565,19533643.2415,VAW,IYM,Materials
2021-03-04,5.079103583569675,4.755140712564386,160.63,116.18,-0.021325,-0.02123,0.0,0.0,-0.02132455980015841,-0.02122999157540017,0.0,-9.4568224758243e-05,170502.0,149766.0,21518145.1647565,19121034.768,VAW,IYM,Materials
2021-03-05,5.10455056206934,4.782311682740504,164.77,119.38,0.025774,0.027543,0.0,0.0,0.025773516777687855,0.027543467033912895,0.0,-0.0017699502562250405,134874.0,61947.0,22148781.8557565,15652751.956,VAW,IYM,Materials
2021-03-08,5.119071016455241,4.793722292532682,167.17999,120.75,0.014626,0.011476,0.0,0.0,0.014626388298840907,0.011475959122131011,0.0,0.0031504291767098964,205818.0,104535.0,22942410.087808996,15531241.633499999,VAW,IYM,Materials
2021-03-09,5.12562925872232,4.799255609702288,168.28,121.42,0.00658,0.005549,0.0,0.0,0.006579794627335386,0.005548654244306418,0.0,0.0010311403830289678,196559.0,67168.0,22328178.278091,15579661.285999998,VAW,IYM,Materials
2021-03-10,5.143182811207294,4.820200917191751,171.25999,123.99,0.017709,0.021166,0.0,0.0,0.017708521511766027,0.021166199967056498,0.0,-0.0034576784552904707,205574.0,45628.0,23246068.239304,15687792.779,VAW,IYM,Materials
2021-03-11,5.147901428880948,4.829672813339932,172.07001,125.17,0.00473,0.009517,0.0,0.0,0.004729767880986076,0.009516896523913219,0.0,-0.004787128642927143,167839.0,177462.0,23997558.3387235,16494503.722500002,VAW,IYM,Materials
2021-03-12,5.153175980878366,4.832066686171609,172.98,125.47,0.005288,0.002397,0.0,0.0,0.005288486936218673,0.002396740433011105,0.0,0.0028917465032075682,101832.0,37238.0,24323678.960723497,16519920.5095,VAW,IYM,Materials
2021-03-15,5.152250648276925,4.83150862819882,172.82001,125.4,-0.000925,-0.000558,0.0,0.0,-0.0009249046132501814,-0.0005579022873993784,0.0,-0.000367002325850803,146699.0,41492.0,24976756.149072997,16637431.235499999,VAW,IYM,Materials
2021-03-16,5.1420143721526355,4.822295664976738,171.06,124.25,-0.010184,-0.009171,0.0,0.0,-0.010184063755117153,-0.009170653907496013,0.0,-0.0010134098476211398,127536.0,104590.0,25337041.680072997,17027833.0935,VAW,IYM,Materials
2021-03-17,5.1521927250659,4.8342958089798485,172.81,125.75,0.01023,0.012072,0.0,0.0,0.010230328539693676,0.012072434607645875,0.0,-0.001842106067952199,207376.0,53454.0,26444820.449072994,17027439.9435,VAW,IYM,Materials
2021-03-18,5.1465638113205,4.828713657323628,171.84,125.05,-0.005613,-0.005567,0.0,0.0,-0.005613101093686708,-0.005566600397614314,0.0,-4.6500696072393835e-05,139947.0,51274.0,26340721.664072998,17222585.792499997,VAW,IYM,Materials
2021-03-19,5.14166355650266,4.825590031380704,171.0,124.66,-0.004888,-0.003119,0.0,0.0,-0.004888268156424581,-0.0031187524990004,0.0,-0.0017695156574241812,157237.0,75241.0,26927035.714072995,17483082.177500002,VAW,IYM,Materials
2021-03-22,5.140317621899148,4.824787527525743,170.77,124.56,-0.001345,-0.000802,0.0,0.0,-0.001345029239766082,-0.0008021819348628269,0.0,-0.000542847304903255,171835.0,48094.0,27444745.996572994,17487734.6495,VAW,IYM,Materials
2021-03-23,5.114935307620427,4.798184372320789,166.49001,121.29,-0.025063,-0.026252,0.0,0.0,-0.02506289160859628,-0.026252408477842003,0.0,0.0011895168692457221,150857.0,71329.0,27096755.106001496,13114811.27,VAW,IYM,Materials
2021-03-24,5.120206930525547,4.8059863254182105,167.37,122.24,0.005286,0.007832,0.0,0.0,0.005285542357766614,0.007832467639541594,0.0,-0.0025469252817749803,245970.0,30996.0,28072889.8110015,12763735.454,VAW,IYM,Materials
2021-03-25,5.137444140959952,4.815350070910442,170.28,123.39,0.017387,0.012849,0.0,0.0,0.017386628428033696,0.009407722513089006,0.0,0.007978905914944691,105402.0,58407.0,27871489.939001493,12841420.9995,VAW,IYM,Materials
2021-03-26,5.161351454135428,4.8433205694088235,174.39999,126.89,0.027467,0.028365,0.0,0.0,0.024195384073291148,0.02836534565199773,0.0,-0.0041699615787065825,187462.0,78808.0,28618814.103270493,12943670.550500002,VAW,IYM,Materials
2021-03-29,5.156177599386914,4.8387392027858835,173.5,126.31,-0.005161,-0.004571,0.0,0.0,-0.005160493415166,-0.004570888170856648,0.0,-0.0005896052443093523,181505.0,62520.0,28193321.675270498,9975023.9525,VAW,IYM,Materials
2021-03-30,5.155081898461284,4.835329072196206,173.31,125.88,-0.001095,-0.003404,0.0,0.0,-0.001095100864553314,-0.003404322698123664,0.0,0.00230922183357035,170726.0,27913.0,28172467.442270495,8924400.7955,VAW,IYM,Materials
2021-03-31,5.153002535383178,4.8328633720008725,172.95,125.57,-0.002077,-0.002463,151331250.0,-31392500.0,0.051482415016448235,-0.0504211886778617,182723750.0,0.10190360369430994,150857.0,42122.0,28308980.4112705,8558252.217500001,VAW,IYM,Materials
2021-04-01,5.162211233551045,4.8439508380817005,174.55,126.97,0.009251,0.011149,0.0,0.0,0.009251228678808905,0.011149159831169866,0.0,-0.001897931152360961,274314.0,678508.0,29333669.033270497,11995769.561500002,VAW,IYM,Materials
2021-04-05,5.173830661425033,4.853669622561642,176.59,128.21001,0.011687,0.009766,0.0,0.0,0.01168719564594672,0.009766165235882493,0.0,0.001921030410064228,204787.0,184333.0,30030676.400770497,12807674.7071665,VAW,IYM,Materials
2021-04-06,5.1749625309536444,4.852967324740957,176.78999,128.12,0.001133,-0.000702,0.0,0.0,0.0011325103346734684,-0.000702051267291844,0.0,0.0018345616019653124,147161.0,74164.0,29611073.427598994,12651639.228666501,VAW,IYM,Materials
2021-04-07,5.157555324239615,4.836361268881602,173.7392,126.01,-0.017257,-0.016469,0.0,0.0,-0.017256576574273045,-0.01646893537308773,0.0,-0.0007876412011853136,123900.0,62540.0,29033540.345598996,12637895.570666501,VAW,IYM,Materials
2021-04-08,5.158307893539698,4.83723383467686,173.87,126.12,0.000753,0.000873,0.0,0.0,0.0007528525514102619,0.0008729465915403539,0.0,-0.00012009404013009202,110545.0,39605.0,28234233.243885994,12604773.9146665,VAW,IYM,Materials
2021-04-09,5.165414347883809,4.842137743895371,175.11,126.74,0.007132,0.004916,0.0,0.0,0.007131765111865186,0.004915953060577228,0.0,0.0022158120512879584,83317.0,38094.0,27519712.316966496,11735529.665666502,VAW,IYM,Materials
2021-04-12,5.169574490655311,4.844738115716443,175.84,127.07,0.004169,0.002604,0.0,0.0,0.004168808177716863,0.002603755720372416,0.0,0.0015650524573444474,152948.0,57156.0,27983686.1649665,11865057.7186665,VAW,IYM,Materials
2021-04-13,5.165985311573363,4.843556966714995,175.21001,126.92,-0.003583,-0.00118,0.0,0.0,-0.0035827456778889204,-0.0011804517195246715,0.0,-0.002402293958364249,129350.0,210292.0,27849230.772292,12939415.910666501,VAW,IYM,Materials
2021-04-14,5.174000532040656,4.853357507741732,176.62,128.17,0.008047,0.009849,0.0,0.0,0.008047428340424087,0.009848723605420547,0.0,-0.0018012952649964602,288320.0,68695.0,29304569.284291994,12729882.4431665,VAW,IYM,Materials
2021-04-15,5.184868674040458,4.864915639746849,178.55,129.66,0.010928,0.011625,0.0,0.0,0.010927414788812139,0.011625185300772601,0.0,-0.0006977705119604622,305961.0,53451.0,30244203.783792,12740313.251166502,VAW,IYM,Materials
2021-04-16,5.197612662426405,4.87512106075126,180.84,130.99001,0.012826,0.010258,0.0,0.0,0.012825539064687762,0.010257673916396915,0.0,0.0025678651482908474,133192.0,196890.0,30246101.223791998,13709253.719611501,VAW,IYM,Materials
2021-04-19,5.192178770486369,4.870453263496393,179.86,130.38,-0.005419,-0.004657,0.0,0.0,-0.005419155054191551,-0.004656920020084158,0.0,-0.0007622350341073931,151011.0,44281.0,30259766.796792,13528944.4056115,VAW,IYM,Materials
2021-04-20,5.179533886864374,4.857561889355324,177.60001,128.71001,-0.012565,-0.012809,0.0,0.0,-0.0125652729901035,-0.01280863629391011,0.0,0.00024336330380661,147301.0,55329.0,30100586.602942497,13585484.780776,VAW,IYM,Materials
2021-04-21,5.198938922567758,4.878398301469722,181.08,131.42,0.019595,0.021055,0.0,0.0,0.019594537184992364,0.021055005745085217,0.0,-0.0014604685600928535,129492.0,55460.0,30017197.999013998,13517337.720276002,VAW,IYM,Materials
2021-04-22,5.1827381506958785,4.857639502684128,178.17,128.72,-0.01607,-0.020545,0.0,0.0,-0.016070245195493705,-0.02054481814031332,0.0,0.0044745729448196145,156712.0,104737.0,29354866.906013995,14001977.500276,VAW,IYM,Materials
2021-04-23,5.199656634908657,4.876646654092939,181.21001,131.19,0.017062,0.019189,0.0,0.0,0.01706241230285689,0.019188937228091982,0.0,-0.002126524925235091,85907.0,29026.0,29235834.694467496,13832031.560775999,VAW,IYM,Materials
2021-04-26,5.207133715898929,4.886507246357423,182.57001,132.49001,0.007505,0.009909,0.0,0.0,0.007505104160636447,0.009909368092080373,0.0,-0.0024042639314439257,132099.0,124555.0,28807031.935748,14157148.8645535,VAW,IYM,Materials
2021-04-27,5.2053793708887675,4.882119871860828,182.25,131.91,-0.001753,-0.004378,0.0,0.0,-0.0017528070464584214,-0.004377764029152266,0.0,0.002624956982693844,142421.0,42799.0,28530287.423248,14044584.609053502,VAW,IYM,Materials
2021-04-28,5.207571698491769,4.885903169351665,182.64999,132.41,0.002195,0.00379,0.0,0.0,0.002194732510288151,0.00379046319460238,0.0,-0.001595730684314229,90848.0,38071.0,27880530.584823996,14120949.242553502,VAW,IYM,Materials
2021-04-29,5.211287807574934,4.888090941338162,183.33,132.7,0.003723,0.00219,0.0,0.0,0.0037230223773895878,0.002190166905822823,0.0,0.0015328554715667649,105213.0,44097.0,27540429.641824,14149069.8605535,VAW,IYM,Materials
2021-04-30,5.201586177588265,4.87534998330373,181.56,131.02,-0.009655,-0.01266,231489000.0,131020000.00000001,0.06385152133430019,0.18680246321542496,100468999.99999999,-0.12295094188112476,108018.0,34297.0,26126941.610823996,10066241.4695535,VAW,IYM,Materials
2021-05-03,5.218462087142059,4.893427093190715,184.64999,133.41,0.017019,0.018242,0.0,0.0,0.017019112139237798,0.018241489848877877,0.0,-0.0012223777096400795,141539.0,145107.0,25625533.541054495,9852510.924387,VAW,IYM,Materials
2021-05-04,5.231429421006405,4.898436636733773,187.06,134.08,0.013052,0.005022,0.0,0.0,0.013051774332616999,0.005022112285436024,0.0,0.008029662047180974,169925.0,54013.0,25914012.480134998,9739519.492387,VAW,IYM,Materials
2021-05-05,5.244336305454755,4.915738362226573,189.49001,136.42,0.012991,0.017452,0.0,0.0,0.012990537795359839,0.017452267303102325,0.0,-0.004461729507742486,333477.0,96361.0,27997226.1393735,10002764.603387,VAW,IYM,Materials
2021-05-06,5.252901503017554,4.925222638470323,191.12,137.72,0.008602,0.009529,0.0,0.0,0.008601983819621881,0.009529394516933149,0.0,-0.0009274106973112678,283890.0,59867.0,29749056.021873496,10165259.635387,VAW,IYM,Materials
2021-05-07,5.2628973695140395,4.936773517275001,193.03999,139.32001,0.010046,0.011618,0.0,0.0,0.010045992046881481,0.011617847807144931,0.0,-0.0015718557602634499,174095.0,105019.0,30699938.881326,10655420.3638965,VAW,IYM,Materials
2021-05-10,5.258692571764769,4.931231271308987,192.23,138.55,-0.004196,-0.005527,0.0,0.0,-0.004195969964565315,-0.005526916054628334,0.0,0.001330946090063019,321741.0,171801.0,32447633.686825998,11482431.1453965,VAW,IYM,Materials
2021-05-11,5.261808971731513,4.935839906239309,192.83,139.19,0.003121,0.004619,0.0,0.0,0.0031212609894397335,0.004619271021291807,0.0,-0.0014980100318520736,243680.0,84537.0,33663903.667151,10736253.3648965,VAW,IYM,Materials
2021-05-12,5.233832123991137,4.908897910664522,187.50999,135.49001,-0.027589,-0.026582,0.0,0.0,-0.027589119950215273,-0.02658229757884891,0.0,-0.0010068223713663622,486228.0,110272.0,35676380.118037,11043059.176532501,VAW,IYM,Materials
2021-05-13,5.249809662482993,4.92260521658922,190.53,137.36,0.016106,0.013802,0.0,0.0,0.016105861879679113,0.01380168176236757,0.0,0.0023041801173115436,165325.0,100795.0,34519881.903037,11388796.4035325,VAW,IYM,Materials
2021-05-14,5.260926977329477,4.937706114073498,192.66,139.45,0.011179,0.015216,0.0,0.0,0.011179341835931349,0.015215492137448746,0.0,-0.004036150301517397,159424.0,88381.0,34851291.231037,10715501.7725875,VAW,IYM,Materials
2021-05-17,5.270277909516791,4.948334267898876,194.47,140.94,0.009395,0.010685,0.0,0.0,0.009394788747015468,0.010684833273574904,0.0,-0.0012900445265594356,225185.0,170088.0,35682835.655536994,11625444.0695875,VAW,IYM,Materials
2021-05-18,5.25817222624361,4.937849524370603,192.13,139.47,-0.012033,-0.01043,0.0,0.0,-0.01203270427315267,-0.010429970200085143,0.0,-0.0016027340730675275,230959.0,57878.0,36593510.3353865,11672986.495423,VAW,IYM,Materials
2021-05-19,5.241535405370304,4.919615895709087,188.96001,136.95,-0.016499,-0.018068,0.0,0.0,-0.01649919325456716,-0.018068401806840325,0.0,0.0015692085522731637,196480.0,129962.0,37277432.9056265,12198473.630423,VAW,IYM,Materials
2021-05-20,5.241694156519797,4.919834929769759,188.99001,136.98,0.000159,0.000219,0.0,0.0,0.00015876375112384888,0.00021905805038335163,0.0,-6.029429925950275e-05,107960.0,97833.0,36901532.127606496,12194444.515423,VAW,IYM,Materials
2021-05-21,5.244863845813947,4.922386788542191,189.59,137.33,0.003175,0.002555,0.0,0.0,0.0031747180710768185,0.0025551175354069215,0.0,0.000619600535669897,120788.0,132261.0,37268181.557152994,12912218.624923,VAW,IYM,Materials
2021-05-24,5.253058407827485,4.931519934080711,191.14999,138.59,0.008228,0.009175,0.0,0.0,0.008228229336990424,0.00917497997524197,0.0,-0.0009467506382515468,109350.0,114929.0,37107428.3399285,12883504.470645498,VAW,IYM,Materials
2021-05-25,5.242857562194997,4.922678015337114,189.21001,137.37,-0.010149,-0.008803,0.0,0.0,-0.01014899346842761,-0.00880294393534887,0.0,-0.0013460495330787393,150555.0,94283.0,37233942.630206004,13248806.4516455,VAW,IYM,Materials
2021-05-26,5.244758402204435,4.924278248439725,189.57001,137.59,0.001903,0.001602,0.0,0.0,0.0019026477510358682,0.0016015141588410862,0.0,0.000301133592194782,142718.0,42245.0,37757025.949989,13287381.873645501,VAW,IYM,Materials
2021-05-27,5.2541564707622666,4.933754177766055,191.36,138.89999,0.009442,0.009521,0.0,0.0,0.009442369075150866,0.009520968093611455,0.0,-7.859901846058934e-05,94081.0,39091.0,37692757.993489,13266285.254099999,VAW,IYM,Materials
2021-05-28,5.254260980351117,4.935121205619039,191.38,139.09,0.000105,0.001368,331087400.0,83454000.0,0.09386600700468879,0.10234624461053723,247633400.0,-0.008480237605848442,138097.0,347804.0,38033620.782489,15460408.525099998,VAW,IYM,Materials
2021-06-01,5.268373541694799,4.9505313700265505,194.10001,141.25,0.014213,0.01553,0.0,0.0,0.014212613648239086,0.01552951326479258,0.0,-0.0013168996165534939,184200.0,244207.0,38514523.127858505,16217184.219099998,VAW,IYM,Materials
2021-06-02,5.259368616409462,4.943283931738559,192.36,140.23,-0.008964,-0.007221,0.0,0.0,-0.008964502371741108,-0.007221238938053226,0.0,-0.0017432634336878817,211133.0,61620.0,38955891.796858504,16287129.697099999,VAW,IYM,Materials
2021-06-03,5.257807823209827,4.940141224947159,192.06,139.78999,-0.00156,-0.003138,0.0,0.0,-0.0015595757953837783,-0.0031377736575625764,0.0,0.0015781978621787981,148972.0,72837.0,37226941.90962,16138945.491181502,VAW,IYM,Materials
2021-06-04,5.2605635769361205,4.942855971674966,192.59,140.17,0.00276,0.002718,0.0,0.0,0.0027595543059460584,0.002718434989515344,0.0,4.111931643071458e-05,119153.0,37011.0,35661472.88311999,15986092.922681501,VAW,IYM,Materials
2021-06-07,5.249074599969585,4.931014719534221,190.39,138.52,-0.011423,-0.011771,0.0,0.0,-0.011423230697336433,-0.01177142041806352,0.0,0.00034818972072708787,157244.0,41058.0,35477992.2881675,15538898.224172,VAW,IYM,Materials
2021-06-08,5.253058407827485,4.933322190993586,191.14999,138.84,0.003992,0.00231,0.0,0.0,0.003991753768580427,0.002310135720473446,0.0,0.0016816180481069812,158442.0,24229.0,33899888.002446495,14516944.514672,VAW,IYM,Materials
2021-06-09,5.246234339350973,4.925440448033024,189.85001,137.75,-0.006801,-0.007851,0.0,0.0,-0.0068008373947600394,-0.007850763468740998,0.0,0.0010499260739809581,154557.0,27575.0,33017579.682224996,14118532.075672,VAW,IYM,Materials
2021-06-10,5.240423388129134,4.916837376912854,188.75,136.57001,-0.005794,-0.005402,0.0,0.0,-0.0057941003005477654,-0.008566170598911071,0.0,0.002772070298363306,108750.0,24900.0,29485277.436339,13541524.018985998,VAW,IYM,Materials
2021-06-11,5.244863845813947,4.919250659248382,189.59,136.89999,0.00445,0.002416,0.0,0.0,0.004450331125827814,0.002416196645222476,0.0,0.0020341344806053385,143696.0,26084.0,29272475.055838995,13027808.925944,VAW,IYM,Materials
2021-06-14,5.230680717832225,4.907494535176743,186.92,135.3,-0.014083,-0.011687,0.0,0.0,-0.014083021256395505,-0.011687290846405334,0.0,-0.0023957304099901707,264076.0,464539.0,30204797.959838998,15554178.738444,VAW,IYM,Materials
2021-06-15,5.229181627713174,4.905052531521191,186.64,134.97,-0.001498,-0.002439,0.0,0.0,-0.0014979670447250162,-0.0024390243902440364,0.0,0.0009410573455190202,195048.0,39718.0,29835399.548338998,14623605.525444001,VAW,IYM,Materials
2021-06-16,5.21884116504624,4.89320219720416,184.72,133.38,-0.010287,-0.01178,0.0,0.0,-0.01028718388341179,-0.011780395643476329,0.0,0.0014932117600645386,116602.0,38559.0,28693627.986838996,14477143.263444,VAW,IYM,Materials
2021-06-17,5.193623295433371,4.867534450455582,180.12,130.0,-0.024903,-0.025341,0.0,0.0,-0.024902555218709398,-0.025341130604288498,0.0,0.0004385753855791,241990.0,108016.0,29016646.788598996,14289332.468444,VAW,IYM,Materials
2021-06-18,5.175471536549191,4.848978737745885,176.88,127.61,-0.017988,-0.018385,0.0,0.0,-0.01798800799467022,-0.018384615384615385,0.0,0.0003966073899451632,240671.0,61666.0,30124973.038618993,14012734.164444,VAW,IYM,Materials
2021-06-21,5.192567830787257,4.868841288478369,179.92999,130.17,0.020992,0.020061,0.0,0.0,0.017243272274988713,0.02006112373638415,0.0,-0.002817851461395439,234345.0,84671.0,31088247.867946498,13655645.211444,VAW,IYM,Materials
2021-06-22,5.196561402237988,4.872598529412604,180.64999,130.66,0.004002,0.003764,0.0,0.0,0.004001556383124347,0.0037643082123378527,0.0,0.00023724817078649455,157526.0,64704.0,31465988.813858498,13281955.937944,VAW,IYM,Materials
2021-06-23,5.190899179780744,4.8647613782733465,179.63,129.64,-0.005646,-0.007807,0.0,0.0,-0.005646222288747449,-0.007806520740854264,0.0,0.0021602984521068153,161806.0,58735.0,31494923.750080995,13015093.422443999,VAW,IYM,Materials
2021-06-24,5.196340010435573,4.869148608539651,180.61,130.21001,0.005456,0.004397,0.0,0.0,0.005455658854311772,0.004396868250540238,0.0,0.001058790603771534,123678.0,54496.0,31259045.294722,13079265.180192,VAW,IYM,Materials
2021-06-25,5.195453731088797,4.867457601348919,180.45,129.99001,-0.000886,-0.00169,0.0,0.0,-0.0008858867172361641,-0.001689578243638872,0.0,0.0008036915264027079,104036.0,38602.0,31297543.096722,13058671.923038501,VAW,IYM,Materials
2021-06-28,5.193178992881518,4.866148952635053,180.03999,129.82001,-0.002272,-0.001308,0.0,0.0,-0.0022721529509560534,-0.0013077928065396577,0.0,-0.0009643601444163958,134949.0,45244.0,31190903.7342475,10933547.8316605,VAW,IYM,Materials
2021-06-29,5.192790170333112,4.867842018536286,179.97,130.03999,-0.000389,0.001695,0.0,0.0,-0.00038874696671545116,0.001694499946502714,0.0,-0.002083246913218165,96396.0,52466.0,30270662.0481475,9549969.7999275,VAW,IYM,Materials
2021-06-30,5.197336081381128,4.870299853969361,180.78999,130.36,0.004556,0.002461,22598748.75,104288000.00000001,0.01077780882025637,0.12489882582326206,-81689251.25000001,-0.1141210170030057,108651.0,114906.0,29222135.514321994,9866878.4779275,VAW,IYM,Materials
2021-07-01,5.203127179544288,4.877408540778752,181.84,131.28999,0.005808,0.007134,0.0,0.0,0.0058078989882128975,0.0071340135010737,0.0,-0.0013261145128608022,197743.0,1829490.0,29589436.754321992,21367470.493101,VAW,IYM,Materials
2021-07-02,5.203676962393915,4.879310911850699,181.94,131.53999,0.00055,0.001904,0.0,0.0,0.0005499340079190497,0.0019041817277920428,0.0,-0.001354247719872993,120438.0,621112.0,29537677.426821996,25193132.213044997,VAW,IYM,Materials
2021-07-06,5.187441614339297,4.862057865920956,179.00999,129.28999,-0.016104,-0.017105,0.0,0.0,-0.01610426514235473,-0.017105064399047014,0.0,0.0010007992566922821,165248.0,441060.0,29519845.310197998,27759996.654515,VAW,IYM,Materials
2021-07-07,5.197502116612836,4.871449775556952,180.82001,130.50999,0.010111,0.009436,0.0,0.0,0.010111279264358465,0.009436152017646533,0.0,0.0006751272467119315,121722.0,481911.0,29106024.63728,30736508.926059496,VAW,IYM,Materials
2021-07-08,5.183635766464422,4.854760985229106,178.33,128.35001,-0.013771,-0.01655,0.0,0.0,-0.013770655139328732,-0.01655030392692532,0.0,0.002779648787596588,511607.0,113488.0,32200636.053001493,31274895.410303496,VAW,IYM,Materials
2021-07-09,5.204281374621442,4.8777893807628265,182.05,131.34,0.02086,0.023296,0.0,0.0,0.02086020299444836,0.02329559615928351,0.0,-0.00243539316483515,101132.0,81289.0,32094861.958001494,31638690.6108535,VAW,IYM,Materials
2021-07-12,5.208228531766351,4.880906187421472,182.77,131.75,0.003955,0.003122,0.0,0.0,0.003954957429277671,0.0031216689508146793,0.0,0.0008332884784629916,916439.0,89309.0,39107573.52750149,32048468.681395493,VAW,IYM,Materials
2021-07-13,5.1953983125401955,4.868841288478369,180.44,130.17,-0.012748,-0.011992,0.0,0.0,-0.0127482628440116,-0.011992409867172798,0.0,-0.0007558529768388021,141472.0,68208.0,37915879.6155015,29349794.1143955,VAW,IYM,Materials
2021-07-14,5.193623295433371,4.867688284776323,180.12,130.02,-0.001773,-0.001152,0.0,0.0,-0.0017734426956328973,-0.0011523392486745608,0.0,-0.0006211034469583365,127113.0,51790.0,37240471.35750149,29418443.9813955,VAW,IYM,Materials
2021-07-15,5.193401196598477,4.867611293656914,180.08,130.00999,-0.000222,-7.7e-05,0.0,0.0,-0.00022207417277357605,-7.698815566860819e-05,0.0,-0.00014508601710496786,125978.0,173647.0,37297841.197501495,30290086.247072,VAW,IYM,Materials
2021-07-16,5.176036731839204,4.847488716688342,176.98,127.42,-0.017215,-0.019922,0.0,0.0,-0.017214571301643843,-0.019921469111719676,0.0,0.0027068978100758326,98150.0,151699.0,35987008.60750149,30554456.576072,VAW,IYM,Materials
2021-07-19,5.153291594497779,4.824546650733057,173.0,124.53,-0.022488,-0.022681,0.0,0.0,-0.022488416770256526,-0.022680897818238895,0.0,0.00019248104798236937,345549.0,511948.0,36847513.13350149,33348640.885072,VAW,IYM,Materials
2021-07-20,5.16695504835121,4.838897530841946,175.38,126.33,0.013757,0.014454,0.0,0.0,0.013757225433526012,0.01445434834979523,0.0,-0.0006971229162692182,129776.0,261407.0,35877234.20217399,34448736.997072,VAW,IYM,Materials
2021-07-21,5.178576108575232,4.852577067520276,177.42999,128.07001,0.011689,0.013774,0.0,0.0,0.011688847074923046,0.013773529644581652,0.0,-0.002084682569658606,91577.0,117767.0,35266805.99564849,34780146.8084555,VAW,IYM,Materials
2021-07-22,5.177109723612346,4.853435448060787,177.17,128.17999,-0.001465,0.000859,0.0,0.0,-0.0014653103457878075,0.000858749054521039,0.0,-0.0023240594003088467,76358.0,26010.0,34489962.7496485,34566124.6154505,VAW,IYM,Materials
2021-07-23,5.183131012843047,4.860742204521639,178.24001,129.12,0.006039,0.007333,0.0,0.0,0.006039453632105003,0.0073335159411387065,0.0,-0.0012940623090337035,114801.0,39405.0,34396195.140048996,34465727.0602025,VAW,IYM,Materials
2021-07-26,5.192845733605802,4.871832891215797,179.98,130.56,0.009762,0.011152,0.0,0.0,0.00976206184009965,0.011152416356877323,0.0,-0.0013903545167776726,93696.0,88386.0,34300700.634049,34791817.149901494,VAW,IYM,Materials
2021-07-27,5.193567775348966,4.870990011582737,180.11,130.45,0.000722,-0.000843,0.0,0.0,0.0007223024780532475,-0.0008425245098040458,0.0,0.0015648269878572932,82430.0,81230.0,33828213.1685235,35027960.9982795,VAW,IYM,Materials
2021-07-28,5.197833827969714,4.871373226762748,180.88,130.5,0.004275,0.000383,0.0,0.0,0.004275165176836247,0.00038328861632821944,0.0,0.003891876560508028,76553.0,52021.0,33653139.0945235,35026264.1175125,VAW,IYM,Materials
2021-07-29,5.210687616587062,4.88635620469617,183.22,132.47,0.012937,0.015096,0.0,0.0,0.012936753648827952,0.015095785440613027,0.0,-0.0021590317917850755,86794.0,91135.0,33466108.268349,34880939.482012495,VAW,IYM,Materials
2021-07-30,5.212705010472114,4.891025591098464,183.59,133.09,0.002019,0.00468,105564250.0,199635000.0,0.030390573208824684,0.2097171019083258,-94070750.0,-0.1793265286995011,112819.0,62980.0,32703850.922848992,23290353.701757498,VAW,IYM,Materials
2021-08-02,5.200980133659079,4.875578929769415,181.45,131.05,-0.011656,-0.015328,0.0,0.0,-0.011656408301105725,-0.01532797355173191,0.0,0.0036715652506261846,220067.0,498377.0,33604784.294349,22470915.6808135,VAW,IYM,Materials
2021-08-03,5.211451433526375,4.885752111949565,183.36,132.39,0.010526,0.010225,0.0,0.0,0.01052631578947381,0.010225104921785372,0.0,0.00030121086768843813,85071.0,163341.0,32905663.080972992,20700919.2808435,VAW,IYM,Materials
2021-08-04,5.197557363396888,4.8722157835894295,180.83,130.61,-0.013798,-0.013445,0.0,0.0,-0.013797993019197206,-0.013445124254097338,0.0,-0.0003528687650998681,83917.0,79212.0,32563909.973612,18073503.257299,VAW,IYM,Materials
2021-08-05,5.197336081381128,4.870836607712711,180.78999,130.42999,-0.000221,-0.001378,0.0,0.0,-0.00022125753470133278,-0.0013782252507467032,0.0,0.0011569677160453704,61579.0,47685.0,28558809.497822493,17656171.6642125,VAW,IYM,Materials
2021-08-06,5.21139694905783,4.885450004230342,183.35001,132.35001,0.01416,0.014721,0.0,0.0,0.014160186634226905,0.014720694220707983,0.0,-0.0005605075864810773,79678.0,62430.0,28368703.572661497,17535477.3574275,VAW,IYM,Materials
2021-08-09,5.211778605130798,4.881968241837793,183.42,131.89,0.000382,-0.003476,0.0,0.0,0.000381728912913508,-0.003475708086459736,0.0,0.003857436999373244,65224.0,109991.0,20591995.075161494,17672489.9694275,VAW,IYM,Materials
2021-08-10,5.228216792499352,4.8982874609298115,186.46001,134.06,0.016574,0.016453,0.0,0.0,0.0165740377276199,0.016453104860110906,0.0,0.00012093286750899587,113290.0,333614.0,20371837.4178065,19464772.8434275,VAW,IYM,Materials
2021-08-11,5.242064424997238,4.912581427155684,189.06,135.99001,0.013944,0.014397,0.0,0.0,0.013943955060390593,0.014396613456661196,0.0,-0.000452658396270603,292401.0,268342.0,21991124.392806496,20952677.6165985,VAW,IYM,Materials
2021-08-12,5.240370459576125,4.910741364945862,188.74001,135.74001,-0.001693,-0.001838,0.0,0.0,-0.0016925314714904306,-0.001838370333232566,0.0,0.00014583886174213546,136489.0,57188.0,22144865.242050998,20212020.364516,VAW,IYM,Materials
2021-08-13,5.240688253711401,4.912066477363677,188.8,135.92,0.000318,0.001326,0.0,0.0,0.0003178446371809603,0.001325990767202684,0.0,-0.0010081461300217236,61424.0,22391.0,21856178.452051,19397715.271516,VAW,IYM,Materials
2021-08-16,5.234685101303181,4.904830235199279,187.67,134.94,-0.005985,-0.00721,0.0,0.0,-0.0059851694915255445,-0.0072101236021188935,0.0,0.001224954110593349,75711.0,66179.0,19577613.770551,16656580.762516001,VAW,IYM,Materials
2021-08-17,5.221976133291314,4.889897898613436,185.3,132.94,-0.012629,-0.014821,0.0,0.0,-0.012628550114562676,-0.014821402104639099,0.0,0.0021928519900764228,80425.0,97927.0,19184745.651551,15656324.216016,VAW,IYM,Materials
2021-08-18,5.212269107429639,4.877408540778752,183.50999,131.28999,-0.00966,-0.012412,0.0,0.0,-0.009660064759848997,-0.012411689483977735,0.0,0.0027516247241287373,59920.0,86816.0,18922116.271879498,15472106.761224499,VAW,IYM,Materials
2021-08-19,5.199987632474827,4.862444596018447,181.27,129.34,-0.012206,-0.014853,0.0,0.0,-0.012206365440922214,-0.014852541309508822,0.0,0.0026461758685866078,130395.0,140843.0,19427534.011379495,16216240.365229499,VAW,IYM,Materials
2021-08-20,5.206640577976133,4.8657636527491395,182.48,129.77,0.006675,0.003325,0.0,0.0,0.006675125503392729,0.0033245708984072984,0.0,0.0033505546049854306,82176.0,70196.0,19154201.265979,16417308.431229502,VAW,IYM,Materials
2021-08-23,5.216619122563531,4.878930879150236,184.31,131.49001,0.010029,0.013254,0.0,0.0,0.010028496273564226,0.013254296062264005,0.0,-0.0032257997886997788,98704.0,34598.0,19220637.673978996,16067789.1915285,VAW,IYM,Materials
2021-08-24,5.224509349403313,4.887412489689508,185.77,132.61,0.007921,0.008518,0.0,0.0,0.007921436709890945,0.008517681305218754,0.0,-0.0005962445953278089,80009.0,61318.0,19221477.905479,15944535.5155285,VAW,IYM,Materials
2021-08-25,5.2293423520445055,4.890574666695814,186.67,133.03,0.004845,0.003167,0.0,0.0,0.004844700436022916,0.003167181962144431,0.0,0.0016775184738784853,69640.0,19831.0,19179117.513478998,15737004.3870285,VAW,IYM,Materials
2021-08-26,5.221328271018388,4.882498922140917,185.17999,131.96001,-0.007982,-0.008043,0.0,0.0,-0.007982053891894646,-0.008043223333082763,0.0,6.11694411881171e-05,96622.0,51831.0,19278620.729167994,15475352.678444002,VAW,IYM,Materials
2021-08-27,5.236973789470194,4.898809478913999,188.10001,134.13,0.015769,0.016444,0.0,0.0,0.015768550370912064,0.01644430005726735,0.0,-0.0006757496863552849,64728.0,58188.0,18851765.591032,15446490.090444002,VAW,IYM,Materials
2021-08-30,5.234898271952047,4.8970185673092885,187.71001,133.89,-0.002073,-0.001789,0.0,0.0,-0.002073365121033099,-0.0017893088794455152,0.0,-0.0002840562415875839,72481.0,66519.0,17535478.195272498,12626186.243444,VAW,IYM,Materials
2021-08-31,5.231375960794155,4.891025591098464,187.05,133.09,-0.003516,-0.005975,14215800.0,-133090000.0,0.00011041247349991269,-0.11829425706995311,147305800.0,0.11840466954345302,82674.0,40959.0,17528755.8522725,11817512.159444,VAW,IYM,Materials
2021-09-01,5.229556664536238,4.888015580548345,186.71001,132.69,-0.001818,-0.003005,0.0,0.0,-0.001817642341619849,-0.003005485010143512,0.0,0.001187842668523663,77469.0,53413.0,17493232.185007,11654586.741944,VAW,IYM,Materials
2021-09-02,5.235750234279208,4.894176306501244,187.87,133.50999,0.006213,0.00618,0.0,0.0,0.006212789555310894,0.0061797422563869536,0.0,3.3047298923940746e-05,56033.0,79813.0,17462934.8307965,11876400.67988,VAW,IYM,Materials
2021-09-03,5.230038525794742,4.888542911527878,186.8,132.75999,-0.005695,-0.005618,0.0,0.0,-0.005695427689359663,-0.005617557158082328,0.0,-7.787053127733534e-05,83243.0,50919.0,17509976.345957495,11801270.4202055,VAW,IYM,Materials
2021-09-07,5.2223538277409975,4.883407799611873,185.37,132.08,-0.007655,-0.005122,0.0,0.0,-0.007655246252676659,-0.005121949768149046,0.0,-0.0025332964845276133,73350.0,39437.0,17591651.5169575,11336376.718705501,VAW,IYM,Materials
2021-09-08,5.21259612061769,4.873134127573769,183.57001,130.73,-0.00971,-0.010221,0.0,0.0,-0.009710255165344947,-0.01022107813446419,0.0,0.0005108229691192425,125062.0,42239.0,17683330.4198435,9376257.3002055,VAW,IYM,Materials
2021-09-09,5.212541589526633,4.8758078238306135,183.56,131.08,-5.5e-05,0.002677,0.0,0.0,-5.45296042638298e-05,0.0026772737703666368,0.0,-0.0027318033746304665,51626.0,21536.0,15393087.194843497,7692812.6810345,VAW,IYM,Materials
2021-09-10,5.210905854969784,4.872981205302699,183.25999,130.71001,-0.001634,-0.002823,0.0,0.0,-0.0016343974722162087,-0.0028226274031126026,0.0,0.0011882299308963939,60380.0,24346.0,14658302.343408996,7463790.9916135,VAW,IYM,Materials
2021-09-13,5.2106330904853255,4.873134127573769,183.21001,130.73,-0.000273,0.000153,0.0,0.0,-0.00027272728760917997,0.00015293396427687233,0.0,-0.0004256612518860523,87530.0,61380.0,14880278.392173996,7712832.1256135,VAW,IYM,Materials
2021-09-14,5.198938922567758,4.86081964885856,181.08,129.13,-0.011626,-0.012239,0.0,0.0,-0.01162605689503529,-0.012238965807389162,0.0,0.0006129089123538718,61931.0,39456.0,14730567.497673998,7521070.076613501,VAW,IYM,Materials
2021-09-15,5.21134235253363,4.87512106075126,183.34,130.99001,0.012481,0.014404,0.0,0.0,0.012480671526397044,0.014404166343994542,0.0,-0.001923494817597498,58494.0,187640.0,14521644.370673995,8099097.5814335,VAW,IYM,Materials
2021-09-16,5.199380618688013,4.8632947061975464,181.16,129.45,-0.01189,-0.011757,0.0,0.0,-0.01189047670993782,-0.011756698087129164,0.0,-0.0001337786228086564,66909.0,49019.0,14577910.162633996,7846469.470341501,VAW,IYM,Materials
2021-09-17,5.178914325641456,4.842768758271886,177.49001,126.82,-0.020258,-0.020317,0.0,0.0,-0.020258279973504045,-0.02031672460409413,0.0,5.844463059008487e-05,84305.0,31701.0,14144239.844786499,7136653.8303415,VAW,IYM,Materials
2021-09-20,5.1585954233728994,4.816403086276466,173.92,123.52,-0.020114,-0.026021,0.0,0.0,-0.020113864436652123,-0.02602113231351522,0.0,0.005907267876863097,170224.0,85713.0,14874733.924786497,7210550.5723415,VAW,IYM,Materials
2021-09-21,5.155716397949014,4.8109640989671885,173.42,122.85,-0.002875,-0.005424,0.0,0.0,-0.0028748850045998164,-0.005424222797927461,0.0,0.002549337793327645,92791.0,125211.0,14769717.973786497,7752194.5715425,VAW,IYM,Materials
2021-09-22,5.166099396720328,4.823904028813601,175.23,124.45,0.010437,0.013024,0.0,0.0,0.010437089147733957,0.013024013024013023,0.0,-0.0025869238762790663,108584.0,84725.0,14977913.093286496,7872826.885042501,VAW,IYM,Materials
2021-09-23,5.181221538460433,4.840479434201172,177.89999,126.53,0.015237,0.016714,0.0,0.0,0.015237059864178467,0.016713539574126156,0.0,-0.0014764797099476885,72657.0,44775.0,14974212.131957997,8024190.0260425005,VAW,IYM,Materials
2021-09-24,5.1800404589569835,4.837313121099101,177.69,126.13,-0.00118,0.000949,0.0,0.0,-0.0011803823035627643,-0.003161305619220738,0.0,0.0019809233156579736,271944.0,32449.0,16495675.550268998,7886848.6806270005,VAW,IYM,Materials
2021-09-27,5.190676475030645,4.853045373521485,179.59,128.13,0.010693,0.015857,0.0,0.0,0.010692779559907705,0.01585665583128518,0.0,-0.005163876271377476,64928.0,43077.0,16469929.653904995,7772583.659127,VAW,IYM,Materials
2021-09-28,5.178407013505692,4.845760650906022,177.39999,127.2,-0.012195,-0.007258,0.0,0.0,-0.012194498580099156,-0.0072582533364551624,0.0,-0.0049362452436439936,67644.0,98791.0,16389661.438342497,7955582.973627001,VAW,IYM,Materials
2021-09-29,5.169574490655311,4.839214111770589,175.84,126.37,-0.004304,-0.006525,0.0,0.0,-0.008793630709900226,-0.006525157232704403,0.0,-0.002268473477195823,62342.0,24093.0,16164563.717342496,7835252.928627001,VAW,IYM,Materials
2021-09-30,5.154620191290849,4.824787527525743,173.23,124.56,-0.014843,-0.014323,8661500.0,-24912000.0,-0.012492838828579095,-0.03943580901094703,33573500.0,0.026942970182367937,98555.0,47942.0,16294985.961607998,7779467.156127,VAW,IYM,Materials
2021-10-01,5.170711185137617,4.8393723646590345,176.03999,126.39,0.016221,0.014692,0.0,0.0,0.016221151070830647,0.014691714836223507,0.0,0.0015294362346071396,181430.0,1239824.0,17365586.745392997,15081743.2825335,VAW,IYM,Materials
2021-10-04,5.165414347883809,4.835170178098788,175.11,125.86,-0.005283,-0.004193,0.0,0.0,-0.0052828337470365114,-0.00419336972861777,0.0,-0.0010894640184187414,113329.0,863359.0,17580349.184892997,20176861.172993,VAW,IYM,Materials
2021-10-05,5.174679782670144,4.843241757886537,176.74001,126.88,0.009308,0.008104,0.0,0.0,0.009308491805150958,0.00810424280947084,0.0,0.001204248995680118,128020.0,149317.0,18031817.513903,20863686.272993,VAW,IYM,Materials
2021-10-06,5.1709952279726865,4.835170178098788,176.09,125.86,-0.003678,-0.008039,0.0,0.0,-0.0036777750550088077,-0.008039092055485498,0.0,0.00436131700047669,127936.0,88953.0,18010348.396371998,21147372.278493,VAW,IYM,Materials
2021-10-07,5.183747967874425,4.853435448060787,178.35001,128.17999,0.012834,0.018433,0.0,0.0,0.012834402862172793,0.018433100270141427,0.0,-0.005598697407968634,85511.0,83613.0,18299069.353627495,21542101.0096865,VAW,IYM,Materials
2021-10-08,5.177956066272069,4.850075229083814,177.32001,127.75,-0.005775,-0.003355,0.0,0.0,-0.005775160876077327,-0.003354579759290042,0.0,-0.0024205811167872845,81639.0,53285.0,18469618.858636998,21723345.6520135,VAW,IYM,Materials
2021-10-11,5.179590135279236,4.856317933711899,177.61,128.55,0.001635,0.006262,0.0,0.0,0.001635404825434058,0.006262230919765288,0.0,-0.00462682609433123,82231.0,41817.0,18398052.645371996,21590914.0495135,VAW,IYM,Materials
2021-10-12,5.182457480453501,4.86151637813002,178.12,129.22,0.002871,0.005212,0.0,0.0,0.0028714599403185477,0.005211979774406724,0.0,-0.0023405198340881762,54972.0,46335.0,18326910.003371995,21635536.820513498,VAW,IYM,Materials
2021-10-13,5.18850250054083,4.867149761087499,179.2,129.95,0.006063,0.005649,0.0,0.0,0.006063328093420039,0.0056492802971675,0.0,0.0004140477962525386,148212.0,66235.0,19118675.025372,20836950.4591935,VAW,IYM,Materials
2021-10-14,5.209923215785442,4.890950451150276,183.08,133.08,0.021652,0.024086,0.0,0.0,0.02165178571428597,0.02408618699499832,0.0,-0.0024344012807123484,91012.0,34356.0,19345737.151371997,20748279.8056935,VAW,IYM,Materials
2021-10-15,5.21401141749478,4.8970185673092885,183.83,133.89,0.004097,0.006087,0.0,0.0,0.004096569805549486,0.006086564472497511,0.0,-0.0019899946669480247,331502.0,29353.0,21644573.0197195,20743767.4231935,VAW,IYM,Materials
2021-10-18,5.214827056049011,4.8973919384819045,183.98,133.94,0.000816,0.000373,0.0,0.0,0.0008159712778108975,0.00037344088430813047,0.0,0.00044253039350276705,90733.0,44535.0,20998957.982719496,20512654.8301935,VAW,IYM,Materials
2021-10-19,5.216998845370449,4.899554746499545,184.38,134.23,0.002174,0.002165,0.0,0.0,0.002174149364061311,0.0021651485739882367,0.0,9.000790073074132e-06,107176.0,410497.0,21182422.765719496,22498596.8781935,VAW,IYM,Materials
2021-10-20,5.226660234783806,4.905570956795511,186.17,135.03999,0.009708,0.006034,0.0,0.0,0.00970821130274421,0.00603434403635551,0.0,0.0036738672663886992,123733.0,21099.0,21382832.680219498,22113856.003144,VAW,IYM,Materials
2021-10-21,5.2234322232442665,4.898138188264511,185.57001,134.03999,-0.003223,-0.007405,0.0,0.0,-0.003222807111779396,-0.007405213818514058,0.0,0.004182406706734662,97854.0,53397.0,21644487.089475,22188453.6329455,VAW,IYM,Materials
2021-10-22,5.223324387506607,4.898436636733773,185.55,134.08,-0.000108,0.000298,0.0,0.0,-0.00010782992359586857,0.0002984930094371924,0.0,-0.00040632293303306095,69040.0,28868.0,19868919.221474998,22177345.0864455,VAW,IYM,Materials
2021-10-25,5.233672173054505,4.914711592792766,187.48,136.28,0.010402,0.016408,0.0,0.0,0.01040150902721626,0.016408114558472436,0.0,-0.006006605531256176,96210.0,24680.0,20187770.785474997,22069541.8059455,VAW,IYM,Materials
2021-10-26,5.23500476033627,4.9147848950664645,187.73,136.28999,0.001333,7.3e-05,0.0,0.0,0.0013334755707275442,7.330496037558274e-05,0.0,0.0012601706103519614,154774.0,365132.0,21040554.690296996,23929422.8773795,VAW,IYM,Materials
2021-10-27,5.218407983319735,4.887864841928826,184.64,132.67,-0.01646,-0.026561,0.0,0.0,-0.016459809300591394,-0.026560938187756858,0.0,0.010101128887165464,78323.0,71246.0,21215521.762296997,24249801.5978795,VAW,IYM,Materials
2021-10-28,5.22853847194012,4.898212864681969,186.52,134.05,0.010182,0.010402,0.0,0.0,0.010181975736568582,0.010401748699781648,0.0,-0.00021977296321306662,65082.0,56262.0,20968842.361796997,24328314.876879502,VAW,IYM,Materials
2021-10-29,5.225155100919053,4.895523686995031,185.89,133.69,-0.003378,-0.002686,-54465769.99999999,-167112500.0,-0.017276951667834602,-0.16564544007333143,112646730.0,0.14836848840549682,61161.0,25788.0,19940356.507012,16665626.9948795,VAW,IYM,Materials
2021-11-01,5.229181627713174,4.89910765260238,186.64,134.17,0.004035,0.00359,0.0,0.0,0.004034644144386466,0.003590395691525031,0.0,0.00044424845286143494,74041.0,23978.0,19639055.059511997,11393365.220879499,VAW,IYM,Materials
2021-11-02,5.23968139106308,4.903495344332353,188.61,134.75999,0.010555,0.004397,0.0,0.0,0.010555079297042682,0.0043973317433107255,0.0,0.006157747553731957,89158.0,40008.0,19348546.774501998,10715672.0568755,VAW,IYM,Materials
2021-11-03,5.251592568041801,4.915151765934639,190.87,136.34,0.011982,0.011725,0.0,0.0,0.011982397539897018,0.011724622419458616,0.0,0.0002577751204384023,90199.0,37184.0,19082948.419001997,10409374.1558755,VAW,IYM,Materials
2021-11-04,5.249442251270361,4.9092667259290055,190.46001,135.53999,-0.002148,-0.005868,0.0,0.0,-0.002148006496568263,-0.005867757077893638,0.0,0.003719750581325375,62553.0,28481.0,18916096.284022998,10066514.2034415,VAW,IYM,Materials
2021-11-05,5.259160703343514,4.923260214611255,192.32001,137.45,0.009766,0.014092,0.0,0.0,0.009765829582808364,0.014091855842692628,0.0,-0.004326026259884264,59871.0,29049.0,18768004.435138997,9925795.5184415,VAW,IYM,Materials
2021-11-08,5.269917840586008,4.9362708788073935,194.39999,139.25,0.010815,0.013096,0.0,0.0,0.010815203264600573,0.013095671153146736,0.0,-0.0022804678885461633,104674.0,40652.0,19055183.267302,9940056.300941499,VAW,IYM,Materials
2021-11-09,5.273204614461426,4.93792122180745,195.03999,139.48,0.003292,0.001652,0.0,0.0,0.003292181239309616,0.0016517055655294892,0.0,0.0016404756737801267,67401.0,27592.0,19222897.153601497,9833112.4739415,VAW,IYM,Materials
2021-11-10,5.265380866301772,4.928267663660827,193.52,138.14,-0.007793,-0.009607,0.0,0.0,-0.007793222302769727,-0.009607112130771438,0.0,0.0018138898280017114,99232.0,615982.0,18855086.465601496,13657338.2354415,VAW,IYM,Materials
2021-11-11,5.275509278375538,4.946274463837392,195.49001,140.64999,0.01018,0.01817,0.0,0.0,0.010179878048780568,0.018169900101346597,0.0,-0.007990022052566029,78109.0,42971.0,18785439.077155996,13730926.947455999,VAW,IYM,Materials
2021-11-12,5.284522604831332,4.953923839178814,197.25999,141.73,0.009054,0.007679,0.0,0.0,0.009054068798707252,0.007678706553764998,0.0,0.0013753622449422537,92035.0,31989.0,16646179.603138497,13761113.337456,VAW,IYM,Materials
2021-11-15,5.279491262297988,4.948050347932311,196.27,140.89999,-0.005019,-0.005856,0.0,0.0,-0.005018706530401752,-0.0058562760177801555,0.0,0.0008375694873784031,82166.0,40283.0,16617862.777138496,13746656.157314498,VAW,IYM,Materials
2021-11-16,5.276531774476115,4.940069758048983,195.69,139.78,-0.002955,-0.007949,0.0,0.0,-0.002955112854740918,-0.007948829520853762,0.0,0.004993716666112844,110893.0,30477.0,16714839.791638497,11204609.2948145,VAW,IYM,Materials
2021-11-17,5.269454821862936,4.931086908669788,194.31,138.53,-0.007052,-0.008943,0.0,0.0,-0.007051969952475855,-0.008942624123622836,0.0,0.0018906541711469806,157750.0,557841.0,17095691.286138497,14926034.543864,VAW,IYM,Materials
2021-11-18,5.264243386214285,4.928267663660827,193.3,138.14,-0.005198,-0.002815,0.0,0.0,-0.005197879676805105,-0.0028152746697467598,0.0,-0.002382605007058345,93699.0,32105.0,17093353.733211495,14789917.1115625,VAW,IYM,Materials
2021-11-19,5.262275595200771,4.924205566097868,192.92,137.58,-0.001966,-0.004054,0.0,0.0,-0.001965856182100481,-0.0040538584045168875,0.0,0.0020880022224164063,80261.0,23195.0,17227032.739211496,14755944.4445625,VAW,IYM,Materials
2021-11-22,5.265742520615858,4.931447776199235,193.59,138.58,0.003473,0.007269,0.0,0.0,0.003472942152187555,0.007268498328245383,0.0,-0.0037955561760578283,73607.0,20289.0,17037639.155711494,14728357.4055625,VAW,IYM,Materials
2021-11-23,5.266775046935907,4.933826241409298,193.78999,138.91,0.001033,0.002381,0.0,0.0,0.0010330595588614307,0.002381296002309001,0.0,-0.0013482364434475702,52290.0,36559.0,16091516.9335665,12494086.1086285,VAW,IYM,Materials
2021-11-24,5.259732399265517,4.926238677457506,192.42999,137.86,-0.007018,-0.007559,0.0,0.0,-0.007017906342840397,-0.00755885105463956,0.0,0.0005409447117991637,76093.0,19394.0,16100567.759019995,12155158.6096285,VAW,IYM,Materials
2021-11-26,5.241058947707755,4.905719124146696,188.87,135.06,-0.0185,-0.020311,0.0,0.0,-0.01850018284571967,-0.020310459886841856,0.0,0.001810277041122188,78060.0,26354.0,16230772.637019997,11956031.116628502,VAW,IYM,Materials
2021-11-29,5.243174567050828,4.906385198730593,189.27,135.14999,0.002118,0.000666,0.0,0.0,0.0021178588447080004,0.0006662964608322227,0.0,0.0014515623838757777,67989.0,26926.0,16305725.624019995,11965603.6621655,VAW,IYM,Materials
2021-11-30,5.216673431760997,4.874128049441593,184.32001,130.86,-0.026153,-0.031743,59904003.25,-98145000.00000001,-0.01087500350300683,-0.14521011988236168,158049003.25,0.13433511637935486,90854.0,72314.0,16452085.521446997,12277897.751165498,VAW,IYM,Materials
2021-12-01,5.204226388215458,4.856240062146342,182.03999,128.53999,-0.01237,-0.017729,0.0,0.0,-0.012369899502501157,-0.017728946966223763,0.0,0.005359047463722606,152665.0,35999.0,17000837.756114494,12239689.42217,VAW,IYM,Materials
2021-12-02,5.224724646244663,4.871449775556952,185.81,130.50999,0.02071,0.015326,0.0,0.0,0.020709790195000646,0.015325969762406239,0.0,0.0053838204325944074,113929.0,47038.0,17198480.974114496,12293152.539650999,VAW,IYM,Materials
2021-12-03,5.221274322049725,4.87022321709604,185.17,130.35001,-0.003444,-0.001226,0.0,0.0,-0.003444378666379757,-0.0012258065455370806,0.0,-0.0022185721208426764,68934.0,32020.0,17241014.162837997,12308827.1829015,VAW,IYM,Materials
2021-12-06,5.2367078849163455,4.888844237042334,188.05,132.8,0.015553,0.018796,0.0,0.0,0.01555327536858047,0.01879547228266435,0.0,-0.0032421969140838808,195426.0,25790.0,18502787.5619025,12280433.530401502,VAW,IYM,Materials
2021-12-07,5.252901503017554,4.908897910664522,191.12,135.49001,0.016325,0.020256,0.0,0.0,0.0163254453602764,0.02025609939759036,0.0,-0.00393065403731396,76524.0,25783.0,18216619.6782395,12172060.926793,VAW,IYM,Materials
2021-12-08,5.2574953720277815,4.913904105136484,192.0,136.17,0.004604,0.005019,0.0,0.0,0.0046044370029300966,0.00501874640056457,0.0,-0.0004143093976344738,47868.0,25327.0,18018857.959939998,12152073.198293,VAW,IYM,Materials
2021-12-09,5.250963670164566,4.906163272499545,190.75,135.12,-0.00651,-0.007711,0.0,0.0,-0.006510416666666667,-0.007710949548358516,0.0,0.0012005328816918487,44624.0,22731.0,17484290.527939998,8051056.160293,VAW,IYM,Materials
2021-12-10,5.257078618531439,4.910004317257438,191.92,135.64,0.006134,0.003848,0.0,0.0,0.006133682830930419,0.0038484310242745626,0.0,0.002285251806655856,88136.0,30189.0,17566567.1243855,7953604.422278501,VAW,IYM,Materials
2021-12-13,5.248391505218654,4.89440098354579,190.25999,133.53999,-0.008649,-0.010303,0.0,0.0,-0.008649489370571034,-0.015482232379828962,0.0,0.006832743009257928,66090.0,47641.0,17287540.102358,8045013.306958,VAW,IYM,Materials
2021-12-14,5.246918803462036,4.895523686995031,189.98,133.69,-0.001472,0.001123,0.0,0.0,-0.0014716178635349692,0.0011233339166793492,0.0,-0.0025949517802143184,58486.0,28152.0,17036762.575357996,7949401.636099501,VAW,IYM,Materials
2021-12-15,5.249914627319869,4.891100800532543,190.55,133.10001,0.003,-0.004413,0.0,0.0,0.0030003158227183,-0.0044131199042561145,0.0,0.007413435726974414,72003.0,42070.0,16637738.599357998,8016373.7541345,VAW,IYM,Materials
2021-12-16,5.2554620562416074,4.906681196376314,191.61,135.19,0.009902,0.015703,0.0,0.0,0.0055628443977958535,0.015702403027618106,0.0,-0.010139558629822253,92359.0,23124.0,15989963.873858,4308794.7456345,VAW,IYM,Materials
2021-12-17,5.244177973228977,4.900001566127372,189.46001,134.28999,-0.011221,-0.006657,0.0,0.0,-0.011220656541934174,-0.00665737110733058,0.0,-0.004563285434603594,102299.0,26362.0,16053441.5170075,4264053.1464535,VAW,IYM,Materials
2021-12-20,5.223593874231409,4.879767094879056,185.60001,131.60001,-0.020374,-0.020031,0.0,0.0,-0.020373692580297142,-0.020031128157802225,0.0,-0.0003425644224949176,94481.0,75854.0,16156027.638248,4603614.0993805,VAW,IYM,Materials
2021-12-21,5.239416258627876,4.897093178014525,188.56,133.89999,0.015948,0.017477,0.0,0.0,0.015948221123479506,0.017477050343689182,0.0,-0.0015288292202096758,78567.0,426227.0,16184278.357747998,7316621.170267001,VAW,IYM,Materials
2021-12-22,5.247550302098275,4.906977032485268,190.10001,135.23,0.008167,0.009933,0.0,0.0,0.008167214679677518,0.009932861085351836,0.0,-0.001765646405674318,59425.0,23472.0,16242449.083605494,7221406.563766999,VAW,IYM,Materials
2021-12-23,5.256713868817015,4.91815444130209,191.85001,136.75,0.009206,0.01124,0.0,0.0,0.009205680736155668,0.011240109443170894,0.0,-0.0020344287070152255,108828.0,20049.0,16554252.966566,7224808.759267,VAW,IYM,Materials
2021-12-27,5.2715626292392175,4.932817886382919,194.72,138.77,0.01496,0.014772,0.0,0.0,0.014959550953372414,0.014771480804387569,0.0,0.00018807014898484554,47498.0,25531.0,16279533.884565998,7223987.040766999,VAW,IYM,Materials
2021-12-28,5.276685066420923,4.93756261148635,195.72,139.42999,0.005136,0.004756,0.0,0.0,0.005135579293344289,0.004755999135259782,0.0,0.0003795801580845073,79887.0,51172.0,16417894.165065998,7398780.181644,VAW,IYM,Materials
2021-12-29,5.280560644958777,4.942285073208023,196.48,140.09,0.003883,0.004734,0.0,0.0,0.003883098303699162,0.0047336301178821,0.0,-0.0008505318141829379,57047.0,16852.0,16141013.383638998,7043669.5136440005,VAW,IYM,Materials
2021-12-30,5.277604273904042,4.9384946163185734,195.89999,139.56,-0.002952,-0.003783,0.0,0.0,-0.0029520052931595723,-0.0037832821757441647,0.0,0.0008312768825845924,64759.0,26832.0,15385771.002591997,6999537.6546435,VAW,IYM,Materials
2021-12-31,5.282594406082801,4.943141370054627,196.88,140.21001,0.005003,0.004658,44298000.0,-28042002.000000004,0.01574950661456914,-0.03090553306599487,72340002.0,0.04665503968056401,55609.0,29698.0,14874728.624091998,6900789.053011501,VAW,IYM,Materials
2022-01-03,5.271613983713487,4.935264987071479,194.73,139.11,-0.01092,-0.007845,0.0,0.0,-0.010920357578220236,-0.007845445556989832,0.0,-0.0030749120212304037,104557.0,114530.0,15254522.415591996,7488712.1020015,VAW,IYM,Materials
2022-01-04,5.2837112648943405,4.949397984625066,197.10001,141.09,0.012171,0.014233,0.0,0.0,0.012170749242540918,0.014233340521888993,0.0,-0.002062591279348075,97477.0,163004.0,14377665.334330495,8467378.2200015,VAW,IYM,Materials
2022-01-05,5.28279755489,4.947766489317265,196.92,140.86,-0.000913,-0.00163,0.0,0.0,-0.0009132926984631571,-0.0016301651428164868,0.0,0.0007168724443533296,158966.0,72661.0,15211581.226330498,8804462.69661,VAW,IYM,Materials
2022-01-06,5.2703293300078675,4.935336870046028,194.48,139.12,-0.012391,-0.012353,0.0,0.0,-0.012390818606540614,-0.012352690614794985,0.0,-3.8127991745628975e-05,138800.0,40508.0,16101739.626330499,8913797.46511,VAW,IYM,Materials
2022-01-07,5.270432163058501,4.940069758048983,194.5,139.78,0.000103,0.004744,0.0,0.0,0.00010283833813245579,0.004744105807935595,0.0,-0.004641267469803139,93657.0,35385.0,16586952.551330497,9007532.59411,VAW,IYM,Materials
2022-01-10,5.259888391887102,4.929208295400526,192.46001,138.27,-0.010488,-0.010803,0.0,0.0,-0.010488380462724857,-0.010802689941336386,0.0,0.00031430947861152934,186240.0,71464.0,17533387.108450495,9296857.16011,VAW,IYM,Materials
2022-01-11,5.270843389547282,4.9427846271880815,194.58,140.16,0.011015,0.013669,0.0,0.0,0.011015223370299145,0.013668908656975483,0.0,-0.0026536852866763383,93805.0,27950.0,17817301.8164955,9174631.8269305,VAW,IYM,Materials
2022-01-12,5.2807642073004475,4.955615767675482,196.52,141.97,0.00997,0.012914,0.0,0.0,0.009970192208859993,0.012913812785388128,0.0,-0.0029436205765281352,95140.0,154885.0,18196588.942495495,10085900.9554305,VAW,IYM,Materials
2022-01-13,5.2739734431585195,4.951451300742808,195.19,141.38,-0.006768,-0.004156,0.0,0.0,-0.0067677590067168735,-0.004155807564978516,0.0,-0.002611951441738357,97710.0,48399.0,18464181.104995497,10148057.6153955,VAW,IYM,Materials
2022-01-14,5.267290987942913,4.9478374792722155,193.89,140.87,-0.00666,-0.003607,0.0,0.0,-0.006660177263179581,-0.003607299476587919,0.0,-0.0030528777865916623,107540.0,27322.0,18621882.235495497,10184193.444395501,VAW,IYM,Materials
2022-01-18,5.2536860424024425,4.933970137182073,191.27,138.92999,-0.013513,-0.013772,0.0,0.0,-0.013512816545463808,-0.013771633420884503,0.0,0.0002588168754206945,149219.0,99396.0,19079859.663845997,10697640.0728785,VAW,IYM,Materials
2022-01-19,5.249389692924613,4.930147970929231,190.45,138.39999,-0.004287,-0.003815,0.0,0.0,-0.004287133371673668,-0.003814871072833159,0.0,-0.00047226229884050897,107893.0,118768.0,19230487.029105496,11020395.215567501,VAW,IYM,Materials
2022-01-20,5.232871767472967,4.910520329779814,187.33,135.71001,-0.016382,-0.019436,0.0,0.0,-0.01638225255972673,-0.01943627308065541,0.0,0.0030540205209286797,106916.0,117751.0,19491186.0671055,8965805.1330565,VAW,IYM,Materials
2022-01-21,5.205434184201305,4.8794630213208565,182.25999,131.56,-0.027065,-0.03058,0.0,0.0,-0.027064591896653164,-0.03057998448309024,0.0,0.003515392586437075,338062.0,127466.0,22007110.249362,9645570.553056499,VAW,IYM,Materials
2022-01-24,5.2064213518435,4.878474314407784,182.44,131.42999,0.000988,-0.000988,0.0,0.0,0.0009876550525434312,-0.0009882183034356947,0.0,0.001975873355979126,243102.0,108921.0,23180754.048947997,10224259.812596,VAW,IYM,Materials
2022-01-25,5.199159795014818,4.874051705399538,181.12,130.85001,-0.007235,-0.004413,0.0,0.0,-0.00723525542644157,-0.004412843674415558,0.0,-0.002822411752026012,117246.0,109672.0,23780093.296947997,10764642.083932001,VAW,IYM,Materials
2022-01-26,5.18705055411945,4.859424732327354,178.94,128.95,-0.012036,-0.014521,0.0,0.0,-0.012036219081272085,-0.014520518569314758,0.0,0.002484299488042673,120721.0,109863.0,24078409.901947998,11116238.204018,VAW,IYM,Materials
2022-01-27,5.189283445523902,4.857639502684128,179.34,128.72,0.002235,-0.001784,0.0,0.0,0.002235386162959651,-0.001783637068631083,0.0,0.0040190232315907345,103518.0,135006.0,24446226.079947997,11867096.986018,VAW,IYM,Materials
2022-01-28,5.194677591788277,4.858649014707995,180.31,128.85001,0.005409,0.00101,0.0,0.0,0.005408720865395338,0.0010100217526413922,0.0,0.004398699112753946,116161.0,309246.0,24859161.202827495,13672180.799641002,VAW,IYM,Materials
2022-01-31,5.209540741515367,4.875731607926561,183.00999,131.07001,0.014974,0.017229,23242268.729999997,26214002.0,0.02103555493263334,0.05455885198498014,-2971733.2700000033,-0.0335232970523468,94780.0,40671.0,25179030.549437497,13730520.3746275,VAW,IYM,Materials
2022-02-01,5.2266065189940365,4.898958502328209,186.16,134.14999,0.017212,0.023499,0.0,0.0,0.01721222978046179,0.02349873933785463,0.0,-0.006286509557392839,125656.0,42114.0,25330617.366937496,13216386.5935705,VAW,IYM,Materials
2022-02-02,5.229556664536238,4.903866379702973,186.71001,134.81,0.002954,0.00492,0.0,0.0,0.0029545015040825864,0.004919940732011982,0.0,-0.0019654392279293952,122812.0,116965.0,25516492.970604997,12854877.4580705,VAW,IYM,Materials
2022-02-03,5.21259612061769,4.890574666695814,183.57001,133.03,-0.016818,-0.013204,0.0,0.0,-0.01681752360251077,-0.013203768266449076,0.0,-0.0036137553360616956,207272.0,126029.0,25853759.890240997,13181407.9285705,VAW,IYM,Materials
2022-02-04,5.1972808223702645,4.880450675722129,180.78,131.69,-0.015199,-0.010073,0.0,0.0,-0.015198615503697974,-0.01007291588363527,0.0,-0.0051256996200627035,268702.0,50380.0,26932866.068240993,13231361.3905705,VAW,IYM,Materials
2022-02-07,5.1943447761650585,4.876570349634454,180.25,131.17999,-0.002932,-0.003873,0.0,0.0,-0.002931740236751853,-0.003872807350596097,0.0,0.0009410671138442442,83857.0,140409.0,26777812.955740996,13904998.186366001,VAW,IYM,Materials
2022-02-08,5.212650539790945,4.89507478679297,183.58,133.63,0.018474,0.018677,0.0,0.0,0.01847434119278792,0.018676705189564352,0.0,-0.00020236399677643277,102209.0,41506.0,25923801.753620997,13688254.161366,VAW,IYM,Materials
2022-02-09,5.232231034836126,4.919469773314124,187.21001,136.92999,0.019773,0.024695,0.0,0.0,0.019773450266913562,0.02469497867245379,0.0,-0.004921528405540228,167913.0,47082.0,26582922.629077498,13814727.450825,VAW,IYM,Materials
2022-02-10,5.225961650604013,4.911035928873501,186.03999,135.78,-0.00625,-0.008398,0.0,0.0,-0.006249772648375097,-0.008398379346993307,0.0,0.0021486066986182092,104201.0,263839.0,26617354.638977,14506479.249325002,VAW,IYM,Materials
2022-02-11,5.21259612061769,4.902901520042796,183.57001,134.67999,-0.013277,-0.008101,0.0,0.0,-0.013276607894893964,-0.008101414052143173,0.0,-0.005175193842750791,131047.0,115882.0,26866568.849000495,14944696.048384,VAW,IYM,Materials
2022-02-14,5.205708534815374,4.894999950497331,182.31,133.62,-0.006864,-0.00787,0.0,0.0,-0.006863920746095683,-0.007870434204813944,0.0,0.001006513458718261,99667.0,47356.0,26732536.8575005,15068638.977384001,VAW,IYM,Materials
2022-02-15,5.225907951029896,4.914931703582751,186.03,136.31,0.020405,0.020132,0.0,0.0,0.020404805002468322,0.020131716808860948,0.0,0.0002730881936073744,101808.0,47168.0,26252448.063000493,14699658.217082,VAW,IYM,Materials
2022-02-16,5.233031899849407,4.9245689249914415,187.36,137.63,0.007149,0.009684,0.0,0.0,0.007149384507875194,0.009683808964859512,0.0,-0.002534424456984318,99686.0,38114.0,26158895.418500498,14140065.207466,VAW,IYM,Materials
2022-02-17,5.218245491782478,4.907124917726591,184.61,135.25,-0.014678,-0.017293,0.0,0.0,-0.014677625960717334,-0.01729274140812323,0.0,0.0026151154474058965,107098.0,25546.0,26146034.793500494,13513820.5630905,VAW,IYM,Materials
2022-02-18,5.215859244107515,4.903050083416319,184.17,134.7,-0.002383,-0.004067,0.0,0.0,-0.0023834028492500108,-0.00406654343807779,0.0,0.0016831405888277791,160429.0,74477.0,24542586.403031494,13176951.8100905,VAW,IYM,Materials
2022-02-22,5.202191854450653,4.891926905432808,181.67,133.21001,-0.013574,-0.011062,0.0,0.0,-0.013574414942715971,-0.011061544172234284,0.0,-0.0025128707704816875,155048.0,86909.0,23733388.467031498,13040034.9510055,VAW,IYM,Materials
2022-02-23,5.189060380611087,4.882195678251343,179.3,131.92,-0.013046,-0.009684,0.0,0.0,-0.013045632190234798,-0.009684032003300968,0.0,-0.0033616001869338306,127936.0,93065.0,23818554.9310315,12936362.5761695,VAW,IYM,Materials
2022-02-24,5.185820335320891,4.884315927417586,178.72,132.2,-0.003235,0.002122,0.0,0.0,-0.003234802007808267,0.0021224984839296546,0.0,-0.005357300491737922,173812.0,259488.0,24291648.176031496,13943236.563669499,VAW,IYM,Materials
2022-02-25,5.223701573167247,4.923551259921703,185.62,137.49001,0.038608,0.040015,0.0,0.0,0.03860787824529991,0.04001520423600638,0.0,-0.0014073259907064692,120682.0,54532.0,24483451.912031494,13449218.2089355,VAW,IYM,Materials
2022-02-28,5.215642029879128,4.918958505524352,184.13,136.86,-0.008027,-0.004582,-46032500.0,0.0,-0.019619411954764708,-0.004582223828480338,-46032500.0,-0.01503718812628437,110294.0,408832.0,24451624.1275315,14254538.0753125,VAW,IYM,Materials
2022-03-01,5.192734659540874,4.907937895857914,179.96001,135.36,-0.022647,-0.01096,0.0,0.0,-0.02264698854070486,-0.010960105217010081,0.0,-0.011686883323694778,120314.0,94694.0,24666925.217078496,14628889.648477,VAW,IYM,Materials
2022-03-02,5.215098787797103,4.930942452990052,184.03,138.50999,0.022616,0.023271,0.0,0.0,0.022616080094683175,0.023271202718675808,0.0,-0.0006551226239926329,124776.0,55476.0,24645445.5330785,14730609.024796,VAW,IYM,Materials
2022-03-03,5.217324207338505,4.937849524370603,184.44,139.47,0.002228,0.006931,0.0,0.0,0.002227897625387165,0.006930980213051934,0.0,-0.004703082587664769,107323.0,115553.0,24488666.7516725,14748015.287796002,VAW,IYM,Materials
2022-03-04,5.213630503962034,4.941785269549052,183.75999,140.02,-0.003687,0.003944,0.0,0.0,-0.0036868900455433442,0.0039435003943500396,0.0,-0.007630390439893384,89932.0,148987.0,23412515.767070495,14952791.381296,VAW,IYM,Materials
2022-03-07,5.17750480275196,4.9114777225630375,177.24001,135.84,-0.035481,-0.029853,0.0,0.0,-0.0354809553483322,-0.02985287816026282,0.0,-0.005628077188069378,336086.0,470699.0,23962112.689113498,17818051.879296,VAW,IYM,Materials
2022-03-08,5.169346985251076,4.903124393944013,175.8,134.71001,-0.008125,-0.008319,0.0,0.0,-0.008124632807231233,-0.008318536513545192,0.0,0.0001939037063139592,156089.0,95347.0,24578373.786613498,17539319.084674,VAW,IYM,Materials
2022-03-09,5.200097903881335,4.924859517074852,181.28999,137.67,0.031229,0.021973,0.0,0.0,0.03122861205915792,0.021973051594309564,0.0,0.009255560464848357,130185.0,94541.0,24820259.243021,17912769.719174,VAW,IYM,Materials
2022-03-10,5.2055987706871845,4.938637913589005,182.28999,139.58,0.005516,0.013874,0.0,0.0,0.005516024354130088,0.01387375608338812,0.0,-0.008357731729258033,94781.0,175967.0,24112390.899673995,18818496.522715,VAW,IYM,Materials
2022-03-11,5.1973914479580765,4.930942452990052,180.8,138.50999,-0.008174,-0.007666,0.0,0.0,-0.0081737346082468,-0.007665926350480312,0.0,-0.0005078082577664881,103370.0,116023.0,24077578.049774498,17830810.7802035,VAW,IYM,Materials
2022-03-14,5.195453731088797,4.916397798760177,180.45,136.50999,-0.001936,-0.014439,0.0,0.0,-0.0019358407079648511,-0.014439391700194334,0.0,0.012503550992229483,109313.0,124162.0,23861039.637250997,17897929.119063504,VAW,IYM,Materials
2022-03-15,5.206147251575906,4.921439715291784,182.39,137.2,0.010751,0.005055,0.0,0.0,0.010750900526461625,0.005054648381411501,0.0,0.005696252145050124,212886.0,58009.0,24893938.975750994,17979485.423063498,VAW,IYM,Materials
2022-03-16,5.22310873504483,4.935193170820121,185.50999,139.10001,0.017106,0.013849,0.0,0.0,0.017106146170294472,0.013848469387755257,0.0,0.003257676782539215,281965.0,173473.0,26562338.080268495,18864516.7208,VAW,IYM,Materials
2022-03-17,5.242540298210943,4.960744524482791,189.14999,142.7,0.019622,0.025881,0.0,0.0,0.019621584799826806,0.0258805876433796,0.0,-0.006259002843552793,108197.0,61842.0,26651752.705669995,19043477.899800003,VAW,IYM,Materials
2022-03-18,5.248811946644198,4.966125954110298,190.34,143.47,0.006291,0.005396,0.0,0.0,0.006291356399225777,0.0053959355290821385,0.0,0.0008954208701436386,56562.0,44831.0,26201485.170669995,19192318.253300004,VAW,IYM,Materials
2022-03-21,5.25817222624361,4.986684073273742,192.13,146.45,0.009404,0.020771,0.0,0.0,0.009404224020174424,0.020770892869589313,0.0,-0.011366668849414889,185517.0,134249.0,26506343.78467,19673753.9608,VAW,IYM,Materials
2022-03-22,5.261394012443439,4.9913845145041185,192.75,147.14,0.003227,0.004712,0.0,0.0,0.0032269817311195545,0.004711505633321953,0.0,-0.001484523902202399,102599.0,536425.0,26086763.13917,23041375.2478455,VAW,IYM,Materials
2022-03-23,5.257234921446806,4.993963759808284,191.95,147.52,-0.00415,0.002583,0.0,0.0,-0.004150453955901544,0.0025825744189208995,0.0,-0.006733028374822443,134046.0,78725.0,26226323.384169996,23008194.107845504,VAW,IYM,Materials
2022-03-24,5.2739734431585195,5.011967739330034,195.19,150.2,0.020231,0.021041,0.0,0.0,0.0168793956759574,0.018167028199566018,0.0,-0.0012876325236086186,100073.0,74529.0,25649801.795669995,21852691.2178455,VAW,IYM,Materials
2022-03-25,5.282086353437619,5.0221026255371495,196.78,151.73,0.008146,0.010186,0.0,0.0,0.008145909114196425,0.010186418109187892,0.0,-0.0020405089949914676,86544.0,79064.0,25381258.56967,22077629.9925795,VAW,IYM,Materials
2022-03-28,5.277042605194048,5.011301805261666,195.78999,150.10001,-0.005031,-0.010743,0.0,0.0,-0.005031049903445545,-0.010742700850194424,0.0,0.005711650946748879,94206.0,125228.0,25288066.448566996,20219828.8191935,VAW,IYM,Materials
2022-03-29,5.284269201529344,5.012234082020121,197.21001,150.24001,0.007253,0.000933,0.0,0.0,0.007252771196321267,0.0009327114635103695,0.0,0.006320059732810898,112414.0,84097.0,25313939.319616996,20210676.533242,VAW,IYM,Materials
2022-03-30,5.280611590322279,5.014693714223758,196.49001,150.61,-0.003651,0.002463,0.0,0.0,-0.0036509302950697075,0.002462659580493904,0.0,-0.006113589875563612,62871.0,182214.0,24783489.1265525,21198640.04998,VAW,IYM,Materials
2022-03-31,5.268115857814915,5.007697650108913,194.05,149.56,-0.012418,-0.006972,29107500.0,171994000.0,-0.0054115383317664585,0.19514916625193224,-142886500.0,-0.2005607045836987,152794.0,557334.0,25276240.205552496,24560574.85648,VAW,IYM,Materials
2022-04-01,5.278879621674169,5.017345993566916,196.14999,151.00999,0.010822,0.009695,0.0,0.0,0.01082190157175978,0.009695038780422455,0.0,0.0011268627913373248,143968.0,298411.0,25861911.1225345,25770668.975774504,VAW,IYM,Materials
2022-04-04,5.2785227392198575,5.0156891020683405,196.08,150.75999,-0.000357,-0.001656,0.0,0.0,-0.00035681877934322435,-0.001655519611649534,0.0,0.0012987008323063097,86449.0,419983.0,23731062.818491496,25739513.011783,VAW,IYM,Materials
2022-04-05,5.267961246533138,5.003476329752135,194.02,148.92999,-0.010506,-0.012139,0.0,0.0,-0.010505915952672492,-0.012138499080558328,0.0,0.0016325831278858356,104342.0,358446.0,23371262.250491496,27766471.2053865,VAW,IYM,Materials
2022-04-06,5.257234921446806,4.992403364608178,191.95,147.28999,-0.010669,-0.011012,0.0,0.0,-0.010669003195546966,-0.011011885517483869,0.0,0.00034288232193690343,123005.0,166384.0,23371740.870583996,28341033.1166945,VAW,IYM,Materials
2022-04-07,5.261653382176445,4.999911263347833,192.8,148.39999,0.004428,0.007536,0.0,0.0,0.004428236519927299,0.007536153678875378,0.0,-0.0031079171589480795,108323.0,221798.0,23552093.213474497,28758700.472795498,VAW,IYM,Materials
2022-04-08,5.266258942854148,5.003543540282499,193.69,148.94,0.004616,0.003639,0.0,0.0,0.004616182572613991,0.003638881646824909,0.0,0.000977300925789082,92838.0,100112.0,23516718.024474498,28700717.308307,VAW,IYM,Materials
2022-04-11,5.26217186807135,4.999237249143887,192.89999,148.3,-0.004079,-0.004297,0.0,0.0,-0.004078734059579699,-0.004297032362024859,0.0,0.00021829830244515964,161767.0,168515.0,24090684.116090998,29102788.364388,VAW,IYM,Materials
2022-04-12,5.262275595200771,5.004818408774691,192.92,149.13,0.000104,0.005597,0.0,0.0,0.0001037325092653947,0.005596763317599342,0.0,-0.005493030808333947,217158.0,413506.0,24243976.307090994,31788154.113388002,VAW,IYM,Materials
2022-04-13,5.280662431309316,5.024801149569155,196.5,152.14,0.018557,0.020184,0.0,0.0,0.018556914783329995,0.02018373231408826,0.0,-0.0016268175307582664,269071.0,296082.0,24272232.665573496,32833945.0856515,VAW,IYM,Materials
2022-04-14,5.276838334870913,5.02104763041968,195.75,151.57001,-0.003817,-0.003747,0.0,0.0,-0.003816793893129771,-0.003746483502037482,0.0,-7.031039109228884e-05,108808.0,727737.0,24313917.892171998,37907857.63402,VAW,IYM,Materials
2022-04-18,5.277042605194048,5.027885647502783,195.78999,152.61,0.000204,0.006861,0.0,0.0,0.00020429118773939039,0.006861449702352184,0.0,-0.006657158514612793,218526.0,266436.0,25914877.505909,39619302.35352,VAW,IYM,Materials
2022-04-19,5.2883680356943685,5.037082464111104,198.02,154.02,0.01139,0.009239,0.0,0.0,0.011389805985484827,0.009239237271476311,0.0,0.0021505687140085158,105744.0,178620.0,25179679.789408997,40011816.67102,VAW,IYM,Materials
2022-04-20,5.295764159888145,5.035457979527601,199.49001,153.77,0.007424,-0.001623,0.0,0.0,0.007423543076456996,-0.0016231658226204388,0.0,0.009046708899077435,107837.0,204997.0,25266502.1373275,37641457.38052,VAW,IYM,Materials
2022-04-21,5.2757649109370925,5.007630785075957,195.53999,149.55,-0.019801,-0.027444,0.0,0.0,-0.01980059051578587,-0.027443584574364306,0.0,0.007642994058578437,202788.0,272156.0,25962653.826933496,39095828.27052,VAW,IYM,Materials
2022-04-22,5.239469343769534,4.972102344379472,188.57001,144.33,-0.035645,-0.034905,0.0,0.0,-0.03564478038482049,-0.034904714142427275,0.0,-0.0007400662423932142,126591.0,181662.0,26179554.690229,39847079.30352,VAW,IYM,Materials
2022-04-25,5.2350580801739985,4.961374949409286,187.74001,142.78999,-0.004402,-0.01067,0.0,0.0,-0.004401548263162194,-0.01067006166424191,0.0,0.006268513401079715,166841.0,231457.0,26894184.8246495,40899747.40329151,VAW,IYM,Materials
2022-04-26,5.21640207334677,4.942285073208023,184.27,140.09,-0.018483,-0.018909,0.0,0.0,-0.01848306069654526,-0.018908818468297273,0.0,0.0004257577717520118,252305.0,107232.0,28296567.352252495,40711017.7446775,VAW,IYM,Materials
2022-04-27,5.230894743717978,4.956179108300197,186.96001,142.05,0.014598,0.013991,0.0,0.0,0.014598198295978805,0.013991005781997412,0.0,0.0006071925139813934,197961.0,144729.0,29038648.576026,41107218.761129,VAW,IYM,Materials
2022-04-28,5.246813576323581,4.9702298794612165,189.96001,144.06,0.016046,0.01415,0.0,0.0,0.01604621223544008,0.014149947201689422,0.0,0.0018962650337506597,94616.0,137102.0,29319635.220398497,40722601.940129,VAW,IYM,Materials
2022-04-29,5.226391626976448,4.947269347446661,186.12,140.78999,-0.020215,-0.022699,-4653000.0,168947988.0,-0.021365194280300148,0.1497659471952046,-173600988.0,-0.17113114147550476,115991.0,110113.0,28916563.6813985,37329998.6965725,VAW,IYM,Materials
2022-05-02,5.223701573167247,4.942713206258672,185.62,140.14999,-0.002686,-0.004546,0.0,0.0,-0.0026864388566516227,-0.004545777721839457,0.0,0.0018593388651878344,221222.0,154995.0,29557758.9753825,36162973.97528051,VAW,IYM,Materials
2022-05-03,5.2377177975427776,4.957515842069304,188.24001,142.24001,0.014115,0.014913,0.0,0.0,0.01411491218618691,0.014912737417961999,0.0,-0.000797825231775089,139193.0,176147.0,30020297.564979,34249899.8833455,VAW,IYM,Materials
2022-05-04,5.269866450374021,4.98866238143359,194.39,146.74001,0.032671,0.031637,0.0,0.0,0.03267100336426864,0.031636668192022765,0.0,0.0010343351722458746,122899.0,174573.0,30202592.653479,32861574.111855,VAW,IYM,Materials
2022-05-05,5.236973789470194,4.953712146696635,188.10001,141.7,-0.032358,-0.034347,0.0,0.0,-0.03235758012243421,-0.03434652893917617,0.0,0.001988948816741956,120261.0,178188.0,30153106.9311095,32898701.207047004,VAW,IYM,Materials
2022-05-06,5.221112295639065,4.941999501706118,185.14,140.05,-0.015736,-0.011644,0.0,0.0,-0.015736362799768137,-0.011644318983768526,0.0,-0.004092043815999612,108357.0,233699.0,30111933.960109495,32889437.405446,VAW,IYM,Materials
2022-05-09,5.187832633372765,4.901861478270119,179.08,134.53999,-0.032732,-0.039343,0.0,0.0,-0.03273198660473132,-0.03934316315601571,0.0,0.0066111765512843895,216167.0,206811.0,31148403.6671095,33535120.835040502,VAW,IYM,Materials
2022-05-10,5.179533886864374,4.896420883316898,177.60001,133.81,-0.008264,-0.005426,0.0,0.0,-0.008264406968952592,-0.005425821720367305,0.0,-0.002838585248585287,1841994.0,179479.0,45945068.67399,33486386.359540503,VAW,IYM,Materials
2022-05-11,5.177730403558919,4.896794477672496,177.28,133.86,-0.001802,0.000374,0.0,0.0,-0.001801858006652094,0.0003736641506614969,0.0,-0.002175522157313591,184795.0,126652.0,45488385.48599,31250760.706540495,VAW,IYM,Materials
2022-05-12,5.174736304776682,4.887864841928826,176.75,132.67,-0.00299,-0.00889,0.0,0.0,-0.002989620938628159,-0.008889884954430223,0.0,0.005900264015802064,276087.0,172498.0,45284681.77349,30142730.415540505,VAW,IYM,Materials
2022-05-13,5.192456725848528,4.906385198730593,179.91,135.14999,0.017878,0.018693,0.0,0.0,0.01787835926449788,0.018692922288384827,0.0,-0.0008145630238869488,545509.0,156150.0,49126849.68299,25682758.744097,VAW,IYM,Materials
2022-05-16,5.19184512203752,4.90527477843843,179.8,135.0,-0.000611,-0.00111,0.0,0.0,-0.0006114168195207469,-0.001109804003685091,0.0,0.000498387184164344,101112.0,144400.0,47896586.395252995,24624418.846097,VAW,IYM,Materials
2022-05-17,5.221274322049725,4.93756261148635,185.17,139.42999,0.029867,0.032815,0.0,0.0,0.02986651835372611,0.03281474074074074,0.0,-0.0029482223870146325,108672.0,176035.0,47855754.763252996,24476094.1405795,VAW,IYM,Materials
2022-05-18,5.188948829492672,4.903050083416319,179.28,134.7,-0.031809,-0.033924,0.0,0.0,-0.03180860830588096,-0.03392376346007053,0.0,0.0021151551541895713,101518.0,76309.0,47690141.904834494,23413915.8210795,VAW,IYM,Materials
2022-05-19,5.195287466228493,4.911919247573578,180.42,135.89999,0.006359,0.008909,0.0,0.0,0.006358768406961053,0.00890861172976986,0.0,-0.002549843322808806,82193.0,202875.0,46448946.7832285,22757404.854642,VAW,IYM,Materials
2022-05-20,5.1911218349444805,4.905719124146696,179.67,135.06,-0.004157,-0.006181,0.0,0.0,-0.004156967076820752,-0.006180942323836816,0.0,0.0020239752470160638,89720.0,149171.0,46061383.096433,22453792.794641998,VAW,IYM,Materials
2022-05-23,5.209431561187389,4.924132951163168,182.99001,137.57001,0.018478,0.018584,0.0,0.0,0.018478377024545207,0.01858440693025322,0.0,-0.0001060299057080126,106893.0,91365.0,45473264.10295899,21429759.857053,VAW,IYM,Materials
2022-05-24,5.204061575680279,4.915665056505029,182.00999,136.41,-0.005356,-0.008432,0.0,0.0,-0.00535559290914312,-0.008432143023032418,0.0,0.0030765501138892972,140906.0,87873.0,44430966.968006,21277991.109553,VAW,IYM,Materials
2022-05-25,5.210360087788895,4.925222638470323,183.16,137.72,0.006318,0.009603,0.0,0.0,0.006318389446645288,0.009603401510153214,0.0,-0.003285012063507926,84175.0,74261.0,43351302.091025494,20761414.633052997,VAW,IYM,Materials
2022-05-26,5.2308412014231225,4.944637931589103,186.95,140.42,0.020692,0.019605,0.0,0.0,0.020692290893208003,0.019604995643334303,0.0,0.0010872952498737001,106952.0,86732.0,43452373.0957175,20382814.299053,VAW,IYM,Materials
2022-05-27,5.254522154309948,4.968771159514413,191.42999,143.85001,0.023964,0.024427,0.0,0.0,0.023963573147900673,0.02442679105540521,0.0,-0.0004632179075045387,79972.0,89748.0,43138412.807731494,20253186.425483502,VAW,IYM,Materials
2022-05-31,5.237398898438008,4.953429820325477,188.17999,141.66,-0.016978,-0.015224,-371467300.26,-7083000.0,-0.10821720976975012,-0.021379108698011212,-364384300.26,-0.08683810107173891,186629.0,308017.0,42841243.593417004,21348743.451481,VAW,IYM,Materials
2022-06-01,5.2293423520445055,4.944566714126551,186.67,140.41,-0.008024,-0.008824,0.0,0.0,-0.008024179403984567,-0.008823944656219116,0.0,0.0007997652522345484,180401.0,121838.0,43214931.7413205,20951349.578407504,VAW,IYM,Materials
2022-06-02,5.255775143282362,4.970160461530537,191.67,144.05,0.026785,0.025924,0.0,0.0,0.026785235977928968,0.02592407948151841,0.0,0.0008611564964105568,97528.0,129792.0,42955074.4988205,20605334.270121,VAW,IYM,Materials
2022-06-03,5.2457074162757396,4.957726660663075,189.75,142.27,-0.010017,-0.012357,0.0,0.0,-0.010017217091876536,-0.012356820548420687,0.0,0.0023396034565441506,69775.0,100047.0,42486010.04618999,20054556.624621,VAW,IYM,Materials
2022-06-06,5.255305475954746,4.966822790792034,191.58,143.57001,0.009644,0.009138,0.0,0.0,0.009644268774703688,0.009137625641386097,0.0,0.0005066431333175907,116215.0,57557.0,42596172.78219,18831252.3303995,VAW,IYM,Materials
2022-06-07,5.264398573344411,4.97680263659904,193.33,145.00999,0.009135,0.01003,0.0,0.0,0.009134565194696732,0.010029810543302185,0.0,-0.0008952453486054529,96060.0,129002.0,41589177.45419,18375363.773303997,VAW,IYM,Materials
2022-06-08,5.2411118927772575,4.952794365042838,188.88,141.57001,-0.023018,-0.023722,0.0,0.0,-0.02301763823514211,-0.023722365610810675,0.0,0.0007047273756685644,101455.0,75250.0,26190410.833192997,17707216.686429,VAW,IYM,Materials
2022-06-09,5.21520745982503,4.91976192374673,184.05,136.97,-0.025572,-0.026662,0.0,0.0,-0.025571791613723,-0.032492828106743796,0.0,0.006921036493020796,113107.0,88616.0,25593255.120692994,17466421.526429,VAW,IYM,Materials
2022-06-10,5.184308449936169,4.893951653883173,178.45,133.48,-0.030427,-0.02548,0.0,0.0,-0.030426514534093996,-0.025480032123822844,0.0,-0.004946482410271152,92235.0,636988.0,23976303.045692995,20573413.955429,VAW,IYM,Materials
2022-06-13,5.141020074658817,4.845760650906022,170.89,127.2,-0.042365,-0.047048,0.0,0.0,-0.04236480806948739,-0.047048246928378674,0.0,0.004683438858891283,157085.0,146515.0,20411389.618692994,20450065.808503997,VAW,IYM,Materials
2022-06-14,5.132144711493453,4.84119047511598,169.38,126.62,-0.008836,-0.00456,0.0,0.0,-0.008836093393410823,-0.004559748427672956,0.0,-0.004276344965737867,207308.0,936491.0,21258084.190693,25404290.329504,VAW,IYM,Materials
2022-06-15,5.13326587989173,4.8371545419677835,169.57001,126.11,0.001122,-0.004028,0.0,0.0,0.0011217971425197956,-0.004027799715684726,0.0,0.0051495968582045215,234478.0,337979.0,22239966.318931997,26308188.9995215,VAW,IYM,Materials
2022-06-16,5.092215281088679,4.800325700762133,162.75,121.55,-0.040219,-0.036159,0.0,0.0,-0.04021943502863509,-0.0361589088890651,0.0,-0.004060526139569989,233546.0,381906.0,23230439.541931994,28115281.5995215,VAW,IYM,Materials
2022-06-17,5.09252245356844,4.7969469015528015,162.8,121.14,0.000307,-0.003373,0.0,0.0,0.00030721966205837174,-0.0033730974907445494,0.0,0.003680317152802921,214578.0,510821.0,24235641.408931993,29830788.872959,VAW,IYM,Materials
2022-06-21,5.104307769958891,4.808763878057586,164.73,122.58,0.011855,0.011887,0.0,0.0,0.011855036855036855,0.01188707280832095,0.0,-3.203595328409546e-05,260219.0,264131.0,25572935.582431994,30442296.008959003,VAW,IYM,Materials
2022-06-22,5.092215281088679,4.789489745444719,162.75,120.24,-0.01202,-0.01909,0.0,0.0,-0.012019668548533965,-0.01908957415565345,0.0,0.0070699056071194845,210107.0,219103.0,26304663.7379855,31131089.046776503,VAW,IYM,Materials
2022-06-23,5.072858637276387,4.7683089233652725,159.63,117.72,-0.013128,-0.020958,0.0,0.0,-0.019170506912442396,-0.020958083832335328,0.0,0.0017875769198929317,361272.0,184409.0,27905841.223438494,31617182.624276496,VAW,IYM,Materials
2022-06-24,5.112650219502986,4.809660848803092,166.11,122.69,0.040594,0.042219,0.0,0.0,0.04059387333208059,0.04221882432891607,0.0,-0.0016249509968354822,132448.0,195707.0,28235013.4374385,32306385.9697765,VAW,IYM,Materials
2022-06-27,5.107762004826979,4.80172332502877,165.3,121.72,-0.004876,-0.007906,0.0,0.0,-0.0048762867979051504,-0.007906104817018502,0.0,0.0030298180191133516,245232.0,195822.0,29262122.097438503,32889213.289776497,VAW,IYM,Materials
2022-06-28,5.096445950509366,4.790653406119625,163.44,120.38,-0.011252,-0.011009,0.0,0.0,-0.011252268602540834,-0.011008872822872166,0.0,-0.00024339577966866859,191047.0,160343.0,30057906.2234245,33208805.2719025,VAW,IYM,Materials
2022-06-29,5.087904929587556,4.781138268809871,162.05,119.24,-0.008505,-0.00947,0.0,0.0,-0.008504650024473813,-0.009470011629838843,0.0,0.0009653616053650303,99826.0,467222.0,29110754.220738996,33812698.4249025,VAW,IYM,Materials
2022-06-30,5.076485517076697,4.768393867090105,160.21001,117.73,-0.011355,-0.012664,-11695330.73,17659500.0,-0.015095057885217976,0.005965454165690885,-29354830.73,-0.02106051205090886,328056.0,532553.0,30054874.239267,36092207.9804025,VAW,IYM,Materials
2022-07-01,5.08258379340884,4.770515118574929,161.19,117.98,0.006117,0.002124,0.0,0.0,0.006116908675057183,0.002123502930434044,0.0,0.003993405744623139,281623.0,251506.0,31389955.219766997,36641014.9944025,VAW,IYM,Materials
2022-07-05,5.062151833562769,4.742842991113164,157.92999,114.76,-0.020225,-0.027293,0.0,0.0,-0.020224641727154304,-0.027292761484997458,0.0,0.007068119757843154,284369.0,279801.0,32973484.5735825,37534828.797902495,VAW,IYM,Materials
2022-07-06,5.067078700527468,4.7477108727702015,158.71001,115.32,0.004939,0.00488,0.0,0.0,0.004939023930793663,0.004879749041477867,0.0,5.9274889315796137e-05,193941.0,287637.0,33399279.991052996,38780170.786624,VAW,IYM,Materials
2022-07-07,5.079788214996839,4.763199050213001,160.74001,117.12,0.012791,0.015609,0.0,0.0,0.012790623603388344,0.015608740894901144,0.0,-0.0028181172915128,144172.0,149673.0,33629426.437139,38721326.938125,VAW,IYM,Materials
2022-07-08,5.069344419775672,4.753676394287315,159.07001,116.01,-0.010389,-0.009477,0.0,0.0,-0.010389448152952088,-0.009477459016393443,0.0,-0.0009119891365586448,108822.0,95750.0,33536801.248549998,38744067.6505,VAW,IYM,Materials
2022-07-11,5.064555136085686,4.748924149632788,158.31,115.46,-0.004778,-0.004741,0.0,0.0,-0.0047778333577775094,-0.004740970605982243,0.0,-3.686275179526615e-05,91677.0,135656.0,33221603.374550004,38920323.0625,VAW,IYM,Materials
2022-07-12,5.0637335618721515,4.743191483885466,158.17999,114.8,-0.000821,-0.005716,0.0,0.0,-0.0008212368138462635,-0.005716265373289451,0.0,0.004895028559443188,735996.0,132183.0,38219628.583052,35427795.5705,VAW,IYM,Materials
2022-07-13,5.060821309009427,4.738914056037687,157.72,114.31,-0.002908,-0.004268,0.0,0.0,-0.002908016367936286,-0.00426829268292683,0.0,0.0013602763149905437,850048.0,154810.0,43580894.32855199,35380776.7255,VAW,IYM,Materials
2022-07-14,5.042715187559668,4.715279408668121,154.89,111.64,-0.017943,-0.023358,0.0,0.0,-0.017943190464113776,-0.023357536523488757,0.0,0.005414346059374981,179891.0,290234.0,43218368.726052,31071938.392499994,VAW,IYM,Materials
2022-07-15,5.057709701482184,4.73409096605493,157.23,113.76,0.015108,0.01899,0.0,0.0,0.015107495642068727,0.01898960945897528,0.0,-0.0038821138169065524,131090.0,155053.0,42260910.920813,29822753.272000004,VAW,IYM,Materials
2022-07-18,5.061138276269363,4.740312779930385,157.77,114.47,0.003435,0.006241,0.0,0.0,0.0034344590726960505,0.006241209563994374,0.0,-0.0028067504912983234,178023.0,166042.0,41764764.781312995,28452060.944000006,VAW,IYM,Materials
2022-07-19,5.091539169320091,4.770684624465665,162.64,118.0,0.030868,0.030838,0.0,0.0,0.030867718831209832,0.030837774089281036,0.0,2.9944741928796675e-05,116514.0,95325.0,40965591.709313,25920435.647,VAW,IYM,Materials
2022-07-20,5.094302195668827,4.770260805853684,163.09,117.95,0.002767,-0.000424,0.0,0.0,0.0027668470241024646,-0.000423728813559322,0.0,0.0031905758376617865,243185.0,126548.0,40805349.998312995,25047893.578,VAW,IYM,Materials
2022-07-21,5.108306321269702,4.7825629495452935,165.39,119.41,0.014103,0.012378,0.0,0.0,0.014102642712612516,0.012378126324713861,0.0,0.0017245163878986548,85177.0,95465.0,39799975.487312995,24300620.1245,VAW,IYM,Materials
2022-07-22,5.0993785039306445,4.769242907725249,163.92,117.83,-0.008888,-0.013232,0.0,0.0,-0.00888808271358607,-0.013231722636295117,0.0,0.004343639922709046,70103.0,121700.0,37491047.20731299,23932184.300499998,VAW,IYM,Materials
2022-07-25,5.10594547390058,4.7748285688286485,165.0,118.49,0.006589,0.005601,0.0,0.0,0.006588579795022114,0.005601289994059238,0.0,0.0009872898009628756,51730.0,64795.0,36817772.84331299,23115497.6865,VAW,IYM,Materials
2022-07-26,5.100841561982405,4.770006428441026,164.16,117.92,-0.005091,-0.004811,0.0,0.0,-0.005090909090909091,-0.004810532534391088,0.0,-0.00028037655651800327,86670.0,72656.0,35502317.723313,22352104.770499997,VAW,IYM,Materials
2022-07-27,5.114394468290953,4.7892402133161625,166.39999,120.21,0.013645,0.01942,0.0,0.0,0.013645163255360611,0.019419945725915874,0.0,-0.005774782470555262,102175.0,161266.0,34791177.5882255,22356289.5465,VAW,IYM,Materials
2022-07-28,5.129957825602038,4.804758477680764,169.00999,122.09,0.015685,0.015639,0.0,0.0,0.01568509709646016,0.015639297895349805,0.0,4.579920111035668e-05,69926.0,150648.0,34573247.0512625,20490342.6985,VAW,IYM,Materials
2022-07-29,5.144758178421734,4.824064723012886,171.53,124.47,0.01491,0.019494,-291601000.0,-74682000.0,-0.07485326072792692,-0.056024244409861576,-216919000.0,-0.018829016318065342,93199.0,224478.0,32744675.5227345,18752508.297,VAW,IYM,Materials
2022-08-01,5.136915460006586,4.814214812922799,170.19,123.25,-0.007812,-0.009802,0.0,0.0,-0.007812044540313648,-0.00980155860850004,0.0,0.0019895140681863927,123311.0,147139.0,31524249.908734493,18175618.4905,VAW,IYM,Materials
2022-08-02,5.126638969852562,4.805086051182997,168.45,122.13,-0.010224,-0.009087,0.0,0.0,-0.010223867442270404,-0.009087221095334686,0.0,-0.0011366463469357178,91902.0,441324.0,30052774.837418992,19265065.3585,VAW,IYM,Materials
2022-08-03,5.126342042425802,4.805331660910377,168.39999,122.16,-0.000297,0.000246,0.0,0.0,-0.0002968833481745454,0.00024563989191844754,0.0,-0.000542523240092993,120726.0,124039.0,29530268.794585496,18364180.628500003,VAW,IYM,Materials
2022-08-04,5.126223329909518,4.812346943780222,168.38,123.02,-0.000119,0.00704,0.0,0.0,-0.00011870547023190335,0.007039947609692207,0.0,-0.00715865307992411,54514.0,148425.0,28830511.724499494,18400657.7155,VAW,IYM,Materials
2022-08-05,5.130371975698589,4.820200917191751,169.08,123.99,0.004157,0.007885,0.0,0.0,0.004157263332937404,0.007884896764753698,0.0,-0.0037276334318162947,57424.0,362800.0,28450458.3890885,20094438.4405,VAW,IYM,Materials
2022-08-08,5.137855202809645,4.8247072417081895,170.35001,124.55,0.007511,0.004517,0.0,0.0,0.007511296427726533,0.004516493265585934,0.0,0.0029948031621405986,62453.0,135648.0,28256732.554314993,20156044.2725,VAW,IYM,Materials
2022-08-09,5.1333837593553096,4.82326099366565,169.59,124.37,-0.004461,-0.001445,0.0,0.0,-0.004461461434607501,-0.0014452027298273785,0.0,-0.0030162587047801222,45676.0,104667.0,22823050.200312994,20048185.592,VAW,IYM,Materials
2022-08-10,5.161924741642482,4.84960545143659,174.5,127.69,0.028952,0.026695,0.0,0.0,0.028952178784126422,0.026694540484039558,0.0,0.0022576383000868644,66565.0,112994.0,16700351.297312995,19884779.229999997,VAW,IYM,Materials
2022-08-11,5.165528555284573,4.852264611458088,175.13,128.03,0.00361,0.002663,0.0,0.0,0.0036103151862464183,0.0026626987234709062,0.0,0.000947616462775512,56656.0,115387.0,15803293.711812997,19003342.9225,VAW,IYM,Materials
2022-08-12,5.185036680089071,4.868994921909306,178.58,130.19,0.0197,0.016871,0.0,0.0,0.019699651687317993,0.016871045848629227,0.0,0.0028286058386887657,51205.0,88825.0,15229939.121812996,18699607.796,VAW,IYM,Materials
2022-08-15,5.184028164092096,4.8647613782733465,178.39999,129.64,-0.001008,-0.004225,0.0,0.0,-0.0010080076156344618,-0.004224594822951193,0.0,0.0032165872073167314,48474.0,556857.0,14257992.742075998,21358813.483000003,VAW,IYM,Materials
2022-08-16,5.191233143938362,4.8722157835894295,179.69,130.61,0.007231,0.007482,0.0,0.0,0.007230998163172555,0.007482258562172415,0.0,-0.00025126039899985974,63475.0,74055.0,13880792.031575996,21280012.1605,VAW,IYM,Materials
2022-08-17,5.1756976530001255,4.855851158122455,176.92,128.49001,-0.015416,-0.016232,0.0,0.0,-0.015415437698258112,-0.01623145241558839,0.0,0.0008160147173302788,95250.0,63726.0,12740321.449075997,20943103.049363,VAW,IYM,Materials
2022-08-18,5.180603022282345,4.86151637813002,177.78999,129.22,0.004917,0.005681,0.0,0.0,0.0049174203029617785,0.005681297713339613,0.0,-0.0007638774103778346,111843.0,426127.0,13030178.540154498,23126335.813863,VAW,IYM,Materials
2022-08-19,5.160605820672551,4.841269448462517,174.27,126.63,-0.019799,-0.020043,0.0,0.0,-0.019798583711040187,-0.020043336944745395,0.0,0.0002447532337052083,62237.0,77713.0,12997916.451654498,22901380.123363,VAW,IYM,Materials
2022-08-22,5.143591521344882,4.825670246356884,171.33,124.67,-0.01687,-0.015478,0.0,0.0,-0.01687037355827165,-0.015478164731896076,0.0,-0.0013922088263755728,73907.0,66303.0,13204268.267154496,22930801.896362998,VAW,IYM,Materials
2022-08-23,5.1536961947169955,4.83834327293948,173.07001,126.26,0.010156,0.012754,0.0,0.0,0.01015589797466878,0.012753669687976258,0.0,-0.0025977717133074778,225475.0,82551.0,14444028.932391996,23023566.583363,VAW,IYM,Materials
2022-08-24,5.157272101065921,4.841822087327094,173.69,126.7,0.003582,0.003485,0.0,0.0,0.003582307529767854,0.003484872485347695,0.0,9.743504442015884e-05,57206.0,76549.0,14090738.4904795,22539215.205362998,VAW,IYM,Materials
2022-08-25,5.181165381737178,4.866456947080341,177.89,129.86,0.024181,0.024941,0.0,0.0,0.024181012148079755,0.024940805051302414,0.0,-0.0007597929032226586,62212.0,59099.0,14053173.496442497,22003314.296363004,VAW,IYM,Materials
2022-08-26,5.150339321750911,4.836995937685135,172.49001,126.09,-0.030356,-0.029031,0.0,0.0,-0.030355781662825182,-0.02903126443862633,0.0,-0.0013245172241988512,66222.0,85698.0,13824983.945053497,21146558.504363,VAW,IYM,Materials
2022-08-29,5.143357968129368,4.830072190317164,171.28999,125.22,-0.006957,-0.0069,0.0,0.0,-0.006957040584553298,-0.006899833452295979,0.0,-5.720713225731977e-05,58081.0,91566.0,13273103.686012996,20813109.142862998,VAW,IYM,Materials
2022-08-30,5.124440056536745,4.804348859848469,168.08,122.04,-0.01874,-0.025395,0.0,0.0,-0.018740091000063682,-0.02539530426449449,0.0,0.006655213264430807,69352.0,207152.0,13081893.299012996,19382205.640862998,VAW,IYM,Materials
2022-08-31,5.1127104187625525,4.7919816480548985,166.12,120.54,-0.011661,-0.012291,-20765000.0,-12054000.0,-0.018712215905949917,-0.02546050475254015,-8711000.0,0.0067482888465902335,71327.0,101138.0,12657822.501375997,19234134.154863,VAW,IYM,Materials
2022-09-01,5.0976077814408045,4.773984259423544,163.63,118.39,-0.014989,-0.017836,0.0,0.0,-0.014989164459426921,-0.017836402853824457,0.0,0.0028472383943975357,142933.0,169297.0,13368275.474875998,19323325.571363,VAW,IYM,Materials
2022-09-02,5.096874089388154,4.774575350848819,163.50999,118.46,-0.000733,0.000591,0.0,0.0,-0.0007334229664487087,0.0005912661542359996,0.0,-0.0013246891206847083,109045.0,114156.0,13774310.321853494,17750292.959363,VAW,IYM,Materials
2022-09-06,5.093197901078078,4.7733082982655715,162.91,118.31,-0.003669,-0.001266,0.0,0.0,-0.00366943940244873,-0.001266250211041702,0.0,-0.0024031891914070283,132070.0,139115.0,14318143.048126996,17728479.821863,VAW,IYM,Materials
2022-09-07,5.120445893427694,4.7966992235329595,167.41,121.11,0.027623,0.023667,0.0,0.0,0.02762261371309312,0.023666638492097034,0.0,0.0039559752209960865,110870.0,76115.0,14858870.741126996,17538522.464863,VAW,IYM,Materials
2022-09-08,5.1294843687385185,4.807457755422924,168.92999,122.42,0.009079,0.010817,0.0,0.0,0.009079445672301522,0.01081661299644951,0.0,-0.0017371673241479875,97515.0,145106.0,15101751.514869496,17705306.097863,VAW,IYM,Materials
2022-09-09,5.146680191885077,4.82895353258964,171.86,125.08,0.017345,0.021729,0.0,0.0,0.017344522426124588,0.02172847573925829,0.0,-0.0043839533131337025,48437.0,54364.0,15021862.391869497,17306648.673363,VAW,IYM,Materials
2022-09-12,5.154851071522756,4.8338185579367465,173.27,125.69,0.008204,0.004877,0.0,0.0,0.008204352379844059,0.004876878797569556,0.0,0.003327473582274503,94083.0,79346.0,15379741.017369498,17227092.272863,VAW,IYM,Materials
2022-09-13,5.116555593046176,4.7962862904635415,166.75999,121.06,-0.037572,-0.036837,0.0,0.0,-0.03757147804005311,-0.03683666162781447,0.0,-0.0007348164122386452,109649.0,47883.0,15861606.268781995,13907380.997863,VAW,IYM,Materials
2022-09-14,5.102241653521419,4.78130598369496,164.39,119.26,-0.014212,-0.014869,0.0,0.0,-0.014211982142718993,-0.014868660168511481,0.0,0.0006566780257924888,98270.0,80764.0,16099045.396281997,13905360.552362999,VAW,IYM,Materials
2022-09-15,5.090062366151221,4.76575725063604,162.39999,117.42,-0.012105,-0.015429,0.0,0.0,-0.012105420037715203,-0.015428475599530438,0.0,0.003323055561815235,99877.0,119545.0,16067465.086343497,14197801.5285,VAW,IYM,Materials
2022-09-16,5.072294611802776,4.7534177624482945,159.53999,115.98,-0.017611,-0.012264,0.0,0.0,-0.017610838522834883,-0.012263668880940215,0.0,-0.005347169641894668,168925.0,71949.0,16420751.434302498,11861827.2325,VAW,IYM,Materials
2022-09-19,5.090985646749915,4.771616393623756,162.55,118.11,0.018867,0.018365,0.0,0.0,0.018866805745694243,0.018365235385411276,0.0,0.0005015703602829664,88694.0,59905.0,16599309.819802497,11723556.3505,VAW,IYM,Materials
2022-09-20,5.069470079817148,4.751864565138895,159.09,115.8,-0.021286,-0.019558,0.0,0.0,-0.021285758228237465,-0.019558039116078233,0.0,-0.0017277191121592324,165012.0,67244.0,17278773.458302494,11699599.36,VAW,IYM,Materials
2022-09-21,5.048444755491802,4.730921391293652,155.78,113.4,-0.020806,-0.020725,0.0,0.0,-0.02080583317618958,-0.02072538860103627,0.0,-8.044457515330936e-05,68030.0,66035.0,15857511.103064999,11552873.347,VAW,IYM,Materials
2022-09-22,5.034547114142568,4.719837260966218,153.63,112.15,-0.013802,-0.011023,0.0,0.0,-0.013801514956990628,-0.011022927689594356,0.0,-0.0027785872673962726,400814.0,406090.0,18439558.337064996,13345085.106999999,VAW,IYM,Materials
2022-09-23,5.011501585424214,4.693364196724008,150.13,109.22,-0.022782,-0.026126,0.0,0.0,-0.02278200872225477,-0.026125724476148016,0.0,0.003343715753893247,249497.0,190648.0,19759062.933565,14002484.028,VAW,IYM,Materials
2022-09-26,4.9953862833335165,4.668895876868636,147.73,106.58,-0.015986,-0.017611,0.0,0.0,-0.01598614534070472,-0.024171397180003662,0.0,0.00818525183929894,193148.0,407508.0,20614618.963453997,15633811.118999999,VAW,IYM,Materials
2022-09-27,4.997279771486093,4.674696248636701,148.00999,107.2,0.001895,0.005817,0.0,0.0,0.001895281933256602,0.0058172264965284295,0.0,-0.003921944563271828,256254.0,202778.0,22013591.866867498,16147406.473000001,VAW,IYM,Materials
2022-09-28,5.018934096910951,4.701661486176852,151.25,110.13,0.027237,0.027332,0.0,0.0,0.02189048185193447,0.027332089552238807,0.0,-0.0054416077003043364,162160.0,210674.0,22657092.658867497,16043441.35,VAW,IYM,Materials
2022-09-29,5.0028047149810675,4.685366727982368,148.83,108.35,-0.016,-0.016163,0.0,0.0,-0.016,-0.01616271678924907,0.0,0.00016271678924906913,162470.0,107732.0,23273671.101867497,16017520.734000001,VAW,IYM,Materials
2022-09-30,5.000046092541988,4.683611612294654,148.42,108.16,-0.002755,-0.001754,-92762499.99999999,-5408000.0,-0.03858364577652188,-0.008498484640616621,-87354499.99999999,-0.03008516113590526,166146.0,73050.0,23337234.228367496,15410421.5425,VAW,IYM,Materials
2022-10-03,5.034482020570536,4.719837260966218,153.62,112.15,0.035036,0.03689,0.0,0.0,0.03503570947311683,0.03688979289940828,0.0,-0.001854083426291453,272411.0,391880.0,24538125.776389997,16931742.6545,VAW,IYM,Materials
2022-10-04,5.070035574555739,4.7562590403509475,159.17999,116.31,0.036193,0.037093,0.0,0.0,0.036193138914203865,0.037093178778421755,0.0,-0.00090003986421789,190744.0,151199.0,24980480.992017996,16988105.6565,VAW,IYM,Materials
2022-10-05,5.0603773225594155,4.743975148865274,157.64999,114.89,-0.009612,-0.012209,0.0,0.0,-0.00961176087522056,-0.01220875247184249,0.0,0.0025969915966219306,68382.0,78267.0,24591464.737826996,16976796.0555,VAW,IYM,Materials
2022-10-06,5.050496891582883,4.733915141878653,156.10001,113.74,-0.009832,-0.01001,0.0,0.0,-0.009831779881495683,-0.010009574375489598,0.0,0.00017779449399391543,113584.0,97837.0,24654327.515876498,16645001.248499999,VAW,IYM,Materials
2022-10-07,5.02335406650403,4.70817793606232,151.92,110.85,-0.026778,-0.025409,0.0,0.0,-0.026777768944409436,-0.02540882714963953,0.0,-0.0013689417947699081,72864.0,46591.0,24791583.318876497,16563239.41,VAW,IYM,Materials
2022-10-10,5.028278729268851,4.714562562759288,152.67,111.56,0.004937,0.006405,0.0,0.0,0.0049368088467614535,0.006405051871898963,0.0,-0.0014682430251375094,117050.0,81303.0,24869996.423376497,16518097.607000003,VAW,IYM,Materials
2022-10-11,5.022432103975767,4.706552800276694,151.78,110.67,-0.00583,-0.007978,0.0,0.0,-0.00582956704002096,-0.007977769809967731,0.0,0.0021482027699467705,127992.0,89326.0,24927074.404200997,16722547.228999998,VAW,IYM,Materials
2022-10-12,5.0145609120987285,4.700480365792417,150.59,110.0,-0.00784,-0.006054,0.0,0.0,-0.007840295164053235,-0.00605403451703262,0.0,-0.0017862606470206155,94639.0,85307.0,24831928.489700995,16710139.997,VAW,IYM,Materials
2022-10-13,5.043231549799244,4.7295977643631435,154.97,113.25,0.029086,0.029546,0.0,0.0,0.029085596653164222,0.029545454545454545,0.0,-0.0004598578922903225,94640.0,129153.0,24754245.339639496,16739620.164499998,VAW,IYM,Materials
2022-10-14,5.0106352940962555,4.694004899688582,150.0,109.29,-0.032071,-0.034967,0.0,0.0,-0.03207072336581274,-0.034966887417218546,0.0,0.00289616405140581,80415.0,67888.0,24009843.199101996,16693361.889500001,VAW,IYM,Materials
2022-10-17,5.035197816924508,4.717963013463214,153.73,111.94,0.024867,0.024247,0.0,0.0,0.024866666666666665,0.024247415134047032,0.0,0.0006192515326196336,65466.0,69975.0,23792187.123101998,16731242.987,VAW,IYM,Materials
2022-10-18,5.0548435487605765,4.736373871603436,156.78,114.02,0.01984,0.018581,0.0,0.0,0.019839979184284134,0.01858138288368769,0.0,0.0012585963005964443,85048.0,87580.0,23146290.441101998,16841193.807,VAW,IYM,Materials
2022-10-19,5.040647132859832,4.723486412806134,154.57001,112.56,-0.014096,-0.012805,0.0,0.0,-0.014096121954330895,-0.012804771092790738,0.0,-0.001291350861540157,60055.0,59972.0,23080539.868629497,16804297.773,VAW,IYM,Materials
2022-10-20,5.0342867144275365,4.723752901815039,153.59,112.59,-0.00634,0.000267,0.0,0.0,-0.006340233787912689,0.00026652452025586353,0.0,-0.006606758308168552,69877.0,110531.0,20538307.549129494,15149382.3625,VAW,IYM,Materials
2022-10-21,5.0697214782220925,4.7622594012308666,159.13,117.01,0.03607,0.039258,0.0,0.0,0.03607005664431278,0.03925748290256684,0.0,-0.003187426258254057,82445.0,71955.0,19321431.961129498,14529226.362,VAW,IYM,Materials
2022-10-24,5.065817619722297,4.75298656068231,158.50999,115.93,-0.003896,-0.00923,0.0,0.0,-0.0038962483504053434,-0.00922998034356038,0.0,0.005333731993155037,87782.0,89063.0,18590460.456238497,12873869.909500001,VAW,IYM,Materials
2022-10-25,5.087411132898305,4.775081722705364,161.97,118.52,0.021828,0.022341,0.0,0.0,0.021828340283158193,0.02234106788579315,0.0,-0.0005127276026349568,52308.0,71398.0,17117669.195365496,12210084.3775,VAW,IYM,Materials
2022-10-26,5.094179617796542,4.782646691118846,163.07001,119.42,0.006791,0.007594,0.0,0.0,0.006791442859788864,0.007593655079311508,0.0,-0.000802212219522644,72548.0,46691.0,16482854.349639496,11328799.9575,VAW,IYM,Materials
2022-10-27,5.091416190779691,4.7789554117597595,162.62,118.98,-0.00276,-0.003684,0.0,0.0,-0.002759612267148339,-0.0036844749623178696,0.0,0.0009248626951695307,73696.0,84506.0,15873056.020639498,11247888.0415,VAW,IYM,Materials
2022-10-28,5.09925642473697,4.7839019739314885,163.89999,119.57,0.007871,0.004959,0.0,0.0,0.007871049071454911,0.0049588166078332494,0.0,0.0029122324636216617,57380.0,47512.0,15110315.625949498,11136884.1335,VAW,IYM,Materials
2022-10-31,5.091662132738629,4.7748285688286485,162.66,118.49,-0.007566,-0.009032,-40665000.0,-23698000.0,-0.02235943543990612,-0.03599747166575922,-16967000.0,0.013638036225853103,121468.0,89598.0,14005825.978949497,9470240.3845,VAW,IYM,Materials
2022-11-01,5.094608727872434,4.780383203544751,163.14,119.15,0.002951,0.00557,0.0,0.0,0.002950940612320177,0.0055700903029791545,0.0,-0.0026191496906589774,63715.0,66601.0,13007417.833321497,8987718.057500001,VAW,IYM,Materials
2022-11-02,5.0641129310695465,4.74987640698735,158.24001,115.57,-0.030036,-0.030046,0.0,0.0,-0.0300354909893343,-0.03004616030214016,0.0,1.066931280585895e-05,66576.0,77266.0,12995146.097800497,8984594.857,VAW,IYM,Materials
2022-11-03,5.070726377527965,4.753245304053455,159.28999,115.96,0.006635,0.003375,0.0,0.0,0.006635363584721685,0.003374578177727784,0.0,0.0032607854069939012,67117.0,556655.0,12643176.233949998,11655681.528,VAW,IYM,Materials
2022-11-04,5.1066119184437415,4.798184372320789,165.11,121.29,0.036537,0.045964,0.0,0.0,0.03653719860237296,0.04596412556053812,0.0,-0.00942692695816516,83749.0,83210.0,12781091.159449996,11902077.9555,VAW,IYM,Materials
2022-11-07,5.114394468290953,4.804348859848469,166.39999,122.04,0.007813,0.006184,0.0,0.0,0.007812912603718719,0.006183527083848627,0.0,0.001629385519870092,49924.0,58648.0,12302957.639487997,11806439.9175,VAW,IYM,Materials
2022-11-08,5.130726774354076,4.822134686225586,169.14,124.23,0.016466,0.017945,0.0,0.0,0.016466407239567757,0.017944936086529008,0.0,-0.001478528846961251,82783.0,82254.0,12031722.182487998,11823075.2175,VAW,IYM,Materials
2022-11-09,5.111023468127524,4.799090878625398,165.84,121.4,-0.019511,-0.02278,0.0,0.0,-0.019510464703795673,-0.022780326813169122,0.0,0.0032698621093734496,92160.0,87755.0,12083328.551987996,11886559.567499999,VAW,IYM,Materials
2022-11-10,5.164385836736449,4.853903586280085,174.92999,128.24001,0.054812,0.056343,0.0,0.0,0.054811806560540265,0.05634275123558498,0.0,-0.001530944675044714,73439.0,294839.0,11992344.688768497,13045738.520419499,VAW,IYM,Materials
2022-11-11,5.177617524895943,4.8703765616746875,177.25999,130.37,0.01332,0.016609,0.0,0.0,0.013319614321134987,0.01660940294686489,0.0,-0.0032897886257299037,90631.0,377007.0,12192494.696452996,15132284.673919503,VAW,IYM,Materials
2022-11-14,5.176771008468541,4.871143315277656,177.11,130.47,-0.000846,0.000767,0.0,0.0,-0.0008461582334513147,0.0007670476336580502,0.0,-0.0016132058671093647,174729.0,223770.0,13236602.946952995,16200398.1939195,VAW,IYM,Materials
2022-11-15,5.17581069205524,4.866918876413368,176.94,129.92,-0.00096,-0.004216,0.0,0.0,-0.0009598554570605838,-0.00421552847397882,0.0,0.0032556730169182365,356280.0,59296.0,15721920.834952995,16086291.4299195,VAW,IYM,Materials
2022-11-16,5.165756930963556,4.856629048282348,175.17,128.59,-0.010003,-0.010237,0.0,0.0,-0.010003390979993218,-0.010237068965517114,0.0,0.0002336779855238967,55767.0,27635.0,15746221.006925497,15926448.2464195,VAW,IYM,Materials
2022-11-17,5.1572144679928815,4.846075066880943,173.67999,127.24,-0.008506,-0.010499,0.0,0.0,-0.008506079808186346,-0.010498483552375768,0.0,0.001992403744189422,58278.0,39835.0,15715686.708286498,15557644.251919499,VAW,IYM,Materials
2022-11-18,5.163814073209558,4.850075229083814,174.83,127.75,0.006621,0.004008,0.0,0.0,0.0066214305977332355,0.004008173530336372,0.0,0.002613257067396863,44805.0,18796.0,15451375.973286498,15256730.9744195,VAW,IYM,Materials
2022-11-21,5.1664987919271885,4.855461869221313,175.3,128.44,0.002688,0.005401,0.0,0.0,0.0026883258022078593,0.005401174168297456,0.0,-0.0027128483660895965,44786.0,67022.0,15148209.066177499,15170892.5789195,VAW,IYM,Materials
2022-11-22,5.189060380611087,4.880450675722129,179.3,131.69,0.022818,0.025304,0.0,0.0,0.022818026240730177,0.025303643724696356,0.0,-0.0024856174839661786,61481.0,36213.0,15275769.893177498,14986232.5294195,VAW,IYM,Materials
2022-11-23,5.193178992881518,4.882271403097911,180.03999,131.92999,0.004127,0.001822,0.0,0.0,0.004127105409927483,0.0018223859062950869,0.0,0.0023047195036323964,56812.0,28226.0,15195671.334497496,14893633.363306498,VAW,IYM,Materials
2022-11-25,5.19267903452504,4.879691028162049,179.95,131.59,-0.0005,-0.002577,0.0,0.0,-0.0004998333981244816,-0.0025770486301105607,0.0,0.002077215231986079,18195.0,6506.0,14760158.670997497,14433713.3963065,VAW,IYM,Materials
2022-11-28,5.168948726206755,4.856024619598781,175.73,128.5123,-0.023451,-0.023389,0.0,0.0,-0.023450958599611004,-0.02338855536134952,0.0,-6.240323826148253e-05,99909.0,22242.0,15167780.028187495,14292581.433136502,VAW,IYM,Materials
2022-11-29,5.173547422947698,4.861748513388538,176.53999,129.25,0.004609,0.00574,0.0,0.0,0.004609286974335615,0.005740306569876838,0.0,-0.0011310195955412227,74981.0,84504.0,14841738.033696998,14307865.1821365,VAW,IYM,Materials
2022-11-30,5.1972808223702645,4.8846940707384086,180.78,132.25,0.024017,0.023211,54414780.0,-178537500.0,0.04267409047913928,-0.169982821820346,232952280.0,0.21265691229948527,49023.0,67756.0,14765133.675696999,14359126.274636501,VAW,IYM,Materials
2022-12-01,5.19833127167211,4.886129712679046,180.97,132.44,0.001051,0.001437,0.0,0.0,0.0010510012169487775,0.0014366729678638942,0.0,-0.00038567175091511674,86564.0,184059.0,15021658.684408996,15131483.3916365,VAW,IYM,Materials
2022-12-02,5.210687616587062,4.8969438763431254,183.22,133.88,0.012433,0.010873,0.0,0.0,0.012432999944742222,0.010872848082150407,0.0,0.0015601518625918149,50477.0,50148.0,14949525.168467497,12239688.413636502,VAW,IYM,Materials
2022-12-05,5.189673689431293,4.877408540778752,179.41,131.28999,-0.020795,-0.019346,0.0,0.0,-0.020794673070625477,-0.01934575739468196,0.0,-0.0014489156759435184,51943.0,120951.0,14724089.980467495,12529044.147661,VAW,IYM,Materials
2022-12-06,5.182120572145525,4.869916227156815,178.06,130.31,-0.007525,-0.007464,0.0,0.0,-0.007524664177024692,-0.00746431620567554,0.0,-6.034797134915181e-05,52845.0,39784.0,14779201.360429496,12430386.703660998,VAW,IYM,Materials
2022-12-07,5.179421211604181,4.868303462382407,177.58,130.10001,-0.002696,-0.001611,0.0,0.0,-0.002695720543636976,-0.0016114649681528662,0.0,-0.00108425557548411,53231.0,37553.0,14551743.578429496,12163748.2664375,VAW,IYM,Materials
2022-12-08,5.185540528945076,4.874128049441593,178.67,130.86,0.006138,0.005842,0.0,0.0,0.006138078612456357,0.005841582948379639,0.0,0.000296495664076718,42067.0,31693.0,14163358.402929496,11838442.7154375,VAW,IYM,Materials
2022-12-09,5.174623144201705,4.86221262230776,176.73,129.31,-0.010858,-0.011845,0.0,0.0,-0.010858006380477975,-0.011844719547608285,0.0,0.0009867131671303098,33394.0,31604.0,13816110.307148997,10152270.562018001,VAW,IYM,Materials
2022-12-12,5.1827381506958785,4.8721392934120065,178.17,130.60001,0.008148,0.009976,0.0,0.0,0.00814802240706162,0.009976103936277163,0.0,-0.0018280815292155434,93150.0,23410.0,13842674.574464496,7847617.744222999,VAW,IYM,Materials
2022-12-13,5.1955645589732065,4.87816999965373,180.47,131.39,0.012909,0.011459,0.0,0.0,0.012909019475781557,0.006048927561337702,0.0,0.006860091914443855,106596.0,60716.0,13257230.920964498,6786727.911223,VAW,IYM,Materials
2022-12-14,5.184476550124277,4.867995882441006,178.48,130.06,-0.011027,-0.010123,0.0,0.0,-0.011026763450989085,-0.010122535961640762,0.0,-0.0009042274893483228,50943.0,31663.0,10559837.092964496,6607445.584223,VAW,IYM,Materials
2022-12-15,5.1479594849594745,4.8346933442663405,172.08,125.8,-0.030554,-0.032754,0.0,0.0,-0.03585835948005379,-0.03275411348608335,0.0,-0.003104245993970439,96258.0,38606.0,10899605.655464496,6672598.091723,VAW,IYM,Materials
2022-12-16,5.1438833132409725,4.8328633720008725,171.38,125.57,-0.004068,-0.001828,0.0,0.0,-0.004067875406787541,-0.0018282988871224164,0.0,-0.0022395765196651244,85218.0,31873.0,11123752.574603496,6619282.452223,VAW,IYM,Materials
2022-12-19,5.131849473677249,4.82068471013781,169.33,124.05,-0.011962,-0.012105,0.0,0.0,-0.011961722488038277,-0.012104802102412996,0.0,0.00014307961437471858,60666.0,64952.0,11245718.356103498,6902087.782222999,VAW,IYM,Materials
2022-12-20,5.139497469539173,4.830631050257462,170.63,125.29,0.007677,0.009996,0.0,0.0,0.007677316482607925,0.00999596936719065,0.0,-0.002318652884582725,61857.0,26328.0,11380902.061603498,6636604.254222999,VAW,IYM,Materials
2022-12-21,5.150513171779642,4.84016325365945,172.52,126.49,0.011077,0.009578,0.0,0.0,0.011076598487956398,0.009577779551440657,0.0,0.0014988189365157407,85286.0,23330.0,11565401.932603497,6545710.340723,VAW,IYM,Materials
2022-12-22,5.139966268971536,4.831030044796529,170.71001,125.34,-0.010492,-0.009092,0.0,0.0,-0.010491479248782657,-0.009091627796663768,0.0,-0.0013998514521188898,48735.0,23353.0,11469957.953876998,6505870.796836,VAW,IYM,Materials
2022-12-23,5.147668880208948,4.837633374260375,172.03,126.1704,0.007732,0.006625,0.0,0.0,0.007732352660514659,0.006625179511728099,0.0,0.0011071731487865598,77445.0,51233.0,11972391.608876998,6786268.9749960005,VAW,IYM,Materials
2022-12-27,5.148946909893768,4.840084192901217,172.25,126.48,0.001279,0.002454,0.0,0.0,0.0012788467127826542,0.002453824351828955,0.0,-0.001174977639046301,52010.0,23112.0,11542477.305376997,6789510.734165999,VAW,IYM,Materials
2022-12-28,5.132616969781292,4.823019748841191,169.46001,124.34,-0.016197,-0.01692,0.0,0.0,-0.016197329462989747,-0.016919671094244148,0.0,0.0007223416312544008,53436.0,56341.0,11333383.310585497,6593675.631166,VAW,IYM,Materials
2022-12-29,5.14399994782062,4.8338981155962015,171.39999,125.7,0.011448,0.010938,0.0,0.0,0.011448010654549097,0.010937751327006594,0.0,0.0005102593275425026,62817.0,33242.0,11428606.072176997,6354565.051166,VAW,IYM,Materials
2022-12-30,5.136974216139274,4.82647204242293,170.2,124.77,-0.007001,-0.007399,-29784999.999999996,-6238500.0,-0.01733131971824514,-0.01595547691548021,-23546499.999999996,-0.001375842802764933,111449.0,29767.0,11593762.708176997,5321427.782666,VAW,IYM,Materials
2023-01-03,5.136386558190762,4.824064723012886,170.10001,124.47,-0.000587,-0.002404,0.0,0.0,-0.000587485311398429,-0.0024044241404183697,0.0,0.0018169388290199407,95011.0,154256.0,11939411.513682496,5945749.286666,VAW,IYM,Materials
2023-01-04,5.154042757390985,4.841822087327094,173.13,126.7,0.017813,0.017916,0.0,0.0,0.017812991310229863,0.01791596368602876,0.0,-0.00010297237579889873,95915.0,31306.0,12303745.029682498,5350090.017641501,VAW,IYM,Materials
2023-01-05,5.139556074163095,4.832305758571839,170.64,125.5,-0.014382,-0.009471,0.0,0.0,-0.01438225610812684,-0.009471191791633781,0.0,-0.004911064316493059,141711.0,56527.0,13042344.246682499,5445584.2906415,VAW,IYM,Materials
2023-01-06,5.172243809292668,4.867149761087499,176.31,129.95,0.033228,0.035458,0.0,0.0,0.03322784810126582,0.03545816733067712,0.0,-0.002230319229411304,72940.0,40713.0,13212708.767682496,5465834.724365001,VAW,IYM,Materials
2023-01-09,5.17750480275196,4.874051705399538,177.24001,130.85001,0.005275,0.006926,0.0,0.0,0.0052748567863423294,0.006925817622162531,0.0,-0.0016509608358202012,105899.0,79465.0,13775380.214132,5778367.2275975,VAW,IYM,Materials
2023-01-10,5.188725745709059,4.888015580548345,179.24001,132.69,0.011284,0.014062,0.0,0.0,0.011284133870224899,0.014061825444262481,0.0,-0.002777691574037582,45497.0,38083.0,13888038.269880498,5826693.2290974995,VAW,IYM,Materials
2023-01-11,5.203237160297767,4.901564199041894,181.86,134.5,0.014617,0.013641,0.0,0.0,0.014617216323520534,0.013640816941743914,0.0,0.0009763993817766201,116873.0,65925.0,14120937.683880497,6117171.5423925,VAW,IYM,Materials
2023-01-12,5.209923215785442,4.908454827828394,183.08,135.42999,0.006708,0.006914,0.0,0.0,0.006708457054877378,0.006914423791821562,0.0,-0.00020596673694418376,69335.0,151488.0,13793761.267880496,6744098.696648499,VAW,IYM,Materials
2023-01-13,5.215859244107515,4.916104810250022,184.17,136.47,0.005954,0.007679,0.0,0.0,0.00595368145073192,0.0076793182957482315,0.0,-0.0017256368450163113,113977.0,52009.0,14388703.140380498,6893077.6191485,VAW,IYM,Materials
2023-01-17,5.205873076156757,4.902233120245624,182.34,134.59,-0.009936,-0.013776,0.0,0.0,-0.00993647173806809,-0.013775921447937276,0.0,0.003839449709869186,79615.0,54773.0,14286349.263380498,7018840.782648501,VAW,IYM,Materials
2023-01-18,5.192289961902507,4.889747443486393,179.88,132.92,-0.013491,-0.012408,0.0,0.0,-0.01349128002632445,-0.012408054090200021,0.0,-0.0010832259361244281,83002.0,18225.0,14302636.209380496,6939849.5021485,VAW,IYM,Materials
2023-01-19,5.184171203196888,4.883634908890262,178.42551,132.11,-0.008086,-0.006094,0.0,0.0,-0.008085890593729064,-0.006093891062292797,0.0,-0.001991999531436267,75648.0,16079.0,14463884.169404497,6643194.556648499,VAW,IYM,Materials
2023-01-20,5.203896790928544,4.903347069749522,181.98,134.74001,0.019921,0.019908,0.0,0.0,0.019921422671006987,0.019907728408144726,0.0,1.369426286226133e-05,105820.0,24465.0,14899007.353904497,6643083.517881,VAW,IYM,Materials
2023-01-23,5.20839265902005,4.906755163608864,182.8,135.2,0.004506,0.003414,0.0,0.0,0.004505989669194417,0.0034139080144046188,0.0,0.0010920816547897983,65554.0,68779.0,14762493.877904495,6960478.972881,VAW,IYM,Materials
2023-01-24,5.208119098629888,4.908971640319756,182.75,135.5,-0.000274,0.002219,0.0,0.0,-0.0002735229759299781,0.002218934911242757,0.0,-0.0024924578871727355,41238.0,32917.0,14723328.486036997,7037138.396880999,VAW,IYM,Materials
2023-01-25,5.210305434624767,4.913463382343982,183.14999,136.11,0.002189,0.004502,0.0,0.0,0.0021887277701779077,0.004501845018450338,0.0,-0.00231311724827243,61218.0,50690.0,14617789.122927997,7058904.786721,VAW,IYM,Materials
2023-01-26,5.217053079717073,4.926093592219674,184.39,137.84,0.00677,0.01271,0.0,0.0,0.006770461740128882,0.012710307839247512,0.0,-0.00593984609911863,71935.0,94002.0,14833057.730427995,7560606.282721001,VAW,IYM,Materials
2023-01-27,5.215098787797103,4.92260521658922,184.03,137.36,-0.001952,-0.003482,0.0,0.0,-0.0019523835348988557,-0.0034822983168889964,0.0,0.0015299147819901407,41402.0,29898.0,14761254.978709996,7415673.749721001,VAW,IYM,Materials
2023-01-30,5.20729802292538,4.913536849632705,182.60001,136.12,-0.00777,-0.009027,0.0,0.0,-0.007770417866652245,-0.009027373325568,0.0,0.001256955458915755,53995.0,42830.0,14715887.697115997,7498248.759721001,VAW,IYM,Materials
2023-01-31,5.229663723230988,4.9342580824984905,186.73,138.97,0.022618,0.020938,-27822770.0,20845500.0,0.013464685027741528,0.047570557947591,-48668270.0,-0.03410587291984947,41773.0,20687.0,14157470.321615998,7456290.949720999,VAW,IYM,Materials
2023-02-01,5.239151002831235,4.944709072770231,188.50999,140.42999,0.009532,0.010506,0.0,0.0,0.009532426498152407,0.010505792617111607,0.0,-0.0009733661189591999,120541.0,63279.0,14485560.854339996,6940592.2005815,VAW,IYM,Materials
2023-02-02,5.239840436789061,4.942070902227372,188.64,140.06,0.00069,-0.002635,0.0,0.0,0.0006896716720424268,-0.002634693629188466,0.0,0.003324365301230893,79898.0,117265.0,14408870.592839997,7563475.4855815,VAW,IYM,Materials
2023-02-03,5.22305488204749,4.925440448033024,185.5,137.75,-0.016646,-0.016493,0.0,0.0,-0.01664546225614928,-0.016492931600742538,0.0,-0.0001525306554067407,61819.0,35105.0,13773163.565839997,7450554.248081501,VAW,IYM,Materials
2023-02-06,5.211833068809549,4.913242948087606,183.42999,136.08,-0.011159,-0.012123,0.0,0.0,-0.011159083557951489,-0.012123411978221268,0.0,0.0009643284202697795,43012.0,95968.0,13524645.532333996,7838987.802581501,VAW,IYM,Materials
2023-02-07,5.222191976158546,4.92442359727719,185.34,137.61,0.010413,0.011243,0.0,0.0,0.010412746574319724,0.011243386243386241,0.0,-0.0008306396690665168,45383.0,44624.0,13006732.802384498,7626123.432348999,VAW,IYM,Materials
2023-02-08,5.21259612061769,4.915884957550445,183.57001,136.44,-0.00955,-0.008502,0.0,0.0,-0.009549962231574397,-0.008502289077828792,0.0,-0.0010476731537456055,98597.0,26009.0,13503961.279434497,7550895.166849,VAW,IYM,Materials
2023-02-09,5.197668013692549,4.899405811919808,180.85001,134.21001,-0.014817,-0.016344,0.0,0.0,-0.014817235124626293,-0.0163441072999119,0.0,0.0015268721752856075,55605.0,30884.0,12944043.330736997,7314796.639290999,VAW,IYM,Materials
2023-02-10,5.200374769972958,4.902975841610724,181.34019,134.69,0.00271,0.003576,0.0,0.0,0.0027104228526168834,0.0035764098370902418,0.0,-0.0008659869844733583,94151.0,27947.0,13163018.752171498,6477204.794535,VAW,IYM,Materials
2023-02-13,5.206640577976133,4.908824027949571,182.48,135.48,0.006285,0.005865,0.0,0.0,0.006285479242080903,0.005865320365283093,0.0,0.00042015887679781004,33089.0,28159.0,12415365.583671499,6313070.449035,VAW,IYM,Materials
2023-02-14,5.209595436487232,4.913022465229256,183.02,136.05,0.002959,0.004207,0.0,0.0,0.0029592284085927225,0.004207263064659289,0.0,-0.0012480346560665668,57696.0,52753.0,12217491.724671496,6303327.828035,VAW,IYM,Materials
2023-02-15,5.214990049613409,4.913904105136484,184.00999,136.17,0.005409,0.000882,0.0,0.0,0.005409190252431422,0.0008820286659313456,0.0,0.004527161586500076,51249.0,30621.0,11942488.135546997,6390687.556535,VAW,IYM,Materials
2023-02-16,5.205489104236842,4.907716240088415,182.27,135.33,-0.009456,-0.006169,0.0,0.0,-0.009455953994671695,-0.006168759638686639,0.0,-0.003287194355985056,61684.0,68343.0,11829768.620522998,6746920.631535001,VAW,IYM,Materials
2023-02-17,5.198220750009751,4.89470054929749,180.95,133.58,-0.007242,-0.012931,0.0,0.0,-0.00724200362100181,-0.012931352988989874,0.0,0.005689349367988064,50159.0,12103.0,11320725.993022997,6662935.851302501,VAW,IYM,Materials
2023-02-21,5.178463438072558,4.880298792368253,177.41,131.67,-0.019563,-0.014299,0.0,0.0,-0.01956341530809616,-0.014298547686779758,0.0,-0.005264867621316402,71936.0,16588.0,11359670.721022997,6307196.909302501,VAW,IYM,Materials
2023-02-22,5.18593229190043,4.887487895940722,178.74001,132.62,0.007497,0.007215,0.0,0.0,0.00749681528662421,0.007215007215007369,0.0,0.00028180807161684064,38420.0,34144.0,11326218.055232998,6310593.0983025,VAW,IYM,Materials
2023-02-23,5.186882886101731,4.887487895940722,178.91,132.62,0.000951,0.0,0.0,0.0,0.0009510461591671548,0.0,0.0,0.0009510461591671548,88897.0,19854.0,11560842.364341997,6097274.1773025,VAW,IYM,Materials
2023-02-24,5.19106617580106,4.894176306501244,179.66,133.50999,0.004192,0.006711,0.0,0.0,0.004192051869655134,0.006710827929422258,0.0,-0.002518776059767124,53969.0,99449.0,11382441.158841997,6113284.143078,VAW,IYM,Materials
2023-02-27,5.195453731088797,4.899480244730094,180.45,134.22,0.004397,0.005318,0.0,0.0,0.004397194701102082,0.0053180290104135304,0.0,-0.0009208343093114486,67325.0,14545.0,11608920.468341997,6005556.174078,VAW,IYM,Materials
2023-02-28,5.200594278019421,4.907677149691645,181.38,135.32471,0.005154,0.008231,15235920.0,13532471.000000002,0.010271549074136495,0.025319245660426114,1703448.9999999981,-0.015047696586289619,130186.0,18231.0,12296602.925344497,5837410.4334785,VAW,IYM,Materials
2023-03-01,5.208746535129366,4.917266954366204,182.8647,136.62869,0.008186,0.009636,0.0,0.0,0.008185577241151206,0.009635934191176023,0.0,-0.0014503569500248174,90017.0,159645.0,12729635.895839496,6784271.174730999,VAW,IYM,Materials
2023-03-02,5.219977321022269,4.928484811068578,184.92999,138.17,0.011294,0.011281,0.0,0.0,0.011294087924022426,0.011281012794603975,0.0,1.3075129418451195e-05,59581.0,17429.0,12144392.447319496,6460365.9543705005,VAW,IYM,Materials
2023-03-03,5.235484110618932,4.944068049824143,187.82001,140.34,0.015628,0.015705,0.0,0.0,0.015627643736962408,0.015705290584063256,0.0,-7.764684710084846e-05,59160.0,94694.0,11946366.100899497,6303626.9573705,VAW,IYM,Materials
2023-03-06,5.2156963378597,4.927471052835487,184.14,138.03,-0.019593,-0.01646,0.0,0.0,-0.01959327975757221,-0.01646002565198803,0.0,-0.0031332541055841823,56931.0,36274.0,11897158.592899498,6312186.2808705,VAW,IYM,Materials
2023-03-07,5.19677289386107,4.904756051330191,180.6882,134.92999,-0.018746,-0.022459,0.0,0.0,-0.01874551971326162,-0.022458958197493297,0.0,0.0037134384842316785,50934.0,29043.0,11962832.695345497,5855158.5938490005,VAW,IYM,Materials
2023-03-08,5.200980133659079,4.910814958814044,181.45,135.75,0.004216,0.006077,0.0,0.0,0.004216102656399223,0.006077299790802623,0.0,-0.0018611971344033992,37310.0,32959.0,11880763.409345496,5771832.374349,VAW,IYM,Materials
2023-03-09,5.175867206791472,4.883407799611873,176.95,132.08,-0.0248,-0.027035,0.0,0.0,-0.024800220446403967,-0.027034990791896724,0.0,0.0022347703454927564,68230.0,23797.0,11579455.720546998,5751554.364349,VAW,IYM,Materials
2023-03-10,5.152539866934696,4.85903683236562,172.87,128.89999,-0.023057,-0.024076,0.0,0.0,-0.023057360836394463,-0.024076393095094028,0.0,0.0010190322586995648,65214.0,16084.0,11640324.689244498,5647968.638865,VAW,IYM,Materials
2023-03-13,5.140903033460182,4.849996948133443,170.87,127.74,-0.011569,-0.008999,0.0,0.0,-0.01156938740093712,-0.008999147323440444,0.0,-0.002570240077496677,108547.0,55109.0,11714027.972309995,5811740.750365,VAW,IYM,Materials
2023-03-14,5.1547356380700124,4.86252198594166,173.25,129.35001,0.013929,0.012604,0.0,0.0,0.013928717738631708,0.012603804603100047,0.0,0.001324913135531661,113525.0,55762.0,12395534.248809997,5981632.447246,VAW,IYM,Materials
2023-03-15,5.120744576492037,4.824386033964322,167.46001,124.51,-0.03342,-0.037418,0.0,0.0,-0.03341985569985564,-0.03741793294024484,0.0,0.003998077240389204,100022.0,66700.0,12705042.408820998,6038021.014746,VAW,IYM,Materials
2023-03-16,5.131908528214131,4.836202538722539,169.34,125.99,0.011227,0.011887,0.0,0.0,0.011226501180789309,0.011886595454180388,0.0,-0.0006600942733910788,101146.0,22671.0,13089929.191945497,5972353.900746001,VAW,IYM,Materials
2023-03-17,5.115535703921625,4.822858886619337,166.59,124.32,-0.01624,-0.013255,0.0,0.0,-0.01623951812920751,-0.013255020239701563,0.0,-0.002984497889505947,50174.0,74780.0,12945696.390945498,5974743.471246,VAW,IYM,Materials
2023-03-20,5.135268885097667,4.842611042003125,169.91,126.8,0.019929,0.019949,0.0,0.0,0.019929167417011825,0.019948519948519948,0.0,-1.9352531508122495e-05,50470.0,16682.0,12920650.723445497,5999671.414245999,VAW,IYM,Materials
2023-03-21,5.148250005283415,4.855383930961534,172.13,128.42999,0.013066,0.012855,0.0,0.0,0.01306574068624566,0.01285481072555205,0.0,0.00021092996069361006,59118.0,121487.0,12791341.502445498,6670593.0260025,VAW,IYM,Materials
2023-03-22,5.13066764998595,4.837392401235505,169.13,126.14,-0.017429,-0.017831,0.0,0.0,-0.017428687619822227,-0.017830648433438328,0.0,0.0004019608136161014,26243.0,98629.0,12669905.872735497,7066237.265002499,VAW,IYM,Materials
2023-03-23,5.1284775280003885,4.834375328680896,168.75999,125.76,-0.002188,0.000599,0.0,0.0,-0.002187725418317332,-0.0030125257650229905,0.0,0.0008248003467056586,79927.0,61634.0,12549101.745271998,7322139.983002501,VAW,IYM,Materials
2023-03-24,5.133855374054848,4.841348415572757,169.67,126.64,0.009432,0.006997,0.0,0.0,0.005392332625760468,0.006997455470737914,0.0,-0.0016051228449774453,55722.0,14289.0,12537015.805271996,6748746.181227,VAW,IYM,Materials
2023-03-27,5.141078531607793,4.850466541943434,170.89999,127.8,0.007249,0.00916,0.0,0.0,0.007249307479224316,0.00915982312065698,0.0,-0.0019105156414326646,39620.0,45344.0,12268128.872961996,6940882.8462270005,VAW,IYM,Materials
2023-03-28,5.147203736878275,4.854916719096835,171.95,128.37,0.006144,0.00446,0.0,0.0,0.006144002700058732,0.004460093896713615,0.0,0.0016839088033451174,91473.0,143754.0,11873911.156461997,7740212.6558265,VAW,IYM,Materials
2023-03-29,5.160204064418402,4.866456947080341,174.2,129.86,0.013085,0.011607,0.0,0.0,0.013085199185809828,0.011607073303731556,0.0,0.0014781258820782718,84791.0,43415.0,11789394.181466999,6931501.890074,VAW,IYM,Materials
2023-03-30,5.165756930963556,4.873057631111693,175.17,130.72,0.005568,0.006623,0.0,0.0,0.005568312284730195,0.006622516556291236,0.0,-0.0010542042715610414,53410.0,37181.0,11706269.979757497,7054108.659573999,VAW,IYM,Materials
2023-03-31,5.180771858929635,4.886809034892587,177.82001,132.53,0.015128,0.013846,-8713180.49,39759000.0,0.01212850278558765,0.06453870869033047,-48472180.49,-0.052410205904742824,133936.0,34013.0,12341523.433145497,6615028.006074,VAW,IYM,Materials
2023-04-03,5.18649155136578,4.8916265075140535,178.84,133.17,0.005736,0.004829,0.0,0.0,0.0057360811080822945,0.004829095299177402,0.0,0.0009069858089048926,117002.0,90934.0,12863591.600145496,6970167.034073999,VAW,IYM,Materials
2023-04-04,5.170086131810164,4.874662752862969,175.92999,130.92999,-0.016272,-0.016821,0.0,0.0,-0.016271583538358284,-0.016820680333408285,0.0,0.0005490967950500004,130070.0,59963.0,13547593.651170496,7166776.198613999,VAW,IYM,Materials
2023-04-05,5.166841003759651,4.87152647172512,175.36,130.52,-0.00324,-0.003131,0.0,0.0,-0.003239868313526333,-0.003131368145678321,0.0,-0.00010850016784801205,115868.0,60978.0,14225029.300170496,7341009.414114,VAW,IYM,Materials
2023-04-06,5.164214324849026,4.869532376348714,174.89999,130.25999,-0.002623,-0.001992,0.0,0.0,-0.002623232208029171,-0.001992108489120731,0.0,-0.0006311237189084397,69473.0,107642.0,14228905.725433996,7884926.318293001,VAW,IYM,Materials
2023-04-10,5.1713926729743696,4.8777893807628265,176.16,131.34,0.007204,0.008291,0.0,0.0,0.0072041742255102206,0.008291187493565898,0.0,-0.0010870132680556779,58089.0,39300.0,14176876.428433996,8039348.046335,VAW,IYM,Materials
2023-04-11,5.178970608915471,4.8859786894967,177.5,132.42,0.007607,0.008223,0.0,0.0,0.007606721162579474,0.00822293284604828,0.0,-0.0006162116834688069,101090.0,37431.0,14146678.883933997,7935197.514334999,VAW,IYM,Materials
2023-04-12,5.178068793951861,4.886205215718078,177.34,132.45,-0.000901,0.000227,0.0,0.0,-0.0009014084507042254,0.0002265518803806072,0.0,-0.0011279603310848326,62384.0,33952.0,13716427.499433998,7799403.871453999,VAW,IYM,Materials
2023-04-13,5.188446695412324,4.8959723857761155,179.19,133.75,0.010432,0.009815,0.0,0.0,0.010431938648922973,0.009815024537561489,0.0,0.0006169141113614839,71993.0,25645.0,13523964.526922997,7555663.958954001,VAW,IYM,Materials
2023-04-14,5.180434269635692,4.889973117689029,177.75999,132.95,-0.00798,-0.005981,0.0,0.0,-0.007980411853340166,-0.005981308411215094,0.0,-0.0019991034421250713,50368.0,51160.0,13115232.103738997,7752934.094454,VAW,IYM,Materials
2023-04-17,5.186659285005154,4.892677243125585,178.87,133.31,0.006244,0.002708,0.0,0.0,0.006244431044353819,0.002707784881534554,0.0,0.003536646162819265,44832.0,29913.0,13098262.762738997,7487486.715954,VAW,IYM,Materials
2023-04-18,5.190230860975774,4.897317200733157,179.50999,133.92999,0.003578,0.004651,0.0,0.0,0.0035779616481242007,0.004650738879303879,0.0,-0.0010727772311796779,49146.0,41378.0,13110604.776165996,7658810.592265,VAW,IYM,Materials
2023-04-19,5.1872740677547124,4.891776680212939,178.98,133.19,-0.002952,-0.005525,0.0,0.0,-0.002952426213159367,-0.005525200143746744,0.0,0.0025727739305873767,35656.0,14460.0,12920891.253165996,6974978.252508499,VAW,IYM,Materials
2023-04-20,5.185316627460793,4.889897898613436,178.63,132.94,-0.001955,-0.001877,0.0,0.0,-0.0019555257570678286,-0.0018770177941286883,0.0,-7.850796293914033e-05,37580.0,45960.0,13034613.093665997,6658421.2695085,VAW,IYM,Materials
2023-04-21,5.174906021632802,4.878778688708513,176.78,131.47,-0.010357,-0.011058,0.0,0.0,-0.01035660303420478,-0.011057619978937866,0.0,0.0007010169447330857,59891.0,20116.0,12889565.656629497,6403099.203508499,VAW,IYM,Materials
2023-04-24,5.181727425121592,4.8859786894967,177.99001,132.42,0.006845,0.007226,0.0,0.0,0.00684472225364874,0.007225983114018264,0.0,-0.0003812608603695235,50048.0,857792.0,12862250.270653497,11992062.0875085,VAW,IYM,Materials
2023-04-25,5.1585954233728994,4.8621352857778115,173.92,129.3,-0.022867,-0.023561,0.0,0.0,-0.02286650806975079,-0.02356139555958286,0.0,0.0006948874898320724,54598.0,134452.0,12998481.598463496,12571546.1075085,VAW,IYM,Materials
2023-04-26,5.146214588338078,4.851639562605798,171.78,127.95,-0.012305,-0.010441,0.0,0.0,-0.012304507819687213,-0.010440835266821491,0.0,-0.0018636725528657222,33040.0,78913.0,12495823.040963497,12153706.976008499,VAW,IYM,Materials
2023-04-27,5.1615808429745655,4.8647613782733465,174.44,129.64,0.015485,0.013208,0.0,0.0,0.015484922575387123,0.013208284486127245,0.0,0.0022766380892598782,49115.0,90365.0,12185674.460963497,12457559.311008498,VAW,IYM,Materials
2023-04-28,5.172584061082273,4.873669439023098,176.37,130.8,0.011064,0.008948,-52911000.0,91560000.00000001,-0.007282312654713919,0.12105317288902633,-144471000.0,-0.12833548554374025,136902.0,48143.0,12925153.262963498,12529399.515008498,VAW,IYM,Materials
2023-05-01,5.1713926729743696,4.874433596521658,176.16,130.89999,-0.001191,0.000764,0.0,0.0,-0.0011906786868515053,0.0007644495412842734,0.0,-0.001955128228135779,36850.0,39904.0,12058903.019995498,12565184.0305565,VAW,IYM,Materials
2023-05-02,5.16318469255654,4.867611293656914,174.72,130.00999,-0.008174,-0.006799,0.0,0.0,-0.008174386920980926,-0.006799083789082162,0.0,-0.001375303131898764,41120.0,58297.0,11371895.455995496,12338659.610907998,VAW,IYM,Materials
2023-05-03,5.151729681705193,4.85616234012204,172.73,128.53,-0.01139,-0.011384,0.0,0.0,-0.011389652014652014,-0.011383663670768556,0.0,-5.988343883458341e-06,46479.0,97732.0,10629150.649530496,12574186.559389498,VAW,IYM,Materials
2023-05-04,5.145399260123324,4.845839264168119,171.64,127.21,-0.00631,-0.01027,0.0,0.0,-0.006310426677473514,-0.01026997588111725,0.0,0.003959549203643735,62731.0,756252.0,10151577.467530498,16986384.9773895,VAW,IYM,Materials
2023-05-05,5.163528040199398,4.862367277427153,174.78,129.33,0.018294,0.016665,0.0,0.0,0.01829410393847588,0.016665356497130863,0.0,0.001628747441345016,55315.0,85170.0,10027433.902266998,16836064.490210496,VAW,IYM,Materials
2023-05-08,5.161236825999669,4.860199926164623,174.38,129.05,-0.002289,-0.002165,0.0,0.0,-0.0022885913720105274,-0.0021650042526869247,0.0,-0.00012358711932360274,35101.0,55433.0,9821831.609266996,16935662.8227105,VAW,IYM,Materials
2023-05-09,5.153060411707733,4.851639562605798,172.96001,127.95,-0.008143,-0.008524,0.0,0.0,-0.008143078334671266,-0.008523827973653754,0.0,0.0003807496389824881,34762.0,62796.0,9225279.652647998,17089569.5817105,VAW,IYM,Materials
2023-05-10,5.153002535383178,4.849527133701499,172.95,127.68,-5.8e-05,-0.00211,0.0,0.0,-5.787464975299593e-05,-0.0021101992966002345,0.0,0.0020523246468472384,39493.0,51604.0,9013636.442147996,17194162.3977105,VAW,IYM,Materials
2023-05-11,5.14300768200088,4.837947186270539,171.23,126.21,-0.009945,-0.011513,0.0,0.0,-0.009945070829719573,-0.011513157894736841,0.0,0.0015680870650172686,47597.0,26925.0,8776116.874147998,17192571.6727105,VAW,IYM,Materials
2023-05-12,5.144058347518966,4.839767887347417,171.41,126.44,0.001051,0.001822,0.0,0.0,0.0010512176604566958,0.0018223595594643847,0.0,-0.000771141899007689,44193.0,55925.0,8707202.221831996,17206043.4227105,VAW,IYM,Materials
2023-05-15,5.153002535383178,4.848900370910689,172.95,127.6,0.008984,0.009174,0.0,0.0,0.008984306633218598,0.009174311926605505,0.0,-0.00019000529338690682,52641.0,34971.0,8761460.277331997,17229773.3012105,VAW,IYM,Materials
2023-05-16,5.136019059770103,4.831189598047765,170.03751,125.36,-0.01684,-0.017555,0.0,0.0,-0.016840069384215117,-0.01755485893416928,0.0,0.0007147895499541625,74661.0,57245.0,8955108.905610498,17311497.204899497,VAW,IYM,Materials
2023-05-17,5.144174961686541,4.838818369947386,171.42999,126.32,0.008189,0.007658,0.0,0.0,0.008189251889186153,0.007657945118059987,0.0,0.000531306771126166,57230.0,20570.0,9126570.277995497,17345120.954899497,VAW,IYM,Materials
2023-05-18,5.151150575828457,4.844659415838387,172.63,127.06,0.007,0.005858,0.0,0.0,0.0070000004083299264,0.005858138062064598,0.0,0.0011418623462653285,76867.0,36010.0,9454402.018495496,17268396.364899497,VAW,IYM,Materials
2023-05-19,5.151903290208729,4.845131522228461,172.75999,127.12,0.000753,0.000472,0.0,0.0,0.0007529977408328525,0.00047221784983472373,0.0,0.00028077989099812873,55054.0,25388.0,9400581.893968496,17297529.9668995,VAW,IYM,Materials
2023-05-22,5.14778513224349,4.841269448462517,172.05,126.63,-0.00411,-0.003855,0.0,0.0,-0.004109689980880269,-0.003854625550660793,0.0,-0.0002550644302194761,57558.0,34712.0,9450322.387944497,11837868.1628995,VAW,IYM,Materials
2023-05-23,5.134503481309822,4.826151401137618,169.78,124.73,-0.013194,-0.015004,0.0,0.0,-0.013193839000290614,-0.015004343362552318,0.0,0.0018105043622617042,66460.0,31056.0,9539717.119944498,11162316.726899501,VAW,IYM,Materials
2023-05-24,5.122117036759018,4.812428228072077,167.69,123.03,-0.01231,-0.01363,0.0,0.0,-0.012310048297797149,-0.013629439589513348,0.0,0.0013193912917161994,122864.0,33634.0,10286089.767944496,10864370.3603995,VAW,IYM,Materials
2023-05-25,5.117634466422591,4.808845454106903,166.94,122.59,-0.004473,-0.003576,0.0,0.0,-0.004472538612916691,-0.003576363488580021,0.0,-0.0008961751243366702,76618.0,66207.0,10497239.183944497,10684440.236899499,VAW,IYM,Materials
2023-05-26,5.122117036759018,4.812428228072077,167.69,123.03,0.004493,0.003589,0.0,0.0,0.004492632083383252,0.0035891997715963783,0.0,0.0009034323117868732,73912.0,68723.0,9909684.060944496,10792334.5513995,VAW,IYM,Materials
2023-05-30,5.115715770546763,4.804840381116659,166.62,122.1,-0.006381,-0.007559,0.0,0.0,-0.006380821754427813,-0.007559131919044135,0.0,0.0011783101646163224,57313.0,27578.0,10062583.863944497,10699526.5813515,VAW,IYM,Materials
2023-05-31,5.104368534214813,4.7932252746298065,164.74001,120.69,-0.011283,-0.011548,-73803524.48,-114655500.0,-0.0385698097666569,-0.14569498069498069,40851975.519999996,0.10712517092832378,89396.0,36214.0,10439714.440642497,10539100.345,VAW,IYM,Materials
2023-06-01,5.1169154467583144,4.805659046737495,166.82001,122.2,0.012626,0.012511,0.0,0.0,0.012625955285543382,0.012511392824591929,0.0,0.0001145624609514527,114866.0,108691.0,10996395.920575496,10575127.657000002,VAW,IYM,Materials
2023-06-02,5.153175980878366,4.839055833834204,172.98,126.35,0.036926,0.033961,0.0,0.0,0.03692596589581793,0.033960720130932896,0.0,0.0029652457648850356,188153.0,142894.0,12085373.775575496,6667719.656,VAW,IYM,Materials
2023-06-05,5.152308452412401,4.837709458942664,172.83,126.18,-0.000867,-0.001345,0.0,0.0,-0.0008671522719389525,-0.0013454689354966364,0.0,0.00047831666355768385,85953.0,227520.0,12344738.840075497,7552391.531,VAW,IYM,Materials
2023-06-06,5.160318868390746,4.845288841508263,174.22,127.14,0.008043,0.007608,0.0,0.0,0.00804258519932882,0.007608178792201617,0.0,0.0004344064071272035,57270.0,76467.0,12537572.191075498,7680810.8175,VAW,IYM,Materials
2023-06-07,5.172413949658881,4.853591544486569,176.34,128.2,0.012169,0.012483,0.0,0.0,0.012168522557685685,0.008337266005977508,0.0,0.0038312565517081773,55437.0,54865.0,12725738.426694496,7630758.0575,VAW,IYM,Materials
2023-06-08,5.168379509433644,4.848978737745885,175.63,127.61,-0.004026,-0.004602,0.0,0.0,-0.004026312804808892,-0.004602184087363342,0.0,0.0005758712825544498,33906.0,34618.0,12681968.248194497,7522198.2705,VAW,IYM,Materials
2023-06-09,5.160548379417623,4.840479434201172,174.25999,126.53,-0.007801,-0.008463,0.0,0.0,-0.007800546603655549,-0.008463286576287124,0.0,0.000662739972631575,54512.0,28409.0,12749429.561438497,7532017.596499999,VAW,IYM,Materials
2023-06-12,5.164385836736449,4.845524774032655,174.92999,127.17,0.003845,0.005058,0.0,0.0,0.0038448297856555043,0.005058088990753181,0.0,-0.001213259205097677,37483.0,20390.0,12698518.495696995,7308109.5615,VAW,IYM,Materials
2023-06-13,5.18565246089057,4.870990011582737,178.69,130.45,0.021494,0.025792,0.0,0.0,0.021494370404983126,0.0257922465990405,0.0,-0.004297876194057373,61081.0,836102.0,12789033.642696997,12538469.8765,VAW,IYM,Materials
2023-06-14,5.180884269655941,4.866380015120692,177.84,129.85001,-0.004757,-0.004599,0.0,0.0,-0.004756841457272371,-0.004599386738213725,0.0,-0.0001574547190586464,38867.0,176775.0,12499880.479991497,13327369.9923875,VAW,IYM,Materials
2023-06-15,5.189896617593616,4.8758078238306135,179.45,131.08,0.009053,0.009472,0.0,0.0,0.009053081421502475,0.009472390491152213,0.0,-0.00041930906964973876,49983.0,83910.0,12457806.031106498,13747396.0123875,VAW,IYM,Materials
2023-06-16,5.189450711560923,4.875273579835525,179.37,131.00999,-0.000446,-0.000534,0.0,0.0,-0.00044580663137364166,-0.0005341013121760711,0.0,8.82946808024294e-05,28954.0,35521.0,12054002.469606496,13751304.775127,VAW,IYM,Materials
2023-06-20,5.176432178557913,4.860897087198321,177.05,129.14,-0.012934,-0.014274,0.0,0.0,-0.012934158443440933,-0.01427364432284897,0.0,0.0013394858794080373,47259.0,20699.0,11996806.342633497,13723592.090126997,VAW,IYM,Materials
2023-06-21,5.178745287757917,4.864452861078665,177.46001,129.60001,0.002316,0.003562,0.0,0.0,0.0023157865009885577,0.0035621031438750174,0.0,-0.0012463166428864597,52150.0,35992.0,11964390.623708498,13737041.240123,VAW,IYM,Materials
2023-06-22,5.175358459147589,4.859889843223671,176.86,129.00999,-0.003381,-0.004553,0.0,0.0,-0.0033810997756622695,-0.004552623105507628,0.0,0.0011715233298453588,29941.0,27493.0,11664979.946708497,13720704.0788765,VAW,IYM,Materials
2023-06-23,5.167731346338135,4.852420812645534,175.5162,128.05,-0.007598,-0.007441,0.0,0.0,-0.007598100192242452,-0.0074412066848463495,0.0,-0.00015689350739610253,27083.0,50447.0,10872502.000938496,13836791.4453765,VAW,IYM,Materials
2023-06-26,5.176996774862142,4.862444596018447,177.14999,129.34,0.009308,0.010074,0.0,0.0,0.009308485484530808,0.010074189769621086,0.0,-0.0007657042850902785,30001.0,21642.0,10498705.397437997,13570934.452876499,VAW,IYM,Materials
2023-06-27,5.191010457895736,4.876112934435574,179.64999,131.12,0.014112,0.013762,0.0,0.0,0.014112334976705332,0.013762177207360445,0.0,0.00035015776934488665,50908.0,20199.0,10336271.317983996,13280609.5623765,VAW,IYM,Materials
2023-06-28,5.185708422165383,4.868764462910782,178.7,130.16,-0.005288,-0.007321,0.0,0.0,-0.0052880047474536795,-0.007321537522879805,0.0,0.0020335327754261254,54451.0,39917.0,10345316.399983998,13372025.708376499,VAW,IYM,Materials
2023-06-29,5.195786122501776,4.881057978557161,180.50999,131.77,0.014749,0.012369,0.0,0.0,0.010128651371012735,0.012369391518131682,0.0,-0.002240740147118947,54147.0,29837.0,10097665.224712497,13350073.3998765,VAW,IYM,Materials
2023-06-30,5.203841838325151,4.890724997423698,181.97,133.05,0.008088,0.009714,-22564280.0,93135000.00000001,0.0001691536025751546,0.1265402965472646,-115699280.00000001,-0.12637114294468943,54273.0,23804.0,9633370.751779497,12844327.4998765,VAW,IYM,Materials
2023-07-03,5.209322204976474,4.8959723857761155,182.97,133.75,0.005495,0.005261,0.0,0.0,0.005495411331538165,0.005261180007515838,0.0,0.00023423132402232774,281079.0,747559.0,10577486.686279496,16940895.4673765,VAW,IYM,Materials
2023-07-05,5.184420519867924,4.87152647172512,178.47,130.52,-0.024594,-0.02415,0.0,0.0,-0.02459419576979833,-0.024149532710280242,0.0,-0.0004446630595180863,88134.0,272544.0,10621187.585779497,17284093.9313765,VAW,IYM,Materials
2023-07-06,5.176432178557913,4.86383530936938,177.05,129.52,-0.007957,-0.007662,0.0,0.0,-0.007956519302964083,-0.007661661048115231,0.0,-0.00029485825484885236,110934.0,107703.0,11104351.850779498,17495477.8403765,VAW,IYM,Materials
2023-07-07,5.187553389563182,4.875960467047302,179.03,131.10001,0.011183,0.012199,0.0,0.0,0.011183281558881672,0.012198965410747237,0.0,-0.0010156838518655658,43411.0,69260.0,11004157.388279498,17597792.5250065,VAW,IYM,Materials
2023-07-10,5.189283445523902,4.878459097064944,179.34,131.42799,0.001732,0.002502,0.0,0.0,0.0017315533709434173,0.0025017541951369796,0.0,-0.0007702008241935623,53572.0,39074.0,11186791.973279497,17633683.2400695,VAW,IYM,Materials
2023-07-11,5.199049420107477,4.888542911527878,181.10001,132.75999,0.009814,0.010135,0.0,0.0,0.009813817330210821,0.010134827444290843,0.0,-0.0003210101140800215,34853.0,26450.0,11027422.876961997,17629528.7883445,VAW,IYM,Materials
2023-07-12,5.213086222185376,4.904311351528766,183.66,134.87,0.014136,0.015893,0.0,0.0,0.014135780555727144,0.01589341788892887,0.0,-0.0017576373332017278,69855.0,70788.0,11341056.301203499,17977237.851344503,VAW,IYM,Materials
2023-07-13,5.219544739480557,4.909709449252605,184.85001,135.60001,0.006479,0.005413,0.0,0.0,0.006479418490689364,0.005412693705049307,0.0,0.0010667247856400571,47635.0,29206.0,11235594.618020996,12721779.2509475,VAW,IYM,Materials
2023-07-14,5.212922863531088,4.90044840949395,183.63,134.35001,-0.0066,-0.009218,0.0,0.0,-0.006599999642953811,-0.009218288405730943,0.0,0.002618288762777132,704649.0,20140.0,17359724.047520995,11709357.93513,VAW,IYM,Materials
2023-07-17,5.213957072331007,4.901638471376573,183.82001,134.50999,0.001035,0.001191,0.0,0.0,0.0010347437782497878,0.001190770287251801,0.0,-0.00015602650900201315,896194.0,22143.0,25148171.082117997,11308334.5305585,VAW,IYM,Materials
2023-07-18,5.22305488204749,4.909561872002819,185.5,135.58,0.009139,0.007955,0.0,0.0,0.009139320577776007,0.007954873835021737,0.0,0.00118444674275427,88131.0,111794.0,25705912.158118,11833505.763819,VAW,IYM,Materials
2023-07-19,5.218407983319735,4.9028273414619505,184.64,134.67,-0.004636,-0.006712,0.0,0.0,-0.0046361185983827494,-0.006711904410680301,0.0,0.0020757858122975514,286122.0,134132.0,27929030.164617997,12603030.142818999,VAW,IYM,Materials
2023-07-20,5.21921999107385,4.904607889450726,184.78999,134.91,0.000812,0.001782,0.0,0.0,0.000812337521663732,0.001782134105591577,0.0,-0.0009697965839278451,67910.0,15962.0,28093757.599588,12477473.635823,VAW,IYM,Materials
2023-07-21,5.218624543491072,4.904237203306436,184.67999,134.86,-0.000595,-0.000371,0.0,0.0,-0.000595270339048127,-0.00037061744866935244,0.0,-0.00022465289037877455,36753.0,10542.0,28168366.5202115,12371214.7590695,VAW,IYM,Materials
2023-07-24,5.221112295639065,4.908307212994733,185.14,135.41,0.002491,0.004078,0.0,0.0,0.002490849171044511,0.004078303425774746,0.0,-0.0015874542547302355,68902.0,16893.0,28568517.071981497,12162601.8980695,VAW,IYM,Materials
2023-07-25,5.238514282177283,4.925730714431602,188.39,137.78999,0.017554,0.017576,0.0,0.0,0.017554283245111806,0.017576176057898105,0.0,-2.189281278629912e-05,71408.0,170943.0,28975410.885481995,13200354.797098,VAW,IYM,Materials
2023-07-26,5.237186366543805,4.921585477262745,188.14,137.22,-0.001327,-0.004137,0.0,0.0,-0.0013270343436488136,-0.004136657532234253,0.0,0.0028096231885854396,47525.0,76534.0,28965197.475935996,13593029.927098,VAW,IYM,Materials
2023-07-27,5.229395867514011,4.914418109754313,186.67999,136.24001,-0.00776,-0.007142,0.0,0.0,-0.007760231742319595,-0.007141743186124343,0.0,-0.0006184885561952517,41517.0,57791.0,28866197.448177498,13726922.4119935,VAW,IYM,Materials
2023-07-28,5.236654652975754,4.9223140414120925,188.03999,137.32001,0.007285,0.007927,0.0,0.0,0.007285194304970769,0.007927186734645588,0.0,-0.0006419924296748192,34602.0,88595.0,28702821.713449996,14138634.651791,VAW,IYM,Materials
2023-07-31,5.242540298210943,4.932169048708369,189.14999,138.67999,0.005903,0.009904,231708737.75,-97075993.0,0.0845845126444602,-0.09482702916051777,328784730.75,0.17941154180497798,34114.0,36810.0,28531651.960892998,14235519.063386003,VAW,IYM,Materials
2023-08-01,5.237664619336087,4.924786876970218,188.23,137.66,-0.004864,-0.007355,0.0,0.0,-0.004863812046725417,-0.007354990435173812,0.0,0.002491178388448395,67555.0,55905.0,26595994.611893,9621012.365886,VAW,IYM,Materials
2023-08-02,5.222461714244501,4.90779013080408,185.39,135.34,-0.015088,-0.016853,0.0,0.0,-0.015087924347872284,-0.01685311637367427,0.0,0.001765192025801986,124468.0,108960.0,26963286.988892995,8579722.541885998,VAW,IYM,Materials
2023-08-03,5.216157890934511,4.899852698084617,184.22501,134.27,-0.006284,-0.007906,0.0,0.0,-0.0062839959005339665,-0.007906014482045073,0.0,0.0016220185815111069,56567.0,135137.0,26502296.560926497,8789480.163385998,VAW,IYM,Materials
2023-08-04,5.213521769268049,4.895673350415294,183.74001,133.71001,-0.002633,-0.004171,0.0,0.0,-0.0026326501488587242,-0.004170626349892008,0.0,0.0015379762010332837,52288.0,22729.0,26594072.8765705,8487435.569620501,VAW,IYM,Materials
2023-08-07,5.220247711126114,4.904237203306436,184.98,134.86,0.006749,0.008601,0.0,0.0,0.006748611802078339,0.008600627582033685,0.0,-0.0018520157799553454,46501.0,41583.0,26543780.501570497,8511058.874557499,VAW,IYM,Materials
2023-08-08,5.210360087788895,4.892001896985033,183.16,133.22,-0.009839,-0.012161,0.0,0.0,-0.009838901502865175,-0.012160759305947053,0.0,0.002321857803081877,70883.0,50351.0,26877333.083143998,8670871.7987825,VAW,IYM,Materials
2023-08-09,5.205434184201305,4.891100800532543,182.25999,133.10001,-0.004914,-0.000901,0.0,0.0,-0.004913791220790609,-0.0009006905869989491,0.0,-0.004013100633791659,40279.0,31836.0,26602917.125004496,8405381.5167005,VAW,IYM,Materials
2023-08-10,5.205489104236842,4.8890701151444125,182.27,132.83,5.5e-05,-0.002029,0.0,0.0,5.4921543669611234e-05,-0.0020286249415006077,0.0,0.002083546485170219,45045.0,210877.0,26573168.221186996,9607904.4175975,VAW,IYM,Materials
2023-08-11,5.202301938114349,4.886129712679046,181.69,132.44,-0.003182,-0.002936,0.0,0.0,-0.003182092500137159,-0.002936083716028154,0.0,-0.0002460087841090054,37079.0,197052.0,20440277.603186995,10777492.3015275,VAW,IYM,Materials
2023-08-14,5.206147251575906,4.892302032093116,182.39,133.25999,0.003853,0.006191,0.0,0.0,0.003852716164896252,0.006191407429779374,0.0,-0.002338691264883122,75635.0,45063.0,12893111.483589996,10928824.312567499,VAW,IYM,Materials
2023-08-15,5.188893049266747,4.872904620630176,179.27,130.7,-0.017106,-0.019211,0.0,0.0,-0.017106200997861726,-0.019210492211503245,0.0,0.002104291213641519,47860.0,46601.0,12504689.568589997,10475510.321567502,VAW,IYM,Materials
2023-08-16,5.182513620804394,4.867303654593497,178.13,129.97,-0.006359,-0.005585,0.0,0.0,-0.006359123110392146,-0.00558530986993099,0.0,-0.0007738132404611561,68342.0,127580.0,10471899.287589997,10401411.1295675,VAW,IYM,Materials
2023-08-17,5.179871611341555,4.86868755460615,177.66,130.14999,-0.002639,0.001385,0.0,0.0,-0.002638522427440633,0.0013848580441640378,0.0,-0.004023380471604671,50857.0,32659.0,10296207.607544998,10506267.884738,VAW,IYM,Materials
2023-08-18,5.179871611341555,4.8663698494941405,177.66,129.84869,0.0,-0.002315,0.0,0.0,0.0,-0.0023150213073393246,0.0,0.0023150213073393246,55770.0,40312.0,10452235.333921498,10696906.198301999,VAW,IYM,Materials
2023-08-21,5.179984123305216,4.86845710160515,177.67999,130.12,0.000113,0.002089,0.0,0.0,0.0001125182933693127,0.002089431938050357,0.0,-0.0019769136446810445,55237.0,24678.0,10305135.000302996,10743087.209802,VAW,IYM,Materials
2023-08-22,5.178576108575232,4.8686107940668375,177.42999,130.14,-0.001407,0.000154,0.0,0.0,-0.0014070239423133691,0.0001537042729786374,0.0,-0.0015607282152920066,52335.0,45714.0,10096797.270635497,9862836.4947735,VAW,IYM,Materials
2023-08-23,5.18094055462162,4.869762658462976,177.85001,130.28999,0.002367,0.001153,0.0,0.0,0.002367243553358797,0.0011525280467189183,0.0,0.0012147155066398786,35015.0,24429.0,9961100.500642996,9496879.429059,VAW,IYM,Materials
2023-08-24,5.17660160786394,4.8639125145421644,177.08,129.53,-0.00433,-0.005833,0.0,0.0,-0.004329547127942292,-0.005833065149517476,0.0,0.001503518021575184,45052.0,25770.0,9972471.251401495,9270106.513163501,VAW,IYM,Materials
2023-08-25,5.180490579934594,4.868918031327523,177.77,130.17999,0.003897,0.005018,0.0,0.0,0.003896543934944658,0.0050180653130548905,0.0,-0.0011215213781102327,32626.0,29365.0,9937139.465702496,8852949.9691835,VAW,IYM,Materials
2023-08-28,5.187441614339297,4.876189197543333,179.00999,131.13,0.006975,0.007298,0.0,0.0,0.006975248917140081,0.007297665332437035,0.0,-0.00032241641529695466,48977.0,59132.0,10052874.941770997,8985408.4055885,VAW,IYM,Materials
2023-08-29,5.205269625497964,4.893502047281369,182.23,133.42,0.017988,0.017464,0.0,0.0,0.017987878777044834,0.017463585754594526,0.0,0.0005242930224503076,39901.0,106026.0,9780639.020770997,9307913.736588499,VAW,IYM,Materials
2023-08-30,5.20729802292538,4.895897691397775,182.60001,133.74001,0.00203,0.002399,0.0,0.0,0.002030456017121264,0.002398515964623291,0.0,-0.00036805994750202693,50305.0,63486.0,9086167.569923498,8995112.3303315,VAW,IYM,Materials
2023-08-31,5.206640577976133,4.896196659690262,182.48,133.78,-0.000657,0.000299,-8576560.0,-86957000.0,-0.003438770407720065,-0.10717112890330789,78380440.0,0.10373235849558783,77682.0,21490.0,9273885.330889996,8231616.6908315,VAW,IYM,Materials
2023-09-01,5.217866187961614,4.903940629598261,184.53999,134.82001,0.011289,0.007774,0.0,0.0,0.011288853572994188,0.00777403199282404,0.0,0.0035148215801701485,80590.0,169319.0,9537119.338450998,9221041.4136265,VAW,IYM,Materials
2023-09-05,5.196118569607973,4.886733577431695,180.57001,132.52,-0.021513,-0.01706,0.0,0.0,-0.021512843909875512,-0.017059856322514735,0.0,-0.004452987587360777,52620.0,87238.0,9582111.285760995,9518686.232626501,VAW,IYM,Materials
2023-09-06,5.192901349350029,4.8838619666017395,179.99001,132.14,-0.003212,-0.002868,0.0,0.0,-0.003212050550365322,-0.0028674916993663,0.0,-0.00034455885099902214,43393.0,79065.0,9323480.096957495,9705680.6766265,VAW,IYM,Materials
2023-09-07,5.186826934617523,4.877637168783252,178.89999,131.32001,-0.006056,-0.006205,0.0,0.0,-0.0060560027748207375,-0.0062054639019220375,0.0,0.0001494611271013,31317.0,65270.0,9236548.139438499,9922374.9333435,VAW,IYM,Materials
2023-09-08,5.187832633372765,4.876799169331325,179.08,131.21001,0.001006,-0.000838,0.0,0.0,0.0010062046398101646,-0.0008376484284457329,0.0,0.0018438530682558974,33106.0,26052.0,9122461.655938497,8692749.496869499,VAW,IYM,Materials
2023-09-11,5.189840890211953,4.878093887464327,179.44,131.38,0.00201,0.001296,0.0,0.0,0.0020102747375474648,0.0012955566423627123,0.0,0.0007147180951847525,36614.0,19997.0,9114118.288438497,7519231.4458695,VAW,IYM,Materials
2023-09-12,5.187609188710173,4.876112934435574,179.03999,131.12,-0.002229,-0.001979,0.0,0.0,-0.0022292131074454994,-0.001978992236261227,0.0,-0.0002502208711842725,38252.0,23410.0,8766796.790812496,7372452.659401,VAW,IYM,Materials
2023-09-13,5.1827381506958785,4.869993041027979,178.17,130.32001,-0.004859,-0.006101,0.0,0.0,-0.004859193747720717,-0.006101205003050641,0.0,0.0012420112553299233,36385.0,27294.0,8661939.453312498,7245762.842048,VAW,IYM,Materials
2023-09-14,5.198054944609642,4.885223306849744,180.92,132.32001,0.015435,0.015347,0.0,0.0,0.015434697199304036,0.015346837373631263,0.0,8.785982567277237e-05,48325.0,27622.0,8490399.380312499,6599431.377858999,VAW,IYM,Materials
2023-09-15,5.187497531442793,4.876341630064309,179.02,131.14999,-0.010502,-0.008842,0.0,0.0,-0.010501879283661288,-0.008842351205989177,0.0,-0.0016595280776721105,116552.0,58472.0,9081893.601312498,6770333.0624525,VAW,IYM,Materials
2023-09-18,5.18329925496377,4.872368899498472,178.27,130.63,-0.004189,-0.003965,0.0,0.0,-0.004189476036197073,-0.003964849711387702,0.0,-0.00022462632480937158,43221.0,24732.0,8971739.074812496,6670147.1008885,VAW,IYM,Materials
2023-09-19,5.18183967231272,4.8721392934120065,178.00999,130.60001,-0.001459,-0.00023,0.0,0.0,-0.001458517978347565,-0.0002295797290055883,0.0,-0.0012289382493419767,32651.0,34540.0,8771623.803605497,6735138.250158501,VAW,IYM,Materials
2023-09-20,5.172754086883347,4.861825802471293,176.39999,129.25999,-0.009044,-0.01026,0.0,0.0,-0.009044436213944913,-0.010260489260299613,0.0,0.0012160530463546995,48117.0,30614.0,8731725.793214496,6635535.5188515,VAW,IYM,Materials
2023-09-21,5.152771227916698,4.843005286045291,172.91,126.85,-0.019785,-0.018645,0.0,0.0,-0.019784524931095563,-0.018644516373550534,0.0,-0.0011400085575450289,75974.0,54563.0,9077188.105206998,6822458.638065999,VAW,IYM,Materials
2023-09-22,5.151671786206552,4.841664221670439,172.72,126.68,-0.001099,-0.00134,0.0,0.0,-0.0010988375455439246,-0.0013401655498620417,0.0,0.00024132800431811712,38246.0,49861.0,9008590.153206997,6971378.807065999,VAW,IYM,Materials
2023-09-25,5.159112711359524,4.849213801410043,174.00999,127.64,0.007469,0.007578,0.0,0.0,0.0074686776285316095,0.007578149668455952,0.0,-0.00010947203992434269,47968.0,20540.0,9135939.512222996,6911328.3167485,VAW,IYM,Materials
2023-09-26,5.1437666066994385,4.827032917402579,171.36,124.84,-0.015229,-0.01623,0.0,0.0,-0.01522895323423661,-0.021936696960200563,0.0,0.006707743725963954,67658.0,44006.0,9277264.642211497,6798314.8107485,VAW,IYM,Materials
2023-09-27,5.14586524335636,4.829273276797001,171.72,125.12,0.002101,0.002243,0.0,0.0,0.0021008403361344537,0.002242870874719641,0.0,-0.00014203053858518732,64790.0,29694.0,9469993.620711496,6276781.028748499,VAW,IYM,Materials
2023-09-28,5.151903290208729,4.839134975933884,172.75999,126.36,0.011062,0.00991,0.0,0.0,0.0060563126019099675,0.009910485933503837,0.0,-0.0038541733315938694,59760.0,43001.0,9526915.795678997,6123930.4330055,VAW,IYM,Materials
2023-09-29,5.150513171779642,4.838818369947386,172.52,126.32,-0.001389,-0.000317,-43130000.0,-6316000.0,-0.016215015945741384,-0.009572884058480766,-36814000.0,-0.006642131887260618,78342.0,33214.0,9493923.319678998,6189963.4470055,VAW,IYM,Materials
2023-10-02,5.137150463826479,4.824064723012886,170.23,124.47,-0.013274,-0.014645,0.0,0.0,-0.013273823324831903,-0.014645345155161495,0.0,0.001371521830329592,105460.0,58880.0,9647942.219973996,5415023.663346001,VAW,IYM,Materials
2023-10-03,5.131908528214131,4.820281565605037,169.34,124.0,-0.005228,-0.003776,0.0,0.0,-0.005228220642659931,-0.0037760102836024746,0.0,-0.0014522103590574563,81672.0,30955.0,9864379.347663999,5028905.675346,VAW,IYM,Materials
2023-10-04,5.140903033460182,4.826952811662959,170.87,124.83,0.009035,0.006694,0.0,0.0,0.009035077359159089,0.0066935483870967745,0.0,0.002341528972062314,59213.0,87542.0,9979750.2879675,5052916.613346,VAW,IYM,Materials
2023-10-05,5.130253681500782,4.814458191011861,169.06,123.28,-0.010593,-0.012417,0.0,0.0,-0.010592848364253527,-0.012416886966274132,0.0,0.0018240386020206053,55329.0,27390.0,10167315.775625996,4793185.720710999,VAW,IYM,Materials
2023-10-06,5.139028508864655,4.824867806898001,170.55,124.57,0.008813,0.010464,0.0,0.0,0.00881343901573406,0.0104639844256976,0.0,-0.0016505454099635403,60996.0,27801.0,10391028.041625997,4795430.090185,VAW,IYM,Materials
2023-10-09,5.140259003328035,4.829735126649676,170.75999,125.1778,0.001231,0.004879,0.0,0.0,0.00123125183230712,0.004879184394316448,0.0,-0.0036479325620093284,74484.0,18399.0,10698471.588383999,4779227.114295,VAW,IYM,Materials
2023-10-10,5.151150575828457,4.841111495532162,172.63,126.61,0.010951,0.011441,0.0,0.0,0.010951101601727787,0.01144132585809944,0.0,-0.0004902242563716522,58438.0,17493.0,10860447.300509999,4736490.590795,VAW,IYM,Materials
2023-10-11,5.153175980878366,4.842532174539857,172.98,126.79,0.002027,0.001422,0.0,0.0,0.0020274575682094655,0.0014216886501856093,0.0,0.0006057689180238562,33118.0,31903.0,10822749.110009996,4760891.941648,VAW,IYM,Materials
2023-10-12,5.135386528698252,4.832146383322478,169.92999,125.48,-0.017632,-0.010332,0.0,0.0,-0.01763215400624345,-0.010332045113967979,0.0,-0.007300108892275472,33993.0,25113.0,10674422.667513497,4735703.737837,VAW,IYM,Materials
2023-10-13,5.1315541486699345,4.82895353258964,169.28,125.08,-0.003825,-0.003188,0.0,0.0,-0.0038250458321100827,-0.0031877590054191903,0.0,-0.0006372868266908923,38093.0,22531.0,9953584.867513496,4493182.501073001,VAW,IYM,Materials
2023-10-16,5.141371116085311,4.835487941050301,170.95,125.9,0.009865,0.006556,0.0,0.0,0.00986531190926276,0.006555804285257435,0.0,0.0033095076240053254,32993.0,27546.0,9850342.151513498,4505047.513072999,VAW,IYM,Materials
2023-10-17,5.153118169055832,4.846860674588879,172.97,127.34,0.011816,0.011438,0.0,0.0,0.01181632056156771,0.011437648927720413,0.0,0.00037867163384729813,33424.0,73241.0,9848799.406338997,4745826.742803,VAW,IYM,Materials
2023-10-18,5.126579603293727,4.820523471827238,168.44,124.03,-0.02619,-0.025993,0.0,0.0,-0.026189512632248366,-0.025993403486728444,0.0,-0.00019610914551992237,73417.0,27609.0,10042725.464397496,4719185.68961,VAW,IYM,Materials
2023-10-19,5.115055307620571,4.809905337618946,166.50999,122.72,-0.011458,-0.010562,0.0,0.0,-0.011458145333650088,-0.01056196081593163,0.0,-0.0008961845177184579,58931.0,30467.0,9876522.258431997,4560065.37411,VAW,IYM,Materials
2023-10-20,5.102302421794827,4.796534070766275,164.39999,121.09,-0.012672,-0.013282,0.0,0.0,-0.012671912357931026,-0.013282268578878749,0.0,0.0006103562209477231,56057.0,61148.0,10007018.314403499,4614466.36611,VAW,IYM,Materials
2023-10-23,5.090678001769792,4.782646691118846,162.5,119.42,-0.011557,-0.013791,0.0,0.0,-0.011557117491308899,-0.013791394830291518,0.0,0.0022342773389826195,445524.0,47312.0,13209555.254387498,4765880.03811,VAW,IYM,Materials
2023-10-24,5.102180820720354,4.795955821194175,164.38,121.02,0.011569,0.013398,0.0,0.0,0.01156923076923077,0.013398090772064981,0.0,-0.001828860002834212,57356.0,29339.0,13101270.474387499,4668724.87511,VAW,IYM,Materials
2023-10-25,5.09122437555737,4.781557503293855,162.58881,119.29,-0.010897,-0.014295,0.0,0.0,-0.0108966419272417,-0.014295157825152867,0.0,0.003398515897911167,62108.0,23516.0,13049886.824961497,4623220.3931100005,VAW,IYM,Materials
2023-10-26,5.09870721961654,4.792893792071041,163.81,120.65,0.007511,0.011401,0.0,0.0,0.007510910498699085,0.011400787995640874,0.0,-0.0038898774969417897,60571.0,42552.0,13029786.750341497,4608235.01511,VAW,IYM,Materials
2023-10-27,5.097485546994985,4.794550107149492,163.61,120.85,-0.001221,0.001658,0.0,0.0,-0.0012209266833526646,0.0016576875259013675,0.0,-0.0028786142092540323,1425150.0,21611.0,24012448.233341496,4529039.8586099995,VAW,IYM,Materials
2023-10-30,5.107156861086878,4.803283067577055,165.2,121.91,0.009718,0.008771,0.0,0.0,0.009718232381883747,0.008771203971865949,0.0,0.0009470284100177983,110426.0,16974.0,24026944.2033415,4266065.19561,VAW,IYM,Materials
2023-10-31,5.1112646353781805,4.80582269946677,165.88,122.22,0.004116,0.002543,-315172000.0,-30555000.0,-0.11088895074290747,-0.044304937685760215,-284617000.0,-0.06658401305714726,46679.0,15776.0,23722583.0053415,4170551.3316099993,VAW,IYM,Materials
2023-11-01,5.113973766802443,4.808274281964574,166.33,122.52,0.002713,0.002455,0.0,0.0,0.002712804436942368,0.002454590083456063,0.0,0.000258214353486305,73582.0,26036.0,23828641.4428415,3783654.4746099995,VAW,IYM,Materials
2023-11-02,5.133088828197127,4.826311734631628,169.53999,124.75,0.019299,0.018201,0.0,0.0,0.01929892382612864,0.018201110022853413,0.0,0.0010978138032752272,67052.0,21798.0,23929345.176315498,3750787.53961,VAW,IYM,Materials
2023-11-03,5.1499333607817785,4.840242308167575,172.42,126.5,0.016987,0.014028,0.0,0.0,0.016987201662569545,0.014028056112224449,0.0,0.0029591455503450957,38150.0,15811.0,23738092.9363155,3677633.5861099996,VAW,IYM,Materials
2023-11-06,5.14464151563835,4.832783731973753,171.50999,125.56,-0.005278,-0.007431,0.0,0.0,-0.005277867996752252,-0.007430830039525692,0.0,0.0021529620427734398,43476.0,24290.0,23474976.9978195,3714968.889,VAW,IYM,Materials
2023-11-07,5.126876460200996,4.810557015713042,168.49001,122.8,-0.017608,-0.021982,0.0,0.0,-0.01760818713825331,-0.021981522777954763,0.0,0.004373335639701454,50314.0,12084.0,23394439.718976498,3678425.2125,VAW,IYM,Materials
2023-11-08,5.129425230065743,4.810801285551003,168.92,122.83,0.002552,0.000244,0.0,0.0,0.0025520207399831987,0.000244299674267101,0.0,0.002307721065716098,53262.0,60190.0,23557852.9889765,3845833.0290000006,VAW,IYM,Materials
2023-11-09,5.120445893427694,4.806885789888681,167.41,122.35,-0.008939,-0.003908,0.0,0.0,-0.008939142789486147,-0.003907840104209069,0.0,-0.005031302685277078,49665.0,18691.0,23684752.363973,3802616.2594999997,VAW,IYM,Materials
2023-11-10,5.132262723186075,4.820200917191751,169.39999,123.99,0.011887,0.013404,0.0,0.0,0.011886924317543809,0.013404168369431958,0.0,-0.0015172440518881492,48137.0,24631.0,23770053.5779045,3814407.2699999996,VAW,IYM,Materials
2023-11-13,5.130194529153895,4.818020947816869,169.05,123.72,-0.002066,-0.002178,0.0,0.0,-0.0020660567925653898,-0.0021775949673360755,0.0,0.00011153817477068577,53354.0,62691.0,23939020.5954045,4028811.726,VAW,IYM,Materials
2023-11-14,5.163528040199398,4.848821997933652,174.78,127.59,0.033895,0.03128,0.0,0.0,0.033895297249334516,0.03128031037827352,0.0,0.002614986871060994,89039.0,40091.0,24428064.9524045,3818246.8135000006,VAW,IYM,Materials
2023-11-15,5.167183098523235,4.855228269843183,175.42,128.41,0.003662,0.006427,0.0,0.0,0.003661746195216844,0.006426835958930951,0.0,-0.002765089763714107,40794.0,38277.0,24167551.1524045,3892787.0785,VAW,IYM,Materials
2023-11-16,5.168265627187763,4.855617649674887,175.61,128.46001,0.001083,0.000389,0.0,0.0,0.001083114810169878,0.00038945564987150533,0.0,0.0006936591602983728,49975.0,18685.0,24115726.62887,3825855.3308425,VAW,IYM,Materials
2023-11-17,5.1715629582025375,4.855773250198451,176.19,128.48,0.003303,0.000156,0.0,0.0,0.003302773190592791,0.00015561262995386656,0.0,0.003147160560638924,34565.0,28107.0,23959438.4843985,3636194.1328425007,VAW,IYM,Materials
2023-11-20,5.173150890255142,4.858493705803434,176.47,128.83,0.001589,0.002724,0.0,0.0,0.0015891934843067143,0.0027241594022417758,0.0,-0.0011349659179350614,63852.0,45787.0,20902954.1063985,3648631.1413424998,VAW,IYM,Materials
2023-11-21,5.175471536549191,4.862119044346617,176.88,129.2979,0.002323,0.003632,0.0,0.0,0.0023233410778035926,0.0036319180315142166,0.0,-0.001308576953710624,30041.0,13910.0,20697227.7463985,3561027.5417925,VAW,IYM,Materials
2023-11-22,5.176827468960327,4.86252198594166,177.12,129.35001,0.001357,0.000403,0.0,0.0,0.0013568521031207597,0.0004030227869130125,0.0,0.0009538293162077473,37668.0,27691.0,20525912.2638245,3599857.916138,VAW,IYM,Materials
2023-11-24,5.180603022282345,4.8657636527491395,177.78999,129.77,0.003783,0.003247,0.0,0.0,0.003782689701896887,0.0032469266913856443,0.0,0.0005357630105112428,15817.0,8980.0,20170410.701915998,3401429.706138,VAW,IYM,Materials
2023-11-27,5.179871611341555,4.864838434853934,177.66,129.64999,-0.000731,-0.000925,0.0,0.0,-0.0007311435250093475,-0.0009247900131001002,0.0,0.00019364648809075272,245895.0,10351.0,10696256.411915997,3337945.5909625003,VAW,IYM,Materials
2023-11-28,5.180096735160606,4.868049702305931,177.7,130.067,0.000225,0.003216,0.0,0.0,0.00022514916131937407,0.0032164290949810333,0.0,-0.002991279933661659,172533.0,21158.0,11317093.356915997,3372078.4532625005,VAW,IYM,Materials
2023-11-29,5.185148724433438,4.871832891215797,178.60001,130.56,0.005065,0.00379,0.0,0.0,0.005064772087788356,0.0037903542020650896,0.0,0.0012744178857232663,34334.0,8469.0,11236540.368082996,3330956.9492625003,VAW,IYM,Materials
2023-11-30,5.195121173719587,4.880906187421472,180.39,131.75,0.010022,0.009115,-81175500.0,-13175000.0,-0.02091986538710772,-0.010671977124183007,-68000500.0,-0.010247888262924713,40480.0,23862.0,10989705.025082996,3328651.3382625,VAW,IYM,Materials
2023-12-01,5.209977835224513,4.896346147694128,183.09,133.8,0.014968,0.01556,0.0,0.0,0.014967570264427075,0.01555977229601518,0.0,-0.0005922020315881054,68257.0,22596.0,11046163.961108996,3343853.5532625,VAW,IYM,Materials
2023-12-04,5.200594278019421,4.884920888113592,181.38,132.28,-0.00934,-0.01136,0.0,0.0,-0.009339669015238408,-0.011360239162929745,0.0,0.0020205701476913376,46270.0,13789.0,11136895.441108996,3335049.4242625,VAW,IYM,Materials
2023-12-05,5.185372607531902,4.868764462910782,178.64,130.16,-0.015106,-0.016027,0.0,0.0,-0.015106406439519241,-0.016026610220743878,0.0,0.0009202037812246367,34235.0,43514.0,11069854.044846997,3465745.9162625,VAW,IYM,Materials
2023-12-06,5.18498073720948,4.866380015120692,178.57001,129.85001,-0.000392,-0.002382,0.0,0.0,-0.0003917935512763624,-0.0023816072526121695,0.0,0.001989813701335807,80782.0,30537.0,11367245.854080996,3589811.6440310003,VAW,IYM,Materials
2023-12-07,5.191233143938362,4.870990011582737,179.69,130.45,0.006272,0.004621,0.0,0.0,0.006271993824718996,0.00462063884323151,0.0,0.0016513549814874866,44432.0,12610.0,11316594.306080997,3302403.484031,VAW,IYM,Materials
2023-12-08,5.194400197652838,4.873669439023098,180.25999,130.8,0.003172,0.002683,0.0,0.0,0.0031720741276641765,0.0026830203142966655,0.0,0.0004890538133675111,36939.0,13186.0,11233804.612111496,3274297.731531,VAW,IYM,Materials
2023-12-11,5.199711762793915,4.880526608749236,181.22,131.7,0.005326,0.006881,0.0,0.0,0.005325696512021466,0.006880733944954129,0.0,-0.0015550374329326632,55180.0,32771.0,11326070.226179998,3337394.882031,VAW,IYM,Materials
2023-12-12,5.201916592261682,4.883559287228504,181.62,132.10001,0.002207,0.003037,0.0,0.0,0.002207261891623441,0.0030372817008352316,0.0,-0.0008300198092117904,68458.0,22100.0,11496762.639179995,3095558.867081,VAW,IYM,Materials
2023-12-13,5.21884116504624,4.897914349410837,184.72,134.00999,0.017069,0.014459,0.0,0.0,0.017068604779209337,0.014458590881257134,0.0,0.0026100138979522035,121859.0,29538.0,11844140.542179998,3037717.686812,VAW,IYM,Materials
2023-12-14,5.23808954099755,4.919031570223175,188.31,136.87,0.019435,0.021342,0.0,0.0,0.019434820268514508,0.021341767132435605,0.0,-0.0019069468639210975,267652.0,40362.0,14006413.774179995,3068177.555312,VAW,IYM,Materials
2023-12-15,5.235164498283287,4.9169837380148005,187.75999,136.59,-0.002921,-0.002046,0.0,0.0,-0.0029207689448251506,-0.002045736830569153,0.0,-0.0008750321142559974,283192.0,13537.0,16226214.641083995,3040614.7324695,VAW,IYM,Materials
2023-12-18,5.2390980068880655,4.9223140414120925,188.5,137.32001,0.003941,0.005345,0.0,0.0,0.003941255003262539,0.005344534738999927,0.0,-0.001403279735737388,51440.0,13596.0,16406536.273583997,2953405.5072675003,VAW,IYM,Materials
2023-12-19,5.246392293683117,4.934042185264735,189.88,138.94,0.01205,0.011797,0.0,0.0,0.007320954907161803,0.011797188188378372,0.0,-0.004476233281216569,40715.0,11524.0,16229686.361583998,2738525.7747675003,VAW,IYM,Materials
2023-12-20,5.230734161728278,4.9143446337779695,186.92999,136.23,-0.015536,-0.014229,0.0,0.0,-0.015536180745734098,-0.019504822225421044,0.0,0.003968641479686947,55378.0,11513.0,16481594.206894998,2727019.8848175,VAW,IYM,Materials
2023-12-21,5.242434609300363,4.926238677457506,189.13,137.86,0.011769,0.011965,0.0,0.0,0.011769165557650703,0.011965059091242927,0.0,-0.0001958935335922233,51298.0,20559.0,16633105.935894996,2689641.515472,VAW,IYM,Materials
2023-12-22,5.249074599969585,4.9321244125777355,190.39,138.6738,0.006662,0.005903,0.0,0.0,0.006662084280653519,0.005903090091396896,0.0,0.0007589941892566232,50222.0,14816.0,16970589.0513035,2734104.3365120003,VAW,IYM,Materials
2023-12-26,5.25504445431457,4.937275759741795,191.53,139.39,0.005988,0.005165,0.0,0.0,0.00598770943852093,0.005164638165248058,0.0,0.0008230712732728721,53278.0,7564.0,15296520.533303495,2719721.2821875,VAW,IYM,Materials
2023-12-27,5.25728706908423,4.93874537306793,191.96001,139.595,0.002245,0.001471,0.0,0.0,0.002245131311021898,0.0014706937369970863,0.0,0.0007744375740248116,68948.0,14517.0,14425327.766777495,2683448.4336375003,VAW,IYM,Materials
2023-12-28,5.2526921885217615,4.9336822529281275,191.08,138.89,-0.004584,-0.00505,0.0,0.0,-0.004584340248784234,-0.005050324152011346,0.0,0.00046598390322711257,36973.0,14208.0,14471965.171610499,2726830.2576375,VAW,IYM,Materials
2023-12-29,5.2467082328148065,4.928412433838423,189.94,138.16,-0.005966,-0.005256,15575080.0,-6908000.0,-0.00024161381592624714,-0.015203398372812848,22483080.0,0.014961784556886602,47691.0,11328.0,14559777.238610497,2647893.1566375,VAW,IYM,Materials
2024-01-02,5.24449455985053,4.925948558487469,189.52,137.82001,-0.002211,-0.002461,0.0,0.0,-0.0022112245972412342,-0.002460842501447597,0.0,0.0002496179042063627,74974.0,44173.0,14645372.156110495,2801122.081724,VAW,IYM,Materials
2024-01-03,5.230252635633907,4.914050969580866,186.84,136.19,-0.014141,-0.011827,0.0,0.0,-0.014140987758547911,-0.011827092451959625,0.0,-0.002313895306588286,74525.0,31272.0,14921962.076110497,2922868.319724,VAW,IYM,Materials
2024-01-04,5.225531650597388,4.908307212994733,185.96001,135.41,-0.00471,-0.005727,0.0,0.0,-0.0047098587026332545,-0.005727292752771863,0.0,0.0010174340501386088,58475.0,19570.0,15159875.635347996,2772177.892724,VAW,IYM,Materials
2024-01-05,5.228913696409157,4.910741364945862,186.59,135.74001,0.003388,0.002437,0.0,0.0,0.003387771381599718,0.0024371169042170008,0.0,0.0009506544773827171,50067.0,16189.0,14905713.584456999,2683791.15605,VAW,IYM,Materials
2024-01-08,5.23399210266952,4.914931703582751,187.53999,136.31,0.005091,0.004199,0.0,0.0,0.005091323222037608,0.004199130381675792,0.0,0.0008921928403618157,42347.0,69165.0,14903602.078283498,3072936.48855,VAW,IYM,Materials
2024-01-09,5.222299880124121,4.902010196224638,185.36,134.56,-0.011624,-0.012838,0.0,0.0,-0.011624134138004366,-0.012838383097351625,0.0,0.001214248959347259,40595.0,31943.0,14946905.349752996,3201612.55255,VAW,IYM,Materials
2024-01-10,5.220139639549755,4.899778144028255,184.96001,134.25999,-0.002158,-0.00223,0.0,0.0,-0.0021579089339663214,-0.00222956302021421,0.0,7.16540862478886e-05,53501.0,36745.0,14941696.644503498,3232484.6841775,VAW,IYM,Materials
2024-01-11,5.217053079717073,4.8973919384819045,184.39,133.94,-0.003082,-0.002383,0.0,0.0,-0.0030818013039683695,-0.0023833608210456145,0.0,-0.000698440482922755,78679.0,12839.0,15045410.587003496,3172496.9561275,VAW,IYM,Materials
2024-01-12,5.217920429476008,4.8969438763431254,184.55,133.88,0.000868,-0.000448,0.0,0.0,0.0008677260155106025,-0.0004479617739286248,0.0,0.0013156877894392274,39350.0,12837.0,14283022.988003498,3060508.4798965,VAW,IYM,Materials
2024-01-16,5.206202022815668,4.88514765405432,182.39999,132.31,-0.01165,-0.011727,0.0,0.0,-0.011650013546464387,-0.011726919629518972,0.0,7.690608305458563e-05,50484.0,18227.0,12223359.636761498,2904871.8513965,VAW,IYM,Materials
2024-01-17,5.19827606762864,4.875731607926561,180.96001,131.07001,-0.007895,-0.009372,0.0,0.0,-0.007894627625801924,-0.00937185397929106,0.0,0.0014772263534891354,40539.0,39717.0,9931550.174626997,3072706.2892549997,VAW,IYM,Materials
2024-01-18,5.203457030548814,4.881057978557161,181.89999,131.77,0.005194,0.005341,0.0,0.0,0.005194407316843067,0.005340580961274055,0.0,-0.00014617364443098805,34109.0,14842.0,9756949.512572497,3077142.663457,VAW,IYM,Materials
2024-01-19,5.205050098577594,4.88393756537871,182.19,132.14999,0.001594,0.002884,0.0,0.0,0.001594337635752496,0.00288373681414586,0.0,-0.0012893991783933642,45669.0,32530.0,9786423.058072496,3212027.394192,VAW,IYM,Materials
2024-01-22,5.209158230228218,4.887864841928826,182.94,132.67,0.004117,0.003935,0.0,0.0,0.004116581590647127,0.003934998405977753,0.0,0.00018158318466937433,65758.0,20356.0,9870321.034761498,3268638.120692,VAW,IYM,Materials
2024-01-23,5.2119967145893025,4.892902257189914,183.46001,133.34,0.002842,0.00505,0.0,0.0,0.002842516672132954,0.005050124368734636,0.0,-0.002207607696601682,43780.0,30933.0,9786815.459651496,3333155.244692,VAW,IYM,Materials
2024-01-24,5.199049420107477,4.884240281591309,181.10001,132.19,-0.012864,-0.008625,0.0,0.0,-0.01286383882787317,-0.008624568771561422,0.0,-0.0042392700563117485,45468.0,36827.0,9720439.893385496,3473833.750152,VAW,IYM,Materials
2024-01-25,5.20806443229303,4.8927523284470364,182.74001,133.32001,0.009056,0.008548,0.0,0.0,0.009055769792613485,0.008548377335653227,0.0,0.0005073924569602584,41580.0,37389.0,9590139.607175497,3670351.5448465,VAW,IYM,Materials
2024-01-26,5.20926760437128,4.89320219720416,182.96001,133.38,0.001204,0.00045,0.0,0.0,0.0012038961801523378,0.0004499699632485776,0.0,0.0007539262169037602,49447.0,26894.0,9380717.849424997,3748382.6000965,VAW,IYM,Materials
2024-01-29,5.215804944973573,4.897839799950911,184.16,134.0,0.006559,0.004648,0.0,0.0,0.006558755653762794,0.004648373069425701,0.0,0.001910382584337093,75833.0,31150.0,9725748.071424996,3858420.1440965,VAW,IYM,Materials
2024-01-30,5.219111808367062,4.903940629598261,184.77,134.82001,0.003312,0.006119,0.0,0.0,0.0033123370981754997,0.006119477611940299,0.0,-0.002807140513764799,600988.0,23338.0,14825054.282424998,3937487.7897655005,VAW,IYM,Materials
2024-01-31,5.2051599229435155,4.891175854058928,182.21001,133.11,-0.013855,-0.012684,-32251171.770000003,-46588500.00000001,-0.026043240437554516,-0.0824938982115352,14337328.230000004,0.056450657773980686,756267.0,21633.0,21004571.540058497,3777070.0561789996,VAW,IYM,Materials
2024-02-01,5.221436322212079,4.902975841610724,185.2,134.69,0.01641,0.01187,0.0,0.0,0.016409581449449435,0.011869882052437636,0.0,0.0045396993970118,110010.0,42555.0,21327051.590058498,3850710.019679,VAW,IYM,Materials
2024-02-02,5.214663981550784,4.895224367762628,183.95,133.64999,-0.006749,-0.007722,0.0,0.0,-0.006749460043196544,-0.007721508649491424,0.0,0.0009720486062948803,102600.0,31525.0,21727014.510820996,3928877.1314165005,VAW,IYM,Materials
2024-02-05,5.190899179780744,4.869071729774468,179.63,130.2,-0.023485,-0.025814,0.0,0.0,-0.023484642565914652,-0.025813619589496416,0.0,0.0023289770235817644,67718.0,175846.0,21868123.651320998,4963759.840322,VAW,IYM,Materials
2024-02-06,5.204446150937966,4.884315927417586,182.08,132.2,0.013639,0.015361,0.0,0.0,0.013639147135779102,0.015360983102918587,0.0,-0.0017218359671394845,40579.0,22749.0,21840467.069494497,4642736.672822,VAW,IYM,Materials
2024-02-07,5.21112415484566,4.889897898613436,183.3,132.94,0.0067,0.005598,0.0,0.0,0.006700351493848858,0.0055975794251134645,0.0,0.0011027720687353934,49579.0,43534.0,21918624.144494496,4717194.6668219995,VAW,IYM,Materials
2024-02-08,5.211560502621754,4.8862807885513195,183.38,132.46001,0.000436,-0.003611,0.0,0.0,0.000436442989634479,-0.0036105761997893785,0.0,0.0040470191894238575,40849.0,15809.0,21798391.350744,4575228.515098999,VAW,IYM,Materials
2024-02-09,5.214337752752762,4.889145396508546,183.89,132.84,0.002781,0.002869,0.0,0.0,0.0027811102628421858,0.0028687148672267198,0.0,-8.760460438453398e-05,55274.0,12108.0,21581227.103244,4569667.068099,VAW,IYM,Materials
2024-02-12,5.222785303935599,4.896719844676856,185.45,133.85001,0.008483,0.007603,0.0,0.0,0.0084833324269944,0.007603206865401987,0.0,0.0008801255615924122,69577.0,26842.0,21863277.710744,4663376.28852,VAW,IYM,Materials
2024-02-13,5.2049951544258946,4.877408540778752,182.17999,131.28999,-0.017633,-0.019126,0.0,0.0,-0.017632839040172574,-0.019126035179227854,0.0,0.00149319613905528,93651.0,23816.0,22255930.568160497,4699135.690112,VAW,IYM,Materials
2024-02-14,5.213249554157973,4.882953426260625,183.69,132.02,0.008289,0.00556,0.0,0.0,0.00828856121904499,0.0055602868124218765,0.0,0.002728274406623114,92969.0,17126.0,22743007.456391,4551899.0367535,VAW,IYM,Materials
2024-02-15,5.234152162385678,4.907568442275553,187.57001,135.31,0.021123,0.02492,0.0,0.0,0.021122597855081953,0.024920466595970307,0.0,-0.0037978687408883535,31930.0,34753.0,22732241.6394105,4689233.9412535,VAW,IYM,Materials
2024-02-16,5.237080057076847,4.911330553312502,188.12,135.82001,0.002932,0.003769,0.0,0.0,0.0029321851611566045,0.003769196659522578,0.0,-0.0008370114983659734,43534.0,17734.0,22725700.687910497,4594723.5853854995,VAW,IYM,Materials
2024-02-20,5.234205421080793,4.906385198730593,187.58,135.14999,-0.00287,-0.004933,0.0,0.0,-0.002870508186264087,-0.004933146448744923,0.0,0.0020626382624808364,60772.0,23070.0,22694192.849910498,4615587.5728505,VAW,IYM,Materials
2024-02-21,5.239363223704366,4.911330553312502,188.55,135.82001,0.005171,0.004958,0.0,0.0,0.0051711269858193834,0.004957603030529266,0.0,0.00021352395529011716,34846.0,15673.0,22621109.5530205,4515792.612687,VAW,IYM,Materials
2024-02-22,5.249652194566756,4.920126900574753,190.5,137.02,0.010342,0.008835,0.0,0.0,0.010342084327764518,0.008835148812019673,0.0,0.0015069355157448453,36189.0,13855.0,22554097.015286498,4367305.161187,VAW,IYM,Materials
2024-02-23,5.2549922418096635,4.92645626585365,191.52,137.89,0.005354,0.006349,0.0,0.0,0.005354330708661417,0.006349438038242403,0.0,-0.000995107329580986,41892.0,11150.0,22575338.326496497,4194943.7434925,VAW,IYM,Materials
2024-02-26,5.250491737065432,4.919980925828125,190.66,137.0,-0.00449,-0.006454,0.0,0.0,-0.004490392648287385,-0.00645442019000634,0.0,0.0019640275417189554,52367.0,10727.0,22622211.756773,4089067.6074925,VAW,IYM,Materials
2024-02-27,5.254417724258018,4.923180182307264,191.41,137.439,0.003934,0.003204,0.0,0.0,0.003933703975663485,0.0032043795620437954,0.0,0.0007293244136196897,49054.0,11426.0,22393412.799773,3958881.5081924996,VAW,IYM,Materials
2024-02-28,5.254678961748437,4.924169222945823,191.46001,137.575,0.000261,0.00099,0.0,0.0,0.0002612716159030565,0.000989529900537693,0.0,-0.0007282582846346366,46776.0,9443.0,17288971.833160996,3866516.0747735,VAW,IYM,Materials
2024-02-29,5.262431087983628,4.930725910867953,192.95,138.48,0.007782,0.006578,158604900.0,-34620000.0,0.06635104495591129,-0.04812710853368518,193224900.0,0.11447815348959647,68236.0,10177.0,11057307.761527497,3793003.1912735,VAW,IYM,Materials
2024-03-01,5.2675488328764,4.935336870046028,193.94,139.12,0.005131,0.004622,0.0,0.0,0.005130862917854366,0.00462160600808781,0.0,0.000509256909766556,40520.0,11470.0,10431537.601527497,3586201.8637735,VAW,IYM,Materials
2024-03-04,5.273204614461426,4.942499198329286,195.03999,140.12,0.005672,0.007188,0.0,0.0,0.005671805713107035,0.00718803910293272,0.0,-0.0015162333898256853,38169.0,9525.0,9860098.170442997,3442268.217036,VAW,IYM,Materials
2024-03-05,5.267187831351116,4.934905494670872,193.87,139.06,-0.005999,-0.007565,0.0,0.0,-0.005998718519212283,-0.00756494433342849,0.0,0.0015662258142162076,37492.0,14672.0,9615317.655442996,2399525.173036,VAW,IYM,Materials
2024-03-06,5.27499756122642,4.9433553119193085,195.39,140.24001,0.00784,0.008486,0.0,0.0,0.00784030535926136,0.008485617718970228,0.0,-0.0006453123597088672,34435.0,18376.0,9582299.171942998,2378006.8042240003,VAW,IYM,Materials
2024-03-07,5.28811550406344,4.957837078408803,197.97,142.28571,0.013204,0.014587,0.0,0.0,0.013204360509749732,0.014587135297551675,0.0,-0.0013827747878019433,32618.0,11248.0,9450776.909942996,2168657.789528,VAW,IYM,Materials
2024-03-08,5.2837112648943405,4.9528649283460435,197.10001,141.58,-0.004395,-0.00496,0.0,0.0,-0.004394554730514776,-0.00495980938633964,0.0,0.0005652546558248643,29256.0,17790.0,9364550.323570998,2189890.1846235,VAW,IYM,Materials
2024-03-11,5.2913431028107,4.962704760338705,198.61,142.98,0.007661,0.009888,0.0,0.0,0.007661034618922699,0.0098884023167114,0.0,-0.0022273676977887,36614.0,11559.0,9219928.857570997,2192104.1396235,VAW,IYM,Materials
2024-03-12,5.290587618874082,4.960464176849892,198.46001,142.66,-0.000755,-0.002238,0.0,0.0,-0.0007551986304817397,-0.0022380752552804586,0.0,0.001482876624798719,26143.0,15221.0,8834193.127142496,2121035.4342025,VAW,IYM,Materials
2024-03-13,5.297717186476004,4.972171627644127,199.88,144.34,0.007155,0.011776,0.0,0.0,0.007155043477020777,0.011776251226692836,0.0,-0.004621207749672059,43685.0,12385.0,8417714.104967998,2054077.8591105,VAW,IYM,Materials
2024-03-14,5.289932310013596,4.963683439200464,198.33,143.12,-0.007755,-0.008452,0.0,0.0,-0.007754652791675005,-0.008452265484273244,0.0,0.0006976126925982385,229759.0,14381.0,9842245.447967997,2043939.5691105002,VAW,IYM,Materials
2024-03-15,5.291544431920813,4.9690491187753265,198.64999,143.89,0.001613,0.00538,0.0,0.0,0.0016134220743206282,0.005380100614868642,0.0,-0.0037666785405480133,80396.0,8356.0,10341323.156804997,1868935.3896104998,VAW,IYM,Materials
2024-03-18,5.291745821164998,4.971478648223956,198.69,144.24001,0.000201,0.002432,0.0,0.0,0.00020140952435985425,0.002432483146848287,0.0,-0.002231073622488433,44585.0,15209.0,10374772.035304997,1858191.1023479998,VAW,IYM,Materials
2024-03-19,5.294108521773982,4.971249004569296,199.16,144.20689,0.002366,-0.00023,0.0,0.0,0.0023654939856057175,-0.0002296172885733993,0.0,0.0025951112741791167,56306.0,14040.0,10365486.595304998,1803528.8256629999,VAW,IYM,Materials
2024-03-20,5.30534263148479,4.982784365940479,201.41,145.88,0.011297,0.011602,0.0,0.0,0.011297449287005422,0.011602150216262205,0.0,-0.0003047009292567824,39622.0,12537.0,10435989.281304996,1788538.3528264998,VAW,IYM,Materials
2024-03-21,5.310394098373692,4.982989993275931,202.42999,145.91,0.005064,0.003349,0.0,0.0,0.005064247058239463,0.0002056484782012613,0.0,0.004858598580038201,30191.0,10198.0,10396867.247709496,1768017.2568265,VAW,IYM,Materials
2024-03-22,5.300514950091524,4.97680263659904,200.44,145.00999,-0.006463,-0.006168,0.0,0.0,-0.009830509797486085,-0.006168254403399355,0.0,-0.00366225539408673,29039.0,14336.0,10286738.313709496,1795086.7426584996,VAW,IYM,Materials
2024-03-25,5.301312925378283,4.977009497500096,200.60001,145.03999,0.000798,0.000207,0.0,0.0,0.0007982937537417172,0.00020688229824717593,0.0,0.0005914114554945413,34387.0,11661.0,10132425.329902995,1806172.358828,VAW,IYM,Materials
2024-03-26,5.301512257444556,4.974247896643866,200.64,144.64,0.000199,-0.002758,0.0,0.0,0.00019935193422976498,-0.002757791144359566,0.0,0.002957143078589331,25462.0,12027.0,9918388.806902997,1814632.7221279996,VAW,IYM,Materials
2024-03-27,5.317874865763567,4.9930142853388535,203.95,147.38,0.016497,0.018944,0.0,0.0,0.016497208931419458,0.018943584070796462,0.0,-0.0024463751393770036,41328.0,15257.0,9892044.415514996,1862105.5188779999,VAW,IYM,Materials
2024-03-28,5.3202255696804155,4.9953862833335165,204.42999,147.73,0.002354,0.002375,-32708798.400000002,-14772999.999999998,-0.008362591084532947,-0.020668285751275536,-17935798.400000006,0.012305694666742589,45560.0,13423.0,9699429.122734997,1890788.960378,VAW,IYM,Materials
2024-04-01,5.317040980546139,4.996806786159722,203.78,147.94,-0.00318,0.001422,0.0,0.0,-0.003179523708825715,0.001421512218235971,0.0,-0.004601035927061686,59098.0,13983.0,9908656.204734998,1914435.8913779997,VAW,IYM,Materials
2024-04-02,5.312072331780373,4.9934213133615675,202.77,147.44,-0.004956,-0.00338,0.0,0.0,-0.004956325449013642,-0.003379748546708125,0.0,-0.0015765769023055173,39170.0,27842.0,9933557.180819498,2052954.965378,VAW,IYM,Materials
2024-04-03,5.32017670090093,5.002603122398992,204.42,148.8,0.008137,0.009224,0.0,0.0,0.00813729841692558,0.009224091155724362,0.0,-0.0010867927387987822,81063.0,14923.0,10398673.401819497,2061967.6693779998,VAW,IYM,Materials
2024-04-04,5.309059463079938,4.991792206294776,202.16,147.2,-0.011056,-0.010753,0.0,0.0,-0.011055669699638001,-0.010752688172043012,0.0,-0.0003029815275949893,36363.0,17527.0,10429817.873319497,2062113.8681899998,VAW,IYM,Materials
2024-04-05,5.316451936743519,5.001056294957599,203.66,148.57001,0.00742,0.009307,0.0,0.0,0.00741986545310645,0.009307133152173913,0.0,-0.0018872676990674625,59780.0,435859.0,10715688.340319496,5219871.1843155,VAW,IYM,Materials
2024-04-08,5.318168963233432,5.000248201209769,204.00999,148.45,0.001719,-0.000808,0.0,0.0,0.0017185014239417247,-0.0008077673280091992,0.0,0.0025262687519509238,47495.0,11598.0,10911843.169443997,5180021.9293155,VAW,IYM,Materials
2024-04-09,5.321203470334738,5.004147627960702,204.63,149.03,0.003039,0.003907,0.0,0.0,0.0030391158785902025,0.003907039407207814,0.0,-0.0008679235286176111,29076.0,25900.0,10845738.936443996,5290380.4883155,VAW,IYM,Materials
2024-04-10,5.305044736962225,4.989956214828233,201.35001,146.92999,-0.016029,-0.014091,0.0,0.0,-0.016028881395689802,-0.014091189693350333,0.0,-0.0019376917023394696,62868.0,332554.0,11219245.555806497,7624916.890038501,VAW,IYM,Materials
2024-04-11,5.304647290242906,4.986137662495856,201.27,146.37,-0.000397,-0.003811,0.0,0.0,-0.0003973677478337157,-0.0038112709325032962,0.0,0.0034139031846695807,34277.0,21407.0,11127604.255306497,7692201.4745385,VAW,IYM,Materials
2024-04-12,5.2864471939775495,4.9684234452869465,197.64,143.8,-0.018036,-0.017558,0.0,0.0,-0.018035474735430018,-0.01755824280931885,0.0,-0.0004772319261111685,52236.0,23796.0,9365395.283806497,7760384.2785385,VAW,IYM,Materials
2024-04-15,5.281323790171466,4.96319421949612,196.63,143.05,-0.00511,-0.005216,0.0,0.0,-0.00511030155838899,-0.00521557719054242,0.0,0.00010527563215343046,45588.0,37891.0,9015060.476004496,7971282.4140385,VAW,IYM,Materials
2024-04-16,5.274485582088791,4.957726660663075,195.28999,142.27,-0.006815,-0.005453,0.0,0.0,-0.006814880740477019,-0.0054526389374344635,0.0,-0.0013622418030425553,55158.0,13492.0,9110721.056925498,7957570.4404339995,VAW,IYM,Materials
2024-04-17,5.275202207872767,4.956671771152826,195.42999,142.12,0.000717,-0.001054,0.0,0.0,0.0007168826215823965,-0.0010543333099037042,0.0,0.0017712159314861007,60900.0,18236.0,9145110.228475496,7985922.219653999,VAW,IYM,Materials
2024-04-18,5.274844010362394,4.956460659649984,195.36,142.09,-0.000358,-0.000211,0.0,0.0,-0.0003581333653038813,-0.00021108922037714608,0.0,-0.0001470441449267352,25469.0,12860.0,8994878.069475496,7985841.211654,VAW,IYM,Materials
2024-04-19,5.274280788719795,4.957445465582136,195.25,142.23,-0.000563,0.000985,0.0,0.0,-0.0005630630630630631,0.0009852910127384053,0.0,-0.0015483540758014685,56256.0,18327.0,9238499.078070996,8041774.163154001,VAW,IYM,Materials
2024-04-22,5.276736158514432,4.956179108300197,195.73,142.05,0.002458,-0.001266,0.0,0.0,0.0024583866837387964,-0.0012655557899177389,0.0,0.003723942473656535,27472.0,31288.0,9216324.948070997,8160054.022321999,VAW,IYM,Materials
2024-04-23,5.268734064006362,4.946416721769604,194.17,140.67,-0.00797,-0.009715,0.0,0.0,-0.007970162979614776,-0.009714889123548046,0.0,0.00174472614393327,42928.0,13028.0,9288189.808877498,8167120.894152502,VAW,IYM,Materials
2024-04-24,5.268991537166208,4.947325528839988,194.22,140.7979,0.000258,0.000909,0.0,0.0,0.00025750630890456817,0.0009092201606597,0.0,-0.0006517138517551319,28277.0,12545.0,9307352.971877497,8168457.112927501,VAW,IYM,Materials
2024-04-25,5.272743115428606,4.953103634138052,194.95,141.6138,0.003759,0.005795,0.0,0.0,0.0037586242405519515,0.0057948307467653995,0.0,-0.002036206506213448,23793.0,12136.0,9117832.959377497,8141959.533767501,VAW,IYM,Materials
2024-04-26,5.279083577432737,4.957882760097678,196.19,142.29221,0.006361,0.004791,0.0,0.0,0.006360605283406002,0.004790564196427184,0.0,0.0015700410869788177,33013.0,16527.0,8975982.465657497,8160393.7120010005,VAW,IYM,Materials
2024-04-29,5.288418534368789,4.9682148004345015,198.03,143.77,0.009379,0.010386,0.0,0.0,0.009378663540445486,0.010385600167430108,0.0,-0.0010069366269846221,23787.0,13495.0,8609359.924157497,8153970.2685010005,VAW,IYM,Materials
2024-04-30,5.270277909516791,4.949114437448006,194.47,141.05,-0.017977,-0.018919,15557600.0,49367500.00000001,-0.012670993263109411,0.06187579017139303,-33809900.00000001,-0.07454678343450244,31666.0,26392.0,8520139.230157496,8134848.624501,VAW,IYM,Materials
2024-05-01,5.27499756122642,4.947766489317265,195.39,140.86,0.004731,-0.001347,0.0,0.0,0.0047308068082480585,-0.0013470400567172924,0.0,0.006077846864965351,53390.0,31720.0,8213187.912157496,8247225.464500999,VAW,IYM,Materials
2024-05-02,5.275458072401954,4.943426544402806,195.48,140.25,0.000461,-0.004331,0.0,0.0,0.00046061722708429296,-0.0043305409626581415,0.0,0.004791158189742435,37119.0,71146.0,8208431.814157496,8617138.069501001,VAW,IYM,Materials
2024-05-03,5.283508250894329,4.952653011557909,197.06,141.55,0.008083,0.009269,0.0,0.0,0.008082668303662778,0.009269162210338681,0.0,-0.001186493906675903,44847.0,20081.0,8041569.565157497,5521482.547571501,VAW,IYM,Materials
2024-05-06,5.290738771404857,4.959341999708705,198.49001,142.5,0.007257,0.006711,0.0,0.0,0.00725672384045473,0.006711409395973154,0.0,0.0005453144444815755,48461.0,15096.0,8038048.060135497,5542955.3925715,VAW,IYM,Materials
2024-05-07,5.301562046874898,4.97182509400429,200.64999,144.28999,0.010882,0.012561,0.0,0.0,0.010882059001357207,0.012561333333333334,0.0,-0.0016792743319761268,55682.0,16061.0,8299186.603294497,5465833.6190410005,VAW,IYM,Materials
2024-05-08,5.297967255266234,4.966195652664082,199.92999,143.48,-0.003588,-0.005614,0.0,0.0,-0.003588338080654776,-0.005613625726912865,0.0,0.0020252876462580885,36016.0,40163.0,8026296.907852498,3310855.186318,VAW,IYM,Materials
2024-05-09,5.309455160404694,4.978456395732021,202.24001,145.25,0.011554,0.012336,0.0,0.0,0.01155414452829222,0.012336214106495678,0.0,-0.0007820695782034589,70252.0,9598.0,8391738.577478496,3223893.5318179997,VAW,IYM,Materials
2024-05-10,5.309702261980618,4.978938276166652,202.28999,145.32001,0.000247,0.000482,0.0,0.0,0.0002471321080333316,0.00048199655765920825,0.0,-0.00023486444962587667,18233.0,12966.0,8059960.094861996,3147011.254301,VAW,IYM,Materials
2024-05-13,5.3091089276262355,4.980519670191632,202.17,145.55,-0.000593,0.001583,0.0,0.0,-0.000593158366363017,0.0015826450878994572,0.0,-0.002175803454262474,46588.0,9069.0,8082696.4708619965,2941995.524301,VAW,IYM,Materials
2024-05-14,5.311825716572829,4.983126986153646,202.72,145.92999,0.002721,0.002611,0.0,0.0,0.0027204827620319534,0.002610717966334593,0.0,0.00010976479569736047,27974.0,10413.0,7827650.671440996,2921998.6315945,VAW,IYM,Materials
2024-05-15,5.31335375137415,4.984291387202921,203.03,146.10001,0.001529,0.001165,0.0,0.0,0.0015292028413575376,0.0011650792273747157,0.0,0.0003641236139828219,27690.0,6168.0,7513661.386890995,2837470.8586785,VAW,IYM,Materials
2024-05-16,5.306731865149055,4.980038620118788,201.69,145.48,-0.0066,-0.004244,0.0,0.0,-0.006600009850760972,-0.0042437368758564764,0.0,-0.002356272974904495,24342.0,17396.0,7510357.093890998,2872645.4926785,VAW,IYM,Materials
2024-05-17,5.31527280719745,4.990772665000004,203.42,147.05,0.008578,0.010792,0.0,0.0,0.008577519956368684,0.010791861424250756,0.0,-0.0022143414678820715,22463.0,11416.0,7189629.066890997,2826249.1721785003,VAW,IYM,Materials
2024-05-20,5.3171391207886245,4.996062964912999,203.8,147.83,0.001868,0.005304,0.0,0.0,0.0018680562383246485,0.005304318259095546,0.0,-0.0034362620207708974,97206.0,10876.0,7911303.478890997,2684416.1061785,VAW,IYM,Materials
2024-05-21,5.3157642801517575,4.9934213133615675,203.52,147.44,-0.001374,-0.002638,0.0,0.0,-0.0013738959764474975,-0.0026381654603260503,0.0,0.0012642694838785528,20624.0,17849.0,7704406.814890996,2724366.4961784994,VAW,IYM,Materials
2024-05-22,5.30633513814162,4.9808974758322995,201.61,145.605,-0.009385,-0.012446,0.0,0.0,-0.009384827044025157,-0.012445740640260446,0.0,0.0030609135962352887,28304.0,11210.0,7715127.339890997,2717662.6159035,VAW,IYM,Materials
2024-05-23,5.296465653184562,4.97307187354129,199.63,144.47,-0.009821,-0.007795,0.0,0.0,-0.00982094142155647,-0.007795061982761581,0.0,-0.002025879438794889,32307.0,7744.0,7805677.392890997,2687670.1460635,VAW,IYM,Materials
2024-05-24,5.304746604633372,4.981824280857476,201.28999,145.74001,0.008315,0.008791,0.0,0.0,0.008315333366728402,0.008790821623866546,0.0,-0.0004754882571381437,24669.0,4816.0,7730117.507556496,2605181.172738,VAW,IYM,Materials
2024-05-28,5.301163362855859,4.9802447440483855,200.57001,145.50999,-0.003577,-0.001578,0.0,0.0,-0.003576829627742453,-0.0015782899973727188,0.0,-0.0019985396303697344,29583.0,6538.0,7791263.657347998,2555739.580969,VAW,IYM,Materials
2024-05-29,5.286497739148208,4.964730961905281,197.64999,143.27,-0.014559,-0.015394,0.0,0.0,-0.014558607241431647,-0.015394063321700456,0.0,0.000835456080268809,27250.0,10390.0,7752657.417722997,2444038.765969,VAW,IYM,Materials
2024-05-30,5.295814236329918,4.972656476138474,199.5,144.41,0.00936,0.007957,0.0,0.0,0.009360030830257108,0.007957004257695261,0.0,0.0014030265725618468,25963.0,8323.0,7490044.737722998,2280731.027469,VAW,IYM,Materials
2024-05-31,5.308267697401205,4.983606621708336,202.0,146.0,0.012531,0.01101,64842000.0,-7300000.0,0.0343654379802792,2.107525975257645e-05,72142000.0,0.03434436272052662,38064.0,11399.0,7511690.031722997,1865032.4024689998,VAW,IYM,Materials
2024-06-03,5.300814246746624,4.97597483383263,200.5,144.89,-0.007426,-0.007603,0.0,0.0,-0.007425742574257425,-0.0076027397260275765,0.0,0.00017699715177015105,32936.0,6069.0,7399995.940722997,1766875.9954690002,VAW,IYM,Materials
2024-06-04,5.285485387732658,4.959482340737635,197.45,142.52,-0.015212,-0.016357,0.0,0.0,-0.015211970074812968,-0.016357236524259605,0.0,0.0011452664494466368,34999.0,6111.0,7264572.349492498,1702863.9814689998,VAW,IYM,Materials
2024-06-05,5.294409741717019,4.967449396646655,199.22,143.66,0.008964,0.007999,0.0,0.0,0.008964294758166624,0.007998877350547292,0.0,0.000965417407619332,36931.0,9553.0,7073812.403333497,1655611.1039995,VAW,IYM,Materials
2024-06-06,5.294811227218749,4.970438104344843,199.3,144.09,0.000402,0.002993,0.0,0.0,0.00040156610782049993,0.0029931783377418904,0.0,-0.0025916122299213906,20836.0,3731.0,6921409.217341496,1394361.7314995,VAW,IYM,Materials
2024-06-07,5.283102200741556,4.9630543984668085,196.98,143.03,-0.011641,-0.007357,0.0,0.0,-0.011640742599096839,-0.00735651329030467,0.0,-0.0042842293087921686,23353.0,7131.0,6441024.655215496,1375653.6029995,VAW,IYM,Materials
2024-06-10,5.283356001407877,4.961788128302262,197.03,142.849,0.000254,-0.001265,0.0,0.0,0.0002538328764341558,-0.0012654687827728449,0.0,0.0015193016592070006,30791.0,4875.0,6559944.522331997,1316262.0842665,VAW,IYM,Materials
2024-06-11,5.280662431309316,4.955615767675482,196.5,141.97,-0.00269,-0.002637,0.0,0.0,-0.0026899456935492055,-0.0061533507409922365,0.0,0.003463405047443031,26983.0,7731.0,6354117.699331997,1305140.9402665,VAW,IYM,Materials
2024-06-12,5.28492812942902,4.95786715827859,197.34,142.28999,0.004275,0.002254,0.0,0.0,0.004274809160305344,0.002253926885961823,0.0,0.002020882274343521,25606.0,9283.0,6323227.637331997,1295206.3898315,VAW,IYM,Materials
2024-06-13,5.283356001407877,4.9533591556799825,197.03,141.64999,-0.001571,-0.004498,0.0,0.0,-0.0015708928752407013,-0.004497856806371271,0.0,0.0029269639311305697,27070.0,13415.0,6308812.707331997,1345160.87754,VAW,IYM,Materials
2024-06-14,5.271870716533053,4.942356524720546,194.78,140.10001,-0.01142,-0.010942,0.0,0.0,-0.011419580774501345,-0.010942323398681496,0.0,-0.00047725737581984923,30338.0,6257.0,6358797.590331997,1262452.6616685002,VAW,IYM,Materials
2024-06-17,5.278879621674169,4.9483768382996836,196.14999,140.946,0.007034,0.006038,0.0,0.0,0.007033525002566941,0.006038472088617267,0.0,0.0009950529139496744,24331.0,25279.0,6368952.687666496,1356665.2183685,VAW,IYM,Materials
2024-06-18,5.277400118292649,4.9516634723196855,195.86,141.41,-0.001478,0.003292,0.0,0.0,-0.001478409455947404,0.0032920409234742385,0.0,-0.004770450379421642,39492.0,41850.0,5765168.703666497,1572175.6893685,VAW,IYM,Materials
2024-06-20,5.2758161012015234,4.95420602612954,195.55,141.77,-0.001583,0.002546,0.0,0.0,-0.001582763198202798,0.002545788840958914,0.0,-0.004128552039161712,27111.0,7890.0,5820376.682166496,1496521.1263684998,VAW,IYM,Materials
2024-06-21,5.275662675983231,4.9550521095192215,195.52,141.89,-0.000153,0.000846,0.0,0.0,-0.0001534134492457172,0.0008464414191999281,0.0,-0.0009998548684456454,24383.0,9381.0,5773426.418166498,1481463.0283684998,VAW,IYM,Materials
2024-06-24,5.279440259825528,4.961164828574325,196.25999,142.75999,0.003785,0.006131,0.0,0.0,0.003784727905073592,0.006131439847769584,0.0,-0.0023467119426959925,57795.0,6990.0,6018096.403768997,1475418.8608735,VAW,IYM,Materials
2024-06-25,5.266465437098854,4.947198388179985,193.73,140.78,-0.012891,-0.013869,0.0,0.0,-0.012891012579792697,-0.013869362137108583,0.0,0.000978349557315886,37128.0,31386.0,6129455.637603497,1661250.7204655001,VAW,IYM,Materials
2024-06-26,5.267652003794172,4.947482550103625,193.96001,140.82001,0.001187,0.000284,0.0,0.0,0.0011872709440975135,0.00028420230146327606,0.0,0.0009030686426342374,53986.0,47740.0,6356338.762304997,1949820.8686044998,VAW,IYM,Materials
2024-06-27,5.265070824444671,4.942324332912759,193.46001,140.0955,-0.002578,-0.005145,0.0,0.0,-0.0025778509704139528,-0.005144936433394657,0.0,0.0025670854629807043,48436.0,12068.0,6555562.103147997,1959925.7283045002,VAW,IYM,Materials
2024-06-28,5.2607712504740665,4.9417137772063615,192.63,140.00999,-6e-05,-0.00061,-68961540.0,-14000998.999999998,-0.027731131622428837,-0.022574976622108757,-54960541.0,-0.00515615500032008,26260.0,13678.0,6549504.368147997,1995582.3389655002,VAW,IYM,Materials
2024-07-01,5.246444957137325,4.928918964476265,189.89,138.23,-0.014224,-0.012713,0.0,0.0,-0.014224160307324924,-0.012713307100443333,0.0,-0.0015108532068815912,45503.0,26829.0,6597086.201647997,2097798.2724655,VAW,IYM,Materials
2024-07-02,5.249284620457989,4.932122177113311,190.42999,138.67349,0.002844,0.003208,0.0,0.0,0.002843698983622178,0.0032083484048325253,0.0,-0.0003646494212103473,82512.0,40514.0,7052540.768391997,2334742.2906584996,VAW,IYM,Materials
2024-07-03,5.257026512130156,4.942285073208023,191.91,140.09,0.007772,0.010215,0.0,0.0,0.007771937602895344,0.010214713713486262,0.0,-0.0024427761105909173,28974.0,313398.0,6985033.157891998,4486391.5956585,VAW,IYM,Materials
2024-07-05,5.257234921446806,4.944348685944494,191.95,140.37939,0.000208,0.002066,0.0,0.0,0.00020843103538116826,0.002065743450638875,0.0,-0.0018573124152577065,36966.0,4726.0,6971944.651891997,4450944.0465155,VAW,IYM,Materials
2024-07-08,5.2603038724125595,4.945705656482606,192.53999,140.57001,0.003074,0.001358,0.0,0.0,0.0030736650169314057,0.0013578916392213984,0.0,0.0017157733777100072,33016.0,37517.0,7082158.927383998,4687752.310273999,VAW,IYM,Materials
2024-07-09,5.250963670164566,4.936342617706269,190.75,139.25999,-0.009297,-0.009319,0.0,0.0,-0.009296718048027236,-0.00931934201327865,0.0,2.262396525141465e-05,24653.0,6855.0,7087283.2178839985,4684486.3253465,VAW,IYM,Materials
2024-07-10,5.263725921778417,4.947892138103517,193.2,140.8777,0.012844,0.011616,0.0,0.0,0.012844036697247707,0.011616473618876463,0.0,0.0012275630783712445,43332.0,10880.0,7202532.801383997,4726304.3503965,VAW,IYM,Materials
2024-07-11,5.282035533973754,4.960464176849892,196.77,142.66,0.018478,0.012651,0.0,0.0,0.01847826086956522,0.012651399050381998,0.0,0.00582686181918322,32493.0,37209.0,7257107.206883997,4936837.6438965,VAW,IYM,Materials
2024-07-12,5.291695439906956,4.969466017058185,198.67999,143.95,0.009707,0.009042,0.0,0.0,0.009706713421761526,0.009042478620496284,0.0,0.0006642348012652413,47660.0,8298.0,7477907.221053997,4930518.600037999,VAW,IYM,Materials
2024-07-15,5.291292801963539,4.967519003022628,198.60001,143.67,-0.000403,-0.001945,0.0,0.0,-0.0004025568956392177,-0.001945119833275443,0.0,0.001542562937636225,34672.0,23031.0,7555520.093389997,5000950.0577455,VAW,IYM,Materials
2024-07-16,5.312516085947849,4.98559088463262,202.86,146.28999,0.02145,0.018236,0.0,0.0,0.02145009962486918,0.01823616621424097,0.0,0.0032139334106282107,41543.0,8859.0,7681428.960389997,5021918.920687499,VAW,IYM,Materials
2024-07-17,5.307970623576175,4.981695275701826,201.94,145.72121,-0.004535,-0.003888,0.0,0.0,-0.0045351473922902496,-0.0038880308898782017,0.0,-0.0006471165024120478,57196.0,7437.0,8020310.702055496,4897956.655925999,VAW,IYM,Materials
2024-07-18,5.298367315300577,4.968353832293782,200.00999,143.78999,-0.009557,-0.013253,0.0,0.0,-0.009557343765474976,-0.013252840818436976,0.0,0.003695497052962,20135.0,12327.0,7834925.603487996,4690681.1912625,VAW,IYM,Materials
2024-07-19,5.288872907720037,4.9590613287453476,198.12,142.46001,-0.00945,-0.00925,0.0,0.0,-0.009449477998573888,-0.009249461662804204,0.0,-0.00020001633576968367,30137.0,8692.0,7868384.9229879975,4696666.0466085,VAW,IYM,Materials
2024-07-22,5.294108521773982,4.96079217576511,199.16,142.7068,0.005249,0.001732,0.0,0.0,0.005249343832020997,0.0017323458000599607,0.0,0.0035169980319610366,20314.0,8062.0,7832303.526987998,4687637.6531885,VAW,IYM,Materials
2024-07-23,5.299566585948469,4.960744524482791,200.25,142.7,0.005473,-4.8e-05,0.0,0.0,0.005472986543482627,-4.765014701471829e-05,0.0,0.005520636690497345,47239.0,9789.0,7738141.708385497,4707587.5516834995,VAW,IYM,Materials
2024-07-24,5.284319856904183,4.948736485848965,197.22,140.9967,-0.015131,-0.011936,0.0,0.0,-0.015131086142322097,-0.011936229852838123,0.0,-0.0031948562894839744,23661.0,9362.0,7611822.457385497,4552662.052953499,VAW,IYM,Materials
2024-07-25,5.289680173152373,4.9528649283460435,198.28,141.58,0.005375,0.004137,0.0,0.0,0.005374708447419126,0.004136976255472646,0.0,0.0012377321919464796,40412.0,20838.0,7488910.770392498,4364036.891083499,VAW,IYM,Materials
2024-07-26,5.3063847376257955,4.965614287718723,201.62,143.39661,0.016845,0.012831,0.0,0.0,0.01684486584627799,0.012830978951829355,0.0,0.0040138868944486344,31261.0,29487.0,7335531.459174497,4490920.058337,VAW,IYM,Materials
2024-07-29,5.307722994622132,4.966195652664082,201.89,143.48,0.001339,0.000582,0.0,0.0,0.0013391528618192639,0.0005815339707124179,0.0,0.000757618891106846,24853.0,12465.0,7333486.877674496,4484591.136175999,VAW,IYM,Materials
2024-07-30,5.305789381386738,4.961759356248367,201.5,142.84489,-0.001932,-0.004426,0.0,0.0,-0.0019317450096587251,-0.004426470588235294,0.0,0.0024947255785765688,41632.0,6324.0,7320901.044174497,4344330.056894,VAW,IYM,Materials
2024-07-31,5.3171391207886245,4.972448712711015,203.8,144.38,0.011414,0.010747,-20380000.0,-28876000.0,0.004603062057131952,-0.034680125862709854,8496000.0,0.039283187919841804,29258.0,6833.0,6833402.097430497,4112746.5952009996,VAW,IYM,Materials
2024-08-01,5.308267697401205,4.967379715811652,202.0,143.64999,-0.008832,-0.005056,0.0,0.0,-0.008832188420019628,-0.005056171214849702,0.0,-0.0037760172051699258,29377.0,14628.0,6852089.780430498,2022615.906887,VAW,IYM,Materials
2024-08-02,5.284319856904183,4.944851553550253,197.22,140.45,-0.023663,-0.022276,0.0,0.0,-0.023663366336633664,-0.0222762981048589,0.0,-0.0013870682317747643,31506.0,16086.0,6807989.261430497,2102408.19203,VAW,IYM,Materials
2024-08-05,5.25744333942411,4.92107514447074,191.99001,137.14999,-0.026519,-0.023496,0.0,0.0,-0.026518557955582514,-0.023495977216091136,0.0,-0.0030225807394913783,67562.0,12375.0,7138705.698719497,1923581.4950839996,VAW,IYM,Materials
2024-08-06,5.266258942854148,4.928918964476265,193.69,138.23,0.008855,0.007875,0.0,0.0,0.008854575297954217,0.007874663352144613,0.0,0.0009799119458096042,59898.0,15111.0,7483659.892219497,1980289.8100114998,VAW,IYM,Materials
2024-08-07,5.250754002052061,4.913610311524382,190.71001,136.13,-0.015385,-0.015192,0.0,0.0,-0.015385358046362659,-0.015192071185704984,0.0,-0.00019328686065767445,30835.0,30389.0,7359099.930136996,2110495.0697115,VAW,IYM,Materials
2024-08-08,5.269403356383394,4.931485371105181,194.3,138.58521,0.018824,0.018036,0.0,0.0,0.018824339634820338,0.018035774627194592,0.0,0.0007885650076257453,24189.0,8949.0,7274413.684636997,1907093.2249259998,VAW,IYM,Materials
2024-08-09,5.26827044519574,4.931375685276313,194.08,138.57001,-0.001132,-0.00011,0.0,0.0,-0.001132269686052496,-0.00010967981359627048,0.0,-0.0010225898724562255,27837.0,11385.0,7071089.516466998,1926249.3481184996,VAW,IYM,Materials
2024-08-12,5.263415314538772,4.926545463412887,193.14,137.9023,-0.004843,-0.004819,0.0,0.0,-0.004843363561417972,-0.004818575101495626,0.0,-2.4788459922345414e-05,16855.0,5775.0,6889565.274130997,1800625.4487434998,VAW,IYM,Materials
2024-08-13,5.274075953401885,4.937463703912886,195.21001,139.4162,0.010718,0.010978,0.0,0.0,0.01071766594180396,0.010978062004767144,0.0,-0.0002603960629631828,25256.0,9244.0,6714705.825758996,1800264.465313,VAW,IYM,Materials
2024-08-14,5.272589217975305,4.935829847994889,194.92,139.1886,-0.001486,-0.001633,0.0,0.0,-0.0014856307829706928,-0.0016325219020458168,0.0,0.00014689111907512402,22367.0,7990.0,6355186.595758997,1801683.8790744997,VAW,IYM,Materials
2024-08-15,5.290083561620933,4.949218012374614,198.36,141.06461,0.017648,0.013478,0.0,0.0,0.017648265955263698,0.013478187150384442,0.0,0.004170078804879256,22406.0,7487.0,6376049.246326497,1765866.4554915,VAW,IYM,Materials
2024-08-16,5.2906883393835455,4.952229113884232,198.48,141.49001,0.000605,0.003016,0.0,0.0,0.0006049606775559589,0.0030156394293366705,0.0,-0.0024106787517807118,20796.0,8761.0,6283891.628326497,1765933.0340260002,VAW,IYM,Materials
2024-08-19,5.296315413977562,4.9563445293234745,199.60001,142.0735,0.005643,0.004124,0.0,0.0,0.005642936316001534,0.004123895390211648,0.0,0.0015190409257898859,23895.0,10440.0,6320076.928273997,1782570.2899459999,VAW,IYM,Materials
2024-08-20,5.29099054079389,4.951734186176095,198.53999,141.42,-0.005311,-0.0046,0.0,0.0,-0.005310721176817583,-0.004599731828947693,0.0,-0.0007109893478698904,18178.0,34164.0,6027549.437684997,1954299.4189460003,VAW,IYM,Materials
2024-08-21,5.30395146516513,4.964870478939968,201.13,143.28999,0.013045,0.013223,0.0,0.0,0.013045281205061092,0.013222952906236742,0.0,-0.00017767170117564957,23098.0,35073.0,6026513.353684997,2139579.3546395,VAW,IYM,Materials
2024-08-22,5.300963861488942,4.958569771792903,200.53,142.39,-0.002983,-0.006281,0.0,0.0,-0.002983145229453587,-0.006280899314739292,0.0,0.003297754085285705,19932.0,21894.0,5825716.983684997,2147941.4856395,VAW,IYM,Materials
2024-08-23,5.316451936743519,4.973724391276008,203.66,144.5643,0.015609,0.01527,0.0,0.0,0.015608637111654116,0.015270033007935951,0.0,0.0003386041037181653,21657.0,40921.0,5731108.073684997,2232310.4797010003,VAW,IYM,Materials
2024-08-26,5.3202255696804155,4.978938276166652,204.42999,145.32001,0.003781,0.005227,0.0,0.0,0.0037807620544044757,0.0052275008421857954,0.0,-0.0014467387877813197,61181.0,87523.0,6105591.026094498,2778828.7314625,VAW,IYM,Materials
2024-08-27,5.318854968781993,4.981000488966565,204.14999,145.62,-0.00137,0.002064,0.0,0.0,-0.0013696620539872843,0.002064340623152999,0.0,-0.0034340026771402833,25749.0,6045.0,5948981.530719997,2777674.8222445,VAW,IYM,Materials
2024-08-28,5.312811812698489,4.97279489187538,202.92,144.42999,-0.006025,-0.008172,0.0,0.0,-0.00602493294268599,-0.008172023073753606,0.0,0.002147090131067616,32077.0,4520.0,5976295.7527199965,2760988.5729845,VAW,IYM,Materials
2024-08-29,5.319246809729067,4.978731676255384,204.23,145.28999,0.006456,0.005954,0.0,0.0,0.006455746106840134,0.005954442010277782,0.0,0.000501304096562352,21370.0,5362.0,5897807.807719997,2694875.2166174995,VAW,IYM,Materials
2024-08-30,5.329719129687568,4.986120514026077,206.38,146.36749,0.010527,0.007416,-11557280.0,-36591872.5,0.00669050809363918,-0.051843574033842085,25034592.5,0.05853408212748126,28301.0,4767.0,5879165.160719996,2616797.972859,VAW,IYM,Materials
2024-09-03,5.303653155871478,4.957233884457548,201.07001,142.19991,-0.025729,-0.028473,0.0,0.0,-0.025729188874891035,-0.028473399386708072,0.0,0.002744210511817037,26984.0,94925.0,5501887.365430997,3206852.739384,VAW,IYM,Materials
2024-09-04,5.29696645447708,4.95293555729688,199.73,141.59,-0.006664,-0.004289,0.0,0.0,-0.0066643951527131685,-0.004289102573974906,0.0,-0.0023752925787382624,25179.0,5038.0,5173255.267930998,3138079.583884,VAW,IYM,Materials
2024-09-05,5.289881938150492,4.944780351300231,198.32001,140.44,-0.007059,-0.008122,0.0,0.0,-0.007059480298402902,-0.008122042517126915,0.0,0.0010625622187240133,21504.0,10729.0,5092461.784765497,3006575.893384,VAW,IYM,Materials
2024-09-06,5.278012613207673,4.928947828994935,195.98,138.23399,-0.011799,-0.015708,0.0,0.0,-0.011799162373983284,-0.015707846767302764,0.0,0.00390868439331948,59625.0,4371.0,5441731.024765497,2974776.979684,VAW,IYM,Materials
2024-09-09,5.285839845036924,4.940784912195175,197.52,139.88,0.007858,0.011907,0.0,0.0,0.007857944688233493,0.011907418718073609,0.0,-0.004049474029840116,19598.0,4850.0,5365150.624765498,2929816.9014915,VAW,IYM,Materials
2024-09-10,5.286497739148208,4.938709554524666,197.64999,139.59,0.000658,-0.002073,0.0,0.0,0.0006581105710814686,-0.0020732056048041177,0.0,0.002731316175885586,87177.0,5218.0,6063908.5486769965,2926416.6433665,VAW,IYM,Materials
2024-09-11,5.289680173152373,4.9454508043658905,198.28,140.53419,0.003187,0.006764,0.0,0.0,0.0031875033234253555,0.006764023210831721,0.0,-0.0035765198874063656,24587.0,27074.0,6061152.866048997,3052219.6087295,VAW,IYM,Materials
2024-09-12,5.300465008712764,4.955259924980968,200.42999,141.91949,0.010843,0.009857,0.0,0.0,0.010843201533185453,0.009857387728922052,0.0,0.000985813804263401,36722.0,10149.0,6211173.588687997,3068630.80823,VAW,IYM,Materials
2024-09-13,5.3127131975464055,4.967640036972868,202.89999,143.68739,0.012324,0.012457,0.0,0.0,0.01232350508025271,0.012457062803706525,0.0,-0.00013355772345381538,25756.0,8777.0,6250245.487809996,3078880.4825779996,VAW,IYM,Materials
2024-09-16,5.32198501501771,4.974719370106678,204.78999,144.70821,0.009315,0.007104,0.0,0.0,0.009314933923850698,0.00710445084986233,0.0,0.0022104830739883684,35133.0,5724.0,6403610.319743497,3058316.2733994997,VAW,IYM,Materials
2024-09-17,5.324326185729087,4.975215348864995,205.27,144.78,0.002344,0.000496,0.0,0.0,0.0023439133914700656,0.0004961017761189914,0.0,0.0018478116153510741,24731.0,4860.0,6418964.826295996,3019335.4463994997,VAW,IYM,Materials
2024-09-18,5.320910264083693,4.971223416005455,204.57001,144.2032,-0.00341,-0.003984,0.0,0.0,-0.003410094022506999,-0.00398397568724962,0.0,0.0005738816647426208,28218.0,9458.0,6527139.656493997,2845955.4956795,VAW,IYM,Materials
2024-09-19,5.339075407023276,4.987025428457122,208.32001,146.5,0.018331,0.015928,0.0,0.0,0.018331132701220477,0.01592752449321513,0.0,0.002403608208005347,26196.0,10529.0,6567712.168591997,2671799.929716,VAW,IYM,Materials
2024-09-20,5.331558651962583,4.980038620118788,206.75999,145.48,-0.007489,-0.006962,0.0,0.0,-0.007488574909342646,-0.006962457337883959,0.0,-0.0005261175714586872,19263.0,6868.0,6567004.854960497,2565883.4287159997,VAW,IYM,Materials
2024-09-23,5.338931291423305,4.991651639350488,208.28999,147.17931,0.0074,0.011681,0.0,0.0,0.007399884281286724,0.011680712125378058,0.0,-0.004280827844091334,21812.0,9951.0,6573632.687054496,2343326.7083914997,VAW,IYM,Materials
2024-09-24,5.351384040068891,5.010633960762034,210.89999,149.9998,0.012531,0.019164,0.0,0.0,0.012530606967718577,0.01916363108374404,0.0,-0.006633024116025463,38417.0,15277.0,6353378.371936496,1821961.89386,VAW,IYM,Materials
2024-09-25,5.34520100015681,4.998665204235747,209.60001,148.21519,-0.006164,-0.007819,0.0,0.0,-0.006163964256233598,-0.01189741586322115,0.0,0.005733451606987553,20585.0,9045.0,6306276.277603497,1844978.5685374998,VAW,IYM,Materials
2024-09-26,5.364620002594481,5.021509290648134,213.71001,151.64,0.019609,0.023107,0.0,0.0,0.01960877769042107,0.0231070108266231,0.0,-0.003498233136202032,30588.0,24313.0,6307671.124897497,1996678.5567975,VAW,IYM,Materials
2024-09-27,5.358518369238793,5.01853732399211,212.41,151.19,-0.002174,-0.002968,0.0,0.0,-0.006083056193764722,-0.0029675547348984436,0.0,-0.0031155014588662784,69679.0,11804.0,6829477.189397496,2046958.6484785,VAW,IYM,Materials
2024-09-30,5.354083144453894,5.011670757818613,211.47,150.1554,-0.004425,-0.006843,-21147000.0,-7507769.999999999,-0.01120124659360255,-0.019257507110258615,-13639230.0,0.008056260516656064,29381.0,8896.0,6848099.173897497,2078861.079157,VAW,IYM,Materials
2024-10-01,5.350055561952451,5.010035114024223,210.62,149.91,-0.00402,-0.001634,0.0,0.0,-0.004019482668936493,-0.0016343068580950135,0.0,-0.002385175810841479,44002.0,39313.0,7040200.578405497,1698615.3478195001,VAW,IYM,Materials
2024-10-02,5.345153241385068,5.008366054652212,209.59,149.66,-0.00489,-0.001668,0.0,0.0,-0.004890323805906371,-0.0016676672670268829,0.0,-0.0032226565388794887,42342.0,15206.0,7232473.483905496,1776735.3248195,VAW,IYM,Materials
2024-10-03,5.334601078625283,4.995724681360501,207.39,147.78,-0.010497,-0.012562,0.0,0.0,-0.010496684002099337,-0.012561806761993853,0.0,0.002065122759894516,37581.0,14309.0,7408935.988653496,1807125.4878194998,VAW,IYM,Materials
2024-10-04,5.339315345582109,5.001863601709132,208.37,148.69,0.004725,0.006158,0.0,0.0,0.004725396595785717,0.00615780213831371,0.0,-0.0014324055425279925,36135.0,9047.0,7201143.111153496,1844174.3708049997,VAW,IYM,Materials
2024-10-07,5.338258925598706,5.0046842886028164,208.14999,149.11,-0.001056,0.002825,0.0,0.0,-0.00105586216825833,0.002824668773959244,0.0,-0.003880530942217574,24263.0,4678.0,7260110.423521997,1845130.299805,VAW,IYM,Materials
2024-10-08,5.334215257545021,4.996603980683279,207.31,147.91,-0.004036,-0.008048,0.0,0.0,-0.004035503436728542,-0.008047749983233854,0.0,0.004012246546505311,19362.0,7556.0,6599280.575610498,1864591.6668049998,VAW,IYM,Materials
2024-10-09,5.342573457802574,5.004080525125581,209.05,149.02,0.008393,0.007505,0.0,0.0,0.008393227533645265,0.007504563585964438,0.0,0.0008886639476808266,22795.0,11594.0,6593789.795110497,1760737.4278020002,VAW,IYM,Materials
2024-10-10,5.343673068268834,5.006560336054226,209.28,149.39,0.0011,0.002483,0.0,0.0,0.0011002152595072949,0.0024828882029257816,0.0,-0.0013826729434184867,26626.0,8880.0,6504394.754471497,1755049.5426015002,VAW,IYM,Materials
2024-10-11,5.352426692195069,5.018338878481289,211.12,151.16,0.008792,0.011848,0.0,0.0,0.008792048929663608,0.01184818260927773,0.0,-0.003056133679614121,11738.0,3169.0,6367006.475349497,1715943.6334999998,VAW,IYM,Materials
2024-10-14,5.35800036870921,5.020717629437768,212.3,151.52,0.005589,0.002382,0.0,0.0,0.005589238347859037,0.0023815824292140776,0.0,0.00320765591864496,21755.0,10849.0,6238191.464415996,1756720.167798,VAW,IYM,Materials
2024-10-15,5.358424207280155,5.018206559592573,212.39,151.14,0.000424,-0.002508,0.0,0.0,0.0004239284032030146,-0.00250791974656811,0.0,0.0029318481497711242,27837.0,10923.0,6279979.867415997,1804083.738798,VAW,IYM,Materials
2024-10-16,5.366583307218125,5.025839784445754,214.13,152.2981,0.008193,0.007662,0.0,0.0,0.008192476105278026,0.007662432182082837,0.0,0.0005300439231951896,20724.0,8799.0,6213233.546306997,1802893.594613,VAW,IYM,Materials
2024-10-17,5.367936708428093,5.027398011426928,214.42,152.5356,0.001354,0.001559,0.0,0.0,0.001354317470695372,0.0015594416476633654,0.0,-0.00020512417696799332,34568.0,26195.0,6310979.525208997,1925552.1717129997,VAW,IYM,Materials
2024-10-18,5.371614342075735,5.032070574816321,215.21001,153.25,0.003684,0.004684,0.0,0.0,0.0036844044398844367,0.004683496836148414,0.0,-0.0009990923962639774,20128.0,13046.0,6328425.994904498,1975559.314713,VAW,IYM,Materials
2024-10-21,5.362887137197337,5.024645359861281,213.34,152.1163,-0.008689,-0.007398,0.0,0.0,-0.00868923336790896,-0.0073977161500815665,0.0,-0.0012915172178273931,27981.0,6764.0,6399738.258810497,1953775.9816824999,VAW,IYM,Materials
2024-10-22,5.353893927139799,5.022234429939608,211.42999,151.75,-0.008953,-0.002408,0.0,0.0,-0.00895289209712191,-0.0024080259643443863,0.0,-0.006544866132777523,23182.0,6932.0,6239699.514427997,1891795.1844524997,VAW,IYM,Materials
2024-10-23,5.349960647183255,5.0143463329988585,210.60001,150.55769,-0.003926,-0.007857,0.0,0.0,-0.00392555474273079,-0.007857067545304778,0.0,0.003931512802573988,23030.0,7331.0,6266474.615650497,1879951.7860445,VAW,IYM,Materials
2024-10-24,5.341712048867226,5.003493854611501,208.87,148.9326,-0.008215,-0.010794,0.0,0.0,-0.008214671974611912,-0.010793802694502022,0.0,0.00257913071989011,15139.0,16540.0,6097730.672856497,1818777.8802445002,VAW,IYM,Materials
2024-10-25,5.335468680355347,4.995858655333213,207.57001,147.7998,-0.006224,-0.007606,0.0,0.0,-0.0062239191841816045,-0.007606125186829478,0.0,0.0013822060026478736,17478.0,11049.0,5539100.285095497,1811197.5417544998,VAW,IYM,Materials
2024-10-28,5.3456302495986545,5.004952443914158,209.69,149.14999,0.010213,0.009135,0.0,0.0,0.010213373309564382,0.009135262699949527,0.0,0.0010781106096148553,30819.0,8396.0,5551562.087095497,1807021.5856364998,VAW,IYM,Materials
2024-10-29,5.338691308707823,4.998967421779495,208.24001,148.25999,-0.006915,-0.005967,0.0,0.0,-0.006914922027755158,-0.005967147567358201,0.0,-0.0009477744603969569,38388.0,8871.0,5487872.900289496,1578111.7127009998,VAW,IYM,Materials
2024-10-30,5.341664171051403,4.99547082589115,208.86,147.74249,0.002977,-0.003491,0.0,0.0,0.0029772856810753082,-0.0034904899157216993,0.0,0.006467775596797008,18333.0,7312.0,5235601.430289498,1518339.869045,VAW,IYM,Materials
2024-10-31,5.326904823399949,4.980107424460542,205.8,145.49001,-0.014651,-0.015246,-3910200.0,-7274500.500000001,-0.015933881007238974,-0.027711227123642844,3364300.500000001,0.01177734611640387,18585.0,9822.0,5037144.900789497,1484060.811956,VAW,IYM,Materials
2024-11-01,5.326710392448942,4.982522472587166,205.75999,145.8418,-0.000194,0.002418,0.0,0.0,-0.0001944120505345822,0.0024179667043805965,0.0,-0.002612378754915179,38227.0,10101.0,5053951.760175997,1490458.291546,VAW,IYM,Materials
2024-11-04,5.329912928137787,4.985300391948767,206.42,146.2475,0.003208,0.002782,0.0,0.0,0.0032076692849762342,0.0027817813548653403,0.0,0.0004258879301108939,27605.0,5367.0,5086345.804807497,1494826.979171,VAW,IYM,Materials
2024-11-05,5.336191018976118,4.982441559725474,207.72,145.83,0.006298,-0.002855,0.0,0.0,0.006297839356651487,-0.0028547496538402365,0.0,0.009152589010491725,31049.0,19870.0,5208123.907807497,1583828.6861710001,VAW,IYM,Materials
2024-11-06,5.357482099716008,5.002312085428184,212.19,148.7567,0.021519,0.020069,0.0,0.0,0.02151935297515887,0.020069258725913735,0.0,0.001450094249245134,32766.0,68389.0,5317490.047307497,2006107.8899860003,VAW,IYM,Materials
2024-11-07,5.35955356601861,5.0067611325476555,212.63,149.42,0.002074,0.004459,0.0,0.0,0.002073613271124935,0.004458958823367284,0.0,-0.0023853455522423487,40109.0,13969.0,5465294.416807497,2044141.1289859999,VAW,IYM,Materials
2024-11-08,5.353089555059977,4.9961347339671125,211.25999,147.84061,-0.006443,-0.01057,0.0,0.0,-0.006443164181912322,-0.010570137866416812,0.0,0.0041269736845044895,28258.0,39144.0,5639877.328678497,2309543.468878,VAW,IYM,Materials
2024-11-11,5.349628160782464,4.989455238581245,210.53,146.8564,-0.003455,-0.006657,0.0,0.0,-0.0034554105583361194,-0.006657237142081597,0.0,0.003201826583745478,25717.0,5693.0,5679658.004178497,2269154.119138,VAW,IYM,Materials
2024-11-12,5.333539712257798,4.972656476138474,207.17,144.41,-0.01596,-0.016658,0.0,0.0,-0.015959720704887666,-0.016658450023288057,0.0,0.0006987293184003915,27205.0,11299.0,5665845.975178497,2268193.437638,VAW,IYM,Materials
2024-11-13,5.332332245135314,4.970293739701714,206.92,144.0692,-0.001207,-0.00236,0.0,0.0,-0.0012067384273784815,-0.0023599473720656463,0.0,0.0011532089446871648,27446.0,5292.0,5727920.785178497,2239310.5988629996,VAW,IYM,Materials
2024-11-14,5.3255433528016285,4.9630075540500425,205.52,143.0233,-0.006766,-0.00726,0.0,0.0,-0.006765899864682003,-0.007259705752513375,0.0,0.0004938058878313726,26740.0,6067.0,5632097.497178497,2082913.214818,VAW,IYM,Materials
2024-11-15,5.318610118811388,4.9603239735548845,204.10001,142.64,-0.006909,-0.00268,0.0,0.0,-0.006909254573764187,-0.0026799829118751978,0.0,-0.0042292716618889895,27391.0,9543.0,5695035.311809996,2051008.9158179997,VAW,IYM,Materials
2024-11-18,5.32621945739498,4.968981008873719,205.659,143.8802,0.007638,0.008695,0.0,0.0,0.0076383631730347085,0.008694615816040382,0.0,-0.0010562526430056736,27315.0,9587.0,5677440.764059997,2068532.157028,VAW,IYM,Materials
2024-11-19,5.325007981801082,4.9682148004345015,205.41,143.77,-0.001211,-0.000766,0.0,0.0,-0.00121074205359357,-0.0007659149764873833,0.0,-0.00044482707710618674,84643.0,7153.0,6301698.194150997,2067354.9475279998,VAW,IYM,Materials
2024-11-20,5.330542513842774,4.9745790088555655,206.55,144.6879,0.00555,0.006384,0.0,0.0,0.005549875858040018,0.006384503025665994,0.0,-0.0008346271676259766,41544.0,5658.0,6488237.942635997,2053100.2331685,VAW,IYM,Materials
2024-11-21,5.344150782891209,4.98387432559848,209.38,146.03909,0.013701,0.009339,0.0,0.0,0.013701282982328734,0.009338652368304468,0.0,0.0043626306140242665,25559.0,7898.0,6597710.9671359975,1987603.8096095,VAW,IYM,Materials
2024-11-22,5.350435320810143,4.989207414793245,210.7,146.82001,0.006304,0.005347,0.0,0.0,0.006304327060846308,0.00534733542916489,0.0,0.000956991631681418,27483.0,17984.0,6705848.940396996,2037972.3630915,VAW,IYM,Materials
2024-11-25,5.36138605801502,4.995724681360501,213.02,147.78,0.011011,0.006539,0.0,0.0,0.011010915994304699,0.006538550160839793,0.0,0.004472365833464906,35815.0,13390.0,6764192.699896997,2074297.9072894999,VAW,IYM,Materials
2024-11-26,5.354555960260905,4.989469606254987,211.57001,146.85851,-0.006807,-0.006236,0.0,0.0,-0.006806825650173766,-0.006235552848829341,0.0,-0.0005712728013444251,26767.0,7069.0,6647651.547586497,2060444.3290845,VAW,IYM,Materials
2024-11-27,5.353231550097111,4.989820154382335,211.28999,146.91,-0.001324,0.000351,0.0,0.0,-0.0013235335197082107,0.00035060957652368935,0.0,-0.0016741430962319,27759.0,3081.0,6749459.970206996,2029061.1602405,VAW,IYM,Materials
2024-11-29,5.3587066665608205,4.995867450976258,212.45,147.8011,0.00549,0.006066,12747000.0,0.0,0.009629655287751525,0.006065618405826697,12747000.0,0.003564036881924828,9460.0,1407.0,6658709.170206997,1968008.8237144998,VAW,IYM,Materials
2024-12-02,5.357434923901329,4.994641404341906,212.17999,147.62,-0.001271,-0.001225,0.0,0.0,-0.0012709343374912234,-0.0012252953462457317,0.0,-4.563899124549169e-05,29794.0,23408.0,6581514.344423497,2067125.8706244999,VAW,IYM,Materials
2024-12-03,5.354083144453894,4.991860206700087,211.47,147.21001,-0.003346,-0.002777,0.0,0.0,-0.0033461685053335593,-0.002777333694621325,0.0,-0.0005688348107122342,23484.0,29411.0,6544911.213423496,2244360.034205,VAW,IYM,Materials
2024-12-04,5.346583583957525,4.982852913083804,209.89,145.89,-0.007472,-0.008967,0.0,0.0,-0.00747150896108195,-0.008966849469000103,0.0,0.0014953405079181532,37218.0,4876.0,6613020.600423496,2135045.9112050002,VAW,IYM,Materials
2024-12-05,5.3338292875493964,4.9675551964234606,207.23,143.6752,-0.012673,-0.015181,0.0,0.0,-0.012673305064557626,-0.015181300980190554,0.0,0.002507995915632928,41182.0,12578.0,6692097.016423496,1716737.14667,VAW,IYM,Materials
2024-12-06,5.330155123396788,4.963471007471309,206.47,143.0896,-0.003667,-0.004076,0.0,0.0,-0.003667422670462771,-0.004075859995322784,0.0,0.0004084373248600128,17537.0,18258.0,6446721.402423496,1743001.24351,VAW,IYM,Materials
2024-12-09,5.328507037711094,4.9672837139814865,206.13,143.6362,-0.001647,0.00382,0.0,0.0,-0.001646728338257374,0.003819984121836947,0.0,-0.005466712460094321,24979.0,7095.0,6405678.2260524975,1504602.543568,VAW,IYM,Materials
2024-12-10,5.319197844127392,4.955929165064172,204.22,142.0145,-0.009266,-0.01129,0.0,0.0,-0.009265997186241692,-0.011290329318096691,0.0,0.0020243321318549994,30552.0,4714.0,6446934.697552497,1496272.686958,VAW,IYM,Materials
2024-12-11,5.314879454847015,4.95072321003116,203.34,141.2771,-0.004309,-0.005192,0.0,0.0,-0.004309078444814416,-0.005192427533808167,0.0,0.000883349088993751,29242.0,6798.0,6462435.119052498,1462708.343748,VAW,IYM,Materials
2024-12-12,5.307475304332803,4.942855971674966,201.84,140.17,-0.007377,-0.007836,0.0,0.0,-0.007376807317792859,-0.007836372632224189,0.0,0.00045956531443133025,34905.0,25557.0,6530740.063052497,1603703.8679279997,VAW,IYM,Materials
2024-12-13,5.298167355296911,4.931952699937731,199.97,138.64999,-0.009265,-0.010844,0.0,0.0,-0.009264764169639318,-0.010844046514946137,0.0,0.0015792823453068192,104789.0,29759.0,7303692.639552496,1766622.0024935,VAW,IYM,Materials
2024-12-16,5.290184383317848,4.91803450723643,198.38,136.7336,-0.007951,-0.013822,0.0,0.0,-0.007951192678901835,-0.01382178246100126,0.0,0.005870589782099424,48050.0,10181.0,7500775.4208569955,1768165.5655735,VAW,IYM,Materials
2024-12-17,5.282137119503407,4.908074485228924,196.78999,135.37849,-0.008015,-0.00571,0.0,0.0,-0.008014971267264899,-0.009910585254831293,0.0,0.001895613987566394,41491.0,21864.0,7628147.315361497,1847192.3569714997,VAW,IYM,Materials
2024-12-18,5.245391160738632,4.876964463179237,189.69,131.2317,-0.031723,-0.030631,0.0,0.0,-0.036079020076173536,-0.030631084746180988,0.0,-0.005447935329992548,58825.0,18756.0,7316747.096361497,1918842.1047315001,VAW,IYM,Materials
2024-12-19,5.23500476033627,4.8663029232063355,187.73,129.84,-0.010333,-0.010605,0.0,0.0,-0.010332648004639148,-0.010604907198489274,0.0,0.0002722591938501256,411154.0,84881.0,10746998.457361497,2428957.3498215,VAW,IYM,Materials
2024-12-20,5.24612893480245,4.876570349634454,189.83,131.17999,0.011186,0.01032,0.0,0.0,0.011186278165450382,0.010320317313616758,0.0,0.0008659608518336234,100501.0,21033.0,11433326.527861498,2509241.949664,VAW,IYM,Materials
2024-12-23,5.2450220694898135,4.877027784289179,189.62,131.24001,-0.001106,0.000457,0.0,0.0,-0.0011062529631775799,0.0004575392939122444,0.0,-0.0015637922570898243,61653.0,21043.0,11728325.215861496,2515305.5731935,VAW,IYM,Materials
2024-12-24,5.251225759014186,4.882498922140917,190.8,131.96001,0.006223,0.005486,0.0,0.0,0.006222972260310094,0.005486131858722046,0.0,0.0007368404015880483,44695.0,25308.0,11773249.950861497,2583349.0598475,VAW,IYM,Materials
2024-12-26,5.251120931717062,4.880906187421472,190.78,131.75,-0.000105,-0.001591,0.0,0.0,-0.00010482180293501048,-0.0015914669906437204,0.0,0.0014866451877087099,40134.0,52056.0,11872933.453977998,2874360.819488,VAW,IYM,Materials
2024-12-27,5.243544340700745,4.873440054918411,189.34,130.77,-0.007548,-0.007438,0.0,0.0,-0.007547961002201489,-0.007438330170777873,0.0,-0.00010963083142361604,41326.0,31590.0,11970906.754357498,3058280.548988,VAW,IYM,Materials
2024-12-30,5.230627217578086,4.860974442112501,186.91,129.14999,-0.012834,-0.012388,0.0,0.0,-0.01283405513890356,-0.012388238892712511,0.0,-0.00044581624619104837,61091.0,60247.0,12441343.844857497,3436927.7139795003,VAW,IYM,Materials
2024-12-31,5.235590536639732,4.866995766930123,187.84,129.92999,0.004976,0.006039,-60108800.0,0.0,-0.017000030717586437,0.00603948943395195,-60108800.0,-0.023039520151538387,58980.0,35420.0,12679199.473754497,3494259.2782695005,VAW,IYM,Materials
