date,log_price_A,log_price_B,price_A,price_B,returns_A,returns_B,flow_A,flow_B,flow_pct_A,flow_pct_B,flow_diff,flow_diff_pct,volume_A,volume_B,adv_A,adv_B,symbol_A,symbol_B,sector
2010-01-04,3.853121897507985,5.410216459045445,47.14,223.68,0.007911,0.007749,0.0,0.0,0.0,0.0,0.0,0.0,81400.0,49100.0,3837196.0,10982688.0,VCR,IYC,Consumer Discretionary
2010-01-05,3.85946575468947,5.412003130951853,47.44,224.08,0.006364,0.001788,0.0,0.0,0.006364022061943148,0.00178826895565093,0.0,0.004575753106292218,71000.0,25500.0,3602718.0,8348364.0,VCR,IYC,Consumer Discretionary
2010-01-06,3.8605191625610304,5.410395269953387,47.49,223.72,0.001054,-0.001607,0.0,0.0,0.0010539629005059021,-0.0016065690824705462,0.0,0.0026605319829764483,55600.0,36600.0,3281960.0,8294960.0,VCR,IYC,Consumer Discretionary
2010-01-07,3.8691155044168695,5.417521614026513,47.9,225.32,0.008633,0.007152,0.0,0.0,0.008633396504527269,0.007151796888968353,0.0,0.0014815996155589156,59200.0,34500.0,3170390.0,8164605.0,VCR,IYC,Consumer Discretionary
2010-01-08,3.869950229006238,5.417166500386418,47.94,225.24,0.000835,-0.000355,0.0,0.0,0.0008350730688935282,-0.0003550505947097461,0.0,0.0011901236636032743,21900.0,26000.0,2746289.2,7702932.0,VCR,IYC,Consumer Discretionary
2010-01-11,3.8686978806897723,5.4169888962655355,47.88,225.2,-0.001252,-0.000178,0.0,0.0,-0.0012515644555694619,-0.0001775883502042266,0.0,-0.0010739761053652353,34400.0,35500.0,2563086.3333333335,7751543.333333333,VCR,IYC,Consumer Discretionary
2010-01-12,3.8548175316573667,5.407351127572159,47.22,223.04,-0.013785,-0.009591,0.0,0.0,-0.013784461152882205,-0.009591474245115453,0.0,-0.004192986907766752,35500.0,455800.0,2436404.0,21167270.285714287,VCR,IYC,Consumer Discretionary
2010-01-13,3.8661884690843467,5.4180540481503705,47.76,225.44,0.011436,0.01076,0.0,0.0,0.011435832274459974,0.010760401721664276,0.0,0.0006754305527956975,49200.0,71100.0,2425577.5,20524959.5,VCR,IYC,Consumer Discretionary
2010-01-14,3.8663978274018707,5.416455894565078,47.77,225.08,0.000209,-0.001597,0.0,0.0,0.00020938023450586265,-0.001596877217885025,0.0,0.0018062574523908877,53400.0,49300.0,2439504.222222222,19477346.666666668,VCR,IYC,Consumer Discretionary
2010-01-15,3.8577779905757503,5.40860572044216,47.36,223.32,-0.008583,-0.007819,0.0,0.0,-0.008582792547624032,-0.007819441976186245,0.0,-0.0007633505714377872,40200.0,51400.0,2385941.0,18677476.8,VCR,IYC,Consumer Discretionary
2010-01-19,3.867705324777021,5.418408846805857,47.8325,225.52,0.009977,0.009851,0.0,0.0,0.009976773648648648,0.009851334408024359,0.0,0.00012543924062428935,22900.0,26000.0,2268615.840909091,17512571.636363637,VCR,IYC,Consumer Discretionary
2010-01-20,3.8567639631101214,5.410931510917171,47.312,223.84,-0.010882,-0.007449,0.0,0.0,-0.010881722678095437,-0.007449450159631075,0.0,-0.0034322725184643627,26300.0,39300.0,2183256.654166667,16786266.666666668,VCR,IYC,Consumer Discretionary
2010-01-21,3.8437441646748516,5.400332291954767,46.7,221.48,-0.012935,-0.010543,0.0,0.0,-0.012935407507609064,-0.01054324517512509,0.0,-0.002392162332483974,37800.0,51300.0,2151103.0653846157,16369009.538461538,VCR,IYC,Consumer Discretionary
2010-01-22,3.8245045908257596,5.386877543527517,45.8101,218.52,-0.019056,-0.013365,0.0,0.0,-0.019055674518201345,-0.013364637890554452,0.0,-0.005691036627646893,48400.0,23500.0,2155824.9064285713,15566596.0,VCR,IYC,Consumer Discretionary
2010-01-25,3.82907608460722,5.387426541619813,46.02,218.64,0.004582,0.000549,0.0,0.0,0.0045819590003078545,0.0005491488193300384,0.0,0.004032810180977816,44600.0,36300.0,2148936.046,15057931.733333332,VCR,IYC,Consumer Discretionary
2010-01-26,3.82907608460722,5.389071729816501,46.02,219.0,0.0,0.001647,0.0,0.0,0.0,0.001646542261251372,0.0,-0.001646542261251372,45200.0,40700.0,2144634.043125,14673892.25,VCR,IYC,Consumer Discretionary
2010-01-27,3.8323302365188976,5.389071729816501,46.17,219.0,0.003259,0.0,0.0,0.0,0.003259452411994785,0.0,0.0,0.003259452411994785,51900.0,31100.0,2159433.3935294114,14211363.294117646,VCR,IYC,Consumer Discretionary
2010-01-28,3.826682958261131,5.381738974687109,45.91,217.4,-0.005631,-0.007306,0.0,0.0,-0.005631362356508555,-0.0073059360730593605,0.0,0.0016745737165508052,50600.0,24700.0,2168522.9827777776,13720164.222222222,VCR,IYC,Consumer Discretionary
2010-01-29,3.8196883942253503,5.37860619777684,45.59,216.72,-0.00697,-0.003128,4559000.0,-43344000.0,0.01666215515301081,-0.07187767661707324,47903000.0,0.08853983177008405,80700.0,41000.0,2248027.7205263157,13465709.263157895,VCR,IYC,Consumer Discretionary
2010-02-01,3.830596006732417,5.389984555073861,46.09,219.2,0.010967,0.011443,0.0,0.0,0.010967317394165387,0.011443337024732374,0.0,-0.0004760196305669869,31600.0,333500.0,2208448.5345,16447583.8,VCR,IYC,Consumer Discretionary
2010-02-02,3.846822932179891,5.4006934331649035,46.844,221.56,0.016359,0.010766,0.0,0.0,0.016359297027554783,0.010766423357664234,0.0,0.005592873669890549,37700.0,26200.0,2104889.6745,16188693.0,VCR,IYC,Consumer Discretionary
2010-02-03,3.846951008684431,5.397981689660982,46.85,220.96,0.000128,-0.002708,0.0,0.0,0.0001280847066860217,-0.002708070048745261,0.0,0.0028361547554312827,38000.0,27900.0,2025492.6745000002,16211230.2,VCR,IYC,Consumer Discretionary
2010-02-04,3.8157323451098595,5.369148547308628,45.41,214.68,-0.030736,-0.028422,0.0,0.0,-0.03073639274279616,-0.02842143374366401,0.0,-0.0023149589991321474,86700.0,34300.0,2090322.8245,16169998.8,VCR,IYC,Consumer Discretionary
2010-02-05,3.810875823423188,5.368029978959337,45.19,214.44,-0.004845,-0.001118,0.0,0.0,-0.004844747852895838,-0.0011179429849077697,0.0,-0.0037268048679880684,127200.0,76000.0,2235947.2245,16596193.8,VCR,IYC,Consumer Discretionary
2010-02-08,3.8080437576027575,5.3648538903482805,45.0622,213.76,-0.002828,-0.003171,0.0,0.0,-0.002828059305156131,-0.003171050177205745,0.0,0.0003429908720496144,31600.0,55000.0,2254651.2005,16891221.8,VCR,IYC,Consumer Discretionary
2010-02-09,3.821441627196908,5.376943687003227,45.67,216.36,0.013488,0.012163,0.0,0.0,0.013488023221236548,0.012163173652694611,0.0,0.001324849568541937,41300.0,77900.0,2266606.1505,17334214.0,VCR,IYC,Consumer Discretionary
2010-02-10,3.8177343037373697,5.3745373924594455,45.501,215.84,-0.0037,-0.002403,0.0,0.0,-0.003700459820451062,-0.0024034017378443337,0.0,-0.0012970580826067281,29300.0,229100.0,2249449.6155000003,14723579.6,VCR,IYC,Consumer Discretionary
2010-02-11,3.829727762701316,5.383760848365505,46.05,217.84,0.012066,0.009266,0.0,0.0,0.0120656688863981,0.009266123054114159,0.0,0.002799545832283942,28500.0,208400.0,2197581.2655,16192033.2,VCR,IYC,Consumer Discretionary
2010-02-12,3.8318969609488613,5.383393538903156,46.15,217.76,0.002172,-0.000367,0.0,0.0,0.002171552660152009,-0.0003672420124862284,0.0,0.0025387946726382372,46000.0,22700.0,2176180.3655000003,15884368.6,VCR,IYC,Consumer Discretionary
2010-02-16,3.8475911452687575,5.399428867916448,46.88,221.28,0.015818,0.016165,0.0,0.0,0.01581798483206934,0.016164584864070537,0.0,-0.0003466000320011958,48900.0,159900.0,2195608.3655000003,17079569.8,VCR,IYC,Consumer Discretionary
2010-02-17,3.856510295497887,5.409142921636922,47.3,223.44,0.008959,0.009761,0.0,0.0,0.008959044368600682,0.009761388286334056,0.0,-0.0008023439177333742,39000.0,43700.0,2233075.153,17274610.2,VCR,IYC,Consumer Discretionary
2010-02-18,3.861992071822581,5.412895271255472,47.56,224.28,0.005497,0.003759,0.0,0.0,0.0054968287526427064,0.0037593984962406013,0.0,0.0017374302564021052,43000.0,21600.0,2273113.873,17076987.0,VCR,IYC,Consumer Discretionary
2010-02-19,3.865979066926739,5.417166500386418,47.75,225.24,0.003995,0.00428,0.0,0.0,0.003994953742640875,0.004280363830925628,0.0,-0.00028541008828475347,20700.0,25600.0,2234272.123,16797198.0,VCR,IYC,Consumer Discretionary
2010-02-22,3.865769620910684,5.416455894565078,47.74,225.08,-0.000209,-0.00071,0.0,0.0,-0.0002094240837696335,-0.0007103534008169064,0.0,0.0005009293170472729,45400.0,28000.0,2231781.481,16855549.0,VCR,IYC,Consumer Discretionary
2010-02-23,3.8582001987306396,5.410216459045445,47.38,223.68,-0.007541,-0.00622,0.0,0.0,-0.00754084625052367,-0.006220010662875422,0.0,-0.001320835587648248,33000.0,22500.0,2207333.881,16710357.4,VCR,IYC,Consumer Discretionary
2010-02-24,3.8722421354163012,5.421949926993312,48.05,226.32,0.014141,0.011803,0.0,0.0,0.014140987758547911,0.011802575107296138,0.0,0.0023384126512517728,32700.0,60200.0,2181890.4310000003,16945915.6,VCR,IYC,Consumer Discretionary
2010-02-25,3.872866290226952,5.424421243343763,48.08,226.88,0.000624,0.002474,0.0,0.0,0.0006243496357960458,0.002474372569812655,0.0,-0.001850022934016609,35100.0,77000.0,2146459.6810000003,17478858.6,VCR,IYC,Consumer Discretionary
2010-02-26,3.8772244998854504,5.425478512164716,48.29,227.12,0.004368,0.001058,4829000.0,-34068000.0,0.0277142504627728,-0.054556495847045916,38897000.0,0.08227074630981872,22200.0,46800.0,2083909.2810000002,17741830.4,VCR,IYC,Consumer Discretionary
2010-03-01,3.8934129067869314,5.438600911995093,49.0781,230.12,0.01632,0.013209,0.0,0.0,0.016320149099192324,0.013208876364917225,0.0,0.003111272734275099,66400.0,23600.0,2062892.923,17569096.0,VCR,IYC,Consumer Discretionary
2010-03-02,3.8922283780999667,5.437557433639541,49.02,229.88,-0.001184,-0.001043,0.0,0.0,-0.001183827409781497,-0.0010429341213280027,0.0,-0.0001408932884534944,42900.0,19200.0,2095218.6230000001,14134620.8,VCR,IYC,Consumer Discretionary
2010-03-03,3.893859034800475,5.436338664445412,49.1,229.6,0.001632,-0.001218,0.0,0.0,0.0016319869441044472,-0.001218026796589525,0.0,0.002850013740693972,232500.0,16800.0,2577705.1829999997,14037241.2,VCR,IYC,Consumer Discretionary
2010-03-04,3.902578546600146,5.4439749389704,49.53,231.36,0.008758,0.007665,0.0,0.0,0.008757637474541752,0.007665505226480836,0.0,0.0010921322480609156,26100.0,18400.0,2553326.8329999996,13941853.2,VCR,IYC,Consumer Discretionary
2010-03-05,3.91879998970717,5.458734087953942,50.34,234.8,0.016354,0.014869,0.0,0.0,0.016353725015142474,0.014868603042876901,0.0,0.0014851219722655726,92900.0,35400.0,2590303.783,13989273.0,VCR,IYC,Consumer Discretionary
2010-03-08,3.923160749838602,5.459585514144159,50.56,235.0,0.00437,0.000852,0.0,0.0,0.0043702820818433295,0.0008517887563884157,0.0,0.003518493325454914,104500.0,28800.0,2567071.383,13512801.0,VCR,IYC,Consumer Discretionary
2010-03-09,3.923556241241819,5.45992588174445,50.58,235.08,0.000396,0.00034,0.0,0.0,0.00039556962025316455,0.00034042553191489364,0.0,5.5144088338270915e-05,93300.0,19400.0,2731828.807,13152988.6,VCR,IYC,Consumer Discretionary
2010-03-10,3.928683446321253,5.463323201132304,50.84,235.88,0.00514,0.003403,0.0,0.0,0.005140371688414527,0.003403096818104475,0.0,0.001737274870310052,47800.0,21600.0,2759027.857,12565016.8,VCR,IYC,Consumer Discretionary
2010-03-11,3.9331972406595526,5.467384807663575,51.07,236.84,0.004524,0.00407,0.0,0.0,0.004523996852871621,0.004069866033576394,0.0,0.0004541308192952268,26600.0,10800.0,2760291.9919999996,10220463.2,VCR,IYC,Consumer Discretionary
2010-03-12,3.9361300807713793,5.470420223147659,51.22,237.56,0.002937,0.00304,0.0,0.0,0.002937145094967691,0.003040027022462422,0.0,-0.00010288192749473074,43900.0,35900.0,2807098.642,8376990.6,VCR,IYC,Consumer Discretionary
2010-03-15,3.935934825474459,5.473278568935699,51.21,238.24,-0.000195,0.002862,0.0,0.0,-0.0001952362358453729,0.002862434753325476,0.0,-0.0030576709891708487,60700.0,17200.0,2856375.9919999996,8334719.4,VCR,IYC,Consumer Discretionary
2010-03-16,3.9433278552565585,5.480472242784892,51.59,239.96,0.00742,0.00722,0.0,0.0,0.007420425698105971,0.007219610476830087,0.0,0.00020081522127588392,52800.0,28100.0,2877951.9919999996,6902729.6,VCR,IYC,Consumer Discretionary
2010-03-17,3.947776175133964,5.483634432321789,51.82,240.72,0.004458,0.003167,0.0,0.0,0.004458228338825222,0.0031671945324220703,0.0,0.0012910338064031517,43300.0,33900.0,2897907.292,6822533.6,VCR,IYC,Consumer Discretionary
2010-03-18,3.9467644709440903,5.483634432321789,51.7676,240.72,-0.001011,0.0,0.0,0.0,-0.0010111925897336152,0.0,0.0,-0.0010111925897336152,37300.0,23800.0,2892199.866,6866768.0,VCR,IYC,Consumer Discretionary
2010-03-19,3.9396381724611196,5.477300022076476,51.4,239.2,-0.007101,-0.006314,0.0,0.0,-0.00710096662777498,-0.006314390162844799,0.0,-0.0007865764649301809,45100.0,20900.0,2958685.616,6828424.8,VCR,IYC,Consumer Discretionary
2010-03-22,3.9543159176183975,5.4891030017541205,52.16,242.04,0.014786,0.011873,0.0,0.0,0.0147859922178987,0.011872909698996655,0.0,0.0029130825189020455,114000.0,50200.0,3147627.816,7120833.2,VCR,IYC,Consumer Discretionary
2010-03-23,3.961003627649768,5.494706180553427,52.51,243.4,0.00671,0.005619,0.0,0.0,0.0067101226993866335,0.00561890596595604,0.0,0.001091216733430593,60000.0,58300.0,3226980.816,7578704.2,VCR,IYC,Consumer Discretionary
2010-03-24,3.9562312600924665,5.489928970249084,52.26,242.24,-0.004761,-0.004766,0.0,0.0,-0.004760997905160921,-0.004765817584223501,0.0,4.8196790625792615e-06,54900.0,33500.0,3291872.766,7303233.0,VCR,IYC,Consumer Discretionary
2010-03-25,3.9598603348423063,5.493719662880522,52.45,243.16,0.003636,0.005755,0.0,0.0,0.0036356678147722926,0.003797886393659181,0.0,-0.0001622185788868885,67000.0,30100.0,3383199.8659999995,6795700.8,VCR,IYC,Consumer Discretionary
2010-03-26,3.9644256842211942,5.497659907676295,52.69,244.12,0.004576,0.003948,0.0,0.0,0.00457578646329838,0.003948017766079948,0.0,0.0006277686972184322,52200.0,21200.0,3467118.8659999995,6523007.2,VCR,IYC,Consumer Discretionary
2010-03-29,3.964046033495298,5.500931626609754,52.67,244.92,-0.00038,0.003277,0.0,0.0,-0.0003795786676788764,0.003277076847452073,0.0,-0.003656655515130949,98300.0,37000.0,3563052.6240000003,6704567.6,VCR,IYC,Consumer Discretionary
2010-03-30,3.9649948901942516,5.502400415123504,52.72,245.28,0.000949,0.00147,0.0,0.0,0.0009493070058857034,0.0014698677119059284,0.0,-0.000520560706020225,90100.0,48900.0,3695408.324,7083592.4,VCR,IYC,Consumer Discretionary
2010-03-31,3.9579519373165457,5.496840302679999,52.35,243.92,-0.007018,-0.005545,26175000.0,60980000.0,0.10576936335325576,0.09195093562539171,-34805000.0,0.013818427727864055,86800.0,18300.0,3351819.824,7113915.2,VCR,IYC,Consumer Discretionary
2010-04-01,3.9651845535423784,5.502237322894487,52.73,245.24,0.007259,0.005412,0.0,0.0,0.007258834765997974,0.005411610364053788,0.0,0.001847224401944186,44100.0,44100.0,3403452.824,7441818.2,VCR,IYC,Consumer Discretionary
2010-04-05,3.9787466374710543,5.513267442833719,53.45,247.96,0.013655,0.011091,0.0,0.0,0.01365446614830279,0.01109117599086609,0.0,0.0025632901574367,63000.0,28300.0,3337991.024,7377085.6,VCR,IYC,Consumer Discretionary
2010-04-06,3.9817356178394463,5.515684265084792,53.61,248.56,0.002993,0.00242,0.0,0.0,0.002993451824134705,0.0024197451201806745,0.0,0.0005737067039540307,104100.0,115800.0,3352855.074,8477848.0,VCR,IYC,Consumer Discretionary
2010-04-07,3.9766865187538682,5.5105212978238605,53.34,247.28,-0.005036,-0.00515,0.0,0.0,-0.00503637381085607,-0.005149662053427744,0.0,0.00011328824257167414,36400.0,20300.0,3213978.174,8500809.6,VCR,IYC,Consumer Discretionary
2010-04-08,3.985830932572866,5.518897635459082,53.83,249.36,0.009186,0.008412,0.0,0.0,0.00918635170603663,0.008411517308314461,0.0,0.0007748343977221697,55600.0,36900.0,3242117.9740000004,8706128.4,VCR,IYC,Consumer Discretionary
2010-04-09,3.9937873072307855,5.525293563882423,54.26,250.96,0.007988,0.006416,0.0,0.0,0.007988110718929966,0.006416426050689766,0.0,0.0015716846682401996,79100.0,31600.0,3388793.174,8974751.6,VCR,IYC,Consumer Discretionary
2010-04-12,3.9952606039982017,5.525771613449331,54.34,251.08,0.001474,0.000478,0.0,0.0,0.0014743826022854051,0.0004781638508128785,0.0,0.0009962187514725267,55400.0,33800.0,3426887.074,8972656.6,VCR,IYC,Consumer Discretionary
2010-04-13,4.001315112906908,5.5299051646449096,54.67,252.12,0.006073,0.004142,0.0,0.0,0.006072874493927013,0.004142106101640911,0.0,0.0019307683922861014,45900.0,12000.0,3396932.3740000003,8919042.2,VCR,IYC,Consumer Discretionary
2010-04-14,4.01620282433781,5.540321925503165,55.49,254.76,0.014999,0.010471,0.0,0.0,0.014999085421620633,0.010471204188481676,0.0,0.004527881233138957,77400.0,21200.0,3475481.074,8851944.0,VCR,IYC,Consumer Discretionary
2010-04-15,4.020159664032724,5.541263545158426,55.71,255.0,0.003965,0.000942,0.0,0.0,0.003964678320418093,0.0009420631182289214,0.0,0.003022615202189172,151900.0,48800.0,3786408.2240000004,9066123.6,VCR,IYC,Consumer Discretionary
2010-04-16,4.006603828407344,5.529587805073855,54.9599,252.04,-0.013464,-0.011608,0.0,0.0,-0.013464369054029753,-0.011607843137254902,0.0,-0.0018565259167748517,184200.0,33000.0,4196042.329,9195532.8,VCR,IYC,Consumer Discretionary
2010-04-19,4.006423680849631,5.5302224235308195,54.95,252.2,-0.00018,0.000635,0.0,0.0,-0.00018013133211673295,0.0006348198698619266,0.0,-0.0008149512019786596,64600.0,28800.0,4257623.829,9308736.8,VCR,IYC,Consumer Discretionary
2010-04-20,4.018183201256536,5.538436022068208,55.6,254.28,0.011829,0.008247,0.0,0.0,0.011828935395814377,0.008247422680412371,0.0,0.0035815127154020052,62100.0,41400.0,4132949.829,9227576.0,VCR,IYC,Consumer Discretionary
2010-04-21,4.0257087698319625,5.54142039560185,56.02,255.04,0.007554,0.002989,0.0,0.0,0.007553956834532374,0.0029888312096901055,0.0,0.004565125624842269,120000.0,79100.0,4311539.829,9526748.2,VCR,IYC,Consumer Discretionary
2010-04-22,4.043400329712381,5.554508771908447,57.0199,258.4,0.017849,0.013174,0.0,0.0,0.01784898250624781,0.013174404015056295,0.0,0.004674578491191515,85800.0,159900.0,4412701.5,11186904.2,VCR,IYC,Consumer Discretionary
2010-04-23,4.048824046920291,5.559450103766281,57.33,259.68,0.005438,0.004954,0.0,0.0,0.005438452189498711,0.004953560371517194,0.0,0.00048489181798151704,121300.0,67500.0,4584700.45,11697368.4,VCR,IYC,Consumer Discretionary
2010-04-26,4.053001598687718,5.561757974626783,57.57,260.28,0.004186,0.002311,0.0,0.0,0.004186289900575615,0.0023105360443621283,0.0,0.0018757538562134868,96900.0,70600.0,4726106.2,12357389.6,VCR,IYC,Consumer Discretionary
2010-04-27,4.023029353338795,5.535600481415965,55.8701,253.56,-0.029528,-0.025818,0.0,0.0,-0.02952753170053852,-0.025818349469801594,0.0,-0.0037091822307369245,114900.0,88700.0,4788206.8745,13028826.2,VCR,IYC,Consumer Discretionary
2010-04-28,4.020698022053802,5.534495596132702,55.74,253.28,-0.002329,-0.001104,0.0,0.0,-0.002328615842821072,-0.0011042751222590313,0.0,-0.0012243407205620408,84800.0,98900.0,4787040.8745,13681586.2,VCR,IYC,Consumer Discretionary
2010-04-29,4.040943785494986,5.5506312951620265,56.88,257.4,0.020452,0.016267,0.0,0.0,0.02045209903121636,0.01626658243840792,0.0,0.0041855165928084415,108500.0,381600.0,4868415.8745,18369591.4,VCR,IYC,Consumer Discretionary
2010-04-30,4.018902367055242,5.532915067907362,55.64,252.88,-0.0218,-0.01756,27820000.0,63220000.0,0.07797529180947987,0.07015762015762034,-35400000.0,0.007817671651859537,106600.0,205700.0,5048707.4245,20429708.0,VCR,IYC,Consumer Discretionary
2010-05-03,4.04006435530903,5.550009501266662,56.83,257.24,0.021388,0.017241,0.0,0.0,0.02138749101365924,0.017241379310344827,0.0,0.004146111703314411,143300.0,137600.0,5287526.8745,21848655.8,VCR,IYC,Consumer Discretionary
2010-05-04,4.009331187895144,5.526090186245908,55.11,251.16,-0.030266,-0.023636,0.0,0.0,-0.03026570473341545,-0.023635515471932825,0.0,-0.006630189261482625,115300.0,80300.0,5326195.9745,21417900.8,VCR,IYC,Consumer Discretionary
2010-05-05,3.9937873072307855,5.519378751657922,54.26,249.48,-0.015424,-0.006689,0.0,0.0,-0.015423698058428597,-0.006688963210702341,0.0,-0.008734734847726255,139300.0,371400.0,5607038.0745,25799755.2,VCR,IYC,Consumer Discretionary
2010-05-06,3.9581429410416993,5.485128828614843,52.36,241.08,-0.035017,-0.03367,0.0,0.0,-0.03501658680427571,-0.03367003367003367,0.0,-0.0013465531342420414,466900.0,261900.0,6679734.8745,28496628.6,VCR,IYC,Consumer Discretionary
2010-05-07,3.936910720935925,5.465863637759837,51.26,236.48,-0.021008,-0.019081,0.0,0.0,-0.02100840336134454,-0.01908080305292849,0.0,-0.0019276003084160512,159900.0,315300.0,6874960.2745,31828219.0,VCR,IYC,Consumer Discretionary
2010-05-10,3.9876869093491356,5.507767590730244,53.93,246.6,0.052087,0.042794,0.0,0.0,0.052087397580959816,0.042794316644113664,0.0,0.009293080936846151,83400.0,314200.0,6949326.5745,35277979.8,VCR,IYC,Consumer Discretionary
2010-05-11,3.9891692146047997,5.507605371571805,54.01,246.56,0.001483,-0.000162,0.0,0.0,0.0014834044131281292,-0.00016220600162206002,0.0,0.001645610414750189,139900.0,135200.0,7201658.874500001,36793453.4,VCR,IYC,Consumer Discretionary
2010-05-12,4.006423680849631,5.521460917862246,54.95,250.0,0.017404,0.013952,0.0,0.0,0.01740418441029439,0.013951979234263466,0.0,0.0034522051760309223,72100.0,52400.0,7185007.3245,37178407.8,VCR,IYC,Consumer Discretionary
2010-05-13,3.9856451452987596,5.505819221872289,53.82,246.12,-0.020564,-0.01552,0.0,0.0,-0.020564149226569607,-0.01552,0.0,-0.005044149226569606,66300.0,341600.0,6940303.174500001,40759937.4,VCR,IYC,Consumer Discretionary
2010-05-14,3.966179696380101,5.49141399650995,52.7825,242.6,-0.019277,-0.014302,0.0,0.0,-0.019277220364176884,-0.014301966520396555,0.0,-0.004975253843780329,70000.0,67200.0,6618861.2455,41159207.4,VCR,IYC,Consumer Discretionary
2010-05-17,3.973494327516247,5.497987561676604,53.17,244.2,0.007341,0.006595,0.0,0.0,0.007341448396722398,0.006595218466611707,0.0,0.0007462299301106918,99100.0,182600.0,6704830.0955,43025585.4,VCR,IYC,Consumer Discretionary
2010-05-18,3.9545076170343014,5.484796933490655,52.17,241.0,-0.018808,-0.013104,0.0,0.0,-0.018807598269700958,-0.013104013104013105,0.0,-0.005703585165687853,170100.0,179000.0,6975897.945499999,44656175.8,VCR,IYC,Consumer Discretionary
2010-05-19,3.9473901492654373,5.477801568521831,51.8,239.32,-0.007092,-0.006971,0.0,0.0,-0.0070921985815602835,-0.006970954356846473,0.0,-0.00012124422471381045,159900.0,165900.0,7053918.945499999,45632652.0,VCR,IYC,Consumer Discretionary
2010-05-20,3.906206120106581,5.440511132251212,49.71,230.56,-0.040348,-0.036604,0.0,0.0,-0.04034749034749035,-0.03660371051312051,0.0,-0.0037437798343698397,183300.0,198000.0,7264895.7245000005,45849288.0,VCR,IYC,Consumer Discretionary
2010-05-21,3.923160749838602,5.454637120802991,50.56,233.84,0.017099,0.014226,0.0,0.0,0.017099175216254276,0.014226231783483692,0.0,0.0028729434327705843,290600.0,460600.0,7651826.0745,50358203.2,VCR,IYC,Consumer Discretionary
2010-05-24,3.9160150266976834,5.447771319716375,50.2,232.24,-0.00712,-0.006842,0.0,0.0,-0.007120253164556962,-0.006842285323297981,0.0,-0.0002779678412589805,104100.0,179100.0,7634190.424500001,51519124.0,VCR,IYC,Consumer Discretionary
2010-05-25,3.9233585150918917,5.4537814691721085,50.57,233.64,0.007371,0.006028,0.0,0.0,0.007370517928286853,0.006028246641405443,0.0,0.00134227128688141,147200.0,104300.0,7685411.9,51613018.0,VCR,IYC,Consumer Discretionary
2010-05-26,3.9203899050977515,5.448115731636431,50.4201,232.32,-0.002964,-0.00565,0.0,0.0,-0.002964208028475424,-0.005649717514124294,0.0,0.0026855094856488696,159300.0,97700.0,7850670.396500001,51495431.6,VCR,IYC,Consumer Discretionary
2010-05-27,3.957285048328842,5.480805576121312,52.3151,240.04,0.037584,0.03323,0.0,0.0,0.037584217405360165,0.03323002754820937,0.0,0.004354189857150796,69000.0,49100.0,7722583.4915000005,47173537.8,VCR,IYC,Consumer Discretionary
2010-05-28,3.944296565978442,5.473782135878778,51.64,238.36,-0.012905,-0.006999,-10328000.0,143016000.0,-0.049450053373250764,0.18834565823728833,-153344000.0,-0.23779571161053908,63200.0,84000.0,7589204.691500001,45573779.0,VCR,IYC,Consumer Discretionary
2010-06-01,3.9280931856056407,5.457881936219375,50.81,234.6,-0.016073,-0.015774,0.0,0.0,-0.016072811773818745,-0.015774458801812385,0.0,-0.0002983529720063591,299000.0,188700.0,7941627.2415000005,46017418.8,VCR,IYC,Consumer Discretionary
2010-06-02,3.948933359448243,5.479137797215724,51.88,239.64,0.021059,0.021483,0.0,0.0,0.021058846683723677,0.021483375959079284,0.0,-0.00042452927535560625,44500.0,42000.0,7739351.091500001,45512255.4,VCR,IYC,Consumer Discretionary
2010-06-03,3.9564225927248304,5.483966713434666,52.27,240.8,0.007517,0.004841,0.0,0.0,0.007517347725520432,0.004840594224670339,0.0,0.0026767535008500928,80600.0,66600.0,7572078.2915,41681275.8,VCR,IYC,Consumer Discretionary
2010-06-04,3.914619631275412,5.448115731636431,50.13,232.32,-0.040941,-0.035216,0.0,0.0,-0.04094126650086091,-0.03521594684385382,0.0,-0.005725319657007094,48100.0,98900.0,6470296.7415,39673155.6,VCR,IYC,Consumer Discretionary
2010-06-07,3.8918202981106265,5.428292442969782,49.0,227.76,-0.022541,-0.019628,0.0,0.0,-0.022541392379812487,-0.01962809917355372,0.0,-0.002913293206258768,91200.0,141000.0,6283913.0415,37550756.4,VCR,IYC,Consumer Discretionary
2010-06-08,3.8989377658794906,5.434594984840585,49.35,229.2,0.007143,0.006322,0.0,0.0,0.007142857142857143,0.006322444678609062,0.0,0.0008204124642480805,62700.0,206900.0,6213737.1915,36047744.4,VCR,IYC,Consumer Discretionary
2010-06-09,3.899764172032206,5.436512865299436,49.3908,229.64,0.000827,0.00192,0.0,0.0,0.0008267477203647185,0.0019197207678883072,0.0,-0.0010929730475235887,61100.0,71600.0,5986826.135500001,35203110.0,VCR,IYC,Consumer Discretionary
2010-06-10,3.9326096390365346,5.463153609000972,51.04,235.84,0.033391,0.026999,0.0,0.0,0.03339083392048724,0.026998780700226443,0.0,0.006392053220260794,60600.0,66600.0,5943382.5855,35333457.2,VCR,IYC,Consumer Discretionary
2010-06-11,3.9355051295753496,5.465525285531943,51.188,236.4,0.0029,0.002374,0.0,0.0,0.0028996865203761756,0.0023744911804613297,0.0,0.0005251953399148458,53500.0,70300.0,5901897.185500001,31960673.6,VCR,IYC,Consumer Discretionary
2010-06-14,3.940999113664663,5.467553683793335,51.47,236.88,0.005509,0.002031,0.0,0.0,0.005509103696178792,0.0020304568527918783,0.0,0.003478646843386914,67400.0,48900.0,5890612.3355,31724709.2,VCR,IYC,Consumer Discretionary
2010-06-15,3.9634762870170617,5.487780031493358,52.64,241.72,0.022732,0.020432,0.0,0.0,0.02273168836215271,0.020432286389733198,0.0,0.0022994019724195125,40900.0,51400.0,5734803.7855,30116383.6,VCR,IYC,Consumer Discretionary
2010-06-16,3.9573787071489432,5.480638923341991,52.32,240.0,-0.006079,-0.007116,0.0,0.0,-0.0060790273556231,-0.007115671024325666,0.0,0.0010366436687025658,76300.0,101400.0,5490698.7355,29176233.6,VCR,IYC,Consumer Discretionary
2010-06-17,3.9516282600205055,5.478135793123873,52.02,239.4,-0.005734,-0.0025,0.0,0.0,-0.005733944954128441,-0.0025,0.0,-0.0032339449541284406,94100.0,91300.0,5321311.8355,28283935.2,VCR,IYC,Consumer Discretionary
2010-06-18,3.948933359448243,5.475793871678792,51.88,238.84,-0.002691,-0.002339,0.0,0.0,-0.002691272587466359,-0.0023391812865497076,0.0,-0.00035209130091665153,58100.0,82200.0,5016431.0855,26983023.6,VCR,IYC,Consumer Discretionary
2010-06-21,3.9384701754429945,5.46518681878307,51.34,236.32,-0.010409,-0.010551,0.0,0.0,-0.010408635312258949,-0.010550996483001172,0.0,0.00014236117074222301,64100.0,113100.0,4446338.9855,22934078.0,VCR,IYC,Consumer Discretionary
2010-06-22,3.9150185144079446,5.4450117456988405,50.15,231.6,-0.023179,-0.019973,0.0,0.0,-0.023178807947019976,-0.01997291807718348,0.0,-0.0032058898698364945,60000.0,58300.0,4335497.9855,21529482.8,VCR,IYC,Consumer Discretionary
2010-06-23,3.916258025059636,5.445184442357589,50.2122,231.64,0.00124,0.000173,0.0,0.0,0.0012402791625124854,0.00017271157167530224,0.0,0.0010675675908371832,39500.0,61500.0,4062471.8805,21023343.2,VCR,IYC,Consumer Discretionary
2010-06-24,3.891207865714226,5.4208889189362175,48.97,226.08,-0.024739,-0.021824,0.0,0.0,-0.02473900765152694,-0.024002762907960627,0.0,-0.0007362447435663132,52100.0,54400.0,3788442.6339999996,20503397.6,VCR,IYC,Consumer Discretionary
2010-06-25,3.8958936234982624,5.420534999272286,49.2,226.0,0.004697,-0.000354,0.0,0.0,0.004696753114151521,-0.00035385704175513094,0.0,0.005050610155906652,49600.0,44300.0,3729971.539,20414689.4,VCR,IYC,Consumer Discretionary
2010-06-28,3.88936831486334,5.417166500386418,48.88,225.24,-0.006504,-0.003363,0.0,0.0,-0.0065040650406504065,-0.0033628318584070795,0.0,-0.003141233182243327,72900.0,388300.0,3744956.739,23786612.0,VCR,IYC,Consumer Discretionary
2010-06-29,3.849721979230767,5.382658514981787,46.98,217.6,-0.038871,-0.033919,0.0,0.0,-0.038870703764320905,-0.03391937488900728,0.0,-0.004951328875313625,121100.0,120100.0,3269811.139,22879849.0,VCR,IYC,Consumer Discretionary
2010-06-30,3.8382688168394843,5.368402974114725,46.445,214.52,-0.011388,-0.014154,-4644500.0,0.0,-0.03039228780102084,-0.014154411764705882,-4644500.0,-0.016237876036314956,133700.0,113000.0,3464862.964,23588643.0,VCR,IYC,Consumer Discretionary
2010-07-01,3.8441723385199715,5.376018874211889,46.72,216.16,0.005921,0.007645,0.0,0.0,0.005920981806437722,0.007644974827521909,0.0,-0.0017239930210841874,172400.0,135800.0,3656941.264,24254505.4,VCR,IYC,Consumer Discretionary
2010-07-02,3.8334126048462345,5.365976015021851,46.22,214.0,-0.010702,-0.009993,0.0,0.0,-0.010702054794520547,-0.00999259807549963,0.0,-0.0007094567190209181,67700.0,49800.0,3692833.3140000002,23638543.0,VCR,IYC,Consumer Discretionary
2010-07-06,3.8292412165610625,5.362230692291689,46.0276,213.2,-0.004163,-0.003738,0.0,0.0,-0.004162700129813984,-0.003738317757009346,0.0,-0.00042438237280463835,68200.0,67700.0,3626347.4299999997,22754517.0,VCR,IYC,Consumer Discretionary
2010-07-07,3.8590440806372595,5.390531850535847,47.42,219.32,0.030251,0.028706,0.0,0.0,0.030251414368770095,0.028705440900562852,0.0,0.001545973468207243,47800.0,51600.0,3584968.9799999995,20949288.6,VCR,IYC,Consumer Discretionary
2010-07-08,3.8680711178989635,5.398524626965062,47.85,221.08,0.009068,0.008025,0.0,0.0,0.009067903838043019,0.008024803939449206,0.0,0.0010430998985938127,35900.0,58900.0,3519970.836,20778258.0,VCR,IYC,Consumer Discretionary
2010-07-09,3.879706403951603,5.407889002977328,48.41,223.16,0.011703,0.009408,0.0,0.0,0.011703239289446063,0.009408358965080514,0.0,0.002294880324365549,25800.0,47900.0,3427768.536,20527379.0,VCR,IYC,Consumer Discretionary
2010-07-12,3.877431560658527,5.408068230507156,48.3,223.2,-0.002272,0.000179,0.0,0.0,-0.0022722577979755044,0.0001792435920415845,0.0,-0.002451501390017089,26700.0,31100.0,3355321.1360000004,20043509.0,VCR,IYC,Consumer Discretionary
2010-07-13,3.9043939782636548,5.430397706905245,49.62,228.24,0.027329,0.022581,0.0,0.0,0.02732919254658385,0.02258064516129032,0.0,0.0047485473852935285,58600.0,330600.0,3327253.836,23237144.6,VCR,IYC,Consumer Discretionary
2010-07-14,3.8993429522707714,5.427413939882447,49.37,227.56,-0.005038,-0.002979,0.0,0.0,-0.005038291011688835,-0.0029793200140203293,0.0,-0.0020589709976685058,75900.0,58900.0,3406964.1859999998,23286088.4,VCR,IYC,Consumer Discretionary
2010-07-15,3.901972669574645,5.429871806288338,49.5,228.12,0.002633,0.002461,0.0,0.0,0.0026331780433461616,0.0024608894357532078,0.0,0.00017228860759295386,42500.0,82800.0,3312550.8860000004,23013705.2,VCR,IYC,Consumer Discretionary
2010-07-16,3.864721732310133,5.398886421469732,47.69,221.16,-0.036566,-0.03051,0.0,0.0,-0.036565656565656565,-0.03051025775907417,0.0,-0.006055398806582395,42500.0,63100.0,3169138.0360000003,22618604.0,VCR,IYC,Consumer Discretionary
2010-07-19,3.8726582819058692,5.404837209925709,48.07,222.48,0.007968,0.005968,0.0,0.0,0.00796812749003984,0.005968529571351058,0.0,0.0019995979186887827,69600.0,59600.0,3185710.2360000005,22299962.0,VCR,IYC,Consumer Discretionary
2010-07-20,3.88936831486334,5.420180954304877,48.88,225.92,0.016851,0.015462,0.0,0.0,0.016850426461410443,0.015462064005753326,0.0,0.0013883624556571168,37700.0,52100.0,3113304.336,21552094.0,VCR,IYC,Consumer Discretionary
2010-07-21,3.8714093225428488,5.402136695187034,48.01,221.88,-0.017799,-0.017882,0.0,0.0,-0.017798690671031098,-0.01788243626062323,0.0,8.374558959213171e-05,66900.0,478000.0,3123447.7860000003,26179912.0,VCR,IYC,Consumer Discretionary
2010-07-22,3.902578546600146,5.424950017481403,49.53,227.0,0.03166,0.023076,0.0,0.0,0.03166007081857946,0.02307553632594195,0.0,0.008584534492637508,45900.0,45200.0,3137950.041,25980639.0,VCR,IYC,Consumer Discretionary
2010-07-23,3.9178062501838733,5.4394696463039205,50.29,230.32,0.015344,0.014626,0.0,0.0,0.015344235816676762,0.014625550660792951,0.0,0.0007186851558838112,51600.0,37600.0,3140131.391,25798703.0,VCR,IYC,Consumer Discretionary
2010-07-26,3.9333930311643384,5.451724913177349,51.08,233.16,0.015709,0.012331,0.0,0.0,0.01570888844700736,0.012330670371656825,0.0,0.0033782180753505336,51400.0,94400.0,3149390.991,26398628.2,VCR,IYC,Consumer Discretionary
2010-07-27,3.9215772182329576,5.440164090776273,50.48,230.48,-0.011746,-0.011494,0.0,0.0,-0.011746280344557672,-0.011494252873563218,0.0,-0.00025202747099445366,57400.0,49100.0,3116100.991,22591422.0,VCR,IYC,Consumer Discretionary
2010-07-28,3.9134220263418533,5.435292821575114,50.07,229.36,-0.008122,-0.004859,0.0,0.0,-0.008122028526148855,-0.004859423811176675,0.0,-0.00326260471497218,19100.0,36700.0,2879453.941,21705609.6,VCR,IYC,Consumer Discretionary
2010-07-29,3.9084165098340344,5.428819174612195,49.82,227.88,-0.004993,-0.006453,0.0,0.0,-0.004993009786299181,-0.006452738053714684,0.0,0.0014597282674155033,51000.0,68000.0,2696010.116,21268363.6,VCR,IYC,Consumer Discretionary
2010-07-30,3.9156165409382764,5.435118408040182,50.18,229.32,0.007226,0.006319,-10036000.0,-11466000.0,-0.032257561954514104,-0.007466078036746088,1430000.0,-0.024791483917768017,44800.0,41500.0,2405686.916,20276476.2,VCR,IYC,Consumer Discretionary
2010-08-02,3.9365204770285334,5.45309642033559,51.24,233.48,0.021124,0.018141,0.0,0.0,0.021123953766440814,0.018140589569160998,0.0,0.0029833641972798162,185600.0,77700.0,2724739.4159999997,20650686.0,VCR,IYC,Consumer Discretionary
2010-08-03,3.921180943212912,5.441724829842766,50.46,230.84,-0.015223,-0.011307,0.0,0.0,-0.01522248243559719,-0.01130717834504026,0.0,-0.00391530409055693,96700.0,85600.0,2811759.4,20916999.2,VCR,IYC,Consumer Discretionary
2010-08-04,3.935934825474459,5.451896454476337,51.21,233.2,0.014863,0.010224,0.0,0.0,0.014863258026159334,0.010223531450355225,0.0,0.0046397265758041095,49200.0,46200.0,2824402.2,20889845.6,VCR,IYC,Consumer Discretionary
2010-08-05,3.935934825474459,5.451381742274873,51.21,233.08,0.0,-0.000515,0.0,0.0,0.0,-0.0005145797598627787,0.0,0.0005145797598627787,43600.0,27000.0,2850149.25,20553423.0,VCR,IYC,Consumer Discretionary
2010-08-06,3.9308467223753456,5.447943540503849,50.9501,232.28,-0.005075,-0.003432,0.0,0.0,-0.005075180628783488,-0.003432297923459756,0.0,-0.0016428827053237322,56100.0,29700.0,2930615.3805,20363890.6,VCR,IYC,Consumer Discretionary
2010-08-09,3.940653221327005,5.456175451163617,51.4522,234.2,0.009855,0.008266,0.0,0.0,0.009854740226221294,0.008265885999655588,0.0,0.001588854226565706,21700.0,16700.0,2921960.5174999996,20212371.6,VCR,IYC,Consumer Discretionary
2010-08-10,3.9292733588346738,5.448804199821973,50.87,232.48,-0.011315,-0.007344,0.0,0.0,-0.01131535677774702,-0.007344150298889838,0.0,-0.003971206478857182,34600.0,30400.0,2864579.0174999996,16792934.0,VCR,IYC,Consumer Discretionary
2010-08-11,3.900962058068721,5.422656640803644,49.45,226.48,-0.027914,-0.025809,0.0,0.0,-0.027914291330843326,-0.025808671713695802,0.0,-0.0021056196171475236,34900.0,33900.0,2763510.1174999997,16506653.4,VCR,IYC,Consumer Discretionary
2010-08-12,3.8987351111012107,5.421773170474955,49.34,226.28,-0.002224,-0.000883,0.0,0.0,-0.00222446916076833,-0.0008830801836806782,0.0,-0.0013413889770876517,96400.0,472200.0,2896141.4174999995,20904707.4,VCR,IYC,Consumer Discretionary
2010-08-13,3.8869103046130706,5.413430173648541,48.76,224.4,-0.011755,-0.008308,0.0,0.0,-0.011755168220510863,-0.008308290613399329,0.0,-0.003446877607111534,30100.0,32400.0,2868183.9675,20570475.6,VCR,IYC,Consumer Discretionary
2010-08-16,3.8869103046130706,5.412716906856533,48.76,224.24,0.0,-0.000713,0.0,0.0,0.0,-0.00071301247771836,0.0,0.00071301247771836,45500.0,36400.0,2811829.3674999997,20315602.0,VCR,IYC,Consumer Discretionary
2010-08-17,3.9021746693733315,5.425126213411732,49.51,227.04,0.015382,0.012487,0.0,0.0,0.015381460213289582,0.012486621476988941,0.0,0.0028948387363006405,38400.0,32100.0,2814749.7674999996,20091479.6,VCR,IYC,Consumer Discretionary
2010-08-18,3.912422925449473,5.432148714181557,50.02,228.64,0.010301,0.007047,0.0,0.0,0.0103009493031712,0.007047216349541931,0.0,0.003253732953629269,44600.0,35400.0,2765700.9174999995,15193240.4,VCR,IYC,Consumer Discretionary
2010-08-19,3.8934516198427107,5.4169888962655355,49.08,225.2,-0.018793,-0.015046,0.0,0.0,-0.0187924830067974,-0.015045486354093772,0.0,-0.0037469966527036297,55300.0,19900.0,2787735.7674999996,14904294.4,VCR,IYC,Consumer Discretionary
2010-08-20,3.891207865714226,5.416278164181602,48.97,225.04,-0.002241,-0.00071,0.0,0.0,-0.002241238793806031,-0.0007104795737122557,0.0,-0.0015307592200937753,52100.0,20000.0,2785554.4174999995,14696332.8,VCR,IYC,Consumer Discretionary
2010-08-23,3.882091493739064,5.409858741280944,48.5256,223.6,-0.009075,-0.006399,0.0,0.0,-0.009074943843169337,-0.006398862424457874,0.0,-0.0026760814187114625,60000.0,82000.0,2799855.6174999997,14512577.6,VCR,IYC,Consumer Discretionary
2010-08-24,3.864302269216734,5.394899464394281,47.67,220.28,-0.017632,-0.014848,0.0,0.0,-0.017631930362530242,-0.0148479427549195,0.0,-0.002783987607610743,75600.0,56900.0,2835170.6174999997,14573445.8,VCR,IYC,Consumer Discretionary
2010-08-25,3.8753590210565547,5.404477562376427,48.2,222.4,0.011118,0.009624,0.0,0.0,0.011118103629116844,0.009624114763028872,0.0,0.001493988866087972,95700.0,49000.0,3017990.7674999996,14697450.2,VCR,IYC,Consumer Discretionary
2010-08-26,3.868658197362717,5.3970761385713,47.8781,220.76,-0.006678,-0.007374,0.0,0.0,-0.006678423236514447,-0.007374100719424461,0.0,0.0006956774829100136,159200.0,45400.0,3272059.4435,14423783.4,VCR,IYC,Consumer Discretionary
2010-08-27,3.885679030088544,5.410037616158444,48.7,223.64,0.017167,0.013046,0.0,0.0,0.017166512455590265,0.013045841637977895,0.0,0.00412067081761237,89400.0,69000.0,3377345.2434999994,14719502.4,VCR,IYC,Consumer Discretionary
2010-08-30,3.8663978274018707,5.394717860834352,47.77,220.24,-0.019097,-0.015203,0.0,0.0,-0.019096509240246282,-0.01520300482918977,0.0,-0.0038935044110565125,34200.0,36800.0,2983524.7435,14217674.2,VCR,IYC,Consumer Discretionary
2010-08-31,3.8666071418976635,5.39308194299246,47.78,219.88,0.000209,-0.001635,0.0,-87952000.0,0.00020933640360045884,-0.11256407151794003,87952000.0,0.11277340792154049,90100.0,26100.0,2954799.5435,13516622.4,VCR,IYC,Consumer Discretionary
2010-09-01,3.9021746693733315,5.424773790500596,49.51,226.96,0.036208,0.032199,0.0,0.0,0.03620761825031394,0.03219938148080771,0.0,0.004008236769506228,141900.0,64800.0,3180096.3935000002,13713280.8,VCR,IYC,Consumer Discretionary
2010-09-02,3.921775296870824,5.442417710521793,50.49,231.0,0.019794,0.017801,0.0,0.0,0.01979398101393658,0.01780049347902714,0.0,0.0019934875349094383,45800.0,18500.0,3184080.6935,13612297.8,VCR,IYC,Consumer Discretionary
2010-09-03,3.936325297951111,5.454637120802991,51.23,233.84,0.014656,0.012294,0.0,0.0,0.014656367597543948,0.012294372294372295,0.0,0.002361995303171653,63300.0,47800.0,3203308.613,13826239.6,VCR,IYC,Consumer Discretionary
2010-09-07,3.9203879217597737,5.441551534633945,50.42,230.8,-0.015811,-0.013,0.0,0.0,-0.01581104821393703,-0.013000342114266164,0.0,-0.002810706099670865,24000.0,16500.0,3207986.9760000003,13821092.6,VCR,IYC,Consumer Discretionary
2010-09-08,3.9275025762765323,5.4482878931243315,50.78,232.36,0.00714,0.006759,0.0,0.0,0.007140023800079333,0.006759098786828423,0.0,0.0003809250132509106,31800.0,323800.0,3200722.0760000004,17229631.4,VCR,IYC,Consumer Discretionary
2010-09-09,3.9280931856056407,5.449320240084564,50.81,232.6,0.000591,0.001033,0.0,0.0,0.0005907837731390311,0.0010328800137717334,0.0,-0.00044209624063270235,44400.0,28800.0,3227230.026,17180691.8,VCR,IYC,Consumer Discretionary
2010-09-10,3.936325297951111,5.457540872096015,51.23,234.52,0.008266,0.008255,0.0,0.0,0.008266089352489547,0.00825451418744626,0.0,1.1575165043287844e-05,24500.0,14000.0,3052167.9760000003,12002385.0,VCR,IYC,Consumer Discretionary
2010-09-13,3.948933359448243,5.4682289032653095,51.88,237.04,0.012688,0.010745,0.0,0.0,0.012687878196369434,0.010745352208766844,0.0,0.0019425259876025905,331100.0,49900.0,3837657.5760000004,12230271.8,VCR,IYC,Consumer Discretionary
2010-09-14,3.9516282600205055,5.470925231154352,52.02,237.68,0.002699,0.0027,0.0,0.0,0.0026985350809561695,0.0026999662504218697,0.0,-1.4311694657002418e-06,126700.0,58100.0,4056275.2760000005,12512615.4,VCR,IYC,Consumer Discretionary
2010-09-15,3.9539324085053558,5.474620851016429,52.14,238.56,0.002307,0.003702,0.0,0.0,0.002306805074971048,0.003702457085156513,0.0,-0.0013956520101854651,18800.0,40300.0,4010227.6760000004,12628914.6,VCR,IYC,Consumer Discretionary
2010-09-16,3.9529729917571004,5.473278568935699,52.09,238.24,-0.000959,-0.001341,0.0,0.0,-0.0009589566551590702,-0.0013413816230717639,0.0,0.0003824249679126937,28100.0,12200.0,3971869.5260000005,12369548.2,VCR,IYC,Consumer Discretionary
2010-09-17,3.9560398908449206,5.475291317015396,52.25,238.72,0.003072,0.002015,0.0,0.0,0.003071606834325089,0.0020147750167897917,0.0,0.0010568318175352975,37300.0,29600.0,3933609.5760000004,12498779.8,VCR,IYC,Consumer Discretionary
2010-09-20,3.9755610262321337,5.493226038847463,53.28,243.04,0.019713,0.018097,0.0,0.0,0.01971291866028708,0.018096514745308313,0.0,0.0016164039149787687,33800.0,50900.0,3896085.9260000004,12892276.6,VCR,IYC,Consumer Discretionary
2010-09-21,3.971234865059992,5.490424224076788,53.05,242.36,-0.004317,-0.002798,0.0,0.0,-0.004316816816816817,-0.0027978933508887426,0.0,-0.001518923465928074,125100.0,66400.0,4082336.8760000006,12780151.8,VCR,IYC,Consumer Discretionary
2010-09-22,3.9644256842211942,5.4859580848195915,52.69,241.28,-0.006786,-0.004456,0.0,0.0,-0.006786050895381715,-0.004456180887935303,0.0,-0.002329870007446412,62000.0,35600.0,4065483.2760000005,12582933.6,VCR,IYC,Consumer Discretionary
2010-09-23,3.9594789465844413,5.477467232176356,52.43,239.24,-0.004934,-0.005539,0.0,0.0,-0.004934522679825394,-0.008454907161803714,0.0,0.0035203844819783198,44200.0,38000.0,3950716.5760000004,12492609.6,VCR,IYC,Consumer Discretionary
2010-09-24,3.9854593235013285,5.501258210544727,53.81,245.0,0.026321,0.024076,0.0,0.0,0.0263208086973107,0.024076241431198797,0.0,0.0022445672661119027,32400.0,26400.0,3656779.1,12314884.4,VCR,IYC,Consumer Discretionary
2010-09-27,3.980989209892869,5.497332146283652,53.57,244.04,-0.00446,-0.003918,0.0,0.0,-0.004460137520906894,-0.003918367346938775,0.0,-0.000541770173968119,103700.0,250900.0,3716850.55,14604808.2,VCR,IYC,Consumer Discretionary
2010-09-28,3.9900945408483017,5.50565668631728,54.06,246.08,0.009147,0.008359,0.0,0.0,0.009146910584282247,0.008359285363055236,0.0,0.0007876252212270108,67100.0,39100.0,3816535.15,14680653.0,VCR,IYC,Consumer Discretionary
2010-09-29,3.9852734671677386,5.501258210544727,53.8,245.0,-0.00481,-0.004389,0.0,0.0,-0.004809470958194599,-0.004388816644993498,0.0,-0.0004206543132011008,50800.0,14200.0,3737938.25,14567659.6,VCR,IYC,Consumer Discretionary
2010-09-30,3.9837853716550367,5.499297105160525,53.72,244.52,-0.001487,-0.001959,-16116000.0,-97808000.0,-0.06259549626205221,-0.12671428571428572,81692000.0,0.06411878945223351,87600.0,23400.0,3621958.4,14118397.6,VCR,IYC,Consumer Discretionary
2010-10-01,3.9856451452987596,5.499951234374364,53.82,244.68,0.001861,0.000654,0.0,0.0,0.0018615040953090098,0.0006543432030099788,0.0,0.001207160892299031,48100.0,89800.0,3635773.4,15003335.8,VCR,IYC,Consumer Discretionary
2010-10-04,3.981362483506759,5.493884150092012,53.59,243.2,-0.004274,-0.006049,0.0,0.0,-0.004273504273504153,-0.006048716691188491,0.0,0.0017752124176843376,34800.0,26800.0,3566877.0500000007,14770346.2,VCR,IYC,Consumer Discretionary
2010-10-05,4.002229273314295,5.51229907606986,54.72,247.72,0.021086,0.018586,0.0,0.0,0.021086023511849104,0.018585526315789472,0.0,0.002500497196059631,27400.0,34000.0,3581339.4500000007,15001060.2,VCR,IYC,Consumer Discretionary
2010-10-06,3.995812531157829,5.507767590730244,54.37,246.6,-0.006396,-0.004521,0.0,0.0,-0.006396198830409356,-0.004521233650896173,0.0,-0.001874965179513183,32200.0,18000.0,3588134.9500000007,11461091.8,VCR,IYC,Consumer Discretionary
2010-10-07,3.998567606828332,5.509712170827698,54.52,247.08,0.002759,0.001946,0.0,0.0,0.0027588743792532648,0.0019464720194647203,0.0,0.0008124023597885445,72500.0,63100.0,3672971.75,11905685.2,VCR,IYC,Consumer Discretionary
2010-10-08,4.01041932728434,5.516810119646819,55.17,248.84,0.011922,0.007123,0.0,0.0,0.011922230374174616,0.0071231989638983325,0.0,0.004799031410276283,188900.0,27500.0,4131295.65,12083676.2,VCR,IYC,Consumer Discretionary
2010-10-11,4.013315256910018,5.519058033245936,55.33,249.4,0.0029,0.00225,0.0,0.0,0.0029001268805510243,0.002250442051117184,0.0,0.0006496848294338404,112300.0,34000.0,3583100.2,11916241.4,VCR,IYC,Consumer Discretionary
2010-10-12,4.0163830207523885,5.520019880065842,55.5,249.64,0.003072,0.000962,0.0,0.0,0.003072474245436472,0.0009623095429029671,0.0,0.0021101647025335048,62300.0,31700.0,3426436.0,11621460.4,VCR,IYC,Consumer Discretionary
2010-10-13,4.019082077721554,5.523538757657212,55.65,250.52,0.002703,0.003525,0.0,0.0,0.002702702702702703,0.0035250761095978207,0.0,-0.0008223734068951178,82500.0,13600.0,3606980.65,11311115.6,VCR,IYC,Consumer Discretionary
2010-10-14,4.014760082879258,5.519378751657922,55.41,249.48,-0.004313,-0.004151,0.0,0.0,-0.0043126684636119765,-0.00415136516046623,0.0,-0.00016130330314574615,46400.0,18100.0,3662345.4,11391568.6,VCR,IYC,Consumer Discretionary
2010-10-15,4.020518601581445,5.526249434594043,55.73,251.2,0.005775,0.006894,0.0,0.0,0.005775130842808275,0.006894340227673561,0.0,-0.0011192093848652858,43300.0,46800.0,3685554.6,11626071.0,VCR,IYC,Consumer Discretionary
2010-10-18,4.019800597601577,5.525930912533698,55.69,251.12,-0.000718,-0.000318,0.0,0.0,-0.0007177462766911897,-0.0003184713375796178,0.0,-0.0003992749391115719,65500.0,18600.0,3777896.15,11241075.8,VCR,IYC,Consumer Discretionary
2010-10-19,4.003890903737421,5.511006459958388,54.811,247.4,-0.015784,-0.014814,0.0,0.0,-0.015783803196265038,-0.01481363491557821,0.0,-0.0009701682806868284,53200.0,57300.0,3591865.66,11145241.6,VCR,IYC,Consumer Discretionary
2010-10-20,4.015842334067143,5.522740099360627,55.47,250.32,0.012023,0.011803,0.0,0.0,0.012023134042436738,0.011802748585286984,0.0,0.00022038545714975384,54900.0,20400.0,3580791.81,10971089.6,VCR,IYC,Consumer Discretionary
2010-10-21,4.020518601581445,5.5310151306670585,55.73,252.4,0.004687,0.008309,0.0,0.0,0.004687218316206959,0.008309364014062001,0.0,-0.003622145697855042,70900.0,47300.0,3662484.3600000003,11113459.6,VCR,IYC,Consumer Discretionary
2010-10-22,4.026600910135581,5.536546555280287,56.07,253.8,0.006101,0.005547,0.0,0.0,0.006100843351875112,0.005546751188589541,0.0,0.0005540921632855716,33900.0,19900.0,3670350.81,11042590.6,VCR,IYC,Consumer Discretionary
2010-10-25,4.032469158504013,5.54142039560185,56.4,255.04,0.005886,0.004886,0.0,0.0,0.005885500267522739,0.004885736800630418,0.0,0.0009997634668923215,49900.0,39100.0,3533308.3600000003,8479712.0,VCR,IYC,Consumer Discretionary
2010-10-26,4.037950562025936,5.546114505300903,56.71,256.24,0.005496,0.004705,0.0,0.0,0.00549645390070922,0.004705144291091593,0.0,0.0007913096096176268,67600.0,31700.0,3543616.8600000003,8404766.0,VCR,IYC,Consumer Discretionary
2010-10-27,4.032114485685967,5.5436137225033795,56.38,255.6,-0.005819,-0.002498,0.0,0.0,-0.005819079527420208,-0.002497658445207618,0.0,-0.0033214210822125898,48300.0,34900.0,3543122.56,8676838.0,VCR,IYC,Consumer Discretionary
2010-10-28,4.035655565873421,5.547985996801602,56.58,256.72,0.003547,0.004382,0.0,0.0,0.0035473572188719402,0.004381846635367928,0.0,-0.0008344894164959882,44300.0,23200.0,3433153.66,8688544.8,VCR,IYC,Consumer Discretionary
2010-10-29,4.036538880125714,5.548609049781258,56.63,256.88,0.000884,0.000623,28315000.0,51376000.0,0.1096281313133408,0.07209633619730205,-23061000.0,0.037531795116038755,52700.0,104900.0,3452936.6100000003,8937267.2,VCR,IYC,Consumer Discretionary
2010-11-01,4.034594557816327,5.547518452181536,56.52,256.6,-0.001942,-0.00109,0.0,0.0,-0.0019424333392194949,-0.0010900031142944576,0.0,-0.0008524302249250373,53900.0,50400.0,3512011.41,9258011.2,VCR,IYC,Consumer Discretionary
2010-11-02,4.047602299669969,5.558987889752967,57.26,259.56,0.013093,0.011535,0.0,0.0,0.013092710544939844,0.011535463756819797,0.0,0.0015572467881200466,42800.0,15400.0,3559581.41,9036748.4,VCR,IYC,Consumer Discretionary
2010-11-03,4.051089053551143,5.562372508368662,57.46,260.44,0.003493,0.00339,0.0,0.0,0.0034928396786587496,0.0033903529049160116,0.0,0.000102486773742738,110600.0,35400.0,3789799.5100000002,9275787.2,VCR,IYC,Consumer Discretionary
2010-11-04,4.067658296959595,5.575797576515221,58.42,263.96,0.016707,0.013516,0.0,0.0,0.016707274625826662,0.013515589003225158,0.0,0.0031916856226015047,82100.0,30300.0,3831978.6100000003,8896149.2,VCR,IYC,Consumer Discretionary
2010-11-05,4.073461351305676,5.579125870056645,58.76,264.84,0.00582,0.003334,0.0,0.0,0.005819924683327628,0.003333838460372784,0.0,0.0024860862229548436,66700.0,13500.0,3506862.56,8732761.2,VCR,IYC,Consumer Discretionary
2010-11-08,4.073291153024268,5.577311810602252,58.75,264.36,-0.00017,-0.001812,0.0,0.0,-0.00017018379850238256,-0.0018124150430447075,0.0,0.0016422312445423248,98900.0,19100.0,3486703.3600000003,8561245.0,VCR,IYC,Consumer Discretionary
2010-11-09,4.063199552618559,5.570022484476676,58.1601,262.44,-0.010041,-0.007263,0.0,0.0,-0.010040851063829827,-0.007262823422605538,0.0,-0.0027780276412242887,95800.0,22100.0,3592407.739,8455561.8,VCR,IYC,Consumer Discretionary
2010-11-10,4.070837080420062,5.573977463772493,58.606,263.48,0.007667,0.003963,0.0,0.0,0.007666768110783894,0.003962810547172687,0.0,0.003703957563611207,140600.0,21100.0,3774851.6689999998,8563179.6,VCR,IYC,Consumer Discretionary
2010-11-11,4.070564033556697,5.573370022599676,58.59,263.32,-0.000273,-0.000607,0.0,0.0,-0.0002730095894618298,-0.0006072567177774404,0.0,0.00033424712831561055,41400.0,17000.0,3767581.769,8561222.2,VCR,IYC,Consumer Discretionary
2010-11-12,4.058544658090914,5.563447034529307,57.89,260.72,-0.011947,-0.009874,0.0,0.0,-0.011947431302270013,-0.009873917666717151,0.0,-0.002073513635552861,52200.0,11600.0,3798019.2189999996,8124631.8,VCR,IYC,Consumer Discretionary
2010-11-15,4.056469609793174,5.559141984829935,57.77,259.6,-0.002073,-0.004296,0.0,0.0,-0.002072896873380549,-0.004295796256520404,0.0,0.002222899383139855,41900.0,9100.0,3736662.619,8009208.2,VCR,IYC,Consumer Discretionary
2010-11-16,4.042524813492304,5.548764752389592,56.97,256.92,-0.013848,-0.010324,0.0,0.0,-0.013848018002423404,-0.010323574730354543,0.0,-0.003524443272068861,62200.0,17900.0,3768042.0589999994,7530350.6,VCR,IYC,Consumer Discretionary
2010-11-17,4.05126307251965,5.553889385081584,57.47,258.24,0.008777,0.005138,0.0,0.0,0.00877654906090925,0.005137786081270434,0.0,0.0036387629796388156,29300.0,7900.0,3699970.459,7377029.0,VCR,IYC,Consumer Discretionary
2010-11-18,4.061304708143901,5.5642138469278954,58.05,260.92,0.010092,0.010378,0.0,0.0,0.010092222028884636,0.010377942998760843,0.0,-0.00028572096987620685,54400.0,12700.0,3660303.6089999997,6945787.2,VCR,IYC,Consumer Discretionary
2010-11-19,4.067487108052218,5.5697176064255345,58.41,262.36,0.006202,0.005519,0.0,0.0,0.006201550387596899,0.0055189330062854515,0.0,0.0006826173813114476,51300.0,21800.0,3715086.6089999997,6979228.6,VCR,IYC,Consumer Discretionary
2010-11-22,4.072610070076094,5.574736246721107,58.71,263.68,0.005136,0.005031,0.0,0.0,0.005136106831022085,0.0050312547644458,0.0,0.00010485206657628518,105000.0,12000.0,3882596.1089999997,6638833.4,VCR,IYC,Consumer Discretionary
2010-11-23,4.06009812349351,5.562526082814175,57.98,260.48,-0.012434,-0.012136,0.0,0.0,-0.012433997615397718,-0.012135922330097087,0.0,-0.0002980752853006304,54500.0,70900.0,3848911.8089999994,7156094.6,VCR,IYC,Consumer Discretionary
2010-11-24,4.080245637842599,5.581539508277724,59.16,265.48,0.020352,0.019195,0.0,0.0,0.020351845463953088,0.019195331695331695,0.0,0.0011565137686213936,63100.0,24600.0,3899403.9089999995,7036613.0,VCR,IYC,Consumer Discretionary
2010-11-26,4.07668962698338,5.576857781082534,58.95,264.24,-0.00355,-0.004671,0.0,0.0,-0.0035496957403651115,-0.004670784993219828,0.0,0.0011210892528547168,31300.0,21100.0,3866335.959,7017591.0,VCR,IYC,Consumer Discretionary
2010-11-29,4.071075935282746,5.572762212217797,58.62,263.16,-0.005598,-0.004087,0.0,0.0,-0.0055979643765903305,-0.004087193460490313,0.0,-0.0015107709161000177,59500.0,41800.0,3891510.4089999995,6220259.8,VCR,IYC,Consumer Discretionary
2010-11-30,4.068855799454934,5.56926011499552,58.49,262.24,-0.002218,-0.003496,17547000.0,13112000.0,0.05645239703029872,0.013112428433905709,4435000.0,0.04333996859639301,40700.0,22600.0,3858216.1589999995,5869959.0,VCR,IYC,Consumer Discretionary
2010-12-01,4.087974315214257,5.586799119170382,59.619,266.88,0.019302,0.017694,0.0,0.0,0.019302444862369636,0.017693715680292862,0.0,0.0016087291820767735,37900.0,49400.0,3848657.764,6329291.4,VCR,IYC,Consumer Discretionary
2010-12-02,4.099862642906006,5.594860067432014,60.332,269.04,0.011959,0.008094,0.0,0.0,0.011959274727855214,0.00809352517985626,0.0,0.0038657495479989534,124900.0,33200.0,3907677.304,6314919.0,VCR,IYC,Consumer Discretionary
2010-12-03,4.103304303593573,5.596791000078016,60.54,269.56,0.003448,0.001933,0.0,0.0,0.0034475900019889944,0.0019327980969371127,0.0,0.0015147919050518817,44800.0,61200.0,3803472.804,6739873.2,VCR,IYC,Consumer Discretionary
2010-12-06,4.104624871629657,5.596642599098297,60.62,269.52,0.001321,-0.000148,0.0,0.0,0.0013214403700033035,-0.00014838996883810655,0.0,0.00146983033884141,59600.0,40400.0,3788155.804,7105536.6,VCR,IYC,Consumer Discretionary
2010-12-07,4.104327895831002,5.597384383866381,60.602,269.72,-0.000297,0.000742,0.0,0.0,-0.00029693170570768723,0.0007420599584447874,0.0,-0.0010389916641524747,306100.0,88000.0,4425150.664,8039840.8,VCR,IYC,Consumer Discretionary
2010-12-08,4.1034694699991014,5.596791000078016,60.55,269.56,-0.000858,-0.000593,0.0,0.0,-0.0008580574898518201,-0.0005932077710219452,0.0,-0.0002648497188298749,135700.0,24800.0,4557395.535,8084099.0,VCR,IYC,Consumer Discretionary
2010-12-09,4.1044136978988845,5.597680943773655,60.6072,269.8,0.000945,0.00089,0.0,0.0,0.0009446738232864671,0.0008903398130286393,0.0,5.4334010257827857e-05,80100.0,12200.0,4388127.191000001,7970705.6,VCR,IYC,Consumer Discretionary
2010-12-10,4.109167491113739,5.601675918384825,60.896,270.88,0.004765,0.004003,0.0,0.0,0.004765110415924254,0.004002965159377317,0.0,0.000762145256546937,62300.0,23000.0,4456536.931,8058395.6,VCR,IYC,Consumer Discretionary
2010-12-13,4.102907792882588,5.595305998320117,60.516,269.16,-0.00624,-0.00635,0.0,0.0,-0.006240147136100893,-0.006349675132900033,0.0,0.00010952799679913965,100600.0,101100.0,4609839.511,9267781.8,VCR,IYC,Consumer Discretionary
2010-12-14,4.101485670373467,5.594473433079197,60.43,268.936,-0.001421,-0.000832,0.0,0.0,-0.0014211117720933308,-0.0008322187546443682,0.0,-0.0005888930174489626,64800.0,9300.0,4684604.561,9274719.040000001,VCR,IYC,Consumer Discretionary
2010-12-15,4.097672352314776,5.590688428485949,60.2,267.92,-0.003806,-0.003778,0.0,0.0,-0.0038060565944067516,-0.0037778504923102934,0.0,-2.8206102096458262e-05,60100.0,9100.0,4688328.861,9166679.24,VCR,IYC,Consumer Discretionary
2010-12-16,4.106273133087375,5.599458458683974,60.72,270.28,0.008638,0.008809,0.0,0.0,0.008637873754152824,0.00880859958196462,0.0,-0.00017072582781179485,99500.0,20200.0,4906217.311,9337657.24,VCR,IYC,Consumer Discretionary
2010-12-17,4.1082474673910925,5.600050262222477,60.84,270.44,0.001976,0.000592,0.0,0.0,0.001976284584980237,0.0005919786887673491,0.0,0.001384305896212888,72200.0,243300.0,4967953.711,12461875.64,VCR,IYC,Consumer Discretionary
2010-12-20,4.113983777474449,5.603298936077879,61.19,271.32,0.005753,0.003254,0.0,0.0,0.005752794214332676,0.0032539565153083864,0.0,0.0024988376990242897,62400.0,11400.0,5009044.861,12330555.64,VCR,IYC,Consumer Discretionary
2010-12-21,4.119037174812473,5.60624314547686,61.5,272.12,0.005066,0.002949,0.0,0.0,0.005066187285504167,0.002948547840188707,0.0,0.00211763944531546,132200.0,15900.0,5107332.361,12388683.040000001,VCR,IYC,Consumer Discretionary
2010-12-22,4.110381939919725,5.605949114307438,60.97,272.04,0.001138,0.003359,0.0,0.0,-0.008617886178861788,-0.00029398794649405013,0.0,-0.008323898232367738,63100.0,17300.0,5141697.211,11700596.040000001,VCR,IYC,Consumer Discretionary
2010-12-23,4.107096246147264,5.604477660245591,60.77,271.64,-0.00328,-0.00147,0.0,0.0,-0.0032803017877644745,-0.001470372004117185,0.0,-0.0018099297836472895,51700.0,8200.0,5112137.861,11485428.040000001,VCR,IYC,Consumer Discretionary
2010-12-27,4.104954741334116,5.601823574346703,60.64,270.92,-0.002139,-0.002651,0.0,0.0,-0.002139213427678131,-0.002650566926814902,0.0,0.0005113534991367714,74500.0,11800.0,5245765.111,11366497.64,VCR,IYC,Consumer Discretionary
2010-12-28,4.101485670373467,5.600493885150271,60.43,270.56,-0.003463,-0.001329,0.0,0.0,-0.003463060686015831,-0.0013288055514543038,0.0,-0.002134255134561527,41700.0,14400.0,5197367.161,11011296.440000001,VCR,IYC,Consumer Discretionary
2010-12-29,4.104624871629657,5.603741120475974,60.62,271.44,0.003144,0.003253,0.0,0.0,0.0031441337084229686,0.003252513305736251,0.0,-0.0001083795973132822,43600.0,855800.0,5210491.611,22329882.84,VCR,IYC,Consumer Discretionary
2010-12-30,4.104954741334116,5.604330395684541,60.64,271.6,0.00033,0.000589,0.0,0.0,0.0003299241174529858,0.0005894488653110782,0.0,-0.0002595247478580924,38300.0,15800.0,5213639.205999999,21885253.240000002,VCR,IYC,Consumer Discretionary
2010-12-31,4.1021473742851216,5.600789524472453,60.47,270.64,-0.002803,-0.003535,30235000.0,0.0,0.08949540090204058,-0.003534609720176874,30235000.0,0.09303001062221745,107400.0,16100.0,5161589.766,21656512.04,VCR,IYC,Consumer Discretionary
2011-01-03,4.113983777474449,5.6103505298636485,61.19,273.24,0.011907,0.009607,0.0,0.0,0.011906730610219943,0.009606857818504287,0.0,0.0022998727917156563,93600.0,214400.0,5312349.365999999,23760791.240000002,VCR,IYC,Consumer Discretionary
2011-01-04,4.107260787488647,5.6063901286475515,60.78,272.16,-0.0067,-0.003953,0.0,0.0,-0.006700441248570028,-0.003952569169960331,0.0,-0.002747872078609697,130600.0,32900.0,5528595.165999999,23664064.04,VCR,IYC,Consumer Discretionary
2011-01-05,4.11561669749764,5.611959540669349,61.29,273.68,0.008391,0.005585,0.0,0.0,0.00839091806515301,0.00558495002939433,0.0,0.0028059680357586806,65100.0,14600.0,4800580.505999999,22677082.44,VCR,IYC,Consumer Discretionary
2011-01-06,4.109397364848393,5.605507905387861,60.91,271.92,-0.0062,-0.006431,0.0,0.0,-0.006200032631750694,-0.006430868167202572,0.0,0.00023083553545187856,66200.0,19100.0,4591360.856,22602511.64,VCR,IYC,Consumer Discretionary
2011-01-07,4.107589788972121,5.6056549966582585,60.8,271.96,-0.001806,0.000147,0.0,0.0,-0.0018059431948776884,0.00014710208884951794,0.0,-0.0019530452837272063,44900.0,77000.0,4485125.02,23484979.64,VCR,IYC,Consumer Discretionary
2011-01-10,4.108181719010123,5.605213657923621,60.836,271.84,0.000592,-0.000441,0.0,0.0,0.0005921052631578948,-0.0004412413590233859,0.0,0.0010333466221812805,78400.0,5900.0,4533911.1,23253660.44,VCR,IYC,Consumer Discretionary
2011-01-11,4.106190784505782,5.604183109433446,60.715,271.56,-0.001989,-0.00103,0.0,0.0,-0.001988953908869748,-0.0010300176574454126,0.0,-0.0009589362514243354,265800.0,23400.0,5036417.970000001,22210781.84,VCR,IYC,Consumer Discretionary
2011-01-12,4.109889773557563,5.60683094857975,60.94,272.28,0.003706,0.002651,0.0,0.0,0.0037058387548381784,0.0026513477684488177,0.0,0.0010544909863893608,48100.0,37500.0,4987185.470000001,22596251.6,VCR,IYC,Consumer Discretionary
2011-01-13,4.107277240133821,5.605949114307438,60.781,272.04,-0.002609,-0.000881,0.0,0.0,-0.002609123728257302,-0.0008814455707357201,0.0,-0.001727678157521582,58200.0,24100.0,4983157.180000001,22802156.2,VCR,IYC,Consumer Discretionary
2011-01-14,4.114473933517266,5.612397912854348,61.22,273.8,0.007223,0.00647,0.0,0.0,0.0072226518155344595,0.006469636818114839,0.0,0.0007530149974196206,57600.0,23700.0,4857388.78,22853626.4,VCR,IYC,Consumer Discretionary
2011-01-18,4.1154535254323354,5.61473265782269,61.28,274.44,0.00098,0.002338,0.0,0.0,0.0009800718719372753,0.002337472607742878,0.0,-0.0013574007358056026,82800.0,24400.0,4891455.58,19898540.6,VCR,IYC,Consumer Discretionary
2011-01-19,4.1034694699991014,5.604624903122983,60.55,271.68,-0.011913,-0.010057,0.0,0.0,-0.011912532637075719,-0.010056843025797988,0.0,-0.0018556896112777305,47400.0,47500.0,4844046.28,20389128.2,VCR,IYC,Consumer Discretionary
2011-01-20,4.1047898200836395,5.611813373892797,60.63,273.64,0.001321,0.007214,0.0,0.0,0.0013212221304706854,0.007214369846878681,0.0,-0.005893147716407995,27500.0,20700.0,4520897.53,20456010.2,VCR,IYC,Consumer Discretionary
2011-01-21,4.105119635390059,5.611667185748395,60.65,273.6,0.00033,-0.000146,0.0,0.0,0.00032986970146792015,-0.00014617745943561216,0.0,0.0004760471609035323,31800.0,7700.0,4424970.680000001,20326031.6,VCR,IYC,Consumer Discretionary
2011-01-24,4.110709916308365,5.616625632541578,60.99,274.96,0.005606,0.004971,0.0,0.0,0.00560593569661995,0.004970760233917842,0.0,0.0006351754627021084,59500.0,9600.0,4449325.48,20346640.0,VCR,IYC,Consumer Discretionary
2011-01-25,4.109725664260403,5.6170619644516355,60.93,275.08,-0.000984,0.000436,0.0,0.0,-0.000983767830791933,0.00043642711667165804,0.0,-0.0014201949474635911,57300.0,58400.0,4398005.930000001,20990030.8,VCR,IYC,Consumer Discretionary
2011-01-26,4.112839144858265,5.618950539139504,61.12,275.6,0.003118,0.00189,0.0,0.0,0.003118332512719514,0.001890359168242108,0.0,0.001227973344477406,56800.0,19000.0,4445590.180000001,21057047.6,VCR,IYC,Consumer Discretionary
2011-01-27,4.121148764974151,5.625027825967296,61.63,277.28,0.008344,0.006096,0.0,0.0,0.008344240837696335,0.006095791001451094,0.0,0.002248449836245241,65700.0,25200.0,4515893.130000001,9791502.8,VCR,IYC,Consumer Discretionary
2011-01-28,4.090804971923568,5.599902344168809,59.788,270.4,-0.029888,-0.024813,0.0,0.0,-0.02988804153821191,-0.02481246393537219,0.0,-0.00507557760283972,106000.0,40600.0,4716643.930000001,10125850.8,VCR,IYC,Consumer Discretionary
2011-01-31,4.092509546276371,5.600198158399631,59.89,270.48,0.001706,0.000296,5989000.0,-13524000.0,0.018678342908979854,-0.016102434765738534,19513000.0,0.03478077767471839,103200.0,29800.0,4700952.430000001,10311000.8,VCR,IYC,Consumer Discretionary
2011-02-01,4.106273133087375,5.615461149149437,60.72,274.64,0.013859,0.01538,0.0,0.0,0.01385874102521289,0.015380065069506064,0.0,-0.0015213240442931743,91200.0,38600.0,4691466.430000001,7911923.2,VCR,IYC,Consumer Discretionary
2011-02-02,4.102312731871278,5.612982110329704,60.48,273.96,-0.003953,-0.002476,0.0,0.0,-0.003952569169960474,-0.002475968540635158,0.0,-0.001476600629325316,66900.0,121300.0,4496878.630000001,9125787.4,VCR,IYC,Consumer Discretionary
2011-02-03,4.113983777474449,5.623150704630611,61.19,276.76,0.011739,0.010221,0.0,0.0,0.011739417989417989,0.01022047014162666,0.0,0.0015189478477913281,53300.0,19800.0,4460451.03,9199993.4,VCR,IYC,Consumer Discretionary
2011-02-04,4.120174738923119,5.626037126031348,61.57,277.56,0.00621,0.002891,0.0,0.0,0.006210165059650269,0.0028905911258852437,0.0,0.0033195739337650255,76000.0,12800.0,4492804.930000001,9117948.2,VCR,IYC,Consumer Discretionary
2011-02-07,4.1264890155486675,5.6286278010554405,61.96,278.28,0.006334,0.002594,0.0,0.0,0.006334253694981322,0.0025940337224382485,0.0,0.0037402199725430738,59700.0,46200.0,4541259.53,8713729.0,VCR,IYC,Consumer Discretionary
2011-02-08,4.13804241748782,5.639208397330961,62.68,281.24,0.01162,0.010637,0.0,0.0,0.011620400258231117,0.010636768722150497,0.0,0.0009836315360806196,61600.0,18000.0,4495836.8100000005,8886652.2,VCR,IYC,Consumer Discretionary
2011-02-09,4.1424996041091475,5.643749344540722,62.96,282.52,0.004467,0.004551,0.0,0.0,0.004467134652201659,0.00455127293414877,0.0,-8.413828194711072e-05,45400.0,507400.0,3831853.66,15736459.4,VCR,IYC,Consumer Discretionary
2011-02-10,4.145354483129846,5.646096863048398,63.14,283.184,0.002859,0.00235,0.0,0.0,0.0028589580686149934,0.0023502760866488735,0.0,0.0005086819819661199,38400.0,119800.0,3806521.7600000002,16922206.56,VCR,IYC,Consumer Discretionary
2011-02-11,4.155282860327181,5.655152297688134,63.77,285.76,0.009978,0.009097,0.0,0.0,0.009977827050997782,0.009096559127634189,0.0,0.0008812679233635937,43800.0,14700.0,3769305.35,16804431.96,VCR,IYC,Consumer Discretionary
2011-02-14,4.152613470346076,5.651225223917525,63.6,284.64,-0.002666,-0.003919,0.0,0.0,-0.0026658303277403168,-0.003919372900335946,0.0,0.0012535425725956296,265600.0,18700.0,4437599.75,16746117.36,VCR,IYC,Consumer Discretionary
2011-02-15,4.15166962884137,5.65262952129758,63.54,285.04,-0.000943,0.001405,0.0,0.0,-0.0009433962264150943,0.0014052838673413424,0.0,-0.0023486800937564368,55300.0,13100.0,4359588.65,16598001.76,VCR,IYC,Consumer Discretionary
2011-02-16,4.160912273160771,5.659203431258233,64.13,286.92,0.009285,0.006596,0.0,0.0,0.009285489455461126,0.006595565534661662,0.0,0.0026899239207994648,44700.0,35900.0,4359415.7,16467783.16,VCR,IYC,Consumer Discretionary
2011-02-17,4.163248540869312,5.662404770202223,64.28,287.84,0.002339,0.003206,0.0,0.0,0.002338998908467176,0.0032064687020770958,0.0,-0.0008674697936099196,44700.0,7500.0,4419715.25,16292505.76,VCR,IYC,Consumer Discretionary
2011-02-18,4.1661999993225285,5.665318808204073,64.47,288.68,0.002956,0.002918,0.0,0.0,0.002955818294959552,0.002918287937743329,0.0,3.7530357216222776e-05,17100.0,46500.0,4378403.6,16858350.759999998,VCR,IYC,Consumer Discretionary
2011-02-22,4.141164532865991,5.64119759946458,62.876,281.8,-0.024725,-0.023833,0.0,0.0,-0.024724678144873585,-0.02383261743106554,0.0,-0.000892060713808044,63900.0,41700.0,4397847.17,17313922.96,VCR,IYC,Consumer Discretionary
2011-02-23,4.12535861575127,5.627621113690637,61.89,278.0,-0.015682,-0.013485,0.0,0.0,-0.01568165913862205,-0.0134847409510291,0.0,-0.002196918187592949,131400.0,32800.0,4629900.02,16966609.36,VCR,IYC,Consumer Discretionary
2011-02-24,4.128907006571212,5.631068402367395,62.11,278.96,0.003555,0.003453,0.0,0.0,0.003554693811601228,0.0034532374100717995,0.0,0.0001014564015294284,70900.0,70800.0,4676499.17,17692307.759999998,VCR,IYC,Consumer Discretionary
2011-02-25,4.142308988738618,5.640629659650933,62.948,281.64,0.013492,0.009607,0.0,0.0,0.013492191273546932,0.00960711213077158,0.0,0.003885079142775352,38400.0,24000.0,4594904.779999999,17680902.96,VCR,IYC,Consumer Discretionary
2011-02-28,4.146620706787472,5.6461533618195645,63.22,283.2,0.004321,0.005539,6322000.0,0.0,0.021054132958624686,0.005538985939497231,6322000.0,0.015515147019127457,35000.0,24500.0,4388663.38,17478910.96,VCR,IYC,Consumer Discretionary
2011-03-01,4.128262780425561,5.629633476019879,62.07,278.56,-0.018191,-0.016384,0.0,0.0,-0.018190446061372982,-0.01638418079096045,0.0,-0.0018062652704125305,51300.0,100400.0,4238840.529999999,18474266.96,VCR,IYC,Consumer Discretionary
2011-03-02,4.1330843905380314,5.6315687073631775,62.37,279.0996,0.004833,0.001937,0.0,0.0,0.004833252779120348,0.001937105112004595,0.0,0.002896147667115753,152400.0,18100.0,4437216.7299999995,18196796.898,VCR,IYC,Consumer Discretionary
2011-03-03,4.150724895658208,5.647705828435796,63.48,283.64,0.017797,0.016268,0.0,0.0,0.017797017797017797,0.016268027614514676,0.0,0.0015289901825031212,55200.0,8100.0,4410115.93,16650103.697999999,VCR,IYC,Consumer Discretionary
2011-03-04,4.143134726391533,5.640487624283887,63.0,281.6,-0.007561,-0.007192,0.0,0.0,-0.007561436672967864,-0.007192215484416726,0.0,-0.0003692211885511377,71000.0,23200.0,4470694.58,16702767.297999999,VCR,IYC,Consumer Discretionary
2011-03-07,4.132924044189576,5.63221486279678,62.36,279.28,-0.010159,-0.008239,0.0,0.0,-0.010158730158730159,-0.008238636363636644,0.0,-0.0019200937950935148,18400.0,18100.0,4294099.779999999,16777877.298,VCR,IYC,Consumer Discretionary
2011-03-08,4.141387168555412,5.640108290982471,62.89,281.4932,0.008499,0.007925,0.0,0.0,0.00849903784477229,0.007924663420223575,0.0,0.0005743744245487147,37500.0,18700.0,4227067.93,16398246.64,VCR,IYC,Consumer Discretionary
2011-03-09,4.14424522067556,5.643041179367015,63.07,282.32,0.002862,0.002937,0.0,0.0,0.0028621402448719985,0.002937193509470211,0.0,-7.505326459821254e-05,49900.0,12700.0,4191373.1799999997,16324403.84,VCR,IYC,Consumer Discretionary
2011-03-10,4.131961425793407,5.634360939877696,62.3,279.88,-0.012209,-0.008643,0.0,0.0,-0.01220865704772475,-0.00864267497874752,0.0,-0.0035659820689772307,28600.0,20600.0,4137542.9799999995,9445147.84,VCR,IYC,Consumer Discretionary
2011-03-11,4.136925009757219,5.638354669333745,62.61,281.0,0.004976,0.004002,0.0,0.0,0.004975922953451044,0.004001715020723167,0.0,0.0009742079327278762,35600.0,15600.0,4127759.9799999995,7968055.680000002,VCR,IYC,Consumer Discretionary
2011-03-14,4.126650396974016,5.627477218446127,61.97,277.96,-0.010222,-0.010819,0.0,0.0,-0.010222009263695896,-0.010818505338078432,0.0,0.0005964960743825368,125500.0,114900.0,4376965.43,9354902.280000001,VCR,IYC,Consumer Discretionary
2011-03-15,4.117735515012677,5.618660221239366,61.42,275.52,-0.008875,-0.008778,0.0,0.0,-0.008875262223656607,-0.008778241473593181,0.0,-9.702075006342605e-05,42500.0,79900.0,3662874.9299999997,10189466.280000001,VCR,IYC,Consumer Discretionary
2011-03-16,4.102478062118823,5.603741120475974,60.49,271.44,-0.015142,-0.014808,0.0,0.0,-0.015141647671768154,-0.014808362369337979,0.0,-0.0003332853024301755,92200.0,43000.0,3766045.7299999995,10586361.079999998,VCR,IYC,Consumer Discretionary
2011-03-17,4.104954741334116,5.60624314547686,60.64,272.12,0.00248,0.002505,0.0,0.0,0.0024797487187964953,0.0025051576775714708,0.0,-2.5408958774975413e-05,36000.0,21900.0,3731867.1799999997,10369311.079999998,VCR,IYC,Consumer Discretionary
2011-03-18,4.104954741334116,5.60947179518496,60.64,273.0,0.0,0.003234,0.0,0.0,0.0,0.003233867411436131,0.0,-0.003233867411436131,31300.0,33200.0,3683102.9799999995,10714551.079999998,VCR,IYC,Consumer Discretionary
2011-03-21,4.120499519698952,5.624161900094166,61.59,277.04,0.015666,0.014799,0.0,0.0,0.01566622691292876,0.014798534798534943,0.0,0.0008676921143938154,82000.0,14100.0,3880500.13,10238683.28,VCR,IYC,Consumer Discretionary
2011-03-22,4.111856987306732,5.616771097666572,61.06,275.0,-0.008605,-0.007364,0.0,0.0,-0.00860529306705634,-0.007363557609009671,0.0,-0.0012417354580466682,27900.0,34100.0,3764790.0100000002,10120005.280000001,VCR,IYC,Consumer Discretionary
2011-03-23,4.121311010451915,5.624161900094166,61.64,277.04,0.009499,0.007418,0.0,0.0,0.009498853586636095,0.0074181818181819625,0.0,0.002080671768454133,28000.0,10300.0,3444468.71,9806760.88,VCR,IYC,Consumer Discretionary
2011-03-24,4.133244711179657,5.637101215048902,62.38,280.648,0.012005,0.013023,0.0,0.0,0.012005191434133679,0.013023390124169794,0.0,-0.0010181986900361147,19700.0,29200.0,3285733.06,9228988.56,VCR,IYC,Consumer Discretionary
2011-03-25,4.137404051682548,5.636645023668709,62.64,280.52,0.004168,0.001796,0.0,0.0,0.004168002564924655,-0.0004560873407258905,0.0,0.0046240899056505455,40000.0,21100.0,3290152.9,9186969.16,VCR,IYC,Consumer Discretionary
2011-03-28,4.128101659020234,5.62718936582468,62.06,277.88,-0.009259,-0.009411,0.0,0.0,-0.009259259259259259,-0.009411093683159845,0.0,0.0001518344239005865,30000.0,44800.0,3272607.9,9462500.36,VCR,IYC,Consumer Discretionary
2011-03-29,4.136445738240736,5.635789103502333,62.58,280.28,0.008379,0.008637,0.0,0.0,0.00837898807605543,0.008636821649632791,0.0,-0.00025783357357736167,56800.0,5600.0,3291125.55,8142607.56,VCR,IYC,Consumer Discretionary
2011-03-30,4.14946386144318,5.647000460557217,63.4,283.44,0.013103,0.011275,0.0,0.0,0.01310322786832854,0.01127443984586856,0.0,0.0018287880224599797,32900.0,11100.0,2920159.15,8047331.6219999995,VCR,IYC,Consumer Discretionary
2011-03-31,4.145354483129846,5.643466138648146,63.14,282.44,-0.004101,-0.003528,6314000.0,-28244000.0,0.012219916519070647,-0.036743814093517735,34558000.0,0.04896373061258838,205100.0,29900.0,3392455.05,8354705.222,VCR,IYC,Consumer Discretionary
2011-04-01,4.152456225279317,5.650001878971554,63.59,284.292,0.007127,0.006557,0.0,0.0,0.007127019322141274,0.0065571448803284195,0.0,0.0005698744418128543,95500.0,13200.0,3472447.3,8215681.942,VCR,IYC,Consumer Discretionary
2011-04-04,4.154655409326203,5.651365742431071,63.73,284.68,0.002202,0.001365,0.0,0.0,0.0022016040257902187,0.0013647939442546437,0.0,0.0008368100815355751,71500.0,8800.0,3642910.85,8088192.742000001,VCR,IYC,Consumer Discretionary
2011-04-05,4.15997623565093,5.655712051411118,64.07,285.92,0.005335,0.004356,0.0,0.0,0.005335007061038607,0.004355767879724603,0.0,0.0009792391813140035,19700.0,9900.0,3588101.05,7966527.0,VCR,IYC,Consumer Discretionary
2011-04-06,4.158798704799901,5.656271491985149,63.9946,286.08,-0.001177,0.00056,0.0,0.0,-0.001176837833619359,0.0005595970900951316,0.0,-0.0017364349237144906,23100.0,16800.0,3504655.163,8027561.0,VCR,IYC,Consumer Discretionary
2011-04-07,4.155282860327181,5.654031849391645,63.77,285.44,-0.00351,-0.002237,0.0,0.0,-0.0035096711285014376,-0.0022371364653243847,0.0,-0.0012725346631770528,31700.0,15900.0,3516641.6130000004,7966209.4,VCR,IYC,Consumer Discretionary
2011-04-08,4.149034747304857,5.648974238161206,63.3728,284.0,-0.006229,-0.005045,0.0,0.0,-0.0062286341539909956,-0.005044843049327354,0.0,-0.0011837911046636415,36700.0,6200.0,3521484.9010000005,7835069.4,VCR,IYC,Consumer Discretionary
2011-04-11,4.14698444954628,5.648551613656782,63.243,283.88,-0.002048,-0.000423,0.0,0.0,-0.002048197333871854,-0.00042253521126760566,0.0,-0.0016256621226042483,75100.0,14400.0,3370100.6160000004,6442582.8,VCR,IYC,Consumer Discretionary
2011-04-12,4.14424522067556,5.647705828435796,63.07,283.64,-0.002735,-0.000845,0.0,0.0,-0.0027354806065493413,-0.0008454276454840073,0.0,-0.001890052961065334,76900.0,58800.0,3482087.2660000003,6175782.0,VCR,IYC,Consumer Discretionary
2011-04-13,4.148201235012811,5.648974238161206,63.32,284.0,0.003964,0.001269,0.0,0.0,0.0039638496908197245,0.0012692144972500353,0.0,0.0026946351935696893,29700.0,11700.0,3297258.566,5758326.0,VCR,IYC,Consumer Discretionary
2011-04-14,4.1455128487965,5.647705828435796,63.15,283.64,-0.002685,-0.001268,0.0,0.0,-0.0026847757422615286,-0.0012676056338028169,0.0,-0.0014171701084587118,30200.0,15700.0,3283463.0659999996,5683012.0,VCR,IYC,Consumer Discretionary
2011-04-15,4.1513548169388805,5.654732276680909,63.52,285.64,0.005859,0.007051,0.0,0.0,0.005859065716547902,0.007051191651389085,0.0,-0.0011921259348411832,17100.0,5700.0,3242871.0659999996,5311239.4,VCR,IYC,Consumer Discretionary
2011-04-18,4.142658422500651,5.646294594783574,62.97,283.24,-0.008659,-0.008402,0.0,0.0,-0.008658690176322419,-0.008402184567987676,0.0,-0.0002565056083347426,51800.0,75500.0,3153444.3659999995,6185157.2,VCR,IYC,Consumer Discretionary
2011-04-19,4.145671189387441,5.648974238161206,63.16,284.0,0.003017,0.002683,0.0,0.0,0.0030173098300778148,0.00268323683095608,0.0,0.0003340729991217349,14600.0,21300.0,3114372.4659999995,6018742.2,VCR,IYC,Consumer Discretionary
2011-04-20,4.163404098153595,5.662960480135946,64.29,288.0,0.017891,0.014085,0.0,0.0,0.017891070297656898,0.014084507042253521,0.0,0.003806563255403376,24100.0,14500.0,3105545.9159999997,6084866.6,VCR,IYC,Consumer Discretionary
2011-04-21,4.169761201506855,5.667395077203811,64.7,289.28,0.006377,0.004444,0.0,0.0,0.0063773526209362314,0.004444444444444301,0.0,0.0019329081764919301,30600.0,14700.0,3143092.6159999995,5887741.32,VCR,IYC,Consumer Discretionary
2011-04-25,4.168214410788556,5.666565086839385,64.6,289.04,-0.001546,-0.00083,0.0,0.0,-0.0015455950540959754,-0.0008296460176989731,0.0,-0.0007159490363970023,28300.0,6300.0,3109221.6159999995,5682840.32,VCR,IYC,Consumer Discretionary
2011-04-26,4.170842533194826,5.670018844503392,64.77,290.04,0.002632,0.00346,0.0,0.0,0.00263157894736857,0.0034597287572654305,0.0,-0.0008281498098968603,35300.0,24700.0,3130450.6659999997,5418588.5200000005,VCR,IYC,Consumer Discretionary
2011-04-27,4.181035888000805,5.681216432644265,65.4336,293.306,0.010246,0.011261,0.0,0.0,0.010245484020379775,0.01126051579092539,0.0,-0.0010150317705456147,63400.0,14800.0,3160147.9779999997,5557156.5600000005,VCR,IYC,Consumer Discretionary
2011-04-28,4.184489912073446,5.683035401511412,65.66,293.84,0.00346,0.001821,0.0,0.0,0.0034599960876369623,0.0018206241945270772,0.0,0.001639371893109885,24300.0,18000.0,3135631.878,5664303.359999999,VCR,IYC,Consumer Discretionary
2011-04-29,4.184794465144173,5.683851839167322,65.68,294.08,0.000305,0.000817,-19704000.000000004,-14704000.0,-0.048081627545298586,-0.01643869053766052,-5000000.000000004,-0.03164293700763807,70800.0,13400.0,2720638.378,5439089.159999999,VCR,IYC,Consumer Discretionary
2011-05-02,4.184642200202881,5.68670413312145,65.67,294.92,-0.000152,0.002856,0.0,0.0,-0.00015225334957384435,0.002856365614798694,0.0,-0.0030086189643725387,119000.0,10800.0,2807732.628,5410713.24,VCR,IYC,Consumer Discretionary
2011-05-03,4.1802164012960645,5.683171520752077,65.38,293.88,-0.004416,-0.003526,0.0,0.0,-0.004416019491396376,-0.0035263800352638005,0.0,-0.0008896394561325755,40300.0,19400.0,2711638.578,5570517.64,VCR,IYC,Consumer Discretionary
2011-05-04,4.17638527255831,5.678669773841126,65.13,292.56,-0.003824,-0.004492,0.0,0.0,-0.0038237993270113183,-0.00449162923642303,0.0,0.0006678299094117117,25700.0,8900.0,2732221.6780000003,5559176.4399999995,VCR,IYC,Consumer Discretionary
2011-05-05,4.174541104216377,5.678396288265786,65.01,292.48,-0.001842,-0.000273,0.0,0.0,-0.0018424689083370168,-0.00027344818156959256,0.0,-0.0015690207267674242,26400.0,7600.0,2744121.1149999998,5430011.64,VCR,IYC,Consumer Discretionary
2011-05-06,4.176692303570854,5.679353160733027,65.15,292.76,0.002154,0.000957,0.0,0.0,0.0021535148438701734,0.0009573304157549234,0.0,0.0011961844281152502,23800.0,41500.0,2720574.165,5810563.84,VCR,IYC,Consumer Discretionary
2011-05-09,4.178072777752813,5.683171520752077,65.24,293.88,0.001381,0.003826,0.0,0.0,0.0013814274750572491,0.0038256592430659926,0.0,-0.0024442317680087432,48300.0,63800.0,2761839.677,6660001.04,VCR,IYC,Consumer Discretionary
2011-05-10,4.191924890560965,5.69615344749171,66.15,297.72,0.013949,0.013067,0.0,0.0,0.013948497854077565,0.01306655777868532,0.0,0.000881940075392244,24200.0,24700.0,2604403.7120000003,6823291.640000001,VCR,IYC,Consumer Discretionary
2011-05-11,4.184794465144173,5.689953966719667,65.68,295.88,-0.007105,-0.00618,0.0,0.0,-0.0071050642479213895,-0.006180303641005111,0.0,-0.0009247606069162787,38100.0,18700.0,2487019.9620000003,6266037.84,VCR,IYC,Consumer Discretionary
2011-05-12,4.192831508936755,5.698005821878747,66.21,298.272,0.008069,0.008084,0.0,0.0,0.008069427527405294,0.008084358523725835,0.0,-1.4930996320541498e-05,30000.0,33100.0,2492304.762,6593538.0,VCR,IYC,Consumer Discretionary
2011-05-13,4.185555442275485,5.692654116868358,65.73,296.68,-0.00725,-0.005337,0.0,0.0,-0.0072496601721792776,-0.00533741014912563,0.0,-0.0019122500230536474,28600.0,11100.0,2490942.162,6535538.0,VCR,IYC,Consumer Discretionary
2011-05-16,4.171151270461866,5.679353160733027,64.79,292.76,-0.014301,-0.013213,0.0,0.0,-0.014300928038947055,-0.013212889308345693,0.0,-0.001088038730601362,28700.0,26800.0,2529606.2120000003,6846429.0,VCR,IYC,Consumer Discretionary
2011-05-17,4.169915749069174,5.680991386355386,64.71,293.24,-0.001235,0.00164,0.0,0.0,-0.0012347584503784564,0.0016395682470282825,0.0,-0.002874326697406739,55600.0,20500.0,2546407.7120000003,6077769.0,VCR,IYC,Consumer Discretionary
2011-05-18,4.182050142641207,5.691169936605357,65.5,296.24,0.012208,0.010231,0.0,0.0,0.012208314016380934,0.010230527895239394,0.0,0.00197778612114154,29500.0,229700.0,2596913.412,9177625.4,VCR,IYC,Consumer Discretionary
2011-05-19,4.1852511209097765,5.693193273101933,65.71,296.84,0.003206,0.002025,0.0,0.0,0.0032061068702288536,0.002025384823116251,0.0,0.0011807220471126028,20400.0,17200.0,2586468.162,9224107.8,VCR,IYC,Consumer Discretionary
2011-05-20,4.175924549214524,5.6848035080583985,65.1,294.36,-0.009283,-0.008355,0.0,0.0,-0.009283214122660175,-0.008354669182050797,0.0,-0.0009285449406093785,60800.0,41300.0,2685381.162,9619340.4,VCR,IYC,Consumer Discretionary
2011-05-23,4.165268900558799,5.676479792128192,64.41,291.92,-0.010599,-0.008289,0.0,0.0,-0.010599078341013672,-0.008289169724147302,0.0,-0.00230990861686637,24400.0,13300.0,2672552.362,9722419.6,VCR,IYC,Consumer Discretionary
2011-05-24,4.160444363926624,5.670845974409936,64.1,290.28,-0.004813,-0.005618,0.0,0.0,-0.004812917248874555,-0.005617977528090031,0.0,0.0008050602792154752,59600.0,4400.0,2749251.312,9428081.8,VCR,IYC,Consumer Discretionary
2011-05-25,4.162626069638506,5.670845974409936,64.24,290.28,0.002184,0.0,0.0,0.0,0.00218408736349454,0.0,0.0,0.00218408736349454,15400.0,93400.0,2591291.6,10566642.959999999,VCR,IYC,Consumer Discretionary
2011-05-26,4.172231100879172,5.678259517425115,64.86,292.44,0.009651,0.007441,0.0,0.0,0.009651307596513234,0.007441091360066288,0.0,0.0022102162364469463,16700.0,7200.0,2565672.8,10407465.36,VCR,IYC,Consumer Discretionary
2011-05-27,4.176354564271676,5.681264163225599,65.128,293.32,0.004132,0.003009,0.0,0.0,0.004131976564909035,0.0030091642730132677,0.0,0.0011228122918957675,14100.0,19200.0,2379080.8400000003,10492018.959999999,VCR,IYC,Consumer Discretionary
2011-05-31,4.182202802743785,5.68575427213681,65.51,294.64,0.005865,0.0045,0.0,44196000.0,0.005865372804323948,0.057368636373423675,-44196000.0,-0.051503263569099726,107300.0,10300.0,2339805.49,10484501.76,VCR,IYC,Consumer Discretionary
2011-06-01,4.159820144181012,5.666011376969203,64.06,288.88,-0.022134,-0.019549,0.0,0.0,-0.022134025339642954,-0.0195492804778713,0.0,-0.002584744861771654,54400.0,34800.0,2382307.99,10702089.36,VCR,IYC,Consumer Discretionary
2011-06-02,4.1568497675734974,5.664209699536378,63.87,288.36,-0.002966,-0.0018,0.0,0.0,-0.0029659694036840464,-0.001800055386319579,0.0,-0.0011659140173644674,17200.0,12700.0,2353544.14,10755008.76,VCR,IYC,Consumer Discretionary
2011-06-03,4.1424996041091475,5.651927619113924,62.96,284.84,-0.014248,-0.012207,0.0,0.0,-0.014247690621575075,-0.01220696351782508,0.0,-0.0020407271037499956,87300.0,19300.0,2542551.3400000003,10918736.959999999,VCR,IYC,Consumer Discretionary
2011-06-06,4.130033404630607,5.640203493013329,62.18,281.52,-0.012389,-0.011656,0.0,0.0,-0.01238881829733164,-0.011655666338997193,0.0,-0.0007331519583344461,51100.0,16400.0,2623892.74,10542106.36,VCR,IYC,Consumer Discretionary
2011-06-07,4.131319165013462,5.642332512339978,62.26,282.12,0.001287,0.002131,0.0,0.0,0.001286587327114828,0.002131287297527707,0.0,-0.0008446999704128789,28600.0,36800.0,2555369.9400000004,10123729.959999999,VCR,IYC,Consumer Discretionary
2011-06-08,4.121473229610353,5.636645023668709,61.65,280.52,-0.009798,-0.005671,0.0,0.0,-0.009797622871827819,-0.005671345526726216,0.0,-0.004126277345101603,52000.0,18300.0,2635618.4400000004,10012721.559999999,VCR,IYC,Consumer Discretionary
2011-06-09,4.1301942151157975,5.643324505619087,62.19,282.4,0.008759,0.006702,0.0,0.0,0.008759124087591242,0.00670183944103793,0.0,0.0020572846465533113,85800.0,13200.0,2777293.14,9922457.76,VCR,IYC,Consumer Discretionary
2011-06-10,4.111693200556713,5.625893002661495,61.05,277.52,-0.018331,-0.017281,0.0,0.0,-0.018330921369995177,-0.01728045325779023,0.0,-0.0010504681122049456,34800.0,13500.0,2784205.14,9616143.6,VCR,IYC,Consumer Discretionary
2011-06-13,4.110709916308365,5.62517207407429,60.99,277.32,-0.000983,-0.000721,0.0,0.0,-0.0009828009828009828,-0.0007206687806284232,0.0,-0.0002621322021725596,41800.0,77400.0,2817680.3400000003,10524714.6,VCR,IYC,Consumer Discretionary
2011-06-14,4.129067998280486,5.638497007957572,62.12,281.04,0.018528,0.013414,0.0,0.0,0.01852762747991474,0.0134141064474255,0.0,0.0051135210324892415,30400.0,45000.0,2819129.0900000003,10764756.2,VCR,IYC,Consumer Discretionary
2011-06-15,4.114800570789483,5.625316301376768,61.24,277.36,-0.014166,-0.013094,0.0,0.0,-0.014166130070830651,-0.01309422146313706,0.0,-0.0010719086076935915,29900.0,59200.0,2730789.0900000003,11285170.8,VCR,IYC,Consumer Discretionary
2011-06-16,4.111873364506395,5.625893002661495,61.061,277.52,-0.002923,0.000577,0.0,0.0,-0.002922926192031352,0.0005768676088837611,0.0,-0.003499793800915113,44200.0,15200.0,2769121.4,8093769.6,VCR,IYC,Consumer Discretionary
2011-06-17,4.118874559965378,5.631211781821365,61.49,279.0,0.007026,0.005333,0.0,0.0,0.00702576112412178,0.0053329489766503315,0.0,0.0016928121474714484,24700.0,11900.0,2778037.35,8004492.2,VCR,IYC,Consumer Discretionary
2011-06-20,4.128745988939433,5.639350614496812,62.1,281.28,0.00992,0.008172,0.0,0.0,0.009920312245893641,0.008172043010752545,0.0,0.001748269235141096,22600.0,41800.0,2650306.35,7984514.0,VCR,IYC,Consumer Discretionary
2011-06-21,4.150094577326593,5.65669086712235,63.44,286.2,0.021578,0.017492,0.0,0.0,0.021578099838969404,0.01749146757679195,0.0,0.004086632262177453,34900.0,36900.0,2682428.95,8318426.2,VCR,IYC,Consumer Discretionary
2011-06-22,4.141705133581938,5.648297953194042,62.91,283.808,-0.008354,-0.008358,0.0,0.0,-0.008354350567465321,-0.008357791754018169,0.0,3.441186552847683e-06,41200.0,9000.0,2621005.55,8382278.2,VCR,IYC,Consumer Discretionary
2011-06-23,4.148517041110494,5.65066295232554,63.34,284.48,0.006835,0.002368,0.0,0.0,0.006835161341599109,0.0023677979479084454,0.0,0.004467363393690664,41600.0,40000.0,2703287.95,7595630.6,VCR,IYC,Consumer Discretionary
2011-06-24,4.137244396537321,5.636645023668709,62.63,280.52,-0.011209,-0.011509,0.0,0.0,-0.011209346384591095,-0.01392013498312711,0.0,0.0027107885985360146,11800.0,7100.0,2686081.55,7589936.8,VCR,IYC,Consumer Discretionary
2011-06-27,4.149306120296075,5.647141573942055,63.39,283.48,0.012135,0.010552,0.0,0.0,0.012134759699824365,0.010551832311421646,0.0,0.0015829273884027193,28900.0,343000.0,2731764.86,12170031.6,VCR,IYC,Consumer Discretionary
2011-06-28,4.168214410788556,5.661709698234294,64.6,287.64,0.019088,0.014675,0.0,0.0,0.01908818425619167,0.014674756596585297,0.0,0.004413427659606372,40100.0,24400.0,2509826.71,12369212.8,VCR,IYC,Consumer Discretionary
2011-06-29,4.171922696867475,5.667948021646985,64.84,289.44,0.003715,0.006258,0.0,0.0,0.0037151702786379277,0.006257822277847309,0.0,-0.0025426519992093814,76300.0,245700.0,2582948.11,15422332.0,VCR,IYC,Consumer Discretionary
2011-06-30,4.180675151973121,5.676068636088686,65.41,291.8,0.008791,0.008154,-13082000.0,43770000.0,-0.025393842800702653,0.058561359867330014,-56852000.0,-0.08395520266803266,75900.0,42200.0,2776250.86,15854921.4,VCR,IYC,Consumer Discretionary
2011-07-01,4.199004832765533,5.693058511293225,66.62,296.8,0.018499,0.017135,0.0,0.0,0.018498700504510013,0.017135023989033583,0.0,0.00136367651547643,66600.0,33200.0,2723275.0599999996,16072738.8,VCR,IYC,Consumer Discretionary
2011-07-05,4.203198967134183,5.6950780340260545,66.9,297.4,0.004203,0.002022,0.0,0.0,0.004202942059441766,0.002021563342317932,0.0,0.002181378717123834,80300.0,63600.0,2833008.6599999997,16787624.4,VCR,IYC,Consumer Discretionary
2011-07-06,4.2008044733232275,5.694674455625473,66.74,297.28,-0.002392,-0.000403,0.0,0.0,-0.0023916292974590497,-0.00040349697377269674,0.0,-0.001988132323686353,81300.0,26100.0,3015274.96,16656474.0,VCR,IYC,Consumer Discretionary
2011-07-07,4.215676847389625,5.708969001343501,67.74,301.56,0.014984,0.014397,0.0,0.0,0.014983518130056937,0.014397201291711646,0.0,0.0005863168383452907,48700.0,53100.0,3019931.86,17200440.0,VCR,IYC,Consumer Discretionary
2011-07-08,4.208565706312124,5.703115585668497,67.26,299.8,-0.007086,-0.005836,0.0,0.0,-0.0070859167404783,-0.005836317814033692,0.0,-0.0012495989264446079,25300.0,46300.0,2838220.6599999997,17708093.0,VCR,IYC,Consumer Discretionary
2011-07-11,4.188138441508461,5.683851839167322,65.9,294.08,-0.02022,-0.019079,0.0,0.0,-0.020220041629497316,-0.019079386257505004,0.0,-0.0011406553719923128,22500.0,27000.0,2806131.1599999997,17917775.0,VCR,IYC,Consumer Discretionary
2011-07-12,4.184489912073446,5.6811277840913945,65.66,293.28,-0.003642,-0.00272,0.0,0.0,-0.0036418816388468955,-0.002720348204570314,0.0,-0.0009215334342765817,13300.0,9900.0,2722325.96,16989720.2,VCR,IYC,Consumer Discretionary
2011-07-13,4.191017449482361,5.686432836321088,66.09,294.84,0.006549,0.005319,0.0,0.0,0.006548888212001219,0.0053191489361702135,0.0,0.0012297392758310053,30800.0,22800.0,2729682.1599999997,16693497.8,VCR,IYC,Consumer Discretionary
2011-07-14,4.181897459229962,5.677712246923017,65.49,292.28,-0.009079,-0.008683,0.0,0.0,-0.009078529278256923,-0.008682675349342018,0.0,-0.0003958539289149049,29200.0,54500.0,2733743.76,16668975.2,VCR,IYC,Consumer Discretionary
2011-07-15,4.182965753875629,5.678396288265786,65.56,292.48,0.001069,0.000684,0.0,0.0,0.0010688654756451366,0.000684275352401936,0.0,0.00038459012324320056,17000.0,21000.0,2654524.95,16765164.0,VCR,IYC,Consumer Discretionary
2011-07-18,4.170950602081127,5.666703466414781,64.777,289.08,-0.011943,-0.011625,0.0,0.0,-0.011943258084197682,-0.01162472647702407,0.0,-0.0003185316071736121,24100.0,12400.0,2656641.085,16778388.6,VCR,IYC,Consumer Discretionary
2011-07-19,4.191168746857641,5.686025753066942,66.1,294.72,0.020424,0.01951,0.0,0.0,0.020423915896074063,0.019510170195101834,0.0,0.0009137457009722287,21000.0,43300.0,2655873.085,16828582.2,VCR,IYC,Consumer Discretionary
2011-07-20,4.184946706904381,5.680991386355386,65.69,293.24,-0.006203,-0.005022,0.0,0.0,-0.006202723146747195,-0.005021715526601648,0.0,-0.0011810076201455473,26800.0,17400.0,2633194.8850000002,16555662.0,VCR,IYC,Consumer Discretionary
2011-07-21,4.196901150547193,5.689548314628376,66.48,295.76,0.012026,0.008594,0.0,0.0,0.012026183589587456,0.008593643432001091,0.0,0.0034325401575863654,38300.0,30200.0,2630909.4850000003,16874546.0,VCR,IYC,Consumer Discretionary
2011-07-22,4.199905057882593,5.693058511293225,66.68,296.8,0.003008,0.003516,0.0,0.0,0.0030084235860410717,0.0035163646199621317,0.0,-0.00050794103392106,52500.0,31800.0,2674197.285,16777498.0,VCR,IYC,Consumer Discretionary
2011-07-25,4.192831508936755,5.686025753066942,66.21,294.72,-0.007049,-0.007008,0.0,0.0,-0.0070485902819439235,-0.007008086253369144,0.0,-4.050402857477906e-05,46900.0,32700.0,2792508.035,17159780.6,VCR,IYC,Consumer Discretionary
2011-07-26,4.190714786041794,5.68561850402853,66.07,294.6,-0.002114,-0.000407,0.0,0.0,-0.0021144842168856672,-0.0004071661237785016,0.0,-0.0017073180931071656,35400.0,20300.0,2817853.3850000002,12597117.6,VCR,IYC,Consumer Discretionary
2011-07-27,4.170842533194826,5.669191029886582,64.77,289.8,-0.019676,-0.016293,0.0,0.0,-0.0196761011048886,-0.016293279022403385,0.0,-0.0033828220824852137,37600.0,23600.0,2810097.9850000003,12588160.8,VCR,IYC,Consumer Discretionary
2011-07-28,4.165871110127298,5.6628215816011025,64.4488,287.96,-0.004959,-0.006349,0.0,0.0,-0.004959085996603301,-0.00634920634920648,0.0,0.0013901203526031792,68600.0,11300.0,2783792.7690000003,9195087.8,VCR,IYC,Consumer Discretionary
2011-07-29,4.162003210695915,5.658924569014374,64.2,286.84,-0.00386,-0.003889,12840000.0,114735999.99999999,0.031079577263457822,0.122600802139627,-101895999.99999999,-0.09152122487616918,88400.0,28000.0,2819325.819,8980965.8,VCR,IYC,Consumer Discretionary
2011-08-01,4.1570063233468115,5.6522084391101535,63.88,284.92,-0.004984,-0.006694,0.0,0.0,-0.004984423676012461,-0.006693627109189676,0.0,0.0017092034331772149,53900.0,78600.0,2769637.819,9608013.4,VCR,IYC,Consumer Discretionary
2011-08-02,4.1183865567023386,5.619095666489007,61.46,275.64,-0.037884,-0.032571,0.0,0.0,-0.03788353162179086,-0.03257054611820862,0.0,-0.005312985503582238,99000.0,31400.0,2805261.319,9095036.2,VCR,IYC,Consumer Discretionary
2011-08-03,4.126811752359602,5.626613411885073,61.98,277.72,0.008461,0.007546,0.0,0.0,0.008460787504067686,0.007546074590045108,0.0,0.0009147129140225779,100500.0,203500.0,2845412.719,11532886.8,VCR,IYC,Consumer Discretionary
2011-08-04,4.074821895733237,5.579729825986222,58.84,265.0,-0.050662,-0.045802,0.0,0.0,-0.050661503710874474,-0.04580152671755737,0.0,-0.004859976993317104,84700.0,106500.0,2929653.219,12143370.0,VCR,IYC,Consumer Discretionary
2011-08-05,4.0700518696530565,5.577765634072714,58.56,264.48,-0.004759,-0.001962,0.0,0.0,-0.004758667573079538,-0.0019622641509432696,0.0,-0.0027964034221362685,161700.0,122800.0,3318026.919,13073240.2,VCR,IYC,Consumer Discretionary
2011-08-08,3.995812531157829,5.511652976871161,54.37,247.56,-0.071551,-0.063975,0.0,0.0,-0.07155054644808743,-0.06397459165154278,0.0,-0.007575954796544659,144800.0,58600.0,3637528.2189999996,13401583.0,VCR,IYC,Consumer Discretionary
2011-08-09,4.040416220196545,5.5585254619990625,56.85,259.44,0.045613,0.047988,0.0,0.0,0.04561338973698731,0.047988366456616575,0.0,-0.0023749767196292668,174100.0,64700.0,4088743.5689999997,14095697.8,VCR,IYC,Consumer Discretionary
2011-08-10,4.00460218672124,5.5137512747921935,54.85,248.08,-0.03518,-0.043787,0.0,0.0,-0.03518029903254178,-0.04378661732963306,0.0,0.008606318297091277,49400.0,38700.0,4122444.4689999996,14239615.0,VCR,IYC,Consumer Discretionary
2011-08-11,4.048126088420487,5.55651913367731,57.29,258.92,0.044485,0.043696,0.0,0.0,0.04448495897903373,0.0436955820702999,0.0,0.0007893769087338257,48100.0,66600.0,4164611.519,14305355.6,VCR,IYC,Consumer Discretionary
2011-08-12,4.059753117452481,5.566357798744529,57.96,261.48,0.011695,0.009887,0.0,0.0,0.011694885669401292,0.009887223852927675,0.0,0.0018076618164736165,85900.0,22800.0,4357823.719,14296338.8,VCR,IYC,Consumer Discretionary
2011-08-15,4.076010855533596,5.58078587194693,58.91,265.28,0.016391,0.014533,0.0,0.0,0.016390614216701172,0.014532660241700827,0.0,0.001857953975000345,34300.0,41500.0,4380798.084,14667565.2,VCR,IYC,Consumer Discretionary
2011-08-16,4.06971028126374,5.58078587194693,58.54,265.28,-0.006281,0.0,0.0,0.0,-0.006280767272109998,0.0,0.0,-0.006280767272109998,40600.0,19600.0,4430229.284,14289470.8,VCR,IYC,Consumer Discretionary
2011-08-17,4.064915751531289,5.578974824062853,58.26,264.8,-0.004783,-0.001809,0.0,0.0,-0.004783054321831227,-0.001809408926417244,0.0,-0.002973645395413983,50100.0,9300.0,4488145.984,14157484.0,VCR,IYC,Consumer Discretionary
2011-08-18,4.01349597435878,5.535442715382666,55.34,253.52,-0.05012,-0.042598,0.0,0.0,-0.050120151047030555,-0.042598187311178246,0.0,-0.007521963735852309,65000.0,26600.0,4540691.784,14048068.0,VCR,IYC,Consumer Discretionary
2011-08-19,3.9950765605634317,5.522740099360627,54.33,250.32,-0.018251,-0.012622,0.0,0.0,-0.01825081315504156,-0.012622278321236984,0.0,-0.005628534833804577,52300.0,31000.0,4507729.734,13964152.0,VCR,IYC,Consumer Discretionary
2011-08-22,3.9970991777832654,5.524974737162043,54.44,250.88,0.002025,0.002237,0.0,0.0,0.0020246640898214613,0.0022371364653243847,0.0,-0.00021247237550292347,28000.0,13800.0,4428683.284,13655392.0,VCR,IYC,Consumer Discretionary
2011-08-23,4.0353020215883175,5.557445631581756,56.56,259.16,0.038942,0.033004,0.0,0.0,0.038941954445260836,0.03300382653061238,0.0,0.005938127914648456,45600.0,25400.0,4440696.184,13685506.2,VCR,IYC,Consumer Discretionary
2011-08-24,4.0526367588223104,5.571545482029667,57.549,262.84,0.017486,0.0142,0.0,0.0,0.017485855728429985,0.014199722179348404,0.0,0.0032861335490815807,38900.0,12800.0,4430861.389,13511759.8,VCR,IYC,Consumer Discretionary
2011-08-25,4.033532422825343,5.552649459318263,56.46,257.92,-0.018923,-0.018719,0.0,0.0,-0.01892300474378356,-0.01871861208339662,0.0,-0.00020439266038694073,22200.0,15100.0,4272472.6049999995,13543792.0,VCR,IYC,Consumer Discretionary
2011-08-26,4.055950174234789,5.573218104635084,57.74,263.28,0.022671,0.020782,0.0,0.0,0.02267091746369111,0.020781637717121458,0.0,0.0018892797465696505,20800.0,21800.0,4048758.2049999996,13429191.2,VCR,IYC,Consumer Discretionary
2011-08-29,4.089666972670989,5.601085076417858,59.72,270.72,0.034292,0.028259,0.0,0.0,0.0342916522341531,0.028258887876025783,0.0,0.0060327643581273155,70400.0,85400.0,4086816.005,13465430.0,VCR,IYC,Consumer Discretionary
2011-08-30,4.095011006765261,5.607858773352711,60.04,272.56,0.005358,0.006797,0.0,0.0,0.0053583389149363695,0.006796690307328481,0.0,-0.001438351392392111,22500.0,20300.0,3850134.005,13309323.6,VCR,IYC,Consumer Discretionary
2011-08-31,4.09933210373314,5.610935924289849,60.3,273.4,0.00433,0.003082,-24120000.0,-68350000.0,-0.06373667978266381,-0.06755767950822056,44230000.0,0.003820999725556745,33600.0,16300.0,3639988.505,10706343.6,VCR,IYC,Consumer Discretionary
2011-09-01,4.084799149378569,5.59931045305949,59.43,270.24,-0.014428,-0.011558,0.0,0.0,-0.014427860696517412,-0.011558156547183483,0.0,-0.0028697041493339296,37500.0,15100.0,3502232.3549999995,9499249.8,VCR,IYC,Consumer Discretionary
2011-09-02,4.055950174234789,5.574887934245099,57.74,263.72,-0.028437,-0.024127,0.0,0.0,-0.028436816422682146,-0.024126702190645218,0.0,-0.004310114232036928,20700.0,328700.0,3088535.6550000003,12209580.8,VCR,IYC,Consumer Discretionary
2011-09-06,4.051002032709597,5.572154032177765,57.455,263.0,-0.004936,-0.00273,0.0,0.0,-0.0049359196397644614,-0.00273016836038236,0.0,-0.0022057512793821014,26500.0,26900.0,2771024.73,11837965.0,VCR,IYC,Consumer Discretionary
2011-09-07,4.080076590424396,5.596939379038152,59.15,269.6,0.029501,0.025095,0.0,0.0,0.02950134888173353,0.02509505703422067,0.0,0.004406291847512862,13800.0,16800.0,2316958.98,11225140.6,VCR,IYC,Consumer Discretionary
2011-09-08,4.066459358732565,5.586948988035406,58.35,266.92,-0.013525,-0.009941,0.0,0.0,-0.013524936601859678,-0.00994065281899123,0.0,-0.0035842837828684478,37500.0,66500.0,2290885.73,11632614.8,VCR,IYC,Consumer Discretionary
2011-09-09,4.039712366569035,5.561450566078405,56.81,260.2,-0.026392,-0.025176,0.0,0.0,-0.026392459297343615,-0.025176082721414656,0.0,-0.001216376575928959,14000.0,26200.0,2192870.2800000003,11111273.2,VCR,IYC,Consumer Discretionary
2011-09-12,4.049695810553219,5.571241068024272,57.38,262.76,0.010033,0.009839,0.0,0.0,0.010033444816053512,0.00983858570330515,0.0,0.00019485911274836135,37300.0,72400.0,2050945.78,11764377.2,VCR,IYC,Consumer Discretionary
2011-09-13,4.063025878964673,5.582894624046339,58.15,265.84,0.013419,0.011722,0.0,0.0,0.013419309864064134,0.01172172324554713,0.0,0.0016975866185170042,29100.0,25100.0,2034523.3800000001,11547550.4,VCR,IYC,Consumer Discretionary
2011-09-14,4.080752608702634,5.598718211407593,59.19,270.08,0.017885,0.015949,0.0,0.0,0.017884780739466897,0.015949443274150002,0.0,0.001935337465316895,18300.0,40500.0,1969846.03,11834488.0,VCR,IYC,Consumer Discretionary
2011-09-15,4.09617621705107,5.61254399422193,60.11,273.84,0.015543,0.013922,0.0,0.0,0.015543166075350567,0.013921800947867165,0.0,0.001621365127483402,8900.0,24600.0,1850653.6800000002,12048179.2,VCR,IYC,Consumer Discretionary
2011-09-16,4.104459895963194,5.622861603732384,60.61,276.68,0.008318,0.010371,0.0,0.0,0.008318083513558476,0.010371019573473694,0.0,-0.0020529360599152186,32100.0,11000.0,1768077.73,11863171.6,VCR,IYC,Consumer Discretionary
2011-09-19,4.103304303593573,5.620690678789748,60.54,276.08,-0.001155,-0.002169,0.0,0.0,-0.0011549249298795578,-0.002168570189388463,0.0,0.0010136452595089053,35800.0,46600.0,1734371.3800000001,12118442.0,VCR,IYC,Consumer Discretionary
2011-09-20,4.0963425648847736,5.61589798934568,60.12,274.76,-0.006938,-0.004781,0.0,0.0,-0.006937561942517344,-0.004781222833961171,0.0,-0.002156339108556173,28400.0,12400.0,1743525.78,12115686.0,VCR,IYC,Consumer Discretionary
2011-09-21,4.06474409244581,5.590091056903071,58.25,267.76,-0.031104,-0.025477,0.0,0.0,-0.031104457751164338,-0.02547677973504149,0.0,-0.005627678016122847,28900.0,18300.0,1698740.23,12031553.2,VCR,IYC,Consumer Discretionary
2011-09-22,4.031227252906622,5.559450103766281,56.33,259.68,-0.032961,-0.030176,0.0,0.0,-0.03296137339055794,-0.030176277263220794,0.0,-0.0027850961273371486,78500.0,34300.0,1807902.675,12308686.8,VCR,IYC,Consumer Discretionary
2011-09-23,4.046728708280438,5.568039113622825,57.21,261.92,0.015622,0.011663,0.0,0.0,0.015622226167228831,0.00862600123228589,0.0,0.006996224934942941,40500.0,36900.0,1861082.325,12597199.6,VCR,IYC,Consumer Discretionary
2011-09-26,4.068855799454934,5.589493328254074,58.49,267.6,0.022374,0.021686,0.0,0.0,0.022373710889704596,0.021686010995724023,0.0,0.0006876998939805735,34600.0,24900.0,1902220.425,12643386.400000002,VCR,IYC,Consumer Discretionary
2011-09-27,4.076859247881081,5.59337219332923,58.96,268.64,0.008036,0.003886,0.0,0.0,0.00803556163446743,0.0038863976083705672,0.0,0.004149164026096863,20000.0,51500.0,1750966.025,12179160.0,VCR,IYC,Consumer Discretionary
2011-09-28,4.0573347365882,5.577916862806462,57.82,264.52,-0.019335,-0.015337,0.0,0.0,-0.019335142469470826,-0.015336509827278277,0.0,-0.003998632642192549,26400.0,40400.0,1759743.425,12436842.0,VCR,IYC,Consumer Discretionary
2011-09-29,4.050218504179545,5.570022484476676,57.41,262.44,-0.007091,-0.007863,0.0,0.0,-0.007090971982013144,-0.007863299561469696,0.0,0.0007723275794565519,25100.0,29200.0,1730488.975,12597183.4,VCR,IYC,Consumer Discretionary
2011-09-30,4.0210567664522685,5.544708584581937,55.76,255.88,-0.028741,-0.024996,-5576000.0,-102352000.0,-0.04639347944035932,-0.14317846965309242,96776000.0,0.0967849902127331,66100.0,66600.0,1803344.525,13245232.6,VCR,IYC,Consumer Discretionary
2011-10-03,3.9863880873834527,5.515362359400377,53.86,248.48,-0.034075,-0.02892,0.0,0.0,-0.03407460545193687,-0.028919806159137095,0.0,-0.005154799292799776,39300.0,103300.0,1849418.525,10194393.6,VCR,IYC,Consumer Discretionary
2011-10-04,4.021236090401462,5.540792846161739,55.77,254.88,0.035462,0.025757,0.0,0.0,0.03546230969179354,0.025756600128783,0.0,0.009705709563010537,63100.0,102700.0,1949245.0,11149467.4,VCR,IYC,Consumer Discretionary
2011-10-05,4.039712366569035,5.553734478412542,56.81,258.2,0.018648,0.013026,0.0,0.0,0.018648018648018648,0.013025737602008789,0.0,0.005622281046009859,36100.0,65500.0,2010973.55,11768608.4,VCR,IYC,Consumer Discretionary
2011-10-06,4.064057161283644,5.573673789309181,58.21,263.4,0.024644,0.020139,0.0,0.0,0.024643548671008625,0.020139426800929353,0.0,0.004504121870079272,32100.0,60900.0,1994994.35,11683152.4,VCR,IYC,Consumer Discretionary
2011-10-07,4.059925635351641,5.572610201880802,57.97,263.12,-0.004123,-0.001063,0.0,0.0,-0.004123002920460402,-0.0010630220197416817,0.0,-0.0030599809007187204,40900.0,35500.0,2073776.0,11809328.4,VCR,IYC,Consumer Discretionary
2011-10-10,4.0943445622221,5.604772124323102,60.0,271.72,0.035018,0.032685,0.0,0.0,0.0350181128169743,0.03268470659775023,0.0,0.0023334062192240657,23100.0,31300.0,2036062.3,11283379.0,VCR,IYC,Consumer Discretionary
2011-10-11,4.10016094754354,5.6077120059054675,60.35,272.52,0.005833,0.002944,0.0,0.0,0.005833333333333334,0.0029442072721918107,0.0,0.002889126061141523,53200.0,18100.0,2111985.05,11196380.4,VCR,IYC,Consumer Discretionary
2011-10-12,4.112020747235043,5.61633463879589,61.07,274.88,0.01193,0.00866,0.0,0.0,0.011930405965202983,0.008659914868633494,0.0,0.003270491096569489,27100.0,23800.0,2140576.05,10976575.6,VCR,IYC,Consumer Discretionary
2011-10-13,4.108740442505833,5.61633463879589,60.87,274.88,-0.003275,0.0,0.0,0.0,-0.0032749304077288356,0.0,0.0,-0.0032749304077288356,38400.0,45400.0,2230697.5,11263730.0,VCR,IYC,Consumer Discretionary
2011-10-14,4.1264890155486675,5.630207693664138,61.96,278.72,0.017907,0.01397,0.0,0.0,0.017907014949893215,0.013969732246798752,0.0,0.003937282703094463,62800.0,31200.0,2327972.85,11546359.2,VCR,IYC,Consumer Discretionary
2011-10-17,4.1067670822206574,5.6151698162995975,60.75,274.56,-0.019529,-0.014925,0.0,0.0,-0.019528728211749516,-0.014925373134328504,0.0,-0.004603355077421012,19500.0,96100.0,2278837.5,12222353.6,VCR,IYC,Consumer Discretionary
2011-10-18,4.124065163671182,5.631355140720615,61.81,279.04,0.017449,0.016317,0.0,0.0,0.017448559670781894,0.016317016317016316,0.0,0.001131543353765578,20800.0,69400.0,2257749.5,13020271.2,VCR,IYC,Consumer Discretionary
2011-10-19,4.1089047135534305,5.619095666489007,60.88,275.64,-0.015046,-0.012185,0.0,0.0,-0.015046109043844038,-0.012184633027522936,0.0,-0.0028614760163211024,73100.0,37200.0,2396094.65,13287961.2,VCR,IYC,Consumer Discretionary
2011-10-20,4.113166316462689,5.622572419230658,61.14,276.6,0.004271,0.003483,0.0,0.0,0.0042706964520367935,0.003482803656943989,0.0,0.0007878927950928046,26900.0,17500.0,2257232.7,13084635.0,VCR,IYC,Consumer Discretionary
2011-10-21,4.139955073474153,5.644598481302753,62.8,282.76,0.027151,0.02227,0.0,0.0,0.027150801439319593,0.02227042660882125,0.0,0.0048803748304983435,61200.0,47200.0,2333550.45,13268706.2,VCR,IYC,Consumer Discretionary
2011-10-24,4.159039321153912,5.6585061297865655,64.01,286.72,0.019268,0.014005,0.0,0.0,0.019267515923566878,0.014004809732635596,0.0,0.005262706190931282,61100.0,32200.0,2427913.3,13397163.4,VCR,IYC,Consumer Discretionary
2011-10-25,4.135006543940991,5.63750021186222,62.49,280.76,-0.023746,-0.020787,0.0,0.0,-0.0237462896422434,-0.020786830357143,0.0,-0.0029594592851004027,23900.0,70200.0,2443628.85,13690883.0,VCR,IYC,Consumer Discretionary
2011-10-26,4.1356464415792065,5.638639326323997,62.53,281.08,0.00064,0.00114,0.0,0.0,0.0006401024163866218,0.0011397634990739421,0.0,-0.0004996610826873203,37500.0,69900.0,2484550.2,14138927.2,VCR,IYC,Consumer Discretionary
2011-10-27,4.1640260854229085,5.664764407635472,64.33,288.52,0.028786,0.026469,0.0,0.0,0.02878618263233648,0.026469332574356054,0.0,0.002316850057980425,38200.0,110100.0,2535370.95,15344067.4,VCR,IYC,Consumer Discretionary
2011-10-28,4.158101528024852,5.6585061297865655,63.95,286.72,-0.005907,-0.006239,0.0,0.0,-0.005907041815638116,-0.006238735616248298,0.0,0.00033169380061018154,19800.0,42700.0,2414394.65,15104134.2,VCR,IYC,Consumer Discretionary
2011-10-31,4.142975983633837,5.642757772818427,62.99,282.24,-0.015012,-0.015625,12598000.0,70560000.0,0.021455812705397675,0.0692349137931033,-57962000.0,-0.047779101087705625,22900.0,35100.0,2380683.3,14316066.2,VCR,IYC,Consumer Discretionary
2011-11-01,4.117735515012677,5.622427795613369,61.42,276.56,-0.024925,-0.020125,0.0,0.0,-0.02492459120495317,-0.020124716553287982,0.0,-0.004799874651665186,77200.0,136400.0,2441810.15,14893396.6,VCR,IYC,Consumer Discretionary
2011-11-02,4.130515758526928,5.633789102835666,62.21,279.72,0.012862,0.011426,0.0,0.0,0.012862259850211657,0.011426091987272338,0.0,0.0014361678629393193,49600.0,45600.0,2493548.9,14685553.2,VCR,IYC,Consumer Discretionary
2011-11-03,4.142658422500651,5.646435807803648,62.97,283.28,0.012217,0.012727,0.0,0.0,0.012216685420350426,0.012727012727012455,0.0,-0.0005103273066620288,41200.0,39900.0,2529840.05,14448643.8,VCR,IYC,Consumer Discretionary
2011-11-04,4.138201945285877,5.64516417216779,62.69,282.92,-0.004447,-0.001271,0.0,0.0,-0.004446561854851517,-0.0012708274498727838,0.0,-0.003175734404978733,32800.0,20200.0,2514103.0,14267355.0,VCR,IYC,Consumer Discretionary
2011-11-07,4.142181891636261,5.650100364406341,62.94,284.32,0.003988,0.004948,0.0,0.0,0.003987876854362737,0.004948395306093595,0.0,-0.0009605184517308581,15900.0,34100.0,2494840.3,14326878.8,VCR,IYC,Consumer Discretionary
2011-11-08,4.1530850572447005,5.660596577206601,63.63,287.32,0.010963,0.010552,0.0,0.0,0.0109628217349857,0.010551491277433878,0.0,0.0004113304575518225,40100.0,18400.0,2461887.45,14344582.6,VCR,IYC,Consumer Discretionary
2011-11-09,4.116171283448208,5.626325310471383,61.324,277.64,-0.036241,-0.033691,0.0,0.0,-0.03624076693383624,-0.033690658499234305,0.0,-0.002550108434601933,14500.0,24400.0,2423597.5,14356196.2,VCR,IYC,Consumer Discretionary
2011-11-10,4.122770036405805,5.632787600498577,61.73,279.44,0.006621,0.006483,0.0,0.0,0.0066205726958450195,0.0064832156749747875,0.0,0.00013735702087023204,16500.0,46800.0,2357654.35,14386108.2,VCR,IYC,Consumer Discretionary
2011-11-11,4.145829504910609,5.656970352870396,63.17,286.28,0.023327,0.024478,0.0,0.0,0.023327393487769316,0.02447752648153436,0.0,-0.001150132993765044,21900.0,9500.0,2232271.1,14087288.0,VCR,IYC,Consumer Discretionary
2011-11-14,4.14059181338742,5.6509441276402,62.84,284.56,-0.005224,-0.006008,0.0,0.0,-0.005223998733576065,-0.0060081039541706105,0.0,0.0007841052205945455,32000.0,23400.0,2273583.85,13100962.4,VCR,IYC,Consumer Discretionary
2011-11-15,4.145037676537619,5.653330931160103,63.12,285.24,0.004456,0.00239,0.0,0.0,0.004455760661998727,0.002389654202980039,0.0,0.002066106459018688,49500.0,12100.0,2365523.45,12305263.8,VCR,IYC,Consumer Discretionary
2011-11-16,4.124712098838497,5.634646735821339,61.85,279.96,-0.02012,-0.018511,0.0,0.0,-0.02012040557667934,-0.01851072780816168,0.0,-0.0016096777685176596,72900.0,15400.0,2368450.3,12008142.6,VCR,IYC,Consumer Discretionary
2011-11-17,4.108740442505833,5.621414844220772,60.87,276.28,-0.015845,-0.013145,0.0,0.0,-0.015844785772029104,-0.01314473496213745,0.0,-0.0027000508098916545,24800.0,50900.0,2361695.8,12469250.2,VCR,IYC,Consumer Discretionary
2011-11-18,4.106437809909484,5.621849091893515,60.73,276.4,-0.0023,0.000434,0.0,0.0,-0.0022999835715459176,0.00043434197191255254,0.0,-0.00273432554345847,25000.0,14100.0,2245440.3,11996798.6,VCR,IYC,Consumer Discretionary
2011-11-21,4.091841432003982,5.6063901286475515,59.85,272.16,-0.01449,-0.01534,0.0,0.0,-0.014490367199077885,-0.015340086830679903,0.0,0.0008497196316020177,61800.0,64900.0,2234826.25,12418338.6,VCR,IYC,Consumer Discretionary
2011-11-22,4.088996955895506,5.604919323852329,59.68,271.76,-0.00284,-0.00147,0.0,0.0,-0.0028404344193817877,-0.001469723691946053,0.0,-0.0013707107274357347,112100.0,21700.0,2494657.1,11727730.6,VCR,IYC,Consumer Discretionary
2011-11-23,4.069026754237811,5.585899433999484,58.5,266.64,-0.019772,-0.01884,0.0,0.0,-0.019772117962466487,-0.018840153076243746,0.0,-0.0009319648862227414,39900.0,26700.0,2494120.85,11101320.4,VCR,IYC,Consumer Discretionary
2011-11-25,4.062509838702082,5.583345921534254,58.12,265.96,-0.006496,-0.00255,0.0,0.0,-0.006495726495726496,-0.0025502550255026924,0.0,-0.003945471470223803,30300.0,6800.0,2459302.35,9603444.2,VCR,IYC,Consumer Discretionary
2011-11-28,4.0933440618885175,5.6103505298636485,59.94,273.24,0.031315,0.027373,0.0,0.0,0.03131452167928424,0.027372537223642798,0.0,0.00394198445564144,61400.0,41600.0,2580007.65,9559636.2,VCR,IYC,Consumer Discretionary
2011-11-29,4.095843438345836,5.613565966717623,60.09,274.12,0.002503,0.003221,0.0,0.0,0.0025025025025025025,0.00322061191626409,0.0,-0.0007181094137615877,45100.0,34000.0,2643387.05,9530309.0,VCR,IYC,Consumer Discretionary
2011-11-30,4.128907006571212,5.642332512339978,62.11,282.12,0.033616,0.029184,0.0,-14106000.0,0.03361624230321185,0.012848040135359557,14106000.0,0.020768202167852294,43100.0,46100.0,2540152.9,8294456.4,VCR,IYC,Consumer Discretionary
2011-12-01,4.128262780425561,5.643607751620131,62.07,282.48,-0.000644,0.001276,0.0,0.0,-0.0006440186765416197,0.0012760527435133986,0.0,-0.0019200714200550183,108600.0,51400.0,2722912.2,8382668.3999999985,VCR,IYC,Consumer Discretionary
2011-12-02,4.137563681342077,5.648693917184811,62.65,283.9204,0.009344,0.005099,0.0,0.0,0.00934428870629934,0.005099122061738748,0.0,0.004245166644560591,66900.0,37300.0,2802758.25,8347036.346000001,VCR,IYC,Consumer Discretionary
2011-12-05,4.146462516484207,5.65669086712235,63.21,286.2,0.008939,0.008029,0.0,0.0,0.008938547486033519,0.008029010948139122,0.0,0.0009095365378943964,54500.0,53200.0,2872193.9,8822579.146000002,VCR,IYC,Consumer Discretionary
2011-12-06,4.143928062410929,5.655572142351778,63.05,285.88,-0.002531,-0.001118,0.0,0.0,-0.0025312450561619996,-0.0011180992313067784,0.0,-0.0014131458248552212,45900.0,25000.0,2966856.35,8695163.546,VCR,IYC,Consumer Discretionary
2011-12-07,4.148201235012811,5.659482215759621,63.32,287.0,0.004282,0.003918,0.0,0.0,0.0042823156225218085,0.0039177277179236044,0.0,0.00036458790459820405,29100.0,24800.0,2931408.8,8786709.146000002,VCR,IYC,Consumer Discretionary
2011-12-08,4.126650396974016,5.640345568739931,61.97,281.56,-0.02132,-0.018955,0.0,0.0,-0.021320277953253315,-0.018954703832752613,0.0,-0.002365574120500702,19600.0,27700.0,2947679.5,8837948.946,VCR,IYC,Consumer Discretionary
2011-12-09,4.143134726391533,5.655292265495767,63.0,285.8,0.016621,0.015059,0.0,0.0,0.01662094561884783,0.015058957238244068,0.0,0.0015619883806037606,24300.0,11500.0,2973297.25,8348394.346000001,VCR,IYC,Consumer Discretionary
2011-12-12,4.13804241748782,5.651787179537821,62.68,284.8,-0.005079,-0.003499,0.0,0.0,-0.005079365079365079,-0.0034989503149055285,0.0,-0.0015804147644595508,49100.0,665600.0,3058005.5,17690555.346,VCR,IYC,Consumer Discretionary
2011-12-13,4.115942961774596,5.634646735821339,61.31,279.96,-0.021857,-0.016994,0.0,0.0,-0.02185705169112955,-0.016994382022472044,0.0,-0.004862669668657504,46200.0,33100.0,3099087.6,17820953.946000002,VCR,IYC,Consumer Discretionary
2011-12-14,4.103139109903596,5.625027825967296,60.53,277.28,-0.012722,-0.009573,0.0,0.0,-0.012722231283640516,-0.009572796113730533,0.0,-0.0031494351699099827,113500.0,61400.0,3286373.35,18499633.346,VCR,IYC,Consumer Discretionary
2011-12-15,4.105778939847764,5.627621113690637,60.69,278.0,0.002643,0.002597,0.0,0.0,0.00264331736329093,0.0025966532025390888,0.0,4.666416075184117e-05,24200.0,13000.0,3134365.0,18464764.146,VCR,IYC,Consumer Discretionary
2011-12-16,4.108740442505833,5.633216938608928,60.87,279.56,0.002966,0.005612,0.0,0.0,0.002965892239248641,0.005611510791366906,0.0,-0.0026456185521182654,22800.0,394000.0,3128278.0,23268963.546,VCR,IYC,Consumer Discretionary
2011-12-19,4.095244157464937,5.618079332463229,60.054,275.36,-0.013406,-0.015024,0.0,0.0,-0.013405618531296204,-0.015023608527686364,0.0,0.0016179899963901598,29600.0,385900.0,3141245.42,28387172.746000003,VCR,IYC,Consumer Discretionary
2011-12-20,4.124388683570477,5.648551613656782,61.83,283.88,0.029573,0.030941,0.0,0.0,0.029573383954441004,0.03094131319000581,0.0,-0.0013679292355648076,37700.0,17400.0,3072858.4699999997,27750989.146000005,VCR,IYC,Consumer Discretionary
2011-12-21,4.114637265489863,5.649537459803805,61.23,284.16,0.004092,0.000986,0.0,0.0,-0.009704027171276079,0.0009863322530648108,0.0,-0.010690359424340889,37900.0,19700.0,2854382.92,27736027.146000005,VCR,IYC,Consumer Discretionary
2011-12-22,4.1175726883413075,5.649115073313893,61.41,284.04,0.00294,0.003186,0.0,0.0,0.002939735423811857,-0.00042229729729729727,0.0,0.003362032721109154,30300.0,22900.0,2830711.57,27705288.546000004,VCR,IYC,Consumer Discretionary
2011-12-23,4.128584945376802,5.660039551708282,62.09,287.16,0.011073,0.010984,0.0,0.0,0.011073115127829344,0.010984368398817066,0.0,8.874672901227829e-05,27900.0,25800.0,2829275.32,27985298.546000004,VCR,IYC,Consumer Discretionary
2011-12-27,4.131640346965797,5.661709698234294,62.28,287.64,0.00306,0.001672,0.0,0.0,0.0030600740860041876,0.0016715419974925529,0.0,0.0013885320885116347,21200.0,22500.0,2711276.32,27740554.346000005,VCR,IYC,Consumer Discretionary
2011-12-28,4.118061088839417,5.6503816979290855,61.44,284.4,-0.013488,-0.011264,0.0,0.0,-0.01348747591522158,-0.011264080100125291,0.0,-0.0022233958150962886,34200.0,30700.0,2680835.77,27711104.346000005,VCR,IYC,Consumer Discretionary
2011-12-29,4.128745988939433,5.659482215759621,62.1,287.0,0.010742,0.009142,0.0,0.0,0.0107421875,0.009142053445851051,0.0,0.0016001340541489488,30500.0,48600.0,2641691.2199999997,27758227.746000003,VCR,IYC,Consumer Discretionary
2011-12-30,4.124065163671182,5.654732276680909,61.81,285.64,-0.00467,-0.004739,0.0,114256000.0,-0.00466988727858293,0.12368214004720693,-114256000.0,-0.12835202732578985,63100.0,90200.0,2499661.67,28320490.546000004,VCR,IYC,Consumer Discretionary
2012-01-03,4.1330843905380314,5.662265794453267,62.37,287.8,0.00906,0.007562,0.0,0.0,0.009060022650056626,0.0075619661111889095,0.0,0.0014980565388677163,41200.0,163100.0,2418579.62,30137988.0,VCR,IYC,Consumer Discretionary
2012-01-04,4.139158578011894,5.664903036595284,62.75,288.56,0.006093,0.002641,0.0,0.0,0.006092672759339426,0.002640722724113968,0.0,0.003451950035225458,50100.0,42300.0,2403521.12,29987000.4,VCR,IYC,Consumer Discretionary
2012-01-05,4.146937012341271,5.669742982432677,63.24,289.96,0.007809,0.004852,0.0,0.0,0.007808764940239044,0.004851677294150146,0.0,0.0029570876460888983,22800.0,18800.0,2330914.9699999997,29902212.8,VCR,IYC,Consumer Discretionary
2012-01-06,4.148201235012811,5.669191029886582,63.32,289.8,0.001265,-0.000552,0.0,0.0,0.001265022137887413,-0.0005518002483099944,0.0,0.0018168223861974074,57600.0,46600.0,2421145.9699999997,30221566.8,VCR,IYC,Consumer Discretionary
2012-01-09,4.148990563335426,5.669329046586822,63.37,289.84,0.00079,0.000138,0.0,0.0,0.0007896399241945673,0.0001380262249826292,0.0,0.0006516136992119381,46800.0,13100.0,2508701.17,30021451.4,VCR,IYC,Consumer Discretionary
2012-01-10,4.157162854614252,5.674010316322531,63.89,291.2,0.008206,0.004692,0.0,0.0,0.008205775603597917,0.004692243996687946,0.0,0.0035135316069099705,26400.0,23300.0,2516490.9699999997,30196364.4,VCR,IYC,Consumer Discretionary
2012-01-11,4.160600357999166,5.677027737347381,64.11,292.08,0.003443,0.003022,0.0,0.0,0.003443418375332603,0.003021978021978022,0.0,0.00042144035335458076,39100.0,32100.0,2487946.62,21187008.8,VCR,IYC,Consumer Discretionary
2012-01-12,4.165268900558799,5.678669773841126,64.41,292.56,0.00468,0.001643,0.0,0.0,0.004679457182966776,0.0016433853738701725,0.0,0.0030360718090966035,27700.0,70900.0,2435528.37,21760800.2,VCR,IYC,Consumer Discretionary
2012-01-13,4.161847435323687,5.675657310930353,64.19,291.68,-0.003416,-0.003008,0.0,0.0,-0.003415618692749573,-0.0030079299972655183,0.0,-0.0004076886954840547,33500.0,24400.0,2199538.87,21265400.2,VCR,IYC,Consumer Discretionary
2012-01-17,4.165268900558799,5.6811277840913945,64.41,293.28,0.003427,0.005485,0.0,0.0,0.0034273251285246924,0.005485463521667464,0.0,-0.0020581383931427715,30800.0,26500.0,2225295.37,21473296.2,VCR,IYC,Consumer Discretionary
2012-01-18,4.180675151973121,5.694270714283606,65.41,297.16,0.015526,0.01323,0.0,0.0,0.01552553951249806,0.013229678123295379,0.0,0.0022958613892026802,48300.0,88000.0,2313868.7199999997,17273468.2,VCR,IYC,Consumer Discretionary
2012-01-19,4.189957726425047,5.704848572838198,66.02,300.32,0.009326,0.010634,0.0,0.0,0.009325791163430668,0.010634001884506547,0.0,-0.0013082107210758784,47000.0,36200.0,2380135.8,12503976.2,VCR,IYC,Consumer Discretionary
2012-01-20,4.183575695950044,5.699640575488866,65.6,298.76,-0.006362,-0.005194,0.0,0.0,-0.00636170857315981,-0.005194459243473628,0.0,-0.0011672493296861824,56100.0,13800.0,2447594.25,12463145.0,VCR,IYC,Consumer Discretionary
2012-01-23,4.182050142641207,5.698836932263187,65.5,298.52,-0.001524,-0.000803,0.0,0.0,-0.001524390243902277,-0.0008033203909493709,0.0,-0.0007210698529529062,69100.0,29200.0,2557865.9,12619086.6,VCR,IYC,Consumer Discretionary
2012-01-24,4.186011750747925,5.700443573390687,65.76,299.0,0.00397,0.001608,0.0,0.0,0.003969465648854962,0.0016079324668365072,0.0,0.002361533182018455,40100.0,37300.0,2596678.55,12851495.8,VCR,IYC,Consumer Discretionary
2012-01-25,4.194340715380776,5.707508856397014,66.31,301.12,0.008364,0.00709,0.0,0.0,0.00836374695863747,0.007090301003344481,0.0,0.0012734459552929886,35700.0,13800.0,2628426.35,12688832.2,VCR,IYC,Consumer Discretionary
2012-01-26,4.191773707553646,5.705248066817811,66.14,300.44,-0.002564,-0.002258,0.0,0.0,-0.002563715879957774,-0.0022582359192348566,0.0,-0.00030547996072291745,53000.0,22300.0,2737680.55,12700227.8,VCR,IYC,Consumer Discretionary
2012-01-27,4.191773707553646,5.706578561958202,66.14,300.84,0.0,0.001331,0.0,0.0,0.0,0.0013313806417253559,0.0,-0.0013313806417253559,47400.0,22800.0,2789369.95,12606631.4,VCR,IYC,Consumer Discretionary
2012-01-30,4.188896879163323,5.703235658512834,65.95,299.836,-0.002873,-0.003337,0.0,0.0,-0.0028726942848503177,-0.003337322164605658,0.0,0.0004646278797553402,35500.0,24100.0,2811728.7,12270523.78,VCR,IYC,Consumer Discretionary
2012-01-31,4.186771802468027,5.701780471985528,65.81,299.4,-0.002123,-0.001454,13162000.0,74850000.0,0.03350292690333979,0.06987057686773532,-61688000.0,-0.03636764996439553,34300.0,21800.0,2729582.3,11308633.379999999,VCR,IYC,Consumer Discretionary
2012-02-01,4.193888192558362,5.709366852950102,66.28,301.68,0.007142,0.007615,0.0,0.0,0.007141771767208631,0.007615230460921844,0.0,-0.00047345869371321313,87200.0,28400.0,2890080.9,9390009.98,VCR,IYC,Consumer Discretionary
2012-02-02,4.193737306100135,5.70883634895888,66.27,301.52,-0.000151,-0.00053,0.0,0.0,-0.00015087507543753772,-0.0005303632988597189,0.0,0.00037948822342218124,28500.0,17700.0,2827326.9,9046550.78,VCR,IYC,Consumer Discretionary
2012-02-03,4.214347354616797,5.723585101952381,67.65,306.0,0.020824,0.014858,0.0,0.0,0.020823902218198433,0.014858052533828601,0.0,0.005965849684369832,37100.0,19300.0,2880724.05,9069278.379999999,VCR,IYC,Consumer Discretionary
2012-02-06,4.213755901102586,5.721622392784532,67.61,305.4,-0.000591,-0.001961,0.0,0.0,-0.0005912786400592797,-0.00196078431372549,0.0,0.0013695056736662105,36100.0,14900.0,2820398.5,8621567.379999999,VCR,IYC,Consumer Discretionary
2012-02-07,4.217594110715667,5.724107841117447,67.87,306.16,0.003846,0.002489,0.0,0.0,0.003845584972637184,0.0024885396201702686,0.0,0.0013570453524669153,83200.0,8700.0,2954451.9,8564901.78,VCR,IYC,Consumer Discretionary
2012-02-08,4.21921354426797,5.7254134947824955,67.98,306.56,0.001621,0.001306,0.0,0.0,0.0016207455429497568,0.0013065064018813691,0.0,0.00031423914106838767,21800.0,20200.0,2944215.3,8535279.379999999,VCR,IYC,Consumer Discretionary
2012-02-09,4.222004585374694,5.728930268188853,68.17,307.64,0.002795,0.003523,0.0,0.0,0.002794939688143572,0.003522964509394572,0.0,-0.0007280248212510002,34100.0,17700.0,2935110.1,8338752.38,VCR,IYC,Consumer Discretionary
2012-02-10,4.216119619148022,5.723715812363651,67.77,306.04,-0.005868,-0.005201,0.0,0.0,-0.005867683731846853,-0.005200884150305552,0.0,-0.0006667995815413013,28600.0,41200.0,2942813.35,7932069.58,VCR,IYC,Consumer Discretionary
2012-02-13,4.223909766576744,5.728149831104496,68.3,307.4,0.007821,0.004444,0.0,0.0,0.007820569573557621,0.004443863547248726,0.0,0.0033767060263088953,58600.0,136100.0,3035414.1,9668076.98,VCR,IYC,Consumer Discretionary
2012-02-14,4.2227377769905,5.727889549999434,68.22,307.32,-0.001171,-0.00026,0.0,0.0,-0.001171303074670571,-0.0002602472348731295,0.0,-0.0009110558397974415,52900.0,16200.0,3116664.6,9528410.18,VCR,IYC,Consumer Discretionary
2012-02-15,4.218772140597153,5.724630307169039,67.95,306.32,-0.003958,-0.003254,0.0,0.0,-0.00395778364116095,-0.0032539372640895486,0.0,-0.0007038463770714016,45900.0,12000.0,3114644.7,8404698.18,VCR,IYC,Consumer Discretionary
2012-02-16,4.22814675151123,5.731267931591061,68.59,308.36,0.009419,0.00666,0.0,0.0,0.0094186902133922,0.006659702272133717,0.0,0.0027589879412584836,24100.0,13700.0,3042148.65,8072345.58,VCR,IYC,Consumer Discretionary
2012-02-17,4.234975691961846,5.738634685423412,69.06,310.64,0.006852,0.007394,0.0,0.0,0.0068523108324828694,0.007393955117395252,0.0,-0.0005416442849123827,31400.0,22500.0,2966564.85,8215671.18,VCR,IYC,Consumer Discretionary
2012-02-21,4.2310583855379225,5.731916313899973,68.79,308.56,-0.00391,-0.006696,0.0,0.0,-0.003909643788010277,-0.006695853721349472,0.0,0.0027862099333391954,40900.0,16000.0,2880937.9,8026679.9799999995,VCR,IYC,Consumer Discretionary
2012-02-22,4.226979720014808,5.728019699020247,68.51,307.36,-0.00407,-0.003889,0.0,0.0,-0.004070359063817564,-0.00388903292714545,0.0,-0.00018132613667211405,40300.0,24900.0,2887136.75,7851708.18,VCR,IYC,Consumer Discretionary
2012-02-23,4.233381604239311,5.733405999722272,68.95,309.02,0.006422,0.005401,0.0,0.0,0.006422420084659174,0.005400832899531494,0.0,0.0010215871851276797,20700.0,15400.0,2840136.65,7881880.779999999,VCR,IYC,Consumer Discretionary
2012-02-24,4.232220669556607,5.733341276897746,68.87,309.0,-0.00116,-6.5e-05,0.0,0.0,-0.001160261058738216,-6.472073004983496e-05,0.0,-0.001095540328688381,25200.0,15000.0,2751641.85,7778640.18,VCR,IYC,Consumer Discretionary
2012-02-27,4.2354100025007035,5.735797804088212,69.09,309.76,0.003194,0.00246,0.0,0.0,0.00319442427762451,0.002459546925566343,0.0,0.000734877352058167,60900.0,72700.0,2805269.1,8561660.18,VCR,IYC,Consumer Discretionary
2012-02-28,4.242045918369452,5.744156368794474,69.55,312.36,0.006658,0.008394,0.0,0.0,0.0066579823418729195,0.008393595041322314,0.0,-0.0017356126994493943,42500.0,26800.0,2836001.6,8618920.2,VCR,IYC,Consumer Discretionary
2012-02-29,4.239021940256878,5.741463541623889,69.34,311.52,-0.00302,-0.002689,13868000.0,-31152000.0,0.0313473799039524,-0.029284159303367908,45020000.0,0.06063153920732031,60600.0,16800.0,2933237.65,8554251.0,VCR,IYC,Consumer Discretionary
2012-03-01,4.24735173134728,5.7467142420397135,69.92,313.16,0.008365,0.005265,0.0,0.0,0.008364580328814536,0.005264509501797637,0.0,0.0031000708270168993,48700.0,123000.0,2814512.05,10051799.4,VCR,IYC,Consumer Discretionary
2012-03-02,4.244200317766478,5.744540467128369,69.7,312.48,-0.003146,-0.002171,0.0,0.0,-0.003146453089244851,-0.002171413973687572,0.0,-0.000975039115557279,28400.0,11500.0,2819051.3,9964630.2,VCR,IYC,Consumer Discretionary
2012-03-05,4.242764567340374,5.745436123256313,69.6,312.76,-0.001435,0.000896,0.0,0.0,-0.0014347202295553793,0.0008960573476702509,0.0,-0.00233077757722563,59000.0,12100.0,2898880.55,9858560.0,VCR,IYC,Consumer Discretionary
2012-03-06,4.226687749209813,5.734117674452274,68.49,309.24,-0.015948,-0.011255,0.0,0.0,-0.015948275862068966,-0.011254636142729249,0.0,-0.0046936397193397175,79300.0,32500.0,3048407.35,10133552.0,VCR,IYC,Consumer Discretionary
2012-03-07,4.237434294689934,5.743515876874802,69.23,312.16,0.010805,0.009443,0.0,0.0,0.010804497006862462,0.009442504203854611,0.0,0.0013619928030078506,33500.0,15800.0,2882028.4,10246978.8,VCR,IYC,Consumer Discretionary
2012-03-08,4.2487809155265195,5.752826574835123,70.02,315.08,0.011411,0.009354,0.0,0.0,0.011411237902643362,0.009354177344951307,0.0,0.002057060557692055,66200.0,19800.0,3039696.4,10249282.4,VCR,IYC,Consumer Discretionary
2012-03-09,4.25589635752967,5.758396914596079,70.52,316.84,0.007141,0.005586,0.0,0.0,0.007140816909454442,0.005585882950361813,0.0,0.0015549339590926288,96600.0,17900.0,3264078.15,10260592.8,VCR,IYC,Consumer Discretionary
2012-03-12,4.253056253376921,5.756374924775372,70.32,316.2,-0.002836,-0.00202,0.0,0.0,-0.0028360748723767716,-0.0020199469763918696,0.0,-0.000816127895984902,68100.0,13000.0,3406606.65,9835680.4,VCR,IYC,Consumer Discretionary
2012-03-13,4.269277781231888,5.7700694663278895,71.47,320.56,0.016354,0.013789,0.0,0.0,0.016353811149033136,0.013788741302972802,0.0,0.0025650698460603343,39600.0,26600.0,3347998.25,8170168.2,VCR,IYC,Consumer Discretionary
2012-03-14,4.267176792994939,5.768320995793772,71.32,320.0,-0.002099,-0.001747,0.0,0.0,-0.002098782706030641,-0.0017469428500124782,0.0,-0.0003518398560181629,37400.0,9300.0,3300924.75,8070039.0,VCR,IYC,Consumer Discretionary
2012-03-15,4.27151398062636,5.772188507320261,71.63,321.24,0.004347,0.003875,0.0,0.0,0.004346606842400589,0.003875,0.0,0.0004716068424005888,34900.0,10300.0,3269973.85,8051685.6,VCR,IYC,Consumer Discretionary
2012-03-16,4.266615783162554,5.76994467690987,71.28,320.52,-0.004886,-0.002241,0.0,0.0,-0.004886220857182745,-0.0022413149047441168,0.0,-0.0026449059524386283,39100.0,10100.0,3326675.3,8002321.6,VCR,IYC,Consumer Discretionary
2012-03-19,4.272072250005828,5.773805926024342,71.67,321.76,0.005471,0.003869,0.0,0.0,0.005471380471380472,0.0038687133408211657,0.0,0.0016026671305593059,46400.0,10400.0,3384525.5,7820166.8,VCR,IYC,Consumer Discretionary
2012-03-20,4.272630207894483,5.7745515455444085,71.71,322.0,0.000558,0.000746,0.0,0.0,0.0005581135761126004,0.0007458975634012929,0.0,-0.0001877839872886925,56800.0,22900.0,3447506.35,7942008.8,VCR,IYC,Consumer Discretionary
2012-03-21,4.274441423993944,5.776537150565113,71.84,322.64,0.001813,0.001988,0.0,0.0,0.001812857342072374,0.001987577639751553,0.0,-0.00017472029767917879,36700.0,9000.0,3441285.1,7704533.6,VCR,IYC,Consumer Discretionary
2012-03-22,4.271932711876808,5.77467576143178,71.66,322.04,-0.002505,-0.00186,0.0,0.0,-0.0025055679287305124,-0.0018596578229605754,0.0,-0.000645910105769937,53100.0,13600.0,3560179.15,7685575.4,VCR,IYC,Consumer Discretionary
2012-03-23,4.27332721775054,5.777776154564528,71.76,323.04,0.001395,0.003105,0.0,0.0,0.0013954786491768062,0.003105204322444417,0.0,-0.0017097256732676108,42100.0,6900.0,3624457.75,7565274.2,VCR,IYC,Consumer Discretionary
2012-03-26,4.290185431008302,5.7898378392560215,72.98,326.96,0.017001,0.014665,0.0,0.0,0.01700111482720164,0.012134720158494304,0.0,0.004866394668707337,96500.0,28500.0,3766207.2,6905214.6,VCR,IYC,Consumer Discretionary
2012-03-27,4.287166353649922,5.78775590843238,72.76,326.28,-0.003015,-0.00208,0.0,0.0,-0.0030145245272676087,-0.0020797651088818206,0.0,-0.0009347594183857881,77900.0,14600.0,3901813.65,6724836.6,VCR,IYC,Consumer Discretionary
2012-03-28,4.277915338416487,5.7793845681497515,72.09,323.56,-0.009208,-0.008336,0.0,0.0,-0.009208356239692274,-0.008336398185607453,0.0,-0.0008719580540848208,45200.0,18300.0,3854636.85,6759217.2,VCR,IYC,Consumer Discretionary
2012-03-29,4.277221520307755,5.778147556611508,72.04,323.16,-0.000694,-0.001236,0.0,0.0,-0.0006935774726035521,-0.0012362467548522685,0.0,0.0005426692822487163,40000.0,26100.0,3828461.65,5255007.0,VCR,IYC,Consumer Discretionary
2012-03-30,4.279440045898781,5.780620051380789,72.2,323.96,0.002221,0.002476,28880000.0,48594000.0,0.0690134567396652,0.04367317940813915,-19714000.0,0.025340277331526058,449400.0,27800.0,5351821.65,5525635.4,VCR,IYC,Consumer Discretionary
2012-04-02,4.285515734293038,5.783825182329737,72.64,325.0,0.006094,0.00321,0.0,0.0,0.006094182825484765,0.0032102728731942215,0.0,0.0028839099522905433,98100.0,218300.0,5502800.85,8883790.6,VCR,IYC,Consumer Discretionary
2012-04-03,4.283034685466931,5.781977322241258,72.46,324.4,-0.002478,-0.001846,0.0,0.0,-0.0024779735682820664,-0.0018461538461538461,0.0,-0.0006318197221282203,89400.0,21300.0,5555134.2,8726761.6,VCR,IYC,Consumer Discretionary
2012-04-04,4.271932711876808,5.7723130170633095,71.66,321.28,-0.011041,-0.009618,0.0,0.0,-0.011040574109853585,-0.009617755856966708,0.0,-0.0014228182528868774,36100.0,19600.0,5568520.25,8795009.6,VCR,IYC,Consumer Discretionary
2012-04-05,4.278885875754368,5.777280737165244,72.16,322.88,0.006977,0.00498,0.0,0.0,0.006977393245883338,0.0049800796812749,0.0,0.001997313564608438,50100.0,22700.0,5517514.85,8849549.2,VCR,IYC,Consumer Discretionary
2012-04-09,4.268493928556048,5.76857096454898,71.414,320.08,-0.010338,-0.008672,0.0,0.0,-0.010338137472283813,-0.00867195242814668,0.0,-0.0016661850441371338,36800.0,24900.0,5308305.01,8964477.0,VCR,IYC,Consumer Discretionary
2012-04-10,4.242045918369452,5.747735562184664,69.55,313.48,-0.026101,-0.02062,0.0,0.0,-0.02610132467023273,-0.020619845038740314,0.0,-0.005481479631492415,91600.0,58900.0,5387404.41,9682145.6,VCR,IYC,Consumer Discretionary
2012-04-11,4.256321678298823,5.759910728433802,70.55,317.32,0.014378,0.01225,0.0,0.0,0.014378145219266714,0.01224958530049764,0.0,0.002128559918769075,44400.0,35000.0,5402514.8100000005,9811110.8,VCR,IYC,Consumer Discretionary
2012-04-12,4.2698373000603045,5.7720639820726065,71.51,321.2,0.013607,0.012227,0.0,0.0,0.013607370659107148,0.012227404512794655,0.0,0.0013799661463124932,65800.0,18300.0,5504414.3100000005,9956208.8,VCR,IYC,Consumer Discretionary
2012-04-13,4.266475481513779,5.767695800399854,71.27,319.8,-0.003356,-0.004359,0.0,0.0,-0.0033561739616838103,-0.0043586550435865505,0.0,0.0010024810819027402,27000.0,22300.0,5475634.46,10147347.2,VCR,IYC,Consumer Discretionary
2012-04-16,4.261411467315905,5.767195362506262,70.91,319.64,-0.005051,-0.0005,0.0,0.0,-0.0050512136944015715,-0.0005003126954346467,0.0,-0.004550900998966925,64200.0,133100.0,5563903.16,12112688.8,VCR,IYC,Consumer Discretionary
2012-04-17,4.273605885719461,5.779755373419436,71.78,323.68,0.012269,0.012639,0.0,0.0,0.012269073473417007,0.0126392191215117,0.0,-0.00037014564809469304,67100.0,19300.0,5638450.66,12257724.8,VCR,IYC,Consumer Discretionary
2012-04-18,4.274858931480352,5.780127276573222,71.87,323.8004,0.001254,0.000372,0.0,0.0,0.0012538311507383673,0.00037197231833910034,0.0,0.0008818588323992669,19100.0,36500.0,5503430.11,12479970.53,VCR,IYC,Consumer Discretionary
2012-04-19,4.26549281841793,5.776537150565113,71.2,322.64,-0.009322,-0.003584,0.0,0.0,-0.009322387644357869,-0.003583689211007769,0.0,-0.005738698433350099,53800.0,17700.0,5563131.71,12620318.93,VCR,IYC,Consumer Discretionary
2012-04-20,4.267457179930745,5.7793845681497515,71.34,323.56,0.001966,0.002851,0.0,0.0,0.001966292134831461,0.002851475328539549,0.0,-0.0008851831937080881,26200.0,12300.0,5466329.8100000005,12600321.129999999,VCR,IYC,Consumer Discretionary
2012-04-23,4.255470855785784,5.766318993123099,70.49,319.36,-0.011915,-0.012981,0.0,0.0,-0.011914774320157126,-0.01298059092594882,0.0,0.0010658166057916935,40600.0,18700.0,5458369.71,12787473.93,VCR,IYC,Consumer Discretionary
2012-04-24,4.252487263318897,5.761548111506343,70.28,317.84,-0.002979,-0.004759,0.0,0.0,-0.002979145978152798,-0.004759519038076153,0.0,0.001780373059923355,35700.0,35200.0,5231691.01,12880954.33,VCR,IYC,Consumer Discretionary
2012-04-25,4.2702567338308715,5.773258784823396,71.54,321.584,0.017928,0.01178,0.0,0.0,0.017928286852589775,0.011779511704002014,0.0,0.006148775148587761,37100.0,19600.0,5080997.51,12957922.25,VCR,IYC,Consumer Discretionary
2012-04-26,4.281778030902231,5.786283696167945,72.369,325.8,0.011588,0.01311,0.0,0.0,0.011587922840368893,0.013110104980347282,0.0,-0.0015221821399783887,40500.0,17300.0,5064621.335,12943681.85,VCR,IYC,Consumer Discretionary
2012-04-27,4.293195420967266,5.80052193558176,73.2,330.472,0.011483,0.01434,0.0,0.0,0.011482817228371264,0.014340085942295888,0.0,-0.002857268713924624,84200.0,16600.0,5228713.335,12796249.809999999,VCR,IYC,Consumer Discretionary
2012-04-30,4.286616449869223,5.792968485414899,72.72,327.9852,-0.006557,-0.007525,50904000.0,16399260.000000002,0.10206646488546099,0.005533887097370141,34504740.0,0.09653257778809085,63500.0,23800.0,3837265.335,12736247.798,VCR,IYC,Consumer Discretionary
2012-05-01,4.290596418067994,5.796786968104443,73.01,329.24,0.003988,0.003826,0.0,0.0,0.003987898789879103,0.003825782382863617,0.0,0.00016211640701548633,87800.0,30200.0,3801480.035,9686025.198,VCR,IYC,Consumer Discretionary
2012-05-02,4.298237333944173,5.8009091853869235,73.57,330.6,0.00767,0.004131,0.0,0.0,0.007670182166826231,0.0041307253067671,0.0,0.0035394568600591314,40700.0,74700.0,3627298.785,10575330.198,VCR,IYC,Consumer Discretionary
2012-05-03,4.289088639014612,5.793623178655991,72.9,328.2,-0.009107,-0.00726,0.0,0.0,-0.00910697295093086,-0.007259528130671506,0.0,-0.0018474448202593537,98100.0,30600.0,3855526.9850000003,10762621.798,VCR,IYC,Consumer Discretionary
2012-05-04,4.268577942166303,5.778023771255158,71.42,323.12,-0.020302,-0.015478,0.0,0.0,-0.02030178326474634,-0.015478366849482023,0.0,-0.0048234164152643165,75100.0,13600.0,3942948.285,10615874.598000001,VCR,IYC,Consumer Discretionary
2012-05-07,4.268997904375876,5.77827132664694,71.45,323.2,0.00042,0.000248,0.0,0.0,0.00042005040604872583,0.0002475860361475613,0.0,0.00017246436990116454,40800.0,124900.0,3957304.525,12235758.998,VCR,IYC,Consumer Discretionary
2012-05-08,4.256463411698536,5.770443741174751,70.56,320.68,-0.012456,-0.007797,0.0,0.0,-0.01245626312106368,-0.007797029702970297,0.0,-0.004659233418093383,123300.0,61900.0,4073767.925,12305064.998,VCR,IYC,Consumer Discretionary
2012-05-09,4.2514907510291575,5.766819869667505,70.21,319.52,-0.00496,-0.003617,0.0,0.0,-0.004960317460317579,-0.0036173132094299613,0.0,-0.0013430042508876176,41900.0,37500.0,4064236.875,12348854.998,VCR,IYC,Consumer Discretionary
2012-05-10,4.255955913328507,5.771441123130016,70.5242,321.0,0.004475,0.004632,0.0,0.0,0.004475145990599702,0.004631947921882824,0.0,-0.00015680193128312248,57700.0,32100.0,4032431.2919999994,12570161.998,VCR,IYC,Consumer Discretionary
2012-05-11,4.255328981627924,5.771690313263376,70.48,321.08,-0.000627,0.000249,0.0,0.0,-0.0006267352199669992,0.00024922118380062304,0.0,-0.0008759564037676222,53200.0,54900.0,4123693.5919999992,13094949.598000001,VCR,IYC,Consumer Discretionary
2012-05-14,4.239021940256878,5.758523153313662,69.34,316.88,-0.016175,-0.013081,0.0,0.0,-0.016174801362088535,-0.013080852124081227,0.0,-0.0030939492380073087,66100.0,92600.0,4125241.1919999993,12434899.798,VCR,IYC,Consumer Discretionary
2012-05-15,4.23830059563929,5.758396914596079,69.29,316.84,-0.000721,-0.000126,0.0,0.0,-0.0007210845111045804,-0.00012623074981065388,0.0,-0.0005948537612939266,96800.0,25600.0,4219782.892,12528103.798,VCR,IYC,Consumer Discretionary
2012-05-16,4.237578730308009,5.756248414559503,69.24,316.16,-0.000722,-0.002146,0.0,0.0,-0.0007216048491848287,-0.0021461936624163616,0.0,0.001424588813231533,90600.0,36100.0,4464804.242000001,12507836.868,VCR,IYC,Consumer Discretionary
2012-05-17,4.20663103795066,5.733858942238671,67.13,309.16,-0.030474,-0.022141,0.0,0.0,-0.030473714615829005,-0.022140688259109313,0.0,-0.008333026356719692,103300.0,31100.0,4620002.692,12703044.268000001,VCR,IYC,Consumer Discretionary
2012-05-18,4.199905057882593,5.7260656828966585,66.68,306.76,-0.006703,-0.007763,0.0,0.0,-0.00670341129152366,-0.00776297063009445,0.0,0.0010595593385707902,117400.0,21700.0,4917958.892,12836889.468,VCR,IYC,Consumer Discretionary
2012-05-21,4.218624962732438,5.74197702045417,67.94,311.68,0.018896,0.016039,0.0,0.0,0.0188962207558487,0.016038596948754726,0.0,0.002857623807093975,44000.0,28700.0,4924332.192,12985548.668000001,VCR,IYC,Consumer Discretionary
2012-05-22,4.222297926532561,5.743772122872359,68.19,312.24,0.00368,0.001797,0.0,0.0,0.0036797173977038563,0.0017967145790554414,0.0,0.0018830028186484148,131800.0,22700.0,5248254.492000001,12780542.668000001,VCR,IYC,Consumer Discretionary
2012-05-23,4.229021132213981,5.749775078506674,68.65,314.12,0.006746,0.006021,0.0,0.0,0.006745857163807133,0.006021009479887266,0.0,0.0007248476839198667,59400.0,19600.0,5319438.292,12773227.948,VCR,IYC,Consumer Discretionary
2012-05-24,4.233236561088719,5.755362394629381,68.94,315.88,0.004224,0.005603,0.0,0.0,0.0042243262927893896,0.005602954284986629,0.0,-0.0013786279921972396,31400.0,62100.0,5281126.867000001,13472218.348,VCR,IYC,Consumer Discretionary
2012-05-25,4.2323295644549885,5.755868787854532,68.8775,316.04,-0.000907,0.000507,0.0,0.0,-0.0009065854366115463,0.0005065214638470306,0.0,-0.001413106900458577,22300.0,23900.0,5049753.2795,13575594.388,VCR,IYC,Consumer Discretionary
2012-05-29,4.247065649239764,5.767945925463689,69.9,319.88,0.014845,0.01215,0.0,0.0,0.014845196181626923,0.012150360713833692,0.0,0.002694835467793231,33800.0,15700.0,4936998.2795,13436397.8,VCR,IYC,Consumer Discretionary
2012-05-30,4.229312422632585,5.753461132886748,68.67,315.28,-0.017597,-0.01438,0.0,0.0,-0.017596566523605268,-0.014380392647242717,0.0,-0.0032161738763625512,55100.0,28900.0,4805670.2295,13394825.0,VCR,IYC,Consumer Discretionary
2012-05-31,4.2255190127729065,5.752826574835123,68.41,315.08,-0.003786,-0.000634,13682000.0,0.0,0.02426823325446016,-0.0006343567622430855,13682000.0,0.024902590016703245,44800.0,52500.0,4809193.679500001,12987119.0,VCR,IYC,Consumer Discretionary
2012-06-01,4.1920760507154355,5.72502197764862,66.16,306.44,-0.03289,-0.027422,0.0,0.0,-0.03288992837304488,-0.02742160721086708,0.0,-0.005468321162177797,124200.0,100900.0,4862472.7795,14030962.8,VCR,IYC,Consumer Discretionary
2012-06-04,4.194189897191817,5.729580167477342,66.3,307.84,0.002116,0.004569,0.0,0.0,0.002116082224909311,0.004568594178305704,0.0,-0.002452511953396393,152100.0,104100.0,5098502.179500001,15413548.4,VCR,IYC,Consumer Discretionary
2012-06-05,4.200954297280359,5.7341189679451645,66.75,309.2404,0.006787,0.004549,0.0,0.0,0.006787330316742082,0.004549116424116424,0.0,0.0022382138926256576,57000.0,28400.0,5142981.679500001,13834285.768000001,VCR,IYC,Consumer Discretionary
2012-06-06,4.223030903183424,5.75409528852979,68.24,315.48,0.022322,0.020177,0.0,0.0,0.02232209737827703,0.020177182541479058,0.0,0.0021449148367979724,35800.0,10700.0,4830128.8795,13010562.967999998,VCR,IYC,Consumer Discretionary
2012-06-07,4.221124045253227,5.752064573274249,68.11,314.84,-0.001905,-0.002029,0.0,0.0,-0.00190504103165287,-0.0020286547483200205,0.0,0.00012361371666715039,43100.0,22700.0,4829815.9795,12768806.367999999,VCR,IYC,Consumer Discretionary
2012-06-08,4.2296036282257905,5.761296380856808,68.69,317.76,0.008516,0.009275,0.0,0.0,0.008515636470415503,0.009274552153474782,0.0,-0.0007589156830592782,40900.0,14600.0,4766824.7125,12485566.168,VCR,IYC,Consumer Discretionary
2012-06-11,4.21227573505378,5.7472250324990375,67.51,313.32,-0.017179,-0.013973,0.0,0.0,-0.017178628621342142,-0.013972809667673716,0.0,-0.0032058189536684264,48500.0,18500.0,4743059.662500001,11894022.568,VCR,IYC,Consumer Discretionary
2012-06-12,4.224056168743758,5.7581443893422115,68.31,316.76,0.01185,0.010979,0.0,0.0,0.01185009628203217,0.010979190603855483,0.0,0.0008709056781766866,48100.0,17900.0,4678176.512500001,10710368.367999999,VCR,IYC,Consumer Discretionary
2012-06-13,4.208268308540415,5.745436123256313,67.24,312.76,-0.015664,-0.012628,0.0,0.0,-0.01566388522910274,-0.012627857052658164,0.0,-0.0030360281764445756,45500.0,10400.0,4495783.9125,10467448.367999999,VCR,IYC,Consumer Discretionary
2012-06-14,4.220585065791157,5.759658585215119,68.0733,317.24,0.012393,0.014324,0.0,0.0,0.012392920880428489,0.01432408236347359,0.0,-0.0019311614830451011,46100.0,18400.0,4339035.669,10188640.367999999,VCR,IYC,Consumer Discretionary
2012-06-15,4.230622180514649,5.768320995793772,68.76,320.0,0.010088,0.0087,0.0,0.0,0.010087655512513788,0.008700037826251419,0.0,0.0013876176862623688,35400.0,9200.0,4114014.4190000007,9855096.568,VCR,IYC,Consumer Discretionary
2012-06-18,4.237289838207198,5.776909012980306,69.22,322.76,0.00669,0.008625,0.0,0.0,0.006689936009307618,0.008625,0.0,-0.001935063990692383,54600.0,13200.0,3911573.4189999998,9735283.568,VCR,IYC,Consumer Discretionary
2012-06-19,4.248638088989106,5.7814839823200534,70.01,324.24,0.011413,0.007143,0.0,0.0,0.011412886449003297,0.004585450489527822,0.0,0.0068274359594754745,96800.0,12300.0,4100953.8189999997,9487430.367999999,VCR,IYC,Consumer Discretionary
2012-06-20,4.248209486939542,5.780620051380789,69.98,323.96,-0.000428,-0.000864,0.0,0.0,-0.0004285102128268556,-0.0008635578583765112,0.0,0.0004350476455496556,54100.0,24200.0,3840877.619,9525029.568,VCR,IYC,Consumer Discretionary
2012-06-21,4.225226615110005,5.762177161033283,68.39,318.04,-0.022721,-0.018274,0.0,0.0,-0.022720777364961416,-0.018273860970490184,0.0,-0.004446916394471232,80600.0,23800.0,3912598.8189999997,9595659.568,VCR,IYC,Consumer Discretionary
2012-06-22,4.230622180514649,5.7678208707520895,68.76,319.84,0.00541,0.00566,0.0,0.0,0.005410147682409828,0.005659665450886681,0.0,-0.0002495177684768528,17500.0,8100.0,3864528.019,8744387.367999999,VCR,IYC,Consumer Discretionary
2012-06-25,4.21390379727974,5.754348838226889,67.62,315.56,-0.016579,-0.013382,0.0,0.0,-0.01657940663176265,-0.013381690845422711,0.0,-0.0031977157863399396,52200.0,99500.0,3964217.8065,9936630.568,VCR,IYC,Consumer Discretionary
2012-06-26,4.223763342972998,5.765191102784844,68.29,319.0,0.009908,0.010901,0.0,0.0,0.009908311150547175,0.01090125491190265,0.0,-0.0009929437613554748,123600.0,49700.0,4268119.0065,10478239.768,VCR,IYC,Consumer Discretionary
2012-06-27,4.22361689792624,5.765441855042929,68.28,319.08,-0.000146,0.000251,0.0,0.0,-0.0001464343242057133,0.00025078369905956113,0.0,-0.00039721802326527444,50300.0,127900.0,4250657.3565,12063176.768,VCR,IYC,Consumer Discretionary
2012-06-28,4.218477763203211,5.761296380856808,67.93,317.76,-0.005126,-0.004137,0.0,0.0,-0.005125951962507203,-0.004136893569010906,0.0,-0.0009890583934962973,29600.0,22400.0,4197955.3565,11591982.967999998,VCR,IYC,Consumer Discretionary
2012-06-29,4.239021940256878,5.78333275341421,69.34,324.84,0.020757,0.022281,-6934000.0,-64967999.99999999,0.006777523207203647,-0.030824537999764586,58033999.99999999,0.03760206120696823,40500.0,30000.0,3927515.2564999997,10533253.168,VCR,IYC,Consumer Discretionary
2012-07-02,4.243482700225814,5.789225956473668,69.65,326.76,0.004471,0.005911,0.0,0.0,0.004470723968849268,0.005910602142593277,0.0,-0.0014398781737440082,482700.0,126700.0,5104306.5065,11000970.568,VCR,IYC,Consumer Discretionary
2012-07-03,4.244917420701475,5.78885864701132,69.75,326.64,0.001436,-0.000367,0.0,0.0,0.0014357501794686534,-0.0003672420124862284,0.0,0.001802992191954882,73200.0,13900.0,5169354.0065,10788864.0,VCR,IYC,Consumer Discretionary
2012-07-05,4.250208060053033,5.790571604728592,70.12,327.2,0.005305,0.001714,0.0,0.0,0.005304659498208004,0.0017144256674014205,0.0,0.0035902338308065837,49000.0,17600.0,5218998.4065,10908018.2,VCR,IYC,Consumer Discretionary
2012-07-06,4.244630641232919,5.78726541179471,69.73,326.12,-0.005562,-0.003301,0.0,0.0,-0.005561893896178098,-0.003300733496332518,0.0,-0.0022611603998455797,32800.0,14700.0,5186578.5565,10790373.0,VCR,IYC,Consumer Discretionary
2012-07-09,4.238733464847405,5.783702097832075,69.32,324.96,-0.00588,-0.003557,0.0,0.0,-0.005879822171232013,-0.0035569728934134676,0.0,-0.002322849277818545,35700.0,22500.0,5169843.706499999,10923988.2,VCR,IYC,Consumer Discretionary
2012-07-10,4.232656178019613,5.779137288227622,68.9,323.48,-0.006059,-0.004554,0.0,0.0,-0.0060588574725906445,-0.004554406696208764,0.0,-0.0015044507763818807,109300.0,31200.0,5382670.456499999,11138796.0,VCR,IYC,Consumer Discretionary
2012-07-11,4.225957449023992,5.77430306747132,68.44,321.92,-0.006676,-0.004823,0.0,0.0,-0.0066763425253992485,-0.0048225547174477554,0.0,-0.001853787807951493,35000.0,25000.0,5338154.9065,11257695.8,VCR,IYC,Consumer Discretionary
2012-07-12,4.220977213155467,5.770568468334251,68.1,320.72,-0.004968,-0.003728,0.0,0.0,-0.004967855055523207,-0.003727634194831014,0.0,-0.001240220860692193,20000.0,96900.0,5253283.9065,12648949.0,VCR,IYC,Consumer Discretionary
2012-07-13,4.237289838207198,5.784563371339637,69.22,325.24,0.016446,0.014093,0.0,0.0,0.016446402349486175,0.014093290097281117,0.0,0.002353112252205058,19000.0,19200.0,5162133.95,12669318.6,VCR,IYC,Consumer Discretionary
2012-07-16,4.231930225174664,5.7790136253325155,68.85,323.44,-0.005345,-0.005534,0.0,0.0,-0.005345275931811735,-0.005534374615668429,0.0,0.00018909868385669475,17400.0,17300.0,5100328.25,12801894.2,VCR,IYC,Consumer Discretionary
2012-07-17,4.240607069200353,5.787877269217916,69.45,326.3196,0.008715,0.008903,0.0,0.0,0.008714596949891188,0.008903042295325254,0.0,-0.00018844534543406566,323700.0,23900.0,6035405.9,12978824.522,VCR,IYC,Consumer Discretionary
2012-07-18,4.24592050167689,5.790816073621143,69.82,327.28,0.005328,0.002943,0.0,0.0,0.005327573794096353,0.0029431269221952957,0.0,0.0023844468719010576,31600.0,18200.0,5806873.1,13077241.722,VCR,IYC,Consumer Discretionary
2012-07-19,4.253482783560398,5.796179323922169,70.35,329.04,0.007591,0.005378,0.0,0.0,0.007590948152391866,0.005377658274260572,0.0,0.0022132898781312936,25700.0,10100.0,5707976.95,12851415.322,VCR,IYC,Consumer Discretionary
2012-07-20,4.239742764911457,5.785669634128385,69.39,325.6,-0.013646,-0.010455,0.0,0.0,-0.013646055437100096,-0.010454655968879163,0.0,-0.0031913994682209335,21700.0,14400.0,5507653.4,12707379.722,VCR,IYC,Consumer Discretionary
2012-07-23,4.225957449023992,5.772437511305612,68.44,321.32,-0.013691,-0.013145,0.0,0.0,-0.013690733535091511,-0.013144963144963145,0.0,-0.0005457703901283664,41900.0,14900.0,5590870.2,12817227.922,VCR,IYC,Consumer Discretionary
2012-07-24,4.217888748313555,5.76569254444008,67.89,319.16,-0.008036,-0.006722,0.0,0.0,-0.008036236119228522,-0.00672227063363625,0.0,-0.0013139654855922715,35200.0,23700.0,5533868.4,11625521.522,VCR,IYC,Consumer Discretionary
2012-07-25,4.2153815572649345,5.762680115903686,67.72,318.2,-0.002504,-0.003008,0.0,0.0,-0.002504050670201797,-0.003007895726281489,0.0,0.0005038450560796918,67900.0,20000.0,5341745.6,11151006.522,VCR,IYC,Consumer Discretionary
2012-07-26,4.233062481533923,5.778889947143006,68.928,323.4,0.017838,0.016342,0.0,0.0,0.017838157117542823,0.016341923318667503,0.0,0.0014962337988753197,41900.0,12100.0,5314425.5600000005,9306146.922,VCR,IYC,Consumer Discretionary
2012-07-27,4.25291403621107,5.795814560102695,70.31,328.92,0.02005,0.017069,0.0,0.0,0.020049907149489322,0.017068645640074213,0.0,0.0029812615094151097,43600.0,12500.0,5367164.96,9155830.722,VCR,IYC,Consumer Discretionary
2012-07-30,4.249066507417651,5.795571310283933,70.04,328.84,-0.00384,-0.000243,0.0,0.0,-0.0038401365381879066,-0.00024322023592362885,0.0,-0.0035969163022642778,29900.0,28300.0,5331461.26,9133879.322,VCR,IYC,Consumer Discretionary
2012-07-31,4.237867538974276,5.787633306826145,69.26,326.24,-0.011137,-0.007907,-34630000.0,-32624000.0,-0.07978850027540099,-0.03508722233238299,-2006000.0,-0.044701277943018,43000.0,20300.0,3799367.5100000002,7394988.322,VCR,IYC,Consumer Discretionary
2012-08-01,4.231203744939298,5.7812372210603185,68.8,324.16,-0.006642,-0.006376,0.0,0.0,-0.006641640196361664,-0.0063756743501716525,0.0,-0.00026596584619001124,44400.0,84700.0,3696818.5100000002,8540791.122,VCR,IYC,Consumer Discretionary
2012-08-02,4.231784971343338,5.781977322241258,68.84,324.4,0.000581,0.00074,0.0,0.0,0.0005813953488372093,0.0007403751233958539,0.0,-0.0001589797745586446,19500.0,126500.0,3592143.5100000002,10304685.122,VCR,IYC,Consumer Discretionary
2012-08-03,4.2512058507423305,5.798122487030562,70.19,329.68,0.019611,0.016276,0.0,0.0,0.01961069145845439,0.01627620221948212,0.0,0.0033344892389722686,30200.0,22600.0,3583773.21,10437525.322,VCR,IYC,Consumer Discretionary
2012-08-06,4.25575454373095,5.800546143088509,70.51,330.48,0.004559,0.002427,0.0,0.0,0.004559053996295895,0.0024265954865323952,0.0,0.0021324585097635,68900.0,19300.0,3702943.96,10390858.522,VCR,IYC,Consumer Discretionary
2012-08-07,4.267877612982976,5.806219922310318,71.37,332.3604,0.012197,0.00569,0.0,0.0,0.012196851510424052,0.0056899055918663765,0.0,0.006506945918557675,145100.0,60700.0,3844194.81,10894943.536,VCR,IYC,Consumer Discretionary
2012-08-08,4.265914077990263,5.804893976024612,71.23,331.92,-0.001962,-0.001325,0.0,0.0,-0.0019616085189856926,-0.0013250676073322816,0.0,-0.0006365409116534111,499100.0,65900.0,5501969.46,11586219.936,VCR,IYC,Consumer Discretionary
2012-08-09,4.26507138131118,5.8027224225111045,71.17,331.2,-0.000842,-0.002169,0.0,0.0,-0.0008423417099536712,-0.0021691973969631237,0.0,0.0013268556870094524,42700.0,33900.0,5585817.41,10593715.536,VCR,IYC,Consumer Discretionary
2012-08-10,4.264509188745424,5.801513963149536,71.13,330.8,-0.000562,-0.001208,0.0,0.0,-0.0005620345651258802,-0.0012077294685990338,0.0,0.0006456949034731535,38500.0,45300.0,5656983.66,11030747.136,VCR,IYC,Consumer Discretionary
2012-08-13,4.264649766520309,5.802480847440477,71.14,331.12,0.000141,0.000967,0.0,0.0,0.0001405876564038928,0.0009673518742442564,0.0,-0.0008267642178403636,15500.0,14800.0,5652217.66,10996000.336,VCR,IYC,Consumer Discretionary
2012-08-14,4.2656332579940335,5.8045323777563445,71.21,331.8,0.000984,0.002054,0.0,0.0,0.0009839752600504794,0.002053636143996134,0.0,-0.0010696608839456548,60000.0,19700.0,4741799.41,10932871.414,VCR,IYC,Consumer Discretionary
2012-08-15,4.268997904375876,5.807541708947054,71.45,332.8,0.00337,0.003014,0.0,0.0,0.003370313158264414,0.0030138637733574444,0.0,0.0003564493849069696,59300.0,15200.0,4843333.0600000005,10887974.614,VCR,IYC,Consumer Discretionary
2012-08-16,4.279162999214643,5.812935788552724,72.18,334.6,0.010217,0.005409,0.0,0.0,0.010216934919524268,0.005408653846153846,0.0,0.004808281073370422,61100.0,14100.0,4973443.21,10957702.414,VCR,IYC,Consumer Discretionary
2012-08-17,4.28496492183075,5.816539568064247,72.6,335.808,0.005819,0.00361,0.0,0.0,0.00581878636741455,0.003610280932456665,0.0,0.0022085054349578847,36900.0,9100.0,5032102.0600000005,10876063.054000001,VCR,IYC,Consumer Discretionary
2012-08-20,4.279440045898781,5.814249927682172,72.2,335.04,-0.00551,-0.002287,0.0,0.0,-0.005509641873278115,-0.002287021154945683,0.0,-0.0032226207183324316,33200.0,9900.0,5008572.26,10802524.454,VCR,IYC,Consumer Discretionary
2012-08-21,4.278885875754368,5.812696668513325,72.16,334.52,-0.000554,-0.001552,0.0,0.0,-0.000554016620498615,-0.0015520534861509074,0.0,0.0009980368656522924,133100.0,8800.0,5369310.66,10571508.654000001,VCR,IYC,Consumer Discretionary
2012-08-22,4.281653660527095,5.815872297651994,72.36,335.584,0.002772,0.003181,0.0,0.0,0.002771618625277162,0.0031806767906253737,0.0,-0.0004090581653482116,25500.0,58400.0,5231660.26,11233213.934,VCR,IYC,Consumer Discretionary
2012-08-23,4.274858931480352,5.808982977512661,71.87,333.28,-0.006772,-0.006866,0.0,0.0,-0.00677169707020441,-0.006865643177267093,0.0,9.394610706268264e-05,23100.0,14500.0,5170265.95,11279184.934,VCR,IYC,Consumer Discretionary
2012-08-24,4.281100716083921,5.81568156715361,72.32,335.52,0.006261,0.006721,0.0,0.0,0.0062613051342699615,0.00672107537205953,0.0,-0.0004597702377895684,59700.0,13900.0,5232865.35,11306796.334,VCR,IYC,Consumer Discretionary
2012-08-27,4.2801323269925415,5.815800777978094,72.25,335.56,-0.000968,0.000119,0.0,0.0,-0.000967920353982178,0.00011921793037672866,0.0,-0.0010871382843589067,25900.0,23300.0,5221719.3,11232415.134,VCR,IYC,Consumer Discretionary
2012-08-28,4.282206299391671,5.816873036375938,72.4,335.92,0.002076,0.001073,0.0,0.0,0.0020761245674741713,0.001072833472404339,0.0,0.0010032910950698323,24500.0,10600.0,5161500.3,11079319.134,VCR,IYC,Consumer Discretionary
2012-08-29,4.287303782358995,5.8216247678160835,72.77,337.52,0.00511,0.004763,0.0,0.0,0.005110497237568937,0.004763038818766373,0.0,0.00034745841880256395,15000.0,6300.0,5063341.8,9812820.334,VCR,IYC,Consumer Discretionary
2012-08-30,4.282896668766692,5.816040348754227,72.45,335.6404,-0.004397,-0.005569,0.0,0.0,-0.004397416517795795,-0.005568855178952358,0.0,0.001171438661156563,24900.0,9900.0,5086423.05,7927132.332,VCR,IYC,Consumer Discretionary
2012-08-31,4.286341384539473,5.820201617670761,72.7,337.04,0.003451,0.00417,43620000.0,16852000.0,0.09328509211736802,0.018313177595787416,26768000.0,0.0749719145215806,27300.0,21900.0,5079671.65,7923652.732000001,VCR,IYC,Consumer Discretionary
2012-09-04,4.285515734293038,5.821506249297426,72.64,337.48,-0.000825,0.001305,0.0,0.0,-0.0008253094910591472,0.0013054830287206266,0.0,-0.0021307925197797738,55600.0,88800.0,5038703.9,9103150.732,VCR,IYC,Consumer Discretionary
2012-09-05,4.2878533084066195,5.823045895483019,72.81,338.0,0.00234,0.001541,0.0,0.0,0.002340308370044053,0.0015408320493066256,0.0,0.0007994763207374272,37000.0,18300.0,4655613.05,8403706.918000001,VCR,IYC,Consumer Discretionary
2012-09-06,4.309724722918476,5.842500393968024,74.42,344.64,0.022112,0.019645,0.0,0.0,0.022112347205054252,0.019644970414201185,0.0,0.0024673767908530674,26300.0,13600.0,2975930.7,7544385.718,VCR,IYC,Consumer Discretionary
2012-09-07,4.316554344376219,5.845050528652446,74.93,345.52,0.006853,0.002553,0.0,0.0,0.006852996506315507,0.00255338904363974,0.0,0.004299607462675767,101600.0,102400.0,3204627.15,8752064.118,VCR,IYC,Consumer Discretionary
2012-09-10,4.313881617942199,5.842036033616053,74.73,344.48,-0.002669,-0.00301,0.0,0.0,-0.002669157880688643,-0.003009956008335263,0.0,0.00034079812764662007,114200.0,17700.0,3494410.2,8307666.9180000005,VCR,IYC,Consumer Discretionary
2012-09-11,4.313881617942199,5.840990433753148,74.73,344.12,0.0,-0.001045,0.0,0.0,0.0,-0.0010450534138411519,0.0,0.0010450534138411519,33500.0,52100.0,3564449.45,8959070.718,VCR,IYC,Consumer Discretionary
2012-09-12,4.318421011584911,5.844239827351457,75.07,345.24,0.00455,0.003255,0.0,0.0,0.00454971229760471,0.0032546786004882017,0.0,0.0012950336971165083,101200.0,12900.0,3730673.65,8854927.518000001,VCR,IYC,Consumer Discretionary
2012-09-13,4.3299435548036564,5.858047433667631,75.94,350.04,0.011589,0.013903,0.0,0.0,0.011589183428799787,0.013903371567605145,0.0,-0.002314188138805358,95900.0,28200.0,3882956.7,9095555.918000001,VCR,IYC,Consumer Discretionary
2012-09-14,4.336767728268267,5.860444284669578,76.46,350.88,0.006847,0.0024,0.0,0.0,0.006847511193047142,0.0023997257456290708,0.0,0.0044477854474180714,114000.0,29300.0,4098268.8,9373702.118,VCR,IYC,Consumer Discretionary
2012-09-17,4.330863594960717,5.8562173976999565,76.0099,349.4,-0.005887,-0.004218,0.0,0.0,-0.005886738163745621,-0.00421796625626995,0.0,-0.0016687719074756713,28600.0,16100.0,4073015.957,9502176.478,VCR,IYC,Consumer Discretionary
2012-09-18,4.326513924743623,5.853121597486237,75.68,348.32,-0.00434,-0.003091,0.0,0.0,-0.004340224102386791,-0.003091013165426445,0.0,-0.0012492109369603458,19000.0,29800.0,4025059.957,9855328.478,VCR,IYC,Consumer Discretionary
2012-09-19,4.335851797553269,5.861697489048916,76.39,351.32,0.009382,0.008613,0.0,0.0,0.009381606765327696,0.008612769866789159,0.0,0.0007688368985385372,37700.0,5500.0,3688830.307,9804752.678,VCR,IYC,Consumer Discretionary
2012-09-20,4.333886259345946,5.8614697504917945,76.24,351.24,-0.001964,-0.000228,0.0,0.0,-0.0019636078020683337,-0.00022771262666514857,0.0,-0.0017358951754031851,30400.0,49000.0,3712456.107,9685385.398,VCR,IYC,Consumer Discretionary
2012-09-21,4.333230220484919,5.860672256857958,76.19,350.96,-0.000656,-0.000797,0.0,0.0,-0.0006558237145855194,-0.0007971757203052044,0.0,0.000141352005719685,24300.0,44600.0,3722017.107,10226398.198,VCR,IYC,Consumer Discretionary
2012-09-24,4.328493992712844,5.859303643505643,75.83,350.48,-0.004725,-0.001368,0.0,0.0,-0.004725029531434571,-0.0013676772281741509,0.0,-0.0033573523032604203,24800.0,16700.0,3600171.107,10285862.598000001,VCR,IYC,Consumer Discretionary
2012-09-25,4.317621437981545,5.846901095916629,75.01,346.16,-0.010814,-0.009624,0.0,0.0,-0.010813662138995121,-0.012325952978771969,0.0,0.0015122908397768482,32000.0,14700.0,3626623.357,10149362.798,VCR,IYC,Consumer Discretionary
2012-09-26,4.311067545733388,5.84110666551942,74.52,344.16,-0.006533,-0.005778,0.0,0.0,-0.006532462338354886,-0.005777675063554426,0.0,-0.00075478727480046,35000.0,68700.0,3668343.357,11153514.798,VCR,IYC,Consumer Discretionary
2012-09-27,4.321480134805848,5.8511674615692595,75.3,347.64,0.010467,0.010112,0.0,0.0,0.010466988727858293,0.010111576011157601,0.0,0.00035541271670069124,35500.0,15100.0,3747423.357,11309664.198,VCR,IYC,Consumer Discretionary
2012-09-28,4.317248084731702,5.846669962204748,74.982,346.08,-0.004223,-0.004487,7498200.0,17304000.0,0.009413935602427322,0.009339163118935297,-9805800.0,7.477248349202492e-05,21200.0,26800.0,3736704.0270000002,11607269.4,VCR,IYC,Consumer Discretionary
2012-10-01,4.31708803351497,5.847825096906371,74.97,346.48,-0.00016,0.001156,0.0,0.0,-0.00016003840921821236,0.001155802126675913,0.0,-0.0013158405358941255,57600.0,23900.0,3853382.1270000003,11652254.2,VCR,IYC,Consumer Discretionary
2012-10-02,4.316420877575887,5.846323161438311,74.92,345.96,-0.000667,-0.001501,0.0,0.0,-0.0006669334400426837,-0.001500808127453244,0.0,0.0008338746874105604,49100.0,11300.0,3835371.5270000002,10349310.4,VCR,IYC,Consumer Discretionary
2012-10-03,4.32267464022361,5.853351244978348,75.39,348.4,0.006273,0.007053,0.0,0.0,0.006273358248798718,0.007052838478436813,0.0,-0.0007794802296380949,732700.0,39200.0,6462585.676999999,10722904.4,VCR,IYC,Consumer Discretionary
2012-10-04,4.332573750954351,5.861247655451289,76.14,351.162,0.009948,0.007928,0.0,0.0,0.009948269001193792,0.007927669345579794,0.0,0.0020205996556139985,34800.0,11200.0,6497206.977,10685199.92,VCR,IYC,Consumer Discretionary
2012-10-05,4.335066045810379,5.863108311655839,76.33,351.816,0.002495,0.001862,0.0,0.0,0.0024954032046230626,0.0018623882994173628,0.0,0.0006330149052056998,99000.0,18800.0,6494396.077,9246844.559999999,VCR,IYC,Consumer Discretionary
2012-10-08,4.331785418237135,5.861355861760962,76.08,351.2,-0.003275,-0.001751,0.0,0.0,-0.0032752521944189703,-0.0017509152511540123,0.0,-0.001524336943264958,16500.0,9000.0,6130453.777,9100019.76,VCR,IYC,Consumer Discretionary
2012-10-09,4.31708803351497,5.845513491623678,74.97,345.68,-0.01459,-0.015718,0.0,0.0,-0.014589905362776025,-0.01571753986332574,0.0,0.0011276345005497151,22100.0,11100.0,6088122.876999999,8395439.559999999,VCR,IYC,Consumer Discretionary
2012-10-10,4.311872374750675,5.843312506084124,74.58,344.92,-0.005202,-0.002199,0.0,0.0,-0.005202080832332933,-0.002198565146956723,0.0,-0.00300351568537621,27400.0,29500.0,5810443.277,8681516.76,VCR,IYC,Consumer Discretionary
2012-10-11,4.309724722918476,5.839245334130471,74.42,343.52,-0.002145,-0.004059,0.0,0.0,-0.002145347278090641,-0.004058912211527311,0.0,0.00191356493343667,32100.0,133500.0,5565755.077,10480956.36,VCR,IYC,Consumer Discretionary
2012-10-12,4.309052634715209,5.839361768898024,74.37,343.56,-0.000672,0.000116,0.0,0.0,-0.0006718624025799516,0.00011644154634373545,0.0,-0.0007883039489236871,24900.0,26300.0,5222523.727,10418698.559999999,VCR,IYC,Consumer Discretionary
2012-10-15,4.318687394111793,5.847823942437914,75.09,346.4796,0.009681,0.008498,0.0,0.0,0.009681323114158934,0.008498078938176737,0.0,0.0011832441759821975,39500.0,14800.0,5262132.32,10393826.464,VCR,IYC,Consumer Discretionary
2012-10-16,4.327966357823938,5.855186528815354,75.79,349.04,0.009322,0.00739,0.0,0.0,0.009322146757224663,0.007389756857257975,0.0,0.0019323898999666885,45000.0,7500.0,5360763.82,10005719.664,VCR,IYC,Consumer Discretionary
2012-10-17,4.333492687678026,5.858847022493143,76.21,350.32,0.005542,0.003667,0.0,0.0,0.005541628183137617,0.003667201466880587,0.0,0.00187442671625703,30500.0,18300.0,5332988.92,10229649.464,VCR,IYC,Consumer Discretionary
2012-10-18,4.3351970473170836,5.860786223465865,76.34,351.0,0.001706,0.001941,0.0,0.0,0.0017058128854481039,0.0019410824389129938,0.0,-0.00023526955346489,43000.0,10500.0,5381235.12,9553386.464,VCR,IYC,Consumer Discretionary
2012-10-19,4.318687394111793,5.8444715233673215,75.09,345.32,-0.016374,-0.016182,0.0,0.0,-0.016374115797746922,-0.016182336182336183,0.0,-0.0001917796154107393,20200.0,12500.0,5364505.17,8986570.664,VCR,IYC,Consumer Discretionary
2012-10-22,4.314550469548967,5.843196530438879,74.78,344.88,-0.004128,-0.001274,0.0,0.0,-0.0041283792781994936,-0.0012741804702884282,0.0,-0.0028541988079110654,30300.0,8300.0,5383767.67,8837045.064,VCR,IYC,Consumer Discretionary
2012-10-23,4.306359755748467,5.833874626533211,74.17,341.68,-0.008157,-0.009279,0.0,0.0,-0.008157261299812785,-0.009278589654372536,0.0,0.001121328354559751,74500.0,25700.0,5540034.92,9021676.264,VCR,IYC,Consumer Discretionary
2012-10-24,4.3021714094244174,5.82929732046139,73.86,340.1196,-0.00418,-0.004567,0.0,0.0,-0.004179587434272617,-0.004566846171856708,0.0,0.0003872587375840907,29600.0,19200.0,5518937.720000001,8166001.4799999995,VCR,IYC,Consumer Discretionary
2012-10-25,4.299731391947051,5.829416095153583,73.68,340.16,-0.002437,0.000119,0.0,0.0,-0.002437043054427295,0.00011878174618575349,0.0,-0.0025558248006130485,48500.0,18800.0,5563954.220000001,8223283.68,VCR,IYC,Consumer Discretionary
2012-10-26,4.300545392805998,5.832351575450909,73.74,341.16,0.000814,0.00294,0.0,0.0,0.0008143322475570033,0.0029397930385700846,0.0,-0.0021254607910130814,26700.0,12400.0,5582916.2,7971055.68,VCR,IYC,Consumer Discretionary
2012-10-31,4.308649164869106,5.833171968113389,74.34,341.44,0.008137,0.000821,-7434000.0,17072000.0,-0.005483091346674936,0.014530602280374613,-24506000.0,-0.02001369362704955,67000.0,79500.0,5616041.6,8914236.08,VCR,IYC,Consumer Discretionary
2012-11-01,4.321878461837604,5.8421521439209725,75.33,344.52,0.013317,0.009021,0.0,0.0,0.013317191283292978,0.00902061855670103,0.0,0.004296572726591948,60500.0,89400.0,5659986.25,10258773.08,VCR,IYC,Consumer Discretionary
2012-11-02,4.318820558770089,5.839943739466739,75.1,343.76,-0.003053,-0.002206,0.0,0.0,-0.0030532324439134476,-0.0022059677232091025,0.0,-0.0008472647207043451,61000.0,8800.0,3127128.6,9727163.48,VCR,IYC,Consumer Discretionary
2012-11-05,4.3208159036289855,5.840874188475481,75.25,344.08,0.001997,0.000931,0.0,0.0,0.0019973368841544607,0.0009308820107051431,0.0,0.0010664548734493177,128800.0,11000.0,3479255.0,9719756.76,VCR,IYC,Consumer Discretionary
2012-11-06,4.327702435943282,5.847016642742108,75.77,346.2,0.00691,0.006161,0.0,0.0,0.006910299003322259,0.006161357823761916,0.0,0.0007489411795603435,78300.0,17000.0,3398061.05,9683319.72,VCR,IYC,Consumer Discretionary
2012-11-07,4.314015424057338,5.835500557561259,74.74,342.236,-0.013594,-0.01145,0.0,0.0,-0.013593770621618055,-0.011450028885037551,0.0,-0.0021437417365805043,62600.0,31900.0,3569231.25,10071146.14,VCR,IYC,Consumer Discretionary
2012-11-08,4.296877159632186,5.821032034706441,73.47,337.32,-0.016992,-0.014364,0.0,0.0,-0.01699223976451699,-0.014364356759662923,0.0,-0.002627883004854068,37400.0,32400.0,3623778.3,10425752.14,VCR,IYC,Consumer Discretionary
2012-11-09,4.2951047991298426,5.81853871195439,73.3399,336.48,-0.001771,-0.00249,0.0,0.0,-0.001770790798965542,-0.0024902170046246885,0.0,0.0007194262056591466,68300.0,20700.0,3772059.4585,10265251.940000001,VCR,IYC,Consumer Discretionary
2012-11-12,4.292922159591061,5.817706220974515,73.18,336.2,-0.00218,-0.000832,0.0,0.0,-0.002180259313143234,-0.0008321445553970519,0.0,-0.001348114757746182,40800.0,18700.0,3801902.5585000003,8286602.94,VCR,IYC,Consumer Discretionary
2012-11-13,4.294424173937759,5.819608040161792,73.29,336.84,0.001503,0.001904,0.0,0.0,0.0015031429352282042,0.0019036287923854848,0.0,-0.0004004858571572806,52400.0,16200.0,3901331.7085,8107661.94,VCR,IYC,Consumer Discretionary
2012-11-14,4.27763786893635,5.804652925041163,72.07,331.84,-0.016646,-0.014844,0.0,0.0,-0.016646200027289074,-0.014843842774017338,0.0,-0.0018023572532717361,49200.0,31200.0,3930321.1585,8368937.436,VCR,IYC,Consumer Discretionary
2012-11-15,4.2756934238792645,5.801393036853966,71.93,330.76,-0.001943,-0.003255,0.0,0.0,-0.0019425558484804175,-0.0032545805207328834,0.0,0.001312024672252466,76200.0,91200.0,4033846.9585,9746313.036,VCR,IYC,Consumer Discretionary
2012-11-16,4.283862385886651,5.807181067000487,72.52,332.68,0.008202,0.005805,0.0,0.0,0.008202419018490085,0.005804813157576491,0.0,0.0023976058609135945,48400.0,37500.0,4093125.1085,10049545.236,VCR,IYC,Consumer Discretionary
2012-11-19,4.306359755748467,5.823814830545896,74.17,338.26,0.022752,0.016773,0.0,0.0,0.02275234418091561,0.016772874834675964,0.0,0.005979469346239646,62000.0,61400.0,4158921.1085,10903728.436,VCR,IYC,Consumer Discretionary
2012-11-20,4.311067545733388,5.827662441750908,74.52,339.564,0.004719,0.003855,0.0,0.0,0.00471888903869489,0.0038550227635546623,0.0,0.0008638662751402275,122500.0,19900.0,4539515.2085,11025769.616,VCR,IYC,Consumer Discretionary
2012-11-21,4.314149212270796,5.831061025614958,74.75,340.72,0.003086,0.003404,0.0,0.0,0.0030864197530864196,0.00340436559823774,0.0,-0.0003179458451513205,59600.0,61900.0,4648978.5085,11937172.816,VCR,IYC,Consumer Discretionary
2012-11-23,4.326117440234365,5.842964538789538,75.65,344.8,0.01204,0.011975,0.0,0.0,0.012040133779264214,0.011974641934726462,0.0,6.549184453775135e-05,43400.0,8900.0,4536855.7585,11651550.015999999,VCR,IYC,Consumer Discretionary
2012-11-26,4.322409317855379,5.8394467577185525,75.37,343.5892,-0.003701,-0.003512,0.0,0.0,-0.0037012557832121614,-0.003511600928074246,0.0,-0.00018965485513791538,66900.0,18900.0,4679655.6085,11649726.994,VCR,IYC,Consumer Discretionary
2012-11-27,4.319885238136032,5.835862815013409,75.18,342.36,-0.002521,-0.003578,0.0,0.0,-0.0025208969085843175,-0.0035775280480294493,0.0,0.0010566311394451318,41200.0,19800.0,4655852.4085,11668912.994,VCR,IYC,Consumer Discretionary
2012-11-28,4.332573750954351,5.849438894473013,76.14,347.0396,0.012769,0.013669,0.0,0.0,0.012769353551476457,0.013668652880009347,0.0,-0.0008992993285328894,74200.0,159200.0,4839888.9085,14219829.010000002,VCR,IYC,Consumer Discretionary
2012-11-29,4.336244442018754,5.853121597486237,76.42,348.32,0.003677,0.003689,0.0,0.0,0.0036774363015497765,0.0036894924959572336,0.0,-1.2056194407457019e-05,47600.0,22800.0,4772729.5085,13259689.81,VCR,IYC,Consumer Discretionary
2012-11-30,4.335851797553269,5.858161699793562,76.39,350.08,-0.000393,0.005053,7639000.0,87520000.0,0.013296934562281088,0.07296179964990254,-79881000.0,-0.059664865087621456,41300.0,12500.0,4702601.6085,11938485.41,VCR,IYC,Consumer Discretionary
2012-12-03,4.33165396900921,5.851627601920183,76.07,347.8,-0.004189,-0.006513,0.0,0.0,-0.004189029977745778,-0.006512797074954296,0.0,0.002323767097208518,65500.0,50900.0,4722675.8585,12672382.010000002,VCR,IYC,Consumer Discretionary
2012-12-04,4.327570448877823,5.848978898811227,75.76,346.88,-0.004075,-0.002645,0.0,0.0,-0.004075193900354936,-0.002645198389879241,0.0,-0.001429995510475695,106400.0,15300.0,4641109.0585,12748501.21,VCR,IYC,Consumer Discretionary
2012-12-05,4.3225419878389895,5.847478696579601,75.38,346.36,-0.005016,-0.001499,0.0,0.0,-0.00501583949313622,-0.0014990774907749078,0.0,-0.0035167620023613118,63600.0,43300.0,4584177.9085,13204100.610000001,VCR,IYC,Consumer Discretionary
2012-12-06,4.330733340286331,5.854842669565018,76.0,348.92,0.008225,0.007391,0.0,0.0,0.008224993366940834,0.007391153712899873,0.0,0.0008338396540409606,60100.0,79500.0,4578621.7085,14045191.190000001,VCR,IYC,Consumer Discretionary
2012-12-07,4.333230220484919,5.85678964378138,76.19,349.6,0.0025,0.001949,0.0,0.0,0.0025,0.0019488708013298177,0.0,0.0005511291986701823,46400.0,34600.0,4617993.6085,14103540.790000001,VCR,IYC,Consumer Discretionary
2012-12-10,4.327966357823938,5.852891897244042,75.79,348.24,-0.00525,-0.00389,0.0,0.0,-0.005250032812705079,-0.0038901601830663617,0.0,-0.0013598726296387177,76800.0,47400.0,4658571.45,14580612.790000001,VCR,IYC,Consumer Discretionary
2012-12-11,4.331391018705302,5.855530269867149,76.05,349.16,0.003431,0.002642,0.0,0.0,0.003430531732418525,0.002641856191132552,0.0,0.0007886755412859726,64200.0,46000.0,4753404.75,15069333.790000001,VCR,IYC,Consumer Discretionary
2012-12-12,4.331601384479566,5.854957302453319,76.066,348.96,0.00021,-0.000573,0.0,0.0,0.000210387902695595,-0.0005728032993470042,0.0,0.0007831912020425992,32500.0,67100.0,4684992.2,15967254.190000001,VCR,IYC,Consumer Discretionary
2012-12-13,4.3267781604434035,5.851512586680537,75.7,347.76,-0.004812,-0.003439,0.0,0.0,-0.004811610969421292,-0.0034387895460797797,0.0,-0.0013728214233415127,39600.0,31700.0,4657586.0,16000783.39,VCR,IYC,Consumer Discretionary
2012-12-14,4.323337638325202,5.848983511346715,75.44,346.8816,-0.003435,-0.002526,0.0,0.0,-0.0034346103038309117,-0.002525879917184265,0.0,-0.0009087303866466465,36300.0,23500.0,4520456.3,14900103.670000002,VCR,IYC,Consumer Discretionary
2012-12-17,4.340423084818807,5.864312761447499,76.74,352.24,0.017232,0.015447,0.0,0.0,0.0172322375397667,0.01544734572257508,0.0,0.0017848918171916202,113200.0,33200.0,4779306.3,14861047.070000002,VCR,IYC,Consumer Discretionary
2012-12-18,4.351953950417589,5.873918983252938,77.63,355.64,0.011598,0.009653,0.0,0.0,0.011597602293458431,0.009652509652509652,0.0,0.0019450926409487791,96800.0,33900.0,4925108.5,14425398.670000002,VCR,IYC,Consumer Discretionary
2012-12-19,4.3476939555933765,5.859645972487134,77.3,350.6,-0.004251,-0.006591,0.0,0.0,-0.004250933917300013,-0.014171634236868744,0.0,0.00992070031956873,127400.0,343500.0,4961074.5,20109087.490000002,VCR,IYC,Consumer Discretionary
2012-12-20,4.3351970473170836,5.862835404510801,76.34,351.72,0.002484,0.003195,0.0,0.0,-0.01241914618369987,0.0031945236737022245,0.0,-0.015613669857402094,70700.0,32300.0,5008181.4,19622586.89,VCR,IYC,Consumer Discretionary
2012-12-21,4.325720798462787,5.851627601920183,75.62,347.8,-0.009431,-0.011145,0.0,0.0,-0.009431490699502228,-0.01114522915955874,0.0,0.001713738460056513,66900.0,27300.0,5096969.8,19943897.89,VCR,IYC,Consumer Discretionary
2012-12-24,4.326117440234365,5.8488635785089595,75.65,346.84,0.000397,-0.00276,0.0,0.0,0.00039672044432689763,-0.0027602070155261643,0.0,0.003156927459853062,28200.0,52100.0,4951523.65,20522724.296,VCR,IYC,Consumer Discretionary
2012-12-26,4.31508522892,5.839246498545257,74.82,343.5204,-0.010972,-0.009571,0.0,0.0,-0.010971579643093192,-0.009570983738899782,0.0,-0.0014005959041934104,68100.0,52300.0,5051414.95,21082093.742,VCR,IYC,Consumer Discretionary
2012-12-27,4.316821224548606,5.840188066144356,74.95,343.844,0.001737,0.000942,0.0,0.0,0.0017375033413525795,0.0009420110130286295,0.0,0.00079549232832395,103500.0,20700.0,5156801.8,18675537.066,VCR,IYC,Consumer Discretionary
2012-12-28,4.310758856118342,5.831882477283517,74.497,341.0,-0.006044,-0.008271,0.0,0.0,-0.0060440293529019345,-0.008271192750200673,0.0,0.002227163397298738,57700.0,30300.0,5189846.045,18795067.266,VCR,IYC,Consumer Discretionary
2012-12-31,4.329021349349984,5.849900982786195,75.87,347.2,0.01843,0.018182,22761000.0,-34720000.0,0.059706830277819256,-0.007594936708860759,57481000.0,0.06730176698668001,167300.0,77200.0,5666753.245,19916459.266,VCR,IYC,Consumer Discretionary
2013-01-02,4.350148895775859,5.872568392164126,77.49,355.16,0.021352,0.022926,0.0,0.0,0.021352313167259787,0.02292626728110599,0.0,-0.0015739541138462022,208800.0,71500.0,6226619.595000001,20301005.266,VCR,IYC,Consumer Discretionary
2013-01-03,4.35491234218231,5.8722304591842835,77.86,355.04,0.004775,-0.000338,0.0,0.0,0.004774809652858434,-0.0003378758869242032,0.0,0.005112685539782637,132600.0,22300.0,6339788.195,20431511.666,VCR,IYC,Consumer Discretionary
2013-01-04,4.358246106008478,5.877847820321015,78.12,357.04,0.003339,0.005633,0.0,0.0,0.0033393269971744156,0.0056331680937359175,0.0,-0.002293841096561502,83500.0,43600.0,6426230.795,20459989.466,VCR,IYC,Consumer Discretionary
2013-01-07,4.355425952876702,5.874705986497786,77.9,355.92,-0.002816,-0.003137,0.0,0.0,-0.0028161802355350742,-0.003136903428187318,0.0,0.00032072319265224374,100800.0,56700.0,6590466.795,20082065.666,VCR,IYC,Consumer Discretionary
2013-01-08,4.353112624509239,5.872568392164126,77.72,355.16,-0.002311,-0.002135,0.0,0.0,-0.0023106546854942235,-0.0021353113059114407,0.0,-0.00017534337958278285,123300.0,27100.0,6892849.795,19958499.466,VCR,IYC,Consumer Discretionary
2013-01-09,4.356580613342406,5.87526775270547,77.99,356.12,0.003474,0.002703,0.0,0.0,0.003474009264024704,0.0027030070953936256,0.0,0.0007710021686310785,153800.0,92500.0,7201559.295,20780225.666,VCR,IYC,Consumer Discretionary
2013-01-10,4.360547602996758,5.878183860649016,78.3,357.16,0.003975,0.00292,0.0,0.0,0.003974868572893961,0.002920363922273391,0.0,0.00105450465062057,67900.0,27800.0,7223267.295,20473610.066,VCR,IYC,Consumer Discretionary
2013-01-11,4.36118596880203,5.880085959124592,78.35,357.84,0.000639,0.001904,0.0,0.0,0.0006385696040868455,0.0019039086123866053,0.0,-0.0012653390082997598,105800.0,27900.0,7514131.545,19802036.066,VCR,IYC,Consumer Discretionary
2013-01-14,4.3633533694082605,5.881091489626612,78.52,358.2,0.00217,0.001006,0.0,0.0,0.002169751116783663,0.001006036217303823,0.0,0.0011637148994798402,74300.0,86700.0,7655947.345000001,20803633.466,VCR,IYC,Consumer Discretionary
2013-01-15,4.370459998302416,5.888102034112829,79.08,360.72,0.007132,0.007035,0.0,0.0,0.007131940906775344,0.007035175879396985,0.0,9.676502737835865e-05,67300.0,51600.0,7785127.945,21326705.185999997,VCR,IYC,Consumer Discretionary
2013-01-16,4.367420482284519,5.887103531783239,78.84,360.36,-0.003035,-0.000998,0.0,0.0,-0.0030349013657056147,-0.000998003992015968,0.0,-0.0020368973736896467,64100.0,21500.0,7603461.745,21129373.786,VCR,IYC,Consumer Discretionary
2013-01-17,4.378395048439832,5.897483483637088,79.71,364.12,0.011035,0.010434,0.0,0.0,0.011035007610350075,0.010434010434010434,0.0,0.0006009971763396415,68500.0,12500.0,7500739.295,20754138.985999998,VCR,IYC,Consumer Discretionary
2013-01-18,4.380149874661021,5.8988008622445625,79.85,364.6,0.001756,0.001318,0.0,0.0,0.0017563668297578723,0.001318246731846644,0.0,0.00043812009791122835,54100.0,19700.0,7224332.545,15091714.985999998,VCR,IYC,Consumer Discretionary
2013-01-22,4.3815265096322,5.9020867359567655,79.96,365.8,0.001378,0.003291,0.0,0.0,0.001377582968065122,0.0032912781130005485,0.0,-0.0019136951449354265,90000.0,121800.0,7314290.6450000005,16751409.185999999,VCR,IYC,Consumer Discretionary
2013-01-23,4.382651439442724,5.905034819109594,80.05,366.88,0.001126,0.002952,0.0,0.0,0.0011255627813906953,0.002952433023510115,0.0,-0.0018268702421194195,85100.0,28500.0,7401954.495,16799466.185999997,VCR,IYC,Consumer Discretionary
2013-01-24,4.389579291422226,5.912096611724409,80.6065,369.48,0.006952,0.007087,0.0,0.0,0.0069519050593379135,0.00708678587003925,0.0,-0.00013488081070133634,68300.0,17600.0,7570559.1925,16221090.385999998,VCR,IYC,Consumer Discretionary
2013-01-25,4.399866552802212,5.9195388075363935,81.44,372.24,0.01034,0.00747,0.0,0.0,0.010340357167225969,0.007469957778499512,0.0,0.0028703993887264564,94400.0,13000.0,7700193.8925,15564740.540000001,VCR,IYC,Consumer Discretionary
2013-01-28,4.396176057778301,5.917279648918606,81.14,371.4,-0.003684,-0.002257,0.0,0.0,-0.0036836935166994107,-0.002256608639587363,0.0,-0.0014270848771120478,104200.0,32200.0,7735067.0424999995,15806816.0,VCR,IYC,Consumer Discretionary
2013-01-29,4.392100720245356,5.91382727738083,80.81,370.12,-0.004067,-0.003446,0.0,0.0,-0.00406704461424698,-0.0034464189553042542,0.0,-0.000620625658942726,87300.0,27500.0,7872878.847499999,15799116.0,VCR,IYC,Consumer Discretionary
2013-01-30,4.388878109622984,5.912745962396577,80.55,369.72,-0.003217,-0.001081,0.0,0.0,-0.003217423586189828,-0.0010807305738679347,0.0,-0.0021366930123218933,59500.0,246100.0,7477862.547499999,19008328.6,VCR,IYC,Consumer Discretionary
2013-01-31,4.387760166521642,5.910688237080694,80.46,368.96,-0.001117,-0.002056,40230000.0,18448000.0,0.0637283503232854,0.010904707107238752,21782000.0,0.05282364321604665,62200.0,75000.0,6919097.547499999,19122231.6,VCR,IYC,Consumer Discretionary
2013-02-01,4.393213824064446,5.918893854273146,80.9,372.0,0.005469,0.008239,0.0,0.0,0.005468555804126274,0.00823937554206418,0.0,-0.002770819737937906,74100.0,54100.0,6702620.2475,19732622.0,VCR,IYC,Consumer Discretionary
2013-02-04,4.379648809887917,5.904053090097013,79.81,366.52,-0.013474,-0.014731,0.0,0.0,-0.013473423980222497,-0.014731182795698924,0.0,0.0012577588154764271,190400.0,50900.0,7136260.4475,19887068.2,VCR,IYC,Consumer Discretionary
2013-02-05,4.390118804571218,5.914583502772024,80.65,370.4,0.010525,0.010586,0.0,0.0,0.010524996867560456,0.010586052602859325,0.0,-6.10557352988695e-05,86400.0,40900.0,7092052.4475,19635503.0,VCR,IYC,Consumer Discretionary
2013-02-06,4.39247189253542,5.915015374944575,80.84,370.56,0.002356,0.000432,0.0,0.0,0.002355858648481091,0.00043196544276457883,0.0,0.0019238932057165123,50900.0,35700.0,6818646.4475,19815710.8,VCR,IYC,Consumer Discretionary
2013-02-07,4.389250479763201,5.914151444005312,80.58,370.24,-0.003216,-0.000864,0.0,0.0,-0.0032162295893122216,-0.0008635578583765112,0.0,-0.00235267173093571,112700.0,43200.0,6672971.647499999,18968374.2,VCR,IYC,Consumer Discretionary
2013-02-08,4.397653890559581,5.921256652064486,81.26,372.88,0.008439,0.007131,0.0,0.0,0.008438818565400843,0.007130509939498704,0.0,0.0013083086259021394,36000.0,22500.0,6553411.147499999,18891411.8,VCR,IYC,Consumer Discretionary
2013-02-11,4.394696037774544,5.918786321609996,81.02,371.96,-0.002954,-0.002467,0.0,0.0,-0.002953482648289441,-0.002467281699206179,0.0,-0.00048620094908326207,68400.0,26300.0,6416028.047499999,18881352.4,VCR,IYC,Consumer Discretionary
2013-02-12,4.399620943074833,5.921042082811436,81.42,372.8,0.004937,0.002258,0.0,0.0,0.004937052579609973,0.002258307344875793,0.0,0.0026787452347341797,95700.0,37300.0,6513920.9475,18023827.4,VCR,IYC,Consumer Discretionary
2013-02-13,4.400234854322551,5.923078634241517,81.47,373.56,0.000614,0.002039,0.0,0.0,0.0006140997297961189,0.00203862660944206,0.0,-0.0014245268796459413,67900.0,25700.0,6524407.397499999,17573194.4,VCR,IYC,Consumer Discretionary
2013-02-14,4.400234854322551,5.92232880827312,81.47,373.28,0.0,-0.00075,0.0,0.0,0.0,-0.0007495449191562266,0.0,0.0007495449191562266,38100.0,29100.0,6426925.547499999,17728929.8,VCR,IYC,Consumer Discretionary
2013-02-15,4.400848388914469,5.9207201425822245,81.52,372.68,0.000614,-0.001607,0.0,0.0,0.0006137228427642077,-0.0016073724817831118,0.0,0.0022210953245473198,40500.0,31200.0,6318996.797499999,18082735.6,VCR,IYC,Consumer Discretionary
2013-02-19,4.405010471064257,5.925954887901781,81.86,374.636,0.004171,0.005248,0.0,0.0,0.004170755642787046,0.005248470537726736,0.0,-0.0010777148949396905,126300.0,19700.0,6619948.4475,18092621.06,VCR,IYC,Consumer Discretionary
2013-02-20,4.388505600771591,5.912421339767529,80.52,369.6,-0.01637,-0.013442,0.0,0.0,-0.016369411189836307,-0.013442381404883673,0.0,-0.0029270297849526335,56200.0,101300.0,6486389.647499999,17736923.060000002,VCR,IYC,Consumer Discretionary
2013-02-21,4.378771341953209,5.906015585275499,79.74,367.24,-0.009687,-0.006385,0.0,0.0,-0.009687034277198211,-0.006385281385281385,0.0,-0.003301752891916826,52800.0,20400.0,6356290.4975,17588703.860000003,VCR,IYC,Consumer Discretionary
2013-02-22,4.385645080196593,5.91220486612235,80.29,369.52,0.006897,0.006208,0.0,0.0,0.00689741660396288,0.006208474022437643,0.0,0.0006889425815252365,62000.0,16200.0,6329918.3,17562872.660000004,VCR,IYC,Consumer Discretionary
2013-02-25,4.369555441615811,5.897812991026527,79.0085,364.24,-0.015961,-0.014289,0.0,0.0,-0.01596089176734338,-0.014288807101104134,0.0,-0.0016720846662392468,119300.0,12100.0,6416807.202500001,17541281.860000003,VCR,IYC,Consumer Discretionary
2013-02-26,4.378269585796169,5.904925785690743,79.7,366.84,0.008752,0.007138,0.0,0.0,0.008752222862097116,0.007138150669887986,0.0,0.0016140721922091308,74700.0,10900.0,6291747.3025,17143255.66,VCR,IYC,Consumer Discretionary
2013-02-27,4.393584583507611,5.919335692132293,80.93,372.1644,0.015433,0.014514,0.0,0.0,0.015432873274780427,0.01451422963689892,0.0,0.0009186436378815065,47700.0,10900.0,6132029.702500001,16837170.258,VCR,IYC,Consumer Discretionary
2013-02-28,4.3945726038424,5.918893854273146,81.01,372.0,0.000989,-0.000442,32404000.000000004,-74400000.0,0.049805309786774346,-0.05170113819839586,106804000.0,0.10150644798517021,42200.0,91300.0,6063324.5525,13985945.658000002,VCR,IYC,Consumer Discretionary
2013-03-01,4.397776944765114,5.92479041383999,81.27,374.2,0.003209,0.005914,0.0,0.0,0.003209480311072707,0.005913978494623656,0.0,-0.002704498183550949,72400.0,85700.0,6107291.352500001,14205792.658000002,VCR,IYC,Consumer Discretionary
2013-03-04,4.406719247264253,5.935951837177723,82.0,378.4,0.008982,0.011224,0.0,0.0,0.00898240433124154,0.01122394441475147,0.0,-0.00224154008350993,46600.0,16300.0,5998616.852500001,13507928.658000002,VCR,IYC,Consumer Discretionary
2013-03-05,4.417514427603435,5.9435340133504315,82.89,381.28,0.010854,0.007611,0.0,0.0,0.010853658536585365,0.007610993657505285,0.0,0.0032426648790800797,54900.0,38000.0,5466358.702500001,13299567.258000001,VCR,IYC,Consumer Discretionary
2013-03-06,4.417273114860951,5.9409078234908295,82.87,380.28,-0.000241,-0.002623,0.0,0.0,-0.00024128362890577873,-0.0026227444397817876,0.0,0.002381460810876009,54600.0,44700.0,5344185.8025,13392025.058000002,VCR,IYC,Consumer Discretionary
2013-03-07,4.41968362585098,5.941854046554647,83.07,380.64,0.002413,0.000947,0.0,0.0,0.0024134186074574633,0.0009466708740927738,0.0,0.0014667477333646895,62900.0,16200.0,5399703.1525,13038893.858000001,VCR,IYC,Consumer Discretionary
2013-03-08,4.428909027823929,5.951787729955083,83.8399,384.44,0.009268,0.009983,0.0,0.0,0.009268087155411033,0.009983186212694409,0.0,-0.0007150990572833762,62900.0,15900.0,5209311.338,12544805.258000001,VCR,IYC,Consumer Discretionary
2013-03-11,4.431411859854625,5.953243334287785,84.05,385.0,0.002506,0.001457,0.0,0.0,0.0025059667294451155,0.0014566642388929353,0.0,0.0010493024905521803,92700.0,20500.0,5452615.0879999995,12519940.258000001,VCR,IYC,Consumer Discretionary
2013-03-12,4.428552332110815,5.951485946830795,83.81,384.324,-0.002856,-0.001756,0.0,0.0,-0.0028554431885782273,-0.0017558441558441558,0.0,-0.0010995990327340715,60100.0,12800.0,5427375.738,12276780.218,VCR,IYC,Consumer Discretionary
2013-03-13,4.4331949212482815,5.956251791352238,84.2,386.16,0.004653,0.004777,0.0,0.0,0.004653382651234936,0.004777219221282043,0.0,-0.00012383657004710717,29600.0,13000.0,5162397.038,11832512.218,VCR,IYC,Consumer Discretionary
2013-03-14,4.43604122298012,5.957297442934978,84.44,386.564,0.00285,0.001046,0.0,0.0,0.0028503562945368173,0.001046198466956702,0.0,0.0018041578275801154,47600.0,5100.0,5086773.5879999995,11451061.438000001,VCR,IYC,Consumer Discretionary
2013-03-15,4.432006566978902,5.951995803197615,84.1,384.52,-0.004027,-0.005288,0.0,0.0,-0.004026527711984841,-0.005287610848397678,0.0,0.0012610831364128373,27600.0,8900.0,5047631.238,11079050.438,VCR,IYC,Consumer Discretionary
2013-03-18,4.425564936688365,5.947303651322212,83.56,382.72,-0.006421,-0.004681,0.0,0.0,-0.0064209274673008325,-0.004681160927910121,0.0,-0.0017397665393907111,87100.0,13900.0,5246457.038,10763660.037999999,VCR,IYC,Consumer Discretionary
2013-03-19,4.418961082466944,5.943324171780047,83.01,381.2,-0.006582,-0.003972,0.0,0.0,-0.006582096696984203,-0.003971571906354515,0.0,-0.002610524790629688,44900.0,10900.0,4915868.5879999995,10602397.578,VCR,IYC,Consumer Discretionary
2013-03-20,4.431411859854625,5.9554227757607165,84.05,385.84,0.012529,0.012172,0.0,0.0,0.0125286110107216,0.01217208814270724,0.0,0.0003565228680143598,50600.0,13200.0,4902253.887999999,8985027.978,VCR,IYC,Consumer Discretionary
2013-03-21,4.422928625994308,5.949078830611544,83.34,383.4,-0.008447,-0.006324,0.0,0.0,-0.00844735276621059,-0.006323864814430852,0.0,-0.0021234879517797378,105400.0,36500.0,5130942.0879999995,9310148.178,VCR,IYC,Consumer Discretionary
2013-03-22,4.431887653844806,5.9595609980949735,84.09,387.44,0.008999,0.010537,0.0,0.0,0.008999280057595392,0.010537297861241524,0.0,-0.0015380178036461314,30200.0,19100.0,5009018.988,9380842.178,VCR,IYC,Consumer Discretionary
2013-03-25,4.431411859854625,5.955940991038935,84.05,386.04,-0.000476,-0.001472,0.0,0.0,-0.00047568081817100726,-0.003613462729712988,0.0,0.003137781911541981,76500.0,24200.0,4859224.535499999,9627585.378,VCR,IYC,Consumer Discretionary
2013-03-26,4.436278049505797,5.961314570157099,84.46,388.12,0.004878,0.005388,0.0,0.0,0.004878048780487805,0.005388042689876697,0.0,-0.0005099939093888917,65700.0,9900.0,4838996.1355,9619776.978,VCR,IYC,Consumer Discretionary
2013-03-27,4.437816056315923,5.96244759803749,84.59,388.56,0.001539,0.001134,0.0,0.0,0.0015391901491830452,0.0011336699989693908,0.0,0.0004055201502136544,28300.0,21600.0,4765672.9355,9836592.18,VCR,IYC,Consumer Discretionary
2013-03-28,4.440649253819643,5.967274308306765,84.83,390.44,0.002837,0.004838,16966000.0,0.0,0.02615358808145498,0.004838377599341157,16966000.0,0.021315210482113822,47500.0,32100.0,4796213.0855,8765068.379999999,VCR,IYC,Consumer Discretionary
2013-04-01,4.4331949212482815,5.96244759803749,84.2,388.56,-0.007427,-0.004815,0.0,0.0,-0.007426617941765885,-0.0048150804220879004,0.0,-0.0026115375196779844,164300.0,165500.0,5193718.6855,10376955.379999999,VCR,IYC,Consumer Discretionary
2013-04-02,4.439587745198413,5.969218938160663,84.74,391.2,0.006413,0.006794,0.0,0.0,0.006413301662707839,0.0067943174799258805,0.0,-0.0003810158172180417,56800.0,38500.0,5243320.285499999,10821619.379999999,VCR,IYC,Consumer Discretionary
2013-04-03,4.42926798099632,5.958217953314346,83.87,386.92,-0.010267,-0.010941,0.0,0.0,-0.010266698135473212,-0.010940695296523518,0.0,0.0006739971610503059,57500.0,25300.0,5256913.4854999995,10586641.18,VCR,IYC,Consumer Discretionary
2013-04-04,4.434856248318414,5.965428532557141,84.34,389.72,0.005604,0.007237,0.0,0.0,0.00560391081435555,0.00723663806471622,0.0,-0.0016327272503606702,48700.0,59000.0,5236046.285499999,10886389.379999999,VCR,IYC,Consumer Discretionary
2013-04-05,4.431768726568696,5.962859290097648,84.08,388.72,-0.003083,-0.002566,0.0,0.0,-0.003082760256106237,-0.002565944780868316,0.0,-0.000516815475237921,57100.0,27400.0,5214839.535499999,11110617.379999999,VCR,IYC,Consumer Discretionary
2013-04-08,4.441474093317302,5.973096889749797,84.9,392.72,0.009753,0.01029,0.0,0.0,0.009752616555661274,0.010290183165260341,0.0,-0.0005375666095990671,30600.0,24600.0,5081060.05,11288033.18,VCR,IYC,Consumer Discretionary
2013-04-09,4.439469730210373,5.971873897342978,84.73,392.24,-0.002002,-0.001222,0.0,0.0,-0.0020023557126030624,-0.0012222448563862294,0.0,-0.000780110856216833,28100.0,23300.0,4810533.95,11350367.78,VCR,IYC,Consumer Discretionary
2013-04-10,4.45143608604605,5.981515216254314,85.75,396.04,0.012038,0.009688,0.0,0.0,0.012038239112474921,0.009687946155415052,0.0,0.002350292957059869,25400.0,29500.0,4667587.4,11688559.42,VCR,IYC,Consumer Discretionary
2013-04-11,4.460606734796738,5.989362339016112,86.54,399.16,0.009213,0.007878,0.0,0.0,0.009212827988338192,0.007877992122007878,0.0,0.0013348358663303143,68000.0,28100.0,4837207.4,11998375.22,VCR,IYC,Consumer Discretionary
2013-04-12,4.465103197090973,5.992963423231718,86.93,400.6,0.004507,0.003608,0.0,0.0,0.004506586549572609,0.0036075759094097606,0.0,0.0008990106401628481,37900.0,19200.0,4800972.55,12284377.4,VCR,IYC,Consumer Discretionary
2013-04-15,4.437461341561982,5.970036599694361,84.56,391.52,-0.027263,-0.022666,0.0,0.0,-0.027263315311170058,-0.02266600099850225,0.0,-0.00459731431266781,123000.0,24900.0,5204958.55,12600708.4,VCR,IYC,Consumer Discretionary
2013-04-16,4.450736132681027,5.984137771721521,85.69,397.08,0.013363,0.014201,0.0,0.0,0.01336329233680227,0.014201062525541479,0.0,-0.0008377701887392081,54500.0,23300.0,5074560.0,12797316.2,VCR,IYC,Consumer Discretionary
2013-04-17,4.440189405089979,5.9744201124987235,84.791,393.24,-0.010491,-0.009671,0.0,0.0,-0.0104913058699965,-0.00967059534602599,0.0,-0.0008207105239705099,64900.0,30100.0,5163349.345000001,13181388.4,VCR,IYC,Consumer Discretionary
2013-04-18,4.429029488269218,5.961726728844026,83.85,388.28,-0.011098,-0.012613,0.0,0.0,-0.011097875953815853,-0.01261316244532601,0.0,0.0015152864915101566,57200.0,35200.0,5190513.845000001,13610106.8,VCR,IYC,Consumer Discretionary
2013-04-19,4.441120673981586,5.9744201124987235,84.87,393.24,0.012165,0.012774,0.0,0.0,0.012164579606440072,0.012774286597300916,0.0,-0.0006097069908608446,28000.0,51900.0,4870130.045,13930859.6,VCR,IYC,Consumer Discretionary
2013-04-22,4.445353484534206,5.977264197706841,85.23,394.36,0.004242,0.002848,0.0,0.0,0.0042417815482502655,0.0028481334553961957,0.0,0.0013936480928540699,75700.0,37800.0,5065749.695,14306194.8,VCR,IYC,Consumer Discretionary
2013-04-23,4.4563220892516755,5.986452005284438,86.17,398.0,0.011029,0.00923,0.0,0.0,0.011028980405960342,0.009230145045136423,0.0,0.0017988353608239197,88800.0,58500.0,5126853.245,15003236.4,VCR,IYC,Consumer Discretionary
2013-04-24,4.457481913088487,5.983937288243358,86.27,397.0004,0.00116,-0.002512,0.0,0.0,0.0011604966925844262,-0.0025115577889447236,0.0,0.00367205448152915,69300.0,11000.0,5148327.695,15029467.219999999,VCR,IYC,Consumer Discretionary
2013-04-25,4.468422197088632,5.991064467086642,87.219,399.84,0.011,0.007153,0.0,0.0,0.01100034774545033,0.007152637629584253,0.0,0.003847710115866078,53700.0,33900.0,5262815.86,15287551.219999999,VCR,IYC,Consumer Discretionary
2013-04-26,4.464758032271346,5.987657308765028,86.9,398.48,-0.003657,-0.003401,0.0,0.0,-0.003657459957119435,-0.003401360544217687,0.0,-0.00025609941290174803,44100.0,10200.0,5252959.11,14864119.819999998,VCR,IYC,Consumer Discretionary
2013-04-29,4.468089645439724,5.989262123552782,87.19,399.12,0.003337,0.001606,0.0,0.0,0.0033371691599539703,0.0016061031921300944,0.0,0.001731065967823876,91900.0,10100.0,4961894.16,11850341.42,VCR,IYC,Consumer Discretionary
2013-04-30,4.470838473192799,5.990764301993589,87.43,399.72,0.002753,0.001503,0.0,39972000.0,0.002752609244179534,0.028570964229412816,-39972000.0,-0.025818354985233282,46500.0,59900.0,4924507.3100000005,12294442.82,VCR,IYC,Consumer Discretionary
2013-05-01,4.465103197090973,5.988359732154503,86.93,398.76,-0.005719,-0.002402,0.0,0.0,-0.005718860802928056,-0.0024016811768237767,0.0,-0.003317179626104279,46700.0,38600.0,4886362.61,12574595.82,VCR,IYC,Consumer Discretionary
2013-05-02,4.475744638547633,5.99873803107448,87.86,402.92,0.010698,0.010432,0.0,0.0,0.010698262970205756,0.010432340254789849,0.0,0.0002659227154159071,48700.0,80600.0,4894933.8100000005,13048689.42,VCR,IYC,Consumer Discretionary
2013-05-03,4.488186830502272,6.009402692238995,88.96,407.24,0.01252,0.010722,0.0,0.0,0.012519918051445481,0.01072173136106423,0.0,0.0017981866903812507,103700.0,22900.0,5116143.01,12982432.82,VCR,IYC,Consumer Discretionary
2013-05-06,4.490881039585964,6.010188161106084,89.2,407.56,0.002698,0.000786,0.0,0.0,0.002697841726618705,0.0007857774285433651,0.0,0.0019120642980753402,56800.0,20500.0,5239574.01,12917136.22,VCR,IYC,Consumer Discretionary
2013-05-07,4.499476281429027,6.017716918252048,89.97,410.64,0.008632,0.007557,0.0,0.0,0.008632286995515695,0.00755716949651585,0.0,0.0010751174989998454,57900.0,15700.0,5380991.51,12782529.02,VCR,IYC,Consumer Discretionary
2013-05-08,4.502029427068578,6.020061722085657,90.2,411.604,0.002556,0.002348,0.0,0.0,0.0025564076914527064,0.0023475550360413013,0.0,0.0002088526554114051,53900.0,69500.0,5515178.01,13628693.919999998,VCR,IYC,Consumer Discretionary
2013-05-09,4.503026712319388,6.019954817507609,90.29,411.56,0.000998,-0.000107,0.0,0.0,0.0009977827050997783,-0.00010689886395661849,0.0,0.0011046815690563968,55700.0,17100.0,5472399.66,13419757.92,VCR,IYC,Consumer Discretionary
2013-05-10,4.511848028756718,6.0286639880970885,91.09,415.16,0.00886,0.008747,0.0,0.0,0.00886033890796323,0.008747205753717563,0.0,0.00011313315424566622,59100.0,12700.0,5576838.26,13298808.52,VCR,IYC,Consumer Discretionary
2013-05-13,4.511957804265912,6.0286639880970885,91.1,415.16,0.00011,0.0,0.0,0.0,0.00010978153474585575,0.0,0.0,0.00010978153474585575,94500.0,13100.0,5487241.76,13083295.92,VCR,IYC,Consumer Discretionary
2013-05-14,4.522549157299754,6.038443548301976,92.07,419.24,0.010648,0.009828,0.0,0.0,0.010647639956092058,0.009827536371519414,0.0,0.0008201035845726446,94100.0,13700.0,5686925.86,12907877.120000001,VCR,IYC,Consumer Discretionary
2013-05-15,4.5269924049240675,6.044815722604977,92.48,421.92,0.004453,0.006393,0.0,0.0,0.004453133485391698,0.006392519797729224,0.0,-0.001939386312337526,71900.0,14400.0,5744244.665,12619833.32,VCR,IYC,Consumer Discretionary
2013-05-16,4.5165575276314875,6.0335657231266175,91.52,417.2,-0.010381,-0.011187,0.0,0.0,-0.010380622837370242,-0.011186954872961698,0.0,0.0008063320355914567,81600.0,8700.0,5877835.265,12117942.52,VCR,IYC,Consumer Discretionary
2013-05-17,4.5263434054421205,6.039968956167597,92.42,419.88,0.009834,0.006424,0.0,0.0,0.009833916083916084,0.006423777564717162,0.0,0.0034101385191989218,47200.0,9300.0,5977128.465,11292728.92,VCR,IYC,Consumer Discretionary
2013-05-20,4.52406858455105,6.036055430435857,92.21,418.24,-0.002272,-0.003906,0.0,0.0,-0.0022722354468729714,-0.003905877869867581,0.0,0.0016336424229946096,92200.0,15600.0,6079621.015,10873615.72,VCR,IYC,Consumer Discretionary
2013-05-21,4.528181144459956,6.04016899331802,92.59,419.964,0.004121,0.004122,0.0,0.0,0.004121028088059864,0.00412203519510329,0.0,-1.007107043426124e-06,84800.0,24900.0,6089607.8149999995,10232320.9,VCR,IYC,Consumer Discretionary
2013-05-22,4.518740457989703,6.031165913959534,91.72,416.2,-0.009396,-0.008963,0.0,0.0,-0.00939626309536667,-0.008962672991018278,0.0,-0.0004335901043483921,267500.0,73700.0,7017437.264999999,11547667.68,VCR,IYC,Consumer Discretionary
2013-05-23,4.515573652176335,6.030011956720221,91.43,415.72,-0.003162,-0.001153,0.0,0.0,-0.0031617967727865944,-0.0011532916866890917,0.0,-0.0020085050860975027,104200.0,13100.0,7259604.55,11142235.48,VCR,IYC,Consumer Discretionary
2013-05-24,4.514260310628249,6.030011956720221,91.31,415.72,-0.001313,0.0,0.0,0.0,-0.0013124794925080776,0.0,0.0,-0.0013124794925080776,40700.0,6400.0,7253805.9,11072041.08,VCR,IYC,Consumer Discretionary
2013-05-28,4.523960130562548,6.038729739575096,92.2,419.36,0.009747,0.008756,0.0,0.0,0.009747015660935275,0.008755893389781584,0.0,0.0009911222711536903,112900.0,13400.0,7373636.85,11151456.68,VCR,IYC,Consumer Discretionary
2013-05-29,4.514479320703588,6.027314200001679,91.33,414.6,-0.009436,-0.011351,0.0,0.0,-0.009436008676789587,-0.011350629530713469,0.0,0.0019146208539238818,89800.0,11400.0,7580433.8,10190617.28,VCR,IYC,Consumer Discretionary
2013-05-30,4.514917197010529,6.025057917967501,91.37,413.6656,0.000438,-0.002254,0.0,0.0,0.00043797218876601336,-0.0022537385431741436,0.0,0.002691710731940157,77600.0,21700.0,7731967.85,9869837.656,VCR,IYC,Consumer Discretionary
2013-05-31,4.504465481866459,6.014204034077471,90.42,409.2,-0.010397,-0.010795,36168000.0,0.0,0.03457443494950268,-0.010795193025477583,36168000.0,0.04536962797498026,84400.0,27600.0,7899601.15,8810766.056,VCR,IYC,Consumer Discretionary
2013-06-03,4.508223067129783,6.017034823219512,90.7604,410.36,0.003765,0.002835,0.0,0.0,0.0037646538376466246,0.0028347996089931574,0.0,0.0009298542286534672,135400.0,118300.0,8052791.4580000015,10771755.656,VCR,IYC,Consumer Discretionary
2013-06-04,4.504907764049697,6.01488806205157,90.46,409.48,-0.00331,-0.002144,0.0,0.0,-0.0033098135310114076,-0.0021444585242226337,0.0,-0.0011653550067887738,120900.0,11600.0,8346294.158000002,10591505.056,VCR,IYC,Consumer Discretionary
2013-06-05,4.48874872297084,6.000126920186634,89.01,403.48,-0.016029,-0.014653,0.0,0.0,-0.016029184169798805,-0.014652730292077757,0.0,-0.0013764538777210483,265900.0,21400.0,9269218.958,10700876.256000001,VCR,IYC,Consumer Discretionary
2013-06-06,4.498252903642014,6.007633128269566,89.86,406.52,0.009549,0.007534,0.0,0.0,0.009549488821480732,0.0075344502825418855,0.0,0.002015038538938847,69200.0,49600.0,9337045.558000002,10278721.956,VCR,IYC,Consumer Discretionary
2013-06-07,4.515573652176335,6.025092728087966,91.43,413.68,0.017472,0.017613,0.0,0.0,0.017471622523926252,0.0176129095739447,0.0,-0.00014128705001844807,124600.0,55100.0,9655196.808000002,11066526.556,VCR,IYC,Consumer Discretionary
2013-06-10,4.512178416592231,6.023060108697733,91.1201,412.84,-0.003389,-0.002031,0.0,0.0,-0.0033894782894019542,-0.002030555018371688,0.0,-0.001358923271030266,81900.0,111200.0,9759162.6675,13098290.356,VCR,IYC,Consumer Discretionary
2013-06-11,4.502140285668547,6.015766839630947,90.21,409.84,-0.009988,-0.007267,0.0,0.0,-0.009987917045745037,-0.007266737719213255,0.0,-0.0027211793265317823,82800.0,43500.0,9702184.5675,13717762.556,VCR,IYC,Consumer Discretionary
2013-06-12,4.492896943505305,6.004874234017899,89.38,405.4,-0.009201,-0.010834,0.0,0.0,-0.009200753796696597,-0.010833495998438416,0.0,0.001632742201741819,50700.0,17400.0,9495573.517500002,13783281.156,VCR,IYC,Consumer Discretionary
2013-06-13,4.5107496103686,6.019663201466661,90.99,411.44,0.018013,0.014899,0.0,0.0,0.018012978294920563,0.014898865318204243,0.0,0.0031141129767163194,78700.0,20800.0,9521153.5675,13907396.356,VCR,IYC,Consumer Discretionary
2013-06-14,4.5081084731449605,6.018203844297603,90.75,410.84,-0.002638,-0.001458,0.0,0.0,-0.002637652489284537,-0.0014582928251993,0.0,-0.0011793596640852367,42100.0,12900.0,9338780.717500001,13990906.156,VCR,IYC,Consumer Discretionary
2013-06-17,4.512506501124672,6.023156993840471,91.15,412.88,0.004408,0.004965,0.0,0.0,0.004407713498622589,0.004965436666342128,0.0,-0.0005577231677195392,78000.0,42400.0,9476154.517500002,14670967.556,VCR,IYC,Consumer Discretionary
2013-06-18,4.523309159507771,6.032702455124227,92.14,416.84,0.010861,0.009591,0.0,0.0,0.01086121777290181,0.009591164503003295,0.0,0.0012700532698985151,47700.0,39900.0,9270820.3175,15176336.156,VCR,IYC,Consumer Discretionary
2013-06-19,4.512396785835737,6.021702730168592,91.14,412.28,-0.010853,-0.010939,0.0,0.0,-0.010853049706967658,-0.010939449189137319,0.0,8.6399482169661e-05,71500.0,12800.0,9204064.217500001,14917340.176000003,VCR,IYC,Consumer Discretionary
2013-06-20,4.4857107459507635,5.9951577189456,88.74,401.48,-0.026333,-0.026196,0.0,0.0,-0.026333113890717578,-0.026195789269428543,0.0,-0.00013732462128903528,97400.0,67100.0,8409473.017500002,14730608.576,VCR,IYC,Consumer Discretionary
2013-06-21,4.485823428355525,5.998440160844408,88.75,402.8,0.000113,0.003288,0.0,0.0,0.0001126887536623845,0.003287835010461293,0.0,-0.0031751462567989087,114600.0,48900.0,8441660.217500001,15443157.976,VCR,IYC,Consumer Discretionary
2013-06-24,4.476313563863087,5.99116450209898,87.91,399.88,-0.009465,-0.007249,0.0,0.0,-0.009464788732394366,-0.007249255213505462,0.0,-0.0022155335188889036,128000.0,64500.0,8818468.367500002,16599740.576,VCR,IYC,Consumer Discretionary
2013-06-25,4.486161399405889,5.998440160844408,88.78,402.8,0.009896,0.007302,0.0,0.0,0.009896485041519736,0.007302190657197159,0.0,0.002594294384322577,71000.0,26500.0,8613168.367500002,16852479.376,VCR,IYC,Consumer Discretionary
2013-06-26,4.4978076676595915,6.007239466223345,89.82,406.36,0.011714,0.01073,0.0,0.0,0.011714350078846442,0.008838133068520358,0.0,0.002876217010326084,116500.0,50500.0,8726298.1675,17642216.376,VCR,IYC,Consumer Discretionary
2013-06-27,4.508218659911641,6.015181073725298,90.76,409.6,0.010465,0.007973,0.0,0.0,0.010465375194834259,0.007973225711192047,0.0,0.002492149483642212,149500.0,20800.0,9050213.5675,17619373.2,VCR,IYC,Consumer Discretionary
2013-06-28,4.512396785835737,6.016644845638281,91.14,410.2,0.004187,0.001465,9114000.0,20510000.0,0.01509956876985276,0.014642012746710526,-11396000.0,0.00045755602314223424,128400.0,16400.0,9253759.967500001,17391041.2,VCR,IYC,Consumer Discretionary
2013-07-01,4.51906748693468,6.023437907684106,91.75,412.996,0.006693,0.006816,0.0,0.0,0.006692999780557384,0.00681618722574354,0.0,-0.0001231874451861556,195100.0,88000.0,9534333.3095,16780944.2,VCR,IYC,Consumer Discretionary
2013-07-02,4.520701029361642,6.025382765311443,91.9,413.8,0.001635,0.001947,0.0,0.0,0.0016348773841961854,0.0019467500895892454,0.0,-0.0003118727053930601,133600.0,36700.0,9601394.6095,17302768.8,VCR,IYC,Consumer Discretionary
2013-07-03,4.524719061590464,6.0286639880970885,92.27,415.16,0.004026,0.003287,0.0,0.0,0.004026115342763874,0.0032866118898018364,0.0,0.0007395034529620375,84900.0,33900.0,8809692.8095,17574741.4,VCR,IYC,Consumer Discretionary
2013-07-05,4.535284058523925,6.038348133006832,93.25,419.2,0.010621,0.009731,0.0,0.0,0.010621003576460388,0.009731187975720205,0.0,0.0008898156007401837,198400.0,21900.0,9423817.2095,17025595.8,VCR,IYC,Consumer Discretionary
2013-07-08,4.543613880288985,6.048789613727251,94.03,423.6,0.008365,0.010496,0.0,0.0,0.008364611260053618,0.01049618320610687,0.0,-0.002131571946053252,209300.0,33600.0,9838232.2595,16597555.4,VCR,IYC,Consumer Discretionary
2013-07-09,4.548705649006965,6.053781853172843,94.51,425.72,0.005105,0.005005,0.0,0.0,0.0051047538019780925,0.005004721435316336,0.0,0.00010003236666175641,208000.0,75100.0,10447999.45,15900743.6,VCR,IYC,Consumer Discretionary
2013-07-10,4.549551762225079,6.054720996742997,94.59,426.12,0.000846,0.00094,0.0,0.0,0.0008464712728811766,0.000939584703561026,0.0,-9.311343067984934e-05,173000.0,37000.0,10892733.55,15797663.6,VCR,IYC,Consumer Discretionary
2013-07-11,4.563410251739859,6.0687958900443055,95.91,432.16,0.013955,0.014174,0.0,0.0,0.013954963526799874,0.014174410964047686,0.0,-0.00021944743724781196,279100.0,36800.0,12004579.3,16240140.0,VCR,IYC,Consumer Discretionary
2013-07-12,4.567572155572773,6.073781589597195,96.31,434.32,0.004171,0.004998,0.0,0.0,0.0041705765822124905,0.004998148833765272,0.0,-0.0008275722515527816,138000.0,31900.0,12311072.65,16504982.8,VCR,IYC,Consumer Discretionary
2013-07-15,4.565909472034789,6.0719379312578585,96.15,433.52,-0.001661,-0.001842,0.0,0.0,-0.0016613020454781435,-0.001841959845275373,0.0,0.0001806577997972294,182000.0,41200.0,12995008.9,17133042.2,VCR,IYC,Consumer Discretionary
2013-07-16,4.5592309540466465,6.068763494110455,95.51,432.146,-0.006656,-0.003169,0.0,0.0,-0.006656266250650026,-0.0031694039490680935,0.0,-0.0034868623015819325,91000.0,20300.0,13074094.4,16696364.790000001,VCR,IYC,Consumer Discretionary
2013-07-17,4.560800238252151,6.071107174760178,95.66,433.16,0.001571,0.002346,0.0,0.0,0.0015705161763166161,0.0023464292160519824,0.0,-0.0007759130397353663,82500.0,24800.0,13248938.0,16401887.39,VCR,IYC,Consumer Discretionary
2013-07-18,4.566221435849517,6.07414991372659,96.18,434.48,0.005436,0.003047,0.0,0.0,0.00543591887936455,0.003047372795271955,0.0,0.0023885460840925945,102800.0,13400.0,13417477.7,16429129.790000001,VCR,IYC,Consumer Discretionary
2013-07-19,4.565077092421647,6.07295236395425,96.07,433.96,-0.001144,-0.001197,0.0,0.0,-0.001143688916614947,-0.0011968329957650525,0.0,5.31440791501055e-05,133400.0,9800.0,13626100.8,15294804.790000001,VCR,IYC,Consumer Discretionary
2013-07-22,4.564972996236678,6.072583598392774,96.06,433.8,-0.000104,-0.000369,0.0,0.0,-0.0001040907671488205,-0.000368697575813439,0.0,0.00026460680866461847,149100.0,24800.0,13833690.6,14847870.790000001,VCR,IYC,Consumer Discretionary
2013-07-23,4.562680134367139,6.070645344982423,95.84,432.96,-0.00229,-0.001936,0.0,0.0,-0.002290235269623152,-0.0019363762102351315,0.0,-0.00035385905938802075,83400.0,13800.0,13670719.4,13857000.190000001,VCR,IYC,Consumer Discretionary
2013-07-24,4.559335649644292,6.066293687728631,95.52,431.08,-0.003339,-0.004342,0.0,0.0,-0.00333889816360601,-0.00434220251293422,0.0,0.00100330434932821,75600.0,14800.0,13716616.0,13642289.39,VCR,IYC,Consumer Discretionary
2013-07-25,4.561531728958262,6.0688791890554095,95.73,432.196,0.002199,0.002589,0.0,0.0,0.0021984924623115578,0.0025888466177971608,0.0,-0.000390354155485603,44300.0,10100.0,13405456.45,12834489.370000001,VCR,IYC,Consumer Discretionary
2013-07-26,4.564764771353053,6.07414991372659,96.04,434.48,0.003238,0.005285,0.0,0.0,0.0032382743131724643,0.005284639376579144,0.0,-0.00204636506340668,80800.0,13700.0,13115027.05,12706124.169999998,VCR,IYC,Consumer Discretionary
2013-07-29,4.5591262474866845,6.067684573019391,95.5,431.68,-0.005623,-0.006445,0.0,0.0,-0.005622657226155768,-0.006444485361811821,0.0,0.0008218281356560525,74200.0,9100.0,12884213.25,12566174.569999998,VCR,IYC,Consumer Discretionary
2013-07-30,4.559440334281917,6.066386473625241,95.53,431.12,0.000314,-0.001297,0.0,0.0,0.00031413612565445024,-0.0012972572275759822,0.0,0.0016113933532304323,52900.0,10300.0,12241868.85,10971018.969999999,VCR,IYC,Consumer Discretionary
2013-07-31,4.564660642649882,6.071568791349644,96.03,433.36,0.005234,0.005196,115332030.0,108340000.0,0.13502174371350564,0.07046822170221688,6992030.0,0.06455352201128876,100100.0,8900.0,12108607.0,10404541.169999998,VCR,IYC,Consumer Discretionary
2013-08-01,4.580570069119859,6.0844082927507195,97.57,438.96,0.016037,0.012922,0.0,0.0,0.016036655211912824,0.012922281705741185,0.0,0.0031143735061716395,126900.0,82800.0,12336002.5,11518139.37,VCR,IYC,Consumer Discretionary
2013-08-02,4.585783472187901,6.08877272957498,98.08,440.88,0.005227,0.004374,0.0,0.0,0.0052270165009737765,0.004373974849644614,0.0,0.0008530416513291622,192400.0,22400.0,12354492.1,11552900.969999999,VCR,IYC,Consumer Discretionary
2013-08-05,4.585171539481402,6.088591257838705,98.02,440.8,-0.000612,-0.000181,0.0,0.0,-0.0006117455138662316,-0.00018145527127563056,0.0,-0.00043029024259060104,133700.0,28100.0,12025731.85,11460576.969999999,VCR,IYC,Consumer Discretionary
2013-08-06,4.578518154990665,6.081944900236357,97.37,437.88,-0.006631,-0.006624,0.0,0.0,-0.006631299734748011,-0.00662431941923775,0.0,-6.980315510261327e-06,98600.0,17800.0,11522861.95,10251711.569999998,VCR,IYC,Consumer Discretionary
2013-08-07,4.570578741218473,6.076173275034936,96.6,435.36,-0.007908,-0.005755,0.0,0.0,-0.007907979870596809,-0.0057550013702384216,0.0,-0.0021529785003583874,51700.0,6700.0,10954369.45,9609235.169999998,VCR,IYC,Consumer Discretionary
2013-08-08,4.578107266438402,6.081305251107771,97.33,437.6,0.007557,0.005145,0.0,0.0,0.007556935817805501,0.005145167217934583,0.0,0.0024117685998709185,84500.0,35200.0,10027164.65,9584236.77,VCR,IYC,Consumer Discretionary
2013-08-09,4.575638383382054,6.07718342251052,97.09,435.8,-0.002466,-0.004113,0.0,0.0,-0.0024658378711599712,-0.004113345521023766,0.0,0.0016475076498637946,61100.0,19800.0,9659235.6,9322938.37,VCR,IYC,Consumer Discretionary
2013-08-12,4.575432367724135,6.075897603082812,97.07,435.24,-0.000206,-0.001285,0.0,0.0,-0.00020599443815028684,-0.0012849931161083065,0.0,0.0010789986779580197,47200.0,43200.0,9013355.8,9370005.569999998,VCR,IYC,Consumer Discretionary
2013-08-13,4.5755353808584,6.076173275034936,97.08,435.36,0.000103,0.000276,0.0,0.0,0.00010301844030093079,0.00027570995312930797,0.0,-0.0001726915128283772,51100.0,24100.0,8826824.7,9455986.180000002,VCR,IYC,Consumer Discretionary
2013-08-14,4.565701442077724,6.066664779670917,96.13,431.24,-0.009786,-0.009463,0.0,0.0,-0.009785743716522455,-0.00946343256155825,0.0,-0.00032231115496420513,86500.0,11300.0,8847989.45,9162518.38,VCR,IYC,Consumer Discretionary
2013-08-15,4.547646999744425,6.048222880926591,94.41,423.36,-0.017892,-0.018273,0.0,0.0,-0.017892437324456466,-0.018272887487246082,0.0,0.00038045016278961605,134800.0,46300.0,8989947.65,9851495.180000002,VCR,IYC,Consumer Discretionary
2013-08-16,4.54382655574704,6.045668601121494,94.05,422.28,-0.003813,-0.002551,0.0,0.0,-0.0038131553860819827,-0.002551020408163265,0.0,-0.0012621349779187176,55000.0,75700.0,8607798.25,11237184.58,VCR,IYC,Consumer Discretionary
2013-08-19,4.540097122007948,6.04101632593723,93.6999,420.32,-0.003723,-0.004641,0.0,0.0,-0.0037224880382774636,-0.004641470114615895,0.0,0.0009189820763384313,67500.0,16800.0,8207908.1125,11052341.379999999,VCR,IYC,Consumer Discretionary
2013-08-20,4.5502915244781015,6.048789613727251,94.66,423.6,0.010247,0.007804,0.0,0.0,0.010246542418935297,0.007803578226113437,0.0,0.0024429641928218598,53100.0,10700.0,8059577.6125,10980224.98,VCR,IYC,Consumer Discretionary
2013-08-21,4.541697763032518,6.040495634634004,93.85,420.1012,-0.008557,-0.00826,0.0,0.0,-0.008556940629621925,-0.008259678942398489,0.0,-0.0002972616872234362,53900.0,26400.0,7951437.7625,11215759.364,VCR,IYC,Consumer Discretionary
2013-08-22,4.551980357473973,6.048978453308589,94.82,423.68,0.010336,0.008519,0.0,0.0,0.010335641981885989,0.008518899731778913,0.0,0.0018167422501070753,52800.0,12000.0,7989720.6125,11251708.384,VCR,IYC,Consumer Discretionary
2013-08-23,4.552612935249416,6.049639111159054,94.88,423.96,0.000633,0.000661,0.0,0.0,0.0006327778949589892,0.0006608761329305136,0.0,-2.8098237971524377e-05,56400.0,7900.0,7869280.6125,11121553.784,VCR,IYC,Consumer Discretionary
2013-08-26,4.5511362974956056,6.05039361463727,94.74,424.28,-0.001476,0.000755,0.0,0.0,-0.001475548060708263,0.0007547881875648646,0.0,-0.0022303362482731276,82300.0,10800.0,7904830.7125,11154250.584,VCR,IYC,Consumer Discretionary
2013-08-27,4.532814523795951,6.0320305088546435,93.02,416.56,-0.018155,-0.018196,0.0,0.0,-0.01815495039054254,-0.01819553125294617,0.0,4.058086240362954e-05,162800.0,28300.0,8409336.6625,11521656.184,VCR,IYC,Consumer Discretionary
2013-08-28,4.5380683824473556,6.0357493392182855,93.51,418.112,0.005268,0.003726,0.0,0.0,0.005267684368952913,0.0037257537929710005,0.0,0.0015419305759819127,49600.0,34000.0,8160611.3125,12039601.384,VCR,IYC,Consumer Discretionary
2013-08-29,4.544666181897046,6.040254711277414,94.129,420.0,0.00662,0.004516,0.0,0.0,0.006619612875628275,0.004515536506964641,0.0,0.002104076368663634,34900.0,8800.0,7705784.7675,10407106.984000001,VCR,IYC,Consumer Discretionary
2013-08-30,4.53753353727228,6.03299029393648,93.46,416.96,-0.007107,-0.007238,37384000.0,20848000.0,0.030706413445809332,0.004868757259001161,16536000.0,0.02583765618680817,39000.0,19800.0,6944502.167500001,10326111.784,VCR,IYC,Consumer Discretionary
2013-09-03,4.54403918598386,6.040921155820574,94.07,420.28,0.006527,0.007962,0.0,0.0,0.006526856409158999,0.0079623944742901,0.0,-0.0014355380651311003,88200.0,273200.0,6704087.1674999995,15447812.584,VCR,IYC,Consumer Discretionary
2013-09-04,4.554349411524363,6.048601682943778,95.0449,423.5204,0.010364,0.00771,0.0,0.0,0.010363559051770006,0.007710098029884839,0.0,0.0026534610218851675,60300.0,53000.0,6510613.441,16180428.444,VCR,IYC,Consumer Discretionary
2013-09-05,4.555874894263214,6.049922116679551,95.19,424.08,0.001527,0.001321,0.0,0.0,0.0015266468795275346,0.0013213058922309292,0.0,0.0002053409872966054,126600.0,37600.0,6863455.141,16831853.244,VCR,IYC,Consumer Discretionary
2013-09-06,4.5541926312232235,6.049450396306635,95.03,423.88,-0.001681,-0.000472,0.0,0.0,-0.0016808488286584725,-0.00047160913035276363,0.0,-0.0012092396983057088,65400.0,12500.0,6762983.990999999,16326602.243999999,VCR,IYC,Consumer Discretionary
2013-09-09,4.564348191467836,6.059310094003049,96.0,428.08,0.010207,0.009908,0.0,0.0,0.01020730295696096,0.00990846465980938,0.0,0.0002988382971515803,65400.0,12900.0,6780294.040999999,16171271.844,VCR,IYC,Consumer Discretionary
2013-09-10,4.574607880405451,6.069628568077336,96.99,432.52,0.010313,0.010372,0.0,0.0,0.0103125,0.010371893104092693,0.0,-5.93931040926924e-05,118400.0,53400.0,7125389.641,16385981.844,VCR,IYC,Consumer Discretionary
2013-09-11,4.580160022983923,6.0768162142074855,97.53,435.64,0.005568,0.007214,0.0,0.0,0.005567584287039901,0.007213539258300194,0.0,-0.0016459549712602934,95700.0,43900.0,7344031.290999999,16817602.844,VCR,IYC,Consumer Discretionary
2013-09-12,4.5760502874142395,6.075621855114705,97.13,435.12,-0.004101,-0.001194,0.0,0.0,-0.004101302163436891,-0.0011936461298319714,0.0,-0.00290765603360492,70400.0,10400.0,7270166.641,16800214.644,VCR,IYC,Consumer Discretionary
2013-09-13,4.5810823904590015,6.079200661412068,97.62,436.68,0.005045,0.003585,0.0,0.0,0.005044785339236075,0.0035852178709321566,0.0,0.0014595674683039188,51700.0,13900.0,6886190.941,16123628.844,VCR,IYC,Consumer Discretionary
2013-09-16,4.584252937732703,6.084681628819116,97.93,439.08,0.003176,0.005496,0.0,0.0,0.003175578774841333,0.005496015388843089,0.0,-0.0023204366140017556,98700.0,43800.0,7110837.990999999,15486884.243999999,VCR,IYC,Consumer Discretionary
2013-09-17,4.591375474965902,6.092666427616949,98.63,442.6,0.007148,0.008017,0.0,0.0,0.007147962830593169,0.00801676232121709,0.0,-0.0008687994906239208,67500.0,6100.0,7127477.0785,15268808.444,VCR,IYC,Consumer Discretionary
2013-09-18,4.601965055039143,6.101573769788012,99.68,446.56,0.010646,0.008947,0.0,0.0,0.0106458481192335,0.00894713059195662,0.0,0.001698717527276879,110700.0,20000.0,7427883.5785,15488742.444,VCR,IYC,Consumer Discretionary
2013-09-19,4.603368564041463,6.101932000133953,99.82,446.72,0.001404,0.000358,0.0,0.0,0.0014044943820224719,0.00035829451809387314,0.0,0.0010461998639285986,112400.0,14900.0,7735946.228499999,15267015.26,VCR,IYC,Consumer Discretionary
2013-09-20,4.596936381060988,6.095554255632363,99.18,443.88,-0.006412,-0.006357,0.0,0.0,-0.006411540773392106,-0.006357449856733525,0.0,-5.40909166585812e-05,65200.0,11600.0,7808948.228499999,15270257.66,VCR,IYC,Consumer Discretionary
2013-09-23,4.589751933259711,6.089588945101181,98.47,441.24,-0.007159,-0.005948,0.0,0.0,-0.0071587013510788465,-0.005947553392808867,0.0,-0.001211147958269979,111600.0,53900.0,8090849.228499999,16291935.26,VCR,IYC,Consumer Discretionary
2013-09-24,4.59096983658695,6.087865041394298,98.59,440.48,0.001219,0.000378,0.0,0.0,0.0012186452726718798,-0.0017224186383827395,0.0,0.0029410639110546196,239400.0,48400.0,8881116.4285,17128785.66,VCR,IYC,Consumer Discretionary
2013-09-25,4.587820547652979,6.081488049755571,98.28,437.68,-0.003144,-0.006357,0.0,0.0,-0.0031443351252662542,-0.006356701779876499,0.0,0.0032123666546102444,85200.0,47000.0,8542606.4285,17567901.259999998,VCR,IYC,Consumer Discretionary
2013-09-26,4.596331237320887,6.089226264890478,99.12,441.08,0.008547,0.007768,0.0,0.0,0.008547008547008548,0.007768232498629135,0.0,0.0007787760483794126,72000.0,9400.0,8667533.6285,17064418.46,VCR,IYC,Consumer Discretionary
2013-09-27,4.5966338549658055,6.088500509619577,99.15,440.76,0.000303,-0.000725,0.0,0.0,0.0003026634382566586,-0.0007254919742450349,0.0,0.0010281554125016936,64800.0,24600.0,8824524.5235,17421753.259999998,VCR,IYC,Consumer Discretionary
2013-09-30,4.593300013417604,6.086501962442734,98.82,439.88,-0.003328,-0.001997,19764000.0,-65982000.0,0.014954231947431366,-0.038068965215613336,85746000.0,0.053023197163044704,141800.0,95400.0,9342911.3235,19107190.46,VCR,IYC,Consumer Discretionary
2013-10-01,4.602767301371781,6.095824562432225,99.76,444.0,0.009512,0.009366,0.0,0.0,0.009512244484922081,0.009366190779303446,0.0,0.00014605370561863486,97900.0,183400.0,9416387.8235,17437645.66,VCR,IYC,Consumer Discretionary
2013-10-02,4.601262561157074,6.095103581867468,99.61,443.68,-0.001504,-0.000721,0.0,0.0,-0.001503608660785886,-0.0007207207207207207,0.0,-0.0007828879400651654,117200.0,115000.0,9713542.05,18866476.6,VCR,IYC,Consumer Discretionary
2013-10-03,4.592084946439436,6.085774226578724,98.7,439.56,-0.009136,-0.009286,0.0,0.0,-0.009135628952916374,-0.009285971871619185,0.0,0.00015034291870281123,85200.0,35800.0,9531451.35,18856018.6,VCR,IYC,Consumer Discretionary
2013-10-04,4.599856091164322,6.093930878652472,99.47,443.16,0.007801,0.00819,0.0,0.0,0.007801418439716312,0.00819000819000819,0.0,-0.00038858975029187805,109200.0,16500.0,9763809.45,18956700.6,VCR,IYC,Consumer Discretionary
2013-10-07,4.58649692072247,6.081853546835663,98.15,437.84,-0.01327,-0.012005,0.0,0.0,-0.01327033276364733,-0.01200469356440112,0.0,-0.0012656391992462105,87100.0,9900.0,9877332.7,18897319.8,VCR,IYC,Consumer Discretionary
2013-10-08,4.567987394860375,6.0674992333839795,96.35,431.6,-0.018339,-0.014252,0.0,0.0,-0.018339276617422424,-0.014251781472684086,0.0,-0.004087495144738338,142400.0,18400.0,9989163.9,18139563.4,VCR,IYC,Consumer Discretionary
2013-10-09,4.565181177771728,6.064064239522326,96.08,430.12,-0.002802,-0.003429,0.0,0.0,-0.002802283341982245,-0.0034291010194624654,0.0,0.0006268176774802204,169400.0,56700.0,10336280.45,18402723.8,VCR,IYC,Consumer Discretionary
2013-10-10,4.58700621536042,6.085319122579606,98.2,439.36,0.022065,0.021482,0.0,0.0,0.022064945878434637,0.02148237701106668,0.0,0.0005825688673679573,108700.0,12000.0,10528099.85,18440077.4,VCR,IYC,Consumer Discretionary
2013-10-11,4.594513605799563,6.093479472514712,98.94,442.96,0.007536,0.008194,0.0,0.0,0.007535641547861507,0.00819373634377276,0.0,-0.0006580947959112533,119400.0,34800.0,10866423.95,18907335.2,VCR,IYC,Consumer Discretionary
2013-10-14,4.599554447202456,6.097984390485655,99.44,444.96,0.005054,0.004515,0.0,0.0,0.00505356781888013,0.004515080368430558,0.0,0.0005384874504495716,95200.0,28500.0,10856473.8,18579818.0,VCR,IYC,Consumer Discretionary
2013-10-15,4.591476858856089,6.091309882077698,98.64,442.0,-0.008045,-0.006652,0.0,0.0,-0.008045052292839904,-0.0066522833513124775,0.0,-0.0013927689415274263,147300.0,8800.0,11250081.15,18639305.0,VCR,IYC,Consumer Discretionary
2013-10-16,4.606069781230928,6.102648076068597,100.09,447.04,0.0147,0.011403,0.0,0.0,0.01469991889699919,0.011402714932126697,0.0,0.003297203964872493,255600.0,55200.0,11977502.55,19426575.4,VCR,IYC,Consumer Discretionary
2013-10-17,4.610754564281992,6.108714107158222,100.56,449.76,0.004696,0.006084,0.0,0.0,0.004695773803576781,0.006084466714387974,0.0,-0.0013886929108111934,141700.0,16900.0,12128981.75,19473816.2,VCR,IYC,Consumer Discretionary
2013-10-18,4.61719756620081,6.115185474097741,101.21,452.68,0.006464,0.006492,0.0,0.0,0.006463802704852824,0.0064923514763429386,0.0,-2.8548771490114616e-05,135400.0,22900.0,12490846.65,19734684.4,VCR,IYC,Consumer Discretionary
2013-10-21,4.618974466964488,6.115803821363589,101.39,452.96,0.001778,0.000619,0.0,0.0,0.0017784803873135066,0.0006185384819298401,0.0,0.0011599419053836665,100800.0,20000.0,12452389.65,18998502.6,VCR,IYC,Consumer Discretionary
2013-10-22,4.625364893273611,6.122141870749598,102.04,455.84,0.006411,0.006358,0.0,0.0,0.006410888647795641,0.006358177322500883,0.0,5.27113252947577e-05,151300.0,30100.0,12044199.95,18618580.2,VCR,IYC,Consumer Discretionary
2013-10-23,4.6197631882909915,6.118097198041348,101.47,454.0,-0.005586,-0.004037,0.0,0.0,-0.0055860446883575065,-0.0040365040365040366,0.0,-0.00154954065185347,96100.0,8600.0,12113090.5,17785252.2,VCR,IYC,Consumer Discretionary
2013-10-24,4.629570072811626,6.128701565413067,102.47,458.84,0.009855,0.010661,0.0,0.0,0.009855129594954173,0.010660792951541851,0.0,-0.0008056633565876777,95500.0,26500.0,12245552.75,18185907.6,VCR,IYC,Consumer Discretionary
2013-10-25,4.634340563287871,6.133224492145814,102.96,460.92,0.004782,0.004533,0.0,0.0,0.004781887381672685,0.00453317060413216,0.0,0.0002487167775405254,78800.0,30100.0,12329969.15,18337457.4,VCR,IYC,Consumer Discretionary
2013-10-28,4.631909483177713,6.133311271336218,102.71,460.96,-0.002428,8.7e-05,0.0,0.0,-0.002428127428127428,8.678295582747549e-05,0.0,-0.0025149103839549034,100000.0,21900.0,12142885.35,16743981.0,VCR,IYC,Consumer Discretionary
2013-10-29,4.637540566018542,6.138331622917534,103.29,463.28,0.005647,0.005033,0.0,0.0,0.005646967189173401,0.005032974661575842,0.0,0.0006139925275975592,117200.0,9100.0,12259839.55,12883293.4,VCR,IYC,Consumer Discretionary
2013-10-30,4.632298853376344,6.132183422780738,102.75,460.4404,-0.005228,-0.006129,0.0,0.0,-0.00522799883822248,-0.006129338628906925,0.0,0.0009013397906844443,91600.0,11600.0,12146719.95,10599188.831999999,VCR,IYC,Consumer Discretionary
2013-10-31,4.63443768366866,6.1353051170836554,102.97,461.88,0.002141,0.003127,61782000.0,46188000.0,0.05629627292156851,0.028204736161292536,15594000.0,0.028091536760275974,91200.0,9100.0,12195801.15,10022531.831999999,VCR,IYC,Consumer Discretionary
2013-11-01,4.635990328327978,6.1393671770314775,103.13,463.76,0.001554,0.00407,0.0,0.0,0.0015538506361076042,0.004070321295574608,0.0,-0.0025164706594670043,63900.0,24400.0,11982195.3,10222712.032,VCR,IYC,Consumer Discretionary
2013-11-04,4.640633850263661,6.142209433800407,103.61,465.08,0.004654,0.002846,0.0,0.0,0.004654319790555609,0.0028462998102466793,0.0,0.00180801998030893,78000.0,48500.0,11958831.05,11133800.231999999,VCR,IYC,Consumer Discretionary
2013-11-05,4.640923355693909,6.142467420644509,103.64,465.2,0.00029,0.000258,0.0,0.0,0.0002895473409902519,0.00025802012556979444,0.0,3.152721542045746e-05,86600.0,12700.0,11721580.25,11032130.231999999,VCR,IYC,Consumer Discretionary
2013-11-06,4.637540566018542,6.142381432424843,103.29,465.16,-0.003377,-8.6e-05,0.0,0.0,-0.0033770744886144344,-8.598452278589854e-05,0.0,-0.0032910899658285357,77500.0,9700.0,11308031.4,10038342.632,VCR,IYC,Consumer Discretionary
2013-11-07,4.617078993812227,6.122405086368578,101.198,455.96,-0.020254,-0.019778,0.0,0.0,-0.02025365475844709,-0.01977814085475965,0.0,-0.0004755139036874377,160800.0,16000.0,11587946.32,10139494.632,VCR,IYC,Consumer Discretionary
2013-11-08,4.6321041872281725,6.136343808426067,102.73,462.36,0.015139,0.014036,0.0,0.0,0.015138639103539596,0.014036318975348714,0.0,0.001102320128190882,92500.0,19600.0,11472400.77,9821857.032,VCR,IYC,Consumer Discretionary
2013-11-11,4.634214292689812,6.139712123568185,102.947,463.92,0.002112,0.003374,0.0,0.0,0.0021123333008858172,0.003373994290163509,0.0,-0.0012616609892776918,75400.0,20800.0,11387176.56,9670265.831999999,VCR,IYC,Consumer Discretionary
2013-11-12,4.633174382397689,6.140229320373094,102.84,464.16,-0.001039,0.000517,0.0,0.0,-0.0010393697727957105,0.0005173305742369374,0.0,-0.001556700347032648,43700.0,14400.0,10885398.360000001,9809981.032,VCR,IYC,Consumer Discretionary
2013-11-13,4.648421227982406,6.151881268513887,104.42,469.6,0.015364,0.01172,0.0,0.0,0.015363671723064956,0.011720096518441917,0.0,0.0036435752046230386,81500.0,19800.0,10031759.66,9041054.632,VCR,IYC,Consumer Discretionary
2013-11-14,4.653769855824153,6.158080074080319,104.98,472.52,0.005363,0.006218,0.0,0.0,0.005362957287875886,0.0062180579216354346,0.0,-0.0008551006337595484,97100.0,26800.0,9828969.96,9294184.231999999,VCR,IYC,Consumer Discretionary
2013-11-15,4.657307124407919,6.159009126843386,105.352,472.9592,0.003543,0.00093,0.0,0.0,0.003543532101352639,0.0009294844662659781,0.0,0.0026140476350866608,106300.0,27800.0,9703724.14,9433278.92,VCR,IYC,Consumer Discretionary
2013-11-18,4.649761069315966,6.151625699231923,104.56,469.48,-0.007518,-0.007356,0.0,0.0,-0.007517655099096363,-0.007356237070766358,0.0,-0.000161418028330005,179800.0,9600.0,10132712.940000001,9205669.32,VCR,IYC,Consumer Discretionary
2013-11-19,4.64515983420425,6.148126357121359,104.08,467.84,-0.004591,-0.003493,0.0,0.0,-0.0045906656465187455,-0.0034932265485217687,0.0,-0.0010974390979969768,96400.0,53700.0,9862445.940000001,9775780.52,VCR,IYC,Consumer Discretionary
2013-11-20,4.640427285160652,6.142983194746892,103.5886,465.44,-0.004721,-0.00513,0.0,0.0,-0.004721368178324405,-0.005129958960328317,0.0,0.0004085907820039125,82100.0,17400.0,9800113.793000001,9985493.32,VCR,IYC,Consumer Discretionary
2013-11-21,4.650908077661946,6.151710896250079,104.68,469.52,0.010536,0.008766,0.0,0.0,0.010535908391463965,0.008765898934341699,0.0,0.0017700094571222666,57700.0,14000.0,9612821.343,9706194.32,VCR,IYC,Consumer Discretionary
2013-11-22,4.6568134191399295,6.159939852128112,105.3,473.3996,0.005923,0.008263,0.0,0.0,0.0059228123805884604,0.008262906798432442,0.0,-0.0023400944178439817,63900.0,15100.0,9543592.443,9369926.418,VCR,IYC,Consumer Discretionary
2013-11-25,4.65757286478114,6.160785291724685,105.38,473.8,0.00076,0.000846,0.0,0.0,0.0007597340930674264,0.0008457970813663552,0.0,-8.606298829892884e-05,104700.0,16100.0,9581706.743,9246584.217999998,VCR,IYC,Consumer Discretionary
2013-11-26,4.66362775555966,6.16524977287965,106.02,475.92,0.006073,0.004475,0.0,0.0,0.006073258682862023,0.0044744617982271,0.0,0.001598796884634923,78700.0,11600.0,9393616.043000001,9311825.418,VCR,IYC,Consumer Discretionary
2013-11-27,4.667111587528274,6.168187125501455,106.39,477.32,0.00349,0.002942,0.0,0.0,0.003489907564610451,0.0029416708690536224,0.0,0.0005482366955568284,66700.0,10300.0,9277831.693,9290589.786,VCR,IYC,Consumer Discretionary
2013-11-29,4.668802046232865,6.169443354467799,106.57,477.92,0.001692,0.001257,43160850.0,95584000.0,0.036356949838901,0.05009882412575906,-52423150.0,-0.013741874286858066,45500.0,6800.0,9050735.243,9242927.186,VCR,IYC,Consumer Discretionary
2013-12-02,4.662967284714308,6.1655018843142395,105.95,476.04,-0.005818,-0.003934,0.0,0.0,-0.0058177723561978045,-0.003933712755272849,0.0,-0.0018840596009249552,128900.0,83500.0,9404082.643000001,10664606.985999998,VCR,IYC,Consumer Discretionary
2013-12-03,4.656148430752721,6.158757064882177,105.23,472.84,-0.006796,-0.006722,0.0,0.0,-0.006795658329400661,-0.006722124191244433,0.0,-7.353413815622788e-05,88500.0,21600.0,9465646.393000001,10047455.185999999,VCR,IYC,Consumer Discretionary
2013-12-04,4.653979397595167,6.155875834965713,105.002,471.4796,-0.002167,-0.002877,0.0,0.0,-0.0021666825049890715,-0.0028770831570933083,0.0,0.0007104006521042368,87000.0,33800.0,9473643.893000001,10548853.709999999,VCR,IYC,Consumer Discretionary
2013-12-05,4.653674595047707,6.151710896250079,104.97,469.52,-0.000305,-0.004156,0.0,0.0,-0.0003047560998838117,-0.004156277387187059,0.0,0.0038515212873032473,51400.0,16000.0,9343168.043000001,10698867.11,VCR,IYC,Consumer Discretionary
2013-12-06,4.660604892876192,6.160109673085693,105.7,473.48,0.006954,0.008434,0.0,0.0,0.006954367914642279,0.0084341455103084,0.0,-0.0014797775956661213,146200.0,15400.0,9302203.123,10698678.709999999,VCR,IYC,Consumer Discretionary
2013-12-09,4.660037087428932,6.16019415038247,105.64,473.52,-0.000568,8.4e-05,0.0,0.0,-0.0005676442762535478,8.448086508405846e-05,0.0,-0.0006521251413376063,102300.0,57900.0,9367425.473000001,11616406.309999999,VCR,IYC,Consumer Discretionary
2013-12-10,4.660699495780571,6.160278620543435,105.71,473.56,0.000663,8.4e-05,0.0,0.0,0.0006626277925028399,8.447372867038352e-05,0.0,0.0005781540638324564,84700.0,20000.0,9426997.133,11607489.51,VCR,IYC,Consumer Discretionary
2013-12-11,4.650334737942465,6.152392211214264,104.62,469.84,-0.010311,-0.007855,0.0,0.0,-0.010311228833601362,-0.007855393191992566,0.0,-0.0024558356416087956,117200.0,58200.0,9815364.933,12640528.709999999,VCR,IYC,Consumer Discretionary
2013-12-12,4.6480380862152675,6.149834883079423,104.38,468.64,-0.002294,-0.002554,0.0,0.0,-0.0022940164404511567,-0.002554060956921505,0.0,0.00026004451647034833,94500.0,11600.0,9883048.933,12447435.91,VCR,IYC,Consumer Discretionary
2013-12-13,4.650239149355669,6.152987981264653,104.61,470.12,0.002204,0.003158,0.0,0.0,0.0022034872580954205,0.0031580744281324686,0.0,-0.000954587170037048,86100.0,14300.0,9823717.083,12150394.91,VCR,IYC,Consumer Discretionary
2013-12-16,4.6572881402501976,6.157241662947243,105.35,472.124,0.007074,0.004263,0.0,0.0,0.007073893509224739,0.004262741427720582,0.0,0.0028111520815041575,82200.0,16200.0,9696759.703,11875402.062,VCR,IYC,Consumer Discretionary
2013-12-17,4.654817125877505,6.152477342955685,105.09,469.88,-0.002468,-0.004753,0.0,0.0,-0.0024679639297579496,-0.0047529886216333,0.0,0.0022850246918753505,95900.0,19300.0,9260671.853,12103485.862,VCR,IYC,Consumer Discretionary
2013-12-18,4.668989698701045,6.169527046981553,106.59,477.96,0.014274,0.017196,0.0,0.0,0.014273479874393378,0.017195879799097643,0.0,-0.0029223999247042654,111500.0,15400.0,9353245.503,11215364.662,VCR,IYC,Consumer Discretionary
2013-12-19,4.667111587528274,6.169192234891709,106.39,477.8,-0.001876,-0.000335,0.0,0.0,-0.0018763486255746317,-0.00033475604653109047,0.0,-0.0015415925790435412,117000.0,36700.0,9550395.8,11687194.862,VCR,IYC,Consumer Discretionary
2013-12-20,4.664382045619937,6.175451383220998,106.1,480.8,0.005856,0.006279,0.0,0.0,-0.002725820095873672,0.006278777731268313,0.0,-0.009004597827141986,126000.0,49700.0,9916824.0,12553318.862,VCR,IYC,Consumer Discretionary
2013-12-23,4.669364898030088,6.1765323295699615,106.63,481.32,0.004995,0.003795,0.0,0.0,0.004995287464655985,0.0010815307820299502,0.0,0.003913756682626035,130600.0,16700.0,10276684.4,12597804.364000002,VCR,IYC,Consumer Discretionary
2013-12-24,4.672828834461906,6.179436775410751,107.0,482.72,0.00347,0.002909,0.0,0.0,0.003469942792835037,0.0029086678301337987,0.0,0.0005612749627012382,46000.0,7200.0,9971120.1,12390174.564000001,VCR,IYC,Consumer Discretionary
2013-12-26,4.678513580212301,6.184148890937483,107.61,485.0,0.005701,0.004723,0.0,0.0,0.005700934579439252,0.004723235001657275,0.0,0.000977699577781977,96500.0,12500.0,10073149.65,12417265.964000002,VCR,IYC,Consumer Discretionary
2013-12-27,4.675535448648655,6.1803478617370775,107.29,483.16,-0.002974,-0.003794,0.0,0.0,-0.0029737013288727815,-0.003793814432989691,0.0,0.0008201131041169095,130000.0,29000.0,10415724.0,12872028.164,VCR,IYC,Consumer Discretionary
2013-12-30,4.678978113132811,6.18390143764303,107.66,484.88,0.003449,0.00356,0.0,0.0,0.0034485972597632585,0.00355989734249524,0.0,-0.00011130008273198136,103600.0,26500.0,10730956.05,13352001.364000002,VCR,IYC,Consumer Discretionary
2013-12-31,4.682649611258463,6.18530368782035,108.056,485.5604,0.003678,0.001403,54028000.0,0.0,0.0451251511184159,0.0014032337898036628,54028000.0,0.043721917328612234,106600.0,13200.0,10624046.78,11685004.228,VCR,IYC,Consumer Discretionary
2014-01-02,4.6778628713815325,6.182993584652849,107.54,484.44,-0.004775,-0.002307,0.0,0.0,-0.004775301695417191,-0.0023074369326658434,0.0,-0.0024678647627513475,374600.0,95600.0,12172628.23,13489960.228,VCR,IYC,Consumer Discretionary
2014-01-03,4.676373944994423,6.182745845273408,107.38,484.32,-0.001488,-0.000248,0.0,0.0,-0.0014878184861446904,-0.00024770869457517957,0.0,-0.0012401097915695108,647200.0,63500.0,15190686.330000002,14230875.704,VCR,IYC,Consumer Discretionary
2014-01-06,4.670021158307708,6.174868850853175,106.7,480.52,-0.006333,-0.007846,0.0,0.0,-0.00633265040044701,-0.007846052196894614,0.0,0.0015134017964476042,264000.0,104800.0,16329353.430000002,16373184.503999999,VCR,IYC,Consumer Discretionary
2014-01-07,4.675815025557423,6.181754273551113,107.32,483.84,0.005811,0.006909,0.0,0.0,0.005810684161199625,0.006909181719803546,0.0,-0.0010984975586039213,252600.0,19500.0,16912138.03,16480348.904,VCR,IYC,Consumer Discretionary
2014-01-08,4.674696248636701,6.181506226917075,107.2,483.72,-0.001118,-0.000248,0.0,0.0,-0.0011181513231457323,-0.000248015873015873,0.0,-0.0008701354501298593,175000.0,19800.0,17309789.43,15588391.304,VCR,IYC,Consumer Discretionary
2014-01-09,4.671800268285854,6.1821675479298515,106.89,484.04,-0.002892,0.000662,0.0,0.0,-0.0028917910447761193,0.0006615397337302572,0.0,-0.0035533307785063765,227000.0,16100.0,18075309.080000002,15504483.503999999,VCR,IYC,Consumer Discretionary
2014-01-10,4.675721841939036,6.184561177069895,107.31,485.2,0.003929,0.002397,0.0,0.0,0.003929273084479371,0.0023964961573423684,0.0,0.0015327769271370026,151300.0,11500.0,18274036.03,14416239.103999998,VCR,IYC,Consumer Discretionary
2014-01-13,4.655673168161198,6.1655018843142395,105.18,476.04,-0.019849,-0.018879,0.0,0.0,-0.019849035504612804,-0.01887881286067601,0.0,-0.0009702226439367925,240500.0,61500.0,19045630.03,15608250.904,VCR,IYC,Consumer Discretionary
2014-01-14,4.664382045619937,6.174202683787152,106.1,480.2,0.008747,0.008739,0.0,0.0,0.008746910058946568,0.008738761448617764,0.0,8.148610328804345e-06,146700.0,14800.0,19373527.48,15627463.103999998,VCR,IYC,Consumer Discretionary
2014-01-15,4.666547465662995,6.175867270105761,106.33,481.0,0.002168,0.001666,0.0,0.0,0.0021677662582469366,0.001665972511453561,0.0,0.0005017937467933756,167800.0,38900.0,19832647.68,16180587.663999999,VCR,IYC,Consumer Discretionary
2014-01-16,4.662495252607361,6.171784101231264,105.9,479.04,-0.004044,-0.004075,0.0,0.0,-0.004044013918931628,-0.004074844074844075,0.0,3.0830155912446935e-05,121300.0,67100.0,19971024.630000003,17334332.663999997,VCR,IYC,Consumer Discretionary
2014-01-17,4.657667754945845,6.1675164908883415,105.39,477.0,-0.004816,-0.004259,0.0,0.0,-0.004815864022662889,-0.004258517034068136,0.0,-0.0005573469885947532,164100.0,18700.0,20241510.330000002,17412298.463999998,VCR,IYC,Consumer Discretionary
2014-01-21,4.655482999861681,6.1664257494956445,105.16,476.48,-0.002182,-0.00109,0.0,0.0,-0.0021823702438561535,-0.001090146750524109,0.0,-0.0010922234933320445,155600.0,88200.0,20437273.630000003,18636812.264,VCR,IYC,Consumer Discretionary
2014-01-22,4.659090027977522,6.170112698535628,105.54,478.24,0.003614,0.003694,0.0,0.0,0.0036135412704450362,0.0036937541974479517,0.0,-8.021292700291548e-05,133800.0,56900.0,20474906.23,18802617.064,VCR,IYC,Consumer Discretionary
2014-01-23,4.651404706327626,6.162809413188304,104.732,474.76,-0.007656,-0.007277,0.0,0.0,-0.007655865074853136,-0.0072766811642689866,0.0,-0.0003791839105841497,177400.0,61800.0,20707585.169999998,19867723.264,VCR,IYC,Consumer Discretionary
2014-01-24,4.630740462099621,6.145386629380239,102.59,466.56,-0.020452,-0.017272,0.0,0.0,-0.02045220181033495,-0.01727188474176426,0.0,-0.0031803170685706927,331300.0,63000.0,22160888.52,21163608.064,VCR,IYC,Consumer Discretionary
2014-01-27,4.625854777180924,6.1404878185004215,102.09,464.28,-0.004874,-0.004887,0.0,0.0,-0.0048737693732332586,-0.004886831275720165,0.0,1.3061902486906363e-05,623100.0,52300.0,24822284.22,22074575.264,VCR,IYC,Consumer Discretionary
2014-01-28,4.6338081760626935,6.148895555056811,102.9052,468.2,0.007985,0.008443,0.0,0.0,0.007985111176412894,0.00844318083914879,0.0,-0.00045806966273589586,122900.0,252100.0,24757251.674000002,27275654.264,VCR,IYC,Consumer Discretionary
2014-01-29,4.618185123065586,6.131921899803237,101.31,460.32,-0.015502,-0.01683,0.0,0.0,-0.015501646175314684,-0.016830414352840665,0.0,0.001328768177525981,482400.0,296400.0,26643170.074,33455130.663999997,VCR,IYC,Consumer Discretionary
2014-01-30,4.634923144137439,6.147955343867415,103.02,467.76,0.016879,0.016163,0.0,0.0,0.016878886585726977,0.01616266944734098,0.0,0.0007162171383859953,204400.0,79500.0,27120095.994,34994006.8,VCR,IYC,Consumer Discretionary
2014-01-31,4.623599321456458,6.138676926788369,101.86,463.44,-0.01126,-0.009236,101860000.0,46344000.0,0.06716169153493433,0.013805529371054923,55516000.0,0.05335616216387941,128600.0,106300.0,25760831.594,35141567.2,VCR,IYC,Consumer Discretionary
2014-02-03,4.595927604621159,6.112353864383436,99.08,451.4,-0.027292,-0.02598,0.0,0.0,-0.02729236206558021,-0.025979630588641466,0.0,-0.001312731476938743,471100.0,548900.0,24619844.194,45992524.2,VCR,IYC,Consumer Discretionary
2014-02-04,4.607068383271171,6.1224928095143865,100.19,456.0,0.011203,0.010191,0.0,0.0,0.011203068227694792,0.0101905183872397,0.0,0.0010125498404550924,364500.0,89700.0,25037366.944,45519759.4,VCR,IYC,Consumer Discretionary
2014-02-05,4.607467545036775,6.12354488746519,100.23,456.48,0.000399,0.001053,0.0,0.0,0.00039924144126160294,0.0010526315789473684,0.0,-0.0006533901376857655,250300.0,182700.0,24936293.794,49217960.2,VCR,IYC,Consumer Discretionary
2014-02-06,4.627909672957581,6.1440139455682665,102.3,465.92,0.020653,0.02068,0.0,0.0,0.02065249925172104,0.020679985979670523,0.0,-2.748672794948212e-05,99500.0,39100.0,24507236.294,49649951.0,VCR,IYC,Consumer Discretionary
2014-02-07,4.639958011473755,6.155112838636315,103.54,471.12,0.012121,0.011161,0.0,0.0,0.012121212121212121,0.011160714285714286,0.0,0.0009604978354978352,160300.0,37900.0,24123907.894,50153071.2,VCR,IYC,Consumer Discretionary
2014-02-10,4.640151154883337,6.15451833354428,103.56,470.84,0.000193,-0.000594,0.0,0.0,0.00019316206297083252,-0.0005943284088979453,0.0,0.0007874904718687778,120600.0,18400.0,23936574.544,50307254.0,VCR,IYC,Consumer Discretionary
2014-02-11,4.648325456302019,6.16440894208934,104.41,475.52,0.008208,0.00994,0.0,0.0,0.008207802240247199,0.009939682269985558,0.0,-0.0017318800297383592,117300.0,70800.0,23284149.694,50526771.8,VCR,IYC,Consumer Discretionary
2014-02-12,4.648995665528121,6.164997597868857,104.48,475.8,0.00067,0.000589,0.0,0.0,0.0006704338664878843,0.0005888290713324361,0.0,8.16047951554482e-05,94100.0,12700.0,22997484.594,50473556.8,VCR,IYC,Consumer Discretionary
2014-02-13,4.65434122999454,6.1691085143508255,105.04,477.76,0.00536,0.004119,0.0,0.0,0.005359877488514548,0.004119377889869693,0.0,0.001240499598644855,47700.0,14500.0,22355896.294,49884387.8,VCR,IYC,Consumer Discretionary
2014-02-14,4.658805735154001,6.172535322000284,105.51,479.4,0.004475,0.003433,0.0,0.0,0.004474485910129475,0.003432685867381112,0.0,0.0010418000427483629,44400.0,32200.0,21947844.994,49049042.6,VCR,IYC,Consumer Discretionary
2014-02-18,4.660629490492306,6.174452548445097,105.7026,480.32,0.001825,0.001919,0.0,0.0,0.0018254193915268363,0.0019190654985398415,0.0,-9.364610701300519e-05,110400.0,26900.0,21666598.395999998,49249078.0,VCR,IYC,Consumer Discretionary
2014-02-19,4.6524353784552055,6.1672648869116715,104.84,476.88,-0.008161,-0.007162,0.0,0.0,-0.008160631810381168,-0.007161892071952032,0.0,-0.0009987397384291366,78000.0,24600.0,21257329.595999997,47734363.6,VCR,IYC,Consumer Discretionary
2014-02-20,4.659942421835071,6.173702767096188,105.63,479.96,0.007535,0.006459,0.0,0.0,0.00753529187333079,0.00645864787787284,0.0,0.00107664399545795,45400.0,9600.0,20791047.095999997,46604151.6,VCR,IYC,Consumer Discretionary
2014-02-21,4.66164503291607,6.174002747099771,105.81,480.104,0.001704,0.0003,0.0,0.0,0.0017040613462084636,0.00030002500208350697,0.0,0.0014040363441249566,72200.0,22800.0,20244048.356,45684461.760000005,VCR,IYC,Consumer Discretionary
2014-02-24,4.667393529168224,6.180927212053303,106.42,483.44,0.005765,0.006948,0.0,0.0,0.0057650505623287026,0.00694849449285988,0.0,-0.0011834439305311775,106100.0,67600.0,19109203.106,45848824.96,VCR,IYC,Consumer Discretionary
2014-02-25,4.673015732883159,6.186620061882023,107.02,486.2,0.005638,0.005709,0.0,0.0,0.0056380379627889495,0.005709084891610127,0.0,-7.104692882117791e-05,327100.0,46400.0,17678901.256,45762716.760000005,VCR,IYC,Consumer Discretionary
2014-02-26,4.680184889793537,6.19211706058666,107.79,488.88,0.007195,0.005512,0.0,0.0,0.007194916837974211,0.00551213492389963,0.0,0.0016827819140745812,119300.0,29600.0,17689516.152,40584598.160000004,VCR,IYC,Consumer Discretionary
2014-02-27,4.683796506443281,6.196932806742184,108.18,491.24,0.003618,0.004827,0.0,0.0,0.0036181463957695517,0.0048273604974635904,0.0,-0.0012092141016940387,77500.0,19700.0,15665116.451999998,34246527.160000004,VCR,IYC,Consumer Discretionary
2014-02-28,4.687303015526614,6.201239130683238,108.56,493.36,0.003513,0.004316,-32568000.0,-320684000.0,-0.01861063098506865,-0.1440491964675663,288116000.0,0.12543856548249765,166000.0,328600.0,15513300.051999997,40493085.96,VCR,IYC,Consumer Discretionary
2014-03-03,4.678420647727684,6.192362489474872,107.6,489.0,-0.008843,-0.008837,0.0,0.0,-0.008843036109064112,-0.00883736014269499,0.0,-5.675966369122001e-06,180130.0,69456.0,15827439.651999999,39728101.56,VCR,IYC,Consumer Discretionary
2014-03-04,4.691989877940651,6.206737204041622,109.07,496.08,0.013662,0.014479,0.0,0.0,0.01366171003717472,0.014478527607361963,0.0,-0.0008168175701872421,123575.0,19400.0,14167526.514499998,27820626.160000004,VCR,IYC,Consumer Discretionary
2014-03-05,4.694462293466853,6.208348548251047,109.34,496.88,0.002475,0.001613,0.0,0.0,0.002475474465939305,0.0016126431220770843,0.0,0.0008628313438622207,61476.0,26228.0,12677653.056499999,26427074.592,VCR,IYC,Consumer Discretionary
2014-03-06,4.6976582054232425,6.21100160282808,109.69,498.2,0.003201,0.002657,0.0,0.0,0.003201024327784891,0.0026565770407341815,0.0,0.0005444472870507096,74885.0,97424.0,11833981.389,24683961.632,VCR,IYC,Consumer Discretionary
2014-03-07,4.696161963993821,6.210359084132777,109.526,497.88,-0.001495,-0.000642,0.0,0.0,-0.0014951226182879022,-0.0006423123243677238,0.0,-0.0008528102939201784,119214.0,18578.0,11977890.5172,24235568.764,VCR,IYC,Consumer Discretionary
2014-03-10,4.693364196724008,6.2069798773839375,109.22,496.2004,-0.002794,-0.003374,0.0,0.0,-0.002793857166334934,-0.003373503655499317,0.0,0.0005796464891643831,123049.0,11264.0,11819988.0062,23622256.429279998,VCR,IYC,Consumer Discretionary
2014-03-11,4.68794761244566,6.203668478383806,108.63,494.56,-0.005402,-0.003306,0.0,0.0,-0.005401941036440212,-0.003305922365237916,0.0,-0.0020960186712022963,82129.0,50318.0,11641604.8697,24433347.13328,VCR,IYC,Consumer Discretionary
2014-03-12,4.687487228477305,6.204396133345775,108.58,494.92,-0.00046,0.000728,0.0,0.0,-0.00046027800791678176,0.0007279197670656746,0.0,-0.0011881977749824565,88006.0,12161.0,11507024.7937,23050942.43928,VCR,IYC,Consumer Discretionary
2014-03-13,4.673109168996284,6.190807907505116,107.03,488.2404,-0.014275,-0.013496,0.0,0.0,-0.014275188800884141,-0.0134963226380021,0.0,-0.0007788661628820408,130098.0,17833.0,11711665.8407,23184148.99194,VCR,IYC,Consumer Discretionary
2014-03-14,4.674229721919586,6.192362489474872,107.15,489.0,0.001121,0.001556,0.0,0.0,0.0011211809772960853,0.001555790958716239,0.0,-0.0004346099814201538,92140.0,7345.0,11954785.4907,23017358.24194,VCR,IYC,Consumer Discretionary
2014-03-17,4.681112189563248,6.198966402432235,107.89,492.24,0.006906,0.006626,0.0,0.0,0.006906206252916472,0.006625766871165644,0.0,0.0002804393817508284,85953.0,16939.0,12184226.7492,22662426.909939997,VCR,IYC,Consumer Discretionary
2014-03-18,4.6862892372728835,6.201725472591178,108.45,493.6,0.00519,0.002763,0.0,0.0,0.005190471776809713,0.002762879895985698,0.0,0.002427591880824015,78438.0,11361.0,12026078.4522,22296785.98994,VCR,IYC,Consumer Discretionary
2014-03-19,4.6799993266087405,6.1949766564729645,107.77,490.28,-0.00627,-0.006726,0.0,0.0,-0.006270170585523283,-0.0067260940032414914,0.0,0.00045592341771820855,53884.0,17904.0,11907556.3862,22149122.24594,VCR,IYC,Consumer Discretionary
2014-03-20,4.681760788149804,6.196769940292312,107.96,491.16,0.001763,0.001795,0.0,0.0,0.0017630138257400019,0.0017948927143673003,0.0,-3.187888862729842e-05,65691.0,24358.0,12022376.304200001,22516925.209939998,VCR,IYC,Consumer Discretionary
2014-03-21,4.676001366748682,6.192607858142525,107.34,489.12,-0.005743,-0.004153,0.0,0.0,-0.00574286772878844,-0.004153432689958466,0.0,-0.0015894350388299741,72236.0,25824.0,12028092.8162,22601158.393939998,VCR,IYC,Consumer Discretionary
2014-03-24,4.665041583025482,6.182663251839539,106.17,484.28,-0.0109,-0.009895,0.0,0.0,-0.010899944102850754,-0.009895322211318286,0.0,-0.0010046218915324683,1781798.0,27140.0,20922209.3992,21624299.15394,VCR,IYC,Consumer Discretionary
2014-03-25,4.6576696526573,6.178441915438131,105.3902,482.24,-0.007345,-0.002114,0.0,0.0,-0.007344824338325394,-0.00421243908482696,0.0,-0.0031323852534984346,512856.0,129158.0,21874397.11976,23610572.84994,VCR,IYC,Consumer Discretionary
2014-03-26,4.649474111544616,6.168606043860394,104.53,477.52,-0.008162,-0.009788,0.0,0.0,-0.008162049222792943,-0.009787657597876576,0.0,0.0016256083750836332,287940.0,18633.0,22736348.17976,23331911.95794,VCR,IYC,Consumer Discretionary
2014-03-27,4.645255909527377,6.162050847683516,104.09,474.4,-0.004209,-0.006534,0.0,0.0,-0.004209317899167703,-0.006533757748366561,0.0,0.002324439849198858,306620.0,44998.0,23912954.46976,23915393.11794,VCR,IYC,Consumer Discretionary
2014-03-28,4.654055583717902,6.168522274226838,105.01,477.48,0.008839,0.006492,0.0,0.0,0.00883850513978288,0.006492411467116358,0.0,0.002346093672666522,162257.0,21969.0,23863836.84826,16333976.22394,VCR,IYC,Consumer Discretionary
2014-03-31,4.661550519424199,6.176116719240219,105.8,481.12,0.007523,0.007623,-126960000.0,96224000.0,-0.08332659975103063,0.06136326826952612,-223184000.0,-0.14468986802055675,235133.0,105935.0,24138591.01826,17184149.38394,VCR,IYC,Consumer Discretionary
2014-04-01,4.675535448648655,6.18826412308259,107.29,487.0,0.014083,0.012222,0.0,0.0,0.014083175803402646,0.01222148320585301,0.0,0.0018616925975496364,212568.0,37880.0,24604995.79176,17625329.78394,VCR,IYC,Consumer Discretionary
2014-04-02,4.68268662841592,6.194323755119485,108.06,489.96,0.007177,0.006078,0.0,0.0,0.007176810513561375,0.006078028747433265,0.0,0.0010987817661281107,214885.0,27087.0,25429930.154759996,17637298.677940004,VCR,IYC,Consumer Discretionary
2014-04-03,4.676560182074764,6.1889209914862064,107.4,487.32,-0.006108,-0.005388,0.0,0.0,-0.006107717934480844,-0.005388194954690179,0.0,-0.0007195229797906646,117549.0,31662.0,25650461.50226,15981943.12994,VCR,IYC,Consumer Discretionary
2014-04-04,4.658331734102323,6.173119214914233,105.46,479.68,-0.018063,-0.015678,0.0,0.0,-0.018063314711359402,-0.01567758351801691,0.0,-0.0023857311933424934,137648.0,29193.0,25723427.778059997,16219627.309940001,VCR,IYC,Consumer Discretionary
2014-04-07,4.6372219946101,6.154773164720006,103.2571,470.96,-0.020889,-0.018179,0.0,0.0,-0.020888488526455567,-0.01817878585723816,0.0,-0.0027097026692174085,182961.0,37906.0,25996058.302715,16832777.732660003,VCR,IYC,Consumer Discretionary
2014-04-08,4.6466959328165895,6.162303766792903,104.24,474.52,0.009519,0.007559,0.0,0.0,0.009518958018383279,0.007559028367589604,0.0,0.001959929650793674,159754.0,18068.0,26382612.487214997,16017195.59666,VCR,IYC,Consumer Discretionary
2014-04-09,4.658331734102323,6.176199855125872,105.46,481.16,0.011704,0.013993,0.0,0.0,0.01170376055257099,0.013993087751833432,0.0,-0.0022893271992624423,109258.0,162494.0,26480945.347215,19625540.14266,VCR,IYC,Consumer Discretionary
2014-04-10,4.632882624554627,6.147099838639431,102.81,467.36,-0.025128,-0.028681,0.0,0.0,-0.025128010620140338,-0.028680688336520075,0.0,0.0035526777163797374,99103.0,41117.0,26294164.871715,20151022.645999998,VCR,IYC,Consumer Discretionary
2014-04-11,4.619566066271823,6.138072566744072,101.45,463.16,-0.013228,-0.008987,0.0,0.0,-0.013228285186265927,-0.008986648408079424,0.0,-0.004241636778186503,158129.0,120906.0,26602634.174215,22771378.544,VCR,IYC,Consumer Discretionary
2014-04-14,4.6260506635674465,6.1445289228348186,102.11,466.16,0.006506,0.006477,0.0,0.0,0.006505667816658452,0.0064772432852577945,0.0,2.8424531400657836e-05,110985.0,26130.0,26705594.633215,22963513.916,VCR,IYC,Consumer Discretionary
2014-04-15,4.626833825624118,6.143756357450241,102.19,465.8,0.000783,-0.000772,0.0,0.0,0.0007834688081480756,-0.0007722670327784452,0.0,0.0015557358409265208,132736.0,52068.0,26958479.170215,23895788.156,VCR,IYC,Consumer Discretionary
2014-04-16,4.640440800070011,6.157487330932434,103.59,472.24,0.0137,0.013826,0.0,0.0,0.013699970642920051,0.013825676255903821,0.0,-0.0001257056129837699,106292.0,15556.0,27218664.650215,23824197.772,VCR,IYC,Consumer Discretionary
2014-04-17,4.6417913694437365,6.1600251886518995,103.73,473.44,0.001352,0.002541,0.0,0.0,0.0013514818032628632,0.0025410808063696427,0.0,-0.0011895990031067795,93027.0,20587.0,27346549.167714994,23713349.472000003,VCR,IYC,Consumer Discretionary
2014-04-21,4.644102395989878,6.161629173631305,103.97,474.2,0.002314,0.001605,0.0,0.0,0.002313699026318326,0.0016052720513687055,0.0,0.0007084269749496207,168267.0,30172.0,27833594.555214994,23797175.848,VCR,IYC,Consumer Discretionary
2014-04-22,4.6549122778829055,6.170781594881638,105.1,478.56,0.010869,0.009194,0.0,0.0,0.010868519765316918,0.00919443272880641,0.0,0.0016740870365105076,85862.0,9514.0,18826124.682214998,23367658.88,VCR,IYC,Consumer Discretionary
2014-04-23,4.648708488002574,6.168187125501455,104.45,477.32,-0.006185,-0.002591,0.0,0.0,-0.006184586108468126,-0.002591106653293213,0.0,-0.0035934794551749126,55091.0,9103.0,16411337.609155,20470653.382000003,VCR,IYC,Consumer Discretionary
2014-04-24,4.653293461169819,6.171784101231264,104.93,479.04,0.004596,0.003603,0.0,0.0,0.004595500239348971,0.003603452610408112,0.0,0.0009920476289408588,94539.0,10042.0,15402418.062654998,20266297.858000003,VCR,IYC,Consumer Discretionary
2014-04-25,4.636897509074223,6.156639945066966,103.2236,471.84,-0.016262,-0.01503,0.0,0.0,-0.016262270084818488,-0.01503006012024048,0.0,-0.0012322099645780075,94298.0,22245.0,14293303.224295,19723749.338,VCR,IYC,Consumer Discretionary
2014-04-28,4.632785353021065,6.156215982708472,102.8,471.64,-0.004104,-0.000424,0.0,0.0,-0.004103712716859285,-0.000423872499152255,0.0,-0.00367984021770703,156406.0,34682.0,14245299.685795,20017132.356,VCR,IYC,Consumer Discretionary
2014-04-29,4.639088404191552,6.161122929948539,103.45,473.96,0.006323,0.004919,0.0,0.0,0.00632295719844358,0.004919006021541854,0.0,0.0014039511769017255,125183.0,10347.0,13648955.183295,17713963.202,VCR,IYC,Consumer Discretionary
2014-04-30,4.6443908991413725,6.163314804034641,104.0,475.0,0.005317,0.002194,-83200000.0,-190000000.0,-0.061106717486874615,-0.09929375015356741,106800000.0,0.038187032666692794,77781.0,14277.0,12913095.347295001,17130663.952,VCR,IYC,Consumer Discretionary
2014-05-01,4.648325456302019,6.166761488964972,104.41,476.64,0.003942,0.003453,0.0,0.0,0.003942307692307692,0.0034526315789473686,0.0,0.0004896761133603234,96983.0,13128.0,12258371.443795,16779953.122,VCR,IYC,Consumer Discretionary
2014-05-02,4.6520537718869415,6.169443354467799,104.8,477.92,0.003735,0.002685,0.0,0.0,0.003735274399003927,0.002685464921114468,0.0,0.001049809477889459,67324.0,11890.0,11979911.073795,16292600.27,VCR,IYC,Consumer Discretionary
2014-05-05,4.652149187182086,6.171282973683818,104.81,478.8,9.5e-05,0.001841,0.0,0.0,9.541984732824427e-05,0.0018413123535319718,0.0,-0.0017458925062037276,67532.0,13596.0,11607994.615795,15917923.598,VCR,IYC,Consumer Discretionary
2014-05-06,4.638798366968075,6.1585032470374195,103.42,472.72,-0.013262,-0.012698,0.0,0.0,-0.013262093311706899,-0.012698412698412698,0.0,-0.0005636806132942006,142855.0,8360.0,11402096.70714,15222910.069999998,VCR,IYC,Consumer Discretionary
2014-05-07,4.636087288622813,6.156470381692249,103.14,471.76,-0.002707,-0.002031,0.0,0.0,-0.002707406691162251,-0.002030800473853444,0.0,-0.000676606217308807,70066.0,60275.0,10930789.221140001,16215995.401999999,VCR,IYC,Consumer Discretionary
2014-05-08,4.6363781131122845,6.15680947969482,103.17,471.92,0.000291,0.000339,0.0,0.0,0.00029086678301337986,0.0003391555027980329,0.0,-4.828871978465306e-05,104514.0,15144.0,10893807.25614,12664052.574,VCR,IYC,Consumer Discretionary
2014-05-09,4.641984159110808,6.164072411714297,103.75,475.36,0.005622,0.007289,0.0,0.0,0.005621789279829407,0.007289371079844041,0.0,-0.001667581800014634,59520.0,10107.0,10693128.28464,11943453.694,VCR,IYC,Consumer Discretionary
2014-05-12,4.655673168161198,6.176033576442416,105.18,481.08,0.013783,0.012033,0.0,0.0,0.013783132530120482,0.012032985526758667,0.0,0.0017501470033618148,79600.0,12193.0,10309635.33214,9436802.968,VCR,IYC,Consumer Discretionary
2014-05-13,4.65224459337402,6.1742851460263655,104.82,480.2396,-0.003423,-0.001747,0.0,0.0,-0.0034227039361095267,-0.0017469028020287685,0.0,-0.0016758011340807582,51564.0,9234.0,10013248.33864,9049491.55132,VCR,IYC,Consumer Discretionary
2014-05-14,4.641309232603964,6.1642406910584056,103.68,475.44,-0.010876,-0.009994,0.0,0.0,-0.010875787063537493,-0.009994177906195157,0.0,-0.0008816091573423356,69532.0,5076.0,9695487.634639999,7957494.503319999,VCR,IYC,Consumer Discretionary
2014-05-15,4.634534794617996,6.156639945066966,102.98,471.84,-0.006752,-0.007572,0.0,0.0,-0.006751543209876543,-0.00757193336698637,0.0,0.0008203901571098276,91098.0,116718.0,9614011.822639998,10343797.28732,VCR,IYC,Consumer Discretionary
2014-05-16,4.640826863196126,6.162893662735513,103.63,474.8,0.006312,0.006273,0.0,0.0,0.006311905224315401,0.006273312987453374,0.0,3.859223686202701e-05,56269.0,7109.0,9423085.11064,10025229.48332,VCR,IYC,Consumer Discretionary
2014-05-19,4.645640118541804,6.168187125501455,104.13,477.32,0.004825,0.005308,0.0,0.0,0.0048248576666988325,0.005307497893850042,0.0,-0.0004826402271512096,118276.0,7434.0,9164153.10514,9487271.207320001,VCR,IYC,Consumer Discretionary
2014-05-20,4.635408369048701,6.159095388491933,103.07,473.0,-0.01018,-0.009051,0.0,0.0,-0.010179583213291078,-0.009050532137769211,0.0,-0.0011290510755218672,70503.0,8004.0,9076285.50564,9448914.81532,VCR,IYC,Consumer Discretionary
2014-05-21,4.646312129319266,6.168857310665184,104.2,477.64,0.010963,0.00981,0.0,0.0,0.010963422916464538,0.009809725158562368,0.0,0.0011536977579021702,118180.0,11358.0,9404290.558139998,9502914.37332,VCR,IYC,Consumer Discretionary
2014-05-22,4.652752954882451,6.174118548636062,104.8733,480.1596,0.006462,0.005275,0.0,0.0,0.006461612284069179,0.005275102587722971,0.0,0.0011865096963462078,62815.0,6554.0,9237672.511614999,9419736.69024,VCR,IYC,Consumer Discretionary
2014-05-23,4.660794089736088,6.181506226917075,105.72,483.72,0.008074,0.007415,0.0,0.0,0.008073551609418141,0.007415034501028408,0.0,0.0006585171083897329,94976.0,26926.0,9253026.695975,9546164.88624,VCR,IYC,Consumer Discretionary
2014-05-27,4.66617120754549,6.184643613902718,106.29,485.24,0.005392,0.003142,0.0,0.0,0.005391600454029512,0.0031423137352187217,0.0,0.00224928671881079,87040.0,37895.0,8911673.935975,9647702.452240001,VCR,IYC,Consumer Discretionary
2014-05-28,4.6637220729377065,6.183241262672691,106.03,484.56,-0.002446,-0.001401,0.0,0.0,-0.002446137924546053,-0.0014013683950210205,0.0,-0.0010447695295250326,95137.0,19564.0,8768533.673975,9876495.838240001,VCR,IYC,Consumer Discretionary
2014-05-29,4.667486552467808,6.1877711884685995,106.4299,486.76,0.003772,0.00454,0.0,0.0,0.0037715740828067924,0.004540201419844808,0.0,-0.0007686273370380156,66652.0,12216.0,8718760.758715,9834730.09624,VCR,IYC,Consumer Discretionary
2014-05-30,4.667930877723078,6.1903154058531475,106.4772,488.0,0.000444,0.002547,-31943160.0,0.0,-0.02609725688027951,0.002547456652148903,-31943160.0,-0.028644713532428416,68901.0,6516.0,8579280.285075,9680854.000240002,VCR,IYC,Consumer Discretionary
2014-06-02,4.670676988190211,6.193833799205715,106.77,489.72,0.00275,0.003525,0.0,0.0,0.002749884482311788,0.003524590163934426,0.0,-0.0007747056816226382,94787.0,32746.0,8732522.924575,10198549.11624,VCR,IYC,Consumer Discretionary
2014-06-03,4.669083511731744,6.193016672178715,106.6,489.32,-0.001592,-0.000817,0.0,0.0,-0.0015922075489369673,-0.0008167932696234583,0.0,-0.0007754142793135089,133664.0,30298.0,9091050.598575,10614331.744239999,VCR,IYC,Consumer Discretionary
2014-06-04,4.673996376917944,6.196688497119241,107.125,491.12,0.004925,0.003679,0.0,0.0,0.004924953095684803,0.0036785743480748792,0.0,0.0012463787476099239,74870.0,75261.0,8753369.831075,12264843.90024,VCR,IYC,Consumer Discretionary
2014-06-05,4.6799993266087405,6.203749355087316,107.77,494.6,0.006021,0.007086,0.0,0.0,0.00602100350058343,0.007085844600097735,0.0,-0.0010648410995143052,64917.0,41867.0,8741844.723575,11878448.110240001,VCR,IYC,Consumer Discretionary
2014-06-06,4.685828089005546,6.20714028357467,108.4,496.28,0.005846,0.003397,0.0,0.0,0.005845782685348427,0.0033966841892438334,0.0,0.002449098496104594,64403.0,61655.0,8551773.514574999,13051017.45624,VCR,IYC,Consumer Discretionary
2014-06-09,4.687395126243761,6.206495278311642,108.57,495.96,0.001568,-0.000645,0.0,0.0,0.0015682656826568266,-0.0006447972918513742,0.0,0.0022130629745082007,53253.0,53758.0,8532097.425074998,14143885.164239999,VCR,IYC,Consumer Discretionary
2014-06-10,4.684997485847646,6.203263996721534,108.31,494.36,-0.002395,-0.003226,0.0,0.0,-0.002394768352215161,-0.0032260666182756673,0.0,0.0008312982660605064,92351.0,14269.0,8613607.865574999,14203295.884240001,VCR,IYC,Consumer Discretionary
2014-06-11,4.682316395164745,6.200671432683318,108.02,493.08,-0.002678,-0.002589,0.0,0.0,-0.002677499769181054,-0.0025892062464600695,0.0,-8.829352272098469e-05,81579.0,21731.0,8783969.120575,14517325.334919998,VCR,IYC,Consumer Discretionary
2014-06-12,4.669587137236343,6.187195790811854,106.6537,486.48,-0.012649,-0.013385,0.0,0.0,-0.012648583595630519,-0.013385251886103676,0.0,0.000736668290473157,89912.0,28348.0,8902987.606295,15086195.414919998,VCR,IYC,Consumer Discretionary
2014-06-13,4.670302280925873,6.188017686148661,106.73,486.88,0.000715,0.000822,0.0,0.0,0.0007153994657476362,0.00082223318533136,0.0,-0.00010683371958372374,54711.0,23802.0,8725889.255795,12912020.24692,VCR,IYC,Consumer Discretionary
2014-06-16,4.673949701382917,6.190069473975037,107.12,487.88,0.003654,0.002054,0.0,0.0,0.0036540803897685747,0.0020538941833716726,0.0,0.0016001862063969021,111711.0,27988.0,9032655.548294999,13425991.858920002,VCR,IYC,Consumer Discretionary
2014-06-17,4.678048831400664,6.193833799205715,107.56,489.72,0.004107,0.003771,0.0,0.0,0.004107542942494399,0.003771419201442978,0.0,0.000336123741051421,122292.0,20345.0,9074537.930295,13746739.684919998,VCR,IYC,Consumer Discretionary
2014-06-18,4.684997485847646,6.202292572699543,108.31,493.88,0.006973,0.008495,0.0,0.0,0.006972852361472667,0.008494650004083967,0.0,-0.0015217976426113002,98465.0,17437.0,9244437.927295001,13988034.362919997,VCR,IYC,Consumer Discretionary
2014-06-19,4.683334206957445,6.201968554875728,108.13,493.72,-0.001662,-0.000324,0.0,0.0,-0.0016618964084572062,-0.00032396533570907914,0.0,-0.001337931072748127,73200.0,22397.0,9024475.927295001,14269674.94892,VCR,IYC,Consumer Discretionary
2014-06-20,4.680741372835166,6.198316101645214,107.85,491.92,-0.002589,-0.003646,0.0,0.0,-0.002589475631184685,-0.003645791136676659,0.0,0.0010563155054919737,37822.0,80867.0,8899050.24532,16101331.38,VCR,IYC,Consumer Discretionary
2014-06-23,4.682594082952895,6.198722589191968,108.05,492.12,0.001854,0.000407,0.0,0.0,0.0018544274455261937,0.00040657017401203447,0.0,0.0014478572715141591,77792.0,82863.0,8817278.38932,17489026.122,VCR,IYC,Consumer Discretionary
2014-06-24,4.679906532102109,6.1920352375698,107.76,488.84,-0.002684,-0.004231,0.0,0.0,-0.0026839426191577974,-0.00666504104689913,0.0,0.0039810984277413326,48160.0,31916.0,8614190.389320001,17349708.504,VCR,IYC,Consumer Discretionary
2014-06-25,4.688407784558147,6.200346889069922,108.68,492.92,0.008537,0.008346,0.0,0.0,0.008537490720118782,0.008346289174371982,0.0,0.0001912015457468004,46008.0,16437.0,8359829.05582,17280818.214,VCR,IYC,Consumer Discretionary
2014-06-26,4.689051669968793,6.200346889069922,108.75,492.92,0.000644,0.0,0.0,0.0,0.0006440927493559073,0.0,0.0,0.0006440927493559073,52297.0,12411.0,8289505.70858,17289386.712,VCR,IYC,Consumer Discretionary
2014-06-27,4.692723082995953,6.203668478383806,109.15,494.56,0.003678,0.003327,0.0,0.0,0.0036781609195402297,0.0033271119045686927,0.0,0.000351049014971537,47458.0,6898.0,8181688.46572,17300970.056,VCR,IYC,Consumer Discretionary
2014-06-30,4.692997896353612,6.202292572699543,109.18,493.88,0.000275,-0.001375,-32644820.000000004,24694000.0,-0.02689467835494146,0.012690181854634764,-57338820.0,-0.039584860209576224,69048.0,10312.0,8052601.098220001,16753796.028,VCR,IYC,Consumer Discretionary
2014-07-01,4.703384327030683,6.212445762257508,110.3199,498.92,0.010441,0.010205,0.0,0.0,0.010440556878549306,0.010204908074835992,0.0,0.0002356488037133144,92274.0,14720.0,7849154.900850001,16379730.280000001,VCR,IYC,Consumer Discretionary
2014-07-02,4.703566507844284,6.212365585869412,110.34,498.88,0.000182,-8e-05,0.0,0.0,0.00018219740953342634,-8.017317405596088e-05,0.0,0.0002623705835893872,62951.0,9048.0,7795433.130349999,14757314.476,VCR,IYC,Consumer Discretionary
2014-07-03,4.711240449715158,6.219316994149926,111.19,502.36,0.007704,0.006976,0.0,0.0,0.007703462026463658,0.006975625400898012,0.0,0.0007278366255656461,39299.0,8861.0,7664110.66635,13944514.163999999,VCR,IYC,Consumer Discretionary
2014-07-07,4.704472387061954,6.212205213805881,110.44,498.8,-0.006745,-0.007087,0.0,0.0,-0.006745210900260814,-0.007086551477028425,0.0,0.000341340576767611,85470.0,12751.0,7787011.746350001,12732616.934,VCR,IYC,Consumer Discretionary
2014-07-08,4.693547296605504,6.2028593513876435,109.24,494.16,-0.010866,-0.009302,0.0,0.0,-0.010865628395508874,-0.009302325581395349,0.0,-0.0015633028141135256,118822.0,16022.0,8146933.599850001,11795397.626,VCR,IYC,Consumer Discretionary
2014-07-09,4.7040693721426825,6.214047941563629,110.3955,499.72,0.010578,0.011251,0.0,0.0,0.010577627242768216,0.011251416545248503,0.0,-0.0006737893024802866,50342.0,206267.0,7924683.272400001,16596483.746000001,VCR,IYC,Consumer Discretionary
2014-07-10,4.695010889987881,6.207784873074067,109.4,496.6,-0.009018,-0.006243,0.0,0.0,-0.009017577709236337,-0.006243496357960458,0.0,-0.0027740813512758793,68639.0,47155.0,7859530.4234,17231586.322,VCR,IYC,Consumer Discretionary
2014-07-11,4.696563614417302,6.209877727839874,109.57,497.6404,0.001554,0.002095,0.0,0.0,0.0015539305301645338,0.002095046314941603,0.0,-0.0005411157847770691,35709.0,13698.0,7575689.80618,16882883.479960002,VCR,IYC,Consumer Discretionary
2014-07-14,4.699570861409576,6.212125018128385,109.9,498.76,0.003012,0.00225,0.0,0.0,0.003011773295610112,0.002249817337981402,0.0,0.0007619559576287102,46078.0,13444.0,7536923.164679999,16638714.06396,VCR,IYC,Consumer Discretionary
2014-07-15,4.695102293488699,6.210439421549972,109.41,497.92,-0.004459,-0.001684,0.0,0.0,-0.0044585987261146496,-0.0016841767583607346,0.0,-0.002774421967753915,49310.0,19085.0,7208349.403680001,16431114.951960001,VCR,IYC,Consumer Discretionary
2014-07-16,4.696837374513915,6.2109213105641965,109.6,498.16,0.001737,0.000482,0.0,0.0,0.0017365871492550954,0.0004820051413881748,0.0,0.0012545820078669206,40912.0,234015.0,6774860.78768,21761792.90196,VCR,IYC,Consumer Discretionary
2014-07-17,4.687487228477305,6.202778402668613,108.58,494.12,-0.009307,-0.00811,0.0,0.0,-0.009306569343065693,-0.008109844226754457,0.0,-0.0011967251163112359,50036.0,43632.0,6513269.02418,22409175.81596,VCR,IYC,Consumer Discretionary
2014-07-18,4.697202271434585,6.212926685639654,109.64,499.16,0.009762,0.0102,0.0,0.0,0.009762387179959477,0.01019995142880272,0.0,-0.00043756424884324255,41148.0,18487.0,6343086.560179999,22317682.01996,VCR,IYC,Consumer Discretionary
2014-07-21,4.691714787388277,6.20714028357467,109.04,496.28,-0.005472,-0.00577,0.0,0.0,-0.005472455308281649,-0.005769693084381761,0.0,0.00029723777610011267,73125.0,10589.0,6537808.92518,20591432.73396,VCR,IYC,Consumer Discretionary
2014-07-22,4.696928611227632,6.212606095751519,109.61,499.0,0.005227,0.005481,0.0,0.0,0.005227439471753485,0.005480776980736681,0.0,-0.00025333750898319605,44264.0,20888.0,6360126.49718,19073661.35596,VCR,IYC,Consumer Discretionary
2014-07-23,4.696289779355575,6.213167060625787,109.54,499.28,-0.000639,0.000561,0.0,0.0,-0.0006386278624213119,0.0005611222444889779,0.0,-0.00119975010691029,38431.0,13861.0,6311127.00418,18639596.48796,VCR,IYC,Consumer Discretionary
2014-07-24,4.699388861227073,6.216047062616446,109.88,500.72,0.003104,0.002884,0.0,0.0,0.0031038889903231698,0.0028841531805800353,0.0,0.0002197358097431345,140285.0,13595.0,6831845.32218,18574854.605960004,VCR,IYC,Consumer Discretionary
2014-07-25,4.688039663810386,6.206979071257701,108.64,496.2,-0.011285,-0.009027,0.0,0.0,-0.011285038223516564,-0.009027001118389518,0.0,-0.002258037105127045,49096.0,23058.0,6814169.85668,18841042.07996,VCR,IYC,Consumer Discretionary
2014-07-28,4.68914361976427,6.205930557228504,108.76,495.68,0.001105,-0.001048,0.0,0.0,0.0011045655375552283,-0.0010479645304312776,0.0,0.002152530067986506,41686.0,17875.0,6781856.289679999,19113482.33596,VCR,IYC,Consumer Discretionary
2014-07-29,4.686934487790731,6.204153640518333,108.52,494.8,-0.002207,-0.001775,0.0,0.0,-0.002206693637366679,-0.0017753389283408651,0.0,-0.00043135470902581387,58712.0,11901.0,6723494.56968,19153268.547960002,VCR,IYC,Consumer Discretionary
2014-07-30,4.691531351636135,6.209153247739228,109.02,497.28,0.004607,0.005012,0.0,0.0,0.0046074456321415404,0.005012126111560227,0.0,-0.0004046804794186863,103092.0,18438.0,6776466.139049999,19244505.859959997,VCR,IYC,Consumer Discretionary
2014-07-31,4.673669602412784,6.192771403813017,107.09,489.2,-0.017703,-0.016248,107090.0,24460000.0,-0.017611447440836543,-0.00258517446017446,-24352910.0,-0.015026272980662083,66550.0,74736.0,6785507.44705,20846855.107960004,VCR,IYC,Consumer Discretionary
2014-08-01,4.6703959709057985,6.191298528986568,106.74,488.48,-0.003268,-0.001472,0.0,0.0,-0.0032682790176487065,-0.0014717906786590352,0.0,-0.0017964883389896714,69021.0,30501.0,6935389.73355,21369240.93396,VCR,IYC,Consumer Discretionary
2014-08-04,4.6805883708667055,6.202535517187923,107.8335,494.0,0.010245,0.0113,0.0,0.0,0.01024451939291737,0.01130036030134294,0.0,-0.0010558409084255715,176490.0,38735.0,7415001.1143,22007985.49396,VCR,IYC,Consumer Discretionary
2014-08-05,4.673669602412784,6.19154415882364,107.09,488.6,-0.006895,-0.010931,0.0,0.0,-0.006894888879615333,-0.010931174089068825,0.0,0.0040362852094534924,1437160.0,20273.0,14461268.570300002,22107383.30796,VCR,IYC,Consumer Discretionary
2014-08-06,4.672080891270718,6.185385239745289,106.92,485.6,-0.001587,-0.00614,0.0,0.0,-0.001587449808572229,-0.006139991813344249,0.0,0.004552542004772019,107624.0,51302.0,14758749.961250002,18199208.60596,VCR,IYC,Consumer Discretionary
2014-08-07,4.666547465662995,6.181092679084375,106.33,483.52,-0.005518,-0.004283,0.0,0.0,-0.005518144407033296,-0.0042833607907743,0.0,-0.0012347836162589958,123245.0,15182.0,15038526.673749998,17395389.98796,VCR,IYC,Consumer Discretionary
2014-08-08,4.680926798387338,6.193997144518067,107.87,489.8,0.014483,0.012988,0.0,0.0,0.014483212639894667,0.012988087359364658,0.0,0.0014951252805300089,66025.0,14321.0,15199000.754749998,17405277.368,VCR,IYC,Consumer Discretionary
2014-08-11,4.685459017216894,6.199859876073283,108.36,492.68,0.004542,0.00588,0.0,0.0,0.004542504866969501,0.00587995100040833,0.0,-0.0013374461334388294,211036.0,15510.0,16089195.192750001,17452084.236,VCR,IYC,Consumer Discretionary
2014-08-12,4.6819460247901405,6.197840301366618,107.98,491.686,-0.003507,-0.002018,0.0,0.0,-0.0035068290882244372,-0.002017536737842007,0.0,-0.0014892923503824302,93195.0,12966.0,16322604.642749999,17295704.1098,VCR,IYC,Consumer Discretionary
2014-08-13,4.684720464746101,6.20107696413784,108.28,493.28,0.002778,0.003242,0.0,0.0,0.0027782922763474717,0.0032419064199509444,0.0,-0.00046361414360347264,27045.0,7803.0,16244828.51275,11659311.6818,VCR,IYC,Consumer Discretionary
2014-08-14,4.693181063310805,6.20963656078309,109.2,497.5204,0.008496,0.008596,0.0,0.0,0.008496490579977835,0.00859633473889069,0.0,-9.984415891285507e-05,40632.0,6792.0,16195033.788749998,10750297.41764,VCR,IYC,Consumer Discretionary
2014-08-15,4.6913478822291435,6.207382053330452,109.0,496.4,-0.001831,-0.002252,0.0,0.0,-0.0018315018315018315,-0.002251967959504776,0.0,0.0004204661280029446,44366.0,6349.0,16211255.152749997,10446481.05164,VCR,IYC,Consumer Discretionary
2014-08-18,4.700571270751344,6.21732440591642,110.01,501.36,0.009266,0.009992,0.0,0.0,0.00926605504587156,0.009991941982272361,0.0,-0.0007258869364008009,210252.0,310635.0,16969068.77875,17970723.78564,VCR,IYC,Consumer Discretionary
2014-08-19,4.707997495787562,6.22463763405937,110.83,505.04,0.007454,0.00734,0.0,0.0,0.007453867830197255,0.007340035104515717,0.0,0.00011383272568153777,66036.0,66113.0,17092418.42075,19119053.66164,VCR,IYC,Consumer Discretionary
2014-08-20,4.712229258281499,6.2283532002138635,111.3,506.92,0.004241,0.003722,0.0,0.0,0.00424072904448254,0.0037224774275304924,0.0,0.000518251616952048,38327.0,47466.0,17095221.588749997,19976100.89364,VCR,IYC,Consumer Discretionary
2014-08-21,4.711330381816482,6.2285110035911835,111.2,507.0,-0.000899,0.000158,0.0,0.0,-0.0008984725965858042,0.00015781582892764143,0.0,-0.0010562884255134455,69580.0,69043.0,16711360.598749999,21385976.52364,VCR,IYC,Consumer Discretionary
2014-08-22,4.713127327493184,6.23024519920159,111.4,507.88,0.001799,0.001736,0.0,0.0,0.0017985611510791368,0.0017357001972386587,0.0,6.286095384047804e-05,51688.0,77274.0,16732573.28675,22776203.49964,VCR,IYC,Consumer Discretionary
2014-08-25,4.716353714948706,6.232212232370549,111.76,508.88,0.003232,0.001969,0.0,0.0,0.003231597845601436,0.0019689690478065683,0.0,0.001262628797794868,296145.0,152383.0,18160743.07875,26210422.55164,VCR,IYC,Consumer Discretionary
2014-08-26,4.717248089393442,6.232840866683252,111.86,509.2,0.000895,0.000629,0.0,0.0,0.0008947745168217609,0.0006288319446627889,0.0,0.000265942572158972,55171.0,143296.0,18150743.16975,29564307.971640002,VCR,IYC,Consumer Discretionary
2014-08-27,4.717963013463214,6.233861555344078,111.94,509.72,0.000715,0.001021,0.0,0.0,0.0007151796888968353,0.001021209740769835,0.0,-0.0003060300518729996,48943.0,18413.0,17862722.64875,29575139.257640004,VCR,IYC,Consumer Discretionary
2014-08-28,4.716264233493678,6.232369428000834,111.75,508.96,-0.001697,-0.001491,0.0,0.0,-0.0016973378595676256,-0.0014910146747233776,0.0,-0.000206323184844248,46873.0,17525.0,17768283.561249997,28193072.89764,VCR,IYC,Consumer Discretionary
2014-08-29,4.716353714948706,6.231819135152546,111.76,508.68,9e-05,-0.00055,100584000.0,-76302000.0,0.08413061869042919,-0.041623423322553,176886000.0,0.12575404201298218,63150.0,29120.0,17752800.684249997,28188754.553639997,VCR,IYC,Consumer Discretionary
2014-09-02,4.7201047240801906,6.2348812032617476,112.18,510.24,0.003758,0.003067,0.0,0.0,0.0037580529706513956,0.003066761028544468,0.0,0.0006912919421069278,90333.0,332137.0,17307901.760500003,35705479.197639994,VCR,IYC,Consumer Discretionary
2014-09-03,4.716264233493678,6.231897766959152,111.75,508.72,-0.003833,-0.002979,0.0,0.0,-0.003833125334284186,-0.0029789902790843524,0.0,-0.0008541350551998336,85522.0,89745.0,10090482.7155,37492963.627639994,VCR,IYC,Consumer Discretionary
2014-09-04,4.719212902028752,6.235508162529934,112.08,510.56,0.002953,0.003617,0.0,0.0,0.002953020134228188,0.003616920899512502,0.0,-0.000663900765284314,77169.0,48587.0,9947579.8875,37487680.003639996,VCR,IYC,Consumer Discretionary
2014-09-05,4.72268651941593,6.239963983681533,112.47,512.84004,0.00348,0.004466,0.0,0.0,0.0034796573875802996,0.004465763083672963,0.0,-0.0009861056960926633,37477.0,15016.0,9503099.7545,37505680.273672,VCR,IYC,Consumer Discretionary
2014-09-08,4.718855950391908,6.236526133723123,112.04,511.08,-0.003823,-0.003432,0.0,0.0,-0.003823241753356451,-0.003431947318310146,0.0,-0.0003912944350463049,54078.0,50120.0,9449938.873,38435725.463672,VCR,IYC,Consumer Discretionary
2014-09-09,4.709440107163888,6.227642776692647,110.99,506.56,-0.009372,-0.008844,0.0,0.0,-0.009371652981078187,-0.008844016592314315,0.0,-0.0005276363887638715,44241.0,53417.0,8552061.254499998,39406597.899671994,VCR,IYC,Consumer Discretionary
2014-09-10,4.712678393703377,6.230087669270578,111.35,507.8,0.003244,0.002448,0.0,0.0,0.0032435354536444723,0.0024478837650031586,0.0,0.0007956516886413138,45563.0,17804.0,8302573.452,39539881.425872,VCR,IYC,Consumer Discretionary
2014-09-11,4.7153680826296975,6.231032476836334,111.6499,508.28,0.002693,0.000945,0.0,0.0,0.0026933093848226313,0.0009452540370224497,0.0,0.0017480553478001815,23837.0,119527.0,8289221.755315,42385087.411872,VCR,IYC,Consumer Discretionary
2014-09-12,4.712229258281499,6.228747661975911,111.3,507.12,-0.003134,-0.002282,0.0,0.0,-0.0031339033890760313,-0.002282206657747698,0.0,-0.0008516967313283333,40393.0,35499.0,8292158.080314999,43116242.128032,VCR,IYC,Consumer Discretionary
2014-09-15,4.707004491869359,6.224320777275984,110.72,504.88,-0.005211,-0.004417,0.0,0.0,-0.0052111410601976636,-0.004417100489036125,0.0,-0.0007940405711615384,70225.0,10137.0,8439128.980315,43214558.376032,VCR,IYC,Consumer Discretionary
2014-09-16,4.711330381816482,6.22858989594261,111.2,507.04,0.004335,0.004278,0.0,0.0,0.004335260115606936,0.004278244335287593,0.0,5.7015780319342665e-05,29305.0,978408.0,7445573.654315,60232159.812032,VCR,IYC,Consumer Discretionary
2014-09-17,4.712139406985334,6.230953776958278,111.29,508.24,0.000809,0.002367,0.0,0.0,0.0008093525179856115,0.002366677185231934,0.0,-0.0015573246672463226,63423.0,103877.0,7432552.443815,61202396.660032,VCR,IYC,Consumer Discretionary
2014-09-18,4.715637639014062,6.234645992158699,111.68,510.12,0.003504,0.003699,0.0,0.0,0.0035043579836463294,0.003699039823705336,0.0,-0.00019468184005900667,74037.0,993125.0,7632685.296814999,85329969.674032,VCR,IYC,Consumer Discretionary
2014-09-19,4.715100245360287,6.234018491942015,111.62,509.8,-0.000537,-0.000627,0.0,0.0,-0.0005372492836676218,-0.0006273033795969576,0.0,9.005409592933577e-05,53779.0,15169.0,7545961.095815,83966387.434032,VCR,IYC,Consumer Discretionary
2014-09-22,4.699752828474039,6.219476229819052,109.92,502.44,-0.01523,-0.014437,0.0,0.0,-0.015230245475721197,-0.014437034131031777,0.0,-0.0007932113446894196,66727.0,28337.0,7624790.527815001,82715973.592032,VCR,IYC,Consumer Discretionary
2014-09-23,4.694096395182493,6.212365585869412,109.3,498.88,-0.00564,-0.007085,0.0,0.0,-0.005640465793304222,-0.007085423135100709,0.0,0.0014449573417964871,35847.0,21947.0,6165836.122815,79386186.50803201,VCR,IYC,Consumer Discretionary
2014-09-24,4.701661486176852,6.2218617271335,110.13,503.64,0.007594,0.011526,0.0,0.0,0.007593778591033852,0.009541372674791533,0.0,-0.0019475940837576809,39765.0,21937.0,6076230.692315,76290287.882032,VCR,IYC,Consumer Discretionary
2014-09-25,4.687671407499835,6.207301469906419,108.6,496.36,-0.013893,-0.014455,0.0,0.0,-0.01389267229637701,-0.01445476927964419,0.0,0.000562096983267181,79862.0,36448.0,6235947.381314999,76725580.628032,VCR,IYC,Consumer Discretionary
2014-09-26,4.6976582054232425,6.214608098422191,109.69,500.0,0.010037,0.007333,0.0,0.0,0.01003683241252302,0.007333387057780643,0.0,0.0027034453547423766,44925.0,12489.0,6220435.656315,76591829.428032,VCR,IYC,Consumer Discretionary
2014-09-29,4.692814695840138,6.212365585869412,109.16,498.88,-0.004832,-0.00224,0.0,0.0,-0.004831798705442611,-0.00224,0.0,-0.0025917987054426108,223808.0,67015.0,7089097.520315001,77522813.508032,VCR,IYC,Consumer Discretionary
2014-09-30,4.686750172980514,6.210198389933492,108.5,497.8,-0.006046,-0.002165,0.0,273790000.0,-0.006046170758519604,0.15463781728214057,-273790000.0,-0.16068398804066017,85739.0,16529.0,7047553.798315001,69460741.174032,VCR,IYC,Consumer Discretionary
2014-10-01,4.673015732883159,6.19554759568345,107.02,490.56,-0.013641,-0.014544,0.0,0.0,-0.013640552995391705,-0.014543993571715548,0.0,0.000903440576323843,177208.0,396178.0,7517939.631315,76895441.338032,VCR,IYC,Consumer Discretionary
2014-10-02,4.678420647727684,6.198316101645214,107.6,491.92,0.00542,0.002772,0.0,0.0,0.0054195477480844705,0.0027723418134377037,0.0,0.002647205934646767,105264.0,116966.0,7651804.875314998,78532008.138032,VCR,IYC,Consumer Discretionary
2014-10-03,4.691806492647638,6.213407377845673,109.05,499.4,0.013476,0.015206,0.0,0.0,0.013475836431226766,0.01520572450805009,0.0,-0.0017298880768233243,92120.0,67252.0,7943337.265814999,79826250.276,VCR,IYC,Consumer Discretionary
2014-10-06,4.686842334632116,6.207301469906419,108.51,496.36,-0.004952,-0.006087,0.0,0.0,-0.0049518569463548835,-0.006087304765718862,0.0,0.001135447819363979,89516.0,33688.0,8126061.367815,79381552.58000001,VCR,IYC,Consumer Discretionary
2014-10-07,4.671613142536805,6.194568643084465,106.87,490.08,-0.015114,-0.012652,0.0,0.0,-0.015113814394986637,-0.012652107341445725,0.0,-0.0024617070535409118,91490.0,218728.0,8369422.753315,83388317.716,VCR,IYC,Consumer Discretionary
2014-10-08,4.6862892372728835,6.209394531369305,108.45,497.4,0.014784,0.014936,0.0,0.0,0.014784317394965846,0.014936336924583741,0.0,-0.00015201952961789444,100718.0,86738.0,8661894.105814999,85093448.21599999,VCR,IYC,Consumer Discretionary
2014-10-09,4.663910681010692,6.189659453058227,106.05,487.68,-0.02213,-0.019542,0.0,0.0,-0.022130013831258646,-0.0195416164053076,0.0,-0.0025883974259510445,141891.0,109949.0,9281201.2,84736785.45400001,VCR,IYC,Consumer Discretionary
2014-10-10,4.653293461169819,6.182663251839539,104.93,484.28,-0.010561,-0.006972,0.0,0.0,-0.010561056105610561,-0.0069717847769028875,0.0,-0.0035892713287076737,120223.0,42299.0,9687164.124499999,84860900.79599999,VCR,IYC,Consumer Discretionary
2014-10-13,4.632785353021065,6.159264507382916,102.8,473.08,-0.020299,-0.023127,0.0,0.0,-0.020299247117125704,-0.023127116544148014,0.0,0.00282786942702231,153772.0,97047.0,10088786.6045,86900552.10599999,VCR,IYC,Consumer Discretionary
2014-10-14,4.640537329825382,6.167181004849801,103.6,476.84,0.007782,0.007948,0.0,0.0,0.007782101167315175,0.007947915785913588,0.0,-0.00016581461859841232,1239151.0,72372.0,16344652.9845,63821445.714,VCR,IYC,Consumer Discretionary
2014-10-15,4.635020207956977,6.159010818319782,103.03,472.96,-0.005502,-0.008137,0.0,0.0,-0.005501930501930502,-0.008136901266672259,0.0,0.0026349707647417573,228455.0,167530.0,17168621.6335,65143472.830000006,VCR,IYC,Consumer Discretionary
2014-10-16,4.638508245598602,6.157656721972053,103.39,472.32,0.003494,-0.001353,0.0,0.0,0.0034941279239056587,-0.0013531799729364006,0.0,0.004847307896842059,89973.0,29399.0,17220314.449,40507113.36400001,VCR,IYC,Consumer Discretionary
2014-10-17,4.648612743830928,6.1680195090076,104.44,477.24,0.010156,0.010417,0.0,0.0,0.010155721056194989,0.010416666666666666,0.0,-0.00026094561047167696,145154.0,107395.0,17678168.038,42683115.044,VCR,IYC,Consumer Discretionary
2014-10-20,4.662022997580874,6.18447873344068,105.85,485.16,0.013501,0.016596,0.0,0.0,0.013500574492531597,0.016595423686195626,0.0,-0.0030948491936640295,301784.0,48269.0,18908628.266,43142142.332,VCR,IYC,Consumer Discretionary
2014-10-21,4.680834089909081,6.204072796506809,107.86,494.76,0.018989,0.019787,0.0,0.0,0.0189891355692017,0.01978728666831561,0.0,-0.0007981510991139085,89011.0,75031.0,19192760.734,44450813.242,VCR,IYC,Consumer Discretionary
2014-10-22,4.671987359025408,6.195792184164551,106.91,490.68,-0.008808,-0.008246,0.0,0.0,-0.008807713702948266,-0.008246422507882609,0.0,-0.0005612911950656566,156351.0,55025.0,19809569.031999998,45248379.058,VCR,IYC,Consumer Discretionary
2014-10-23,4.684905154006945,6.2078654175548,108.3,496.64,0.013002,0.012147,0.0,0.0,0.013001590122532972,0.01214640906497106,0.0,0.0008551810575619118,84171.0,46483.0,19831704.337,45498078.45,VCR,IYC,Consumer Discretionary
2014-10-24,4.685274430229753,6.210760706693298,108.34,498.08,0.000369,0.002899,0.0,0.0,0.0003693444136657433,0.0028994845360824743,0.0,-0.002530140122416731,90417.0,49271.0,20075102.0635,46412898.434,VCR,IYC,Consumer Discretionary
2014-10-27,4.686565824192085,6.214127983185314,108.48,499.76,0.001292,0.003373,0.0,0.0,0.0012922281705741185,0.0033729521362030196,0.0,-0.002080723965628901,77702.0,79387.0,19275013.6475,46724998.63,VCR,IYC,Consumer Discretionary
2014-10-28,4.698694226139736,6.222576268071369,109.8037,504.0,0.012202,0.008484,0.0,0.0,0.012202249262536873,0.00848407235473027,0.0,0.0037181769078066026,76015.0,57426.0,19227215.985274997,47760727.019999996,VCR,IYC,Consumer Discretionary
2014-10-29,4.695467823968872,6.220192476716092,109.45,502.8,-0.003221,-0.002381,0.0,0.0,-0.0032212029284987664,-0.002380952380952381,0.0,-0.0008402505475463853,108382.0,34949.0,18872096.472275,38921890.896000005,VCR,IYC,Consumer Discretionary
2014-10-30,4.70211539204457,6.225904058164043,110.18,505.68,0.00667,0.005728,0.0,0.0,0.006669712197350388,0.005727923627684964,0.0,0.000941788569665424,77028.0,26015.0,18730123.404275,36702758.42,VCR,IYC,Consumer Discretionary
2014-10-31,4.711869804647147,6.235351459560092,111.26,510.48,0.009802,0.009492,-89008000.0,-255240000.0,-0.05977940099272211,-0.1151364938740354,166232000.0,0.0553570928813133,86728.0,29541.0,18710306.968275,35777480.464,VCR,IYC,Consumer Discretionary
2014-11-03,4.712229258281499,6.23746488056512,111.3,511.56,0.00036,0.002116,0.0,0.0,0.0003595182455509617,0.0021156558533145277,0.0,-0.001756137607763566,72999.0,53873.0,18630877.345275,36319375.274000004,VCR,IYC,Consumer Discretionary
2014-11-04,4.700662167447312,6.230638915494719,110.02,508.08,-0.011501,-0.006803,0.0,0.0,-0.011500449236298293,-0.006802721088435374,0.0,-0.004697728147862919,147608.0,25235.0,18953992.138275,31600734.301999997,VCR,IYC,Consumer Discretionary
2014-11-05,4.7043818360590395,6.233944734808529,110.43,509.7624,0.003727,0.003311,0.0,0.0,0.0037265951645155428,0.0033112895606991024,0.0,0.00041530560381644035,195783.0,19048.0,19488864.617775,29929057.95176,VCR,IYC,Consumer Discretionary
2014-11-06,4.7140245909001735,6.2426192959741424,111.5,514.2036,0.009689,0.008712,0.0,0.0,0.009689395997464456,0.008712294198238369,0.0,0.0009771017992260874,191204.0,60190.0,19802449.890275,28795557.269959997,VCR,IYC,Consumer Discretionary
2014-11-07,4.71240893665769,6.242456701241931,111.32,514.12,-0.001614,-0.000163,0.0,0.0,-0.0016143497757847534,-0.00016258151440415265,0.0,-0.0014517682613806007,81123.0,49296.0,19623230.538775,29038532.259960003,VCR,IYC,Consumer Discretionary
2014-11-10,4.712498763740616,6.24397278473708,111.33,514.90004,9e-05,0.001517,0.0,0.0,8.983111749910169e-05,0.001517233330739905,0.0,-0.0014274022132408034,77472.0,44196.0,19264090.346775003,27880808.630352,VCR,IYC,Consumer Discretionary
2014-11-11,4.716174744031003,6.247423727363815,111.74,516.68,0.003683,0.003457,0.0,0.0,0.003682744992365041,0.003456903984703386,0.0,0.0002258410076616548,58163.0,16558.0,13170244.847775,26583074.778352,VCR,IYC,Consumer Discretionary
2014-11-12,4.722864328804734,6.25121000086674,112.49,518.64,0.006712,0.003793,0.0,0.0,0.006712010023268301,0.003793450491600347,0.0,0.0029185595316679543,92319.0,30589.0,12512607.130775,23414559.286352,VCR,IYC,Consumer Discretionary
2014-11-13,4.727387818712341,6.25816554817102,113.0,522.26,0.004534,0.00698,0.0,0.0,0.004533736332118411,0.00697979330556841,0.0,-0.002446056973449999,97576.0,19870.0,12598796.107275,23239137.812352,VCR,IYC,Consumer Discretionary
2014-11-14,4.731097742585882,6.261109932073611,113.42,523.8,0.003717,0.002949,0.0,0.0,0.0037168141592920354,0.002948722858346289,0.0,0.0007680913009457464,140956.0,28998.0,12640163.395275,21435935.942352,VCR,IYC,Consumer Discretionary
2014-11-17,4.728183961883236,6.258280426878378,113.09,522.32,-0.00291,-0.002825,0.0,0.0,-0.002909539763710104,-0.0028255059182891672,0.0,-8.403384542093667e-05,96468.0,20555.0,11588449.881275002,20801840.920352,VCR,IYC,Consumer Discretionary
2014-11-18,4.730480376953538,6.262254828167192,113.35,524.40004,0.002299,0.003982,0.0,0.0,0.0022990538509152004,0.0039823096952058745,0.0,-0.001683255844290674,138430.0,31759.0,11892965.583275001,19778445.08587,VCR,IYC,Consumer Discretionary
2014-11-19,4.734266759322502,6.264920912295781,113.78,525.8,0.003794,0.00267,0.0,0.0,0.0037935597706219674,0.0026696412914078587,0.0,0.0011239184792141087,80730.0,30090.0,11516464.282775002,19219527.835869998,VCR,IYC,Consumer Discretionary
2014-11-20,4.7394388067931255,6.266661503852135,114.37,526.716,0.005185,0.001742,0.0,0.0,0.005185445596765688,0.0017421072651199454,0.0,0.0034433383316457428,84017.0,24277.0,11541129.532275,18704616.19647,VCR,IYC,Consumer Discretionary
2014-11-21,4.741535060508608,6.269171962660719,114.61,528.03996,0.002098,0.002514,0.0,0.0,0.002098452391361371,0.002513612648941617,0.0,-0.0004151602575802461,109257.0,68111.0,11677437.881775001,19275837.698248,VCR,IYC,Consumer Discretionary
2014-11-24,4.751950917196286,6.277995882716015,115.81,532.71996,0.01047,0.008863,0.0,0.0,0.010470290550562778,0.008862965598285531,0.0,0.001607324952277247,129614.0,309141.0,12006512.100775,25526394.399965998,VCR,IYC,Consumer Discretionary
2014-11-25,4.754451888703846,6.280770300675861,116.1,534.2,0.002504,0.002778,0.0,0.0,0.002504101545635092,0.0027782702191223832,0.0,-0.0002741686734872911,88415.0,76947.0,12102424.763,26134513.569966,VCR,IYC,Consumer Discretionary
2014-11-26,4.755312844417811,6.283088838792387,116.2,535.44,0.000861,0.002321,0.0,0.0,0.0008613264427217916,0.002321228004492699,0.0,-0.0014599015617709076,63213.0,18743.0,11876571.798,25757683.305965997,VCR,IYC,Consumer Discretionary
2014-11-28,4.7664383335842135,6.296814690899705,117.5,542.84004,0.011188,0.013821,23500000.0,244278018.00000003,0.029895981441293122,0.142332939817299,-220778018.00000003,-0.11243695837600587,118838.0,41220.0,12150397.796,26218713.368406,VCR,IYC,Consumer Discretionary
2014-12-01,4.753693634031823,6.286444922040874,116.012,537.24,-0.012664,-0.010316,0.0,0.0,-0.012663829787234043,-0.010316188172117886,0.0,-0.002347641615116157,142136.0,563900.0,12492404.013600001,40612190.684406,VCR,IYC,Consumer Discretionary
2014-12-02,4.7572902340489245,6.288304557344529,116.43,538.24,0.003603,0.001861,0.0,0.0,0.003603075543909251,0.0018613654977291342,0.0,0.0017417100461801166,103610.0,324661.0,12689330.1936,47971503.922406,VCR,IYC,Consumer Discretionary
2014-12-03,4.759435144999521,6.288824636111034,116.68,538.52,0.002147,0.00052,0.0,0.0,0.0021472129176329123,0.0005202140309155767,0.0,0.0016269988867173356,127953.0,48244.0,12623816.387600001,48629451.926406,VCR,IYC,Consumer Discretionary
2014-12-04,4.75720434184359,6.289492911613907,116.42,538.88,-0.002228,0.000668,0.0,0.0,-0.002228316763798423,0.0006684988486964273,0.0,-0.0028968156124948505,109876.0,152515.0,12182388.7491,52253318.376646,VCR,IYC,Consumer Discretionary
2014-12-05,4.757891273005756,6.292309680105286,116.5,540.40004,0.000687,0.002821,0.0,0.0,0.000687167153410067,0.0028207393111638955,0.0,-0.0021335721577538285,82392.0,134743.0,11596359.8491,54346578.771932006,VCR,IYC,Consumer Discretionary
2014-12-08,4.75022245768723,6.287040381678863,115.61,537.56,-0.007639,-0.005255,0.0,0.0,-0.007639484978540773,-0.0052554400255040695,0.0,-0.0023840449530367035,111715.0,90159.0,11790597.788600001,55502669.39793201,VCR,IYC,Consumer Discretionary
2014-12-09,4.750135956238277,6.284581822049702,115.6,536.24,-8.7e-05,-0.002456,0.0,0.0,-8.649770781074301e-05,-0.002455539846714785,0.0,0.002369042138904042,122051.0,42173.0,12064804.680599999,55495585.765540004,VCR,IYC,Consumer Discretionary
2014-12-10,4.7352330702862595,6.27272605175684,113.89,529.92,-0.014792,-0.011786,0.0,0.0,-0.014792387543252595,-0.011785767566761264,0.0,-0.003006619976491331,126202.0,24965.0,12458505.288600001,55729299.033539996,VCR,IYC,Consumer Discretionary
2014-12-11,4.743365684739491,6.283984896200012,114.82,535.92,0.008166,0.011323,0.0,0.0,0.008165773992448853,0.011322463768115944,0.0,-0.0031566897756670903,106215.0,58713.0,12549037.388100002,56509338.63354001,VCR,IYC,Consumer Discretionary
2014-12-12,4.737776150536114,6.277545338192789,114.18,532.48,-0.005574,-0.006419,0.0,0.0,-0.005573941821982233,-0.006418868487833894,0.0,0.0008449266658516613,138075.0,38412.0,12786003.1631,57013154.41154001,VCR,IYC,Consumer Discretionary
2014-12-15,4.732243268551567,6.274987984410904,113.55,531.12,-0.005518,-0.002554,0.0,0.0,-0.005517603783499738,-0.0025540865384615385,0.0,-0.002963517245038199,262342.0,58950.0,13476088.3921,57819172.99154,VCR,IYC,Consumer Discretionary
2014-12-16,4.717158687936139,6.260040249820026,111.85,523.24,-0.014971,-0.014837,0.0,0.0,-0.014971378247468076,-0.014836571772857358,0.0,-0.00013480647461071825,392459.0,183250.0,15125437.043599999,62076545.111540005,VCR,IYC,Consumer Discretionary
2014-12-17,4.736022994406854,6.276718599302775,113.98,532.03996,0.019043,0.016818,0.0,0.0,0.019043361645060347,0.016818209617001645,0.0,0.0022251520280587023,131705.0,83033.0,15091471.8136,63452667.767955996,VCR,IYC,Consumer Discretionary
2014-12-18,4.739001533621612,6.292901510816656,114.32,540.71996,0.015547,0.016315,0.0,0.0,0.0029829794700824705,0.016314564041392796,0.0,-0.013331584571310326,175528.0,71358.0,15635516.891600002,64590836.41323999,VCR,IYC,Consumer Discretionary
2014-12-19,4.742232836376431,6.298287263087147,114.69,543.64,0.003237,0.0054,0.0,0.0,0.0032365290412876137,0.005400281506160786,0.0,-0.002163752464873172,136444.0,249316.0,15937503.7951,70728389.70864,VCR,IYC,Consumer Discretionary
2014-12-22,4.751000634199631,6.306275286948016,115.7,548.0,0.008806,0.00802,0.0,0.0,0.00880634754555759,0.008020013244058568,0.0,0.0007863343014990216,71828.0,69851.0,15726931.5366,70844040.622862,VCR,IYC,Consumer Discretionary
2014-12-23,4.75746199633035,6.311516999590213,116.45,550.88,0.006482,0.005255,0.0,0.0,0.00648228176318064,0.005255474452554744,0.0,0.0012268073106258956,121626.0,54630.0,15684569.0546,64114490.285143994,VCR,IYC,Consumer Discretionary
2014-12-24,4.755743044467466,6.310427312283059,116.25,550.28004,-0.001717,0.000946,0.0,0.0,-0.0017174753112924003,-0.001089093813534708,0.0,-0.0006283814977576922,72533.0,37700.0,15592918.042100001,63096513.790543996,VCR,IYC,Consumer Discretionary
2014-12-26,4.760719886729057,6.313620434961319,116.83,552.03996,0.004989,0.003198,0.0,0.0,0.004989247311827957,0.0031982261250108218,0.0,0.0017910211868171354,129784.0,64148.0,15983783.748100001,64365339.162248,VCR,IYC,Consumer Discretionary
2014-12-29,4.768054048889571,6.319472563067055,117.69,555.28004,0.007361,0.005869,0.0,0.0,0.00736112299922965,0.005869285259711996,0.0,0.001491837739517654,789684.0,68585.0,19932505.9961,65150739.916978,VCR,IYC,Consumer Discretionary
2014-12-30,4.764308407326388,6.31637014735773,117.25,553.56,-0.003739,-0.003098,0.0,0.0,-0.003738635398079701,-0.0030976081906347653,0.0,-0.0006410272074449355,787711.0,41426.0,23725987.652,51149846.944978,VCR,IYC,Consumer Discretionary
2014-12-31,4.761147767442444,6.311807329209297,116.88,551.03996,-0.003156,-0.004552,175320000.0,771455943.9999999,0.13265420658482596,0.34385422718404485,-596135943.9999999,-0.21120002059921889,95953.0,45410.0,23683571.368999995,43663706.342158005,VCR,IYC,Consumer Discretionary
2015-01-02,4.752814027900653,6.304302539440881,115.91,546.92,-0.008299,-0.007477,0.0,0.0,-0.008299110198494181,-0.007476699149005296,0.0,-0.0008224110494888855,274192.0,198318.0,24526173.303,47787892.426157996,VCR,IYC,Consumer Discretionary
2015-01-05,4.733915141878653,6.288824636111034,113.74,538.52,-0.018722,-0.015359,0.0,0.0,-0.018721421792770254,-0.015358736195421633,0.0,-0.003362685597348621,153569.0,108647.0,24759932.009999998,46603957.388158,VCR,IYC,Consumer Discretionary
2015-01-06,4.723041217772702,6.280920120976012,112.5099,534.28004,-0.010815,-0.007873,0.0,0.0,-0.010815016704765253,-0.007873356606996954,0.0,-0.002941660097768299,171907.0,92838.0,25247060.578965,45443275.776347995,VCR,IYC,Consumer Discretionary
2015-01-07,4.739613662537582,6.296372326505699,114.39,542.59996,0.016711,0.015572,0.0,0.0,0.01671052947340634,0.01557220816259578,0.0,0.0011383213108105607,175802.0,82647.0,25606791.560465,45262195.119054,VCR,IYC,Consumer Discretionary
2015-01-08,4.754021132720446,6.311299142576171,116.05,550.76,0.014512,0.015039,0.0,0.0,0.014511758020806014,0.01503877737108569,0.0,-0.0005270193502796752,190811.0,170523.0,26008517.607965,48827315.017054,VCR,IYC,Consumer Discretionary
2015-01-09,4.743278588105721,6.30063899489786,114.81,544.92,-0.010685,-0.010604,0.0,0.0,-0.010685049547608788,-0.010603529668094996,0.0,-8.151987951379204e-05,124919.0,168390.0,26006957.838465,52753796.317053996,VCR,IYC,Consumer Discretionary
2015-01-12,4.739701078945697,6.295339725659218,114.4,542.03996,-0.003571,-0.005285,0.0,0.0,-0.0035711174984757424,-0.005285252881157029,0.0,0.0017141353826812867,111362.0,64632.0,26034168.163465,52932179.10379,VCR,IYC,Consumer Discretionary
2015-01-13,4.738301498591274,6.295782546973817,114.24,542.28004,-0.001399,0.000443,0.0,0.0,-0.0013986013986013986,0.0004429193744315241,0.0,-0.0018415207730329227,129665.0,74217.0,25986544.468465,53921817.902224004,VCR,IYC,Consumer Discretionary
2015-01-14,4.726856704244691,6.283760285217785,112.94,535.79964,-0.01138,-0.01195,0.0,0.0,-0.01137955182072829,-0.011950283104648456,0.0,0.0005707312839201648,229132.0,80742.0,25791006.167464998,54519418.428867996,VCR,IYC,Consumer Discretionary
2015-01-15,4.713127327493184,6.275665567723107,111.4,531.48,-0.013636,-0.008062,0.0,0.0,-0.013635558703736497,-0.008062043490734545,0.0,-0.005573515213001952,146479.0,66469.0,24412067.239965,51491579.134868,VCR,IYC,Consumer Discretionary
2015-01-16,4.725616339063959,6.286444922040874,112.8,537.24,0.012567,0.010838,0.0,0.0,0.012567324955116697,0.010837660871528562,0.0,0.0017296640835881352,144848.0,51707.0,24478423.164964996,50671688.868934,VCR,IYC,Consumer Discretionary
2015-01-20,4.718677426781686,6.283088838792387,112.02,535.44,-0.006915,-0.00335,0.0,0.0,-0.006914893617021276,-0.003350457895912277,0.0,-0.0035644357211089992,1732627.0,100836.0,33179548.943965,51442035.51565,VCR,IYC,Consumer Discretionary
2015-01-21,4.7250842826534285,6.289492911613907,112.74,538.88,0.006427,0.006425,0.0,0.0,0.006427423674343867,0.006424622740176138,0.0,2.800934167729134e-06,99871.0,71327.0,32960083.652964998,46586962.691649996,VCR,IYC,Consumer Discretionary
2015-01-22,4.743452773788098,6.3091906681279335,114.83,549.59996,0.018538,0.019893,0.0,0.0,0.01853822955472769,0.019893037410926365,0.0,-0.001354807856198674,137166.0,70683.0,33332097.261965,46615413.990283996,VCR,IYC,Consumer Discretionary
2015-01-23,4.741796783519916,6.308462673893816,114.64,549.2,-0.001655,-0.000728,0.0,0.0,-0.0016546198728555255,-0.0007277293106060482,0.0,-0.0009268905622494772,72221.0,51651.0,33037900.648965,46529021.730284,VCR,IYC,Consumer Discretionary
2015-01-26,4.748620968393053,6.3147791721884685,115.425,552.68,0.006848,0.006336,0.0,0.0,0.006847522679692952,0.006336489439183945,0.0,0.000511033240509007,149655.0,382426.0,33479999.005215,56059703.938884,VCR,IYC,Consumer Discretionary
2015-01-27,4.7425815418110515,6.307661187457964,114.73,548.76,-0.006021,-0.007093,0.0,0.0,-0.00602122590426684,-0.007092711876673504,0.0,0.0010714859724066644,199367.0,53618.0,33865534.564715,55760261.65518,VCR,IYC,Consumer Discretionary
2015-01-28,4.7295977643631435,6.2951183890694615,113.25,541.92,-0.0129,-0.012465,0.0,0.0,-0.012899851826026322,-0.012464465340039362,0.0,-0.00043538648598696016,83903.0,70431.0,29693739.804214995,55764465.954009995,VCR,IYC,Consumer Discretionary
2015-01-29,4.741884009303914,6.30503364051161,114.65,547.32,0.012362,0.009965,0.0,0.0,0.012362030905077263,0.009964570416297771,0.0,0.0023974604887794914,116266.0,71737.0,25742278.911715,56581031.86801,VCR,IYC,Consumer Discretionary
2015-01-30,4.729686060685659,6.29097637131334,113.26,539.68,-0.012124,-0.013959,22652000.0,323807999.99999994,0.0036695283982147034,0.09560119207126408,-301155999.99999994,-0.09193166367304938,91455.0,83477.0,25699439.244715,57582439.00683,VCR,IYC,Consumer Discretionary
2015-02-02,4.737776150536114,6.297551211235867,114.18,543.24,0.008123,0.006597,0.0,0.0,0.008122903054917889,0.0065965016305960565,0.0,0.0015264014243218322,108154.0,134372.0,24727810.694715,55809047.24283,VCR,IYC,Consumer Discretionary
2015-02-03,4.759435144999521,6.315647218284647,116.68,553.15996,0.021895,0.018261,0.0,0.0,0.02189525310912594,0.018260731904866948,0.0,0.0036345212042589933,119450.0,82472.0,24551335.091715,55164628.531886,VCR,IYC,Consumer Discretionary
2015-02-04,4.7641378170837365,6.32263697882616,117.23,557.03996,0.004714,0.007014,0.0,0.0,0.004713747000342818,0.007014245933490921,0.0,-0.0023004989331481037,112652.0,133817.0,24244582.82075,56411624.830576,VCR,IYC,Consumer Discretionary
2015-02-05,4.771277668919018,6.327865424040295,118.07,559.96004,0.007165,0.005242,0.0,0.0,0.0071654013477778725,0.005242137386337884,0.0,0.001923263961439989,84601.0,97174.0,23738525.28525,56890089.732218005,VCR,IYC,Consumer Discretionary
2015-02-06,4.769242907725249,6.3256483816189695,117.83,558.71996,-0.002033,-0.002215,0.0,0.0,-0.002032692470568307,-0.002214586598000956,0.0,0.00018189412743264922,91302.0,69407.0,23169250.190750003,54133181.171404004,VCR,IYC,Consumer Discretionary
2015-02-09,4.765416535130188,6.3200485388859455,117.38,555.59996,-0.003819,-0.005584,0.0,0.0,-0.003819061359585844,-0.005584192839647254,0.0,0.0017651314800614095,64474.0,36573.0,22830550.577249996,50561225.098257996,VCR,IYC,Consumer Discretionary
2015-02-10,4.7777780505944065,6.333137522128367,118.84,562.92,0.012438,0.013175,0.0,0.0,0.012438234792980065,0.013175018947085454,0.0,-0.0007367841541053889,143494.0,135434.0,23046201.28525,52621494.127522,VCR,IYC,Consumer Discretionary
2015-02-11,4.7776939003019345,6.334344709052202,118.83,563.59996,-8.4e-05,0.001208,0.0,0.0,-8.41467519353753e-05,0.0012079158672636957,0.0,-0.001292062619199071,84095.0,84295.0,22805205.24775,52984607.172498,VCR,IYC,Consumer Discretionary
2015-02-12,4.788158187325206,6.342684640363751,120.08,568.32,0.010519,0.008375,0.0,0.0,0.010519229150887823,0.008374805420497332,0.0,0.0021444237303904906,96576.0,128534.0,22091139.14775,54473952.589854,VCR,IYC,Consumer Discretionary
2015-02-13,4.794881041213901,6.3480895598001705,120.89,571.40004,0.006745,0.00542,0.0,0.0,0.006745502998001332,0.005419552364864725,0.0,0.0013259506331366076,97505.0,81526.0,21864620.09025,55036803.366906,VCR,IYC,Consumer Discretionary
2015-02-17,4.79363947336828,6.347459189694216,120.74,571.03996,-0.001241,-0.00063,0.0,0.0,-0.0012407974191413682,-0.0006301714644613597,0.0,-0.0006106259546800085,101395.0,51932.0,21659798.985250004,55130612.293042004,VCR,IYC,Consumer Discretionary
2015-02-18,4.793722292532682,6.348789279888211,120.75,571.8,8.3e-05,0.001331,0.0,0.0,8.282259400364419e-05,0.001330975156274528,0.0,-0.0012481525622708837,84638.0,61144.0,12466357.08325,54179137.861042,VCR,IYC,Consumer Discretionary
2015-02-19,4.7969469015528015,6.348509422613594,121.14,571.64,0.00323,-0.00028,0.0,0.0,0.003229813664596273,-0.000279818118223016,0.0,0.003509631782819289,104598.0,45132.0,12536934.34225,53547265.997042,VCR,IYC,Consumer Discretionary
2015-02-20,4.8037751128551465,6.355899305658155,121.97,575.88,0.006852,0.007417,0.0,0.0,0.006851576688129437,0.007417255615422294,0.0,-0.0005656789272928571,96271.0,63799.0,12336504.44675,53441925.704408005,VCR,IYC,Consumer Discretionary
2015-02-23,4.802216138180428,6.356246539940612,121.78,576.08,-0.001558,0.000347,0.0,0.0,-0.0015577601049438386,0.00034729457525887244,0.0,-0.001905054680202711,108789.0,50536.0,12584949.895750001,53479228.188408,VCR,IYC,Consumer Discretionary
2015-02-24,4.80582269946677,6.3606113234096435,122.22,578.59996,0.003613,0.004374,0.0,0.0,0.003613072754146822,0.004374323010692821,0.0,-0.0007612502565459991,124314.0,84102.0,12480936.331,45344338.796204,VCR,IYC,Consumer Discretionary
2015-02-25,4.812915795122205,6.363648600647484,123.09,580.36,0.007118,0.003042,0.0,0.0,0.007118311242022582,0.0030418944377389864,0.0,0.004076416804283596,223472.0,40610.0,12712625.9595,45051589.092204005,VCR,IYC,Consumer Discretionary
2015-02-26,4.81039413599935,6.361509709984886,122.78,579.12,-0.002518,-0.002137,0.0,0.0,-0.0025184824112438053,-0.0021366048659452754,0.0,-0.00038187754529852994,90637.0,84926.0,12793945.765,45602307.972204,VCR,IYC,Consumer Discretionary
2015-02-27,4.808845454106903,6.359297082965903,122.59,577.84004,-0.001548,-0.00221,79683500.0,260028018.00000003,0.04951421109879196,0.07262405546346194,-180344518.00000003,-0.02310984436466998,81969.0,100530.0,12629879.9055,46543666.191264,VCR,IYC,Consumer Discretionary
2015-03-02,4.819232628566109,6.3692843543958215,123.87,583.64,0.010441,0.010037,0.0,0.0,0.010441308426462192,0.010037310671652184,0.0,0.0004039977548100076,1743653.0,107327.0,22911285.096,47423139.337264,VCR,IYC,Consumer Discretionary
2015-03-03,4.816726868050381,6.368049955665496,123.56,582.92,-0.002503,-0.001234,0.0,0.0,-0.0025026237184144666,-0.0012336371736002911,0.0,-0.0012689865448141755,106160.0,82455.0,22949690.390000004,46176560.503264,VCR,IYC,Consumer Discretionary
2015-03-04,4.811533737262284,6.362476227146767,122.92,579.68,-0.00518,-0.005558,0.0,0.0,-0.005179669796050502,-0.005558224113085844,0.0,0.0003785543170353421,92972.0,38186.0,22824225.002,45002333.116208,VCR,IYC,Consumer Discretionary
2015-03-05,4.8121030512543195,6.36468197651758,122.99,580.96004,0.000569,0.002208,0.0,0.0,0.0005694760820045558,0.0022081838255591842,0.0,-0.0016387077435546286,89468.0,54815.0,22714098.770000003,42867528.529472,VCR,IYC,Consumer Discretionary
2015-03-06,4.799914262780603,6.3538133641425185,121.5,574.68,-0.012115,-0.01081,0.0,0.0,-0.012114806081795267,-0.010809762406378496,0.0,-0.0013050436754167716,139891.0,35993.0,23064494.591500003,41181073.545124,VCR,IYC,Consumer Discretionary
2015-03-09,4.805004167866677,6.358673809761614,122.12,577.48,0.005103,0.004872,0.0,0.0,0.005102880658436214,0.004872276745319264,0.0,0.00023060391311695034,110035.0,51028.0,23198462.568500005,40715502.203938,VCR,IYC,Consumer Discretionary
2015-03-10,4.79015486020153,6.34310684851864,120.32,568.56,-0.01474,-0.015446,0.0,0.0,-0.01473960039305601,-0.015446422386922619,0.0,0.0007068219938666086,92678.0,66382.0,23377615.510500003,41586611.833084,VCR,IYC,Consumer Discretionary
2015-03-11,4.786491242448462,6.340782494593145,119.88,567.24,-0.003657,-0.002322,0.0,0.0,-0.0036569148936170214,-0.002321654706627139,0.0,-0.0013352601869898824,174929.0,170993.0,23573498.5885,42624389.935084,VCR,IYC,Consumer Discretionary
2015-03-12,4.805086051182997,6.359919829582246,122.13,578.2,0.018769,0.019322,0.0,0.0,0.01876876876876877,0.019321627529793516,0.0,-0.0005528587610247465,84938.0,81314.0,23592522.043,42599744.743674,VCR,IYC,Consumer Discretionary
2015-03-13,4.797772052189602,6.354787345018179,121.24,575.24,-0.007287,-0.005119,0.0,0.0,-0.007287316793580611,-0.005119335869941324,0.0,-0.0021679809236392874,88020.0,40548.0,23546256.979,40113564.175674,VCR,IYC,Consumer Discretionary
2015-03-16,4.808845454106903,6.366607895329757,122.59,582.08,0.011135,0.011891,0.0,0.0,0.011134938964038272,0.011890689103678593,0.0,-0.0007557501396403214,155526.0,116620.0,23910184.6235,41178474.672622,VCR,IYC,Consumer Discretionary
2015-03-17,4.805249797703749,6.363786436622893,122.15,580.44,-0.003589,-0.002818,0.0,0.0,-0.0035891997715963783,-0.0028174821330401315,0.0,-0.0007717176385562468,78371.0,40486.0,23776713.891,40870697.004486,VCR,IYC,Consumer Discretionary
2015-03-18,4.81324070780478,6.369900982828227,123.13,584.0,0.008023,0.006133,0.0,0.0,0.008022922636103151,0.0061332782027426185,0.0,0.0018896444333605326,70310.0,57760.0,23698575.481,40809182.044486,VCR,IYC,Consumer Discretionary
2015-03-19,4.813321919483064,6.369695482262378,123.14,583.88,8.1e-05,-0.000205,0.0,0.0,8.121497604158207e-05,-0.00020547945205479453,0.0,0.0002866944280963766,63806.0,29676.0,23457878.937,40385580.364486,VCR,IYC,Consumer Discretionary
2015-03-20,4.823179781073151,6.379037202374558,124.3599,589.36,0.009907,0.009385,0.0,0.0,0.009906610362189377,0.009385490169212852,0.0,0.0005211201929765253,65779.0,104922.0,23279783.736605,41640393.454486,VCR,IYC,Consumer Discretionary
2015-03-23,4.82261754475742,6.3762779355430395,124.29,587.73604,-0.000562,-0.002755,0.0,0.0,-0.0005620782905100438,-0.0027554635536853537,0.0,0.00219338526317531,93550.0,74982.0,23198733.990605,42388235.69805,VCR,IYC,Consumer Discretionary
2015-03-24,4.817616727753966,6.372091048635838,123.67,585.2804,-0.004988,-0.004178,0.0,0.0,-0.004988333735618312,-0.004178134116124646,0.0,-0.0008101996194936657,74931.0,29460.0,22902386.975105003,40817283.035454,VCR,IYC,Consumer Discretionary
2015-03-25,4.802010828881249,6.351095118872347,121.755,573.12,-0.015485,-0.017771,0.0,0.0,-0.015484757823239265,-0.02077704976964887,0.0,0.005292291946409606,89364.0,90446.0,22071054.242105,42230682.631454006,VCR,IYC,Consumer Discretionary
2015-03-26,4.795625242678768,6.3452861240642635,120.98,569.8004,-0.006365,-0.005792,0.0,0.0,-0.00636524167385323,-0.0057921552205471806,0.0,-0.0005730864533060494,109138.0,65805.0,22174809.461105,41646351.141554,VCR,IYC,Consumer Discretionary
2015-03-27,4.801065862809164,6.352211190416768,121.64,573.76,0.005455,0.006949,0.0,0.0,0.0054554471813522895,0.006949100070831821,0.0,-0.0014936528894795315,58827.0,35200.0,22030166.289605,39751655.780494,VCR,IYC,Consumer Discretionary
2015-03-30,4.811436921641862,6.362614224801026,122.9081,579.76,0.010425,0.010457,0.0,0.0,0.010425024662939823,0.01045733407696598,0.0,-3.230941402615657e-05,132498.0,91429.0,12045105.305795,39269983.118494004,VCR,IYC,Consumer Discretionary
2015-03-31,4.807947751349428,6.35749558597074,122.48,576.8,-0.003483,-0.005106,269456000.0,317240000.0,0.160614005711984,0.07973039899963939,-47784000.0,0.08088360671234461,167681.0,63808.0,12416127.269795,38706972.408494,VCR,IYC,Consumer Discretionary
2015-04-01,4.802051894113376,6.351025323025172,121.76,573.08,-0.005879,-0.006449,0.0,0.0,-0.005878510777269758,-0.006449375866851359,0.0,0.0005708650895816011,99325.0,101960.0,12449411.957795,40521751.224493995,VCR,IYC,Consumer Discretionary
2015-04-02,4.8121030512543195,6.358258124567877,122.99,577.24,0.010102,0.007259,0.0,0.0,0.010101839684625493,0.00725902142807275,0.0,0.002842818256552743,152516.0,49403.0,12837125.633795,40355354.380864,VCR,IYC,Consumer Discretionary
2015-04-06,4.816645932434619,6.361924046017331,123.55,579.36,0.004553,0.003673,0.0,0.0,0.004553215708594195,0.0036726491580625045,0.0,0.0008805665505316903,66795.0,65789.0,12399913.921295,41226907.270863995,VCR,IYC,Consumer Discretionary
2015-04-07,4.810801285551003,6.3561770332895575,122.83,576.03996,-0.005828,-0.00573,0.0,0.0,-0.0058276001618777825,-0.0057305302402652376,0.0,-9.706992161254493e-05,94762.0,79172.0,12310021.034294998,42033836.58452,VCR,IYC,Consumer Discretionary
2015-04-08,4.8201202622737735,6.365232637286542,123.98,581.28004,0.009363,0.009097,0.0,0.0,0.009362533583000895,0.009096730025465714,0.0,0.00026580355753518144,79649.0,388611.0,12246214.337295,51441319.969742,VCR,IYC,Consumer Discretionary
2015-04-09,4.8201202622737735,6.366057991549059,123.98,581.76,0.0,0.000826,0.0,0.0,0.0,0.0008256949610724634,0.0,-0.0008256949610724634,108005.0,42614.0,11867212.906295,47831172.535742,VCR,IYC,Consumer Discretionary
2015-04-10,4.823662939086874,6.369421347273537,124.42,583.71996,0.003549,0.003369,0.0,0.0,0.0035489595095983223,0.0033690181518151816,0.0,0.00017994135778314066,89788.0,82100.0,11907110.157295,47876555.231542,VCR,IYC,Consumer Discretionary
2015-04-13,4.817616727753966,6.36468197651758,123.67,580.96004,-0.006028,-0.004728,0.0,0.0,-0.006027969779778171,-0.004728157659710543,0.0,-0.0012998121200676277,70700.0,25396.0,11810706.367295,47448016.714333996,VCR,IYC,Consumer Discretionary
2015-04-14,4.8158362157911885,6.362407221177723,123.45,579.64,-0.001779,-0.002272,0.0,0.0,-0.0017789277917037276,-0.0022721700446042175,0.0,0.0004932422529004899,87120.0,55261.0,11395157.950295001,45655482.53633399,VCR,IYC,Consumer Discretionary
2015-04-15,4.817131447899731,6.361440637285843,123.61,579.08,0.001296,-0.000966,0.0,0.0,0.0012960712839206157,-0.0009661169001448,0.0,0.0022621881840654157,85007.0,32378.0,11441892.831295,45417970.456333995,VCR,IYC,Consumer Discretionary
2015-04-16,4.8187481324326,6.362407221177723,123.81,579.64,0.001618,0.000967,0.0,0.0,0.001617992071838848,0.0009670511846375835,0.0,0.0006509408872012645,102896.0,60349.0,11646007.004294999,45480413.174334,VCR,IYC,Consumer Discretionary
2015-04-17,4.804348859848469,6.347459189694216,122.04,571.03996,-0.014296,-0.014837,0.0,0.0,-0.014296098861158226,-0.014836864260575648,0.0,0.0005407653994174214,98981.0,38353.0,11857135.524294998,45709106.809627995,VCR,IYC,Consumer Discretionary
2015-04-20,4.81380905109942,6.3561076606958915,123.2,576.0,0.009505,0.008686,0.0,0.0,0.00950508030154048,0.008685977072427766,0.0,0.000819103229112713,85536.0,34566.0,11975023.791190002,43612766.113628,VCR,IYC,Consumer Discretionary
2015-04-21,4.815025842975365,6.35950473133435,123.35,577.96004,0.001218,0.003403,0.0,0.0,0.0012175324675324675,0.0034028472222223404,0.0,-0.002185314754689873,47382.0,52142.0,11685885.80119,42916084.546348,VCR,IYC,Consumer Discretionary
2015-04-22,4.816386894435534,6.361302477572996,123.518,579.0,0.001362,0.001799,0.0,0.0,0.0013619781110660722,0.0017993631532033456,0.0,-0.0004373850421372735,39628.0,44098.0,11467288.52789,43330603.617148,VCR,IYC,Consumer Discretionary
2015-04-23,4.821651594428751,6.366745255329196,124.17,582.15996,0.005279,0.005458,0.0,0.0,0.005278582878608786,0.005457616580310763,0.0,-0.00017903370170197722,82547.0,33846.0,11435755.88639,41723972.341455996,VCR,IYC,Consumer Discretionary
2015-04-24,4.83249378870183,6.378494025153356,125.5236,589.03996,0.010901,0.011818,0.0,0.0,0.010901183860835951,0.01181805770359061,0.0,-0.0009168738427546581,69290.0,104190.0,11210456.63659,42917790.246976,VCR,IYC,Consumer Discretionary
2015-04-27,4.824305715904762,6.369627041200056,124.5,583.84004,-0.008155,-0.008828,0.0,0.0,-0.008154641836276207,-0.008827788186050848,0.0,0.000673146349774641,124121.0,32606.0,11625324.047589999,42859807.064188,VCR,IYC,Consumer Discretionary
2015-04-28,4.821409960985506,6.367432184427123,124.14,582.56,-0.002892,-0.002192,0.0,0.0,-0.002891566265060241,-0.0021924498360888986,0.0,-0.0006991164289713424,108061.0,55755.0,11481804.8029,41833494.852188,VCR,IYC,Consumer Discretionary
2015-04-29,4.814377071563428,6.356801933521617,123.27,576.40004,-0.007008,-0.010574,0.0,0.0,-0.007008216529724505,-0.010573949464432733,0.0,0.0035657329347082278,87560.0,40954.0,10994602.4189,41173566.494095996,VCR,IYC,Consumer Discretionary
2015-04-30,4.803036954117508,6.347038885602681,121.88,570.8,-0.011276,-0.009716,50458320.0,256859999.99999997,0.015030604543749243,0.053945599508087555,-206401679.99999997,-0.03891499496433831,65838.0,196297.0,10791128.5909,43854321.034096,VCR,IYC,Consumer Discretionary
2015-05-01,4.815674193755838,6.360542257763757,123.43,578.56,0.012718,0.013595,0.0,0.0,0.012717426977354776,0.013594954449894997,0.0,-0.0008775274725402217,50057.0,54411.0,10162158.2244,44002453.056096,VCR,IYC,Consumer Discretionary
2015-05-04,4.818020947816869,6.361855001932656,123.72,579.32,0.00235,0.001314,0.0,0.0,0.002349509843636069,0.0013136061946902656,0.0,0.0010359036489458035,254936.0,37275.0,11326566.207899999,43176384.954096004,VCR,IYC,Consumer Discretionary
2015-05-05,4.807376066087421,6.349838117563495,122.41,572.40004,-0.010588,-0.011945,0.0,0.0,-0.010588425476883285,-0.011944969964786301,0.0,0.001356544487903016,67963.0,53115.0,11160552.9264,42416224.57467,VCR,IYC,Consumer Discretionary
2015-05-06,4.803283067577055,6.346548926769748,121.91,570.5204,-0.004085,-0.003284,0.0,0.0,-0.004084633608365329,-0.003283787331671046,0.0,-0.0008008462766942834,84601.0,56162.0,11182494.1709,32723712.028687995,VCR,IYC,Consumer Discretionary
2015-05-07,4.809334770704498,6.352908033454822,122.65,574.15996,0.00607,0.006379,0.0,0.0,0.0060700516774669835,0.006379368730723627,0.0,-0.0003093170532566438,97849.0,201801.0,11113030.1684,37277458.701086,VCR,IYC,Consumer Discretionary
2015-05-08,4.8178592793984425,6.361371490735573,123.7,579.03996,0.008561,0.008499,0.0,0.0,0.008560945780676722,0.00849937358919989,0.0,6.157219147683198e-05,77415.0,64067.0,11033270.7954,36736155.921152,VCR,IYC,Consumer Discretionary
2015-05-11,4.814295945534097,6.356385330475403,123.26,576.15996,-0.003557,-0.004974,0.0,0.0,-0.0035569927243330637,-0.0049737499981867645,0.0,0.0014167572738537008,153161.0,85328.0,11540028.588399999,38456581.715704,VCR,IYC,Consumer Discretionary
2015-05-12,4.812021740525323,6.355204475168832,122.98,575.48,-0.002272,-0.00118,0.0,0.0,-0.0022716209638163234,-0.001180158371296638,0.0,-0.0010914625925196855,121366.0,33147.0,11748559.922400001,37808779.191704,VCR,IYC,Consumer Discretionary
2015-05-13,4.806885789888681,6.350606515438026,122.35,572.84004,-0.005123,-0.004587,0.0,0.0,-0.005122784192551634,-0.004587405296448071,0.0,-0.0005353788961035633,42224.0,39255.0,11481479.4789,37995648.368214,VCR,IYC,Consumer Discretionary
2015-05-14,4.8109640989671885,6.356593723103973,122.85,576.28004,0.004087,0.006005,0.0,0.0,0.004086636697997548,0.0060051668175987415,0.0,-0.0019185301196011934,58192.0,45712.0,11201946.1509,37563759.309638,VCR,IYC,Consumer Discretionary
2015-05-15,4.81794011687474,6.363441811055157,123.71,580.24,0.007,0.006872,0.0,0.0,0.007000407000407,0.006871589722246844,0.0,0.0001288172781601562,54864.0,37657.0,10937325.3609,37561209.414344,VCR,IYC,Consumer Discretionary
2015-05-18,4.82326099366565,6.369010175218013,124.37,583.48,0.005335,0.005584,0.0,0.0,0.005335057796459462,0.005583896318764649,0.0,-0.0002488385223051873,67460.0,46212.0,10829923.6109,37913897.502344,VCR,IYC,Consumer Discretionary
2015-05-19,4.8235825629264,6.366264240905261,124.41,581.88,0.000322,-0.002742,0.0,0.0,0.0003216209696872236,-0.002742167683553849,0.0,0.003063788653241073,58878.0,24977.0,10903945.7249,37133778.72006,VCR,IYC,Consumer Discretionary
2015-05-20,4.823924920519835,6.361440637285843,124.4526,579.08,0.000342,-0.004812,0.0,0.0,0.000342416204485218,-0.004811988726197841,0.0,0.005154404930683059,53341.0,35681.0,10991128.466529999,36890249.29406,VCR,IYC,Consumer Discretionary
2015-05-21,4.8271931096335985,6.365507785207806,124.86,581.44,0.003274,0.004075,0.0,0.0,0.003273535466514914,0.004075429992401741,0.0,-0.0008018945258868268,53122.0,30361.0,10810276.06303,36787714.985752,VCR,IYC,Consumer Discretionary
2015-05-22,4.825991041932656,6.364061982696279,124.71,580.59996,-0.001201,-0.001445,0.0,0.0,-0.001201345506967804,-0.0014447578425976885,0.0,0.0002434123356298845,52463.0,23908.0,10702532.58733,34413160.506316,VCR,IYC,Consumer Discretionary
2015-05-26,4.818586581543719,6.3561770332895575,123.79,576.03996,-0.007377,-0.007854,0.0,0.0,-0.0073771149065832735,-0.007853944736751384,0.0,0.00047682983016811026,63765.0,35068.0,10324552.82983,34471354.55496799,VCR,IYC,Consumer Discretionary
2015-05-27,4.825830657008495,6.365370186308381,124.69,581.36,0.00727,0.009235,0.0,0.0,0.007270377251797399,0.00923553983997927,0.0,-0.0019651625881818707,54274.0,19715.0,9992189.455829998,33420398.534968,VCR,IYC,Consumer Discretionary
2015-05-28,4.824145060430081,6.3619923949656645,124.48,579.3996,-0.001684,-0.003372,0.0,0.0,-0.0016841767583607346,-0.003372093023255814,0.0,0.0016879162648950794,31119.0,18535.0,9646198.05183,32777062.752359997,VCR,IYC,Consumer Discretionary
2015-05-29,4.817311028894074,6.357544891273937,123.6322,576.82844,-0.006811,-0.004438,-21512002.8,0.0,-0.01762924601449077,-0.004437628193046733,-21512002.8,-0.013191617821444037,39540.0,13659.0,9489402.13923,27568691.355458003,VCR,IYC,Consumer Discretionary
2015-06-01,4.8200396008500555,6.359186250305489,123.97,577.776,0.002732,0.001643,0.0,0.0,0.002732297896502691,0.0016427067985760203,0.0,0.0010895910979266707,84915.0,131014.0,9706820.99123,29779527.190657996,VCR,IYC,Consumer Discretionary
2015-06-02,4.8218126509599415,6.360196512159925,124.19,578.36,0.001775,0.001011,0.0,0.0,0.001774622892635315,0.0010107723408379718,0.0,0.0007638505517973432,46452.0,45413.0,8418230.58923,30013072.674657993,VCR,IYC,Consumer Discretionary
2015-06-03,4.829513017877783,6.365920468341801,125.15,581.68,0.00773,0.00574,0.0,0.0,0.007730090989612691,0.005740369320146621,0.0,0.0019897216694660692,61958.0,31905.0,8389965.232730001,29420846.288428,VCR,IYC,Consumer Discretionary
2015-06-04,4.822858886619337,6.359158557529147,124.32,577.76,-0.006632,-0.006739,0.0,0.0,-0.006632041550139832,-0.00673910053637739,0.0,0.00010705898623755792,73385.0,26459.0,8330440.997229999,28583115.545188,VCR,IYC,Consumer Discretionary
2015-06-05,4.822295664976738,6.355760378178076,124.25,575.8,-0.000563,-0.003392,0.0,0.0,-0.0005630630630630631,-0.003392412074217779,0.0,0.002829349011154716,54027.0,31680.0,8066024.74223,23701880.04079,VCR,IYC,Consumer Discretionary
2015-06-08,4.815350070910442,6.3461275384267415,123.39,570.28004,-0.006922,-0.009587,0.0,0.0,-0.0069215291750503016,-0.009586592566863384,0.0,0.0026650633918130825,75185.0,29370.0,8051066.8247299995,22684468.623664,VCR,IYC,Consumer Discretionary
2015-06-09,4.813403124566547,6.345355689865238,123.15,569.84004,-0.001945,-0.000772,0.0,0.0,-0.0019450522732798443,-0.0007715507630250149,0.0,-0.0011735015102548295,78444.0,28567.0,7590154.51173,21040270.791454,VCR,IYC,Consumer Discretionary
2015-06-10,4.822939320964847,6.3549959318432006,124.33,575.36,0.009582,0.009687,0.0,0.0,0.009581810799837597,0.009686858789354177,0.0,-0.00010504798951658026,132825.0,58112.0,7669581.59023,21758265.029454,VCR,IYC,Consumer Discretionary
2015-06-11,4.825991041932656,6.357634272608504,124.71,576.88,0.003056,0.002642,0.0,0.0,0.0030563822086383014,0.0026418242491657398,0.0,0.0004145579594725616,81428.0,22873.0,7919020.56423,21293672.052943997,VCR,IYC,Consumer Discretionary
2015-06-12,4.82326099366565,6.354161323365209,124.37,574.88,-0.002726,-0.003467,0.0,0.0,-0.0027263250741720794,-0.0034669255304396063,0.0,0.0007406004562675269,68827.0,18561.0,7989576.90373,20510043.777519997,VCR,IYC,Consumer Discretionary
2015-06-15,4.8187481324326,6.349348759586699,123.81,572.12,-0.004503,-0.004801,0.0,0.0,-0.00450269357562113,-0.004801001948232675,0.0,0.00029830837261154465,74612.0,29089.0,8112101.217730001,20249658.827519998,VCR,IYC,Consumer Discretionary
2015-06-16,4.823100170249414,6.3540918107906235,124.35,574.84004,0.004362,0.004754,0.0,0.0,0.004361521686455052,0.004754317276096036,0.0,-0.0003927955896409841,58654.0,22521.0,8057282.45273,19548768.566562,VCR,IYC,Consumer Discretionary
2015-06-17,4.827753580443738,6.358396705499363,124.93,577.32,0.004664,0.004314,0.0,0.0,0.0046642541214314435,0.004314174078757519,0.0,0.0003500800426739243,116868.0,21969.0,8421047.81573,19456244.882562,VCR,IYC,Consumer Discretionary
2015-06-18,4.839055833834204,6.369695482262378,126.35,583.88,0.011366,0.011363,0.0,0.0,0.011366365164492116,0.01136284902653641,0.0,3.5161379557061695e-06,152557.0,32412.0,9052905.356400002,19369373.136561997,VCR,IYC,Consumer Discretionary
2015-06-19,4.836757984084964,6.368187186350492,126.06,583.0,-0.002295,-0.001507,0.0,0.0,-0.002295211713494262,-0.0015071590052750565,0.0,-0.0007880527082192055,81756.0,19792.0,9236572.7784,19063654.944562,VCR,IYC,Consumer Discretionary
2015-06-22,4.841011182468434,6.372978434393633,126.5973,585.8,0.004262,0.004803,0.0,0.0,0.004262256068538791,0.004802744425385935,0.0,-0.0005404883568471443,72470.0,31611.0,9368165.05845,19295491.942378,VCR,IYC,Consumer Discretionary
2015-06-23,4.845446136042602,6.375910287992071,127.16,587.52,0.004445,0.002936,0.0,0.0,0.0044448025352831376,0.0029361556845339705,0.0,0.001508646850749167,109143.0,17838.0,9667422.78495,18809472.564514,VCR,IYC,Consumer Discretionary
2015-06-24,4.837867950107113,6.366080062262595,126.2,581.77284,-0.00755,-0.007824,0.0,0.0,-0.007549543881723813,-0.009782066993464053,0.0,0.0022325231117402405,113803.0,18374.0,10047148.46195,18770871.652622,VCR,IYC,Consumer Discretionary
2015-06-25,4.837550942654783,6.365026037375274,126.16,581.15996,-0.000317,-0.001053,0.0,0.0,-0.0003169572107765452,-0.0010534695982026248,0.0,0.0007365123874260796,103441.0,29576.0,10505969.633949999,19093332.42217,VCR,IYC,Consumer Discretionary
2015-06-26,4.84119047511598,6.367775437785795,126.62,582.76,0.003646,0.002753,0.0,0.0,0.003646163601775523,0.0027531834780909546,0.0,0.0008929801236845685,80849.0,16121.0,10773403.793550001,19169121.137071997,VCR,IYC,Consumer Discretionary
2015-06-29,4.818182590102842,6.34717902995159,123.74,570.88,-0.022745,-0.020386,0.0,0.0,-0.022745221923866688,-0.02038575056627085,0.0,-0.0023594713575958368,128574.0,23284.0,11042545.50405,16048902.389872,VCR,IYC,Consumer Discretionary
2015-06-30,4.822054187131157,6.349977800320354,124.22,572.48,0.003879,0.002803,24844000.0,0.0,0.01658643173825068,0.002802690582959641,24844000.0,0.01378374115529104,129315.0,42476.0,11557277.27505,15951482.279872,VCR,IYC,Consumer Discretionary
2015-07-01,4.832624432889386,6.359573868672378,125.54,578.0,0.010626,0.009642,0.0,0.0,0.010626308162936726,0.009642258244829513,0.0,0.0009840499181072125,120023.0,121184.0,11922959.46105,18525774.859872002,VCR,IYC,Consumer Discretionary
2015-07-02,4.830551232242493,6.356940646999783,125.28,576.48,-0.002071,-0.00263,0.0,0.0,-0.0020710530508204557,-0.002629757785467128,0.0,0.0005587047346466722,181776.0,47493.0,12605443.16505,19130365.499872,VCR,IYC,Consumer Discretionary
2015-07-06,4.828633686113221,6.357010031214902,125.04,576.52,-0.001916,6.9e-05,0.0,0.0,-0.0019157088122605363,6.938662225922843e-05,0.0,-0.001985095434519765,167749.0,30694.0,13318567.17555,19103083.543872,VCR,IYC,Consumer Discretionary
2015-07-07,4.835408509778168,6.366676612045126,125.89,582.12,0.006798,0.009713,0.0,0.0,0.0067978246960972485,0.009713453132588635,0.0,-0.0029156284364913864,251286.0,26834.0,14436433.04505,19046657.709131997,VCR,IYC,Consumer Discretionary
2015-07-08,4.816484041548723,6.349069128799605,123.53,571.96004,-0.018747,-0.017453,0.0,0.0,-0.01874652474382397,-0.017453377310520057,0.0,-0.001293147433303915,123552.0,291556.0,14716533.04305,26570645.759110004,VCR,IYC,Consumer Discretionary
2015-07-09,4.820362207514681,6.357148091482244,124.01,576.5996,0.003886,0.008112,0.0,0.0,0.003885695782401036,0.008111685564606813,0.0,-0.004225989782205777,73813.0,36738.0,14348503.937050004,25958035.548350003,VCR,IYC,Consumer Discretionary
2015-07-10,4.834613849850781,6.372568654303211,125.79,585.56,0.014354,0.01554,0.0,0.0,0.014353681154745584,0.015540073215451415,0.0,-0.0011863920607058306,113435.0,42635.0,14554209.07555,26546554.26635,VCR,IYC,Consumer Discretionary
2015-07-13,4.848508444587821,6.386205624467724,127.55,593.59996,0.013992,0.01373,0.0,0.0,0.01399157325701566,0.013730377758043583,0.0,0.0002611954989720777,102914.0,42070.0,14782542.411050001,27261674.39821,VCR,IYC,Consumer Discretionary
2015-07-14,4.850231772603232,6.386677278751795,127.77,593.88,0.001725,0.000472,0.0,0.0,0.0017248137985103882,0.0004717655304424212,0.0,0.001253048268067967,87416.0,56009.0,14879113.941049999,28092685.710210003,VCR,IYC,Consumer Discretionary
2015-07-15,4.847802589886148,6.385896344818936,127.46,593.4164,-0.002426,-0.000781,0.0,0.0,-0.002426234640369414,-0.0007806290833164949,0.0,-0.001645605557052919,85649.0,24968.0,15060273.77305,28186208.116928,VCR,IYC,Consumer Discretionary
2015-07-16,4.853903586280085,6.39590913466214,128.24001,599.388,0.00612,0.010063,0.0,0.0,0.00611964537894253,0.010063085550045465,0.0,-0.003943440171102935,366580.0,56283.0,16680768.954340002,29238818.703128003,VCR,IYC,Consumer Discretionary
2015-07-17,4.851639562605798,6.393657574460566,127.95,598.03996,-0.002261,-0.002249,0.0,0.0,-0.002261462705750061,-0.002249027341221379,0.0,-1.2435364528681856e-05,202801.0,36930.0,17014409.50434,29396863.561268,VCR,IYC,Consumer Discretionary
2015-07-20,4.852030263919617,6.393791402715643,128.0,598.12,0.000391,0.000134,0.0,0.0,0.00039077764751856197,0.0001338372104767046,0.0,0.00025694043704185734,85731.0,39451.0,17047779.836340003,29999748.367268004,VCR,IYC,Consumer Discretionary
2015-07-21,4.848116364598481,6.3899050402791815,127.5,595.8,-0.003906,-0.003879,0.0,0.0,-0.00390625,-0.003878820303618003,0.0,-2.7429696381997028e-05,127740.0,22914.0,17403397.01979,29756470.237268,VCR,IYC,Consumer Discretionary
2015-07-22,4.8521201817518875,6.3955954322030095,128.01151,599.2,0.004012,0.005707,0.0,0.0,0.004011843137254785,0.005706612957368244,0.0,-0.0016947698201134594,57656.0,39205.0,17078497.406818,30407042.949268002,VCR,IYC,Consumer Discretionary
2015-07-23,4.845131522228461,6.38701399042877,127.12,594.08,-0.006964,-0.008545,0.0,0.0,-0.006964295632478558,-0.008544726301735648,0.0,0.0015804306692570897,108708.0,30673.0,17051348.524818,30783679.03316,VCR,IYC,Consumer Discretionary
2015-07-24,4.843005286045291,6.385127010555169,126.85,592.96004,-0.002124,-0.001885,0.0,0.0,-0.0021239773442416616,-0.0018852006463775921,0.0,-0.0002387766978640695,184634.0,31100.0,17569883.841818,30846312.546511997,VCR,IYC,Consumer Discretionary
2015-07-27,4.834375328680896,6.377474967382011,125.76,588.44,-0.008593,-0.007623,0.0,0.0,-0.008592826172644856,-0.007622840824147273,0.0,-0.0009699853484975837,96133.0,535984.0,17662513.126818,46146300.096512005,VCR,IYC,Consumer Discretionary
2015-07-28,4.843005286045291,6.386407760384737,126.85,593.71996,0.008667,0.008973,0.0,0.0,0.008667302798982188,0.008972809462307118,0.0,-0.00030550666332493023,73693.0,45475.0,17334423.641318,46831652.359562,VCR,IYC,Consumer Discretionary
2015-07-29,4.852724554094405,6.393724524267198,128.0889,598.08,0.009767,0.007344,0.0,0.0,0.009766653527788726,0.007343596802775504,0.0,0.002423056725013222,1349873.0,96164.0,25176435.561803002,48491507.59156201,VCR,IYC,Consumer Discretionary
2015-07-30,4.857173265982854,6.395261598115449,128.66,599.0,0.004459,0.001538,0.0,0.0,0.0044586220976212615,0.0015382557517388978,0.0,0.0029203663458823637,75687.0,21740.0,24909945.661803,45640402.99156201,VCR,IYC,Consumer Discretionary
2015-07-31,4.860664754186628,6.3997257425181475,129.11,601.68,0.003498,0.004474,-32277500.000000004,-120335999.99999999,-0.012182059303590743,-0.02249162474370035,88058499.99999999,0.010309565440109606,129936.0,32031.0,24610102.645803,45235085.363562,VCR,IYC,Consumer Discretionary
2015-08-03,4.8567068895640135,6.399526281063412,128.60001,601.56,-0.00395,-0.000199,0.0,0.0,-0.003950042599334018,-0.00019944156362185878,0.0,-0.0037506010357121595,177211.0,69660.0,24700802.7164085,46445533.599562004,VCR,IYC,Consumer Discretionary
2015-08-04,4.860044237951305,6.401585466752341,129.02991,602.8,0.003343,0.002061,0.0,0.0,0.0033429235347648884,0.0020613072677704634,0.0,0.001281616266994425,70499.0,39034.0,23573906.970663,46840987.95556201,VCR,IYC,Consumer Discretionary
2015-08-05,4.853045373521485,6.395461911941112,128.13,599.12,-0.006974,-0.006105,0.0,0.0,-0.006974429417179319,-0.0061048440610484405,0.0,-0.0008695853561308782,85568.0,186112.0,23358979.434663,44078239.95645,VCR,IYC,Consumer Discretionary
2015-08-06,4.838422471450589,6.378901520576199,126.27,589.28004,-0.014517,-0.016424,0.0,0.0,-0.014516506672910325,-0.016424021898784884,0.0,0.001907515225874559,243254.0,82348.0,24437086.057163,45445385.787906006,VCR,IYC,Consumer Discretionary
2015-08-07,4.8371545419677835,6.375774113143355,126.11,587.44,-0.001267,-0.003123,0.0,0.0,-0.0012671259998416093,-0.003122522188262026,0.0,0.001855396188420417,387729.0,33826.0,26168461.834163,45190655.529906005,VCR,IYC,Consumer Discretionary
2015-08-10,4.845682031463393,6.383641760889211,127.19,592.08,0.008564,0.007899,0.0,0.0,0.008563952105304893,0.007898679014026964,0.0,0.0006652730912779289,112207.0,32050.0,26225708.215663,44890826.214046,VCR,IYC,Consumer Discretionary
2015-08-11,4.835726197017755,6.376726947898627,125.93,588.0,-0.009906,-0.006891,0.0,0.0,-0.009906439185470555,-0.006890960680989166,0.0,-0.003015478504481389,85957.0,117023.0,26208479.350163,46668171.168046005,VCR,IYC,Consumer Discretionary
2015-08-12,4.8307108619020225,6.374888524339266,125.3,586.92,-0.005003,-0.001837,0.0,0.0,-0.005002779321845469,-0.0018367346938776628,0.0,-0.0031660446279678065,175478.0,231606.0,26762007.943163,52724059.810286,VCR,IYC,Consumer Discretionary
2015-08-13,4.836837308243178,6.378494025153356,126.07,589.03996,0.006145,0.003612,0.0,0.0,0.006145251396648044,0.0036120084508962044,0.0,0.00253324294575184,50526.0,132289.0,24729987.440872997,54933467.433508,VCR,IYC,Consumer Discretionary
2015-08-14,4.838501663689791,6.379512181179077,126.28,589.64,0.001666,0.001019,0.0,0.0,0.001665741254858412,0.0010186745225231678,0.0,0.0006470667323352443,58450.0,54855.0,23801621.343372997,55446421.757368006,VCR,IYC,Consumer Discretionary
2015-08-17,4.848665233550198,6.3892335157634,127.57,595.40004,0.010215,0.009769,0.0,0.0,0.010215394361735824,0.00976874024828709,0.0,0.00044665411344873424,66966.0,26105.0,23680085.574373,55043746.053578004,VCR,IYC,Consumer Discretionary
2015-08-18,4.848430040887125,6.3859361137412805,127.54,593.44,-0.000235,-0.003292,0.0,0.0,-0.00023516500744689191,-0.003291971562514507,0.0,0.003056806555067615,97672.0,80713.0,23488597.418372996,56756054.12957801,VCR,IYC,Consumer Discretionary
2015-08-19,4.8448954968939795,6.382154369633992,127.09,591.2,-0.003528,-0.003775,0.0,0.0,-0.0035283048455386546,-0.003774602318684171,0.0,0.0002462974731455162,183403.0,53558.0,24285000.200845,57164646.809578,VCR,IYC,Consumer Discretionary
2015-08-20,4.816888719632834,6.355899305658155,123.58,575.88,-0.027618,-0.025913,0.0,0.0,-0.027618223306318357,-0.02591339648173218,0.0,-0.0017048268245861767,193697.0,70024.0,24790905.915845,58269807.073578,VCR,IYC,Consumer Discretionary
2015-08-21,4.785823685681349,6.323426628251309,119.8,557.48,-0.030588,-0.031951,0.0,0.0,-0.030587473701246155,-0.03195110092380357,0.0,0.0013636272225574161,336644.0,197136.0,25636362.330845,62842723.075378,VCR,IYC,Consumer Discretionary
2015-08-24,4.744758200195145,6.277319952218355,114.98,532.36,-0.040234,-0.04506,0.0,0.0,-0.040233722871452424,-0.04505991246322738,0.0,0.004826189591774957,571775.0,490472.0,28319012.501845002,60128385.52337799,VCR,IYC,Consumer Discretionary
2015-08-25,4.742145641015169,6.282192052517666,114.68,534.96004,-0.002609,0.004884,0.0,0.0,-0.0026091494172899633,0.004883988278608584,0.0,-0.0074931376958985475,1238522.0,179673.0,34953299.797345,63584308.527674,VCR,IYC,Consumer Discretionary
2015-08-26,4.7763465316770475,6.317814295200602,118.67,554.36,0.034792,0.036264,0.0,0.0,0.03479246599232647,0.036264316116022294,0.0,-0.0014718501236958212,199010.0,118837.0,27488938.246859998,64002544.237674,VCR,IYC,Consumer Discretionary
2015-08-27,4.79966731871218,6.33922991841677,121.47,566.36,0.023595,0.021647,0.0,0.0,0.023594842841493217,0.02164658344757919,0.0,0.0019482593939140272,318751.0,872770.0,28937977.97436,88066532.097674,VCR,IYC,Consumer Discretionary
2015-08-28,4.800819202992908,6.337887043861003,121.61,565.59996,0.001153,-0.001342,0.0,0.0,0.0011525479542273812,-0.0013419733031993786,0.0,0.00249452125742676,124657.0,161297.0,28857153.014859997,91664390.33107999,VCR,IYC,Consumer Discretionary
2015-08-31,4.794798317964484,6.328365263347262,120.88,560.24,-0.006003,-0.009477,-81473120.0,-28012000.0,-0.04853956506814002,-0.01630778781867494,-53461120.0,-0.03223177724946508,145906.0,98943.0,28599542.060254503,92340748.16708,VCR,IYC,Consumer Discretionary
2015-09-01,4.768478803600115,6.306056284866621,117.74,547.88,-0.025976,-0.022062,0.0,0.0,-0.025976174718729317,-0.022061973439954304,0.0,-0.003914201278775013,467789.0,540575.0,30898591.922,105972774.95707999,VCR,IYC,Consumer Discretionary
2015-09-02,4.788074906042627,6.326864852273041,120.07,559.40004,0.019789,0.021027,0.0,0.0,0.01978936640054357,0.02102657516244433,0.0,-0.0012372087619007613,125227.0,141785.0,31102200.824499995,104363330.61865,VCR,IYC,Consumer Discretionary
2015-09-03,4.792645108022841,6.327079273315066,120.62,559.52,0.004581,0.000215,0.0,0.0,0.004580661280919464,0.00021444403185956153,0.0,0.004366217249059902,84168.0,77504.0,30074033.903500002,104105280.885954,VCR,IYC,Consumer Discretionary
2015-09-04,4.779711555463083,6.317958595345153,119.07,554.44,-0.01285,-0.009079,0.0,0.0,-0.012850273586469906,-0.009079210752073087,0.0,-0.0037710628343968194,112567.0,54260.0,28299376.328499995,104615939.333954,VCR,IYC,Consumer Discretionary
2015-09-08,4.802872844820349,6.340782494593145,121.86,567.24,0.023432,0.023086,0.0,0.0,0.02343159486016629,0.023086357405670464,0.0,0.00034523745449582463,116294.0,50384.0,28294375.254,105096122.14195399,VCR,IYC,Consumer Discretionary
2015-09-09,4.791815714262101,6.329078988307972,120.52,560.64,-0.010996,-0.011635,0.0,0.0,-0.010996225176431972,-0.011635286651152951,0.0,0.0006390614747209793,81336.0,38753.0,28243277.739500005,102741970.037954,VCR,IYC,Consumer Discretionary
2015-09-10,4.792645108022841,6.331928804998732,120.62,562.24,0.00083,0.002854,0.0,0.0,0.000829737802854298,0.0028538812785388126,0.0,-0.0020241434756845147,100495.0,37957.0,27749993.414499998,97012307.545954,VCR,IYC,Consumer Discretionary
2015-09-11,4.799502655448181,6.3388060698656385,121.45,566.12,0.006881,0.006901,0.0,0.0,0.006881114243077433,0.006900967558338076,0.0,-1.9853315260643344e-05,64794.0,20463.0,27824964.3385,93695357.860532,VCR,IYC,Consumer Discretionary
2015-09-14,4.794467356518472,6.334770594249869,120.84,563.84004,-0.005023,-0.004027,0.0,0.0,-0.005022643062988884,-0.0040273440260014375,0.0,-0.0009952990369874468,48005.0,78995.0,27745957.2485,94305149.948522,VCR,IYC,Consumer Discretionary
2015-09-15,4.804594650681708,6.342966835903204,122.07,568.4804,0.010179,0.00823,0.0,0.0,0.010178748758689175,0.008229922798671647,0.0,0.0019488259600175285,54237.0,21069.0,27649850.147000004,94126869.723692,VCR,IYC,Consumer Discretionary
2015-09-16,4.81591721696575,6.352002021861011,123.46,573.64,0.011387,0.009076,0.0,0.0,0.011386909150487425,0.009076126459241163,0.0,0.0023107826912462624,53315.0,24939.0,27356109.298,92447253.985692,VCR,IYC,Consumer Discretionary
2015-09-17,4.818828898091086,6.353952562361006,123.82,574.76,0.002916,0.001952,0.0,0.0,0.0029159241859711645,0.001952444041559166,0.0,0.0009634801444119985,86919.0,55249.0,26728790.4635,92451825.267692,VCR,IYC,Consumer Discretionary
2015-09-18,4.803037774596332,6.339300613000977,121.8801,566.40004,-0.015667,-0.014545,0.0,0.0,-0.015667097399450866,-0.014545131881132994,0.0,-0.001121965518317872,103615.0,143112.0,26163367.028575,94488486.33791599,VCR,IYC,Consumer Discretionary
2015-09-21,4.809742351716865,6.34668836867775,122.7,570.59996,0.006727,0.007415,0.0,0.0,0.0067271031119929044,0.007415112470684148,0.0,-0.0006880093586912432,61330.0,22717.0,24523129.018575,89641633.438482,VCR,IYC,Consumer Discretionary
2015-09-22,4.79727621829782,6.335196085410785,121.1799,564.08,-0.012389,-0.011427,0.0,0.0,-0.012388753056234667,-0.011426499223729238,0.0,-0.0009622538325054289,86600.0,33060.0,21760703.510575,77518673.98248199,VCR,IYC,Consumer Discretionary
2015-09-23,4.784570814354383,6.335054251498059,119.65,564.0,-0.00316,-0.000142,0.0,0.0,-0.01262503104887862,-0.0001418238547724901,0.0,-0.01248320719410613,55385.0,206968.0,14990359.125075001,78549277.819136,VCR,IYC,Consumer Discretionary
2015-09-24,4.78088664372991,6.329720905522696,119.21,561.0,-0.003677,-0.005319,0.0,0.0,-0.0036773923944839115,-0.005319148936170213,0.0,0.0016417565416863011,130201.0,31407.0,14585596.350575,76136320.203136,VCR,IYC,Consumer Discretionary
2015-09-25,4.779963476361254,6.32361316463003,119.1,557.584,-0.000923,-0.003365,0.0,0.0,-0.0009227413807566479,-0.006089126559714913,0.0,0.005166385178958265,84634.0,41715.0,13153657.622075,52584200.17113601,VCR,IYC,Consumer Discretionary
2015-09-28,4.749183946126996,6.293345412902194,115.49,540.96004,-0.030311,-0.029814,0.0,0.0,-0.030310663308144418,-0.029814270136876004,0.0,-0.0004963931712684139,163022.0,141089.0,13337051.272575,51838896.887908,VCR,IYC,Consumer Discretionary
2015-09-29,4.745279893972737,6.289418755063903,115.04,538.84004,-0.003896,-0.003919,0.0,0.0,-0.0038964412503247033,-0.003918958598124919,0.0,2.2517347800215387e-05,137579.0,47555.0,13246549.816575,50348532.477018006,VCR,IYC,Consumer Discretionary
2015-09-30,4.769327772154375,6.310572609559616,117.84,550.36,0.024339,0.021379,20622000.0,-137590000.0,0.03622974149335532,-0.014085371647998333,158212000.0,0.05031511314135365,78695.0,87961.0,10956346.913575,37960531.725018,VCR,IYC,Consumer Discretionary
2015-10-01,4.7748285688286485,6.3166590715808555,118.49,553.71996,0.005516,0.006105,0.0,0.0,0.005515953835709436,0.00610502216730867,0.0,-0.0005890683315992341,318085.0,103218.0,12089041.201575,36852498.333012,VCR,IYC,Consumer Discretionary
2015-10-02,4.788574489733284,6.33021996100944,120.13,561.28004,0.013841,0.013653,0.0,0.0,0.01384083044982699,0.013653255338673361,0.0,0.00018757511115362856,120836.0,58842.0,12307225.427575,36335588.434696004,VCR,IYC,Consumer Discretionary
2015-10-05,4.804348859848469,6.347038885602681,122.04,570.8,0.0159,0.016961,0.0,0.0,0.01589944227087322,0.016961158996496528,0.0,-0.0010617167256233087,88121.0,134296.0,12174772.135075,38664200.554696,VCR,IYC,Consumer Discretionary
2015-10-06,4.797359561980396,6.335904953378372,121.19,564.48,-0.006965,-0.011072,0.0,0.0,-0.006964929531301213,-0.011072179397336951,0.0,0.004107249866035738,68733.0,40661.0,11882680.406575,38382825.610696,VCR,IYC,Consumer Discretionary
2015-10-07,4.801805477421505,6.340359303727752,121.73,567.0,0.004456,0.004464,0.0,0.0,0.004455813185906428,0.004464285714285714,0.0,-8.472528379286325e-06,190192.0,134504.0,12550153.278575,41109689.914696,VCR,IYC,Consumer Discretionary
2015-10-08,4.81324070780478,6.351095118872347,123.13,573.12,0.011501,0.010794,0.0,0.0,0.011500862564692352,0.010793650793650795,0.0,0.000707211771041558,150419.0,77801.0,12870122.507075,42272108.186696,VCR,IYC,Consumer Discretionary
2015-10-09,4.813646700258897,6.355343479895216,123.18,575.56,0.000406,0.004257,0.0,0.0,0.00040607488020791033,0.004257398101619087,0.0,-0.003851323221411177,99630.0,49904.0,13090282.112075,43129019.820696004,VCR,IYC,Consumer Discretionary
2015-10-12,4.817212344231128,6.3602657400008455,123.62,578.40004,0.003572,0.004934,0.0,0.0,0.003572008442929047,0.004934394329001441,0.0,-0.0013623858860723937,149337.0,49933.0,13723287.899074998,42346055.082572,VCR,IYC,Consumer Discretionary
2015-10-13,4.8122656528806935,6.354856948325595,123.01,575.28004,-0.004934,-0.005394,0.0,0.0,-0.00493447662190584,-0.005394190498327075,0.0,0.0004597138764212347,947713.0,41709.0,19221161.176075,42946907.16461,VCR,IYC,Consumer Discretionary
2015-10-14,4.801887623065778,6.339653516799873,121.74,566.59996,-0.010324,-0.015088,0.0,0.0,-0.010324363872855865,-0.015088442839073644,0.0,0.004764078966217779,505712.0,51727.0,21970316.625075,43697032.573156,VCR,IYC,Consumer Discretionary
2015-10-15,4.814458191011861,6.353674076931543,123.28,574.59996,0.01265,0.014119,0.0,0.0,0.012649909643502547,0.014119309150674842,0.0,-0.0014693995071722952,220763.0,30739.0,22792984.228074998,42992418.219678,VCR,IYC,Consumer Discretionary
2015-10-16,4.819958932919548,6.358327486724668,123.96,577.28004,0.005516,0.004664,0.0,0.0,0.0055158987670343934,0.004664253718360858,0.0,0.0008516450486735355,105710.0,33148.0,22816744.48,39896270.03175,VCR,IYC,Consumer Discretionary
2015-10-19,4.824064723012886,6.362614224801026,124.47,579.76,0.004114,0.004296,0.0,0.0,0.004114230396902226,0.004295939281046336,0.0,-0.00018170888414410953,87494.0,128172.0,22985003.839,42963604.003184006,VCR,IYC,Consumer Discretionary
2015-10-20,4.822376144635548,6.360403973866696,124.26,578.48,-0.001687,-0.002208,0.0,0.0,-0.0016871535309713184,-0.0022078101283289635,0.0,0.0005206565973576451,97179.0,99403.0,23064067.998999998,44906312.135184005,VCR,IYC,Consumer Discretionary
2015-10-21,4.814295945534097,6.353047427399297,123.26,574.24,-0.008048,-0.00733,0.0,0.0,-0.008047642040882022,-0.007329553312128336,0.0,-0.0007180887287536863,111074.0,35152.0,23417276.298499998,40079098.759184,VCR,IYC,Consumer Discretionary
2015-10-22,4.826311734631628,6.364260447341103,124.75,580.7152,0.012088,0.011276,0.0,0.0,0.012088268700308291,0.011276121482307049,0.0,0.000812147218001243,200859.0,61092.0,23894071.2505,40971985.059104,VCR,IYC,Consumer Discretionary
2015-10-23,4.829592918800682,6.372295442587131,125.16,585.40004,0.003287,0.008067,0.0,0.0,0.0032865731462925853,0.00806736245236908,0.0,-0.004780789306076495,268261.0,170451.0,25068853.1185,44798105.342006005,VCR,IYC,Consumer Discretionary
2015-10-26,4.836599316889074,6.378901520576199,126.04,589.28004,0.007031,0.006628,0.0,0.0,0.007031000319590924,0.006627946250225743,0.0,0.00040305406936518105,118269.0,52720.0,24872813.817500003,42535271.973268,VCR,IYC,Consumer Discretionary
2015-10-27,4.829592918800682,6.376726947898627,125.16,588.0,-0.006982,-0.002172,0.0,0.0,-0.006981910504601714,-0.002172210007316725,0.0,-0.004809700497284989,112714.0,78378.0,24786823.6215,43558358.268158,VCR,IYC,Consumer Discretionary
2015-10-28,4.841506331088285,6.38154532087262,126.66,590.84004,0.011985,0.00483,0.0,0.0,0.011984659635666348,0.004830000000000116,0.0,0.007154659635666231,94720.0,52531.0,24923014.4415,42689718.37722,VCR,IYC,Consumer Discretionary
2015-10-29,4.842532174539857,6.384992017643103,126.79,592.88,0.001026,0.003453,0.0,0.0,0.0010263698089373124,0.0034526434599793394,0.0,-0.002426273651042027,175362.0,74378.0,24150227.257999998,42036886.467656,VCR,IYC,Consumer Discretionary
2015-10-30,4.844108343200942,6.382692722666221,126.99,591.51836,0.001577,-0.002297,158737500.0,29575918.0,0.08366853757982168,0.004881068293388498,129161582.0,0.07878746928643318,141725.0,67954.0,24324308.7115,42395346.393744,VCR,IYC,Consumer Discretionary
2015-11-02,4.849762068508171,6.389770690872026,127.71,595.71996,0.00567,0.007103,0.0,0.0,0.005669737774627924,0.007103076225732029,0.0,-0.0014333384511041056,302727.0,92487.0,25719657.628,41317356.15077,VCR,IYC,Consumer Discretionary
2015-11-03,4.854293248312848,6.392961860586475,128.28999,597.62404,0.004541,0.003196,0.0,0.0,0.004541461122856363,0.003196266917093173,0.0,0.0013451942057631904,164910.0,59082.0,26360985.127044998,41935181.263334,VCR,IYC,Consumer Discretionary
2015-11-04,4.847567194224188,6.385868775264876,127.43,593.40004,-0.006704,-0.007068,0.0,0.0,-0.0067034848159235666,-0.00706798876430752,0.0,0.00036450394838395336,111887.0,134157.0,25916269.539545,42102431.321648,VCR,IYC,Consumer Discretionary
2015-11-05,4.850935133232847,6.3874851963881465,127.8599,594.36,0.003374,0.001618,0.0,0.0,0.0033736168877029848,0.0016177282360816828,0.0,0.001755888651621302,114996.0,79955.0,25725383.819065,42249068.55564801,VCR,IYC,Consumer Discretionary
2015-11-06,4.850623024222136,6.388494243626453,127.82,594.96004,-0.000312,0.00101,0.0,0.0,-0.00031206030976085023,0.0010095564977455887,0.0,-0.001321616807506439,133146.0,35875.0,25962698.735065,41880140.815398,VCR,IYC,Consumer Discretionary
2015-11-09,4.836837308243178,6.375024819828097,126.07,587.0,-0.013691,-0.013379,0.0,0.0,-0.013691128148959474,-0.013379117024397248,0.0,-0.00031201112456222604,213690.0,129633.0,26386641.653065,44240806.905532,VCR,IYC,Consumer Discretionary
2015-11-10,4.844423279035369,6.3826954951883215,127.03,591.52,0.007615,0.0077,0.0,0.0,0.007614817165067026,0.0077001703577512775,0.0,-8.535319268425118e-05,96616.0,46110.0,21171389.370565,44404838.506114006,VCR,IYC,Consumer Discretionary
2015-11-11,4.839451481712757,6.376318701312022,126.4,587.76,-0.004959,-0.006357,0.0,0.0,-0.00495945839565457,-0.00635650527454693,0.0,0.0013970468788923598,112233.0,42874.0,18802432.986565,44199393.811568,VCR,IYC,Consumer Discretionary
2015-11-12,4.829113417472866,6.366470447731438,125.1,582.0,-0.010285,-0.0098,0.0,0.0,-0.010284810126582278,-0.009799918334013884,0.0,-0.00048489179256839404,1139551.0,51762.0,24569541.359565,44822536.603046,VCR,IYC,Consumer Discretionary
2015-11-13,4.802298250099019,6.344021021782966,121.79,569.08,-0.026459,-0.022199,0.0,0.0,-0.026458832933653077,-0.022199312714776515,0.0,-0.004259520218876562,199095.0,113863.0,25126739.782064997,47105610.46675,VCR,IYC,Consumer Discretionary
2015-11-16,4.813321919483064,6.354022850098851,123.14,574.8004,0.011085,0.010052,0.0,0.0,0.011084653912472289,0.010052013776621795,0.0,0.0010326401358504936,144288.0,43205.0,25470602.089064997,44631873.094849996,VCR,IYC,Consumer Discretionary
2015-11-17,4.813151367340394,6.3577730093438465,123.119,576.96004,-0.000171,0.003757,0.0,0.0,-0.00017053759948026636,0.003757199890605623,0.0,-0.003927737490085889,142814.0,41095.0,25745984.805365004,42942249.365040004,VCR,IYC,Consumer Discretionary
2015-11-18,4.829832583271571,6.373456299030504,125.19,586.08,0.016821,0.015807,0.0,0.0,0.016821124278137412,0.015806917927972966,0.0,0.0010142063501644462,127040.0,25945.0,25856642.623365,42693257.421040006,VCR,IYC,Consumer Discretionary
2015-11-19,4.829592918800682,6.370859427482962,125.16,584.56,-0.00024,-0.002594,0.0,0.0,-0.00023963575365444525,-0.0025935025935028256,0.0,0.0023538668398483805,281931.0,61228.0,26368108.808865,42708976.75512,VCR,IYC,Consumer Discretionary
2015-11-20,4.842216642471293,6.37822242775045,126.75,588.88,0.012704,0.00739,0.0,0.0,0.012703739213806327,0.007390173805939627,0.0,0.0053135654078667,72016.0,25036.0,25145732.870865,38457035.628218,VCR,IYC,Consumer Discretionary
2015-11-23,4.845917871250658,6.381747656355491,127.22,590.9596,0.003708,0.003531,0.0,0.0,0.003708086785009862,0.00353144953131368,0.0,0.000176637253696182,161479.0,39124.0,25427569.551865,38059728.612298,VCR,IYC,Consumer Discretionary
2015-11-24,4.844423279035369,6.3784261836515865,127.03,589.0,-0.001494,-0.003316,0.0,0.0,-0.0014934758685741236,-0.0033159627155561902,0.0,0.0018224868469820666,194317.0,35433.0,25956409.765365,36798917.262298,VCR,IYC,Consumer Discretionary
2015-11-25,4.8507004738906465,6.383439132605778,127.8299,591.96004,0.006297,0.005026,0.0,0.0,0.00629693773124452,0.005025534804753935,0.0,0.0012714029264905844,79474.0,50585.0,25864505.678995,36744261.286405995,VCR,IYC,Consumer Discretionary
2015-11-27,4.84717474494322,6.3822220263438725,127.38,591.24,-0.00352,-0.001216,0.0,0.0,-0.0035195208632721403,-0.0012163658884813712,0.0,-0.002303154974790769,50890.0,20689.0,25076916.689995,35151008.072406,VCR,IYC,Consumer Discretionary
2015-11-30,4.839451481712757,6.373387978378383,126.4,586.03996,-0.007693,-0.008795,-40953600.0,87905994.0,-0.027177625579418153,0.012444961678602724,-128859594.0,-0.039622587258020876,116088.0,88860.0,24910709.962495,35744981.682914004,VCR,IYC,Consumer Discretionary
2015-12-01,4.8491354529946,6.384317117165303,127.63,592.48,0.009731,0.010989,0.0,0.0,0.009731012658227848,0.010989079993794395,0.0,-0.0012580673355665466,130603.0,74406.0,23811089.748495,35194367.429887995,VCR,IYC,Consumer Discretionary
2015-12-02,4.840637486991133,6.378358337547036,126.55,588.96004,-0.008462,-0.005941,0.0,0.0,-0.008461960354148711,-0.0059410613016472,0.0,-0.002520899052501511,187001.0,43038.0,23936523.463450003,34696309.3634,VCR,IYC,Consumer Discretionary
2015-12-03,4.825509809969567,6.366539105168276,124.65,582.03996,-0.015014,-0.01175,0.0,0.0,-0.0150138285262742,-0.011749659620371075,0.0,-0.0032641689059031247,192147.0,146177.0,24421191.620449997,34969913.666732,VCR,IYC,Consumer Discretionary
2015-12-04,4.8433205694088235,6.386003515082593,126.89,593.48,0.01797,0.019655,0.0,0.0,0.017970316887284395,0.019655076603331614,0.0,-0.001684759716047219,87379.0,31466.0,24240398.83293,33527533.060731996,VCR,IYC,Consumer Discretionary
2015-12-07,4.839451481712757,6.384789595321978,126.4,592.76,-0.003862,-0.001213,0.0,0.0,-0.003861612420206478,-0.0012131832580710386,0.0,-0.0026484291621354395,99181.0,37748.0,24016286.66693,33579098.712982,VCR,IYC,Consumer Discretionary
2015-12-08,4.835805603060597,6.379580016881033,125.94,589.68,-0.003639,-0.005196,0.0,0.0,-0.003639240506329114,-0.005196032120925951,0.0,0.0015567916145968375,106659.0,96587.0,23340923.47493,32622141.270981997,VCR,IYC,Consumer Discretionary
2015-12-09,4.823984379141072,6.368873125997212,124.46,583.40004,-0.011752,-0.01065,0.0,0.0,-0.011751627759250437,-0.010649776149776038,0.0,-0.001101851609474399,216577.0,38938.0,24075025.62193,32394213.448858,VCR,IYC,Consumer Discretionary
2015-12-10,4.827353276207177,6.373183261486146,124.88,585.92,0.003375,0.004319,0.0,0.0,0.003374578177727784,0.004319437482383329,0.0,-0.0009448593046555453,95775.0,30174.0,23963732.161930002,32018209.840857994,VCR,IYC,Consumer Discretionary
2015-12-11,4.804905899035833,6.352211190416768,122.108,573.76,-0.022197,-0.020754,0.0,0.0,-0.02219730941704036,-0.020753686510103658,0.0,-0.0014436229069367014,108761.0,51418.0,17499870.066329997,31987015.224857997,VCR,IYC,Consumer Discretionary
2015-12-14,4.806558805499272,6.356940646999783,122.31,576.48,0.001654,0.004741,0.0,0.0,0.001654273266288859,0.004740658114891244,0.0,-0.003086384848602385,120449.0,56030.0,17024086.92333,30362166.142858,VCR,IYC,Consumer Discretionary
2015-12-15,4.81380905109942,6.360818699085732,123.2,578.71996,0.007277,0.003886,0.0,0.0,0.007276592265554738,0.0038855814598945325,0.0,0.0033910108056602055,95386.0,81685.0,16723283.467330003,31484090.575388003,VCR,IYC,Consumer Discretionary
2015-12-16,4.831189598047765,6.377882742295912,125.36,588.68,0.017533,0.01721,0.0,0.0,0.01753246753246753,0.017210465662874205,0.0,0.00032200186959332674,92830.0,50329.0,16425986.064029997,31779965.719198,VCR,IYC,Consumer Discretionary
2015-12-17,4.814458191011861,6.361440637285843,123.28,579.08,-0.016592,-0.016308,0.0,0.0,-0.016592214422463305,-0.016307671400421057,0.0,-0.0002845430220422482,135876.0,78248.0,16468318.84803,33285266.031197995,VCR,IYC,Consumer Discretionary
2015-12-18,4.799584990469429,6.348229486996957,121.46,571.48,-0.014763,-0.013124,0.0,0.0,-0.014763140817650877,-0.013124266077226058,0.0,-0.001638874740424819,192878.0,44662.0,15875342.744029999,32771866.035197996,VCR,IYC,Consumer Discretionary
2015-12-21,4.8041030085872425,6.3543005427302415,122.01,574.96004,0.004528,0.00609,0.0,0.0,0.004528239749711839,0.006089521943025244,0.0,-0.001561282193313405,153261.0,22645.0,16353910.07453,32685704.556488,VCR,IYC,Consumer Discretionary
2015-12-22,4.811289646296506,6.362269194952521,122.89,579.56,0.007213,0.008001,0.0,0.0,0.007212523563642324,0.008000486433804802,0.0,-0.0007879628701624782,110059.0,37840.0,16002999.68103,32626196.906967998,VCR,IYC,Consumer Discretionary
2015-12-23,4.813971375586425,6.367775437785795,123.22,582.76,0.006502,0.005521,0.0,0.0,0.0026853283424200505,0.005521430050383165,0.0,-0.002836101707963114,78123.0,65280.0,15250111.05853,33484823.696968,VCR,IYC,Consumer Discretionary
2015-12-24,4.812184355372417,6.365370186308381,123.0,581.36,-0.001785,0.000199,0.0,0.0,-0.0017854244440837527,-0.002402361177843366,0.0,0.0006169367337596132,58664.0,36317.0,15102936.984900001,33043271.321798004,VCR,IYC,Consumer Discretionary
2015-12-28,4.813370643324461,6.36564536517638,123.146,581.52,0.001187,0.000275,0.0,0.0,0.0011869918699186992,0.0002752167331773772,0.0,0.000911775136741322,79799.0,30971.0,15270164.957600001,33332175.899798,VCR,IYC,Consumer Discretionary
2015-12-29,4.824305715904762,6.376862993065832,124.5,588.08,0.010995,0.011281,0.0,0.0,0.010995079011904569,0.011280781400467855,0.0,-0.00028570238856328624,126201.0,54714.0,15322090.0226,32337210.813518,VCR,IYC,Consumer Discretionary
2015-12-30,4.816888719632834,6.369695482262378,123.58,583.88,-0.00739,-0.007142,0.0,0.0,-0.007389558232931727,-0.007141885457760962,0.0,-0.00024767277517076525,104114.0,56230.0,15131967.3841,31774586.089518,VCR,IYC,Consumer Discretionary
2015-12-31,4.808536245690218,6.3606113234096435,122.5521,578.59996,-0.008318,-0.009043,15319012.5,173579988.0,-0.0006549400509813499,0.03253559190005035,-158260975.5,-0.0331905319510317,156342.0,42673.0,14906720.57751,31741732.784096003,VCR,IYC,Consumer Discretionary
2016-01-04,4.79081953287472,6.342684640363751,120.4,568.32,-0.017561,-0.017767,0.0,0.0,-0.0175606945943807,-0.017766955946557507,0.0,0.0002062613521768078,306428.0,89678.0,15553860.960010001,30035980.070449997,VCR,IYC,Consumer Discretionary
2016-01-05,4.788990618905782,6.342966132272717,120.18,568.48,-0.001827,0.000281,0.0,0.0,-0.0018272425249169434,0.0002815315315314189,0.0,-0.0021087740564483624,164824.0,59286.0,15989912.31051,30787403.250450004,VCR,IYC,Consumer Discretionary
2016-01-06,4.777357228301448,6.33583408918956,118.79,564.44,-0.011566,-0.007107,0.0,0.0,-0.011565984356798136,-0.007106670419363805,0.0,-0.004459313937434331,251883.0,134067.0,16859147.46901,33452266.900450002,VCR,IYC,Consumer Discretionary
2016-01-07,4.7562590403509475,6.317525632428878,116.31,554.2,-0.020877,-0.018142,0.0,0.0,-0.020877178213654347,-0.01814187513287506,0.0,-0.0027353030807792875,278300.0,98381.0,17805969.39601,33330633.30245,VCR,IYC,Consumer Discretionary
2016-01-08,4.744410253079596,6.308130426426059,114.94,549.01756,-0.011779,-0.009351,0.0,0.0,-0.011778866821425501,-0.009351208949837719,0.0,-0.0024276578715877826,248423.0,76716.0,17885897.70601,34300733.321222,VCR,IYC,Consumer Discretionary
2016-01-11,4.750654852730072,6.3122429196073595,115.66,551.28004,0.006264,0.004121,0.0,0.0,0.006264137811031843,0.004120961085470563,0.0,0.0021431767255612796,180496.0,77182.0,18331686.97401,35544200.619586006,VCR,IYC,Consumer Discretionary
2016-01-12,4.760719886729057,6.321631231165918,116.83,556.48,0.010116,0.009433,0.0,0.0,0.010115856821718831,0.009432519994738065,0.0,0.0006833368269807665,155976.0,51772.0,18578791.368610002,35509625.163586,VCR,IYC,Consumer Discretionary
2016-01-13,4.726325307544559,6.287189191202947,112.88,537.64,-0.03381,-0.033856,0.0,0.0,-0.03380980912436874,-0.03385566417481311,0.0,4.585505044436833e-05,244550.0,102656.0,19222425.70911,36654215.035586,VCR,IYC,Consumer Discretionary
2016-01-14,4.733035556985987,6.297109319933935,113.64,543.0,0.006733,0.009969,0.0,0.0,0.006732813607370659,0.009969496317238301,0.0,-0.0032366827098676424,423687.0,73817.0,21042237.48311,36294709.588956,VCR,IYC,Consumer Discretionary
2016-01-15,4.71276819658611,6.276267478808919,111.36,531.8,-0.020063,-0.020626,0.0,0.0,-0.02006335797254488,-0.02062615101289146,0.0,0.0005627930403465826,295863.0,84960.0,22107744.227110002,37072412.202956,VCR,IYC,Consumer Discretionary
2016-01-19,4.714383270961408,6.281892845227788,111.54,534.8,0.001616,0.005641,0.0,0.0,0.0016163793103448276,0.005641218503196691,0.0,-0.0040248391928518635,274460.0,259789.0,22800867.98311,41753577.470956005,VCR,IYC,Consumer Discretionary
2016-01-20,4.7066431549187255,6.270988431858299,110.68,529.0,-0.00771,-0.010845,0.0,0.0,-0.0077102384794692485,-0.010845175766641617,0.0,0.0031349372871723683,373180.0,129595.0,23694698.00911,43905193.23295601,VCR,IYC,Consumer Discretionary
2016-01-21,4.718498871295094,6.280545640473471,112.0,534.08,0.011926,0.009603,0.0,0.0,0.011926273942898446,0.009603024574669309,0.0,0.0023232493682291376,189607.0,82441.0,23821528.47861,45455699.191666,VCR,IYC,Consumer Discretionary
2016-01-22,4.736636948730397,6.299096294867383,114.05,544.08,0.018304,0.018724,0.0,0.0,0.01830357142857143,0.018723786698621927,0.0,-0.0004202152700504974,195903.0,71066.0,24262407.81061,46292451.135666,VCR,IYC,Consumer Discretionary
2016-01-25,4.724108110059605,6.285998094508865,112.63,537.0,-0.012451,-0.013013,0.0,0.0,-0.012450679526523454,-0.013012792236435934,0.0,0.0005621127099124795,105679.0,129162.0,24376223.296109997,47858322.195666,VCR,IYC,Consumer Discretionary
2016-01-26,4.73952623848717,6.2992432477510905,114.38,544.15996,0.015538,0.013333,0.0,0.0,0.015537600994406464,0.013333258845437497,0.0,0.002204342148968967,96530.0,55642.0,24567494.76611,48316567.064382,VCR,IYC,Consumer Discretionary
2016-01-27,4.724729421045731,6.284992076538154,112.7,536.46004,-0.014688,-0.01415,0.0,0.0,-0.014687882496940025,-0.014150103951051218,0.0,-0.0005377785458888073,177912.0,45478.0,25078682.50341,48635910.753337994,VCR,IYC,Consumer Discretionary
2016-01-28,4.734706107337125,6.290383251485751,113.83,539.36,0.010027,0.005406,0.0,0.0,0.010026619343389529,0.005405733482031458,0.0,0.004620885861358071,186629.0,54350.0,25355280.231909998,48492811.097338,VCR,IYC,Consumer Discretionary
2016-01-29,4.748664285626821,6.305837234812808,115.43,547.76,0.014056,0.015574,-63486500.00000001,-136940000.0,-0.020156368797232135,-0.0185056512416406,73453500.0,-0.001650717555591534,178557.0,105804.0,25742501.55141,49748992.429338,VCR,IYC,Consumer Discretionary
2016-02-01,4.753848778359454,6.312170286006944,116.03,551.24,0.005198,0.006353,0.0,0.0,0.005197955470848133,0.006353147363808967,0.0,-0.0011551918929608345,162507.0,75766.0,25727283.891,50602725.116684,VCR,IYC,Consumer Discretionary
2016-02-02,4.733827218196353,6.290309086765874,113.73,539.32,-0.019822,-0.021624,0.0,0.0,-0.019822459708696026,-0.021623975038095808,0.0,0.0018015153293997818,130244.0,204901.0,24623219.837,53579795.43468399,VCR,IYC,Consumer Discretionary
2016-02-03,4.730480376953538,6.286742770613841,113.35,537.40004,-0.003341,-0.00356,0.0,0.0,-0.003341246812626396,-0.0035599643996144514,0.0,0.0002187175869880556,176146.0,70380.0,24631099.876,53785760.91144399,VCR,IYC,Consumer Discretionary
2016-02-04,4.727299319221155,6.283760957110508,112.99,535.8,-0.003176,-0.002977,0.0,0.0,-0.00317600352889281,-0.002977372312812009,0.0,-0.00019863121608080072,193794.0,30184.0,24229880.0005,50810751.397443995,VCR,IYC,Consumer Discretionary
2016-02-05,4.694553747122777,6.254367205077216,109.35,520.28004,-0.032215,-0.028966,0.0,0.0,-0.03221524028675104,-0.02896595744680839,0.0,-0.0032492828399426493,127908.0,86805.0,23310763.3405,50342759.331054,VCR,IYC,Consumer Discretionary
2016-02-08,4.6732960150356915,6.2348812032617476,107.05,510.24,-0.021033,-0.019297,0.0,0.0,-0.021033379058070414,-0.019297376851128097,0.0,-0.0017360022069423178,194884.0,117385.0,22926192.969499998,51231563.894406,VCR,IYC,Consumer Discretionary
2016-02-09,4.669271111394615,6.233783077808233,106.62,509.68,-0.004017,-0.001098,0.0,0.0,-0.004016814572629613,-0.0010975227343994983,0.0,-0.0029192918382301143,220720.0,101839.0,23059042.9215,51699384.168042,VCR,IYC,Consumer Discretionary
2016-02-10,4.669646205172456,6.235899812556481,106.66,510.76,0.000375,0.002119,0.0,0.0,0.00037516413430876007,0.0021189766127766444,0.0,-0.0017438124784678842,200006.0,76393.0,23214541.1155,52209804.474042006,VCR,IYC,Consumer Discretionary
2016-02-11,4.667769327744611,6.235978124158384,106.46,510.8,-0.001875,7.8e-05,0.0,0.0,-0.0018751171948246765,7.831466833737959e-05,0.0,-0.001953431863162056,449206.0,188815.0,24225424.4535,54272540.982042,VCR,IYC,Consumer Discretionary
2016-02-12,4.6872108963243,6.254136379656177,108.55,520.15996,0.019632,0.018324,0.0,0.0,0.019631786586511366,0.018324119028974028,0.0,0.0013076675575373377,147937.0,104445.0,22620962.987,54984814.783152,VCR,IYC,Consumer Discretionary
2016-02-16,4.712678393703377,6.275138598162224,111.35,531.2,0.025795,0.021224,0.0,0.0,0.025794564716720404,0.021224317227339324,0.0,0.00457024748938108,129444.0,41457.0,21694277.273,53826826.303152,VCR,IYC,Consumer Discretionary
2016-02-17,4.735496447663666,6.295634937064565,113.92,542.2,0.02308,0.020708,0.0,0.0,0.023080377189043558,0.020707831325301202,0.0,0.0023725458637423556,319959.0,50589.0,21986100.317,48251536.233151995,VCR,IYC,Consumer Discretionary
2016-02-18,4.728537599938376,6.287040381678863,113.13,537.56,-0.006935,-0.008558,0.0,0.0,-0.006934691011235955,-0.008557727775728757,0.0,0.001623036764492802,210335.0,44633.0,21110682.1245,46023394.257152,VCR,IYC,Consumer Discretionary
2016-02-19,4.731009570827239,6.291643136820455,113.41,540.03996,0.002475,0.004613,0.0,0.0,0.0024750287280120215,0.0046133640895899995,0.0,-0.002138335361577978,102375.0,34481.0,20629400.362,44752945.686189994,VCR,IYC,Consumer Discretionary
2016-02-22,4.74970333672039,6.307661187457964,115.55,548.76,0.01887,0.016147,0.0,0.0,0.01886958821973371,0.016147027342199024,0.0,0.002722560877534686,218063.0,50834.0,20772122.487,44214449.51419,VCR,IYC,Consumer Discretionary
2016-02-23,4.7454537314351475,6.304741191116482,115.06,547.15996,-0.004241,-0.002916,0.0,0.0,-0.0042405884898312415,-0.0029157372986370477,0.0,-0.0013248511911941939,93656.0,38851.0,20715794.166500002,41809335.394488,VCR,IYC,Consumer Discretionary
2016-02-24,4.751346296145693,6.311371766854499,115.74,550.8,0.00591,0.006653,0.0,0.0,0.0059099600208586825,0.0066526066709998305,0.0,-0.000742646650141148,123680.0,33669.0,20879475.2565,41222672.229771994,VCR,IYC,Consumer Discretionary
2016-02-25,4.761831996001468,6.320480555015893,116.96,555.84004,0.010541,0.00915,0.0,0.0,0.010540867461551754,0.009150399419027112,0.0,0.0013904680425246424,342898.0,26555.0,21882208.6405,40740832.357925996,VCR,IYC,Consumer Discretionary
2016-02-26,4.762837816943333,6.316948056786513,117.0777,553.88,0.001006,-0.003526,0.0,0.0,0.0010063269493843273,-0.00352626629776449,0.0,0.004532593247148817,181812.0,43843.0,21884316.22662,40489309.599926,VCR,IYC,Consumer Discretionary
2016-02-29,4.758491950931741,6.3147067949583136,116.57,552.64,-0.004336,-0.002239,-67027749.99999999,-138160000.0,-0.04068144332495484,-0.036883239851391796,71132250.0,-0.003798203473563043,81357.0,45039.0,21327963.77562,38836067.295926,VCR,IYC,Consumer Discretionary
2016-03-01,4.783316371371566,6.3354796928999235,119.5,564.24,0.025135,0.02099,0.0,0.0,0.025135111949901347,0.02099015634047481,0.0,0.004144955609426536,145840.0,69569.0,21256573.41512,38710485.431926,VCR,IYC,Consumer Discretionary
2016-03-02,4.7832326858616625,6.334486714592927,119.49,563.68,-8.4e-05,-0.000992,0.0,0.0,-8.368200836820084e-05,-0.0009924854671772094,0.0,0.0009088034588090086,100496.0,41608.0,21116354.26112,34357804.937926,VCR,IYC,Consumer Discretionary
2016-03-03,4.790653406119625,6.338876653116121,120.38,566.15996,0.007448,0.0044,0.0,0.0,0.007448322035316763,0.0043995884189611135,0.0,0.0030487336163556493,79247.0,31713.0,20595034.49912,33364425.73774,VCR,IYC,Consumer Discretionary
2016-03-04,4.790736472946935,6.338169960009224,120.39,565.76,8.3e-05,-0.000706,0.0,0.0,8.30702774547267e-05,-0.0007064434581349261,0.0,0.0007895137355896528,96176.0,33578.0,20079126.72812,33505650.84174,VCR,IYC,Consumer Discretionary
2016-03-07,4.788491243115129,6.33512510005207,120.12,564.03996,-0.002243,-0.00304,0.0,0.0,-0.00224271118863693,-0.0030402290723983115,0.0,0.0007975178837613815,74539.0,38383.0,19827470.97212,32329982.687364,VCR,IYC,Consumer Discretionary
2016-03-08,4.778282803696737,6.328365263347262,118.9,560.24,-0.010157,-0.006737,0.0,0.0,-0.010156510156510156,-0.0067370404040166445,0.0,-0.0034194697524935116,191880.0,33208.0,19925080.96212,30265479.063364,VCR,IYC,Consumer Discretionary
2016-03-09,4.7813898305905775,6.333066461549193,119.27,562.88,0.003112,0.004712,0.0,0.0,0.0031118587047939445,0.004712266171640726,0.0,-0.0016004074668467812,104470.0,39988.0,19371429.48712,28795636.259364,VCR,IYC,Consumer Discretionary
2016-03-10,4.781557503293855,6.331715350232544,119.29,562.12,0.000168,-0.00135,0.0,0.0,0.00016768676113020878,-0.0013501989766913018,0.0,0.0015178857378215106,98263.0,45797.0,18890887.15262,28131882.307364,VCR,IYC,Consumer Discretionary
2016-03-11,4.7980194646687,6.34752930492102,121.27,571.08,0.016598,0.01594,0.0,0.0,0.016598206052477155,0.015939657012737616,0.0,0.0006585490397395394,90306.0,116935.0,17047334.04562,26648509.197364,VCR,IYC,Consumer Discretionary
2016-03-14,4.8016411658864655,6.3521414027055885,121.71,573.71996,0.003628,0.004623,0.0,0.0,0.0036282675022676673,0.004622749877425109,0.0,-0.0009944823751574417,76219.0,30519.0,16708236.70262,24807571.819216,VCR,IYC,Consumer Discretionary
2016-03-15,4.799255609702288,6.34857876455198,121.42,571.67964,-0.002383,-0.003556,0.0,0.0,-0.002382713006326514,-0.0035562994879942272,0.0,0.0011735864816677134,126725.0,22776.0,16756904.70762,24357502.673248,VCR,IYC,Consumer Discretionary
2016-03-16,4.8077844460498085,6.355968762161047,122.46,575.92,0.008565,0.007417,0.0,0.0,0.008565310492505354,0.0074173710296906855,0.0,0.0011479394628146683,106109.0,35463.0,15584123.650619999,24007227.431248,VCR,IYC,Consumer Discretionary
2016-03-17,4.812346943780222,6.355899305658155,123.02,575.88,0.004573,-6.9e-05,0.0,0.0,0.004572921770374,-6.94540908458317e-05,0.0,0.004642375861219831,130923.0,88051.0,15199671.096119996,25342922.151248,VCR,IYC,Consumer Discretionary
2016-03-18,4.813890216636577,6.358881518326537,123.21,577.59996,0.001544,0.002987,0.0,0.0,0.0015444643147455698,0.0029866638883100645,0.0,-0.0014421995735644946,265886.0,105082.0,16257144.361619998,27446634.208046,VCR,IYC,Consumer Discretionary
2016-03-21,4.809823847988456,6.359020082142926,122.71,577.68,-0.0003,0.000139,0.0,0.0,-0.0040581121662202745,0.0001385734167985943,0.0,-0.004196685583018869,82364.0,31211.0,15502629.701119998,26953349.440046,VCR,IYC,Consumer Discretionary
2016-03-22,4.806886607215686,6.356385330475403,122.3501,576.15996,-0.002933,-0.002631,0.0,0.0,-0.0029329313014423994,-0.0026312837557125055,0.0,-0.00030164754572989394,69014.0,29970.0,15386020.223189998,26753839.559807997,VCR,IYC,Consumer Discretionary
2016-03-23,4.798349252782828,6.3485793942751,121.31,571.68,-0.008501,-0.005207,0.0,0.0,-0.008501014711062788,-0.007775548998580187,0.0,-0.0007254657124826014,70151.0,27599.0,15095784.953689998,26615485.115808003,VCR,IYC,Consumer Discretionary
2016-03-24,4.79966731871218,6.348999121458596,121.47,571.92,0.001319,0.00042,0.0,0.0,0.001318934960019784,0.0004198152812762385,0.0,0.0008991196787435456,114708.0,25137.0,13787196.487689998,26596286.154698,VCR,IYC,Consumer Discretionary
2016-03-28,4.804758477680764,6.354161323365209,122.09,574.88,0.005104,0.005176,0.0,0.0,0.005104140940149831,0.005175549027836182,0.0,-7.14080876863506e-05,67560.0,24088.0,13135309.96807,26074483.584698,VCR,IYC,Consumer Discretionary
2016-03-29,4.8158362157911885,6.36413094346476,123.45,580.64,0.011139,0.01002,0.0,0.0,0.011139323449913998,0.01001948232674645,0.0,0.0011198411231675472,61222.0,18800.0,13039013.48857,25375767.536698,VCR,IYC,Consumer Discretionary
2016-03-30,4.82116826914143,6.370448777966549,124.11,584.32,0.005346,0.006338,0.0,0.0,0.0053462940461725394,0.006337834114081132,0.0,-0.0009915400679085928,62368.0,29653.0,12554644.112569999,24279428.956698,VCR,IYC,Consumer Discretionary
2016-03-31,4.820765319544972,6.368598765448085,124.06,583.24,-0.000403,-0.001848,-24812000.0,-87486000.0,-0.013575394371342288,-0.023391144696510158,62674000.0,0.00981575032516787,70591.0,39134.0,12392106.73357,24247974.792698,VCR,IYC,Consumer Discretionary
2016-04-01,4.824787527525743,6.374138566915331,124.56,586.48,0.00403,0.005555,0.0,0.0,0.004030307915524746,0.005555174542212468,0.0,-0.0015248666266877223,99232.0,38588.0,12533135.93657,24481797.764124,VCR,IYC,Consumer Discretionary
2016-04-04,4.8158362157911885,6.368255726025609,123.45,583.03996,-0.008911,-0.005866,0.0,0.0,-0.008911368015414258,-0.005865570863456674,0.0,-0.003045797151957584,56184.0,23382.0,12301000.24457,24213575.317360003,VCR,IYC,Consumer Discretionary
2016-04-05,4.807049241997577,6.358188826899716,122.37,577.2,-0.008748,-0.010016,0.0,0.0,-0.008748481166464156,-0.010016397503868964,0.0,0.001267916337404808,84739.0,160637.0,12371794.582069999,27767081.848126,VCR,IYC,Consumer Discretionary
2016-04-06,4.817454993967425,6.368598148206278,123.65,583.23964,0.01046,0.010464,0.0,0.0,0.01046008008498815,0.010463686763686642,0.0,-3.606678698491253e-06,54803.0,69763.0,11569887.52957,28871286.702392,VCR,IYC,Consumer Discretionary
2016-04-07,4.805004167866677,6.354370040797351,122.12,575.0,-0.012374,-0.014127,0.0,0.0,-0.012373635260816822,-0.014127366240058718,0.0,0.0017537309792418961,66100.0,86229.0,11350487.28457,30224948.180391997,VCR,IYC,Consumer Discretionary
2016-04-08,4.804184965723707,6.354787345018179,122.02,575.24,-0.000819,0.000417,0.0,0.0,-0.0008188666885031117,0.0004173913043478261,0.0,-0.001236257992850938,52424.0,23460.0,11084236.44507,29612534.218391996,VCR,IYC,Consumer Discretionary
2016-04-11,4.800901429691963,6.350187322807218,121.62,572.59996,-0.003278,-0.004589,0.0,0.0,-0.0032781511227667594,-0.004589458313051943,0.0,0.0013113071902851837,75452.0,31188.0,10995489.62607,27166484.606016003,VCR,IYC,Consumer Discretionary
2016-04-12,4.808519109974122,6.3580502171552284,122.55,577.12,0.007647,0.007894,0.0,0.0,0.007646768623581648,0.007893888082004058,0.0,-0.0002471194584224099,89152.0,124610.0,11077937.781569999,29886762.793054003,VCR,IYC,Consumer Discretionary
2016-04-13,4.823904028813601,6.370790997606451,124.45,584.52,0.015504,0.012822,0.0,0.0,0.015503875968992248,0.012822289991682839,0.0,0.002681585977309409,74252.0,100467.0,10770623.37657,32171982.561021995,VCR,IYC,Consumer Discretionary
2016-04-14,4.822778445803624,6.3703118573118545,124.31,584.24,-0.001125,-0.000479,0.0,0.0,-0.001124949779027722,-0.0004790255252172723,0.0,-0.0006459242538104496,46227.0,21877.0,10408241.88807,31789860.937022,VCR,IYC,Consumer Discretionary
2016-04-15,4.825509809969567,6.37372926204571,124.65,586.24,0.002735,0.003423,0.0,0.0,0.0027350977395221624,0.003423250718882651,0.0,-0.0006881529793604886,81632.0,16170.0,10111705.95507,29728495.483022004,VCR,IYC,Consumer Discretionary
2016-04-18,4.833261477026235,6.380325906049366,125.62,590.12,0.007782,0.006618,0.0,0.0,0.007781789009225833,0.0066184497816593885,0.0,0.0011633392275664442,134760.0,54215.0,9320142.81207,28293395.323186,VCR,IYC,Consumer Discretionary
2016-04-19,4.829433110570218,6.377067026119895,125.14,588.2,-0.003821,-0.003254,0.0,0.0,-0.003821047603884732,-0.0032535755439570425,0.0,-0.0005674720599276894,52008.0,69894.0,9140212.546069998,29447479.339186,VCR,IYC,Consumer Discretionary
2016-04-20,4.8303915770972665,6.376182582071357,125.26,587.68,0.000959,-0.000884,0.0,0.0,0.000958926002876778,-0.0008840530431828293,0.0,0.0018429790460596073,53221.0,23745.0,9051342.179,29281826.719126005,VCR,IYC,Consumer Discretionary
2016-04-21,4.826311734631628,6.369489939457365,124.75,583.76,-0.004072,-0.00667,0.0,0.0,-0.004071531215072649,-0.006670296760141455,0.0,0.0025987655450688063,42543.0,60901.0,8891203.250999998,30270515.291126,VCR,IYC,Consumer Discretionary
2016-04-22,4.8251888599547765,6.365920468341801,124.61,581.68,-0.001122,-0.003563,0.0,0.0,-0.0011222444889779559,-0.003563108126627501,0.0,0.0024408636376495453,41311.0,28963.0,8451912.3985,30394057.531126,VCR,IYC,Consumer Discretionary
2016-04-25,4.825028346310772,6.36750077586759,124.59,582.59996,-0.000161,0.001582,0.0,0.0,-0.0001605007623786213,0.001581556869756688,0.0,-0.0017420576321353091,62006.0,26713.0,8425758.7555,30479821.695699997,VCR,IYC,Consumer Discretionary
2016-04-26,4.829513017877783,6.3695584584200144,125.15,583.8,0.004495,0.00206,0.0,0.0,0.004494742756240469,0.002059801033971801,0.0,0.002434941722268668,68388.0,56131.0,8475803.8705,31572483.9857,VCR,IYC,Consumer Discretionary
2016-04-27,4.828873580560815,6.369969405144901,125.07,584.03996,-0.000639,0.000411,0.0,0.0,-0.0006392329204954055,0.00041103117505995206,0.0,-0.0010502640955553574,46465.0,23339.0,8379348.124,31387687.369022,VCR,IYC,Consumer Discretionary
2016-04-28,4.817454993967425,6.357634272608504,123.65,576.88,-0.011354,-0.012259,0.0,0.0,-0.011353641960502118,-0.012259366636488248,0.0,0.00090572467598613,40706.0,40263.0,8193136.995999999,31407807.633022,VCR,IYC,Consumer Discretionary
2016-04-29,4.819797577533961,6.358188826899716,123.94,577.2,0.002345,0.000555,-24664060.0,-86580000.0,-0.010972873056924242,-0.0215163516522958,61915940.0,0.010543478595371558,46837.0,28399.0,7865368.989,31095848.261021994,VCR,IYC,Consumer Discretionary
2016-05-02,4.833579846974801,6.3716801525913,125.66,585.03996,0.013878,0.013583,0.0,0.0,0.013877682749717605,0.013582744282744032,0.0,0.00029493846697357246,85879.0,35937.0,8058151.006,31465445.295912005,VCR,IYC,Consumer Discretionary
2016-05-03,4.82374330878754,6.364888441004683,124.43,581.08,-0.009788,-0.006769,0.0,0.0,-0.009788317682635684,-0.00676870003888257,0.0,-0.003019617643753114,91736.0,25660.0,8110410.958500001,27574987.115911998,VCR,IYC,Consumer Discretionary
2016-05-04,4.818020947816869,6.361026169973514,123.72,578.84004,-0.005706,-0.003855,0.0,0.0,-0.005706019448686008,-0.0038548220554828934,0.0,-0.0018511973932031148,56538.0,25639.0,8121335.478999999,26282603.754924,VCR,IYC,Consumer Discretionary
2016-05-05,4.811371016571989,6.356315972330849,122.9,576.12,-0.006628,-0.004699,0.0,0.0,-0.00662786938247656,-0.004699122057969713,0.0,-0.0019287473245068465,41633.0,29282.0,7973563.664,24647017.296924002,VCR,IYC,Consumer Discretionary
2016-05-06,4.817616727753966,6.360887883868881,123.67,578.76,0.006265,0.004582,0.0,0.0,0.0062652563059397886,0.0045823786711101855,0.0,0.001682877634829603,58869.0,27508.0,8017741.3015,24768287.280924,VCR,IYC,Consumer Discretionary
2016-05-09,4.821329403527856,6.366745255329196,124.13,582.15996,0.00372,0.005875,0.0,0.0,0.003719576291744158,0.005874559402861166,0.0,-0.002154983111117008,42001.0,28231.0,7819596.896,24697122.794838,VCR,IYC,Consumer Discretionary
2016-05-10,4.832465108424777,6.377542941415956,125.52,588.48,0.011198,0.010856,0.0,0.0,0.011197937646016273,0.010856191483866517,0.0,0.00034174616214975584,250348.0,27100.0,8844502.064,21898767.034838,VCR,IYC,Consumer Discretionary
2016-05-11,4.812379458289825,6.358743073830905,123.024,577.52,-0.019885,-0.018624,0.0,0.0,-0.01988527724665392,-0.01862425231103861,0.0,-0.0012610249356153104,70711.0,53287.0,8817426.497200001,20501233.904838,VCR,IYC,Consumer Discretionary
2016-05-12,4.812997033190408,6.356593723103973,123.1,576.28004,0.000618,-0.002147,0.0,0.0,0.0006177656392248667,-0.002147042526665743,0.0,0.00276480816589061,35960.0,29747.0,8751436.3787,20719293.098332,VCR,IYC,Consumer Discretionary
2016-05-13,4.802380355275797,6.346478111720049,121.8,570.48,-0.010561,-0.010065,0.0,0.0,-0.010560519902518278,-0.010064620666022026,0.0,-0.0004958992364962524,64590.0,46449.0,8636018.038700001,21570229.334332,VCR,IYC,Consumer Discretionary
2016-05-16,4.8077844460498085,6.353882896074668,122.46,574.71996,0.005419,0.007432,0.0,0.0,0.00541871921182266,0.0074322675641564995,0.0,-0.0020135483523338396,44013.0,39757.0,8059082.077699999,21113018.616818,VCR,IYC,Consumer Discretionary
2016-05-17,4.7962862904635415,6.341839759340562,121.06,567.84004,-0.011432,-0.011971,0.0,0.0,-0.011432304425935,-0.01197090840554751,0.0,0.0005386039796125095,41187.0,51434.0,7982972.932700001,20517750.307685997,VCR,IYC,Consumer Discretionary
2016-05-18,4.790736472946935,6.335975812545806,120.39,564.52,-0.005534,-0.005847,0.0,0.0,-0.005534445729390385,-0.0058467874156955734,0.0,0.00031234168630518873,62074.0,50700.0,8023304.252700001,21251085.427686,VCR,IYC,Consumer Discretionary
2016-05-19,4.7900717450454335,6.338382041590734,120.31,565.88,-0.000665,0.002409,0.0,0.0,-0.0006645070188553867,0.0024091263374194007,0.0,-0.0030736333562747875,63028.0,68672.0,8137087.2242,21416512.607686,VCR,IYC,Consumer Discretionary
2016-05-20,4.797689567758492,6.34458324509332,121.23,569.40004,0.007647,0.00622,0.0,0.0,0.007646912143628958,0.006220470771188238,0.0,0.0014264413724407203,41245.0,15721.0,8129705.6062,21021729.617128,VCR,IYC,Consumer Discretionary
2016-05-23,4.792562199595151,6.339018016597153,120.61,566.24,-0.005114,-0.00555,0.0,0.0,-0.005114245648766807,-0.0055497712996296945,0.0,0.00043552565086288787,34556.0,33391.0,7951829.1872000005,21188945.972554,VCR,IYC,Consumer Discretionary
2016-05-24,4.80614992460058,6.35088571671474,122.26,573.0,0.013681,0.011938,0.0,0.0,0.013680457673493077,0.011938400678157672,0.0,0.0017420569953354049,33082.0,40681.0,7726121.543199999,20715992.732553996,VCR,IYC,Consumer Discretionary
2016-05-25,4.81112688587948,6.354856948325595,122.87,575.28004,0.004989,0.003979,0.0,0.0,0.004989366922951088,0.00397912739965096,0.0,0.0010102395233001285,50677.0,16905.0,7746886.815200001,20520702.755041998,VCR,IYC,Consumer Discretionary
2016-05-26,4.8122656528806935,6.356454822650428,123.01,576.2,0.001139,0.001599,0.0,0.0,0.0011394156425490356,0.0015991516062334992,0.0,-0.00045973596368446357,55465.0,26596.0,7836359.452699999,20125587.543041997,VCR,IYC,Consumer Discretionary
2016-05-27,4.818425004551931,6.361371490735573,123.77,579.03996,0.006178,0.004929,0.0,0.0,0.006178359482968864,0.0049287747309959325,0.0,0.0012495847519729316,46848.0,19679.0,7836029.4117,19875738.771684,VCR,IYC,Consumer Discretionary
2016-05-31,4.818182590102842,6.361924046017331,123.74,579.36,-0.000242,0.000553,-21654500.0,-86904000.0,-0.012081441951804812,-0.022016150105929923,65249500.0,0.00993470815412511,115019.0,66535.0,8008074.207699999,20751895.599558,VCR,IYC,Consumer Discretionary
2016-06-01,4.818425004551931,6.364268644096572,123.77,580.71996,0.000242,0.002347,0.0,0.0,0.00024244383384515922,0.002347348798674399,0.0,-0.00210490496482924,54130.0,50448.0,7772322.1887,21471177.986662,VCR,IYC,Consumer Discretionary
2016-06-02,4.825076503109317,6.370441247817715,124.596,584.3156,0.006674,0.006192,0.0,0.0,0.006673668901995637,0.006191693497154808,0.0,0.0004819754048408292,72361.0,31373.0,7873372.678500001,21645720.663324,VCR,IYC,Consumer Discretionary
2016-06-03,4.8201202622737735,6.366332981238679,123.98,581.92,-0.004944,-0.0041,0.0,0.0,-0.004943978939933866,-0.004099839196489146,0.0,-0.0008441397434447197,68173.0,17755.0,8040142.320499999,21318822.851324,VCR,IYC,Consumer Discretionary
2016-06-06,4.821329403527856,6.366951500391931,124.13,582.28004,0.00121,0.000619,0.0,0.0,0.0012098725600903372,0.0006187104756668844,0.0,0.0005911620844234528,70430.0,17016.0,8113249.654000001,21018200.205356,VCR,IYC,Consumer Discretionary
2016-06-07,4.823662939086874,6.368324398205812,124.42,583.08,0.002336,0.001374,0.0,0.0,0.0023362603721904453,0.0013738406695171508,0.0,0.0009624197026732945,45836.0,65327.0,8137716.203500001,22100995.671818,VCR,IYC,Consumer Discretionary
2016-06-08,4.8251888599547765,6.370106441172271,124.61,584.12,0.001527,0.001784,0.0,0.0,0.0015270856775438033,0.0017836317486449999,0.0,-0.0002565460711011966,82920.0,48966.0,7083165.2155,22733706.267818,VCR,IYC,Consumer Discretionary
2016-06-09,4.822537084524846,6.367912774775121,124.28,582.84004,-0.002648,-0.002191,0.0,0.0,-0.0026482625792472515,-0.002191262069437661,0.0,-0.0004570005098095903,57104.0,42607.0,7003051.9683,22436644.135032002,VCR,IYC,Consumer Discretionary
2016-06-10,4.8103126861927485,6.35950473133435,122.77,577.96004,-0.01215,-0.008373,0.0,0.0,-0.012149983907306082,-0.008372794703672038,0.0,-0.003777189203634044,84920.0,23674.0,7302999.5883,22263645.316886,VCR,IYC,Consumer Discretionary
2016-06-13,4.803036954117508,6.352490013783973,121.88,573.92,-0.007249,-0.00699,0.0,0.0,-0.00724932801172925,-0.006990171846482927,0.0,-0.00025915616524632267,70803.0,24809.0,7341119.970300001,21650653.104886,VCR,IYC,Consumer Discretionary
2016-06-14,4.800243426707209,6.349208849079552,121.54,572.03996,-0.00279,-0.003276,0.0,0.0,-0.002789629143419757,-0.003275787566211319,0.0,0.00048615842279156217,96037.0,61086.0,7655245.220300001,22255377.682228003,VCR,IYC,Consumer Discretionary
2016-06-15,4.8041030085872425,6.350606515438026,122.01,572.84004,0.003867,0.001399,0.0,0.0,0.0038670396577258517,0.0013986435493075463,0.0,0.0024683961084183055,56682.0,14019.0,7751728.850299999,21196595.677398004,VCR,IYC,Consumer Discretionary
2016-06-16,4.807130958034395,6.353047427399297,122.38,574.24,0.003033,0.002444,0.0,0.0,0.0030325383165314317,0.0024438934121992005,0.0,0.0005886449043322312,167040.0,65113.0,8400192.1673,21635061.933398,VCR,IYC,Consumer Discretionary
2016-06-17,4.805495367221621,6.348859301920697,122.18,571.84004,-0.001634,-0.004179,0.0,0.0,-0.0016342539630658604,-0.0041793675118416106,0.0,0.0025451135487757504,49162.0,22290.0,8321377.8913,20329372.089978002,VCR,IYC,Consumer Discretionary
2016-06-20,4.814701509882439,6.355412905520507,123.31,575.59996,0.009249,0.006575,0.0,0.0,0.009248649533475201,0.006575125449417509,0.0,0.0026735240840576923,186927.0,54092.0,9223869.7423,21438562.840352,VCR,IYC,Consumer Discretionary
2016-06-21,4.809660848803092,6.3521414027055885,122.69,573.71996,-0.001744,-0.00086,0.0,0.0,-0.005027978266158462,-0.00326615728048348,0.0,-0.001761820985674982,63208.0,148478.0,9403229.2603,24752436.459396,VCR,IYC,Consumer Discretionary
2016-06-22,4.8066405616208066,6.351653310346511,122.32,573.44,-0.003016,-0.000488,0.0,0.0,-0.00301573070339881,-0.00048797326137986664,0.0,-0.0025277574420189434,72963.0,28225.0,9647240.702300001,24396193.009396,VCR,IYC,Consumer Discretionary
2016-06-23,4.817293234018836,6.36074964776139,123.63,578.68,0.01071,0.009138,0.0,0.0,0.010709614126880315,0.009137834821428315,0.0,0.0015717793054519993,96623.0,48141.0,9933181.6273,25302849.249586,VCR,IYC,Consumer Discretionary
2016-06-24,4.780215333811269,6.328650885840437,119.13,560.40004,-0.036399,-0.031589,0.0,0.0,-0.03639893229798592,-0.03158906476809278,0.0,-0.004809867529893146,264068.0,49136.0,11164965.1868,25913409.307858,VCR,IYC,Consumer Discretionary
2016-06-27,4.759349436835766,6.311807329209297,116.67,551.03996,-0.02065,-0.016702,0.0,0.0,-0.02064971040040292,-0.016702497023376502,0.0,-0.0039472133770264185,234202.0,39320.0,12241263.7058,26427007.500575997,VCR,IYC,Consumer Discretionary
2016-06-28,4.7770204429147505,6.327222171311695,118.75,559.59996,0.017828,0.015534,0.0,0.0,0.017828062055369846,0.015534263613114508,0.0,0.002293798442255338,129829.0,52094.0,12300500.8403,25957211.636388,VCR,IYC,Consumer Discretionary
2016-06-29,4.795129169911258,6.3461275384267415,120.92,570.28004,0.018274,0.019085,0.0,0.0,0.018273684210526317,0.019085205081144037,0.0,-0.0008115208706177199,60252.0,23298.0,12329800.9273,25156722.827880003,VCR,IYC,Consumer Discretionary
2016-06-30,4.8038570968683105,6.3521414027055885,121.98,573.71996,0.008766,0.006032,-18297000.0,-258173982.0,-0.0015957800214561743,-0.0636163842484232,239876982.0,0.06202060422696702,63192.0,23066.0,12264414.377500001,24901807.391808,VCR,IYC,Consumer Discretionary
2016-07-01,4.812509505757334,6.3602657400008455,123.04,578.40004,0.00869,0.008157,0.0,0.0,0.00868994917199541,0.008157429279608818,0.0,0.0005325198923865921,135713.0,151610.0,12676716.3265,28769769.415028,VCR,IYC,Consumer Discretionary
2016-07-05,4.802216138180428,6.354856948325595,121.78,575.28004,-0.010241,-0.005394,0.0,0.0,-0.010240572171651495,-0.005394190498327075,0.0,-0.00484638167332442,86203.0,63319.0,12764482.5985,30095673.399633996,VCR,IYC,Consumer Discretionary
2016-07-06,4.810801285551003,6.361578708847675,122.83,579.15996,0.008622,0.006744,0.0,0.0,0.00862210543603219,0.00674440225668167,0.0,0.0018777031793505193,91501.0,28911.0,13041290.234000001,29028334.721812,VCR,IYC,Consumer Discretionary
2016-07-07,4.815350070910442,6.365576577558124,123.39,581.48,0.004559,0.004006,0.0,0.0,0.004559146788243915,0.004005870847839825,0.0,0.0005532759404040894,84917.0,32041.0,13048552.605500001,28529793.759811997,VCR,IYC,Consumer Discretionary
2016-07-08,4.833181868699161,6.381409843558109,125.61,590.76,0.017992,0.015959,0.0,0.0,0.01799173352783856,0.015959276329366445,0.0,0.002032457198472115,71595.0,62873.0,13143360.747,29145283.154598005,VCR,IYC,Consumer Discretionary
2016-07-11,4.840479434201172,6.3874178948435505,126.53,594.32,0.007324,0.006026,0.0,0.0,0.007324257622800733,0.006026135825039066,0.0,0.0012981217977616668,82839.0,27782.0,13146160.2605,29286721.76725,VCR,IYC,Consumer Discretionary
2016-07-12,4.845917871250658,6.391582048889551,127.22,596.8,0.005453,0.004173,0.0,0.0,0.005453252193155773,0.004172836182527665,0.0,0.0012804160106281081,161799.0,73879.0,13743890.217499997,30779352.063249998,VCR,IYC,Consumer Discretionary
2016-07-13,4.841585279495541,6.388494243626453,126.67,594.96004,-0.004323,-0.003083,0.0,0.0,-0.004323219619556674,-0.0030830428954420957,0.0,-0.0012401767241145781,897557.0,56807.0,18844950.628,30722065.163036,VCR,IYC,Consumer Discretionary
2016-07-14,4.845996472154609,6.394660415772103,127.23,598.64,0.004421,0.006185,0.0,0.0,0.004420936291150233,0.006185222120127464,0.0,-0.0017642858289772315,89158.0,20836.0,19066340.704,30944196.088998,VCR,IYC,Consumer Discretionary
2016-07-15,4.841032509710076,6.389636457722005,126.6,595.64,-0.004952,-0.005011,0.0,0.0,-0.004951662343786843,-0.005011359080582654,0.0,5.969673679581157e-05,78206.0,41338.0,18539266.924000002,30305799.948997997,VCR,IYC,Consumer Discretionary
2016-07-18,4.845391085769893,6.3931893356004235,127.153,597.76,0.004368,0.003559,0.0,0.0,0.004368088467614534,0.003559196830300181,0.0,0.0008088916373143527,90250.0,19508.0,18812714.1785,30251539.328417998,VCR,IYC,Consumer Discretionary
2016-07-19,4.842476174864798,6.390978649722706,126.7829,596.44,-0.002911,-0.002208,0.0,0.0,-0.0029106666771526956,-0.0022082441113489048,0.0,-0.0007024225658037908,57785.0,34668.0,18026523.253825,29728640.772602,VCR,IYC,Consumer Discretionary
2016-07-20,4.848273215041905,6.394358419086559,127.52,598.45924,0.005814,0.003385,0.0,0.0,0.005813875530532877,0.003385487224196769,0.0,0.0024283883063361076,62965.0,22691.0,18040238.617825,26148383.0923,VCR,IYC,Consumer Discretionary
2016-07-21,4.846546505563361,6.390039304511392,127.3,595.88,-0.001725,-0.00431,0.0,0.0,-0.001725219573400251,-0.0043098006139900185,0.0,0.0025845810405897675,71077.0,72422.0,18046402.014824998,27496856.9603,VCR,IYC,Consumer Discretionary
2016-07-22,4.850623024222136,6.394994517377439,127.82,598.84004,0.004085,0.004967,0.0,0.0,0.00408483896307934,0.004967510236960594,0.0,-0.0008826712738812543,42892.0,26767.0,17723249.712325,26905402.833834,VCR,IYC,Consumer Discretionary
2016-07-25,4.851795861449505,6.394459941315219,127.97,598.52,0.001174,-0.000534,0.0,0.0,0.0011735252699108121,-0.0005344332018949147,0.0,0.0017079584718057267,43987.0,10511.0,16431779.489825001,25843164.201562,VCR,IYC,Consumer Discretionary
2016-07-26,4.851483239328943,6.394125727883412,127.93,598.32,-0.000313,-0.000334,0.0,0.0,-0.00031257325935766194,-0.00033415758871870813,0.0,2.1584329361046197e-05,46063.0,13237.0,15360204.102325002,25155817.732202,VCR,IYC,Consumer Discretionary
2016-07-27,4.848116364598481,6.388695850289043,127.5,595.08,-0.003361,-0.005415,0.0,0.0,-0.003361213163448761,-0.005415162454873645,0.0,0.002053949291424884,96258.0,17250.0,15202989.164825002,24211484.216390003,VCR,IYC,Consumer Discretionary
2016-07-28,4.849918661054685,6.393590753950631,127.73,598.0,0.001804,0.004907,0.0,0.0,0.001803921568627451,0.004906903273509311,0.0,-0.0031029817048818607,54532.0,19863.0,15186974.190825,24141068.697794,VCR,IYC,Consumer Discretionary
2016-07-29,4.851014122823077,6.392319042658463,127.87,597.24,0.001096,-0.001271,99099250.0,0.0,0.054776920516448,-0.0012709030100334449,99099250.0,0.056047823526481445,59760.0,41547.0,15183641.742825001,24720073.981926,VCR,IYC,Consumer Discretionary
2016-08-01,4.851874001711314,6.3935239289754175,127.98,597.96004,0.00086,0.001206,0.0,0.0,0.0008602486900758583,0.0012056124840936287,0.0,-0.0003453637940177704,41384.0,35549.0,14613551.582825,21398356.551804,VCR,IYC,Consumer Discretionary
2016-08-02,4.836281906951478,6.3819513720354335,126.0,591.08,-0.015471,-0.011506,0.0,0.0,-0.015471167369901548,-0.011505852464656333,0.0,-0.003965314905245215,113200.0,58372.0,14801821.515825,21302174.797166,VCR,IYC,Consumer Discretionary
2016-08-03,4.839767887347417,6.384789595321978,126.44,592.76,0.003492,0.002842,0.0,0.0,0.003492063492063492,0.0028422548555185776,0.0,0.0006498086365449144,71686.0,14451.0,14693067.016325,20893268.854988,VCR,IYC,Consumer Discretionary
2016-08-04,4.838976685470555,6.384519567640306,126.34,592.59996,-0.000791,-0.00027,0.0,0.0,-0.0007908889591901297,-0.0002699912274782374,0.0,-0.0005208977317118922,54023.0,11786.0,14510434.875825003,20310927.977416,VCR,IYC,Consumer Discretionary
2016-08-05,4.84788104279483,6.391917113392602,127.47,597.0,0.008944,0.007425,0.0,0.0,0.00894411904384993,0.0074249751889959624,0.0,0.0015191438548539668,47898.0,54077.0,14366060.381325,20067983.753416,VCR,IYC,Consumer Discretionary
2016-08-08,4.846625057073554,6.3893006280516556,127.31,595.44,-0.001255,-0.002613,0.0,0.0,-0.0012551973013258022,-0.002613065326633034,0.0,0.0013578680253072317,98655.0,16461.0,14469967.850325,19732490.733416002,VCR,IYC,Consumer Discretionary
2016-08-09,4.844423279035369,6.388359704533079,127.03,594.88,-0.002199,-0.00094,0.0,0.0,-0.0021993559029141467,-0.0009404809888487148,0.0,-0.001258874914065432,55656.0,14835.0,13794263.495325,17969193.613415997,VCR,IYC,Consumer Discretionary
2016-08-10,4.845446136042602,6.390777435730948,127.16,596.32,0.001023,0.002421,0.0,0.0,0.0010233803038652287,0.0024206562668102455,0.0,-0.0013972759629450168,52197.0,19930.0,8441454.761824999,16873531.743802,VCR,IYC,Consumer Discretionary
2016-08-11,4.856240062146342,6.399060782749846,128.53999,601.28004,0.010852,0.008318,0.0,0.0,0.01085239068889577,0.008317748859672526,0.0,0.0025346418292232446,49429.0,16830.0,8191956.3031105,16755845.745462,VCR,IYC,Consumer Discretionary
2016-08-12,4.855773250198451,6.399659259787012,128.48,601.64,-0.000467,0.000599,0.0,0.0,-0.0004667030081455731,0.0005986561602809899,0.0,-0.001065359168426563,64342.0,14668.0,8110245.3311105,15965960.205462003,VCR,IYC,Consumer Discretionary
2016-08-15,4.8595798191763,6.401452677577921,128.97,602.71996,0.003814,0.001795,0.0,0.0,0.003813823163138354,0.00179502692640117,0.0,0.002018796236737184,42704.0,17934.0,7811844.162610499,15923364.089594001,VCR,IYC,Consumer Discretionary
2016-08-16,4.853825526471025,6.396396179610003,128.23,599.68,-0.005738,-0.005044,0.0,0.0,-0.005737768473288483,-0.005043735402424832,0.0,-0.000694033070863651,80577.0,17201.0,7962156.104285499,15405249.777594,VCR,IYC,Consumer Discretionary
2016-08-17,4.851170519445229,6.394660415772103,127.89,598.64,-0.002651,-0.001734,0.0,0.0,-0.002651485611791191,-0.001734258271077777,0.0,-0.0009172273407134139,70596.0,27036.0,8012117.386285501,15535509.398852,VCR,IYC,Consumer Discretionary
2016-08-18,4.851248708584797,6.394660415772103,127.9,598.64,7.8e-05,0.0,0.0,0.0,7.81921964187974e-05,0.0,0.0,7.81921964187974e-05,37037.0,18208.0,7796563.896285501,13922770.186852003,VCR,IYC,Consumer Discretionary
2016-08-19,4.850935915338581,6.3913809562857296,127.86,596.68,-0.000313,-0.003274,0.0,0.0,-0.0003127443315089914,-0.0032740879326474655,0.0,0.002961343601138474,50169.0,56701.0,7843171.5412855,14812930.253318,VCR,IYC,Consumer Discretionary
2016-08-22,4.849762068508171,6.391515022514647,127.71,596.76,-0.001173,0.000134,0.0,0.0,-0.0011731581417175035,0.00013407521619641824,0.0,-0.0013072333579139217,33395.0,36791.0,7774964.4942855,15596147.925317999,VCR,IYC,Consumer Discretionary
2016-08-23,4.855617649674887,6.3929885659828845,128.46001,597.64,0.005873,0.001475,0.0,0.0,0.0058727585936889344,0.0014746296668677525,0.0,0.004398128926821182,45628.0,21255.0,7773391.1815995,15835291.743318,VCR,IYC,Consumer Discretionary
2016-08-24,4.849840367846581,6.388830209750677,127.72,595.15996,-0.005761,-0.00415,0.0,0.0,-0.005760625427321807,-0.004149722240814,0.0,-0.0016109031865078078,43096.0,17882.0,7434957.4875994995,15854167.763554001,VCR,IYC,Consumer Discretionary
2016-08-25,4.846703602413892,6.3835066348840055,127.32,592.0,-0.003132,-0.005309,0.0,0.0,-0.0031318509238960224,-0.0053094297539772696,0.0,0.002177578830081247,50477.0,21634.0,7408025.451599501,15900630.463554,VCR,IYC,Consumer Discretionary
2016-08-26,4.843793308150688,6.379783496381176,126.95,589.8,-0.002906,-0.003716,0.0,0.0,-0.0029060634621426327,-0.0037162162162163496,0.0,0.0008101527540737168,237068.0,34648.0,8530739.0215995,15681723.469553998,VCR,IYC,Consumer Discretionary
2016-08-29,4.846546505563361,6.383101147279612,127.3,591.76,0.002757,0.003323,0.0,0.0,0.0027569909413154787,0.0033231603933538134,0.0,-0.0005661694520383348,35941.0,25919.0,8494687.2705995,15385770.768456,VCR,IYC,Consumer Discretionary
2016-08-30,4.842137743895371,6.3801902634198315,126.74,590.03996,-0.004399,-0.002907,0.0,0.0,-0.004399057344854674,-0.0029066513451400547,0.0,-0.0014924059997146193,64498.0,33760.0,8190251.0965995,14656632.132935997,VCR,IYC,Consumer Discretionary
2016-08-31,4.8396096970441524,6.379308646458743,126.42,589.52,-0.002525,-0.000881,-6321000.0,-29476000.0,-0.005799989131587747,-0.009138408381192354,23155000.0,0.0033384192496046074,41165.0,13763.0,7997256.1695995005,14634011.582935998,VCR,IYC,Consumer Discretionary
2016-09-01,4.842161414121778,6.3818160174060985,126.743,591.0,0.002555,0.00251,0.0,0.0,0.0025549754785635184,0.0025105170308047224,0.0,4.445844775879601e-05,52312.0,29068.0,7987501.8693995,15143751.826507997,VCR,IYC,Consumer Discretionary
2016-09-02,4.844423279035369,6.385396739402422,127.03,593.12,0.002264,0.003587,0.0,0.0,0.0022644248597555685,0.003587140439932318,0.0,-0.0013227155801767494,83978.0,41310.0,8215610.2333995,14754642.736508,VCR,IYC,Consumer Discretionary
2016-09-06,4.846860674588879,6.386744630157781,127.34,593.92,0.00244,0.001349,0.0,0.0,0.0024403684169093916,0.001348799568384004,0.0,0.0010915688485253875,54121.0,28356.0,7932210.2378995,15106625.620508,VCR,IYC,Consumer Discretionary
2016-09-07,4.848351631038809,6.38802344574515,127.53,594.68,0.001492,0.00128,0.0,0.0,0.0014920684780901524,0.0012796336206896553,0.0,0.00021243485740049702,92154.0,28764.0,8166331.134899499,15520642.156507999,VCR,IYC,Consumer Discretionary
2016-09-08,4.840321356426578,6.3826954951883215,126.51,591.52,-0.007998,-0.005314,0.0,0.0,-0.007998118089861209,-0.005313782202192643,0.0,-0.0026843358876685658,93932.0,27374.0,8428629.4748995,15736022.700507998,VCR,IYC,Consumer Discretionary
2016-09-09,4.815755208054905,6.35950473133435,123.44,577.96004,-0.024267,-0.022924,0.0,0.0,-0.02426685637499012,-0.022923924803894914,0.0,-0.0013429315710952044,118399.0,211180.0,8841707.944614,21332725.609208,VCR,IYC,Consumer Discretionary
2016-09-12,4.8304714078561,6.373251596125613,125.27,585.96004,0.014825,0.013842,0.0,0.0,0.0148250162022035,0.01384178740108053,0.0,0.000983228801122971,87168.0,36854.0,8974351.704614,21971231.398916,VCR,IYC,Consumer Discretionary
2016-09-13,4.8158362157911885,6.3598505777897225,123.45,578.15996,-0.014529,-0.013312,0.0,0.0,-0.014528618184721002,-0.013311624458214178,0.0,-0.0012169937265068247,96570.0,30123.0,9295053.285614,22301568.034538,VCR,IYC,Consumer Discretionary
2016-09-14,4.815998211579652,6.357079410616185,123.47,576.56,0.000162,-0.002767,0.0,0.0,0.00016200891049007697,-0.002767331034131108,0.0,0.002929339944621185,45167.0,25642.0,9057272.324614,22525020.826538,VCR,IYC,Consumer Discretionary
2016-09-15,4.824145060430081,6.365920468341801,124.48,581.68,0.00818,0.00888,0.0,0.0,0.008180124726654248,0.008880255307340088,0.0,-0.0007001305806858399,137694.0,28492.0,9462853.658614,22544440.602537997,VCR,IYC,Consumer Discretionary
2016-09-16,4.82084592245478,6.363510814602939,124.07,580.28004,-0.003294,-0.002407,0.0,0.0,-0.003293701799485861,-0.0024067528538026417,0.0,-0.0008869489456832195,104685.0,18100.0,9875415.441114,22524592.182738,VCR,IYC,Consumer Discretionary
2016-09-19,4.821249645251785,6.361026169973514,124.1201,578.84004,0.000404,-0.002482,0.0,0.0,0.0004038043040218978,-0.002481560454845079,0.0,0.0028853647588669767,43429.0,15745.0,9824205.615259,21288666.370228,VCR,IYC,Consumer Discretionary
2016-09-20,4.817293234018836,6.362821185582697,123.63,579.88,-0.00013,0.001797,0.0,0.0,-0.003948594949568981,0.0017966276140812933,0.0,-0.005745222563650274,64199.0,33667.0,10007807.961259,21167037.510228,VCR,IYC,Consumer Discretionary
2016-09-21,4.825910852685991,6.370106441172271,124.7,584.12,0.008655,0.007312,0.0,0.0,0.008654857235298876,0.007311857625715666,0.0,0.0013429996095832104,36199.0,17012.0,9940440.059445001,21028748.072228,VCR,IYC,Consumer Discretionary
2016-09-22,4.83413675060509,6.377814791356464,125.73,588.64,0.00826,0.007738,0.0,0.0,0.008259823576583801,0.007738135999452167,0.0,0.000521687577131634,66773.0,18139.0,10084997.467945,21030482.599992,VCR,IYC,Consumer Discretionary
2016-09-23,4.833102254034098,6.377067026119895,125.6,588.2,-0.001034,-0.000747,0.0,0.0,-0.0010339616638829238,-0.0007474857298177503,0.0,-0.0002864759340651735,39870.0,40926.0,10014044.485945,21593749.859992,VCR,IYC,Consumer Discretionary
2016-09-26,4.822054187131157,6.362821185582697,124.22,579.88,-0.010987,-0.011388,0.0,0.0,-0.010987261146496815,-0.014144848690921589,0.0,0.0031575875444247743,65756.0,15774.0,8917665.871945,21029331.695992,VCR,IYC,Consumer Discretionary
2016-09-27,4.830152046575941,6.371885245752511,125.23,585.15996,0.008131,0.009105,0.0,0.0,0.008130735791337948,0.009105263157894599,0.0,-0.0009745273665566507,57687.0,15809.0,9050108.557445,20724980.014374,VCR,IYC,Consumer Discretionary
2016-09-28,4.832305758571839,6.374206768108879,125.5,586.52,0.002156,0.002324,0.0,0.0,0.0021560328994649843,0.0023242191758986374,0.0,-0.00016818627643365317,68458.0,13544.0,9070958.681444999,20126183.905894,VCR,IYC,Consumer Discretionary
2016-09-29,4.8251888599547765,6.368255726025609,124.61,583.03996,-0.007092,-0.005933,0.0,0.0,-0.007091633466135458,-0.0059333697060630144,0.0,-0.0011582637600724439,54158.0,36360.0,9148186.135445,20780472.365174003,VCR,IYC,Consumer Discretionary
2016-09-30,4.834216282954915,6.377474967382011,125.74,588.44,0.009068,0.009262,18861000.0,0.0,0.01904063751774161,0.00926186946088594,18861000.0,0.00977876805685567,84966.0,37570.0,9350858.386645,21026897.505174004,VCR,IYC,Consumer Discretionary
2016-10-03,4.8342958089798485,6.376522845438484,125.75,587.88,8e-05,-0.000952,0.0,0.0,7.95291872117067e-05,-0.0009516688192510356,0.0,0.0010311980064627423,48705.0,38450.0,9123704.807145,20932007.445174,VCR,IYC,Consumer Discretionary
2016-10-04,4.831189598047765,6.373251596125613,125.36,585.96004,-0.003101,-0.003266,0.0,0.0,-0.0031013916500994038,-0.00326590460638212,0.0,0.0001645129562827161,73193.0,16701.0,9237890.124145,20579253.600576,VCR,IYC,Consumer Discretionary
2016-10-05,4.835090721581325,6.375910287992071,125.85,587.52,0.003909,0.002662,0.0,0.0,0.003908742820676452,0.0026622293219857114,0.0,0.0012465134986907405,59396.0,29247.0,9024019.473145,20583144.696576,VCR,IYC,Consumer Discretionary
2016-10-06,4.835249628303414,6.37543359487126,125.87,587.24,0.000159,-0.000477,0.0,0.0,0.00015891934843067143,-0.00047657952069716776,0.0,0.0006354988691278392,26020.0,13564.0,8593609.477145,20171797.440576,VCR,IYC,Consumer Discretionary
2016-10-07,4.829752701496555,6.370448777966549,125.18,584.32,-0.005482,-0.004972,0.0,0.0,-0.00548184634940812,-0.004972413323342961,0.0,-0.0005094330260651588,31181.0,15965.0,8058012.728144999,14535550.818216,VCR,IYC,Consumer Discretionary
2016-10-10,4.831747834036584,6.373046783030841,125.43,585.84004,0.001997,0.002601,0.0,0.0,0.0019971241412366195,0.0026013828039430447,0.0,-0.0006042586627064252,38308.0,54879.0,7752284.582145,15063318.030265998,VCR,IYC,Consumer Discretionary
2016-10-11,4.8200396008500555,6.361924046017331,123.97,579.36,-0.01164,-0.011061,0.0,0.0,-0.01163995854261341,-0.011061108079946326,0.0,-0.000578850462667084,61556.0,21836.0,7537761.123145001,14825067.654512,VCR,IYC,Consumer Discretionary
2016-10-12,4.823984379141072,6.366332981238679,124.46,581.92,0.003953,0.004419,0.0,0.0,0.003952569169960474,0.004418668876000968,0.0,-0.00046609970604049363,37961.0,71883.0,7495153.951645,16177367.846512,VCR,IYC,Consumer Discretionary
2016-10-13,4.818990409841417,6.364385871012061,123.84,580.78804,-0.004982,-0.001945,0.0,0.0,-0.004981520167121967,-0.0019452158372283486,0.0,-0.0030363043298936186,44969.0,18751.0,6916594.543645,15893224.345414001,VCR,IYC,Consumer Discretionary
2016-10-14,4.8178592793984425,6.363924253602162,123.7,580.52,-0.00113,-0.000461,0.0,0.0,-0.0011304909560723513,-0.00046151088097475283,0.0,-0.0006689800750975985,45382.0,12267.0,6547868.816145,15724132.851214001,VCR,IYC,Consumer Discretionary
2016-10-17,4.810801285551003,6.355343479895216,122.83,575.56,-0.007033,-0.008544,0.0,0.0,-0.007033144704931285,-0.008544063942672224,0.0,0.0015109192377409392,65122.0,21330.0,6678294.988,15882275.769724,VCR,IYC,Consumer Discretionary
2016-10-18,4.81591721696575,6.362407221177723,123.46,579.64,0.005129,0.007089,0.0,0.0,0.005129040136774404,0.007088748349433734,0.0,-0.0019597082126593304,51141.0,11131.0,6597142.2625,15228733.413724,VCR,IYC,Consumer Discretionary
2016-10-19,4.821490511954176,6.366126746061101,124.15,581.8,0.005589,0.003726,0.0,0.0,0.005588854689778066,0.0037264509005588307,0.0,0.0018624037892192354,54753.0,10757.0,6711320.745,15044802.071724001,VCR,IYC,Consumer Discretionary
2016-10-20,4.818909657227008,6.368053386662149,123.83,582.922,-0.002578,0.001929,0.0,0.0,-0.0025775271848570277,0.0019284977655553105,0.0,-0.004506024950412338,33593.0,13707.0,6499543.34,14910440.616424,VCR,IYC,Consumer Discretionary
2016-10-21,4.8251888599547765,6.371953669145969,124.61,585.2,0.006299,0.003908,0.0,0.0,0.00629895824921263,0.003907898483845316,0.0,0.002391059765367314,59063.0,22887.0,6617151.761499999,14376480.576423999,VCR,IYC,Consumer Discretionary
2016-10-24,4.8323216946998375,6.3793764959685575,125.502,589.56,0.007158,0.00745,0.0,0.0,0.0071583340020865095,0.007450444292549283,0.0,-0.00029211029046277356,42358.0,10322.0,6474541.9313,14223401.136424,VCR,IYC,Consumer Discretionary
2016-10-25,4.8209265188682835,6.370585748322812,124.08,584.40004,-0.011331,-0.008752,0.0,0.0,-0.01133049672515179,-0.008752221996064728,0.0,-0.0025782747290870617,72924.0,57820.0,6565755.2768,15450361.961682001,VCR,IYC,Consumer Discretionary
2016-10-26,4.817050545023591,6.365026037375274,123.6,581.15996,-0.003869,-0.005544,0.0,0.0,-0.0038684719535783366,-0.005544284356996415,0.0,0.0016758124034180785,74948.0,10637.0,6599359.9668,15362260.542408,VCR,IYC,Consumer Discretionary
2016-10-27,4.8077844460498085,6.3580502171552284,122.46,577.12,-0.009223,-0.006952,0.0,0.0,-0.009223300970873786,-0.006951545663950973,0.0,-0.002271755306922813,38659.0,33310.0,6498637.6048,15263487.255128,VCR,IYC,Consumer Discretionary
2016-10-28,4.806395273201279,6.350396871245771,122.29,572.71996,-0.001388,-0.007624,0.0,0.0,-0.0013882083945778213,-0.007624133629054616,0.0,0.0062359252344767946,60126.0,74057.0,6332096.7898,16278798.819013998,VCR,IYC,Consumer Discretionary
2016-10-31,4.80949782304466,6.3540918107906235,122.67,574.84004,0.003107,0.003702,-21467250.0,-143710010.0,-0.008345123744151065,-0.038119133011067494,122242760.0,0.02977400926691643,46170.0,30272.0,6309047.7973,16018677.403557997,VCR,IYC,Consumer Discretionary
2016-11-01,4.799749640177548,6.346594498159617,121.48,570.5464,-0.009701,-0.007469,0.0,0.0,-0.009700823347191653,-0.007469277888158531,0.0,-0.002231545459033122,191895.0,78613.0,7015844.303299999,17771989.679316003,VCR,IYC,Consumer Discretionary
2016-11-02,4.794301834710595,6.34416151939848,120.82,569.15996,-0.005433,-0.00243,0.0,0.0,-0.005432993085281528,-0.0024300214671409727,0.0,-0.0030029716181405553,81679.0,28580.0,7135517.812299999,17726159.390156,VCR,IYC,Consumer Discretionary
2016-11-03,4.790321069792205,6.338028547295985,120.34,565.68,-0.003973,-0.006114,0.0,0.0,-0.003972852176791922,-0.006114203817148347,0.0,0.0021413516403564247,108171.0,17014.0,7622625.8493,17809117.198156,VCR,IYC,Consumer Discretionary
2016-11-04,4.789905494005981,6.3349123974656205,120.29,563.92,-0.000415,-0.003111,0.0,0.0,-0.00041548944656805717,-0.003111299674727615,0.0,0.002695810228159558,68696.0,19525.0,7840636.062300001,17893210.658156,VCR,IYC,Consumer Discretionary
2016-11-07,4.811208269399362,6.357287519943703,122.88,576.68,0.021531,0.022627,0.0,0.0,0.02153129935988029,0.02262732302454234,0.0,-0.0010960236646620526,99887.0,52113.0,8214093.1683,17788321.122398,VCR,IYC,Consumer Discretionary
2016-11-08,4.816322124449923,6.3580502171552284,123.51,577.12,0.005127,0.000763,0.0,0.0,0.005126953125,0.0007629881390027103,0.0,0.00436396498599729,79276.0,22447.0,8322107.2403,17803506.506398,VCR,IYC,Consumer Discretionary
2016-11-09,4.819958932919548,6.367088813205125,123.96,582.36,0.003643,0.00908,0.0,0.0,0.0036434296818071412,0.009079567507624065,0.0,-0.005436137825816923,229152.0,54323.0,9506160.0333,17293775.852398,VCR,IYC,Consumer Discretionary
2016-11-10,4.824064723012886,6.369695482262378,124.47,583.88,0.004114,0.00261,0.0,0.0,0.004114230396902226,0.00261006937289649,0.0,0.0015041610240057362,155891.0,40789.0,10197899.6238,17940052.091496,VCR,IYC,Consumer Discretionary
2016-11-11,4.831747834036584,6.373114990450106,125.43,585.88,0.007713,0.003425,0.0,0.0,0.007712701855868884,0.0034253613756251283,0.0,0.004287340480243756,57631.0,15528.0,10278644.770299999,18038867.381496,VCR,IYC,Consumer Discretionary
2016-11-14,4.834216282954915,6.3780186303243855,125.74,588.76,0.002471,0.004916,0.0,0.0,0.0024714980467192855,0.004915682392298764,0.0,-0.0024441843455794785,54995.0,23494.0,10224451.572299998,18116649.013496,VCR,IYC,Consumer Discretionary
2016-11-15,4.8365199738494,6.3807122612832385,126.03,590.34804,0.002306,0.002697,0.0,0.0,0.0023063464291394943,0.0026972620422583055,0.0,-0.0003909156131188113,83201.0,24217.0,10433049.2808,18508873.295730002,VCR,IYC,Consumer Discretionary
2016-11-16,4.841585279495541,6.385194398997726,126.67,593.0,0.005078,0.004492,0.0,0.0,0.0050781559946044596,0.004492197517925189,0.0,0.0005859584766792708,171516.0,26276.0,11179466.6193,18975035.565729998,VCR,IYC,Consumer Discretionary
2016-11-17,4.853435448060787,6.395328307075666,128.17999,599.03996,0.011921,0.010186,0.0,0.0,0.01192065998263205,0.010185430016863267,0.0,0.001735229965768784,81666.0,23636.0,11494872.912967,19283475.397758,VCR,IYC,Consumer Discretionary
2016-11-18,4.851248708584797,6.393390064917614,127.9,597.88,-0.002184,-0.001936,0.0,0.0,-0.002184350303038734,-0.0019363649797250876,0.0,-0.0002479853233136465,46067.0,22204.0,11421479.356467,19277568.153757997,VCR,IYC,Consumer Discretionary
2016-11-21,4.857017805430656,6.3997257425181475,128.64,601.68,0.005786,0.006356,0.0,0.0,0.005785770132916218,0.006355790459623866,0.0,-0.000570020326707648,66836.0,27328.0,11585567.822666999,19795431.789758,VCR,IYC,Consumer Discretionary
2016-11-22,4.870069695542629,6.410569540920181,130.33,608.24,0.013138,0.010903,0.0,0.0,0.01313743781094552,0.010902805477995086,0.0,0.002234632332950433,143437.0,24455.0,12067854.537167,18849656.734118,VCR,IYC,Consumer Discretionary
2016-11-23,4.871986065758487,6.4120808933192945,130.58,609.15996,0.001918,0.001513,0.0,0.0,0.0019182076267935239,0.0015124950677362836,0.0,0.0004057125590572403,83302.0,70977.0,12148554.655166999,20702384.133438,VCR,IYC,Consumer Discretionary
2016-11-25,4.874746763699195,6.414900540537383,130.94099,610.88,0.002765,0.002824,0.0,0.0,0.002764512176443453,0.002823626162166146,0.0,-5.91139857226931e-05,67585.0,12609.0,12354327.9386245,20126320.069438,VCR,IYC,Consumer Discretionary
2016-11-28,4.866841903007641,6.408990035575985,129.91,607.28004,-0.007874,-0.005893,0.0,0.0,-0.007873699442779544,-0.005893072289156627,0.0,-0.001980627153622917,76198.0,29000.0,12481631.620624501,18886180.023552,VCR,IYC,Consumer Discretionary
2016-11-29,4.868841288478369,6.411161171738255,130.17,608.59996,0.002001,0.002174,0.0,0.0,0.0020013855746284677,0.00217349478504184,0.0,-0.0001721092104133722,64736.0,18025.0,12619782.1816245,18564602.852958,VCR,IYC,Consumer Discretionary
2016-11-30,4.860742204521639,6.404765474837603,129.12,604.71996,-0.008066,-0.006375,-35508000.0,-120943992.0,-0.026068205859729753,-0.04093614751327035,85435992.0,0.014867941653540596,76114.0,13833.0,11945603.935624499,16740239.206131998,VCR,IYC,Consumer Discretionary
2016-12-01,4.860587375311928,6.402580393015976,129.10001,603.40004,-0.000155,-0.002183,0.0,0.0,-0.0001548172242874994,-0.002182696268203219,0.0,0.00202787904391572,230944.0,683259.0,12942924.7320965,36540835.01981,VCR,IYC,Consumer Discretionary
2016-12-02,4.854215374824954,6.400323821843392,128.28,602.03996,-0.006352,-0.002254,0.0,0.0,-0.006351742343009874,-0.0022540270298955995,0.0,-0.004097715313114274,188786.0,79713.0,13502933.229096498,38459131.610384,VCR,IYC,Consumer Discretionary
2016-12-05,4.865224091322398,6.406021531894364,129.7,605.48,0.01107,0.005714,0.0,0.0,0.011069535391331337,0.005713972873162915,0.0,0.005355562518168423,110073.0,77087.0,13803584.5420965,40242336.548383996,VCR,IYC,Consumer Discretionary
2016-12-06,4.869762658462976,6.411949621972532,130.28999,609.08,0.004549,0.005946,0.0,0.0,0.004548882035466477,0.0059456959767457225,0.0,-0.0013968139412792457,180417.0,57166.0,14365205.270387998,40480643.670384005,VCR,IYC,Consumer Discretionary
2016-12-07,4.8871108832426025,6.426553115561485,132.57001,618.03996,0.0175,0.014711,0.0,0.0,0.01749957920788859,0.014710645563801002,0.0,0.0027889336440875875,183470.0,26612.0,15091767.319123,40655277.00916,VCR,IYC,Consumer Discretionary
2016-12-08,4.889973117689029,6.426229589002687,132.95,617.84004,0.002866,-0.000324,0.0,0.0,0.002866334550325416,-0.00032347422972428547,0.0,0.0031898087800497016,156331.0,42140.0,14710693.545622999,40375288.85944,VCR,IYC,Consumer Discretionary
2016-12-09,4.8916265075140535,6.43055783619613,133.17,620.52,0.001655,0.004338,0.0,0.0,0.0016547574276043627,0.004337627583993931,0.0,-0.002682870156389568,80591.0,106762.0,14277121.080623,42496892.60544,VCR,IYC,Consumer Discretionary
2016-12-12,4.882271403097911,6.423052139361718,131.92999,615.88,-0.009311,-0.007478,0.0,0.0,-0.00931148156491689,-0.007477599432733836,0.0,-0.001833882132183053,93868.0,19539.0,14534888.479189,42643699.33944,VCR,IYC,Consumer Discretionary
2016-12-13,4.889897898613436,6.430686687560524,132.94,620.59996,0.007656,0.007664,0.0,0.0,0.007655651304150012,0.007663765668636747,0.0,-8.114364486735103e-06,67794.0,36057.0,14639761.632189,43070931.605326004,VCR,IYC,Consumer Discretionary
2016-12-14,4.878017769481417,6.42564667931364,131.37,617.48,-0.006454,-0.005027,0.0,0.0,-0.011809839025124115,-0.005027328715909037,0.0,-0.006782510309215078,134209.0,26087.0,14997022.347189,43161518.719092,VCR,IYC,Consumer Discretionary
2016-12-15,4.875273579835525,6.426100032515926,131.00999,617.76,-0.00274,0.000454,0.0,0.0,-0.0027404277993454676,0.0004534559823799961,0.0,-0.0031938837817254637,83889.0,38683.0,14460240.613744501,43577275.823092,VCR,IYC,Consumer Discretionary
2016-12-16,4.8721392934120065,6.423182091299492,130.60001,615.96004,-0.003129,-0.002914,0.0,0.0,-0.0031293796755498407,-0.0029136881636880247,0.0,-0.000215691511861816,54070.0,23575.0,14289920.387612501,43595393.295514,VCR,IYC,Consumer Discretionary
2016-12-19,4.873898770522785,6.426035215600541,130.83,617.71996,0.001761,0.002857,0.0,0.0,0.0017610258988496092,0.002857198333839828,0.0,-0.001096172434990219,113913.0,19152.0,14740483.812112499,43523155.553210005,VCR,IYC,Consumer Discretionary
2016-12-20,4.882650395955276,6.433261584463537,131.98,622.2,0.00879,0.007253,0.0,0.0,0.00879003286707917,0.00725254207424362,0.0,0.0015374907928355505,107905.0,21790.0,15022659.755112503,43378906.90121,VCR,IYC,Consumer Discretionary
2016-12-21,4.882271403097911,6.427911392824875,131.92999,618.88,-0.000379,-0.001893,0.0,0.0,-0.00037892104864359794,-0.005335904853744914,0.0,0.004956983805101316,61724.0,24571.0,14495114.8797505,43395506.465210006,VCR,IYC,Consumer Discretionary
2016-12-22,4.8706833336688105,6.4175815949470065,130.41,612.52,-0.011521,-0.010277,0.0,0.0,-0.011521186350427237,-0.010276628748707342,0.0,-0.0012445576017198947,64816.0,44282.0,14373868.8497505,42589869.673164,VCR,IYC,Consumer Discretionary
2016-12-23,4.86845710160515,6.416078408652681,130.12,611.59996,-0.002224,-0.001502,0.0,0.0,-0.0022237558469442526,-0.0015020570756873245,0.0,-0.0007216987712569281,36512.0,15177.0,14168933.581292998,42668853.006809995,VCR,IYC,Consumer Discretionary
2016-12-27,4.872675061001055,6.419799469306894,130.67,613.88,0.004227,0.003728,0.0,0.0,0.004226867506916569,0.0037279923955521516,0.0,0.0004988751113644174,67985.0,19107.0,14118169.469793001,42374767.20681,VCR,IYC,Consumer Discretionary
2016-12-28,4.866456947080341,6.41306543712555,129.86,609.76,-0.006199,-0.006711,0.0,0.0,-0.006198821458636015,-0.006711409395973154,0.0,0.0005125879373371394,47359.0,15218.0,14004337.200793002,42290232.87686,VCR,IYC,Consumer Discretionary
2016-12-29,4.864838434853934,6.4117526497935415,129.64999,608.96004,-0.001617,-0.001312,0.0,0.0,-0.0016172031418451723,-0.0013119260036734356,0.0,-0.0003052771381717367,39015.0,23689.0,13765859.9347855,42593261.035904005,VCR,IYC,Consumer Discretionary
2016-12-30,4.857250987196899,6.403772853698141,128.67,604.12,-0.007559,-0.007948,128669999.99999999,332266000.0,0.05914655165513223,0.09036341325080649,-203596000.0,-0.03121686159567426,70377.0,50458.0,12727886.7288135,23503469.987386,VCR,IYC,Consumer Discretionary
2017-01-03,4.861748513388538,6.407077986267962,129.25,606.12,0.004508,0.003311,0.0,0.0,0.004507655242092291,0.0033106005429384892,0.0,0.0011970546991538016,323881.0,674978.0,13610094.2873135,41559832.688812,VCR,IYC,Consumer Discretionary
2017-01-04,4.876189197543333,6.416928341722835,131.13,612.12,0.014546,0.009899,0.0,0.0,0.014545454545454545,0.009899029895070284,0.0,0.004646424650384262,139464.0,266550.0,13810666.5983135,47384130.150812,VCR,IYC,Consumer Discretionary
2017-01-05,4.87534998330373,6.417450978436895,131.02,612.44,-0.000839,0.000523,0.0,0.0,-0.0008388621978188438,0.0005227733124225285,0.0,-0.0013616355102413723,231379.0,283187.0,14151103.971021999,54314949.100812,VCR,IYC,Consumer Discretionary
2017-01-06,4.8773324467818355,6.420776381690427,131.28,614.48,0.001984,0.003331,0.0,0.0,0.0019844298580368263,0.003330938540918166,0.0,-0.0013465086828813397,75050.0,34082.0,13427601.184287,54539720.498036005,VCR,IYC,Consumer Discretionary
2017-01-09,4.876494191827054,6.421557290085755,131.17,614.96004,-0.000838,0.000781,0.0,0.0,-0.0008379037172456963,0.000781213383674128,0.0,-0.0016191171009198244,49441.0,33296.0,12712649.660287,54261717.008348,VCR,IYC,Consumer Discretionary
2017-01-10,4.881513213769878,6.425387528032631,131.83,617.32,0.005032,0.003838,0.0,0.0,0.005031638331935886,0.003837582682608125,0.0,0.0011940556493277607,86631.0,36213.0,12747062.723287,52067069.654348,VCR,IYC,Consumer Discretionary
2017-01-11,4.883407799611873,6.4282203549153705,132.08,619.07124,0.001896,0.002837,0.0,0.0,0.0018963817037093223,0.0028368431283611766,0.0,-0.0009404614246518543,62769.0,15506.0,12542388.984221,51945351.62072001,VCR,IYC,Consumer Discretionary
2017-01-12,4.882423062949333,6.427782118698911,131.95,618.8,-0.000984,-0.000438,0.0,0.0,-0.0009842519685041642,-0.00043814020499495043,0.0,-0.0005461117635092138,74633.0,61047.0,12584153.483721,52715297.162834,VCR,IYC,Consumer Discretionary
2017-01-13,4.884845288037956,6.430028462556569,132.27,620.1916,0.002425,0.002249,0.0,0.0,0.002425161045850929,0.0022488687782806697,0.0,0.00017629226757025912,55625.0,18399.0,12070477.604720999,52480432.387254,VCR,IYC,Consumer Discretionary
2017-01-17,4.886054128427279,6.431910624111392,132.42999,621.36,0.00121,0.001884,0.0,0.0,0.001209571331367557,0.001883933932674999,0.0,-0.000674362601307442,75405.0,17398.0,12020256.921963,51826112.947254,VCR,IYC,Consumer Discretionary
2017-01-18,4.884542830568732,6.431202249158242,132.23,620.92,-0.00151,-0.000708,0.0,0.0,-0.0015101564230278718,-0.0007081241148449822,0.0,-0.0008020323081828895,135653.0,14691.0,12564049.604427999,51556146.836104006,VCR,IYC,Consumer Discretionary
2017-01-19,4.881361491724374,6.426907140024449,131.81,618.2588,-0.003176,-0.004286,0.0,0.0,-0.0031762837480147094,-0.0042858983443921925,0.0,0.001109614596377483,177151.0,25663.0,12986401.380428,51757936.981628,VCR,IYC,Consumer Discretionary
2017-01-20,4.884013309772668,6.428302345348509,132.16,619.122,0.002655,0.001396,0.0,0.0,0.0026553372278279343,0.001396179075817441,0.0,0.0012591581520104932,53895.0,21301.0,12630474.445428,51739445.967728004,VCR,IYC,Consumer Discretionary
2017-01-23,4.884618529132851,6.426941493979723,132.24001,618.28004,0.000605,-0.00136,0.0,0.0,0.0006054025423729814,-0.001359925830450092,0.0,0.0019653283728230733,102819.0,20761.0,12903151.3896995,51620926.53925,VCR,IYC,Consumer Discretionary
2017-01-24,4.89425127935358,6.433004335048588,133.52,622.03996,0.009679,0.006081,0.0,0.0,0.009679294488861592,0.006081257289172592,0.0,0.003598037199689,138508.0,28075.0,13405198.0696995,51137934.601100005,VCR,IYC,Consumer Discretionary
2017-01-25,4.9001505609209834,6.437239518619645,134.31,624.68,0.005917,0.004244,0.0,0.0,0.005916716596764416,0.004244164635339505,0.0,0.0016725519614249115,67907.0,30615.0,13623680.4561995,51630050.881454,VCR,IYC,Consumer Discretionary
2017-01-26,4.900894830083057,6.440882806544531,134.41,626.96004,0.000745,0.00365,0.0,0.0,0.0007445461990916537,0.0036499327655762255,0.0,-0.0029053865664845717,86710.0,39461.0,13762235.013699498,52280604.130375996,VCR,IYC,Consumer Discretionary
2017-01-27,4.896869179797807,6.435765679001345,133.87,623.76,-0.004018,-0.005104,0.0,0.0,-0.004017558217394539,-0.005104057349492446,0.0,0.0010864991320979067,168033.0,47051.0,14579461.912199501,53284064.334376,VCR,IYC,Consumer Discretionary
2017-01-30,4.895523686995031,6.4348674945565385,133.69,623.2,-0.001345,-0.000898,0.0,0.0,-0.0013445880331665048,-0.0008977811978965015,0.0,-0.00044680683527000323,182038.0,30715.0,15543380.205207,53519861.014998004,VCR,IYC,Consumer Discretionary
2017-01-31,4.89425127935358,6.433518703446762,133.52,622.36,-0.001272,-0.001348,0.0,-622360000.0,-0.0012715984740817188,-0.16506134388349933,622360000.0,0.1637897454094176,106370.0,35584.0,15800735.895707,53103029.578998,VCR,IYC,Consumer Discretionary
2017-02-01,4.892001896985033,6.431717480701811,133.22,621.24,-0.002247,-0.0018,0.0,0.0,-0.002246854403834744,-0.0017996015168069927,0.0,-0.00044725288702775114,262204.0,37364.0,15454195.777206998,33807746.878998,VCR,IYC,Consumer Discretionary
2017-02-02,4.890639311678371,6.431266732036982,133.0386,620.96004,-0.001362,-0.000451,0.0,0.0,-0.0013616574087975005,-0.0004506470929108018,0.0,-0.0009110103158866986,139426.0,21839.0,15467252.053386997,26327774.894676,VCR,IYC,Consumer Discretionary
2017-02-03,4.890950451150276,6.431846247119706,133.08,621.32,0.000311,0.00058,0.0,0.0,0.0003111878808106671,0.0005796830340322704,0.0,-0.00026849515322160326,60832.0,85720.0,14356264.352387,20319000.100676,VCR,IYC,Consumer Discretionary
2017-02-06,4.888090941338162,6.4290095486795575,132.7,619.56,-0.002855,-0.002833,0.0,0.0,-0.0028554253080855874,-0.0028326788128503616,0.0,-2.2746495235225796e-05,74280.0,37204.0,14356483.952387,20424370.244676,VCR,IYC,Consumer Discretionary
2017-02-07,4.8862807885513195,6.430042006666349,132.46001,620.2,-0.001809,0.001033,0.0,0.0,-0.0018085154483795916,0.0010329911550133863,0.0,-0.0028415066033929777,81320.0,224277.0,14570807.554547003,26355414.540084,VCR,IYC,Consumer Discretionary
2017-02-08,4.891926905432808,6.434995920199214,133.21001,623.28004,0.005662,0.004966,0.0,0.0,0.0056620862402169524,0.0049662044501773625,0.0,0.0006958817900395899,59530.0,19948.0,14396278.912812,25859323.59398,VCR,IYC,Consumer Discretionary
2017-02-09,4.899778144028255,6.443685942936591,134.25999,628.71996,0.007882,0.008728,0.0,0.0,0.007882140388698819,0.00872789059633612,0.0,-0.0008457502076373007,71698.0,16197.0,14463061.074963,25888526.521214,VCR,IYC,Consumer Discretionary
2017-02-10,4.9051266193152605,6.4469254415373864,134.98,630.76,0.005363,0.003245,0.0,0.0,0.005362803915001024,0.003244751447051244,0.0,0.00211805246794978,53880.0,38158.0,14334305.977463001,25203159.345214,VCR,IYC,Consumer Discretionary
2017-02-13,4.9060153189853954,6.448192949153688,135.10001,631.56,0.000889,0.001268,0.0,0.0,0.0008890946806935341,0.0012683112435790261,0.0,-0.00037921656288549205,82401.0,32850.0,14523048.8361635,25669951.382794,VCR,IYC,Consumer Discretionary
2017-02-14,4.911330553312502,6.452427431701569,135.82001,634.24,0.005329,0.004243,0.0,0.0,0.005329385245789286,0.004243460637152596,0.0,0.00108592460863669,66843.0,45224.0,14477685.5127875,26563573.806794,VCR,IYC,Consumer Discretionary
2017-02-15,4.917569260976709,6.460217394452065,136.67,639.2,0.006258,0.00782,0.0,0.0,0.006258208934015076,0.007820383451059535,0.0,-0.0015621745170444597,64671.0,41600.0,14022744.981787499,27437013.020794004,VCR,IYC,Consumer Discretionary
2017-02-16,4.911699282233606,6.456581254780323,135.8701,636.88,-0.005853,-0.00363,0.0,0.0,-0.005852784078437023,-0.0036295369211514395,0.0,-0.0022232471572855837,132222.0,19413.0,13753482.134397501,27261881.813574005,VCR,IYC,Consumer Discretionary
2017-02-17,4.915078417198038,6.459466111057792,136.33,638.71996,0.003385,0.002889,0.0,0.0,0.003384850677227646,0.0028890214797136038,0.0,0.0004958291975140422,52106.0,12500.0,13752524.5233975,27001685.902474005,VCR,IYC,Consumer Discretionary
2017-02-21,4.921257482945039,6.465895921904749,137.175,642.84004,0.006198,0.00645,0.0,0.0,0.0061981955549035425,0.0064505264560700435,0.0,-0.00025233090116650106,81276.0,40332.0,13630137.008987999,27656231.531616002,VCR,IYC,Consumer Discretionary
2017-02-22,4.92180408038964,6.4645122260297745,137.25,641.95116,0.000547,-0.001383,0.0,0.0,0.0005467468562055768,-0.0013827390092253744,0.0,0.0019294858654309512,54689.0,13914.0,13080760.863488,27229648.359778006,VCR,IYC,Consumer Discretionary
2017-02-23,4.912654885736052,6.458212883633045,136.0,637.92,-0.009107,-0.00628,0.0,0.0,-0.009107468123861567,-0.006279543135337585,0.0,-0.002827924988523982,74963.0,112824.0,13134479.804988,29872053.753778,VCR,IYC,Consumer Discretionary
2017-02-24,4.917130150899396,6.463466241391638,136.61,641.28004,0.004485,0.005267,0.0,0.0,0.004485294117647059,0.0052671808377225985,0.0,-0.0007818867200755399,93610.0,25024.0,13191148.354988,29437399.832904,VCR,IYC,Consumer Discretionary
2017-02-27,4.919250659248382,6.464276728675756,136.89999,641.8,0.002123,0.000811,0.0,0.0,0.002122758216821732,0.0008108158176886341,0.0,0.001311942399133098,53655.0,44267.0,12433687.9176605,29390501.274904,VCR,IYC,Consumer Discretionary
2017-02-28,4.911698546236233,6.456518509437927,135.87,636.84004,-0.007524,-0.007728,-30570750.0,-31842002.000000004,-0.021587603397601345,-0.017456356815085023,1271252.0000000037,-0.0041312465825163215,69247.0,15713.0,11687284.4011605,28933755.252329998,VCR,IYC,Consumer Discretionary
2017-03-01,4.921439715291784,6.464837431533548,137.2,642.15996,0.009789,0.008354,0.0,0.0,0.009788768675940238,0.00835362047901385,0.0,0.0014351481969263873,218035.0,75982.0,12472878.381160501,30266082.244366,VCR,IYC,Consumer Discretionary
2017-03-02,4.919980925828125,6.461780627535763,137.0,640.2,-0.001458,-0.003052,0.0,0.0,-0.0014577259475218659,-0.003052136729297168,0.0,0.001594410781775302,61310.0,31999.0,11146311.037160499,30129769.666366,VCR,IYC,Consumer Discretionary
2017-03-03,4.918227491650303,6.459278217643662,136.75999,638.59996,-0.001752,-0.002499,0.0,0.0,-0.001751897810219076,-0.0024992814745392064,0.0,0.0007473836643201305,70464.0,64967.0,10700691.8417485,31526108.530754007,VCR,IYC,Consumer Discretionary
2017-03-06,4.914418109754313,6.455827359317181,136.24001,636.40004,-0.003802,-0.003445,0.0,0.0,-0.003802135405245154,-0.00344491095802762,0.0,-0.000357224447217534,35989.0,109071.0,10541072.799743,32333770.448896002,VCR,IYC,Consumer Discretionary
2017-03-07,4.9115514094829535,6.4516071533874815,135.85001,633.71996,-0.002863,-0.004211,0.0,0.0,-0.0028625952097332875,-0.004211313374524615,0.0,0.0013487181647913273,170888.0,30037.0,11208981.825187,32133017.258822,VCR,IYC,Consumer Discretionary
2017-03-08,4.915098882036677,6.454311314505346,136.33279,635.43596,0.003554,0.002708,0.0,0.0,0.0035537722816508773,0.00270782065945974,0.0,0.0008459516221911373,49486.0,22648.0,11007727.646823999,25897755.169926,VCR,IYC,Consumer Discretionary
2017-03-09,4.913830664825064,6.453499006704041,136.16,634.92,-0.001267,-0.000812,0.0,0.0,-0.0012674133640189766,-0.000811977968637469,0.0,-0.0004554353953815076,75889.0,16346.0,11127880.364059,25795015.77403,VCR,IYC,Consumer Discretionary
2017-03-10,4.916031604668823,6.454947022272358,136.46001,635.84004,0.002203,0.001449,0.0,0.0,0.002203363689776832,0.0014490644490644492,0.0,0.0007542992407123827,48256.0,18092.0,10975822.438035998,25861027.814608,VCR,IYC,Consumer Discretionary
2017-03-13,4.918739279391719,6.455324341593228,136.83,636.08,0.002711,0.000377,0.0,0.0,0.0027113437848934776,0.0003773905147590265,0.0,0.002333953270134451,61679.0,43935.0,11034163.196535999,26054909.550608,VCR,IYC,Consumer Discretionary
2017-03-14,4.919250659248382,6.453840345782626,136.89999,635.13676,0.000512,-0.001483,0.0,0.0,0.0005115106336328772,-0.001482895233303987,0.0,0.001994405866936864,61218.0,13695.0,10896581.5797265,25452482.147018,VCR,IYC,Consumer Discretionary
2017-03-15,4.924786876970218,6.459966987633558,137.66,639.03996,0.005552,0.006145,0.0,0.0,0.005551570894928467,0.006145448107900266,0.0,-0.0005938772129717995,63674.0,23283.0,10880918.875305,24762277.028452,VCR,IYC,Consumer Discretionary
2017-03-16,4.926601298486246,6.4602799707169085,137.91,639.24,0.001816,0.000313,0.0,0.0,0.0018160685747493825,0.00031303206766615104,0.0,0.0015030365070832314,41382.0,53217.0,10724339.177804999,25133662.782452002,VCR,IYC,Consumer Discretionary
2017-03-17,4.927326073841429,6.461343168540567,138.00999,639.92,0.000725,0.001064,0.0,0.0,0.0007250380683053194,0.0010637632188223516,0.0,-0.0003387251505170322,50469.0,9882.0,10174349.6689605,24831659.682452,VCR,IYC,Consumer Discretionary
2017-03-20,4.9243233815152605,6.457835335571145,137.59621,637.6792,-0.002998,-0.003502,0.0,0.0,-0.002998188754306694,-0.0035016877109638705,0.0,0.0005034989566571764,41191.0,16569.0,10102555.394266,24960745.040691998,VCR,IYC,Consumer Discretionary
2017-03-21,4.910741364945862,6.445973691919124,135.74001,630.15996,-0.01349,-0.011792,0.0,0.0,-0.013490197150052272,-0.011791571686829365,0.0,-0.0016986254632229067,96143.0,43505.0,10197626.2183375,25035149.269018,VCR,IYC,Consumer Discretionary
2017-03-22,4.9114777225630375,6.449838247640437,135.84,632.59996,0.000737,0.003872,0.0,0.0,0.0007366287950029368,0.0038720327454635486,0.0,-0.003135403950460612,177774.0,30904.0,11029763.9638375,25566037.305198003,VCR,IYC,Consumer Discretionary
2017-03-23,4.9143446337779695,6.450659977637114,136.23,633.12,0.002871,0.000822,0.0,0.0,0.00287102473498222,0.0008220677092676389,0.0,0.002048957025714581,49263.0,47065.0,10855570.4883375,23457292.641197998,VCR,IYC,Consumer Discretionary
2017-03-24,4.912728338920654,6.449585354441944,136.00999,632.44,0.001409,0.000958,0.0,0.0,-0.0016149893562357645,-0.0010740459944400833,0.0,-0.0005409433617956812,43594.0,13638.0,10512628.358540501,23086183.89115,VCR,IYC,Consumer Discretionary
2017-03-27,4.914418109754313,6.450659977637114,136.24001,633.12,0.001691,0.001075,0.0,0.0,0.0016911993008750816,0.001075200809562813,0.0,0.0006159984913122686,64493.0,26392.0,10584686.2586145,22501121.01315,VCR,IYC,Consumer Discretionary
2017-03-28,4.9223140414120925,6.457836590119667,137.32001,637.68,0.007927,0.007202,0.0,0.0,0.007927186734645493,0.007202426080363763,0.0,0.00072476065428173,49164.0,20631.0,10451816.8126965,22658586.439724002,VCR,IYC,Consumer Discretionary
2017-03-29,4.927036270219942,6.462405174733595,137.97,640.59996,0.004733,0.004579,0.0,0.0,0.0047333961015588125,0.004579036507339253,0.0,0.0001543595942195596,87355.0,15609.0,9558715.1801965,20718912.77447,VCR,IYC,Consumer Discretionary
2017-03-30,4.929714423172439,6.466704443148964,138.34,643.36,0.002682,0.004308,0.0,0.0,0.002681742407769805,0.004308523528474775,0.0,-0.0016267811207049702,94660.0,29287.0,9793504.9001965,20636729.00047,VCR,IYC,Consumer Discretionary
2017-03-31,4.9306536956666225,6.467263786811474,138.47,643.71996,0.00094,0.00056,-17308750.0,-64371996.0,-0.007053480157774414,-0.019253559284055737,47063246.0,0.012200079126281323,59450.0,88046.0,9723274.178428499,21396181.200311996,VCR,IYC,Consumer Discretionary
2017-04-03,4.9263112121835375,6.463715648894197,137.87,641.44,-0.004333,-0.003542,0.0,0.0,-0.004333068534700657,-0.003541850714089872,0.0,-0.0007912178206107849,116095.0,1019664.0,10278417.974934,50628205.57017,VCR,IYC,Consumer Discretionary
2017-04-04,4.924060185564065,6.46302945692067,137.56,641.0,-0.002248,-0.000686,0.0,0.0,-0.0022484949590193663,-0.0006859565976554257,0.0,-0.0015625383613639405,45013.0,20815.0,9427260.56349,50343573.998244,VCR,IYC,Consumer Discretionary
2017-04-05,4.920783523368564,6.460905518091241,137.11,639.64,-0.003271,-0.002122,0.0,0.0,-0.0032712997964523456,-0.002121684867394696,0.0,-0.0011496149290576496,62097.0,33921.0,9515638.324693,50708867.739140004,VCR,IYC,Consumer Discretionary
2017-04-06,4.92565821016505,6.464899781655413,137.78,642.2,0.004887,0.004002,0.0,0.0,0.0048865874115672425,0.004002251266337315,0.0,0.0008843361452299274,50980.0,21517.0,9350187.232693,50880858.493140005,VCR,IYC,Consumer Discretionary
2017-04-07,4.92260521658922,6.463341420735398,137.36,641.2,-0.003048,-0.001557,0.0,0.0,-0.003048337930033275,-0.0015571473061351605,0.0,-0.0014911906238981147,158736.0,18932.0,10111135.368565,50912637.51295601,VCR,IYC,Consumer Discretionary
2017-04-10,4.925875924887054,6.466890946522107,137.81,643.48,0.003276,0.003556,0.0,0.0,0.0032760629004075755,0.0035558328134747347,0.0,-0.00027976991306715923,104636.0,80753.0,10410152.848065,52113475.794956006,VCR,IYC,Consumer Discretionary
2017-04-11,4.926601298486246,6.467015262782834,137.91,643.56,0.000726,0.000124,0.0,0.0,0.0007256367462448298,0.0001243239883133954,0.0,0.0006013127579314344,54366.0,30034.0,10365996.421674,52644999.950546004,VCR,IYC,Consumer Discretionary
2017-04-12,4.9215126718140665,6.462967114883842,137.21001,640.96004,-0.005076,-0.00404,0.0,0.0,-0.005075701544485436,-0.004039965193610243,0.0,-0.0010357363508751933,46053.0,13280.0,10243674.9092005,52326659.047672,VCR,IYC,Consumer Discretionary
2017-04-13,4.915078417198038,6.456518509437927,136.33,636.84004,-0.006414,-0.006428,0.0,0.0,-0.006413599124437044,-0.006427857811541724,0.0,1.4258687104680076e-05,60921.0,9743.0,10373593.3247005,50935973.919158004,VCR,IYC,Consumer Discretionary
2017-04-17,4.923769361074594,6.464899781655413,137.52,642.2,0.008729,0.008417,0.0,0.0,0.008728819775544632,0.008416493410181936,0.0,0.0003123263653626966,36672.0,8465.0,10277488.687435,50891600.597158,VCR,IYC,Consumer Discretionary
2017-04-18,4.925077405734609,6.464526058762131,137.7,641.96004,0.001309,-0.000374,0.0,0.0,0.001308900523559986,-0.00037365306758004306,0.0,0.0016825535911400291,32848.0,13902.0,10220260.893129501,50809541.68772201,VCR,IYC,Consumer Discretionary
2017-04-19,4.92703692253545,6.46602029970094,137.97009,642.92,0.001961,0.001495,0.0,0.0,0.001961437908496835,0.001495357873053755,0.0,0.0004660800354430799,47630.0,73116.0,9896314.073392998,51789173.17073201,VCR,IYC,Consumer Discretionary
2017-04-20,4.93756261148635,6.475987262452921,139.42999,649.36,0.010581,0.010017,0.0,0.0,0.01058127888443081,0.010016798357493934,0.0,0.0005644805269368752,104132.0,24886.0,9414829.251327,51619678.36054,VCR,IYC,Consumer Discretionary
2017-04-21,4.935839906239309,6.47543271670409,139.19,649.0,-0.001721,-0.000554,0.0,0.0,-0.0017212222420730087,-0.0005543920167549588,0.0,-0.00116683022531805,61374.0,10629.0,9506406.679827001,50474699.77054001,VCR,IYC,Consumer Discretionary
2017-04-24,4.941928024678293,6.48182206099337,140.03999,653.15996,0.006107,0.00641,0.0,0.0,0.006106688698900686,0.00640979969183359,0.0,-0.00030311099293290397,44480.0,18827.0,9521394.642384,50658291.06288601,VCR,IYC,Consumer Discretionary
2017-04-25,4.949752305572684,6.489691135297457,141.14,658.32,0.007855,0.0079,0.0,0.0,0.007854970569478145,0.00790011684121007,0.0,-4.514627173192627e-05,63962.0,33225.0,9533448.1281375,50916460.010886006,VCR,IYC,Consumer Discretionary
2017-04-26,4.95547488291898,6.494358861025465,141.95,661.40004,0.005739,0.004679,0.0,0.0,0.005738982570497379,0.004678636529347283,0.0,0.0010603460411500957,69890.0,27415.0,9691932.354555499,51165275.311716005,VCR,IYC,Consumer Discretionary
2017-04-27,4.9597629637225,6.498342328388539,142.56,664.03996,0.004297,0.003991,0.0,0.0,0.004297287777386404,0.003991411914640803,0.0,0.00030587586274560125,112749.0,15850.0,9892988.759055499,51191570.741234004,VCR,IYC,Consumer Discretionary
2017-04-28,4.954981629905421,6.49363280378279,141.88,660.92,-0.00477,-0.004699,17735000.0,-594828000.0,0.0032416550588025774,-0.18566236996832639,612563000.0,0.18890402502712897,70231.0,18025.0,9736444.2530555,50845120.675234005,VCR,IYC,Consumer Discretionary
2017-05-01,4.956108637672181,6.495990368725445,142.03999,662.48,0.001128,0.00236,0.0,0.0,0.0011276430786579263,0.0023603461841070024,0.0,-0.001232703105449076,171716.0,669246.0,10544369.1241975,70179376.799326,VCR,IYC,Consumer Discretionary
2017-05-02,4.956531105476029,6.498462856039586,142.10001,664.12,0.000423,0.002476,0.0,0.0,0.0004225570559389391,0.0024755464315903875,0.0,-0.002052989375651448,79640.0,57535.0,10309910.4815175,39387220.201326,VCR,IYC,Consumer Discretionary
2017-05-03,4.951168335262708,6.49363280378279,141.34,660.92,-0.005348,-0.004818,0.0,0.0,-0.005348416231638429,-0.004818406312112269,0.0,-0.0005300099195261598,42729.0,61991.0,10302276.9105175,40768654.03732599,VCR,IYC,Consumer Discretionary
2017-05-04,4.949043467187741,6.49429832094442,141.03999,661.36,-0.002123,0.000666,0.0,0.0,-0.002122612140936843,0.0006657386673122314,0.0,-0.0027883508082490746,38863.0,72419.0,10150632.783586,42078544.10732599,VCR,IYC,Consumer Discretionary
2017-05-05,4.95547488291898,6.498944580622876,141.95,664.44,0.006452,0.004657,0.0,0.0,0.006452141693997663,0.0046570702794242165,0.0,0.0017950714145734464,33911.0,13305.0,10040114.886086,41829651.947326,VCR,IYC,Consumer Discretionary
2017-05-08,4.95547488291898,6.497619279224074,141.95,663.56,0.0,-0.001324,0.0,0.0,0.0,-0.0013244235747396304,0.0,0.0013244235747396304,56795.0,17813.0,9353018.550586,41813691.741326,VCR,IYC,Consumer Discretionary
2017-05-09,4.962283633769959,6.502310170673975,142.9198,666.68,0.006832,0.004702,0.0,0.0,0.006831983092638296,0.004701910904816445,0.0,0.002130072187821851,71628.0,14806.0,9143877.164306,39709087.923326,VCR,IYC,Consumer Discretionary
2017-05-10,4.9603239735548845,6.500929245234631,142.64,665.76,-0.001958,-0.00138,0.0,0.0,-0.0019577413346506646,-0.0013799724005519889,0.0,-0.0005777689340986758,81167.0,15629.0,9347879.455306,39262912.023325995,VCR,IYC,Consumer Discretionary
2017-05-11,4.953994463933822,6.49592998772129,141.74001,662.44,-0.00631,-0.004987,0.0,0.0,-0.006309520471116003,-0.0049867820235520305,0.0,-0.0013227384475639724,57916.0,12945.0,9442383.5467375,39266078.846765995,VCR,IYC,Consumer Discretionary
2017-05-12,4.951239154885971,6.492542819419093,141.35001,660.2,-0.002752,-0.003381,0.0,0.0,-0.00275151666773574,-0.003381438318942093,0.0,0.000629921651206353,47545.0,8556.0,9363139.86151,39238275.781279996,VCR,IYC,Consumer Discretionary
2017-05-15,4.951451300742808,6.493814291882217,141.38,661.03996,0.000212,0.001272,0.0,0.0,0.0002121683613606894,0.001272281126931233,0.0,-0.0010601127655705436,72197.0,20425.0,9621343.782510001,39641551.69043,VCR,IYC,Consumer Discretionary
2017-05-16,4.947482550103625,6.490419998303485,140.82001,658.8,-0.003961,-0.003389,0.0,0.0,-0.003960885556655942,-0.003388539476493978,0.0,-0.0005723460801619639,46730.0,64927.0,9724211.255874999,41334020.646625996,VCR,IYC,Consumer Discretionary
2017-05-17,4.9303307577041275,6.4740758643928,138.42529,648.12,-0.017006,-0.016211,0.0,0.0,-0.017005537778331293,-0.01621129326047359,0.0,-0.0007942445178577041,81101.0,20267.0,9956956.9587545,39640406.112626,VCR,IYC,Consumer Discretionary
2017-05-18,4.935911747900319,6.480596556788717,139.2,652.36,0.005597,0.006542,0.0,0.0,0.005596592934715957,0.006541998395358884,0.0,-0.0009454054606429273,38988.0,15085.0,9502357.2528205,39324449.994626,VCR,IYC,Consumer Discretionary
2017-05-19,4.941928024678293,6.487318654943827,140.03999,656.76,0.006034,0.006745,0.0,0.0,0.006034410919540134,0.006744742166901711,0.0,-0.0007103312473615772,100385.0,7663.0,9778120.619628,39231176.538626,VCR,IYC,Consumer Discretionary
2017-05-22,4.947979444065186,6.4927851408596675,140.89,660.36,0.00607,0.005481,0.0,0.0,0.006069766214636358,0.005481454412570802,0.0,0.0005883118020655557,52925.0,12535.0,9839501.844368,39030205.04028,VCR,IYC,Consumer Discretionary
2017-05-23,4.943426544402806,6.48938728551845,140.25,658.12,-0.004543,-0.003392,0.0,0.0,-0.004542550926254525,-0.0033920891634865833,0.0,-0.0011504617627679414,41674.0,9287.0,9680360.935368,38242168.96227999,VCR,IYC,Consumer Discretionary
2017-05-24,4.947127352839874,6.492239835020471,140.77,660.0,0.003708,0.002857,0.0,0.0,0.0037076648841354726,0.002856621892663952,0.0,0.0008510429914715205,69064.0,18798.0,9670423.624368,37955888.85744999,VCR,IYC,Consumer Discretionary
2017-05-25,4.95547488291898,6.502310170673975,141.95,666.68,0.008382,0.010121,0.0,0.0,0.00838246785536691,0.010121212121212121,0.0,-0.0017387442658452108,81216.0,18192.0,9443179.312368,38036049.31715,VCR,IYC,Consumer Discretionary
2017-05-26,4.959271891988059,6.505006478368201,142.49001,668.48,0.003804,0.0027,0.0,0.0,0.003804226840436868,0.0026999460010799785,0.0,0.0011042808393568896,57540.0,11643.0,9354904.357138,37829550.79915,VCR,IYC,Consumer Discretionary
2017-05-30,4.959833177306851,6.504288173536645,142.57001,668.0,0.000561,-0.000718,0.0,0.0,0.0005614428688717864,-0.0007180469123982767,0.0,0.001279489781270063,40010.0,13004.0,8420588.716001,16095779.89515,VCR,IYC,Consumer Discretionary
2017-05-31,4.962285033155209,6.507456800825332,142.92,670.12,0.002455,0.003174,46448999.99999999,402072000.0,0.02326862701525976,0.1517919716123309,-355623000.0,-0.12852334459707115,22096.0,22386.0,8012644.492181,14935338.00115,VCR,IYC,Consumer Discretionary
2017-06-01,4.97279489187538,6.51796665025898,144.42999,677.2,0.010565,0.010565,0.0,0.0,0.010565281276238571,0.010565271891601504,0.0,9.384637067455515e-09,106007.0,19548.0,8476208.146677498,13548678.69515,VCR,IYC,Consumer Discretionary
2017-06-02,4.977078510567413,6.522504536923528,145.05,680.28004,0.004293,0.004548,0.0,0.0,0.004292806500921195,0.004548198464264619,0.0,-0.0002553919633434239,36806.0,40941.0,8469081.805109,12546494.459032001,VCR,IYC,Consumer Discretionary
2017-06-05,4.974109612746806,6.519442229691538,144.62,678.2,-0.002965,-0.003058,0.0,0.0,-0.0029644950017235438,-0.003057623151783198,0.0,9.312815005965442e-05,61793.0,17358.0,8675223.665608998,12693085.529032,VCR,IYC,Consumer Discretionary
2017-06-06,4.966195652664082,6.509960677178192,143.48,671.8,-0.007883,-0.009437,0.0,0.0,-0.007882727147005946,-0.009436744323208493,0.0,0.001554017176202547,48306.0,18977.0,8618668.397108998,12739523.245032,VCR,IYC,Consumer Discretionary
2017-06-07,4.968771159514413,6.512517691029409,143.85001,673.52,0.002579,0.00256,0.0,0.0,0.002578826317256644,0.002560285799345043,0.0,1.8540517911600808e-05,255816.0,29220.0,9946772.133297,13229992.761032,VCR,IYC,Consumer Discretionary
2017-06-08,4.964032735372236,6.507814881516673,143.17,670.36,-0.004727,-0.004692,0.0,0.0,-0.004727215521222302,-0.004691768618600784,0.0,-3.544690262151807e-05,108447.0,22845.0,10144206.938797,13475453.319031999,VCR,IYC,Consumer Discretionary
2017-06-09,4.959833177306851,6.502909978753379,142.57001,667.08,-0.004191,-0.004893,0.0,0.0,-0.004190752252566995,-0.004892893370726177,0.0,0.000702141118159182,75413.0,15109.0,10271337.8260455,13550634.615031999,VCR,IYC,Consumer Discretionary
2017-06-12,4.9591314512291405,6.5004484759946015,142.47,665.44,-0.000701,-0.002459,0.0,0.0,-0.000701479925546637,-0.0024584757450379227,0.0,0.0017569958194912857,206873.0,14577.0,11408973.330273,13753206.999032,VCR,IYC,Consumer Discretionary
2017-06-13,4.966404649501283,6.506322031987343,143.50999,669.36,0.0073,0.005891,0.0,0.0,0.007299712220116423,0.005890839144024851,0.0,0.001408873076091572,54658.0,15375.0,11290811.188944,13592690.439881999,VCR,IYC,Consumer Discretionary
2017-06-14,4.966195652664082,6.506740254547584,143.48,669.64,-0.000209,0.000418,0.0,0.0,-0.00020897499888326151,0.0004183100274889447,0.0,-0.0006272850263722062,51994.0,18276.0,11334790.191579001,12065912.091882,VCR,IYC,Consumer Discretionary
2017-06-15,4.961585166139166,6.5002921762113,142.82001,665.336,-0.0046,-0.006427,0.0,0.0,-0.004599874546975305,-0.006427334089958784,0.0,0.0018274595429834794,82900.0,950955.0,11365457.6608145,43044369.483881995,VCR,IYC,Consumer Discretionary
2017-06-16,4.959973379294028,6.495386394557178,142.59,662.08,-0.001611,-0.004894,0.0,0.0,-0.0016104886143053995,-0.0048937679608498565,0.0,0.0032832793465444573,53265.0,33940.0,11473853.9983145,43675876.713882,VCR,IYC,Consumer Discretionary
2017-06-19,4.968145172914923,6.50368913187156,143.75999,667.59996,0.008205,0.008337,0.0,0.0,0.008205273862122076,0.008337300628322861,0.0,-0.00013202676620078548,53443.0,27506.0,11155106.5357855,44342389.34486999,VCR,IYC,Consumer Discretionary
2017-06-20,4.955545398220671,6.491633530042628,141.96001,659.59996,-0.012521,-0.011983,0.0,0.0,-0.012520729863712247,-0.011983224205106304,0.0,-0.000537505658605943,49802.0,20399.0,11135770.9941865,44601267.69407199,VCR,IYC,Consumer Discretionary
2017-06-21,4.956671771152826,6.4931484524056735,142.12,660.59996,0.001127,0.001516,0.0,0.0,0.0011270075283876554,0.0015160704376028162,0.0,-0.00038906290921516076,50386.0,14265.0,11201574.9851865,44766842.593541995,VCR,IYC,Consumer Discretionary
2017-06-22,4.955827057601261,6.490844923189231,142.0,659.08,-0.000844,-0.002301,0.0,0.0,-0.0008443568815085843,-0.002300878129026832,0.0,0.0014565212475182476,44793.0,55833.0,11033498.321186502,45986429.275542,VCR,IYC,Consumer Discretionary
2017-06-23,4.956671771152826,6.489022543873069,142.12,657.88,0.000845,-0.001821,0.0,0.0,0.0008450704225352113,-0.0018207197912241306,0.0,0.002665790213759342,78836.0,32900.0,11017276.377186501,46462229.747541994,VCR,IYC,Consumer Discretionary
2017-06-26,4.959341999708705,6.4935722802542495,142.5,660.88,0.002674,0.00456,0.0,0.0,0.00267379679144385,0.004560102146288077,0.0,-0.001886305354844227,35582.0,39605.0,10860854.3684165,47381781.735542,VCR,IYC,Consumer Discretionary
2017-06-27,4.95244104985153,6.485138315176386,141.52,655.3296,-0.006877,-0.005583,0.0,0.0,-0.006877192982456141,-0.008398498971068877,0.0,0.0015213059886127365,129284.0,22767.0,11490456.6474115,47693442.585701995,VCR,IYC,Consumer Discretionary
2017-06-28,4.9590613287453476,6.494116860184811,142.46001,661.24,0.009667,0.009019,0.0,0.0,0.006642241379310437,0.009018973048066195,0.0,-0.0023767316687557574,92281.0,11789.0,11989876.240551999,47333145.187702,VCR,IYC,Consumer Discretionary
2017-06-29,4.9503897670809724,6.484452012744093,141.23,654.88,-0.008634,-0.009618,0.0,0.0,-0.008634072116097794,-0.009618292904240518,0.0,0.0009842207881427239,70013.0,20999.0,11718743.5425555,47358841.163701996,VCR,IYC,Consumer Discretionary
2017-06-30,4.955615767675482,6.486831295811427,141.97,656.44,0.00524,0.002382,-7098500.0,590796000.0,0.0020939806182378486,0.19639155757666527,-597894500.0,-0.19429757695842742,47812.0,11740.0,11791201.5095555,46351604.18782,VCR,IYC,Consumer Discretionary
2017-07-03,4.953853279997271,6.484024300961059,141.72,654.59996,-0.001761,-0.002803,0.0,0.0,-0.001760935408889202,-0.002803058923892642,0.0,0.00104212351500344,127765.0,447719.0,12249719.1165555,60416836.382382,VCR,IYC,Consumer Discretionary
2017-07-05,4.9499648378961085,6.482740311629257,141.17,653.76,-0.003881,-0.001283,0.0,0.0,-0.0038808918995201806,-0.001283165370190368,0.0,-0.0025977265293298125,113287.0,218355.0,12702808.1620555,66916987.192382,VCR,IYC,Consumer Discretionary
2017-07-06,4.938637913589005,6.473705494018196,139.58,647.88,-0.011263,-0.008994,0.0,0.0,-0.011263016221576822,-0.008994126284875184,0.0,-0.0022688899367016378,101863.0,88532.0,11573753.331147501,68800880.080382,VCR,IYC,Consumer Discretionary
2017-07-07,4.946914287591406,6.480780487386091,140.74001,652.48,0.008311,0.0071,0.0,0.0,0.008310717867889476,0.007100080261776873,0.0,0.0012106376061126033,72412.0,24424.0,11306998.7618535,68831969.946382,VCR,IYC,Consumer Discretionary
2017-07-10,4.948121388707014,6.478878237863314,140.91,651.24,0.001208,-0.0019,0.0,0.0,0.001207829955390701,-0.0019004413928396273,0.0,0.0031082713482303284,127898.0,23968.0,11670522.512647,69108470.376382,VCR,IYC,Consumer Discretionary
2017-07-11,4.9473404437239425,6.476664623235,140.8,649.8,-0.000781,-0.002211,0.0,0.0,-0.00078064012490242,-0.0022111663902709996,0.0,0.0014305262653685796,48642.0,18590.0,10539302.377147,69227453.532382,VCR,IYC,Consumer Discretionary
2017-07-12,4.954347019222628,6.485367791678024,141.78999,655.48,0.007031,0.008741,0.0,0.0,0.007031178977272633,0.008741151123422724,0.0,-0.0017099721461500909,41349.0,11067.0,10440247.6403015,69075592.890382,VCR,IYC,Consumer Discretionary
2017-07-13,4.955404433096837,6.486892228693876,141.94,656.48,0.001058,0.001526,0.0,0.0,0.001057973133364444,0.0015255995606273266,0.0,-0.0004676264272628825,56911.0,9528.0,10471140.051301498,68776422.93038198,VCR,IYC,Consumer Discretionary
2017-07-14,4.958499539675727,6.489873400858884,142.38,658.44,0.0031,0.002986,0.0,0.0,0.0030999013667746935,0.00298562027784561,0.0,0.00011428108892908365,36155.0,10313.0,10136538.554851498,37480717.722382,VCR,IYC,Consumer Discretionary
2017-07-17,4.9603239735548845,6.492716085231698,142.64,660.3144,0.001826,0.002847,0.0,0.0,0.0018260991712319146,0.002846728631310239,0.0,-0.0010206294600783245,34349.0,386980.0,10001762.8053515,49133591.287982,VCR,IYC,Consumer Discretionary
2017-07-18,4.96410251012588,6.494358861025465,143.17999,661.40004,0.003786,0.001644,0.0,0.0,0.0037856842400449857,0.001644125889121909,0.0,0.0021415583509230766,54372.0,79194.0,10006863.668887,50834386.801382,VCR,IYC,Consumer Discretionary
2017-07-19,4.9693965460796585,6.498824171230798,143.94,664.36,0.005308,0.004475,0.0,0.0,0.00530807412404473,0.0044752945584944324,0.0,0.0008327795655502972,75334.0,16201.0,10195547.845986,50699792.64018,VCR,IYC,Consumer Discretionary
2017-07-20,4.9682148004345015,6.4962318562900085,143.77,662.64,-0.001181,-0.002589,0.0,0.0,-0.0011810476587467,-0.0025889577939671262,0.0,0.0014079101352204263,51403.0,872502.0,10207015.395485999,79136355.98271,VCR,IYC,Consumer Discretionary
2017-07-21,4.9682148004345015,6.4962922190703365,143.77,662.68,0.0,6e-05,0.0,0.0,0.0,6.0364602197141864e-05,0.0,-6.0364602197141864e-05,27697.0,13067.0,10088084.979985999,77729397.27871,VCR,IYC,Consumer Discretionary
2017-07-24,4.965777388454429,6.4952051915773525,143.42,661.96004,-0.002434,-0.001086,0.0,0.0,-0.0024344439034569105,-0.0010864368926175956,0.0,-0.001348007010839315,47622.0,36490.0,9869373.725986,77854930.77168998,VCR,IYC,Consumer Discretionary
2017-07-25,4.972725721023036,6.5028499541660665,144.42,667.03996,0.006973,0.007674,0.0,0.0,0.006972528238739367,0.007674058391802362,0.0,-0.0007015301530629951,47056.0,104080.0,9955643.351986,80017499.10353,VCR,IYC,Consumer Discretionary
2017-07-26,4.972725721023036,6.502909978753379,144.42,667.08,0.0,6e-05,0.0,0.0,0.0,6.002638882397079e-05,0.0,-6.002638882397079e-05,30444.0,15502.0,9260665.891986,79788558.36137,VCR,IYC,Consumer Discretionary
2017-07-27,4.978456395732021,6.508411397878909,145.25,670.76,0.005747,0.005517,0.0,0.0,0.005747126436781609,0.005516579720573245,0.0,0.0002305467162083642,76017.0,152612.0,9155421.7453455,84517091.69937,VCR,IYC,Consumer Discretionary
2017-07-28,4.971963763447986,6.503569352372353,144.31,667.52,-0.006472,-0.00483,0.0,0.0,-0.0064716006884681584,-0.004830341701950027,0.0,-0.0016412589865181315,45318.0,16391.0,8988016.9748455,84376566.45936999,VCR,IYC,Consumer Discretionary
2017-07-31,4.970785049496295,6.50404868378342,144.14,667.84004,-0.001178,0.000479,-46845499.99999999,-834800050.0,-0.021558302291710383,-0.22485376231936635,787954550.0,0.20329546002765597,42762.0,21827.0,8956809.2268455,84720083.407024,VCR,IYC,Consumer Discretionary
2017-08-01,4.973279507552487,6.50757617530321,144.5,670.2,0.002498,0.003534,0.0,0.0,0.002497571805189399,0.0035337204400023694,0.0,-0.0010361486348129702,57768.0,23164.0,8468840.236845499,70842467.07246199,VCR,IYC,Consumer Discretionary
2017-08-02,4.969535552674568,6.503286414458496,143.96001,667.33116,-0.003737,-0.004281,0.0,0.0,-0.003736955017300945,-0.004280572963294539,0.0,0.0005436179459935935,87749.0,24314.0,8300821.29322,64516153.323674,VCR,IYC,Consumer Discretionary
2017-08-03,4.967797449670734,6.499004779882443,143.71001,664.48,-0.001737,-0.004273,0.0,0.0,-0.0017365933775636718,-0.004272481446842674,0.0,0.002535888069279002,51196.0,85612.0,7957788.299817999,64492620.803674,VCR,IYC,Consumer Discretionary
2017-08-04,4.968979618827423,6.498523024078275,143.88,664.15996,0.001183,-0.000482,0.0,0.0,0.0011828681940804719,-0.00048163977847339275,0.0,0.0016645079725538647,27192.0,11515.0,7643844.267612,64078202.32464399,VCR,IYC,Consumer Discretionary
2017-08-07,4.970993158823812,6.501229668740317,144.17,665.96004,0.002016,0.00271,0.0,0.0,0.002015568529329997,0.0027103109317219306,0.0,-0.0006947424023919335,31497.0,9897.0,6969785.033112,63627306.634438,VCR,IYC,Consumer Discretionary
2017-08-08,4.970160461530537,6.499004779882443,144.05,664.48,-0.000832,-0.002222,0.0,0.0,-0.0008323506970937089,-0.0022224156272199155,0.0,0.0013900649301262066,53788.0,10244.0,7014753.423112,63363664.190437995,VCR,IYC,Consumer Discretionary
2017-08-09,4.966195652664082,6.495023895319494,143.48,661.84004,-0.003957,-0.003973,0.0,0.0,-0.003956959389101007,-0.003972971346014929,0.0,1.6011956913922036e-05,46116.0,24672.0,7052445.892286499,63817400.205781996,VCR,IYC,Consumer Discretionary
2017-08-10,4.950248214897672,6.480657932058936,141.21001,652.40004,-0.015821,-0.014263,0.0,0.0,-0.01582095065514348,-0.014263265184137243,0.0,-0.0015576854710062388,92041.0,15297.0,7298404.051806999,64003641.30437599,VCR,IYC,Consumer Discretionary
2017-08-11,4.95568620261124,6.485977845381668,141.98,655.88,0.005453,0.005334,0.0,0.0,0.005452800406996547,0.005334089188590485,0.0,0.00011871121840606198,48976.0,19254.0,7388697.230806999,64295532.394375995,VCR,IYC,Consumer Discretionary
2017-08-14,4.962354929956703,6.491512297702094,142.92999,659.52,0.006691,0.00555,0.0,0.0,0.00669101281870698,0.005549795694334329,0.0,0.001141217124372651,34328.0,17822.0,7389045.197643,52106807.340776,VCR,IYC,Consumer Discretionary
2017-08-15,4.953782786403427,6.484024300961059,141.71001,654.59996,-0.008536,-0.00746,0.0,0.0,-0.008535507488666329,-0.007460031538088306,0.0,-0.0010754759505780228,41260.0,49048.0,7292143.827459,51093202.544291995,VCR,IYC,Consumer Discretionary
2017-08-16,4.957445465582136,6.4883535051351,142.23,657.44,0.003669,0.004339,0.0,0.0,0.003669394984870769,0.004338588716076304,0.0,-0.0006691937312055351,41154.0,10273.0,7042631.700459001,50892731.78229199,VCR,IYC,Consumer Discretionary
2017-08-17,4.9415710629204055,6.47240805457207,139.99001,647.03996,-0.015749,-0.015819,0.0,0.0,-0.015749068410321216,-0.01581899488926746,0.0,6.992647894624518e-05,145580.0,17985.0,7692108.517748999,22566846.202322,VCR,IYC,Consumer Discretionary
2017-08-18,4.936701665718133,6.468940191192418,139.31,644.8,-0.004858,-0.003462,0.0,0.0,-0.004857560907381987,-0.003461857286217686,0.0,-0.0013957036211643009,55312.0,14019.0,7878284.369248999,22585856.784322,VCR,IYC,Consumer Discretionary
2017-08-21,4.938422959982331,6.471418569088072,139.55,646.40004,0.001723,0.002481,0.0,0.0,0.001722776541526093,0.002481451612903226,0.0,-0.000758675071377133,54508.0,10716.0,7917116.577249,21724451.832774,VCR,IYC,Consumer Discretionary
2017-08-22,4.948405217560121,6.481515932916989,140.95,652.96004,0.010032,0.010149,0.0,0.0,0.01003224650662845,0.010148514223483032,0.0,-0.0001162677168545824,34688.0,34001.0,7821788.881249,19363240.596936,VCR,IYC,Consumer Discretionary
2017-08-23,4.941285215961463,6.473396747218991,139.95,647.68,-0.007095,-0.008086,0.0,0.0,-0.0070947144377438804,-0.008086314133403936,0.0,0.0009915996956600557,36429.0,10590.0,7856864.684749,19189133.448936,VCR,IYC,Consumer Discretionary
2017-08-24,4.939397046495199,6.466393464683287,139.686,643.15996,-0.001886,-0.006979,0.0,0.0,-0.0018863879957127547,-0.006978816699604743,0.0,0.005092428703891988,32256.0,19621.0,7530076.803049001,14701804.271693999,VCR,IYC,Consumer Discretionary
2017-08-25,4.942070902227372,6.470799503782602,140.06,646.0,0.002677,0.004416,0.0,0.0,0.002677433672665836,0.004415759961176688,0.0,-0.0017383262885108516,52579.0,17530.0,7571295.511049001,14720957.255693998,VCR,IYC,Consumer Discretionary
2017-08-28,4.9427846271880815,6.47086135945464,140.16,646.03996,0.000714,6.2e-05,0.0,0.0,0.0007139797229758674,6.185758513931889e-05,0.0,0.0006521221378365486,57183.0,16654.0,7663848.241049001,14530067.502732,VCR,IYC,Consumer Discretionary
2017-08-29,4.940856399488339,6.470985245045557,139.89,646.12,-0.001926,0.000124,0.0,0.0,-0.0019263698630136985,0.00012389326505437838,0.0,-0.002050263128068077,117225.0,12103.0,8066404.703549,14144841.380732,VCR,IYC,Consumer Discretionary
2017-08-30,4.94741146392922,6.47789495255754,140.81,650.59996,0.006577,0.006934,0.0,0.0,0.006576595896776038,0.006933634618956231,0.0,-0.0003570387221801929,51122.0,14485.0,7794711.7986745,13804763.910549998,VCR,IYC,Consumer Discretionary
2017-08-31,4.953853279997271,6.48280149429011,141.72,653.8,0.006463,0.004919,-13746840.0,-65379999.99999999,0.00020567955491288412,-0.01845160144613396,51633159.99999999,0.018657281001046844,72730.0,10746.0,7942207.6950765,11311677.562549999,VCR,IYC,Consumer Discretionary
2017-09-01,4.958991060943918,6.486160788944089,142.45,656.0,0.005151,0.003365,0.0,0.0,0.0051510019757267855,0.00336494340776996,0.0,0.0017860585679568253,66747.0,11344.0,8221993.9545765,11301370.66558,VCR,IYC,Consumer Discretionary
2017-09-05,4.954347019222628,6.482617935076452,141.78999,653.68,-0.004633,-0.003537,0.0,0.0,-0.004633274833274807,-0.0035365853658536586,0.0,-0.0010966894674211487,54018.0,11181.0,8377908.414067501,11337260.143786,VCR,IYC,Consumer Discretionary
2017-09-06,4.959412102514604,6.488596782914717,142.50999,657.59996,0.005078,0.005997,0.0,0.0,0.00507793251131458,0.005996756822910293,0.0,-0.0009188243115957123,54199.0,24931.0,8376695.291468,11816644.717923999,VCR,IYC,Consumer Discretionary
2017-09-07,4.951946297747576,6.4833519087066,141.45,654.15996,-0.007438,-0.005231,0.0,0.0,-0.007438004872500329,-0.005231143870507535,0.0,-0.002206861001992794,45081.0,7989.0,8364694.479967999,11261503.040602,VCR,IYC,Consumer Discretionary
2017-09-08,4.9488307389321795,6.479062484754668,141.00999,651.36,-0.003111,-0.00428,0.0,0.0,-0.0031107104984095233,-0.0042802375125496825,0.0,0.0011695270141401592,23511.0,28587.0,7880603.247192,11693536.286008,VCR,IYC,Consumer Discretionary
2017-09-11,4.954629157306516,6.484146566637683,141.83,654.68,0.005815,0.005097,0.0,0.0,0.0058152617413846155,0.005097027757307786,0.0,0.0007182339840768291,79527.0,11856.0,8096888.343692,11450214.914008,VCR,IYC,Consumer Discretionary
2017-09-12,4.9603239735548845,6.48938728551845,142.64,658.12,0.005711,0.005254,0.0,0.0,0.005711062539660156,0.0052544754689313865,0.0,0.0004565870707287697,67562.0,8393.0,8333415.492856001,11138696.700008001,VCR,IYC,Consumer Discretionary
2017-09-13,4.9668923711483375,6.496171429497547,143.58,662.59996,0.00659,0.006807,0.0,0.0,0.006590016825574874,0.006807208411839786,0.0,-0.00021719158626491188,37190.0,23160.0,8308054.752226,10300646.511784,VCR,IYC,Consumer Discretionary
2017-09-14,4.963403914390817,6.49017710299017,143.08,658.64,-0.003482,-0.005976,0.0,0.0,-0.003482379161443098,-0.005976396376480312,0.0,0.0024940172150372144,40613.0,16583.0,8305933.483225999,10509063.811784001,VCR,IYC,Consumer Discretionary
2017-09-15,4.96179519868028,6.488718490843878,142.85001,657.68,-0.001607,-0.001458,0.0,0.0,-0.0016074224210232296,-0.0014575488886189724,0.0,-0.0001498735324042572,21552.0,27240.0,7440881.371212,10822973.287754,VCR,IYC,Consumer Discretionary
2017-09-18,4.958991060943918,6.48494053253886,142.45,655.2,-0.0028,-0.003771,0.0,0.0,-0.002800209814476011,-0.00377083079917285,0.0,0.000970620984696839,43737.0,8307.0,7367122.417712,10643138.047754,VCR,IYC,Consumer Discretionary
2017-09-19,4.95807811362177,6.48322966813523,142.32001,654.08,-0.000913,-0.001709,0.0,0.0,-0.0009125307125307385,-0.0017094017094017094,0.0,0.000796870996870971,20864.0,15569.0,7135261.082144,10805965.482321998,VCR,IYC,Consumer Discretionary
2017-09-20,4.9614450499054845,6.4856118578211595,142.8,655.64,0.003373,0.002385,0.0,0.0,0.00337261078045177,0.0023850293542074363,0.0,0.0009875814262443336,38663.0,19671.0,7166851.222144,10340755.48832,VCR,IYC,Consumer Discretionary
2017-09-21,4.9590613287453476,6.483474256616332,142.46001,654.24,-0.002381,-0.002135,0.0,0.0,-0.0023808823529412023,-0.0021353181624061985,0.0,-0.00024556419053500377,30817.0,9214.0,7131448.8010525005,10299217.29632,VCR,IYC,Consumer Discretionary
2017-09-22,4.9608146691844714,6.4856118578211595,142.71001,655.64,0.001755,0.00214,0.0,0.0,0.0017548784392195397,0.002139887503056982,0.0,-0.00038500906383744224,40169.0,15518.0,7192789.139837,10176956.293562,VCR,IYC,Consumer Discretionary
2017-09-25,4.958780438553979,6.483413115104284,142.42,654.2,-0.002032,-0.002196,0.0,0.0,-0.0020321629856237576,-0.0021963272527606614,0.0,0.0001641642671369038,356708.0,22184.0,9364696.070836999,10336375.933562,VCR,IYC,Consumer Discretionary
2017-09-26,4.959833177306851,6.479676396002386,142.57001,651.76,0.001053,-0.000687,0.0,0.0,0.0010532930768150281,-0.0037297462549678996,0.0,0.004783039331782928,51651.0,44430.0,9332151.7861625,11246303.298870001,VCR,IYC,Consumer Discretionary
2017-09-27,4.9619351258770665,6.485733807556606,142.87,655.71996,0.005864,0.006076,0.0,0.0,0.002104159212726461,0.00607579477108138,0.0,-0.003971635558354919,52896.0,15322.0,8890084.0996625,11357650.842226,VCR,IYC,Consumer Discretionary
2017-09-28,4.961234943801129,6.48356168248399,142.77,654.2972,-0.0007,-0.00217,0.0,0.0,-0.0006999370056694897,-0.002169767716084165,0.0,0.0014698307104146753,35224.0,10382.0,8781606.182662498,11226099.497715998,VCR,IYC,Consumer Discretionary
2017-09-29,4.9652194305657735,6.486404600683006,143.34,656.15996,0.003992,0.002847,-39418500.0,0.0,-0.013813441031997402,0.0028469631231801086,-39418500.0,-0.01666040415517751,49648.0,20964.0,8622068.618662499,11562599.627788002,VCR,IYC,Consumer Discretionary
2017-10-02,4.968353832293782,6.487440518521266,143.78999,656.84004,0.003139,0.001036,0.0,0.0,0.003139319101437169,0.0010364545864700431,0.0,0.0021028645149671257,98700.0,54676.0,8856266.7118125,12986185.729140002,VCR,IYC,Consumer Discretionary
2017-10-03,4.97182509400429,6.492542819419093,144.28999,660.2,0.003477,0.005115,0.0,0.0,0.0034772935167461934,0.005115339801757518,0.0,-0.0016380462850113246,62591.0,12108.0,8924868.866026,13020431.005140001,VCR,IYC,Consumer Discretionary
2017-10-04,4.976181866026876,6.495265555937008,144.92,662.0,0.004366,0.002726,0.0,0.0,0.004366276551824532,0.002726446531354135,0.0,0.0016398300204703968,42693.0,16351.0,8848027.3966255,12741917.875002,VCR,IYC,Consumer Discretionary
2017-10-05,4.981549713201159,6.501649965986549,145.7,666.24,0.005382,0.006405,0.0,0.0,0.005382279878553685,0.006404833836858006,0.0,-0.0010225539583043211,35113.0,13528.0,8784990.2291255,12931258.41498,VCR,IYC,Consumer Discretionary
2017-10-06,4.982304404328194,6.498041216840039,145.81,663.84004,0.000755,-0.003602,0.0,0.0,0.0007549759780370624,-0.003602245437079731,0.0,0.004357221415116793,41246.0,11153.0,8919929.898380999,12370427.397286002,VCR,IYC,Consumer Discretionary
2017-10-09,4.977560986366827,6.492906279563631,145.12,660.44,-0.004732,-0.005122,0.0,0.0,-0.004732185721143954,-0.005121776023031091,0.0,0.00038959030188713637,39293.0,10701.0,8641074.185881,12335701.515286,VCR,IYC,Consumer Discretionary
2017-10-10,4.976940617572159,6.494842445290286,145.03,661.71996,-0.00062,0.001938,0.0,0.0,-0.0006201764057331864,0.001938041305796136,0.0,-0.0025582177115293222,44191.0,11229.0,8479673.038381,12431044.128828,VCR,IYC,Consumer Discretionary
2017-10-11,4.977423228808127,6.49592998772129,145.10001,662.44,0.000483,0.001088,0.0,0.0,0.000482727711507938,0.0010881340197143215,0.0,-0.0006054063082063835,29330.0,14563.0,8425475.193046,12146109.061147999,VCR,IYC,Consumer Discretionary
2017-10-12,4.97057689685027,6.490541423839424,144.11,658.88,-0.006823,-0.005374,0.0,0.0,-0.006822949219645101,-0.005374071614032969,0.0,-0.001448877605612132,60677.0,17002.0,8572137.914546,12160111.593148,VCR,IYC,Consumer Discretionary
2017-10-13,4.9739021510400345,6.49363280378279,144.59,660.92,0.003331,0.003096,0.0,0.0,0.003330788980639789,0.0030961631860126275,0.0,0.0002346257946271614,34110.0,50397.0,8664800.98877,12929770.695148,VCR,IYC,Consumer Discretionary
2017-10-16,4.975422538340511,6.493935366491219,144.81,661.12,0.001522,0.000303,0.0,0.0,0.0015215436752195864,0.0003026084851419234,0.0,0.001218935190077663,45697.0,8692.0,8684153.33477,12944956.127148,VCR,IYC,Consumer Discretionary
2017-10-17,4.976112860057833,6.494056365946869,144.91,661.2,0.000691,0.000121,0.0,0.0,0.0006905600441958428,0.00012100677637947725,0.0,0.0005695532678163656,35973.0,6373.0,8796327.471838001,12646478.931148,VCR,IYC,Consumer Discretionary
2017-10-18,4.974662633637438,6.493087960109173,144.7,660.56,-0.001449,-0.000968,0.0,0.0,-0.0014491753502173764,-0.0009679370840895341,0.0,-0.00048123826612784225,33718.0,14201.0,8764223.381838,12470654.837148,VCR,IYC,Consumer Discretionary
2017-10-19,4.974524337965841,6.491815441948167,144.67999,659.71996,-0.000138,-0.001272,0.0,0.0,-0.00013828610919140459,-0.0012717088530943442,0.0,0.0011334227439029395,29570.0,12504.0,8758623.240644498,12581703.38814,VCR,IYC,Consumer Discretionary
2017-10-20,4.9776298924822715,6.495809214774283,145.13,662.36,0.00311,0.004002,0.0,0.0,0.003110381746639575,0.004001758564345999,0.0,-0.000891376817706424,64813.0,38152.0,8942312.85556,13336510.24814,VCR,IYC,Consumer Discretionary
2017-10-23,4.970854354712227,6.4902378323497985,144.14999,658.68,-0.006753,-0.005556,0.0,0.0,-0.006752635568111323,-0.005555891056223202,0.0,-0.0011967445118881209,58092.0,15361.0,6820893.248513999,13116770.78214,VCR,IYC,Consumer Discretionary
2017-10-24,4.973832987572151,6.490905612007334,144.58,659.12,0.002983,0.000668,0.0,0.0,0.002983073394594035,0.0006680026720106881,0.0,0.002315070722583347,49548.0,253886.0,6810881.561188499,20035952.958139997,VCR,IYC,Consumer Discretionary
2017-10-25,4.969257589642278,6.486465620527001,143.92,656.2,-0.004565,-0.00443,0.0,0.0,-0.0045649467422880065,-0.004430149289962374,0.0,-0.00013479745232563255,40074.0,18817.0,6721391.4891885,20150991.666784,VCR,IYC,Consumer Discretionary
2017-10-26,4.972379448641723,6.484818424961933,144.37,655.12,0.003127,-0.001646,0.0,0.0,0.0031267370761534187,-0.0016458396830234684,0.0,0.004772576759176887,47560.0,11594.0,6813256.8251885,20191119.054263998,VCR,IYC,Consumer Discretionary
2017-10-27,4.984291387202921,6.495144702713102,146.10001,661.92,0.011983,0.01038,0.0,0.0,0.011983168248250995,0.010379777750641105,0.0,0.0016033904976098905,73309.0,11516.0,6992951.890842999,19884465.720192,VCR,IYC,Consumer Discretionary
2017-10-30,4.9802447440483855,6.491633530042628,145.50999,659.59996,-0.004038,-0.003505,0.0,0.0,-0.0040384665271414,-0.0035050157118685036,0.0,-0.0005334508152728965,24403.0,11152.0,6460892.304491499,18456589.356536,VCR,IYC,Consumer Discretionary
2017-10-31,4.981481076665904,6.492906279563631,145.69,660.44,0.001237,0.001274,-36422500.0,-198132000.00000003,-0.01519710110763897,-0.07024598017605355,161709500.00000003,0.055048879068414575,48125.0,14596.0,6359896.128787,18538893.388536,VCR,IYC,Consumer Discretionary
2017-11-01,4.981412366775748,6.494358861025465,145.67999,661.40004,-6.9e-05,0.001454,0.0,0.0,-6.870752968629406e-05,0.0014536369692931986,0.0,-0.0015223444989794926,58301.0,13707.0,6475207.1056365,18450965.805949997,VCR,IYC,Consumer Discretionary
2017-11-02,4.973556216669832,6.491269667590507,144.53999,659.36,-0.007825,-0.003084,0.0,0.0,-0.007825371212614719,-0.003084426786548123,0.0,-0.004740944426066596,44733.0,14195.0,6542694.26927,18468301.829949997,VCR,IYC,Consumer Discretionary
2017-11-03,4.976526824462806,6.495265555937008,144.97,662.0,0.002975,0.004004,0.0,0.0,0.0029750244205772824,0.004003882552778452,0.0,-0.0010288581322011694,39088.0,27764.0,6525319.674269999,19017099.831644,VCR,IYC,Consumer Discretionary
2017-11-06,4.982921386988641,6.500208064794706,145.89999,665.28004,0.006415,0.004955,0.0,0.0,0.006415051389942773,0.0049547432024169185,0.0,0.0014603081875258547,58775.0,19006.0,6668973.261882501,19295947.031656,VCR,IYC,Consumer Discretionary
2017-11-07,4.976250177245917,6.494842445290286,144.9299,661.71996,-0.006649,-0.005351,0.0,0.0,-0.006649006624332171,-0.0053512502795063565,0.0,-0.0012977563448258143,42476.0,15866.0,6656324.3470025,19449366.804382,VCR,IYC,Consumer Discretionary
2017-11-08,4.977285314414702,6.496955969283271,145.08,663.12,0.001036,0.002116,0.0,0.0,0.0010356731081715617,0.0021157590591645444,0.0,-0.0010800859509929827,106099.0,21746.0,7213177.328337501,19688021.494381998,VCR,IYC,Consumer Discretionary
2017-11-09,4.979213424087916,6.4988844379438335,145.36,664.40004,0.00193,0.00193,0.0,0.0,0.0019299696719051558,0.0019303293521534563,0.0,-3.5968024830052014e-07,65154.0,18847.0,7249508.476837501,19754004.984076,VCR,IYC,Consumer Discretionary
2017-11-10,4.982441559725474,6.502790045915623,145.83,667.0,0.003233,0.003913,0.0,0.0,0.003233351678591084,0.003913244797516869,0.0,-0.000679893118925785,39697.0,17241.0,7292360.9073375,18663573.072076,VCR,IYC,Consumer Discretionary
2017-11-13,4.98552259328118,6.503868864081836,146.28,667.71996,0.003086,0.001079,0.0,0.0,0.0030857848179386958,0.001079400299850075,0.0,0.0020063845180886206,32423.0,17535.0,7198633.600837501,18961673.795006,VCR,IYC,Consumer Discretionary
2017-11-14,4.986410905205391,6.504288173536645,146.41,668.0,0.000889,0.000419,0.0,0.0,0.0008887065901011758,0.0004193973773076965,0.0,0.0004693092127934793,23162.0,18313.0,7107548.6503375005,19362636.615006,VCR,IYC,Consumer Discretionary
2017-11-15,4.982989993275931,6.500508584791542,145.91,665.48,-0.003415,-0.003772,0.0,0.0,-0.0034150672768253534,-0.003772455089820359,0.0,0.00035738781299500576,71747.0,53369.0,7387029.1588375,20669406.093005996,VCR,IYC,Consumer Discretionary
2017-11-16,4.9916562595544365,6.513408136607819,147.17999,674.12,0.008704,0.012983,0.0,0.0,0.008703927078335987,0.01298310993568552,0.0,-0.004279182857349533,54819.0,26129.0,7576532.7872130005,21137653.248013996,VCR,IYC,Consumer Discretionary
2017-11-17,4.997212273764115,6.516902883241818,148.0,676.48,0.005571,0.003501,0.0,0.0,0.005571477481415756,0.0035008603809410788,0.0,0.0020706171004746775,45572.0,15946.0,7443450.052713001,20413492.816014,VCR,IYC,Consumer Discretionary
2017-11-20,4.999304677753871,6.516607250615863,148.31,676.28004,0.002095,-0.000296,0.0,0.0,0.0020945945945945945,-0.00029558893093661307,0.0,0.0023901835255312077,43482.0,16395.0,7347192.762759,20461974.204803996,VCR,IYC,Consumer Discretionary
2017-11-21,5.004885462115649,6.522151561149457,149.14,680.03996,0.005596,0.00556,0.0,0.0,0.005596385948351426,0.005559708667433095,0.0,3.667728091833085e-05,55835.0,12641.0,7405371.865759,12524726.445522,VCR,IYC,Consumer Discretionary
2017-11-22,5.005890656081774,6.524618957681918,149.28999,681.71996,0.001006,0.00247,0.0,0.0,0.001005699342899315,0.0024704430604342723,0.0,-0.0014647437175349574,36151.0,8973.0,7386848.483183501,12213194.335576,VCR,IYC,Consumer Discretionary
2017-11-24,5.007898218386369,6.525205595444714,149.59,682.12,0.00201,0.000587,0.0,0.0,0.0020095788069916555,0.0005868098683805591,0.0,0.0014227689386110964,19656.0,2982.0,7190553.6751835,11935125.363575999,VCR,IYC,Consumer Discretionary
2017-11-27,5.007898218386369,6.525029657843462,149.59,682.0,0.0,-0.000176,0.0,0.0,0.0,-0.00017592212513927168,0.0,0.00017592212513927168,77662.0,5364.0,7235904.322529,11736904.227575999,VCR,IYC,Consumer Discretionary
2017-11-28,5.019925274953148,6.537387007911402,151.39999,690.48,0.0121,0.012434,0.0,0.0,0.012099672437997217,0.012434017595307918,0.0,-0.0003343451573107007,44412.0,20050.0,7394559.126024501,12061317.48988,VCR,IYC,Consumer Discretionary
2017-11-29,5.025392535071163,6.54534966033442,152.23,696.0,0.005482,0.007994,0.0,0.0,0.005482232858800031,0.007994438651372959,0.0,-0.0025122057925729274,71002.0,35719.0,7584424.2865245,12822349.577879999,VCR,IYC,Consumer Discretionary
2017-11-30,5.0302418237351745,6.552622003204975,152.97,701.08,0.004861,0.007299,-3824250.0,-35054000.0,0.0031841729866743163,-0.005615237253168288,31229750.0,0.008799410239842605,55573.0,32254.0,7584809.9221749995,13499690.776466,VCR,IYC,Consumer Discretionary
2017-12-01,5.029980234970636,6.551822916404464,152.92999,700.52,-0.000262,-0.000799,0.0,0.0,-0.00026155455318033715,-0.0007987676156786672,0.0,0.00053721306249833,174551.0,290638.0,8596228.687765999,23211596.604466,VCR,IYC,Consumer Discretionary
2017-12-04,5.040258754441594,6.562670000378273,154.50999,708.15996,0.010332,0.010906,0.0,0.0,0.01033152490234236,0.010906126877176955,0.0,-0.0005746019748345942,142730.0,76147.0,9415559.863401,24988821.028171998,VCR,IYC,Consumer Discretionary
2017-12-05,5.034156554254484,6.556778356158042,153.57001,704.0,-0.006084,-0.005874,0.0,0.0,-0.006083619576960532,-0.00587432251888401,0.0,-0.00020929705807652167,114675.0,117314.0,9867328.312626,28486058.206159998,VCR,IYC,Consumer Discretionary
2017-12-06,5.028475212224587,6.551480312184739,152.7,700.28004,-0.005665,-0.005284,0.0,0.0,-0.005665233726298489,-0.005284034090909091,0.0,-0.0003811996353893978,67430.0,89046.0,10074354.241006,31078972.583984,VCR,IYC,Consumer Discretionary
2017-12-07,5.031548415676463,6.554332241858345,153.17,702.28004,0.003078,0.002856,0.0,0.0,0.0030779305828421743,0.00285600029382531,0.0,0.00022193028901686422,77307.0,27908.0,9896767.754506,31337923.775799997,VCR,IYC,Consumer Discretionary
2017-12-08,5.036108090069287,6.558708310778772,153.87,705.36,0.00457,0.004386,0.0,0.0,0.00457008552588627,0.004385657892256201,0.0,0.00018442763363006945,45038.0,9826.0,9769728.335506,31058369.766106,VCR,IYC,Consumer Discretionary
2017-12-11,5.038639425680232,6.561539730077933,154.25999,707.36,0.002535,0.002835,0.0,0.0,0.0025345421459671926,0.002835431552682318,0.0,-0.0003008894067151255,45212.0,11906.0,9828997.7934,30904473.824106,VCR,IYC,Consumer Discretionary
2017-12-12,5.038704314023848,6.561371767545059,154.27,707.2412,6.5e-05,-0.000168,0.0,0.0,6.489044891049234e-05,-0.00016794842795747568,0.0,0.00023283887686796802,38431.0,18145.0,9888293.4899,30960694.927876003,VCR,IYC,Consumer Discretionary
2017-12-13,5.039546572823834,6.561256892073535,154.39999,707.15996,0.000843,-0.000115,0.0,0.0,0.0008426135995333106,-0.000114868873589378,0.0,0.0009574824731226885,64725.0,22458.0,10218413.0365375,31143110.646959998,VCR,IYC,Consumer Discretionary
2017-12-14,5.037893717867083,6.563460469663997,154.145,708.71996,0.001619,0.002206,0.0,0.0,-0.0016514897442674952,0.002206007251881173,0.0,-0.003857496996148668,45544.0,17354.0,10046001.7920375,29982266.850251995,VCR,IYC,Consumer Discretionary
2017-12-15,5.042650623528266,6.570098340879166,154.88,713.44,0.004768,0.00666,0.0,0.0,0.004768237698271108,0.006659950708880839,0.0,-0.0018917130106097307,116040.0,24560.0,10541202.558447,29977667.096252,VCR,IYC,Consumer Discretionary
2017-12-18,5.052800450171032,6.5785843230223975,156.46001,719.52,0.010202,0.008522,0.0,0.0,0.010201510847107414,0.008522090154743216,0.0,0.0016794206923641981,63846.0,11171.0,10703437.04837,29840197.488252003,VCR,IYC,Consumer Discretionary
2017-12-19,5.051777237427431,6.5759122550032245,156.3,717.59996,-0.001023,-0.000628,0.0,0.0,-0.0010226894399405712,-0.002668501223037581,0.0,0.0016458117830970096,134017.0,8235.0,11428339.132369999,29581288.708991997,VCR,IYC,Consumer Discretionary
2017-12-20,5.049920043660701,6.574406160346902,156.00999,716.52,-0.001855,-0.001505,0.0,0.0,-0.0018554702495203331,-0.0015049610649365143,0.0,-0.00035050918458381887,70537.0,7918.0,11562201.3706015,29435139.720273994,VCR,IYC,Consumer Discretionary
2017-12-21,5.056373185770109,6.579640080835262,157.02,720.28004,0.006474,0.005248,0.0,0.0,0.006474008491379483,0.005247641377770334,0.0,0.001226367113609149,56030.0,10021.0,11732243.779176999,29490182.374261998,VCR,IYC,Consumer Discretionary
2017-12-22,5.054077851939092,6.578361927825217,156.66,719.36,-0.002293,-0.001277,0.0,0.0,-0.0022927015666794038,-0.0012773365203900416,0.0,-0.0010153650462893622,55321.0,20182.0,12018556.120176999,30114384.458261997,VCR,IYC,Consumer Discretionary
2017-12-26,5.055289998391865,6.580139706071217,156.85001,720.64,0.001213,0.001779,0.0,0.0,0.0012128813992084526,0.0017793594306049821,0.0,-0.0005664780313965295,75017.0,6904.0,12026004.0511855,30180236.986262,VCR,IYC,Consumer Discretionary
2017-12-27,5.053247684900132,6.578917823108863,156.53,719.76,-0.00204,-0.001221,0.0,0.0,-0.002040229388573174,-0.0012211367673179397,0.0,-0.0008190926212552341,46313.0,15946.0,12052273.927891498,30061895.434261996,VCR,IYC,Consumer Discretionary
2017-12-28,5.056245805348308,6.581415534839477,157.0,721.56,0.003003,0.002501,0.0,0.0,0.003002619306203284,0.0025008336112037344,0.0,0.0005017856949995495,57112.0,79675.0,11960171.4048915,31693388.884261996,VCR,IYC,Consumer Discretionary
2017-12-29,5.049663681063734,6.57507584059962,155.97,717.0,-0.006561,-0.00632,62388000.0,322650000.0,0.020009147852809855,0.10982481679305228,-260262000.0,-0.08981566894024243,53366.0,15036.0,11951296.0653915,31101797.768262,VCR,IYC,Consumer Discretionary
2018-01-02,5.06297470777683,6.588431169193958,158.06,726.64,0.0134,0.013445,0.0,0.0,0.013400012822978778,0.013444909344490934,0.0,-4.489652151215551e-05,138930.0,123957.0,11714555.721167002,25425516.904262,VCR,IYC,Consumer Discretionary
2018-01-03,5.068023311204986,6.59238678362541,158.86,729.52,0.005061,0.003963,0.0,0.0,0.005061369100341643,0.003963448199933942,0.0,0.0010979209004077003,83604.0,40639.0,11275961.749532001,24211652.244556002,VCR,IYC,Consumer Discretionary
2018-01-04,5.070412560930406,6.592770524002347,159.24001,729.8,0.002392,0.000384,0.0,0.0,0.002392106257081879,0.0003838140146945937,0.0,0.0020082922423872852,114045.0,52333.0,11303456.051717,21991830.614556,VCR,IYC,Consumer Discretionary
2018-01-05,5.078418545398716,6.600632113872653,160.52,735.56,0.008038,0.007893,0.0,0.0,0.008038118058394824,0.00789257330775555,0.0,0.00014554475063927388,98939.0,38165.0,11582712.415717,20277606.162464,VCR,IYC,Consumer Discretionary
2018-01-08,5.079974772174869,6.6019906989795905,160.77,736.56,0.001557,0.00136,0.0,0.0,0.0015574383254423124,0.001359508401761923,0.0,0.00019792992368038945,75222.0,50373.0,11595328.803217,21152781.438647997,VCR,IYC,Consumer Discretionary
2018-01-09,5.081093757744817,6.602804910701531,160.95,737.15996,0.00112,0.000815,0.0,0.0,0.0011196118678857996,0.0008145432822852178,0.0,0.00030506858560058183,65086.0,29052.0,11772608.535217,21877036.628543995,VCR,IYC,Consumer Discretionary
2018-01-10,5.080099103563396,6.604756448261949,160.78999,738.59996,-0.000994,0.001953,0.0,0.0,-0.0009941596769182744,0.001953443049185688,0.0,-0.0029476027261039622,111215.0,13281.0,12318001.3387155,21946412.523982,VCR,IYC,Consumer Discretionary
2018-01-11,5.09693530701534,6.621086026788049,163.52,750.76,0.016979,0.016464,0.0,0.0,0.016978731076480544,0.016463634793589754,0.0,0.0005150962828907903,112319.0,16988.0,12939883.9642155,21942463.489282,VCR,IYC,Consumer Discretionary
2018-01-12,5.108003959824529,6.633686839094831,165.34,760.28004,0.01113,0.012681,0.0,0.0,0.01113013698630137,0.012680537055783472,0.0,-0.0015504000694821028,115067.0,27065.0,13391465.885578,22177242.534328,VCR,IYC,Consumer Discretionary
2018-01-16,5.100476059034495,6.629099017737668,164.10001,756.8,-0.0075,-0.004577,0.0,0.0,-0.00749963711140682,-0.004577313380474911,0.0,-0.0029223237309319097,116022.0,41914.0,13992407.459589,23148311.985035997,VCR,IYC,Consumer Discretionary
2018-01-17,5.105824254432585,6.634370511231181,164.98,760.8,0.005363,0.005285,0.0,0.0,0.005362522525135762,0.005285412262156448,0.0,7.71102629793137e-05,112422.0,16106.0,14021162.777588999,22884879.905036,VCR,IYC,Consumer Discretionary
2018-01-18,5.105096628885081,6.6352113773728005,164.86,761.44,-0.000727,0.000841,0.0,0.0,-0.0007273608922293612,0.0008412197686645636,0.0,-0.0015685806608939246,62971.0,11482.0,14040765.440666,22920134.713035997,VCR,IYC,Consumer Discretionary
2018-01-19,5.114815113005919,6.6432166523015415,166.47,767.56,0.009766,0.008037,0.0,0.0,0.009765861943467184,0.008037402815717588,0.0,0.0017284591277495955,70561.0,30890.0,13580737.069166001,23810159.349506,VCR,IYC,Consumer Discretionary
2018-01-22,5.124678010136916,6.653688495014417,168.12,775.64,0.009912,0.010527,0.0,0.0,0.009911695801045233,0.010526864349366824,0.0,-0.0006151685483215905,91087.0,11529.0,13796190.557934502,23973606.759506,VCR,IYC,Consumer Discretionary
2018-01-23,5.132144711493453,6.660831199002524,169.38,781.2,0.007495,0.007168,0.0,0.0,0.007494646680942184,0.007168273941519261,0.0,0.0003263727394229232,167445.0,19889.0,14774390.7329345,24389574.785463996,VCR,IYC,Consumer Discretionary
2018-01-24,5.13568078307048,6.662417242158159,169.98,782.44,0.003542,0.001587,0.0,0.0,0.003542330853701736,0.0015873015873015873,0.0,0.0019550292664001485,121125.0,24562.0,15370502.714934498,24624583.173464,VCR,IYC,Consumer Discretionary
2018-01-25,5.133442782320065,6.663132695990803,169.60001,783.0,-0.002236,0.000716,0.0,0.0,-0.0022354982939169535,0.0007157098307857472,0.0,-0.0029512081247027007,87885.0,14549.0,15527446.698868502,24945411.595464,VCR,IYC,Consumer Discretionary
2018-01-26,5.141780508727809,6.671830443946361,171.02,789.84004,0.008373,0.008736,0.0,0.0,0.00837258205350344,0.008735683269476373,0.0,-0.00036310121597293334,71099.0,28228.0,15772945.5533685,25486327.179919995,VCR,IYC,Consumer Discretionary
2018-01-29,5.138441998583912,6.672640355886707,170.45,790.48,-0.003333,0.00081,0.0,0.0,-0.0033329435153783183,0.0008102400075843205,0.0,-0.004143183522962638,98809.0,25376.0,16166716.0558685,23614773.55392,VCR,IYC,Consumer Discretionary
2018-01-30,5.133324791875857,6.665734620945419,169.58,785.03996,-0.005104,-0.006882,0.0,0.0,-0.005104136110296274,-0.006881945147252303,0.0,0.0017778090369560285,105277.0,26374.0,16643184.987868503,24110965.149172,VCR,IYC,Consumer Discretionary
2018-01-31,5.1298987149230735,6.661343049551499,169.0,781.59996,-0.00342,-0.004382,63375000.0,78159996.0,0.02091668425195619,0.018771965768231664,-14784996.0,0.002144718483724526,158111.0,26035.0,16881259.147868503,20624807.173102,VCR,IYC,Consumer Discretionary
2018-02-01,5.120087487412338,6.650951526175292,167.35001,773.52,-0.009763,-0.010338,0.0,0.0,-0.009763254437869844,-0.010337718031613001,0.0,0.0005744635937431578,133719.0,51143.0,17336086.375228,21120465.677102,VCR,IYC,Consumer Discretionary
2018-02-02,5.109696007605554,6.639300504957924,165.62,764.56,-0.010338,-0.011583,0.0,0.0,-0.010337674912597832,-0.011583410900817184,0.0,0.0012457359882193514,161915.0,31655.0,17768878.1432055,20420941.847101998,VCR,IYC,Consumer Discretionary
2018-02-05,5.075361297657899,6.603672785162575,160.03,737.8,-0.033752,-0.035001,0.0,0.0,-0.033751962323390894,-0.03500052317672896,0.0,0.0012485608533380696,229899.0,36590.0,18814330.5777055,20367114.577101998,VCR,IYC,Consumer Discretionary
2018-02-06,5.097668893061198,6.624755560514561,163.64,753.52,0.022558,0.021307,0.0,0.0,0.022558270324314192,0.021306587150989428,0.0,0.0012516831733247642,316512.0,145469.0,20799359.714705497,23992667.777102,VCR,IYC,Consumer Discretionary
2018-02-07,5.097179895496441,6.624171463856511,163.56,753.08,-0.000489,-0.000584,0.0,0.0,-0.0004888780249327792,-0.0005839261068053933,0.0,9.504808187261408e-05,156957.0,41051.0,21559174.475705497,24467603.573206,VCR,IYC,Consumer Discretionary
2018-02-08,5.0570734882020405,6.582966523905727,157.13,722.68,-0.039313,-0.040368,0.0,0.0,-0.03931279041330399,-0.04036755723163542,0.0,0.001054766818331429,215540.0,27265.0,22358451.548812997,24962329.779767998,VCR,IYC,Consumer Discretionary
2018-02-09,5.062911438661627,6.586337158399587,158.05,725.12,0.005855,0.003376,0.0,0.0,0.00585502450200471,0.003376321470083578,0.0,0.002478703031921132,284176.0,59160.0,23685832.244813,26469539.195768,VCR,IYC,Consumer Discretionary
2018-02-12,5.076485517076697,6.599087008690811,160.21001,734.42436,0.013667,0.012832,0.0,0.0,0.013666624485922154,0.012831476169461606,0.0,0.0008351483164605478,190047.0,34436.0,24256944.9443365,26705222.094686,VCR,IYC,Consumer Discretionary
2018-02-13,5.081404364984463,6.606812335213515,161.0,740.12,0.004931,0.007755,0.0,0.0,0.004930965299858627,0.007755243848393046,0.0,-0.002824278548534419,88196.0,21932.0,24014962.1763255,25930811.926686,VCR,IYC,Consumer Discretionary
2018-02-14,5.09705754758671,6.619859903782943,163.53999,749.84004,0.015776,0.013133,0.0,0.0,0.01577633540372673,0.013133059503864238,0.0,0.002643275899862494,167929.0,17896.0,24460748.447361,25989096.554478,VCR,IYC,Consumer Discretionary
2018-02-15,5.106551411495432,6.6301027421675345,165.10001,757.56,0.009539,0.010296,0.0,0.0,0.009539073592948078,0.01029547581908255,0.0,-0.000756402226134472,114426.0,26149.0,24886265.181574,26542425.672478,VCR,IYC,Consumer Discretionary
2018-02-16,5.101937452503042,6.6301027421675345,164.34,757.56,-0.004603,0.0,0.0,0.0,-0.004603331035534137,0.0,0.0,-0.004603331035534137,104347.0,144166.0,25156369.997074,30817649.000478,VCR,IYC,Consumer Discretionary
2018-02-20,5.097668893061198,6.62065970117541,163.64,750.44,-0.004259,-0.009399,0.0,0.0,-0.004259462090787392,-0.009398595490785923,0.0,0.005139133399998531,148579.0,15685.0,25606366.053074,30959063.892478,VCR,IYC,Consumer Discretionary
2018-02-21,5.096690658696076,6.6224171240748095,163.48,751.76,-0.000978,0.001759,0.0,0.0,-0.0009777560498655585,0.0017589680720642442,0.0,-0.0027367241219298025,58088.0,13033.0,24663085.660074003,30672083.956478,VCR,IYC,Consumer Discretionary
2018-02-22,5.097974395156263,6.618677513003113,163.69,748.95396,0.001285,-0.003733,0.0,0.0,0.0012845608025446537,-0.0037326274342875387,0.0,0.005017188236832192,50650.0,11248.0,24048189.210074,30132381.099581998,VCR,IYC,Consumer Discretionary
2018-02-23,5.111083825688508,6.632686654803008,165.85001,759.52,0.013196,0.014108,0.0,0.0,0.013195735842140609,0.01410772966605317,0.0,-0.0009119938239125613,60579.0,13000.0,23805275.753921,30056475.749582,VCR,IYC,Consumer Discretionary
2018-02-26,5.119250567279612,6.640398625251857,167.21001,765.40004,0.0082,0.007742,0.0,0.0,0.008200180391909534,0.00774178428481146,0.0,0.00045839610709807414,76108.0,32147.0,23833609.176975,30171961.271420002,VCR,IYC,Consumer Discretionary
2018-02-27,5.098401880288059,6.62199136568626,163.75999,751.44,-0.020633,-0.018239,0.0,0.0,-0.02063285565260132,-0.018238880677351275,0.0,-0.002393974975250044,101248.0,36131.0,23820528.047851,30526514.17942,VCR,IYC,Consumer Discretionary
2018-02-28,5.09227666169333,6.619910526632032,162.75999,749.878,-0.006107,-0.002079,52896996.74999999,0.0,0.014427186647576971,-0.0020786756094965772,52896996.74999999,0.01650586225707355,73462.0,12758.0,23525718.084119998,29969629.160368003,VCR,IYC,Consumer Discretionary
2018-03-01,5.082087361502896,6.6092414206431505,161.11,741.92,-0.010138,-0.010612,0.0,0.0,-0.010137565135018588,-0.010612392949253079,0.0,0.0004748278142344912,107406.0,34275.0,23054889.16712,30223646.812438004,VCR,IYC,Consumer Discretionary
2018-03-02,5.084071550223082,6.612148555934212,161.42999,744.08,0.001986,0.002911,0.0,0.0,0.0019861585252312305,0.002911365106750054,0.0,-0.0009252065815188236,75886.0,28414.0,22548509.178817503,29302754.600438,VCR,IYC,Consumer Discretionary
2018-03-05,5.094424819825939,6.622576736748394,163.11,751.88,0.010407,0.010483,0.0,0.0,0.010407050139816005,0.010482743790990215,0.0,-7.569365117420998e-05,705125.0,16532.0,26958338.0013175,28714151.268438,VCR,IYC,Consumer Discretionary
2018-03-06,5.102545762029678,6.627436960753092,164.44,755.5432,0.008154,0.004872,0.0,0.0,0.008154006498681872,0.00487205405117838,0.0,0.003281952447503492,55484.0,15133.0,25574990.600817498,27936027.930717997,VCR,IYC,Consumer Discretionary
2018-03-07,5.096568373265028,6.62193818637383,163.46001,751.40004,-0.00596,-0.005484,0.0,0.0,-0.005959559717830233,-0.00548368379200554,0.0,-0.00047587592582469355,70631.0,8041.0,23562556.615133,22757438.2728,VCR,IYC,Consumer Discretionary
2018-03-08,5.099561503290658,6.624543201201808,163.95,753.36,0.002998,0.002608,0.0,0.0,0.0029976139118063406,0.002608410827340387,0.0,0.0003892030844659536,51059.0,21115.0,22697518.421633,22007063.738799997,VCR,IYC,Consumer Discretionary
2018-03-09,5.114094062578701,6.641077725644199,166.35001,765.92,0.014639,0.016672,0.0,0.0,0.014638670326318978,0.01667197621323139,0.0,-0.0020333058869124107,69042.0,21462.0,21578385.281154,21843778.9808,VCR,IYC,Consumer Discretionary
2018-03-12,5.1169154467583144,6.6435814302041205,166.82001,767.84004,0.002825,0.002507,0.0,0.0,0.0028253680297344137,0.002506841445581784,0.0,0.0003185265841526299,86380.0,12974.0,20053180.064344,20196971.854748003,VCR,IYC,Consumer Discretionary
2018-03-13,5.110480629065972,6.636523816860872,165.75,762.44,-0.006414,-0.007033,0.0,0.0,-0.006414158589248355,-0.007032766876809253,0.0,0.0006186082875608984,61426.0,23678.0,19039876.4508205,19835092.7077,VCR,IYC,Consumer Discretionary
2018-03-14,5.10727791913436,6.632581319573543,165.22,759.44,-0.003198,-0.003935,0.0,0.0,-0.003197586726998492,-0.003934735848066732,0.0,0.0007371491210682404,59609.0,17092.0,18822328.599820502,19672494.539699998,VCR,IYC,Consumer Discretionary
2018-03-15,5.106127275555476,6.631632750156668,165.03,758.71996,-0.00115,-0.000948,0.0,0.0,-0.0011499818423919622,-0.000948119667123286,0.0,-0.00020186217526867623,33936.0,29628.0,17729196.154785,20125505.420652,VCR,IYC,Consumer Discretionary
2018-03-16,5.103336072371706,6.631369166272208,164.57001,758.52,-0.000397,-0.000264,0.0,0.0,-0.002787311397927671,-0.00026354914928032207,0.0,-0.002523762248647349,55663.0,7735.0,17242632.4909035,19428391.208651997,VCR,IYC,Consumer Discretionary
2018-03-19,5.091231694607464,6.617830693977576,162.59,748.32,-0.012031,-0.013447,0.0,0.0,-0.012031414472175072,-0.013447239360860624,0.0,0.0014158248886855518,94674.0,32463.0,17154865.4749035,15182307.068651998,VCR,IYC,Consumer Discretionary
2018-03-20,5.096017567038417,6.623108648245568,163.37,752.28004,0.004797,0.005292,0.0,0.0,0.004797343010025217,0.005291907205473594,0.0,-0.0004945641954483774,47832.0,11097.0,16329907.788903499,15011177.078846002,VCR,IYC,Consumer Discretionary
2018-03-21,5.096078775913723,6.620606450996918,163.38,750.40004,6.1e-05,-0.002499,0.0,0.0,6.121074860745546e-05,-0.002499069362520904,0.0,0.0025602801111283594,83058.0,23345.0,16533597.2789035,15397197.121536002,VCR,IYC,Consumer Discretionary
2018-03-22,5.073985609597018,6.599162765835445,159.81,734.48,-0.021851,-0.019088,0.0,0.0,-0.021850899742930592,-0.021215403986385713,0.0,-0.0006354957565448786,101941.0,25254.0,16933611.9144035,15903413.310432002,VCR,IYC,Consumer Discretionary
2018-03-23,5.055799782327949,6.579306710470033,156.92999,720.03996,-0.018021,-0.01966,0.0,0.0,-0.01802146298729739,-0.019660222198017645,0.0,0.0016387592107202538,143860.0,34470.0,17560057.944684,16650714.181492,VCR,IYC,Consumer Discretionary
2018-03-26,5.082955955675882,6.606866325000704,161.25,740.15996,0.027528,0.027943,0.0,0.0,0.027528262762267407,0.027942893613848874,0.0,-0.0004146308515814677,77007.0,64314.0,17544625.91013,17800580.810569998,VCR,IYC,Consumer Discretionary
2018-03-27,5.0637335618721515,6.5874949719876525,158.17999,725.96004,-0.019039,-0.019185,0.0,0.0,-0.019038821705426333,-0.019184934024261458,0.0,0.0001461123188351253,96044.0,59455.0,17475219.284732003,18601164.58748,VCR,IYC,Consumer Discretionary
2018-03-28,5.051905252265811,6.579029020660765,156.32001,719.84004,-0.011759,-0.00843,0.0,0.0,-0.011758630152903708,-0.008430216076355938,0.0,-0.00332841407654777,88892.0,83928.0,17572165.481909,21143554.155136,VCR,IYC,Consumer Discretionary
2018-03-29,5.066511404655174,6.592057800905936,158.62,729.28004,0.014713,0.013114,107227120.0,36464002.0,0.05743545485271365,0.024626683980816324,70763118.0,0.03280877087189732,121895.0,19121.0,17673705.693909,20569316.937378,VCR,IYC,Consumer Discretionary
2018-04-02,5.037277225042677,6.562218135963805,154.05,707.84004,-0.028811,-0.029399,0.0,0.0,-0.028810994830412308,-0.02939885753626275,0.0,0.0005878627058504421,313814.0,400245.0,19478344.217852,33677674.321868,VCR,IYC,Consumer Discretionary
2018-04-03,5.0504327639703215,6.573121295737414,156.09,715.59996,0.013242,0.010963,0.0,0.0,0.013242453748782863,0.010962815836188074,0.0,0.002279637912594789,187501.0,145299.0,15191048.834852,38254968.24327,VCR,IYC,Consumer Discretionary
2018-04-04,5.069470079817148,6.589091525810515,159.09,727.12,0.01922,0.016098,0.0,0.0,0.019219680953296174,0.016098435779677796,0.0,0.0031212451736183783,141821.0,31023.0,15862974.531352002,38811158.66899,VCR,IYC,Consumer Discretionary
2018-04-05,5.0834519566780525,6.600795241574817,161.33,735.68,0.01408,0.011773,0.0,0.0,0.014080080457602616,0.011772472219166025,0.0,0.002307608238436591,84007.0,17320.0,15963349.7985365,39146157.162908,VCR,IYC,Consumer Discretionary
2018-04-06,5.062468442736273,6.5803062108586134,157.98,720.76,-0.020765,-0.020281,0.0,0.0,-0.020764891836608193,-0.020280556763810353,0.0,-0.0004843350727978396,64086.0,19976.0,16051008.960036498,39070692.430908,VCR,IYC,Consumer Discretionary
2018-04-09,5.060187072925504,6.577916933367234,157.62,719.03996,-0.002279,-0.002386,0.0,0.0,-0.002278769464489176,-0.00238642543981353,0.0,0.00010765597532435417,62006.0,27400.0,15965421.376515502,39233868.424108006,VCR,IYC,Consumer Discretionary
2018-04-10,5.072608026411095,6.587329659969936,159.59,725.84004,0.012498,0.009457,0.0,0.0,0.012498413906864611,0.009457165635133824,0.0,0.003041248271730787,63794.0,46272.0,15753969.9763255,40415074.106704004,VCR,IYC,Consumer Discretionary
2018-04-11,5.068841370057654,6.583851724516779,158.99001,723.32,-0.00376,-0.003472,0.0,0.0,-0.0037595714017168353,-0.0034718944410947624,0.0,-0.00028767696062207294,57715.0,15046.0,15703707.422683,40056575.026704,VCR,IYC,Consumer Discretionary
2018-04-12,5.072043922224899,6.589036512744898,159.5,727.08,0.003208,0.005198,0.0,0.0,0.0032076858162345527,0.005198252502350274,0.0,-0.001990566686115721,63668.0,18971.0,15719029.773683,40097229.336704,VCR,IYC,Consumer Discretionary
2018-04-13,5.067078700527468,6.584017612432225,158.71001,723.44,-0.004953,-0.005006,0.0,0.0,-0.004952915360501503,-0.005006326676569144,0.0,5.3411316067640546e-05,145293.0,12888.0,16591979.5438295,39439446.32396,VCR,IYC,Consumer Discretionary
2018-04-16,5.075048807420676,6.5932636334261066,159.98,730.15996,0.008002,0.009289,0.0,0.0,0.008001952743875385,0.009288897489770943,0.0,-0.0012869447458955588,89423.0,18167.0,16849251.097498003,39809329.513626,VCR,IYC,Consumer Discretionary
2018-04-17,5.091170188318427,6.610642261306451,162.58,742.96004,0.016252,0.017531,0.0,0.0,0.016252031503937992,0.01753051482034156,0.0,-0.001278483316403567,78283.0,25597.0,16715961.321498001,39545571.31282,VCR,IYC,Consumer Discretionary
2018-04-18,5.096384702916688,6.617242537297074,163.42999,747.88,0.005228,0.006622,0.0,0.0,0.005228133841800897,0.006622105813389371,0.0,-0.0013939719715884745,106325.0,15733.0,17194080.3138355,39716488.53462601,VCR,IYC,Consumer Discretionary
2018-04-19,5.091723608778362,6.614832833060011,162.67,746.08,-0.00465,-0.002407,0.0,0.0,-0.004650248097059724,-0.0024068032304647804,0.0,-0.0022434448665949436,65256.0,21029.0,17046339.1878355,39625049.903936006,VCR,IYC,Consumer Discretionary
2018-04-20,5.080845202471059,6.604648183527543,160.91,738.52,-0.010819,-0.010133,0.0,0.0,-0.010819450421097929,-0.010132961612695689,0.0,-0.00068648880840224,65022.0,16280.0,16754914.128335502,39298777.287936,VCR,IYC,Consumer Discretionary
2018-04-23,5.083141984883004,6.6058391006004475,161.28,739.40004,0.002299,0.001192,0.0,0.0,0.0022994220371636317,0.0011916264962357147,0.0,0.001107795540927917,49099.0,13267.0,16022051.046265502,38548269.433410004,VCR,IYC,Consumer Discretionary
2018-04-24,5.068652661152467,6.5913993459457485,158.96001,728.8,-0.014385,-0.014336,0.0,0.0,-0.014384858630952317,-0.014336001388368873,0.0,-4.8857242583444024e-05,85475.0,22995.0,16080537.451503003,37006074.85003801,VCR,IYC,Consumer Discretionary
2018-04-25,5.072357352724253,6.59572592230728,159.55,731.96004,0.003712,0.004336,0.0,0.0,0.0037115624237818662,0.004335949506037322,0.0,-0.0006243870822554556,63607.0,18461.0,15828350.346025,35523612.85605,VCR,IYC,Consumer Discretionary
2018-04-26,5.087287645617338,6.608000625296087,161.95,741.0,0.015042,0.01235,0.0,0.0,0.015042306486994672,0.01235034633857881,0.0,0.0026919601484158614,43771.0,22174.0,15488006.102078998,33324422.812194,VCR,IYC,Consumer Discretionary
2018-04-27,5.090000849476996,6.6111804495820445,162.39,743.36,0.002717,0.003185,0.0,0.0,0.0027168879283729548,0.003184885290148448,0.0,-0.0004679973617754932,42068.0,20979.0,14862827.983079001,33406942.101951998,VCR,IYC,Consumer Discretionary
2018-04-30,5.085619011244795,6.609025740711332,161.67999,741.76,-0.004372,-0.002152,-24251998.5,-333792000.0,-0.013297913126415565,-0.1030583273276033,309540001.5,0.08976041420118773,40456.0,16638.0,12772721.931851001,19858540.405462,VCR,IYC,Consumer Discretionary
2018-05-01,5.086855320007665,6.610696044717759,161.88,743.0,0.001237,0.001672,0.0,0.0,0.001237073307587478,0.001671699741156169,0.0,-0.00043462643356869095,62316.0,18991.0,11813756.081351,15365258.12606,VCR,IYC,Consumer Discretionary
2018-05-02,5.081093757744817,6.603021990627973,160.95,737.32,-0.005745,-0.007645,0.0,0.0,-0.005744996293550779,-0.0076446837146702555,0.0,0.0018996874211194767,48724.0,19342.0,11077747.326851,14950448.11006,VCR,IYC,Consumer Discretionary
2018-05-03,5.077296560614806,6.597582168694824,160.34,733.32,-0.00379,-0.005425,0.0,0.0,-0.0037899968934451693,-0.005425052894265719,0.0,0.00163505600082055,42963.0,17814.0,10744539.232351001,14966517.35406,VCR,IYC,Consumer Discretionary
2018-05-04,5.089877681599023,6.6114494620389435,162.37,743.56,0.012661,0.013964,0.0,0.0,0.012660596233004865,0.013963890252550046,0.0,-0.0013032940195451814,55610.0,22977.0,10689793.703351,15100861.172060002,VCR,IYC,Consumer Discretionary
2018-05-07,5.094118231234765,6.6123635634603035,163.06,744.24,0.00425,0.000915,0.0,0.0,0.004249553488945002,0.0009145193393942654,0.0,0.003335034149550737,39999.0,7299.0,10527236.264351,14387386.814860001,VCR,IYC,Consumer Discretionary
2018-05-08,5.089877681599023,6.6089178832987265,162.37,741.68,-0.004232,-0.00344,0.0,0.0,-0.0042315712007849875,-0.003439750618080189,0.0,-0.0007918205827047984,76755.0,55089.0,10641327.508851,14751003.774316002,VCR,IYC,Consumer Discretionary
2018-05-09,5.092890936038986,6.61112663840545,162.86,743.32,0.003018,0.002211,0.0,0.0,0.00301779885446819,0.002211196203214324,0.0,0.000806602651253866,59707.0,16874.0,10668716.188493501,14833989.222315997,VCR,IYC,Consumer Discretionary
2018-05-10,5.09603715428614,6.614296553752902,163.3732,745.68,0.003151,0.003175,0.0,0.0,0.0031511727864423785,0.0031749448420599472,0.0,-2.377205561756874e-05,86919.0,17800.0,10870975.647033501,14807972.688315999,VCR,IYC,Consumer Discretionary
2018-05-11,5.098463004461776,6.616761060759753,163.77,747.52,0.002429,0.002468,0.0,0.0,0.002428794930869899,0.002467546400600794,0.0,-3.875146973089487e-05,99094.0,8623.0,10529434.191887,14664081.200316,VCR,IYC,Consumer Discretionary
2018-05-14,5.09913445267867,6.619400927267951,163.88,749.49596,0.000672,0.002643,0.0,0.0,0.0006716736887097759,0.0026433540239726027,0.0,-0.001971680335262827,147023.0,11852.0,11018846.076887,14444991.706546,VCR,IYC,Consumer Discretionary
2018-05-15,5.094118231234765,6.613760040367078,163.06,745.28004,-0.005004,-0.005625,0.0,0.0,-0.005003661215523553,-0.005625006971351787,0.0,0.0006213457558282339,108507.0,22009.0,11267141.140887,14314257.719369998,VCR,IYC,Consumer Discretionary
2018-05-16,5.1033967741775665,6.62273632394984,164.58,752.0,0.009322,0.009017,0.0,0.0,0.009321722065497364,0.009016691229245855,0.0,0.00030503083625150855,40784.0,108236.0,10733917.9925495,17795611.517369997,VCR,IYC,Consumer Discretionary
2018-05-17,5.100963326011359,6.619219508900875,164.17999,749.36,-0.00243,-0.003511,0.0,0.0,-0.002430489731437662,-0.0035106382978723405,0.0,0.0010801485664346786,48345.0,12977.0,10600022.397377,17497367.93737,VCR,IYC,Consumer Discretionary
2018-05-18,5.100110239563115,6.616386418672361,164.03999,747.24,-0.000853,-0.002829,0.0,0.0,-0.0008527226734512532,-0.002829080815629337,0.0,0.0019763581421780837,65460.0,8975.0,10613790.783647,17231536.60737,VCR,IYC,Consumer Discretionary
2018-05-21,5.105339168922738,6.6212458520461075,164.89999,750.88,0.005243,0.004871,0.0,0.0,0.005242624069899054,0.0048712595685455815,0.0,0.0003713645013534725,82251.0,9477.0,10896015.9015215,17096860.078836,VCR,IYC,Consumer Discretionary
2018-05-22,5.098890341851143,6.616065185132817,163.84,747.0,-0.006428,-0.005167,0.0,0.0,-0.006428078012618374,-0.005167270402727467,0.0,-0.001260807609890907,141845.0,8710.0,11378654.798783999,16584240.778836,VCR,IYC,Consumer Discretionary
2018-05-23,5.1058849266130855,6.620926175981794,164.99001,750.64,0.007019,0.004873,0.0,0.0,0.007019104003906314,0.004872824631860777,0.0,0.002146279372045537,71790.0,16924.0,11463461.597179,16543796.631914001,VCR,IYC,Consumer Discretionary
2018-05-24,5.108064499905574,6.623161765351705,165.35001,752.32,0.002182,0.002238,0.0,0.0,0.0021819502889902243,0.0022380901630608546,0.0,-5.61398740706303e-05,84685.0,14274.0,11809159.2045215,16259180.715914002,VCR,IYC,Consumer Discretionary
2018-05-25,5.109696007605554,6.625763704889425,165.62,754.28004,0.001633,0.002605,0.0,0.0,0.001632839332758369,0.0026053275202041685,0.0,-0.0009724881874457996,65357.0,13077.0,12008809.395521501,15972619.248068001,VCR,IYC,Consumer Discretionary
2018-05-29,5.103518348996309,6.618258227117906,164.60001,748.64,-0.006159,-0.007477,0.0,0.0,-0.006158616109165497,-0.0074773820078813166,0.0,0.0013187658987158192,85941.0,17088.0,12389057.58472,15995187.120067999,VCR,IYC,Consumer Discretionary
2018-05-30,5.113011360713122,6.628728970420253,166.17,756.52,0.009538,0.010526,0.0,0.0,0.009538213272283456,0.010525753366103868,0.0,-0.0009875400938204118,140783.0,16383.0,13054367.436220001,15909374.828067997,VCR,IYC,Consumer Discretionary
2018-05-31,5.1073384426629,6.621352441293889,165.23,750.96004,-0.005657,-0.007349,4130749.9999999995,75096004.0,-0.004157727139407094,0.017466875958335536,-70965254.0,-0.02162460309774263,59507.0,17919.0,13153878.12672,15869135.303906,VCR,IYC,Consumer Discretionary
2018-06-01,5.115355604866659,6.626664820696016,166.56,754.96004,0.008049,0.005327,0.0,0.0,0.008049385704775163,0.0053265151099118405,0.0,0.0027228705948633223,68631.0,13984.0,13381002.72372,15743835.239874,VCR,IYC,Consumer Discretionary
2018-06-04,5.12723244168007,6.638724844895451,168.55,764.12,0.011948,0.012133,0.0,0.0,0.011947646493756004,0.012133039518224037,0.0,-0.00018539302446803248,46306.0,10486.0,13319776.75372,15290224.449873999,VCR,IYC,Consumer Discretionary
2018-06-05,5.133206846484437,6.642903924268137,169.56,767.32,0.005992,0.004188,0.0,0.0,0.0059922871551468405,0.004187823902004921,0.0,0.0018044632531419198,105375.0,22441.0,13887034.156720001,15879585.467874,VCR,IYC,Consumer Discretionary
2018-06-06,5.14440832419076,6.651468509074673,171.47,773.92,0.011265,0.008601,0.0,0.0,0.011264449162538335,0.00860136579262889,0.0,0.002663083369909445,57757.0,17145.0,13759078.32872,14500107.911874,VCR,IYC,Consumer Discretionary
2018-06-07,5.146447475410351,6.654513331371692,171.82001,776.28004,0.002041,0.003049,0.0,0.0,0.0020412317023386617,0.003049462476741782,0.0,-0.0010082307744031203,75714.0,14193.0,13923343.239577001,14423855.95826,VCR,IYC,Consumer Discretionary
2018-06-08,5.149295180155008,6.65554330517058,172.31,777.08,0.002852,0.001031,0.0,0.0,0.002851763307428452,0.0010305044040550108,0.0,0.001821258903373441,52242.0,7756.0,13663422.432037,14061552.38226,VCR,IYC,Consumer Discretionary
2018-06-11,5.1535805700813535,6.660472711814601,173.05,780.92,0.004295,0.004942,0.0,0.0,0.004294585340374905,0.004941576156895043,0.0,-0.0006469908165201372,78067.0,28234.0,13527465.930537,14841683.898260001,VCR,IYC,Consumer Discretionary
2018-06-12,5.159285100394422,6.664613030151238,174.03999,784.15996,0.005721,0.004149,0.0,0.0,0.005720832129442298,0.0041489012959073914,0.0,0.001571930833534907,146818.0,33293.0,13600369.631128002,15702884.469778001,VCR,IYC,Consumer Discretionary
2018-06-13,5.156811404253857,6.6664477061237575,173.61,785.59996,-0.002471,0.001836,0.0,0.0,-0.002470639075536546,0.0018363600202183237,0.0,-0.00430699909575487,132053.0,23972.0,13861998.126628,15824361.161816001,VCR,IYC,Consumer Discretionary
2018-06-14,5.163814073209558,6.676730703821445,174.83,793.71996,0.007027,0.010336,0.0,0.0,0.007027244974367836,0.010336049406112496,0.0,-0.0033088044317446602,63894.0,11908.0,14084915.991628,12227268.426,VCR,IYC,Consumer Discretionary
2018-06-15,5.166441688186134,6.67914682223686,175.28999,795.64,0.002631,0.002419,0.0,0.0,0.0026310701824629047,0.0024190395816680735,0.0,0.0002120306007948312,70270.0,9816.0,14303933.290665502,12131546.302,VCR,IYC,Consumer Discretionary
2018-06-18,5.16775299652692,6.677184211839131,175.52,794.08,0.001312,-0.001961,0.0,0.0,0.0013121684814974908,-0.0019606857372681114,0.0,0.0032728542187656024,88453.0,6462.0,14543293.9313955,12052789.599999998,VCR,IYC,Consumer Discretionary
2018-06-19,5.1641572048611,6.677738158724755,174.89,794.52,-0.003589,0.000554,0.0,0.0,-0.003589334548769371,0.0005541003425347573,0.0,-0.004143434891304128,97403.0,10072.0,14716875.011021,12097105.384,VCR,IYC,Consumer Discretionary
2018-06-20,5.167468088123044,6.683711372469802,175.47,799.28004,0.003316,0.005991,0.0,0.0,0.0033163702898965064,0.005991088959371696,0.0,-0.0026747186694751897,88320.0,11546.0,14329756.291021,12233211.251091998,VCR,IYC,Consumer Discretionary
2018-06-21,5.159859573400469,6.679247314899836,174.14,795.71996,-0.00758,-0.004454,0.0,0.0,-0.007579643243859349,-0.004454108474922006,0.0,-0.0031255347689373427,63780.0,14218.0,14292857.110126,12163697.002656002,VCR,IYC,Consumer Discretionary
2018-06-22,5.1562351769800125,6.679900647937808,173.50999,796.24,-0.003618,0.000654,0.0,0.0,-0.0036178362237280944,0.000653546506487031,0.0,-0.004271382730215125,49762.0,34596.0,14024434.0364025,13004102.170656,VCR,IYC,Consumer Discretionary
2018-06-25,5.135916077189213,6.659704091961743,170.02,780.32,-0.020114,-0.019994,0.0,0.0,-0.020114057985940695,-0.019993971666834122,0.0,-0.00012008631910657291,87905.0,27934.0,14230493.124402499,13600789.110502,VCR,IYC,Consumer Discretionary
2018-06-26,5.142949279314339,6.661496568992658,171.22,781.71996,0.007058,0.003897,0.0,0.0,0.007057993177273262,0.001794084478162805,0.0,0.005263908699110457,47472.0,11947.0,13929606.443432,13428111.512608001,VCR,IYC,Consumer Discretionary
2018-06-27,5.129543622299351,6.649606118469112,168.94,772.48,-0.013316,-0.01182,0.0,0.0,-0.013316201378343651,-0.011820038470042392,0.0,-0.0014961629083012594,66542.0,20681.0,13321991.161932,13607191.098607998,VCR,IYC,Consumer Discretionary
2018-06-28,5.13202662682661,6.653843193996291,169.36,775.76,0.00575,0.004246,0.0,0.0,0.002486089736000947,0.004246064623032311,0.0,-0.0017599748870313642,78871.0,10266.0,13498253.709432,13332566.058770001,VCR,IYC,Consumer Discretionary
2018-06-29,5.133619594507631,6.652863029353347,169.63,775.0,0.001594,-0.00098,63950510.0,77500000.0,0.024331698884936748,0.023386664721550793,-13549490.0,0.0009450341633859549,53361.0,45842.0,13379276.062932,14581075.498802,VCR,IYC,Consumer Discretionary
2018-07-02,5.133442782320065,6.654667902814689,169.60001,776.40004,-0.000177,0.001806,0.0,0.0,-0.0001767965572127042,0.0018065032258064515,0.0,-0.0019832997830191556,156558.0,240720.0,14316644.166211,23525198.264242,VCR,IYC,Consumer Discretionary
2018-07-03,5.129780364724699,6.650692934464302,168.98,773.32,-0.003656,-0.003967,0.0,0.0,-0.003655719124073218,-0.003967078620964523,0.0,0.0003113594968913048,62673.0,46977.0,13952799.093211,24480639.540241998,VCR,IYC,Consumer Discretionary
2018-07-05,5.134503481309822,6.656572270636682,169.78,777.88,0.004734,0.005897,0.0,0.0,0.004734288081429755,0.005896653390575699,0.0,-0.0011623653091459444,65904.0,40456.0,14017078.509710997,25390692.284242,VCR,IYC,Consumer Discretionary
2018-07-06,5.142540306547914,6.665887467724616,171.14999,785.15996,0.008069,0.009359,0.0,0.0,0.008069207209329668,0.009358718568416722,0.0,-0.0012895113590870536,67391.0,71880.0,13943317.946658501,27661670.050095998,VCR,IYC,Consumer Discretionary
2018-07-09,5.153002535383178,6.676226671133487,172.95,793.32,0.010517,0.010393,0.0,0.0,0.010517149314469777,0.010392837658201521,0.0,0.00012431165626825523,82025.0,14146.0,14202538.183158502,27921433.662096,VCR,IYC,Consumer Discretionary
2018-07-10,5.155312729817791,6.678040182284889,173.35001,794.76,0.002313,0.001815,0.0,0.0,0.0023128649898815205,0.001815156557253063,0.0,0.0004977084326284575,55927.0,55524.0,14011810.766121998,29025421.610096,VCR,IYC,Consumer Discretionary
2018-07-11,5.151266365915351,6.674662396814259,172.64999,792.08,-0.004038,-0.003372,0.0,0.0,-0.0040381884027582,-0.0033720871709698526,0.0,-0.0006661012317883473,52507.0,13782.0,13187467.2547775,28265892.060682,VCR,IYC,Consumer Discretionary
2018-07-12,5.157329673247059,6.681857939471306,173.7,797.8,0.006082,0.007221,0.0,0.0,0.0060817263875891855,0.007221492778507222,0.0,-0.0011397663909180362,81340.0,13588.0,12747619.0882775,27866297.268625997,VCR,IYC,Consumer Discretionary
2018-07-13,5.161408849280577,6.6863602481146955,174.41,801.40004,0.004088,0.004512,0.0,0.0,0.004087507196315486,0.004512459262973176,0.0,-0.0004249520666576899,61640.0,13378.0,12726621.3072775,27929772.891198,VCR,IYC,Consumer Discretionary
2018-07-16,5.162612184382661,6.686759369832655,174.62,801.71996,0.001204,0.000399,0.0,0.0,0.0012040594002637464,0.0003992013776290802,0.0,0.0008048580226346662,65715.0,9739.0,12684497.5924125,27929670.31372,VCR,IYC,Consumer Discretionary
2018-07-17,5.169119371180586,6.687756776812,175.75999,802.52,0.006528,0.000998,0.0,0.0,0.0065284045355628855,0.000997904555101759,0.0,0.005530499980461127,99200.0,15026.0,12780003.6148125,28276036.341720004,VCR,IYC,Consumer Discretionary
2018-07-18,5.1694608012993815,6.688653548494259,175.82001,803.24,0.000341,0.000897,0.0,0.0,0.0003414884126928886,0.0008971739022080446,0.0,-0.000555685489515156,69850.0,16445.0,12542314.4662375,28536380.159719996,VCR,IYC,Consumer Discretionary
2018-07-19,5.1667269461604395,6.686460018525545,175.34,801.48,-0.00273,-0.002191,0.0,0.0,-0.0027301215601114397,-0.00219112593994323,0.0,-0.0005389956201682098,57882.0,13447.0,12274890.4402375,28613830.870628,VCR,IYC,Consumer Discretionary
2018-07-20,5.162211233551045,6.6823591926146335,174.55,798.2,-0.004505,-0.004092,0.0,0.0,-0.004505532109045284,-0.004092429006338274,0.0,-0.0004131031027070093,49618.0,6748.0,12152599.075237501,28317466.231064,VCR,IYC,Consumer Discretionary
2018-07-23,5.159974416926292,6.681256103854565,174.16,797.32,-0.002234,-0.001102,0.0,0.0,-0.0022343168146662846,-0.0011024805813079428,0.0,-0.0011318362333583418,57517.0,12488.0,12221746.9051185,27437976.887064002,VCR,IYC,Consumer Discretionary
2018-07-24,5.1567538598299345,6.6775871630834285,173.60001,794.40004,-0.003215,-0.003662,0.0,0.0,-0.003215376665135456,-0.00366221843174635,0.0,0.00044684176661089403,64935.0,15378.0,12038102.332586,26958918.133819997,VCR,IYC,Consumer Discretionary
2018-07-25,5.1647859739235145,6.685411407838491,175.0,800.64,0.008064,0.007855,0.0,0.0,0.008064458060803055,0.007854934146277233,0.0,0.00020952391452582278,67431.0,25247.0,12221715.790586,27502645.619714,VCR,IYC,Consumer Discretionary
2018-07-26,5.1552549837061985,6.684011547595895,173.34,799.52,-0.009486,-0.001399,0.0,0.0,-0.009485714285714287,-0.001398880895283773,0.0,-0.008086833390430514,63290.0,11659.0,12208169.946586,27169942.859714,VCR,IYC,Consumer Discretionary
2018-07-27,5.150976836586754,6.684111552601231,172.60001,799.59996,-0.004269,0.0001,0.0,0.0,-0.00426900888427363,0.00010001000600360216,0.0,-0.004369018890277233,87355.0,71070.0,12294164.0122635,29613123.709573995,VCR,IYC,Consumer Discretionary
2018-07-30,5.14353321111747,6.672842744067928,171.32001,790.64,-0.007416,-0.011206,0.0,0.0,-0.007415990300348186,-0.01120555333694614,0.0,0.003789563036597953,65762.0,29286.0,12404900.015644502,28994480.361574,VCR,IYC,Consumer Discretionary
2018-07-31,5.14813380728189,6.67632755849616,172.11,793.40004,0.004611,0.003491,56279970.00000001,198350010.0,0.023953391387275046,0.06322249425420275,-142070040.0,-0.039269102866927696,84023.0,43974.0,11800348.0238655,21394178.148082,VCR,IYC,Consumer Discretionary
2018-08-01,5.1428324637076415,6.672589752440602,171.2,790.44,-0.005287,-0.003731,0.0,0.0,-0.005287316251234676,-0.0037308291539787327,0.0,-0.001556487097255943,58405.0,34822.0,11770770.6468655,20954000.550082,VCR,IYC,Consumer Discretionary
2018-08-02,5.153753915356684,6.678995988882291,173.08,795.52,0.010981,0.006427,0.0,0.0,0.010981308411214953,0.006426800263144441,0.0,0.004554508148070512,98510.0,32758.0,12063817.1308655,20683487.094081998,VCR,IYC,Consumer Discretionary
2018-08-03,5.154620191290849,6.6823591926146335,173.23,798.2,0.000867,0.003369,0.0,0.0,0.0008666512595331638,0.0033688656476267096,0.0,-0.002502214388093546,56552.0,14563.0,11976943.830061,18442831.527842,VCR,IYC,Consumer Discretionary
2018-08-06,5.160777952525975,6.68940029416087,174.3,803.84004,0.006177,0.007066,0.0,0.0,0.006176759221843791,0.007065948383863693,0.0,-0.0008891891620199021,147109.0,10859.0,12549687.577561,18318161.24156,VCR,IYC,Consumer Discretionary
2018-08-07,5.166898027681201,6.6937201200319185,175.37,807.32,0.006139,0.004329,0.0,0.0,0.006138841078600115,0.004329169768651982,0.0,0.0018096713099481328,199776.0,22892.0,13816676.1330975,17035807.001560003,VCR,IYC,Consumer Discretionary
2018-08-08,5.170029346246506,6.695304307738453,175.92,808.59996,0.003136,0.001585,0.0,0.0,0.0031362262644694075,0.0015854431947678739,0.0,0.0015507830697015336,49705.0,23709.0,13800614.661851,17448539.496142,VCR,IYC,Consumer Discretionary
2018-08-09,5.172697452623385,6.697379916311256,176.39,810.28004,0.002672,0.002078,0.0,0.0,0.002671668940427467,0.002077764139389767,0.0,0.0005939048010377003,43754.0,27112.0,13480065.164851,18004929.798366,VCR,IYC,Consumer Discretionary
2018-08-10,5.1664987919271885,6.691339098082115,175.3,805.40004,-0.006179,-0.006023,0.0,0.0,-0.0061794886331424685,-0.00602260917102191,0.0,-0.00015687946212055836,56032.0,50829.0,13433654.024851,19515757.243268,VCR,IYC,Consumer Discretionary
2018-08-13,5.161236825999669,6.688553897097273,174.38,803.15996,-0.005248,-0.002781,0.0,0.0,-0.005248146035367941,-0.0027813259110342236,0.0,-0.002466820124333717,201646.0,20326.0,14618047.833851,19941611.176094,VCR,IYC,Consumer Discretionary
2018-08-14,5.171506142921516,6.699254004404797,176.17999,811.8,0.010322,0.010758,0.0,0.0,0.010322227319646705,0.010757558183054843,0.0,-0.0004353308634081378,39556.0,11071.0,14094727.067673001,19788049.790094,VCR,IYC,Consumer Discretionary
2018-08-15,5.159859573400469,6.6888029322863956,174.14,803.36,-0.011579,-0.010397,0.0,0.0,-0.011579010760529572,-0.010396649421039666,0.0,-0.0011823613394899065,121172.0,22455.0,14535720.286748001,20029558.140094,VCR,IYC,Consumer Discretionary
2018-08-16,5.164900253107685,6.696639107880646,175.02,809.68,0.005053,0.007867,0.0,0.0,0.0050534053060755715,0.007866958773152759,0.0,-0.0028135534670771876,106737.0,32484.0,14962324.279748002,20805765.318094,VCR,IYC,Consumer Discretionary
2018-08-17,5.1661565200102935,6.697577310057951,175.24001,810.44,0.001257,0.000939,0.0,0.0,0.001257056336418739,0.0009386424266378164,0.0,0.0003184139097809227,93441.0,15759.0,15348013.2734685,21175038.836094,VCR,IYC,Consumer Discretionary
2018-08-20,5.173264274204906,6.7039239896566505,176.49001,815.59996,0.007133,0.006367,0.0,0.0,0.0071330742334470305,0.006366862445091422,0.0,0.0007662117883556084,85960.0,42656.0,15605709.300448501,22416703.822782002,VCR,IYC,Consumer Discretionary
2018-08-21,5.182064409723787,6.709987033999155,178.05,820.56,0.008839,0.006081,0.0,0.0,0.008838970545698264,0.0060814617989926,0.0,0.002757508746705664,75675.0,23775.0,15715770.155481,22781330.332026,VCR,IYC,Consumer Discretionary
2018-08-22,5.182457480453501,6.7117890070132855,178.12,822.03996,0.000393,0.001804,0.0,0.0,0.00039314799213704016,0.0018035975431414002,0.0,-0.00141044955100436,66916.0,17038.0,15721702.801481,22470938.26995,VCR,IYC,Consumer Discretionary
2018-08-23,5.182513620804394,6.709499394404734,178.13,820.15996,5.6e-05,-0.002287,0.0,0.0,5.614192679092747e-05,-0.002286993444941533,0.0,0.0023431353717324604,64432.0,60908.0,15747031.979481,24502573.228134,VCR,IYC,Consumer Discretionary
2018-08-24,5.183579745156571,6.715528830302649,178.32001,825.12,0.001067,0.006048,0.0,0.0,0.0010666928647617342,0.006047649534122588,0.0,-0.004980956669360853,59476.0,12520.0,15523446.3315415,22177719.890274,VCR,IYC,Consumer Discretionary
2018-08-27,5.188725745709059,6.719640976587322,179.24001,828.52,0.005159,0.004121,0.0,0.0,0.005159263954729478,0.004120612759356215,0.0,0.0010386511953732625,63635.0,14902.0,15530425.908478001,21637315.990274,VCR,IYC,Consumer Discretionary
2018-08-28,5.190732211547385,6.7220520106417725,179.60001,830.52,0.002008,0.002414,0.0,0.0,0.002008480137888856,0.002413942934389031,0.0,-0.00040546279650017494,53902.0,8301.0,15291405.968928998,20237574.648326002,VCR,IYC,Consumer Discretionary
2018-08-29,5.199822174974394,6.731972299027765,181.24001,838.8,0.009131,0.00997,0.0,0.0,0.009131402609610099,0.009969657563935847,0.0,-0.0008382549543257487,56044.0,22452.0,15299329.924950998,19802976.444326,VCR,IYC,Consumer Discretionary
2018-08-30,5.192289961902507,6.729059142403222,179.88,836.36,-0.007504,-0.002909,0.0,0.0,-0.00750391704348288,-0.0029089175011921794,0.0,-0.004594999542290701,57187.0,12229.0,14961164.262950998,19011386.558326,VCR,IYC,Consumer Discretionary
2018-08-31,5.197944337122088,6.7337827716743766,180.89999,840.32,0.00567,0.004735,67837496.25,126048000.00000001,0.02745575309373505,0.038602268471025596,-58210503.750000015,-0.011146515377290545,45786.0,18496.0,14885473.462058002,19207305.164326,VCR,IYC,Consumer Discretionary
2018-09-04,5.201641309357751,6.737915499690239,181.57001,843.8,0.003704,0.004141,0.0,0.0,0.0037038144667670527,0.004141279512566641,0.0,-0.0004374650457995887,82747.0,37612.0,14354637.2079315,20357710.494608,VCR,IYC,Consumer Discretionary
2018-09-05,5.19306795582894,6.7267129516252,180.02,834.40004,-0.008537,-0.01114,0.0,0.0,-0.008536707135721409,-0.011140033183218772,0.0,0.0026033260474973632,103101.0,18321.0,13530913.4529315,20198004.17925,VCR,IYC,Consumer Discretionary
2018-09-06,5.187162373060281,6.72306291404218,178.96001,831.36,-0.005888,-0.003643,0.0,0.0,-0.005888179091212045,-0.0036433842932222294,0.0,-0.0022447947979898158,51913.0,13369.0,13558225.822888002,19795171.948668,VCR,IYC,Consumer Discretionary
2018-09-07,5.18565246089057,6.725129675970815,178.69,833.08,-0.001509,0.002069,0.0,0.0,-0.0015087728258397367,0.0020688991531947654,0.0,-0.003577671979034502,61437.0,22028.0,13721246.296388,19614310.638444,VCR,IYC,Consumer Discretionary
2018-09-10,5.1914557247639435,6.7285329147258555,179.73,835.92,0.00582,0.003409,0.0,0.0,0.005820135430074431,0.003409036347049503,0.0,0.0024110990830249275,73493.0,11250.0,13890570.660887998,18037631.706786,VCR,IYC,Consumer Discretionary
2018-09-11,5.198386527922987,6.734972087006876,180.98,841.32,0.006955,0.00646,0.0,0.0,0.00695487675958382,0.006459948320413436,0.0,0.0004949284391703836,82697.0,40736.0,12880744.339888,18934980.815438,VCR,IYC,Consumer Discretionary
2018-09-12,5.199159795014818,6.736207476311578,181.12,842.36,0.000774,0.001236,0.0,0.0,0.0007735661399049619,0.001236152712404317,0.0,-0.0004625865724993552,81146.0,28422.0,13267153.731666,19682686.721437998,VCR,IYC,Consumer Discretionary
2018-09-13,5.197502116612836,6.736634708269728,180.82001,842.71996,-0.001656,0.000427,0.0,0.0,-0.0016563052120140925,0.00042732323472149676,0.0,-0.002083628446735589,45603.0,15900.0,12624405.873467501,19450676.649638,VCR,IYC,Consumer Discretionary
2018-09-14,5.196672162785836,6.7327350028496555,180.67,839.44,-0.00083,-0.003892,0.0,0.0,-0.000829609510584628,-0.0038921114435214,0.0,0.0030625019329367717,101448.0,16435.0,12606780.8944675,18825404.213638,VCR,IYC,Consumer Discretionary
2018-09-17,5.185036680089071,6.7207025960399145,178.58,829.40004,-0.011568,-0.01196,0.0,0.0,-0.011568052249958488,-0.01196030687124762,0.0,0.0003922546212891311,74051.0,9025.0,12449252.184747,18561084.783688,VCR,IYC,Consumer Discretionary
2018-09-18,5.194289351605567,6.7326396966785085,180.24001,839.36,0.009296,0.012009,0.0,0.0,0.009295609810729128,0.012008632167415859,0.0,-0.002713022356686731,44987.0,18156.0,12096120.9882605,17583544.197,VCR,IYC,Consumer Discretionary
2018-09-19,5.195065736737562,6.731781532144317,180.38,838.64,0.000777,-0.000858,0.0,0.0,0.0007766865969436667,-0.000857796416317194,0.0,0.0016344830132608607,44464.0,10864.0,11823445.1167605,17063652.744999997,VCR,IYC,Consumer Discretionary
2018-09-20,5.200594278019421,6.738199839446736,181.38,844.03996,0.005544,0.006439,0.0,0.0,0.0055438518682780795,0.006438948774205857,0.0,-0.0008950969059277778,51243.0,14183.0,11692213.987760501,16961907.84071,VCR,IYC,Consumer Discretionary
2018-09-21,5.197557363396888,6.736397400817157,180.83,842.52,-0.003032,-0.001801,0.0,0.0,-0.0030323078619472928,-0.001800815212587802,0.0,-0.0012314926493594907,97063.0,14408.0,11995945.4942605,15071144.106525999,VCR,IYC,Consumer Discretionary
2018-09-24,5.1890045508317755,6.731113561319347,179.28999,838.08,-0.005458,-0.00527,0.0,0.0,-0.008516341315047323,-0.0052699045719982905,0.0,-0.003246436743049033,62602.0,15623.0,12026853.046221498,15209285.178526,VCR,IYC,Consumer Discretionary
2018-09-25,5.193512307706618,6.736255008303146,180.10001,842.40004,0.004518,0.005155,0.0,0.0,0.004517932094256992,0.005154686903398244,0.0,-0.0006367548091412521,42127.0,31758.0,11835909.8004675,15929601.950042,VCR,IYC,Consumer Discretionary
2018-09-26,5.195730777772936,6.737962950567272,180.5,843.84004,0.002221,0.003756,0.0,0.0,0.0022209326917860383,0.0017094016282335409,0.0,0.0005115310635524974,44336.0,19011.0,11752002.2135165,16387006.774063999,VCR,IYC,Consumer Discretionary
2018-09-27,5.198552223112894,6.7423144377962165,181.00999,847.52,0.002825,0.004361,0.0,0.0,0.0028254293628808447,0.004360968697337471,0.0,-0.0015355393344566267,60616.0,9902.0,11792736.5351865,15864977.046064,VCR,IYC,Consumer Discretionary
2018-09-28,5.195453731088797,6.741653515262855,180.45,846.96004,-0.003094,-0.000661,36090000.0,0.0,0.008179698161621323,-0.0006607041721729281,36090000.0,0.008840402333794252,52746.0,56101.0,11754297.442186499,17729349.984266,VCR,IYC,Consumer Discretionary
2018-10-01,5.1939008496276085,6.738957857408041,180.17,844.68,-0.001552,-0.002692,0.0,0.0,-0.0015516763646439458,-0.002692027831679048,0.0,0.0011403514670351024,150535.0,120032.0,12696257.6425795,22021653.536266,VCR,IYC,Consumer Discretionary
2018-10-02,5.179139608718707,6.730492902924116,177.53,837.56,-0.014653,-0.008429,0.0,0.0,-0.01465282788477549,-0.008429227636501519,0.0,-0.00622360024827397,110666.0,20969.0,12927365.710706,21312943.038266,VCR,IYC,Consumer Discretionary
2018-10-03,5.176432178557913,6.726569125373967,177.05,834.28004,-0.002704,-0.003916,0.0,0.0,-0.0027037683771756887,-0.003916089593581232,0.0,0.0012123212164055434,91520.0,49661.0,12809534.409706,22620149.934946,VCR,IYC,Consumer Discretionary
2018-10-04,5.160031833743694,6.7136364067085434,174.17,823.56,-0.016267,-0.012849,0.0,0.0,-0.016266591358373342,-0.012849450407563513,0.0,-0.0034171409508098292,107292.0,48213.0,13279369.2417495,24049742.256946,VCR,IYC,Consumer Discretionary
2018-10-05,5.150976836586754,6.701763835635202,172.60001,813.84004,-0.009014,-0.011802,0.0,0.0,-0.009014124131595525,-0.011802370197678248,0.0,0.002788246066082724,208004.0,167379.0,14525534.9892515,29943174.547704,VCR,IYC,Consumer Discretionary
2018-10-08,5.150571134393773,6.704365383176773,172.53,815.96004,-0.000406,0.002605,0.0,0.0,-0.00040561990697455613,0.0026049345028539023,0.0,-0.0030105544098284584,152103.0,83217.0,15177206.6742515,32868056.880138002,VCR,IYC,Consumer Discretionary
2018-10-09,5.14813380728189,6.705394266850456,172.11,816.8,-0.002434,0.001029,0.0,0.0,-0.0024343592418708242,0.001029413156065829,0.0,-0.003463772397936653,195719.0,19981.0,16113141.375751501,31970480.344138004,VCR,IYC,Consumer Discretionary
2018-10-10,5.1127706143983875,6.6705128032884256,166.13,788.8,-0.034745,-0.03428,0.0,0.0,-0.0347452210795423,-0.034280117531831536,0.0,-0.00046510354771076706,176684.0,65933.0,16845908.8457515,33373800.068137996,VCR,IYC,Consumer Discretionary
2018-10-11,5.0962011212263905,6.653379076823105,163.39999,775.40004,-0.016433,-0.016988,0.0,0.0,-0.0164329741768495,-0.016987778904665313,0.0,0.0005548047278158136,395386.0,123655.0,19663915.522257,37497942.297248,VCR,IYC,Consumer Discretionary
2018-10-12,5.115775785550532,6.678040182284889,166.63,794.76,0.019768,0.024968,0.0,0.0,0.01976750426973715,0.02496770570194967,0.0,-0.005200201432212517,214278.0,50396.0,20532742.171257,38810768.725248,VCR,IYC,Consumer Discretionary
2018-10-15,5.112168494919695,6.675217742026058,166.03,792.52,-0.003601,-0.002818,0.0,0.0,-0.003600792174278341,-0.0028184609190195784,0.0,-0.0007823312552587627,114841.0,29769.0,20824893.353757,39616128.351198,VCR,IYC,Consumer Discretionary
2018-10-16,5.134444579822542,6.697626664745422,169.77,810.48,0.022526,0.022662,0.0,0.0,0.022526049509124856,0.022661888658961286,0.0,-0.00013583914983643017,126805.0,38507.0,21495854.7297635,40414615.011198,VCR,IYC,Consumer Discretionary
2018-10-17,5.128003369594507,6.699795862992968,168.67999,812.24,-0.006421,0.002172,0.0,0.0,-0.006420510101902618,0.002171552660152009,0.0,-0.008592062762054627,84155.0,53203.0,21804597.141686,42119745.999198005,VCR,IYC,Consumer Discretionary
2018-10-18,5.10727791913436,6.68110558833864,165.22,797.2,-0.020512,-0.018517,0.0,0.0,-0.02051215440551065,-0.0185166945730326,0.0,-0.00199545983247805,75185.0,31104.0,21960977.659686003,42761000.501564,VCR,IYC,Consumer Discretionary
2018-10-19,5.096812990337308,6.67849304665975,163.5,795.12,-0.01041,-0.002609,0.0,0.0,-0.010410361941653554,-0.002609131961866533,0.0,-0.00780122997978702,74813.0,25165.0,21694978.820186,43154508.833564,VCR,IYC,Consumer Discretionary
2018-10-22,5.101328833597184,6.681356485110284,164.24001,797.40004,0.004526,0.002868,0.0,0.0,0.004526055045871605,0.002867542006238052,0.0,0.0016585130396335533,65785.0,50203.0,21674009.6753795,44501436.35197,VCR,IYC,Consumer Discretionary
2018-10-23,5.101206992280643,6.678291849240104,164.22,794.96004,-0.000122,-0.00306,0.0,0.0,-0.00012183389418940893,-0.0030599446671710725,0.0,0.0029381107729816638,189494.0,344083.0,22850591.253316,56840401.10062001,VCR,IYC,Consumer Discretionary
2018-10-24,5.068463790787944,6.639928067756438,158.92999,765.03996,-0.032213,-0.037637,0.0,0.0,-0.032212946047984456,-0.03763721255725005,0.0,0.005424266509265592,100076.0,109588.0,23245712.737278,60230248.90742199,VCR,IYC,Consumer Discretionary
2018-10-25,5.098096630949872,6.669548799232036,163.71001,788.03996,0.030076,0.030064,0.0,0.0,0.030076261881096293,0.030063789086258973,0.0,1.2472794837320444e-05,411891.0,101045.0,26068641.6460315,63792016.64333199,VCR,IYC,Consumer Discretionary
2018-10-26,5.0689042022202315,6.638358395517452,159.0,763.84004,-0.02877,-0.030709,0.0,0.0,-0.028770445985557065,-0.030709001101923816,0.0,0.001938555116366751,177776.0,82875.0,27006060.0610315,64581413.54888,VCR,IYC,Consumer Discretionary
2018-10-29,5.058027656398856,6.628728970420253,157.28,756.52,-0.010818,-0.009583,0.0,0.0,-0.010817610062893081,-0.00958321064185114,0.0,-0.0012343994210419415,209670.0,72597.0,27298810.3935315,62258036.18288,VCR,IYC,Consumer Discretionary
2018-10-30,5.073610093257644,6.646078777951144,159.75,769.76,0.015705,0.017501,0.0,0.0,0.015704476093591047,0.01750118965790726,0.0,-0.0017967135643162137,118096.0,43936.0,27259775.4445315,63070905.16888,VCR,IYC,Consumer Discretionary
2018-10-31,5.087534666664251,6.657189142089955,161.99001,778.36,0.014022,0.011172,-101081766.24000001,77836000.0,-0.021354843019876935,0.03315432026244205,-178917766.24,-0.05450916328231899,102955.0,38591.0,27283478.718509,62501230.65355799,VCR,IYC,Consumer Discretionary
2018-11-01,5.1096356266014,6.676982700503436,165.61,793.92,0.022347,0.019991,0.0,0.0,0.02234699534866365,0.019990749781592064,0.0,0.0023562455670715875,116124.0,219162.0,27310691.118509002,69215770.491558,VCR,IYC,Consumer Discretionary
2018-11-02,5.112469599977524,6.6769323163240575,166.08,793.88,0.002838,-5e-05,0.0,0.0,0.0028379928748263994,-5.0382910116888354e-05,0.0,0.0028883757849432878,108964.0,101108.0,26420453.550507,66418164.8408,VCR,IYC,Consumer Discretionary
2018-11-05,5.110902922994427,6.677536758995964,165.82001,794.36,-0.001565,0.000605,0.0,0.0,-0.0015654503853564947,0.0006046253841890462,0.0,-0.0021700757695455406,65970.0,30625.0,25655294.323992003,64239441.258366,VCR,IYC,Consumer Discretionary
2018-11-06,5.116015809554085,6.683010396220824,166.67,798.71996,0.005126,0.005489,0.0,0.0,0.005125979669160596,0.005488644946875472,0.0,-0.00036266527771487613,55720.0,24225.0,24435377.089492,64390866.769916,VCR,IYC,Consumer Discretionary
2018-11-07,5.141429669504105,6.710474435917099,170.96001,820.96004,0.02574,0.027845,0.0,0.0,0.025739545209095945,0.027844652836771476,0.0,-0.0021051076276755315,157208.0,63006.0,24311565.506095998,64376739.663927995,VCR,IYC,Consumer Discretionary
2018-11-08,5.141254057464694,6.710133264898005,170.92999,820.68,-0.000176,-0.000341,0.0,0.0,-0.00017559662051970144,-0.00034111282688010006,0.0,0.00016551620636039862,73595.0,44079.0,21710241.714491498,61391372.752618,VCR,IYC,Consumer Discretionary
2018-11-09,5.12598574378343,6.699992878943058,168.34,812.40004,-0.015152,-0.010089,0.0,0.0,-0.015152343950877237,-0.010089145586586733,0.0,-0.005063198364290504,50442.0,18280.0,20349554.8714915,60131270.141178,VCR,IYC,Consumer Discretionary
2018-11-12,5.1049146397432645,6.680252238890475,164.83,796.52,-0.020851,-0.019547,0.0,0.0,-0.020850659379826542,-0.019547069446229963,0.0,-0.0013035899335965793,58134.0,24741.0,19875313.6709915,59936978.813178,VCR,IYC,Consumer Discretionary
2018-11-13,5.105339168922738,6.679699683306906,164.89999,796.08,0.000425,-0.000552,0.0,0.0,0.00042461930473825535,-0.0005524029528448752,0.0,0.0009770222575831305,71695.0,26417.0,19390054.667644,59428023.413178004,VCR,IYC,Consumer Discretionary
2018-11-14,5.099317496701269,6.671779748852549,163.91,789.8,-0.006004,-0.007889,0.0,0.0,-0.006003578290089687,-0.007888654406592302,0.0,0.0018850761165026143,77025.0,29901.0,19311549.827221498,58448133.667178,VCR,IYC,Consumer Discretionary
2018-11-15,5.099439446436716,6.673449662961735,163.92999,791.12,0.000122,0.001671,0.0,0.0,0.00012195717161861161,0.001671309192200557,0.0,-0.0015493520205819454,91470.0,56901.0,19440180.351486497,59459104.18317799,VCR,IYC,Consumer Discretionary
2018-11-16,5.0945474289482116,6.667516432239291,163.13,786.44,-0.00488,-0.005916,0.0,0.0,-0.004880071059602985,-0.005915663868945165,0.0,0.0010355928093421802,64810.0,37877.0,19357206.8414865,59948043.83717801,VCR,IYC,Consumer Discretionary
2018-11-19,5.0697214782220925,6.643945970941912,159.13,768.12,-0.02452,-0.023295,0.0,0.0,-0.02452032121620793,-0.023294847667972254,0.0,-0.0012254735482356768,65505.0,24701.0,19338170.921094,58895116.73277199,VCR,IYC,Consumer Discretionary
2018-11-20,5.048829839894225,6.618365028424488,155.84,748.71996,-0.020675,-0.025257,0.0,0.0,-0.020674919876830265,-0.02525652241837213,0.0,0.004581602541541864,165995.0,64726.0,19075668.727094002,47641587.367154,VCR,IYC,Consumer Discretionary
2018-11-21,5.059425458265688,6.628411730870191,157.5,756.28004,0.010652,0.010097,0.0,0.0,0.010651950718685832,0.0100973399987894,0.0,0.0005546107198964312,132200.0,26007.0,19321489.843132,44433056.160344,VCR,IYC,Consumer Discretionary
2018-11-23,5.05601259344315,6.626664820696016,156.96339,754.96004,-0.003407,-0.001745,0.0,0.0,-0.0034070476190475067,-0.001745385214714909,0.0,-0.0016616624043325977,25915.0,3242.0,16153341.169279,40574060.294918,VCR,IYC,Consumer Discretionary
2018-11-26,5.07991250737647,6.643789733147672,160.75999,768.0,0.024188,0.017272,0.0,0.0,0.024187805831665337,0.0172723843767943,0.0,0.006915421454871038,114908.0,74419.0,15663652.415825,40266587.729168005,VCR,IYC,Consumer Discretionary
2018-11-27,5.079414747255581,6.650537747334176,160.67999,773.2,-0.000498,0.006771,0.0,0.0,-0.0004976362588724495,0.0067708333333333336,0.0,-0.007268469592205783,130446.0,257625.0,15062810.634602001,47480316.107168004,VCR,IYC,Consumer Discretionary
2018-11-28,5.1096356266014,6.680553504207073,165.61,796.76,0.030682,0.030471,0.0,0.0,0.03068216521546954,0.03047077082255561,0.0,0.00021139439291392725,102317.0,81016.0,14966754.753101999,49016822.747168,VCR,IYC,Consumer Discretionary
2018-11-29,5.104793295246089,6.6806037062703885,164.81,796.8,-0.004831,5e-05,0.0,0.0,-0.004830626169917276,5.0203323460013054e-05,0.0,-0.004880829493377288,61156.0,50893.0,14636826.6971245,49542515.329168,VCR,IYC,Consumer Discretionary
2018-11-30,5.110540898742931,6.681707514520538,165.75999,797.68,0.005764,0.001104,-37130237.76,-199420000.0,-0.007287125881591037,-0.052145817311800395,162289762.24,0.04485869143020936,48454.0,47050.0,14076848.642897502,42719202.777168,VCR,IYC,Consumer Discretionary
2018-12-03,5.132174171444437,6.696589704427335,169.38499,809.64,0.021869,0.014994,0.0,0.0,0.021868968500782366,0.01499348109517601,0.0,0.006875487405606355,114686.0,86930.0,14143315.9350545,42224922.085168004,VCR,IYC,Consumer Discretionary
2018-12-04,5.093443405283571,6.6607287872045955,162.95,781.12,-0.03799,-0.035226,0.0,0.0,-0.03799032015764793,-0.035225532335358925,0.0,-0.0027647878222890054,97218.0,96629.0,14388442.2870695,44782500.559168,VCR,IYC,Consumer Discretionary
2018-12-06,5.097241094406337,6.6683298950936445,163.57001,787.08,0.003805,0.00763,0.0,0.0,0.0038049094814360646,0.007630069643588693,0.0,-0.0038251601621526288,146312.0,68984.0,15120712.432225501,46529847.343618,VCR,IYC,Consumer Discretionary
2018-12-07,5.06543908613693,6.6383059747914155,158.45,763.8,-0.031302,-0.029578,0.0,0.0,-0.031301642642193435,-0.02957767952431773,0.0,-0.0017239631178757042,109944.0,44139.0,14647929.7096215,45629245.339606,VCR,IYC,Consumer Discretionary
2018-12-10,5.066511404655174,6.641130001278013,158.62,765.96004,0.001073,0.002828,0.0,0.0,0.0010728936573051436,0.002828017805708301,0.0,-0.0017551241484031572,141928.0,69249.0,15144581.046919,46472605.994104,VCR,IYC,Consumer Discretionary
2018-12-11,5.065817619722297,6.639732032637967,158.50999,764.89,-0.000693,-0.001397,0.0,0.0,-0.0006935443197579543,-0.0013969919370728531,0.0,0.0007034476173148988,79410.0,38178.0,15349374.648214001,47190170.878543995,VCR,IYC,Consumer Discretionary
2018-12-12,5.076261910543359,6.648777326482922,160.17419,771.84004,0.010499,0.009086,0.0,0.0,0.010499022806070598,0.009086326138398985,0.0,0.0014126966676716122,57459.0,28682.0,15330435.726374501,47311731.61390801,VCR,IYC,Consumer Discretionary
2018-12-13,5.065691562939795,6.643945970941912,158.49001,768.12,-0.007019,-0.00482,0.0,0.0,-0.010514677801710805,-0.004819703315728476,0.0,-0.005694974485982329,77325.0,25668.0,15352072.4883845,47246034.553908005,VCR,IYC,Consumer Discretionary
2018-12-14,5.047545648116353,6.623533825010252,155.64,752.59996,-0.017982,-0.020205,0.0,0.0,-0.017982269040174876,-0.02020522834973702,0.0,0.0022229593095621433,82467.0,45104.0,15362572.2948845,47762507.493700005,VCR,IYC,Consumer Discretionary
2018-12-17,5.020189506901067,6.598509028614515,151.44,734.0,-0.026985,-0.022682,0.0,0.0,-0.026985350809560524,-0.024714271842374267,0.0,-0.0022710789671862575,1483876.0,52251.0,25848747.5576195,47429343.2377,VCR,IYC,Consumer Discretionary
2018-12-18,5.0281476536715495,6.604160549081505,152.64999,738.15996,0.00799,0.005668,0.0,0.0,0.007989896988906453,0.005667520435967303,0.0,0.0023223765529391503,174657.0,99448.0,26653194.257791,49610370.428804,VCR,IYC,Consumer Discretionary
2018-12-19,5.007630785075957,6.584515111129642,149.55,723.8,-0.020308,-0.019454,0.0,0.0,-0.020307829695894467,-0.019453723824304964,0.0,-0.0008541058715895028,181161.0,82880.0,27486635.102791,51661131.02280401,VCR,IYC,Consumer Discretionary
2018-12-20,4.98552259328118,6.560860920231752,146.28,706.88,-0.021866,-0.023377,0.0,0.0,-0.021865596790371113,-0.023376623376623377,0.0,0.0015110265862522641,267786.0,80849.0,28151788.866791002,52095575.672256,VCR,IYC,Consumer Discretionary
2018-12-21,4.958569771792903,6.531810137409964,142.39,686.64,-0.026593,-0.028633,0.0,0.0,-0.026592835657642876,-0.028632865550022635,0.0,0.002040029892379759,330190.0,79409.0,29461501.571791,53838416.710241996,VCR,IYC,Consumer Discretionary
2018-12-24,4.938709554524666,6.510972371256806,139.59,672.48,-0.019664,-0.020622,0.0,0.0,-0.019664302268417727,-0.020622160083886752,0.0,0.0009578578154690251,171869.0,95519.0,30457675.9446985,56927768.543758,VCR,IYC,Consumer Discretionary
2018-12-26,4.998157772585143,6.566334820076874,148.14,710.76,0.061251,0.056924,0.0,0.0,0.06125080593165699,0.05692362598144183,0.0,0.004327179950215164,314148.0,138128.0,31860939.734152503,58978871.807757996,VCR,IYC,Consumer Discretionary
2018-12-27,5.0007869580414415,6.570434682605528,148.53,713.68,0.002633,0.004108,0.0,0.0,0.0026326447954637504,0.004108278462490855,0.0,-0.0014756336670271042,160101.0,160323.0,32001926.7118755,54740055.23975799,VCR,IYC,Consumer Discretionary
2018-12-28,5.004348909453547,6.571890801637834,149.06,714.71996,0.003568,0.001457,0.0,0.0,0.003568302699791288,0.0014571796883757425,0.0,0.0021111230114155455,234126.0,99326.0,32899631.8713755,55062053.569106,VCR,IYC,Consumer Discretionary
2018-12-31,5.014095965725237,6.584238698241979,150.52,723.59996,0.009795,0.012425,-218103480.0,-108539994.0,-0.07608347286380023,-0.021702220108195173,-109563486.0,-0.054381252755605056,236747.0,190233.0,34177433.7753755,59917106.008640006,VCR,IYC,Consumer Discretionary
2019-01-02,5.021443342812848,6.590960171586472,151.63,728.48,0.007374,0.006744,0.0,0.0,0.007374435290991231,0.006744113142294812,0.0,0.0006303221486964189,110562.0,181608.0,34614072.8506025,64655453.60064,VCR,IYC,Consumer Discretionary
2019-01-03,5.0001808361923965,6.573344915239341,148.44,715.76,-0.021038,-0.017461,0.0,0.0,-0.021038053155707972,-0.01746101471557215,0.0,-0.0035770384401358213,77516.0,90405.0,34218092.2544455,64371767.480639994,VCR,IYC,Consumer Discretionary
2019-01-04,5.034742369439489,6.6074606144692485,153.66,740.59996,0.035166,0.034704,0.0,0.0,0.035165723524656425,0.03470431429529451,0.0,0.0004614092293619143,117437.0,68201.0,34328277.07044549,63123308.150238,VCR,IYC,Consumer Discretionary
2019-01-07,5.058917392714304,6.62560449404875,157.42,754.15996,0.02447,0.01831,0.0,0.0,0.024469608225953402,0.018309479789871984,0.0,0.006160128436081418,128987.0,45146.0,34146920.98228951,62110877.09194599,VCR,IYC,Consumer Discretionary
2019-01-08,5.070475294452272,6.63589411336669,159.25,761.96004,0.011625,0.010343,0.0,0.0,0.011624952356752637,0.010342739489908746,0.0,0.0012822128668438914,107651.0,47240.0,34133060.7297895,62224958.296426,VCR,IYC,Consumer Discretionary
2019-01-09,5.076423034634259,6.63903888237317,160.2,764.36,0.005965,0.00315,0.0,0.0,0.005965463108320251,0.0031497189800137027,0.0,0.0028157441283065483,140132.0,58665.0,34129887.0817895,61814918.925928,VCR,IYC,Consumer Discretionary
2019-01-10,5.0746768167505385,6.638724844895451,159.9205,764.12,-0.001745,-0.000314,0.0,0.0,-0.0017446941323345819,-0.0003139881731121461,0.0,-0.0014307059592224359,89683.0,54454.0,34217630.6765695,62435289.928927995,VCR,IYC,Consumer Discretionary
2019-01-11,5.074611156971351,6.638358395517452,159.91,763.84004,-6.6e-05,-0.000366,0.0,0.0,-6.565762363174202e-05,-0.0003663822436266555,0.0,0.00030072461999491347,110476.0,14897.0,34640769.095409006,61897340.381358005,VCR,IYC,Consumer Discretionary
2019-01-14,5.067519596296967,6.631421899153808,158.78,758.56,-0.007067,-0.006912,0.0,0.0,-0.007066474892126822,-0.0069124944013147045,0.0,-0.00015398049081211725,75525.0,33487.0,34627600.0692465,62181630.109358,VCR,IYC,Consumer Discretionary
2019-01-15,5.0770470596155075,6.643007656572164,160.3,767.3996,0.009573,0.011653,0.0,0.0,0.009572994079858925,0.011653132250580046,0.0,-0.0020801381707211217,107035.0,40775.0,34843727.4002465,62048902.61406599,VCR,IYC,Consumer Discretionary
2019-01-16,5.076485517076697,6.643112420489898,160.21001,767.48,-0.000561,0.000105,0.0,0.0,-0.0005613849033061633,0.00010476940566557501,0.0,-0.0006661543089717384,92165.0,25038.0,24346106.106829002,61092099.12606599,VCR,IYC,Consumer Discretionary
2019-01-17,5.083947711785188,6.648725449103519,161.41,771.8,0.00749,0.005629,0.0,0.0,0.007490106267392267,0.005628811174232553,0.0,0.001861295093159714,121973.0,54402.0,23997419.7381575,59521045.720962,VCR,IYC,Consumer Discretionary
2019-01-18,5.095405272138073,6.655903563531184,163.27,777.36,0.011524,0.007204,0.0,0.0,0.011523449600396505,0.007203938844260171,0.0,0.004319510756136334,120539.0,36470.0,23626808.4871575,57939134.480962,VCR,IYC,Consumer Discretionary
2019-01-22,5.078044752646336,6.637572529662141,160.46001,763.24,-0.017211,-0.018164,0.0,0.0,-0.017210693942549017,-0.01816404239991767,0.0,0.0009533484573686531,160917.0,57364.0,22959258.854616,57270732.392962,VCR,IYC,Consumer Discretionary
2019-01-23,5.07891686377916,6.641756417361498,160.60001,766.44,0.000872,0.004193,0.0,0.0,0.0008724915323136861,0.004192652376709816,0.0,-0.00332016084439613,58018.0,30433.0,21074355.718625,55710716.030962005,VCR,IYC,Consumer Discretionary
2019-01-24,5.083823796047731,6.64498693288466,161.39,768.92,0.004919,0.003236,0.0,0.0,0.004918990976401611,0.003235739262042691,0.0,0.0016832517143589203,72945.0,53988.0,20463425.710625,54574607.822962,VCR,IYC,Consumer Discretionary
2019-01-25,5.095343960771217,6.6530694080557975,163.25999,775.15996,0.011587,0.008115,0.0,0.0,0.011586777371584225,0.008115226551526817,0.0,0.0034715508200574077,105601.0,24268.0,18998552.3848245,50606394.054426,VCR,IYC,Consumer Discretionary
2019-01-28,5.0891383555842,6.648466229191241,162.25,771.59996,-0.006186,-0.004593,0.0,0.0,-0.0061863901865973295,-0.004592600474358867,0.0,-0.0015937897122384626,59537.0,20190.0,18292556.220824502,45664358.282046005,VCR,IYC,Consumer Discretionary
2019-01-29,5.081031624717987,6.641860790600294,160.94,766.52,-0.008074,-0.006584,0.0,0.0,-0.008073959938366718,-0.006583670636789561,0.0,-0.001490289301577157,65138.0,31824.0,17071780.6288245,43334531.168698,VCR,IYC,Consumer Discretionary
2019-01-30,5.100476059034495,6.656160811493912,164.10001,777.56,0.019635,0.014403,0.0,0.0,0.019634708587051023,0.014402755309711423,0.0,0.0052319532773396,102149.0,15888.0,16128155.302899,37069595.273164,VCR,IYC,Consumer Discretionary
2019-01-31,5.1101789244325175,6.6703469680375065,165.7,788.6692,0.00975,0.014287,-15575799.999999998,-39433460.0,0.0036614059372337316,0.0024932196961993214,23857660.0,0.0011681862410344102,141255.0,31860.0,16460227.174899,31711055.516764004,VCR,IYC,Consumer Discretionary
2019-02-01,5.096629487263117,6.657754273498044,163.47,778.8,-0.013458,-0.012514,0.0,0.0,-0.013458056729028365,-0.012513738332877713,0.0,-0.0009443183961506518,104163.0,124103.0,16736279.703398999,33308212.196764,VCR,IYC,Consumer Discretionary
2019-02-04,5.102971297844749,6.665479926317701,164.50999,784.84004,0.006362,0.007756,0.0,0.0,0.006361962439591249,0.007755572675911659,0.0,-0.0013936102363204094,110799.0,39300.0,16745388.351499498,32324939.981766004,VCR,IYC,Consumer Discretionary
2019-02-05,5.112228662958385,6.6731052816954035,166.03999,790.8476,0.0093,0.007655,0.0,0.0,0.00930034704883272,0.007654502438484295,0.0,0.0016458446103484242,75223.0,26563.0,16354632.982888002,31672938.943998,VCR,IYC,Consumer Discretionary
2019-02-06,5.107580500152735,6.6685331574552364,165.27,787.24,-0.004637,-0.004562,0.0,0.0,-0.004637376815067151,-0.004561687991466512,0.0,-7.568882360063905e-05,65221.0,81713.0,16036415.628888,33089576.435518004,VCR,IYC,Consumer Discretionary
2019-02-07,5.098340874515361,6.663796587954007,163.75,783.52,-0.009197,-0.004725,0.0,0.0,-0.009197071458824953,-0.004725369645851329,0.0,-0.004471701812973624,66759.0,17498.0,15460547.621388,31533019.113518,VCR,IYC,Consumer Discretionary
2019-02-08,5.093443405283571,6.659704091961743,162.95,780.32,-0.004886,-0.004084,0.0,0.0,-0.004885496183206107,-0.004084133142740453,0.0,-0.0008013630404656536,73590.0,64177.0,15343014.636312997,31956479.421517998,VCR,IYC,Consumer Discretionary
2019-02-11,5.096690658696076,6.658216364971056,163.48,779.15996,0.003253,-0.001487,0.0,0.0,0.0032525314513654497,-0.0014866208734877998,0.0,0.004739152324853249,82257.0,12202.0,15132072.496313,31862898.659319997,VCR,IYC,Consumer Discretionary
2019-02-12,5.112409446434231,6.671323833340992,166.07001,789.44,0.015843,0.013194,0.0,0.0,0.015842977734279347,0.013193747789606643,0.0,0.002649229944672704,142145.0,16487.0,15712780.5998855,31243578.58732,VCR,IYC,Consumer Discretionary
2019-02-13,5.117514655723352,6.675125323684045,166.92,792.44676,0.005118,0.003809,0.0,0.0,0.005118263074711758,0.003808725172274017,0.0,0.0013095379024377412,61605.0,14467.0,15369050.4048855,30252259.016666003,VCR,IYC,Consumer Discretionary
2019-02-14,5.113552767956182,6.675217742026058,166.25999,792.52,-0.003954,9.2e-05,0.0,0.0,-0.003954049844236871,9.242261271911819e-05,0.0,-0.004046472456955989,117055.0,13320.0,15603840.782775497,29819269.124665998,VCR,IYC,Consumer Discretionary
2019-02-15,5.119848379069572,6.682910281028169,167.31,798.64,0.006315,0.007722,0.0,0.0,0.006315470126035847,0.007722202594256296,0.0,-0.0014067324682204493,114749.0,12226.0,15579390.4457755,28208104.576665998,VCR,IYC,Consumer Discretionary
2019-02-19,5.1242019867915385,6.6883806164755475,168.03999,803.0208,0.004363,0.005485,0.0,0.0,0.004363098440021407,0.005485325052589402,0.0,-0.001122226612567995,271154.0,18311.0,16873606.091698498,27525794.310106,VCR,IYC,Consumer Discretionary
2019-02-20,5.12586698895999,6.6860107485816345,168.32001,801.12,0.001666,-0.002367,0.0,0.0,0.0016663890541769623,-0.002367061973986228,0.0,0.004033451028163191,815848.0,39017.0,22448746.096164,26899534.294106,VCR,IYC,Consumer Discretionary
2019-02-21,5.123309003048306,6.6850616264482925,167.89,800.36,-0.002555,-0.000949,0.0,0.0,-0.0025547170535457297,-0.0009486718593968444,0.0,-0.0016060451941488853,51400.0,14988.0,22414338.827155,26333070.652106,VCR,IYC,Consumer Discretionary
2019-02-22,5.129780364724699,6.691138382643407,168.98,805.2384,0.006492,0.006095,0.0,0.0,0.006492346179045804,0.00609525713428957,0.0,0.0003970890447562341,51799.0,8055.0,22263358.900654998,24581757.769706,VCR,IYC,Consumer Discretionary
2019-02-25,5.12764766249453,6.687623687160471,168.62,802.4132,-0.00213,-0.003509,0.0,0.0,-0.0021304296366433896,-0.003508526170634684,0.0,0.0013780965339912944,78244.0,12032.0,22061013.154455498,24123910.455362,VCR,IYC,Consumer Discretionary
2019-02-26,5.128181323891191,6.688304949321226,168.71001,802.96004,0.000534,0.000681,0.0,0.0,0.000533803819238634,0.0006814942725269225,0.0,-0.00014769045328828854,55416.0,23290.0,22045480.9376635,24280027.262322,VCR,IYC,Consumer Discretionary
2019-02-27,5.129957825602038,6.686470499081493,169.00999,801.4884,0.001778,-0.001833,0.0,0.0,0.0017780806248542278,-0.0018327686643036434,0.0,0.0036108492891578714,40711.0,7002.0,21865343.736808,23340941.727162,VCR,IYC,Consumer Discretionary
2019-02-28,5.125094292739341,6.684611727667927,168.19,800.0,-0.004852,-0.001857,117733000.0,-40000000.0,0.040104957278119184,-0.01359990326233337,157733000.0,0.05370486054045255,49039.0,19175.0,21439604.6112335,23490248.063162003,VCR,IYC,Consumer Discretionary
2019-03-01,5.132911863136823,6.690146383166402,169.50999,804.44,0.007848,0.00555,0.0,0.0,0.007848207384505514,0.00555,0.0,0.0022982073845055134,53184.0,21742.0,20720067.9016415,23108404.751562,VCR,IYC,Consumer Discretionary
2019-03-04,5.129188403540065,6.686559828885943,168.88,801.56,-0.003717,-0.00358,0.0,0.0,-0.0037165361168387916,-0.0035801302769628562,0.0,-0.00013640583987593533,85046.0,18689.0,20586820.0451415,19024851.673562,VCR,IYC,Consumer Discretionary
2019-03-05,5.130549390761593,6.68938586332498,169.11,803.82844,0.001362,0.00283,0.0,0.0,0.0013619137849360493,0.0028300314386945457,0.0,-0.0014681176537584965,56391.0,15116.0,20152257.026541002,18090174.529914,VCR,IYC,Consumer Discretionary
2019-03-06,5.123844924697481,6.684561776420384,167.98,799.96004,-0.006682,-0.004812,0.0,0.0,-0.006682041274909822,-0.004812469685695619,0.0,-0.001869571589214203,34078.0,10307.0,19813976.8401525,17452069.696588002,VCR,IYC,Consumer Discretionary
2019-03-07,5.11066160816338,6.670462092063485,165.78,788.76,-0.013097,-0.014001,0.0,0.0,-0.0130967972377664,-0.014000749337429405,0.0,0.0009039520996630048,61937.0,32718.0,19788418.899652503,15526015.074588,VCR,IYC,Consumer Discretionary
2019-03-08,5.105278584912877,6.666753260267559,164.89,785.84004,-0.005369,-0.003702,0.0,0.0,-0.005368560743153577,-0.003701962574167047,0.0,-0.0016665981689865305,85256.0,20024.0,19944722.6791525,15627296.474636,VCR,IYC,Consumer Discretionary
2019-03-11,5.120027670867453,6.68070410283691,167.34,796.88,0.014858,0.014049,0.0,0.0,0.014858390442112923,0.014048609689065983,0.0,0.0008097807530469403,97344.0,11563.0,20159625.4021525,13584082.814635998,VCR,IYC,Consumer Discretionary
2019-03-12,5.121341496078834,6.682760014304453,167.56,798.52,0.001315,0.002058,0.0,0.0,0.0013146886578223975,0.0020580263025800623,0.0,-0.0007433376447576647,52359.0,10818.0,19925920.3861525,13540636.79104,VCR,IYC,Consumer Discretionary
2019-03-13,5.125153747538848,6.688005910905366,168.2,802.71996,0.00382,0.00526,0.0,0.0,0.0038195273334924802,0.005259680408756199,0.0,-0.0014401530752637189,48770.0,21258.0,19155775.00758,13743072.972523998,VCR,IYC,Consumer Discretionary
2019-03-14,5.1210429912776645,6.686410109609307,167.50999,801.44,-0.004102,-0.001595,0.0,0.0,-0.004102318668252186,-0.0015945286822069305,0.0,-0.0025077899860452557,71767.0,10936.0,19242704.1501965,13608084.000678,VCR,IYC,Consumer Discretionary
2019-03-15,5.12562925872232,6.692480686046623,168.28,806.32,0.004597,0.006089,0.0,0.0,0.0045968004654529425,0.00608903972848872,0.0,-0.0014922392630357774,74080.0,9512.0,18892935.113724,13463751.472678,VCR,IYC,Consumer Discretionary
2019-03-18,5.135268885097667,6.698253750683896,169.91,810.9884,0.009686,0.00579,0.0,0.0,0.009686237223674827,0.005789760888977081,0.0,0.0038964763346977464,91776.0,8969.0,18712685.362224,13339230.588658001,VCR,IYC,Consumer Discretionary
2019-03-19,5.13826597839981,6.698661564842672,170.42,811.3192,0.003002,0.000408,0.0,0.0,0.003001589076569949,0.0004078973262749504,0.0,0.0025936917502949984,60101.0,17700.0,16946570.210801,13322042.387218,VCR,IYC,Consumer Discretionary
2019-03-20,5.139380249986818,6.700158744055912,170.61,812.5348,0.001115,0.003184,0.0,0.0,0.0011148926182372961,0.0014983005455805804,0.0,-0.0003834079273432843,58990.0,15372.0,10583607.229876999,12383691.682498,VCR,IYC,Consumer Discretionary
2019-03-21,5.1502233083033095,6.711837713921518,172.47,822.08,0.013414,0.011748,0.0,0.0,0.010902057323720767,0.011747435309847652,0.0,-0.0008453779861268846,94314.0,12667.0,10965446.708877001,12304566.266498,VCR,IYC,Consumer Discretionary
2019-03-22,5.128655279455619,6.693521864241212,168.78999,807.15996,-0.021337,-0.018149,0.0,0.0,-0.021337102104713967,-0.018149133904242897,0.0,-0.0031879682004710697,84697.0,9631.0,11242597.2470285,12368944.379636,VCR,IYC,Consumer Discretionary
2019-03-25,5.134150020334124,6.695601171921066,169.72,808.84004,0.00551,0.002081,0.0,0.0,0.005509864654888704,0.0020814709391679936,0.0,0.00342839371572071,69939.0,20984.0,11176424.4370285,12734847.568484,VCR,IYC,Consumer Discretionary
2019-03-26,5.138793887382472,6.699549550773476,170.50999,812.03996,0.004655,0.003956,0.0,0.0,0.0046546665095450294,0.003956183969329708,0.0,0.0006984825402153215,107097.0,22512.0,11622018.161272,12713832.78088,VCR,IYC,Consumer Discretionary
2019-03-27,5.1375615876686425,6.697577310057951,170.3,810.44,-0.001232,-0.00197,0.0,0.0,-0.001231540744328132,-0.001970297126757161,0.0,0.0007387563824290289,55076.0,84451.0,11746962.0161275,15855355.114039999,VCR,IYC,Consumer Discretionary
2019-03-28,5.145399260123324,6.7022551628405225,171.64,814.24,0.007868,0.004689,0.0,0.0,0.007868467410452143,0.004688811016238093,0.0,0.0031796563942140506,48721.0,17535.0,11752692.1676275,15802240.034039998,VCR,IYC,Consumer Discretionary
2019-03-29,5.1498753611877595,6.705932809371611,172.41,817.24,0.004486,0.003684,-47412750.0,0.0,-0.012570592800730494,0.0036844173707997643,-47412750.0,-0.01625501017153026,54310.0,18714.0,11770110.5572195,15692424.778040001,VCR,IYC,Consumer Discretionary
2019-04-01,5.161408849280577,6.717078966208138,174.41,826.40004,0.0116,0.011209,0.0,0.0,0.011600255205614524,0.011208506681023933,0.0,0.0003917485245905905,72095.0,25057.0,11680686.5807195,15978762.326154,VCR,IYC,Consumer Discretionary
2019-04-02,5.160204064418402,6.7151409327027505,174.2,824.8,-0.001204,-0.001936,0.0,0.0,-0.0012040594002637464,-0.001936156731066954,0.0,0.0007320973308032077,91839.0,15255.0,12003790.1702195,16000344.991202,VCR,IYC,Consumer Discretionary
2019-04-03,5.167809968468254,6.721184707898767,175.53,829.8,0.007635,0.006062,0.0,0.0,0.007634902411021814,0.00606207565470417,0.0,0.0015728267563176433,302100.0,13287.0,14368949.698219499,16139363.214588001,VCR,IYC,Consumer Discretionary
2019-04-04,5.174226981316986,6.726664963898926,176.66,834.36,0.006438,0.005495,0.0,0.0,0.006437645986441064,0.00549530007230658,0.0,0.0009423459141344841,65735.0,4948.0,14436191.1602195,15055451.394588,VCR,IYC,Consumer Discretionary
2019-04-05,5.181165381737178,6.733290409432951,177.89,839.90636,0.006963,0.006647,0.0,0.0,0.006962526887807087,0.006647442351023539,0.0,0.0003150845367835475,53510.0,10994.0,14209242.7632195,14730364.872632,VCR,IYC,Consumer Discretionary
2019-04-08,5.183803979759276,6.735590019947523,178.36,841.84004,0.002642,0.002302,0.0,0.0,0.0026420821856203273,0.0023022566468004838,0.0,0.00033982553881984354,39611.0,9008.0,13748016.4132195,14648813.454648,VCR,IYC,Consumer Discretionary
2019-04-09,5.174906021632802,6.730874892137566,176.78,837.88,-0.008859,-0.004704,0.0,0.0,-0.008858488450325185,-0.004704029045708018,0.0,-0.004154459404617166,123209.0,30454.0,14398397.0622195,15492733.862648001,VCR,IYC,Consumer Discretionary
2019-04-10,5.18094055462162,6.735875021605469,177.85001,842.08,0.006053,0.005013,0.0,0.0,0.006052777463513904,0.005012650976273452,0.0,0.0010401264872404517,46949.0,8465.0,14405735.368193999,14995933.177164,VCR,IYC,Consumer Discretionary
2019-04-11,5.1823452464438455,6.737678401188782,178.10001,843.59996,0.001406,0.001805,0.0,0.0,0.0014056788638921079,0.001805006650199506,0.0,-0.0003993277863073982,175257.0,19941.0,15365314.568206001,15398817.125281999,VCR,IYC,Consumer Discretionary
2019-04-12,5.187162373060281,6.7451422274079595,178.96001,849.92,0.004829,0.007492,0.0,0.0,0.004828747623315855,0.007491749999608819,0.0,-0.002663002376292964,47314.0,19553.0,15165371.143863002,15846255.621282,VCR,IYC,Consumer Discretionary
2019-04-15,5.189450711560923,6.748572003528919,179.37,852.84004,0.002291,0.003436,0.0,0.0,0.0022909587454760533,0.00343566453313253,0.0,-0.0011447057876564767,193133.0,13459.0,16117801.446362998,16056486.57822,VCR,IYC,Consumer Discretionary
2019-04-16,5.194511197822448,6.753064453302369,180.28,856.68,0.005073,0.004503,0.0,0.0,0.005073312148073814,0.0045025559541036556,0.0,0.000570756193970158,78515.0,17878.0,16313415.035362998,16104255.33822,VCR,IYC,Consumer Discretionary
2019-04-17,5.1958415749588,6.754883780653259,180.52,858.24,0.001331,0.001821,0.0,0.0,0.0013312624805857556,0.0018209833309987392,0.0,-0.0004897208504129837,50249.0,15558.0,16263748.314362999,16147365.98694,VCR,IYC,Consumer Discretionary
2019-04-18,5.195453731088797,6.755023591908293,180.45,858.36,-0.000388,0.00014,0.0,0.0,-0.00038776866829160205,0.00013982102908277405,0.0,-0.0005275896973743761,78174.0,107397.0,16155756.450363,20235966.064939998,VCR,IYC,Consumer Discretionary
2019-04-22,5.1908435082428035,6.753763606512539,179.62,857.27916,-0.0046,-0.001259,0.0,0.0,-0.004599612080908839,-0.001259191947434643,0.0,-0.0033404201334741963,124128.0,10418.0,16555749.729211498,20293834.900645997,VCR,IYC,Consumer Discretionary
2019-04-23,5.2026870805151795,6.764392862672778,181.75999,866.44,0.011914,0.010686,0.0,0.0,0.011913985079612416,0.010685947387313136,0.0,0.00122803769229928,76649.0,18190.0,16658833.448887,20233227.110678,VCR,IYC,Consumer Discretionary
2019-04-24,5.204006687076795,6.76365393500788,182.0,865.8,0.00132,-0.000739,0.0,0.0,0.0013204776254665176,-0.0007386547250819445,0.0,0.002059132350548462,46609.0,13833.0,16169919.928935498,19918025.501702,VCR,IYC,Consumer Discretionary
2019-04-25,5.1972808223702645,6.762961618720177,180.78,865.2008,-0.006703,-0.000692,0.0,0.0,-0.006703296703296703,-0.0006920766920766921,0.0,-0.006011220011220011,121778.0,10828.0,16801699.1309355,16964321.792822,VCR,IYC,Consumer Discretionary
2019-04-26,5.2053793708887675,6.769779740037806,182.25,871.12,0.008131,0.006841,0.0,0.0,0.008131430467972121,0.006841417622360035,0.0,0.0012900128456120865,110730.0,13681.0,17392602.6339355,16846326.508822,VCR,IYC,Consumer Discretionary
2019-04-29,5.203676962393915,6.76950419468589,181.94,870.88,-0.001701,-0.000275,0.0,0.0,-0.001700960219478738,-0.00027550739278170633,0.0,-0.0014254528266970316,139941.0,21080.0,18197466.5559355,16999542.560822003,VCR,IYC,Consumer Discretionary
2019-04-30,5.199656634908657,6.767481205490222,181.21001,869.12,-0.004012,-0.002021,158558758.75,86912000.0,0.050729531862207695,0.02174046175515953,71646758.75,0.028989070107048164,57065.0,14481.0,18085799.569468,16593473.606708,VCR,IYC,Consumer Discretionary
2019-05-01,5.190175207928333,6.759719246536921,179.5,862.40004,-0.009437,-0.007732,0.0,0.0,-0.009436619974801707,-0.007731912739322533,0.0,-0.0017047072354791732,55383.0,21550.0,17782944.304468,16893593.449808,VCR,IYC,Consumer Discretionary
2019-05-02,5.190899179780744,6.75772277448525,179.63,860.68,0.000724,-0.001994,0.0,0.0,0.0007242339832869081,-0.001994480426972151,0.0,0.002718714410259059,47644.0,100749.0,15559478.240468,20677948.285807997,VCR,IYC,Consumer Discretionary
2019-05-03,5.2049951544258946,6.770422384081038,182.17999,871.68,0.014196,0.012781,0.0,0.0,0.01419579134888388,0.012780592089975368,0.0,0.0014151992589085116,36826.0,444686.0,15314289.001054998,39852722.245808,VCR,IYC,Consumer Discretionary
2019-05-06,5.199435816987919,6.7677112968375015,181.17,869.32,-0.005544,-0.002707,0.0,0.0,-0.005543912918208039,-0.0027074155653450806,0.0,-0.0028364973528629584,170681.0,25040.0,16384458.144554999,40479414.359716,VCR,IYC,Consumer Discretionary
2019-05-07,5.182513620804394,6.752597472172712,178.13,856.28004,-0.01678,-0.015,0.0,0.0,-0.016779820058508584,-0.015000184051902636,0.0,-0.0017796360066059478,207177.0,60237.0,17876429.197055,42679236.644174,VCR,IYC,Consumer Discretionary
2019-05-08,5.182794219169475,6.7527376034226725,178.17999,856.40004,0.000281,0.00014,0.0,0.0,0.0002806377364846537,0.00014014106880267814,0.0,0.00014049666768197554,126501.0,23377.0,17914382.1918045,42404399.954927996,VCR,IYC,Consumer Discretionary
2019-05-09,5.178632523602057,6.74955641630831,177.44,853.68,-0.004153,-0.003176,0.0,0.0,-0.004153047713157978,-0.003176132499947104,0.0,-0.000976915213210874,199669.0,47113.0,19268351.55383,44058960.886928,VCR,IYC,Consumer Discretionary
2019-05-10,5.177956066272069,6.751288539157334,177.32001,855.15996,-0.000676,0.001734,0.0,0.0,-0.0006762285843102534,0.001733623840314872,0.0,-0.0024098524246251255,57913.0,43024.0,18221144.568157997,45057469.652761996,VCR,IYC,Consumer Discretionary
2019-05-13,5.147436393731315,6.722918561822514,171.99001,831.24,-0.030059,-0.027971,0.0,0.0,-0.03005864933122873,-0.027971328311489234,0.0,-0.002087321019739498,93942.0,472647.0,18605633.148472,63870699.97876199,VCR,IYC,Consumer Discretionary
2019-05-14,5.1575599863890425,6.7304451440110995,173.74001,837.52,0.010175,0.007555,0.0,0.0,0.010175009583405453,0.007554978104999759,0.0,0.0026200314784056936,82403.0,13231.0,17589354.7401735,63850842.629843995,VCR,IYC,Consumer Discretionary
2019-05-15,5.163985653752745,6.737631031643564,174.86,843.56,0.006446,0.007212,0.0,0.0,0.006446356253806955,0.007211768077180246,0.0,-0.0007654118233732911,62260.0,60305.0,17425959.7101735,65628600.667844,VCR,IYC,Consumer Discretionary
2019-05-16,5.172130309572935,6.747257787354406,176.28999,851.71996,0.008178,0.009673,0.0,0.0,0.008177913759578994,0.00967324197448907,0.0,-0.0014953282149100765,59453.0,13759.0,17496460.674947,65546916.51832601,VCR,IYC,Consumer Discretionary
2019-05-17,5.163585196135482,6.742252608435321,174.78999,847.4676,-0.008509,-0.004993,0.0,0.0,-0.008508707726400121,-0.0049926738830918084,0.0,-0.003516033843308313,32518.0,12403.0,17075326.804688,61463209.104466,VCR,IYC,Consumer Discretionary
2019-05-20,5.1567538598299345,6.734686780300234,173.60001,841.08,-0.006808,-0.007537,0.0,0.0,-0.006808055770241731,-0.0075372793012971825,0.0,0.0007292235310554515,44128.0,14702.0,16343564.298751999,61634930.298021995,VCR,IYC,Consumer Discretionary
2019-05-21,5.163756930354033,6.742279983738458,174.82001,847.4908,0.007028,0.007622,0.0,0.0,0.007027649364766742,0.00762210491273125,0.0,-0.0005944555479645078,149774.0,9263.0,16956152.833963502,61239418.482042,VCR,IYC,Consumer Discretionary
2019-05-22,5.153175980878366,6.736919554743108,172.98,842.96004,-0.010525,-0.005346,0.0,0.0,-0.01052516814293735,-0.005346087532749618,0.0,-0.005179080610187731,32937.0,117482.0,16816883.0469635,65592219.483006,VCR,IYC,Consumer Discretionary
2019-05-23,5.139438861480548,6.723784410821633,170.62,831.96004,-0.013643,-0.013049,0.0,0.0,-0.013643195745172853,-0.013049254386957655,0.0,-0.0005939413582151977,49676.0,32742.0,16139917.6609635,66485801.55137,VCR,IYC,Consumer Discretionary
2019-05-24,5.1418389797116,6.724697403171858,171.03,832.71996,0.002403,0.000913,0.0,0.0,0.0024030008205368656,0.0009134092546079496,0.0,0.0014895915659289159,25012.0,9743.0,15344780.653963497,66295571.443884,VCR,IYC,Consumer Discretionary
2019-05-28,5.135974892069394,6.721184707898767,170.03,829.8,-0.005847,-0.003507,0.0,0.0,-0.005846927439630474,-0.003506532976584349,0.0,-0.0023403944630461253,37044.0,14166.0,14386666.942963501,65965411.26388401,VCR,IYC,Consumer Discretionary
2019-05-29,5.12610454390237,6.712421428307194,168.36,822.56,-0.009822,-0.008725,0.0,0.0,-0.009821796153619949,-0.008724993974451676,0.0,-0.0010968021791682731,57229.0,99178.0,14351383.203931,69415117.71188399,VCR,IYC,Consumer Discretionary
2019-05-30,5.131495073201006,6.716740041419449,169.27,826.12,0.005405,0.004328,0.0,0.0,0.005405084343074364,0.004327951760357907,0.0,0.0010771325827164573,46241.0,19085.0,14245681.482431,69274206.678784,VCR,IYC,Consumer Discretionary
2019-05-31,5.1173947707516705,6.704953425325842,166.89999,816.44,-0.014001,-0.011717,80445795.18,-122466000.00000001,0.014295833547390776,-0.04619239955004003,202911795.18,0.0604882330974308,156391.0,43112.0,15122849.713235501,66698492.27678399,VCR,IYC,Consumer Discretionary
2019-06-03,5.109514853654393,6.695700024653347,165.59,808.92,-0.007849,-0.009211,0.0,0.0,-0.00784895193822361,-0.009210719709960315,0.0,0.0013617677717367056,254026.0,91833.0,16890609.9646485,51031575.170784004,VCR,IYC,Consumer Discretionary
2019-06-04,5.137091718048815,6.718626606255205,170.22,827.68,0.027961,0.023191,0.0,0.0,0.027960625641645028,0.0231914157147802,0.0,0.004769209926864828,52934.0,22586.0,15795017.400148502,50877885.55478401,VCR,IYC,Consumer Discretionary
2019-06-05,5.142189733836557,6.723014798950873,171.09,831.32,0.005111,0.004398,0.0,0.0,0.005111032781106803,0.004397834912043302,0.0,0.0007131978690635013,92925.0,24933.0,14744722.362148503,49335263.59431,VCR,IYC,Consumer Discretionary
2019-06-06,5.14574876790343,6.727958532171293,171.7,835.44,0.003565,0.004956,0.0,0.0,0.0035653749488573265,0.004955973632295626,0.0,-0.0013905986834382997,38274.0,32777.0,13946307.306398999,49703421.251556,VCR,IYC,Consumer Discretionary
2019-06-07,5.1600891898527195,6.741511822035163,174.17999,846.84004,0.014444,0.013646,0.0,0.0,0.014443739079790338,0.013645552044431677,0.0,0.000798187035358661,43882.0,39146.0,12557012.254457999,49349969.969848,VCR,IYC,Consumer Discretionary
2019-06-10,5.169119371180586,6.747351757489113,175.75999,851.8,0.009071,0.005857,0.0,0.0,0.009071076419283295,0.005857021120541254,0.0,0.003214055298742041,59383.0,25567.0,12565413.34181,48599248.393896,VCR,IYC,Consumer Discretionary
2019-06-11,5.172867515830621,6.74950955924577,176.42,853.64,0.003755,0.00216,0.0,0.0,0.00375517772844661,0.0021601314862643812,0.0,0.0015950462421822288,47054.0,15968.0,12172622.399839,29636639.955895998,VCR,IYC,Consumer Discretionary
2019-06-12,5.171846759234894,6.749884401124723,176.24001,853.96004,-0.00102,0.000375,0.0,0.0,-0.001020235800929606,0.0003749121409493463,0.0,-0.0013951479418789522,39173.0,32940.0,11801979.993223999,30489050.785776,VCR,IYC,Consumer Discretionary
2019-06-13,5.180884269655941,6.759023225181737,177.84,861.8,0.009078,0.009181,0.0,0.0,0.009078472022329101,0.009180710610299752,0.0,-0.00010223858797065062,31217.0,38670.0,11535222.377224,29611796.795776,VCR,IYC,Consumer Discretionary
2019-06-14,5.1820081879804984,6.76004382278378,178.03999,862.68,0.001125,0.001021,0.0,0.0,0.0011245501574449004,0.001021118588999768,0.0,0.00010343156844513251,28736.0,11962.0,11266981.7960825,29541824.957294006,VCR,IYC,Consumer Discretionary
2019-06-17,5.184028164092096,6.761063379828259,178.39999,863.56,0.002022,0.003151,0.0,0.0,0.0020220176377228507,0.001020076969444058,0.0,0.0010019406682787928,25636.0,28390.0,11211463.858523501,30242091.345154,VCR,IYC,Consumer Discretionary
2019-06-18,5.1914557247639435,6.766836667923597,179.73,868.56,0.007455,0.00579,0.0,0.0,0.007455213422377428,0.00578998564083561,0.0,0.0016652277815418174,62616.0,22707.0,11391131.4804595,30609933.033154,VCR,IYC,Consumer Discretionary
2019-06-19,5.192790170333112,6.77147721484949,179.97,872.59996,0.001335,0.004651,0.0,0.0,0.0013353363378400935,0.004651330938564981,0.0,-0.003315994600724888,27859.0,30952.0,10332646.083072502,31567853.367229998,VCR,IYC,Consumer Discretionary
2019-06-20,5.19811016086101,6.776319061373324,180.92999,876.8352,0.005334,0.004854,0.0,0.0,0.0053341668055787135,0.004853587203923319,0.0,0.00048057960165539485,43946.0,17570.0,10445331.4370995,27386521.519466,VCR,IYC,Consumer Discretionary
2019-06-21,5.192011960177106,6.77166060395445,179.83,872.76,-0.003542,-0.004648,0.0,0.0,-0.006079644397261068,-0.004647623635547478,0.0,-0.0014320207617135898,31555.0,13288.0,10305272.263599502,26604381.481982,VCR,IYC,Consumer Discretionary
2019-06-24,5.185148724433438,6.7672510611887295,178.60001,868.92,-0.00684,-0.0044,0.0,0.0,-0.006839737529889346,-0.004399835006187268,0.0,-0.002439902523702078,41769.0,42252.0,10464379.336484,28034402.345468003,VCR,IYC,Consumer Discretionary
2019-06-25,5.1749625309536444,6.76004382278378,176.78999,862.68,-0.010135,-0.007181,0.0,0.0,-0.0101344899140823,-0.00718132854578097,0.0,-0.0029531613683013297,140154.0,33683.0,11388340.983407002,28899537.527467996,VCR,IYC,Consumer Discretionary
2019-06-26,5.178407013505692,6.759255270663693,177.39999,862.0,0.00345,-0.000788,0.0,0.0,0.003450421599096193,-0.0007882412945704085,0.0,0.0042386628936666015,33716.0,8908.0,11205648.164549,25204479.543468,VCR,IYC,Consumer Discretionary
2019-06-27,5.185540528945076,6.7653619234742415,178.67,867.28004,0.007159,0.006125,0.0,0.0,0.0071590195692795636,0.006125336426914153,0.0,0.0010336831423654108,42085.0,16846.0,11190253.808549,25146664.51116,VCR,IYC,Consumer Discretionary
2019-06-28,5.189562206710999,6.76950419468589,179.39,870.88,0.00403,0.004151,-13095469.999999998,43544000.0,-0.00021252191924860973,0.016249065435060547,-56639470.0,-0.016461587354309155,34893.0,17443.0,10198143.7552445,24146284.439159997,VCR,IYC,Consumer Discretionary
2019-07-01,5.19678285572374,6.777783258555722,180.69,878.12,0.007247,0.008313,0.0,0.0,0.007246780757009867,0.008313430093698329,0.0,-0.001066649336688462,42514.0,113140.0,8479028.2212445,25399531.76116,VCR,IYC,Consumer Discretionary
2019-07-02,5.198938922567758,6.783008004209637,181.08,882.71996,0.002158,0.005238,0.0,0.0,0.002158392827494604,0.005238418439393249,0.0,-0.003080025611898645,38611.0,41229.0,8378090.941244501,26284515.798702,VCR,IYC,Consumer Discretionary
2019-07-03,5.207571698491769,6.790985434873804,182.64999,889.78996,0.00867,0.008009,0.0,0.0,0.008670145791915189,0.008009335146335651,0.0,0.0006608106455795373,49809.0,260476.0,8038044.69634,36836597.201749995,VCR,IYC,Consumer Discretionary
2019-07-05,5.209322204976474,6.792658676630335,182.97,891.28004,0.001752,0.001675,0.0,0.0,0.00175203951557839,0.001674642406619198,0.0,7.739710895919203e-05,58701.0,37977.0,8246488.50484,37159843.461704,VCR,IYC,Consumer Discretionary
2019-07-08,5.208884879216484,6.790232209531611,182.89,889.12,-0.000437,-0.002424,0.0,0.0,-0.00043723014701863694,-0.0024235256070583608,0.0,0.0019862954600397237,45999.0,59909.0,8284958.044281,38165637.955412,VCR,IYC,Consumer Discretionary
2019-07-09,5.210905854969784,6.792389274949994,183.25999,891.03996,0.002023,0.002159,0.0,0.0,0.002023019301219173,0.0021593935576750046,0.0,-0.0001363742564558317,28069.0,18377.0,8020296.5029380005,37895471.492658004,VCR,IYC,Consumer Discretionary
2019-07-10,5.2141745984356085,6.796555525889912,183.86,894.76,0.003274,0.004175,0.0,0.0,0.003274091633422143,0.004174941828647056,0.0,-0.000900850195224913,49371.0,32161.0,8059100.771938001,38652744.134658,VCR,IYC,Consumer Discretionary
2019-07-11,5.215804944973573,6.800748965296969,184.16,898.52,0.001632,0.004202,0.0,0.0,0.0016316762754269552,0.004202244177209531,0.0,-0.002570567901782576,136716.0,31748.0,8972789.204351502,38672582.596778,VCR,IYC,Consumer Discretionary
2019-07-12,5.2268751227964785,6.809304171625246,186.21001,906.24,0.011132,0.008592,0.0,0.0,0.011131678974804505,0.008591906691002982,0.0,0.002539772283801523,55425.0,22938.0,9211242.130564,38045658.952778,VCR,IYC,Consumer Discretionary
2019-07-15,5.229770824012927,6.810583411311855,186.75,907.40004,0.0029,0.00128,0.0,0.0,0.002899897808930907,0.0012800582627118643,0.0,0.0016198395462190425,42657.0,27317.0,9353744.010432001,38769062.389412,VCR,IYC,Consumer Discretionary
2019-07-16,5.2295030505476765,6.810451156594897,186.7,907.28004,-0.000268,-0.000132,0.0,0.0,-0.0002677376171352075,-0.0001322459716885179,0.0,-0.00013549164544668962,36853.0,35469.0,9469093.65825,39152254.756349996,VCR,IYC,Consumer Discretionary
2019-07-17,5.220571963880813,6.802128061095766,185.03999,899.76,-0.008891,-0.008289,0.0,0.0,-0.008891322978039623,-0.008288554435739597,0.0,-0.0006027685423000261,32016.0,17464.0,9202606.990242,38951805.59235,VCR,IYC,Consumer Discretionary
2019-07-18,5.21921999107385,6.797181196271423,184.78999,895.32,-0.001351,-0.004935,0.0,0.0,-0.001351059303451108,-0.004934649239797279,0.0,0.0035835899363461715,32533.0,18107.0,9252506.4159755,38411947.856254,VCR,IYC,Consumer Discretionary
2019-07-19,5.212977319381022,6.788115520682589,183.64,887.24,-0.006223,-0.009025,0.0,0.0,-0.006223226701835971,-0.00902470625027923,0.0,0.0028014795484432586,33752.0,16957.0,9164859.812948499,38393894.567053996,VCR,IYC,Consumer Discretionary
2019-07-22,5.213195058688691,6.7865363925447335,183.67999,885.84004,0.000218,-0.001578,0.0,0.0,0.0002177630145937825,-0.0015778819710563095,0.0,0.001795644985650092,37940.0,53822.0,9229573.9714785,40197916.954698004,VCR,IYC,Consumer Discretionary
2019-07-23,5.220355825078324,6.790367165333791,185.0,889.24,0.007186,0.003838,0.0,0.0,0.007186465983583719,0.0038381195774352217,0.0,0.0033483464061484975,35281.0,25859.0,9182926.030594,39511979.420698,VCR,IYC,Consumer Discretionary
2019-07-24,5.227572962022279,6.797449220931297,186.34,895.56,0.007243,0.007107,0.0,0.0,0.007243243243243243,0.007107192658899734,0.0,0.00013605058434350888,36163.0,35454.0,8280965.488671,39646656.110698,VCR,IYC,Consumer Discretionary
2019-07-25,5.219869220218895,6.795034453690795,184.91,893.40004,-0.007674,-0.002412,0.0,0.0,-0.007674144037780401,-0.002411854035463844,0.0,-0.005262290002316558,56295.0,75551.0,8502380.008029,42637584.6318,VCR,IYC,Consumer Discretionary
2019-07-26,5.223863126758288,6.802705870481016,185.64999,900.28004,0.004002,0.007701,0.0,0.0,0.0040018928127197135,0.007700917497160622,0.0,-0.003699024684440909,31222.0,31354.0,8416231.859918,43318443.67281599,VCR,IYC,Consumer Discretionary
2019-07-29,5.2190035598283115,6.797985010194745,184.75,896.03996,-0.004848,-0.00471,0.0,0.0,-0.004847778338151283,-0.004709734539932708,0.0,-0.0001380437982185746,98485.0,10494.0,9013014.283918,43029057.84782799,VCR,IYC,Consumer Discretionary
2019-07-30,5.212813942934096,6.79256886917302,183.61,891.2,-0.006171,-0.005402,0.0,0.0,-0.006170500676589986,-0.005401500174166339,0.0,-0.0007690005024236467,32925.0,20033.0,8931189.513418,38954203.487828,VCR,IYC,Consumer Discretionary
2019-07-31,5.201090350786933,6.7795582049768806,181.47,879.68,-0.011655,-0.012926,27220500.0,219920000.0,-0.0030378560463106673,0.04582799008292725,-192699500.0,-0.048865846129237916,58114.0,30701.0,9108902.898417998,38484873.21028601,VCR,IYC,Consumer Discretionary
2019-08-01,5.186323789587112,6.770048736823977,178.81,871.35436,-0.014658,-0.009464,0.0,0.0,-0.014658070204441506,-0.009464396144052383,0.0,-0.005193674060389123,85855.0,46184.0,9421608.8583225,28908558.21735,VCR,IYC,Consumer Discretionary
2019-08-02,5.177053279054998,6.763515325263393,177.16,865.68,-0.009228,-0.006512,0.0,0.0,-0.009227671830434539,-0.006512115231741079,0.0,-0.0027155565986934594,120105.0,42283.0,9948472.8498225,29046328.485396005,VCR,IYC,Consumer Discretionary
2019-08-05,5.14952735098434,6.736349923072342,172.35001,842.48,-0.027151,-0.0268,0.0,0.0,-0.02715054188304359,-0.026799741243877646,0.0,-0.0003508006391659442,112254.0,104548.0,10495183.8954495,30786993.933396,VCR,IYC,Consumer Discretionary
2019-08-06,5.165071647400675,6.74993119378857,175.05,854.0,0.015666,0.013674,0.0,0.0,0.015665737414230507,0.013673915107777039,0.0,0.0019918223064534675,187871.0,31381.0,11882328.589984,31308230.56615,VCR,IYC,Consumer Discretionary
2019-08-07,5.168208738148623,6.748665756458033,175.60001,852.92,0.003142,-0.001265,0.0,0.0,0.0031420165666952173,-0.0012646370023419204,0.0,0.004406653569037138,90813.0,35758.0,12225799.1723905,31394347.416149996,VCR,IYC,Consumer Discretionary
2019-08-08,5.189617893883334,6.76743518086704,179.39999,869.08,0.02164,0.018947,0.0,0.0,0.02163997598861187,0.018946677296815644,0.0,0.002693298691796228,46612.0,56556.0,11385027.8610845,32425621.192150004,VCR,IYC,Consumer Discretionary
2019-08-09,5.1790268890218565,6.761156015307713,177.50999,863.64,-0.010535,-0.00626,0.0,0.0,-0.010535117644098127,-0.006259492796980715,0.0,-0.004275624847117412,34689.0,31378.0,11176875.573027499,32741219.33215,VCR,IYC,Consumer Discretionary
2019-08-12,5.163413546861901,6.74753962432096,174.75999,851.96004,-0.015492,-0.013524,0.0,0.0,-0.015492085825704797,-0.01352410726691677,0.0,-0.0019679785587880267,33780.0,14294.0,11073735.4586375,32110742.828104,VCR,IYC,Consumer Discretionary
2019-08-13,5.179590135279236,6.760970735766676,177.61,863.48,0.016308,0.013522,0.0,0.0,0.01630813780659993,0.013521713999637823,0.0,0.002786423806962106,47362.0,22301.0,11150310.9446375,31464550.415165998,VCR,IYC,Consumer Discretionary
2019-08-14,5.14737819098275,6.7313044556599095,171.98,838.24,-0.031699,-0.029231,0.0,0.0,-0.03169866561567479,-0.02923055542687729,0.0,-0.002468110188797501,105658.0,18939.0,11762652.0706455,31472651.351166,VCR,IYC,Consumer Discretionary
2019-08-15,5.144291678908929,6.734401439741918,171.45,840.84004,-0.003082,0.003102,0.0,0.0,-0.003081753692289801,0.003101784691735064,0.0,-0.006183538384024865,50855.0,22709.0,11898017.920912001,31616805.212584,VCR,IYC,Consumer Discretionary
2019-08-16,5.156984190431393,6.747218900577619,173.64,851.68684,0.012773,0.0129,0.0,0.0,0.012773403324584426,0.012899956572001495,0.0,-0.0001265532474170692,66150.0,28820.0,12162421.356912,32091839.515024,VCR,IYC,Consumer Discretionary
2019-08-19,5.169517619156448,6.757536857682484,175.83,860.52,0.012612,0.010371,0.0,0.0,0.012612301313061507,0.010371370772853553,0.0,0.0022409305402079534,53831.0,12388.0,12287235.652382,30240961.471379995,VCR,IYC,Consumer Discretionary
2019-08-20,5.1686641013994885,6.755538394832842,175.67999,858.802,-0.000853,-0.001996,0.0,0.0,-0.0008531536142865143,-0.0019964672523590386,0.0,0.0011433136380725245,34640.0,10020.0,12265164.145062,29521478.41538,VCR,IYC,Consumer Discretionary
2019-08-21,5.185204657916392,6.767020817863888,178.61,868.71996,0.016678,0.011549,0.0,0.0,0.01667810887284316,0.01154859909501841,0.0,0.00512950977782475,155219.0,30550.0,13314416.753562,29260888.942280002,VCR,IYC,Consumer Discretionary
2019-08-22,5.186715189966734,6.768585161444106,178.88,870.08,0.001512,0.001566,0.0,0.0,0.0015116734785286378,0.0015655678039215306,0.0,-5.389432539289283e-05,44350.0,27986.0,13190607.731061999,27103528.565178,VCR,IYC,Consumer Discretionary
2019-08-23,5.158365406120591,6.744247578458425,173.88,849.15996,-0.027952,-0.024044,0.0,0.0,-0.02795169946332737,-0.024043812063258552,0.0,-0.003907887400068817,147968.0,38833.0,14187223.323673,27340930.982804,VCR,IYC,Consumer Discretionary
2019-08-26,5.167525076298014,6.753822022183446,175.48,857.32924,0.009202,0.00962,0.0,0.0,0.009201748332183115,0.009620425343653745,0.0,-0.00041867701147062925,60738.0,14724.0,13810383.348172998,27501944.602280002,VCR,IYC,Consumer Discretionary
2019-08-27,5.161867490720011,6.753531263132525,174.49001,857.08,-0.005642,-0.000291,0.0,0.0,-0.005641611579667054,-0.00029071678460424377,0.0,-0.005350894795062811,56786.0,17891.0,14003544.871066,27375975.03628,VCR,IYC,Consumer Discretionary
2019-08-28,5.17394391170828,6.763515325263393,176.61,865.68,0.01215,0.010034,0.0,0.0,0.012149635386002755,0.010034069165072105,0.0,0.00211556622093065,65918.0,15127.0,14058336.391066,26680379.32028,VCR,IYC,Consumer Discretionary
2019-08-29,5.189060380611087,6.776735016543733,179.3,877.2,0.015231,0.013308,0.0,0.0,0.015231300605854708,0.013307457721097865,0.0,0.0019238428847568427,44884.0,14347.0,13693134.823565999,25297507.252168003,VCR,IYC,Consumer Discretionary
2019-08-30,5.183579745156571,6.773446441368418,178.32001,874.32,-0.005466,-0.003283,-22290001.25,-43716000.0,-0.012629225736751357,-0.014482239198266189,21425998.75,0.0018530134615148321,282907.0,36696.0,15151643.6870195,25071532.216168,VCR,IYC,Consumer Discretionary
2019-09-03,5.178012403504388,6.7666063752205545,177.33,868.36,-0.005552,-0.006817,0.0,0.0,-0.005551872725893172,-0.006816726141458505,0.0,0.0012648534155653328,55365.0,31722.0,14675188.5583925,22044858.060168,VCR,IYC,Consumer Discretionary
2019-09-04,5.18772094520601,6.777828763829274,179.06,878.15996,0.009756,0.011286,0.0,0.0,0.009755822477866126,0.011285595835828457,0.0,-0.0015297733579623315,31110.0,41955.0,13309375.4608925,22547049.416258,VCR,IYC,Consumer Discretionary
2019-09-05,5.207954926467646,6.791041716235674,182.72,889.84004,0.02044,0.013301,0.0,0.0,0.020440075952194794,0.013300629192886453,0.0,0.007139446759308341,57100.0,27661.0,13033702.875486,22252807.015580002,VCR,IYC,Consumer Discretionary
2019-09-06,5.209923215785442,6.793735154686281,183.08,892.24,0.00197,0.002697,0.0,0.0,0.001970227670753065,0.0026970690147860733,0.0,-0.0007268413440330085,86586.0,13209.0,13408201.502791999,20384502.49958,VCR,IYC,Consumer Discretionary
2019-09-09,5.215044447354215,6.7970024285622035,184.02,895.15996,0.005134,0.003273,0.0,0.0,0.005134367489622023,0.0032726172330314715,0.0,0.0018617502565905519,68429.0,17242.0,13729934.529636499,19801255.105096,VCR,IYC,Consumer Discretionary
2019-09-10,5.212813942934096,6.793735154686281,183.61,892.24,-0.002228,-0.003262,0.0,0.0,-0.0022280186936202585,-0.003261942144954741,0.0,0.0010339234513344823,92522.0,20112.0,14284163.127526501,20089595.808508,VCR,IYC,Consumer Discretionary
2019-09-11,5.217703608356185,6.796018969970778,184.50999,894.28004,0.004902,0.002286,0.0,0.0,0.004901639344262156,0.0022864251770823994,0.0,0.002615214167179757,28736.0,20349.0,14128668.840158502,20036657.661206,VCR,IYC,Consumer Discretionary
2019-09-12,5.222138019809219,6.799457119336968,185.33,897.36,0.004444,0.003444,0.0,0.0,0.004444258004675116,0.0034440665812020136,0.0,0.0010001914234731022,69942.0,138972.0,13868233.2411585,25478281.989205997,VCR,IYC,Consumer Discretionary
2019-09-13,5.220409823620377,6.799947326347832,185.00999,897.8,-0.001727,0.00049,0.0,0.0,-0.0017267037176929016,0.0004903271819559597,0.0,-0.0022170308996488615,24865.0,55191.0,13662292.423726002,27001074.155787997,VCR,IYC,Consumer Discretionary
2019-09-16,5.2088302000465,6.789061829024392,182.88,888.08,-0.011513,-0.010826,0.0,0.0,-0.011512837766219948,-0.010826464691468033,0.0,-0.0006863730747519153,38818.0,13812.0,13442929.915726,26387101.467348002,VCR,IYC,Consumer Discretionary
2019-09-17,5.213412859457593,6.794676162530236,183.72,893.08,0.004593,0.00563,0.0,0.0,0.004593175853018373,0.005630123412305198,0.0,-0.001036947559286825,24163.0,21808.0,13191635.997226002,26827909.811348,VCR,IYC,Consumer Discretionary
2019-09-18,5.2110150381452405,6.79346613258001,183.28,892.0,-0.002395,-0.001209,0.0,0.0,-0.0023949488351839754,-0.0012092981591794688,0.0,-0.0011856506760045066,49825.0,15483.0,13343954.554546002,27088191.809348,VCR,IYC,Consumer Discretionary
2019-09-19,5.208009653516503,6.787467910099393,182.73,886.6656,-0.003001,-0.00598,0.0,0.0,-0.0030008729812309037,-0.005980269058295964,0.0,0.0029793960770650605,26429.0,14163.0,12199239.833546001,26389114.315088,VCR,IYC,Consumer Discretionary
2019-09-20,5.196450740144466,6.776643813114421,180.63,877.12,-0.011492,-0.010766,0.0,0.0,-0.01149236578558529,-0.010765727236965098,0.0,-0.0007266385486201926,43426.0,18626.0,12194775.352546,25988473.227087997,VCR,IYC,Consumer Discretionary
2019-09-23,5.199656634908657,6.778056532377791,181.21001,878.36,0.003211,0.001414,0.0,0.0,0.003211039140785018,0.0014137176213060926,0.0,0.0017973215194789253,44344.0,16324.0,11310120.394718,25056619.222754,VCR,IYC,Consumer Discretionary
2019-09-24,5.1872740677547124,6.765689330422003,178.98,867.56404,-0.012306,-0.009463,0.0,0.0,-0.012306218624456772,-0.012291042397194772,0.0,-1.5176227261999575e-05,80211.0,67623.0,11495013.421718,27358817.590112,VCR,IYC,Consumer Discretionary
2019-09-25,5.196893591747352,6.772531025705811,180.71001,873.52,0.009666,0.006865,0.0,0.0,0.009665940328528315,0.006865153147656973,0.0,0.002800787180871342,28431.0,12952.0,11256472.2510405,27157808.228112,VCR,IYC,Consumer Discretionary
2019-09-26,5.187832633372765,6.764531350843801,179.08,866.56,-0.00576,-0.007968,0.0,0.0,-0.009020031596478788,-0.007967762615624265,0.0,-0.001052268980854523,59229.0,11177.0,11204719.8180405,26987328.216112,VCR,IYC,Consumer Discretionary
2019-09-27,5.184196311398948,6.760553731243085,178.42999,863.12,-0.00363,-0.00397,0.0,0.0,-0.003629718561536731,-0.0039697193500737304,0.0,0.0003400007885369996,84055.0,45755.0,11552231.398513,28332671.576111995,VCR,IYC,Consumer Discretionary
2019-09-30,5.193623295433371,6.767987336588979,180.12,869.56,0.009472,0.007461,-31521000.0,-43478000.0,-0.0007819403211951796,-0.003987120720599264,11957000.0,0.003205180399404084,29775.0,25137.0,9297986.0950595,27821375.726112,VCR,IYC,Consumer Discretionary
2019-10-01,5.185708422165383,6.760739134390386,178.7,863.28004,-0.007884,-0.007222,0.0,0.0,-0.007883633133466577,-0.0072219973319839915,0.0,-0.0006616358014825859,48339.0,122468.0,9239001.2875595,31730278.927047998,VCR,IYC,Consumer Discretionary
2019-10-02,5.1680947794980625,6.746036029654927,175.58,850.68,-0.017459,-0.014596,0.0,0.0,-0.017459429210968103,-0.014595541905498012,0.0,-0.002863887305470091,87292.0,98551.0,9726809.9255595,34079887.104958,VCR,IYC,Consumer Discretionary
2019-10-03,5.1720169104318625,6.7478681773029425,176.27,852.24,0.00393,0.001834,0.0,0.0,0.003929832554960702,0.001833827056002257,0.0,0.0020960054989584446,153700.0,50543.0,10559779.2755595,35002932.15363599,VCR,IYC,Consumer Discretionary
2019-10-04,5.1810529463873864,6.759704357744028,177.87,862.3872,0.009077,0.011907,0.0,0.0,0.00907698417200885,0.011906505209800057,0.0,-0.0028295210377912074,38309.0,15537.0,10107872.1230595,35083597.741956,VCR,IYC,Consumer Discretionary
2019-10-07,5.1765451910929645,6.758633267515057,177.07001,861.464,-0.004498,-0.001071,0.0,0.0,-0.004497610614493744,-0.0010705168165760003,0.0,-0.003427093797917744,45286.0,20588.0,9879196.517702501,35198671.38204,VCR,IYC,Consumer Discretionary
2019-10-08,5.165871099247731,6.748149748471915,175.19,852.48,-0.010617,-0.010429,0.0,0.0,-0.010617325881440893,-0.010428758485554948,0.0,-0.00018856739588594441,59742.0,57928.0,9553108.345702501,36770557.91004,VCR,IYC,Consumer Discretionary
2019-10-09,5.1747928236886525,6.754743949848305,176.75999,858.12,0.008962,0.006616,0.0,0.0,0.008961641646212536,0.006615990990990991,0.0,0.002345650655221545,45454.0,16591.0,9689726.8213435,36572526.129342,VCR,IYC,Consumer Discretionary
2019-10-10,5.180490579934594,6.7611096523229115,177.77,863.59996,0.005714,0.006386,0.0,0.0,0.005714019332089948,0.006386006619120869,0.0,-0.0006719872870309205,60584.0,18714.0,9580110.162343498,31145200.915914,VCR,IYC,Consumer Discretionary
2019-10-11,5.193123503669531,6.7713855764499655,180.03,872.52,0.012713,0.010329,0.0,0.0,0.012713056196208584,0.010328902747980673,0.0,0.0023841534482279114,79731.0,25275.0,10067795.088776,29770324.075913996,VCR,IYC,Consumer Discretionary
2019-10-14,5.193345719715372,6.770192915758133,180.07001,871.48,0.000222,-0.001192,0.0,0.0,0.00022224073765482287,-0.0011919497547334158,0.0,0.0014141904923882388,39076.0,12635.0,10064664.082314,29707573.517914005,VCR,IYC,Consumer Discretionary
2019-10-15,5.202962185731182,6.777418777254134,181.81,877.8,0.009663,0.007252,0.0,0.0,0.00966285279819778,0.007252031027677055,0.0,0.002410821770520725,69458.0,16364.0,10474110.713314,29451975.045914,VCR,IYC,Consumer Discretionary
2019-10-16,5.20751700222154,6.780694336344972,182.64,880.68,0.004565,0.003281,0.0,0.0,0.004565205434244541,0.0032809295967190706,0.0,0.00128427583752547,32886.0,481268.0,10317829.365314,49953588.357914,VCR,IYC,Consumer Discretionary
2019-10-17,5.211451433526375,6.785768374438094,183.36,885.15996,0.003942,0.005087,0.0,0.0,0.003942181340341655,0.005086932824635509,0.0,-0.0011447514842938536,23087.0,28117.0,10288022.422814,50570098.243039995,VCR,IYC,Consumer Discretionary
2019-10-18,5.207243202148642,6.780421782513903,182.59,880.44,-0.004199,-0.005332,0.0,0.0,-0.004199389179755672,-0.005332324340563258,0.0,0.0011329351608075867,60539.0,25166.0,10448511.304314,50861094.03903999,VCR,IYC,Consumer Discretionary
2019-10-21,5.211887638549649,6.783098674382582,183.44,882.8,0.004655,0.00268,0.0,0.0,0.004655238512514376,0.0026804779428467583,0.0,0.001974760569667618,31143.0,11153.0,10332376.066142,50636470.02704,VCR,IYC,Consumer Discretionary
2019-10-22,5.206366482984581,6.777874358127617,182.42999,878.2,-0.005506,-0.005211,0.0,0.0,-0.005505941997383328,-0.005210693248753965,0.0,-0.00029524874862936305,40092.0,14209.0,9980266.985096,48327023.063194,VCR,IYC,Consumer Discretionary
2019-10-23,5.202852119721443,6.775548677006267,181.78999,876.15996,-0.003508,-0.002323,0.0,0.0,-0.003508195116384099,-0.002322978820314279,0.0,-0.00118521629606982,29096.0,11896.0,9987846.7478325,48282471.455402,VCR,IYC,Consumer Discretionary
2019-10-24,5.204720717810452,6.776170288031152,182.13,876.70476,0.00187,0.000622,0.0,0.0,0.0018703450063449465,0.0006218042650568054,0.0,0.0012485407412881411,21897.0,21522.0,9656915.3123325,48741616.391637996,VCR,IYC,Consumer Discretionary
2019-10-25,5.206037590428741,6.781420783595988,182.37,881.32,0.001318,0.005264,0.0,0.0,0.0013177400757700543,0.0052643035723907786,0.0,-0.003946563496620724,500740.0,9613.0,13473016.361860001,47190620.069638,VCR,IYC,Consumer Discretionary
2019-10-28,5.20926760437128,6.786084696598561,182.96001,885.44,0.003235,0.004675,0.0,0.0,0.0032352360585622512,0.004674805972858894,0.0,-0.0014395699142966427,38273.0,20939.0,13554984.1349965,47024724.991638,VCR,IYC,Consumer Discretionary
2019-10-29,5.202852119721443,6.779421782430569,181.78999,879.56,-0.006395,-0.006641,0.0,0.0,-0.006394949366257662,-0.006640766172750271,0.0,0.00024581680649260907,26417.0,21831.0,13363192.478287999,42698599.712702,VCR,IYC,Consumer Discretionary
2019-10-30,5.2065310257238595,6.782872051514802,182.46001,882.59996,0.003686,0.003456,0.0,0.0,0.003685681483342375,0.0034562281140570286,0.0,0.00022945336928534635,45008.0,22994.0,13007464.016792001,39521556.652714,VCR,IYC,Consumer Discretionary
2019-10-31,5.200704482554243,6.779239902232267,181.39999,879.40004,-0.00581,-0.003626,-104304994.25,87940004.0,-0.03933015291628012,0.01927959850979737,-192244998.25,-0.058609751426077494,51107.0,37353.0,12116369.5312385,39010229.82142,VCR,IYC,Consumer Discretionary
2019-11-01,5.206750173022546,6.783959201168626,182.5,883.56,0.006064,0.00473,0.0,0.0,0.006064002539360657,0.0047304523661380465,0.0,0.00133355017322261,30674.0,24757.0,12055568.6897385,39433999.0711,VCR,IYC,Consumer Discretionary
2019-11-04,5.208556759340413,6.785361630768071,182.83,884.8,0.001808,0.001403,0.0,0.0,0.0018082191780821918,0.0014034134637150926,0.0,0.00040480571436709916,50634.0,16776.0,12117499.7770955,39289378.269499995,VCR,IYC,Consumer Discretionary
2019-11-05,5.210960475329785,6.787664627827973,183.27,886.84004,0.002407,0.002306,0.0,0.0,0.002406607230760816,0.0023056509945750454,0.0,0.00010095623618577073,34047.0,17924.0,11906179.4125955,37615041.241348,VCR,IYC,Consumer Discretionary
2019-11-06,5.211451433526375,6.786716950605081,183.36,886.0,0.000491,-0.000947,0.0,0.0,0.0004910787362907187,-0.0009472283186492121,0.0,0.0014383070549399309,53888.0,18658.0,11998502.1673225,37729737.195348,VCR,IYC,Consumer Discretionary
2019-11-07,5.20751700222154,6.785225997700521,182.64,884.68,-0.003927,-0.00149,0.0,0.0,-0.003926701570680628,-0.001489841986455982,0.0,-0.002436859584224646,41448.0,18481.0,11838504.419322502,37739155.266776,VCR,IYC,Consumer Discretionary
2019-11-08,5.208666199285025,6.787619477742156,182.85001,886.8,0.00115,0.002396,0.0,0.0,0.001149857643451586,0.0023963467016322286,0.0,-0.0012464890581806425,40199.0,11535.0,11488325.200422,37147970.016776,VCR,IYC,Consumer Discretionary
2019-11-11,5.2064213518435,6.787799930561958,182.44,886.96004,-0.002242,0.00018,0.0,0.0,-0.0022423296558747668,0.00018046910239061795,0.0,-0.002422798758265385,37311.0,10346.0,11476855.356884,37056236.955468,VCR,IYC,Consumer Discretionary
2019-11-12,5.205708534815374,6.787401592031146,182.31,886.6068,-0.000713,-0.000398,0.0,0.0,-0.0007125630344222758,-0.0003982592045522141,0.0,-0.0003143038298700617,27623.0,12709.0,11097244.864384,36901415.286528,VCR,IYC,Consumer Discretionary
2019-11-13,5.20202670622975,6.790142183885039,181.64,889.03996,-0.003675,0.002744,0.0,0.0,-0.003675058965498327,0.0027443507087922176,0.0,-0.0064194096742905445,40186.0,11987.0,11161899.164384,16242106.274554,VCR,IYC,Consumer Discretionary
2019-11-14,5.206311720752012,6.7951687182325715,182.42,893.52,0.004294,0.005039,0.0,0.0,0.0042942083241576745,0.005039188564707485,0.0,-0.0007449802405498102,37182.0,11507.0,11289374.570384,15511790.876788,VCR,IYC,Consumer Discretionary
2019-11-15,5.208994228587835,6.7939592845032095,182.91,892.44,0.002686,-0.001209,0.0,0.0,0.002686108979278588,-0.0012087026591457303,0.0,0.0038948116384243184,64304.0,43232.0,11324776.001884,16333031.528788,VCR,IYC,Consumer Discretionary
2019-11-18,5.212051166390628,6.799234173919489,183.47,897.15996,0.003062,0.005289,0.0,0.0,0.0030616150019135095,0.005288826139572288,0.0,-0.0022272111376587782,38808.0,42715.0,11395137.593884,17756847.493358,VCR,IYC,Consumer Discretionary
2019-11-19,5.203621942742515,6.794004104439124,181.92999,892.48,-0.008394,-0.005216,0.0,0.0,-0.008393797351065557,-0.005216416479397944,0.0,-0.0031773808716676127,76584.0,26821.0,11726084.753638001,18329790.607358,VCR,IYC,Consumer Discretionary
2019-11-20,5.19949095704741,6.790277151836428,181.17999,889.15996,-0.004122,-0.00372,0.0,0.0,-0.004122464910815419,-0.003720016134815346,0.0,-0.0004024487760000729,72056.0,20219.0,12114371.944158,18707546.924712002,VCR,IYC,Consumer Discretionary
2019-11-21,5.194511197822448,6.788566255387777,180.28,887.64,-0.004967,-0.001709,0.0,0.0,-0.004967380779742853,-0.0017094336996461245,0.0,-0.0032579470800967285,36840.0,59761.0,12247042.673658,20416437.634476,VCR,IYC,Consumer Discretionary
2019-11-22,5.2004289208709,6.79256886917302,181.35001,891.2,0.005935,0.004011,0.0,0.0,0.005935267361881505,0.004010634942093642,0.0,0.0019246324197878632,74378.0,482733.0,8355467.535847001,41503413.656476,VCR,IYC,Consumer Discretionary
2019-11-25,5.2106330904853255,6.79780647543427,183.21001,895.88,0.010256,0.005251,0.0,0.0,0.01025640969085141,0.005251346499102334,0.0,0.005005063191749076,86163.0,60813.0,8794642.317292001,43300459.770476,VCR,IYC,Consumer Discretionary
2019-11-26,5.218299658562006,6.8034164634331775,184.62,900.92,0.007696,0.005626,0.0,0.0,0.007696031455923191,0.00562575344912265,0.0,0.00207027800680054,48869.0,48263.0,9005634.7480005,44514431.150476,VCR,IYC,Consumer Discretionary
2019-11-27,5.2264990787575645,6.811200368822305,186.14,907.96004,0.008233,0.007814,0.0,0.0,0.008233127505145705,0.00781427873729077,0.0,0.00041884876785493533,49538.0,9190.0,9056076.9074965,43916913.614844,VCR,IYC,Consumer Discretionary
2019-11-29,5.2191659282425995,6.804880560058872,184.78,902.24,-0.007306,-0.0063,-22727940.0,-315784000.0,-0.014715838951949766,-0.08445606992705701,293056060.0,0.06974023097510725,23415.0,4284.0,8808867.62805,42467761.93813799,VCR,IYC,Consumer Discretionary
2019-12-02,5.211560502621754,6.7971365631885305,183.38,895.28004,-0.007577,-0.007714,0.0,0.0,-0.007576577551683082,-0.007714089377549211,0.0,0.00013751182586612884,139887.0,36611.0,9811591.28105,43012902.06936,VCR,IYC,Consumer Discretionary
2019-12-03,5.201365840471587,6.787930660713489,181.52,887.076,-0.010143,-0.009164,0.0,0.0,-0.010142872723306795,-0.009163657887424811,0.0,-0.0009792148358819842,51703.0,20499.0,9817976.99805,43179940.37556,VCR,IYC,Consumer Discretionary
2019-12-04,5.205982755345241,6.790457125751268,182.36,889.32,0.004628,0.00253,0.0,0.0,0.004627589246364037,0.002529659240020021,0.0,0.0020979300063440165,42042.0,31688.0,9889326.26955,43794192.939712,VCR,IYC,Consumer Discretionary
2019-12-05,5.2051599229435155,6.78987223832542,182.21001,888.8,-0.000823,-0.000585,0.0,0.0,-0.0008224939679752926,-0.0005847164125399181,0.0,-0.00023777755543537445,122661.0,24519.0,10512784.187380498,44057267.899712004,VCR,IYC,Consumer Discretionary
2019-12-06,5.213848209921586,6.796779069233409,183.8,894.96004,0.008726,0.006931,0.0,0.0,0.00872613968903231,0.006930738073807381,0.0,0.0017954016152249286,81487.0,11215.0,10883146.5813805,43741628.188142,VCR,IYC,Consumer Discretionary
2019-12-09,5.21444650751089,6.795302159055871,183.91,893.63924,0.000598,-0.001476,0.0,0.0,0.0005984766050054407,-0.0014758200824251326,0.0,0.002074296687430573,34491.0,11989.0,10832789.194281,43765858.33056,VCR,IYC,Consumer Discretionary
2019-12-10,5.2134672886316435,6.7904166445648935,183.73,889.284,-0.000979,-0.004874,0.0,0.0,-0.0009787396008917406,-0.004873599776124424,0.0,0.003894860175232683,35640.0,7794.0,10819845.112280998,43653587.876668,VCR,IYC,Consumer Discretionary
2019-12-11,5.216076465449993,6.792972243820889,184.21001,891.55956,0.002613,0.002559,0.0,0.0,0.0026125836825778353,0.0025588675833591967,0.0,5.371609921863861e-05,57371.0,7914.0,11096463.2799665,43442983.7035,VCR,IYC,Consumer Discretionary
2019-12-12,5.225155100919053,6.801859464521913,185.89,899.51836,0.00912,0.008927,0.0,0.0,0.009119971276262209,0.008926829296743787,0.0,0.00019314197951842207,49972.0,26318.0,11195958.7819665,44093813.813397996,VCR,IYC,Consumer Discretionary
2019-12-13,5.224724646244663,6.801772347441505,185.81,899.44,-0.00043,-8.7e-05,0.0,0.0,-0.0004303620420678896,-8.71132858255389e-05,0.0,-0.0003432487562423507,33618.0,18964.0,11169149.788966501,44432576.089398,VCR,IYC,Consumer Discretionary
2019-12-16,5.225424041027712,6.802750255684969,185.94,900.32,0.00473,0.003732,0.0,0.0,0.0006996394166083634,0.0009783865516321266,0.0,-0.0002787471350237632,133080.0,57802.0,11818302.3169665,45105492.617398,VCR,IYC,Consumer Discretionary
2019-12-17,5.230787709754438,6.807926987867174,186.94,904.9928,0.005378,0.00519,0.0,0.0,0.005378078950198989,0.00519015461169362,0.0,0.0001879243385053686,41064.0,22491.0,11846122.3369665,44207092.886068,VCR,IYC,Consumer Discretionary
2019-12-18,5.232337807614061,6.805722553416985,187.23,903.0,0.001551,-0.002202,0.0,0.0,0.0015512998823151813,-0.0022020064690017422,0.0,0.0037533063513169236,37090.0,14199.0,11496694.0542585,43651317.432068,VCR,IYC,Consumer Discretionary
2019-12-19,5.236175970010187,6.812741055378455,187.95,909.36,0.003846,0.007043,0.0,0.0,0.0038455375741067136,0.007043189368770764,0.0,-0.0031976517946640504,41223.0,12976.0,11231331.9287865,43342413.938506,VCR,IYC,Consumer Discretionary
2019-12-20,5.237080057076847,6.8171301073680715,188.12,913.36,0.000904,0.004399,0.0,0.0,0.0009044958765629156,0.004398697985396323,0.0,-0.003494202108833407,36860.0,10720.0,11245961.3287865,41179662.196506,VCR,IYC,Consumer Discretionary
2019-12-23,5.2367078849163455,6.814103678973599,188.05,910.59996,-0.000372,-0.003022,0.0,0.0,-0.0003721029130342335,-0.0030218533765437507,0.0,0.0026497504635095174,35413.0,11223.0,10904509.5090975,20180062.884060003,VCR,IYC,Consumer Discretionary
2019-12-24,5.239045008136176,6.816139865115982,188.49001,912.456,0.00234,0.002038,0.0,0.0,0.0023398564211647203,0.0020382605771254374,0.0,0.0003015958440392829,17147.0,5239.0,10276815.214589499,17695023.21126,VCR,IYC,Consumer Discretionary
2019-12-26,5.250072053920042,6.823895294770313,190.58,919.56,0.011088,0.007786,0.0,0.0,0.011088067744279785,0.007785580893763644,0.0,0.0033024868505161413,23326.0,5576.0,10047978.929589499,15777341.44126,VCR,IYC,Consumer Discretionary
2019-12-27,5.250187536809827,6.822850728347168,190.60201,918.59996,0.000115,-0.001044,0.0,0.0,0.00011548955819076766,-0.0010440210535473486,0.0,0.0011595106117381162,23289.0,9189.0,9808875.274133999,15782184.554502001,VCR,IYC,Consumer Discretionary
2019-12-30,5.243597207160055,6.816779647435653,189.35001,913.03996,-0.006569,-0.006053,0.0,0.0,-0.006568661054518785,-0.006052689137935516,0.0,-0.000515971916583269,47745.0,16009.0,10044569.9005065,16319767.582484001,VCR,IYC,Consumer Discretionary
2019-12-31,5.244283478055551,6.816648253535677,189.48,912.92,0.000687,-0.000131,0.0,-91292000.0,0.0006865064332449917,-0.02451842465187902,91292000.0,0.025204931085124012,30165.0,23000.0,9047729.2075065,15730770.705262002,VCR,IYC,Consumer Discretionary
2020-01-02,5.2560881323303,6.826501882053373,191.73,921.96004,0.011875,0.009902,0.0,0.0,0.011874604179860672,0.009902335363449153,0.0,0.0019722688164115192,73700.0,35289.0,9284997.8295065,16448314.55164,VCR,IYC,Consumer Discretionary
2020-01-03,5.248969546917698,6.820671128435485,190.37,916.59996,-0.007093,-0.005814,0.0,0.0,-0.007093308298127575,-0.005813787764597693,0.0,-0.0012795205335298819,52702.0,38436.0,9403302.860506501,16800797.746767998,VCR,IYC,Consumer Discretionary
2020-01-06,5.253006143838033,6.822415231815122,191.14,918.2,0.004045,0.001746,0.0,0.0,0.004044754950885118,0.0017456252125518312,0.0,0.0022991297383332873,45132.0,14395.0,8717126.282676,16372047.836767998,VCR,IYC,Consumer Discretionary
2020-01-07,5.251854492137696,6.821020227447476,190.92,916.92,-0.001151,-0.001394,0.0,0.0,-0.0011509888040179973,-0.0013940318013504684,0.0,0.00024304299733247112,141209.0,16203.0,9316241.866675999,16613041.732338,VCR,IYC,Consumer Discretionary
2020-01-08,5.255514244222727,6.824678015029799,191.62,920.28004,0.003666,0.003664,0.0,0.0,0.0036664571548292476,0.003664485451293461,0.0,1.9717035357868368e-06,48525.0,25001.0,9463997.901176,17227745.753922,VCR,IYC,Consumer Discretionary
2020-01-09,5.258900634184245,6.82918814877517,192.27,924.44,0.003392,0.00452,0.0,0.0,0.0033921302578018998,0.004520319706162485,0.0,-0.0011281894483605856,30918.0,18374.0,9433821.234175999,17730474.807122,VCR,IYC,Consumer Discretionary
2020-01-10,5.253947471080545,6.823764789060503,191.32001,919.44,-0.004941,-0.005409,0.0,0.0,-0.004940916419618264,-0.005408679849422353,0.0,0.0004677634298040894,60629.0,15291.0,9485382.654305,18080642.54123,VCR,IYC,Consumer Discretionary
2020-01-13,5.259784416831253,6.8278458957538355,192.44,923.2,0.005854,0.004089,0.0,0.0,0.005854013911038388,0.004089445749586705,0.0,0.001764568161451683,43544.0,8647.0,9439898.268305,17296111.851306,VCR,IYC,Consumer Discretionary
2020-01-14,5.259524561828881,6.829812721116019,192.39,925.01756,-0.00026,0.001969,0.0,0.0,-0.00025982124298482646,0.0019687608318890814,0.0,-0.002228582074873908,85795.0,32672.0,9952875.241804998,17954371.529322,VCR,IYC,Consumer Discretionary
2020-01-15,5.257651609822021,6.8288419333391595,192.03,924.12,-0.001871,-0.00097,0.0,0.0,-0.0018711991267737408,-0.0009703167148524186,0.0,-0.0009008824119213222,44579.0,29091.0,9143655.750305,16696535.443322,VCR,IYC,Consumer Discretionary
2020-01-16,5.266413817535028,6.835614644196715,193.72,930.40004,0.008801,0.006796,0.0,0.0,0.00880070822267354,0.006795697528459508,0.0,0.0020050106942140324,32076.0,15691.0,9070518.678305,16408771.141463999,VCR,IYC,Consumer Discretionary
2020-01-17,5.26827044519574,6.837783356953004,194.08,932.42,0.001858,0.002171,0.0,0.0,0.001858352260995251,0.002171066114743503,0.0,-0.00031271385374825205,32702.0,20205.0,9040640.851305,16709663.596463999,VCR,IYC,Consumer Discretionary
2020-01-21,5.267961246533138,6.8346252899854125,194.02,929.48,-0.000309,-0.003153,0.0,0.0,-0.00030915086562242374,-0.0031530855194011284,0.0,0.0028439346537787046,43365.0,12960.0,9073931.573804999,16721973.868464002,VCR,IYC,Consumer Discretionary
2020-01-22,5.268373541694799,6.833340736763692,194.10001,928.2868,0.000412,-0.001284,0.0,0.0,0.00041238016699307546,-0.0012837285363859361,0.0,0.0016961087033790117,88050.0,14753.0,9581751.70783,16917163.666484002,VCR,IYC,Consumer Discretionary
2020-01-23,5.270020767392923,6.835270603953041,194.42,930.08,0.001649,0.001932,0.0,0.0,0.001648583119599033,0.0019317305815401017,0.0,-0.0002831474619410686,31833.0,23662.0,9558229.56833,17506558.14693,VCR,IYC,Consumer Discretionary
2020-01-24,5.257078618531439,6.822123313802797,191.92,917.932,-0.012859,-0.013061,0.0,0.0,-0.012858759386894352,-0.013061242043695166,0.0,0.00020248265680081375,50173.0,28537.0,9878087.7662565,18577291.57193,VCR,IYC,Consumer Discretionary
2020-01-27,5.241747015059643,6.808766421131159,189.0,905.7528,-0.015215,-0.013268,0.0,0.0,-0.015214672780325135,-0.013268085217641393,0.0,-0.0019465875626837412,139885.0,23267.0,10977727.5622565,19374625.76381,VCR,IYC,Consumer Discretionary
2020-01-28,5.2526921885217615,6.816823499976432,191.08,913.08,0.011005,0.00809,0.0,0.0,0.011005291005291006,0.008089624453824487,0.0,0.002915666551466519,40482.0,19772.0,11142546.079712,19855245.900188,VCR,IYC,Consumer Discretionary
2020-01-29,5.2522211230138245,6.811596739422416,190.99001,908.32,-0.000471,-0.005213,0.0,0.0,-0.0004709545740002844,-0.005213124808341,0.0,0.004742170234340715,35757.0,17872.0,11031981.757718,19936077.816206,VCR,IYC,Consumer Discretionary
2020-01-30,5.253999685896911,6.814806309325754,191.33,911.24,0.00178,0.003215,0.0,0.0,0.0017801454641526763,0.0032147260877223886,0.0,-0.0014345806235697123,49420.0,26790.0,11218974.977718,20106825.796206,VCR,IYC,Consumer Discretionary
2020-01-31,5.256244537977609,6.808641876084778,191.75999,905.64,0.002247,-0.006145,-13806719.28,0.0,-0.0021645737051897204,-0.006145472103946271,-13806719.28,0.00398089839875655,73170.0,23267.0,11214003.851133,19533649.697628,VCR,IYC,Consumer Discretionary
2020-02-03,5.267961246533138,6.815420667779341,194.02,911.8,0.011786,0.006802,0.0,0.0,0.011785618053067324,0.006801819707610088,0.0,0.004983798345457236,85190.0,8909.0,11538788.054133,18178289.2045,VCR,IYC,Consumer Discretionary
2020-02-04,5.287660786359508,6.8315651406240905,197.88,926.64,0.019895,0.016276,0.0,0.0,0.019894856200391713,0.016275499012941435,0.0,0.0036193571874502777,172284.0,26298.0,12812039.426133001,18735853.6905,VCR,IYC,Consumer Discretionary
2020-02-05,5.288166015491662,6.837504430859981,197.98,932.15996,0.000505,0.005957,0.0,0.0,0.000505356781888013,0.005956962790296123,0.0,-0.0054516060084081105,50746.0,20503.0,11966392.966133,18948614.735494003,VCR,IYC,Consumer Discretionary
2020-02-06,5.285789165340417,6.837260709081753,197.50999,931.9328,-0.002374,-0.000244,0.0,0.0,-0.0023740276795636396,-0.00024369208048798834,0.0,-0.002130335599075651,34541.0,14919.0,11842584.5693625,18493393.943652,VCR,IYC,Consumer Discretionary
2020-02-07,5.280945800825593,6.83294552217362,196.55569,927.92,-0.004832,-0.004306,0.0,0.0,-0.004831654338091903,-0.004305889866737173,0.0,-0.0005257644713547302,30996.0,21745.0,11849976.384724502,18652991.935652,VCR,IYC,Consumer Discretionary
2020-02-10,5.292349594768245,6.835958437184971,198.81,930.71996,0.011469,0.003017,0.0,0.0,0.011469065077688658,0.003017458401586344,0.0,0.008451606676102313,62862.0,26202.0,11894879.05141,19169370.303248,VCR,IYC,Consumer Discretionary
2020-02-11,5.300514950091524,6.846402291972164,200.44,940.4912,0.008199,0.010499,0.0,0.0,0.00819878275740657,0.010498582194369185,0.0,-0.0022997994369626153,43847.0,17281.0,11915333.317410002,19582856.204608,VCR,IYC,Consumer Discretionary
2020-02-12,5.310394098373692,6.857006257503842,202.42999,950.5172,0.009928,0.01066,0.0,0.0,0.009928108162043458,0.010660386827649212,0.0,-0.0007322786656057539,40719.0,11369.0,11502165.6530505,18612069.020932,VCR,IYC,Consumer Discretionary
2020-02-13,5.310888023721889,6.856882990695921,202.53,950.40004,0.000494,-0.000123,0.0,0.0,0.0004940473494071179,-0.0001232592108801398,0.0,0.0006173065602872576,34155.0,9993.0,11420010.9920505,17742757.654918,VCR,IYC,Consumer Discretionary
2020-02-14,5.3087131427301575,6.854270110508485,202.09,947.92,-0.002173,-0.002609,0.0,0.0,-0.0021725176517059202,-0.0026094695871435357,0.0,0.0004369519354376155,34395.0,11536.0,11456867.1335505,17559572.559536003,VCR,IYC,Consumer Discretionary
2020-02-18,5.312022964284755,6.85764023755029,202.75999,951.12,0.003315,0.003376,0.0,0.0,0.0033153050621009977,0.003375812304835851,0.0,-6.050724273485349e-05,40861.0,36562.0,11553775.72312,18356337.726536,VCR,IYC,Consumer Discretionary
2020-02-19,5.318708056195771,6.861459999996834,204.12,954.76,0.006707,0.003827,0.0,0.0,0.006707487014573287,0.003827067036756666,0.0,0.002880419977816621,41486.0,39499.0,11556497.97412,19639637.948536,VCR,IYC,Consumer Discretionary
2020-02-20,5.320372406238189,6.860723250386215,204.46001,954.05684,0.001666,-0.000737,0.0,0.0,0.0016657358416618136,-0.000736478277263396,0.0,0.0024022141189252097,80271.0,29672.0,11522583.1532305,20370325.91834,VCR,IYC,Consumer Discretionary
2020-02-21,5.305044736962225,6.849599332477757,201.35001,943.5028,-0.015211,-0.011062,0.0,0.0,-0.015210798434373547,-0.011062275912198272,0.0,-0.004148522522175275,55059.0,10168.0,11767441.070260001,19749625.09386,VCR,IYC,Consumer Discretionary
2020-02-24,5.267187831351116,6.8173490551061215,193.87,913.56,-0.037149,-0.031736,0.0,0.0,-0.037149290432118724,-0.03173578287208051,0.0,-0.005413507560038215,147111.0,84153.0,12712001.440760002,22283814.553659998,VCR,IYC,Consumer Discretionary
2020-02-25,5.237611491430642,6.787775532321886,188.22,886.9384,-0.029143,-0.029141,0.0,0.0,-0.029143240315675452,-0.029140505276062875,0.0,-2.7350396125773446e-06,170840.0,42816.0,12997863.430760002,23128864.7605,VCR,IYC,Consumer Discretionary
2020-02-26,5.2271434934051175,6.776871806093225,186.25999,877.32,-0.010413,-0.010845,0.0,0.0,-0.010413399213686161,-0.010844496077743392,0.0,0.0004310968640572309,164951.0,39513.0,14147286.9832845,23959471.1305,VCR,IYC,Consumer Discretionary
2020-02-27,5.183187059294405,6.738199839446736,178.25,844.03996,-0.043004,-0.037934,0.0,0.0,-0.04300435106863257,-0.03793375279259563,0.0,-0.005070598276036939,238388.0,65344.0,15930458.543906,25905443.735812,VCR,IYC,Consumer Discretionary
2020-02-28,5.177448324067048,6.725753623014456,177.23,833.59996,-0.005722,-0.012369,97476500.0,0.0,0.027859911535187312,-0.012369082620211488,97476500.0,0.0402289941553988,1208829.0,75987.0,26169720.297406,27851975.763838,VCR,IYC,Consumer Discretionary
2020-03-02,5.208337898220924,6.758373211229981,182.78999,861.24,0.031372,0.033157,0.0,0.0,0.03137160751565757,0.03315743921100956,0.0,-0.0017858316953519929,154415.0,34271.0,26879442.1892835,28274177.271838,VCR,IYC,Consumer Discretionary
2020-03-03,5.185148724433438,6.735209780431019,178.60001,841.52,-0.022922,-0.022897,0.0,0.0,-0.022922371186737206,-0.022897217964794946,0.0,-2.515322194225969e-05,178299.0,33935.0,27645224.158433,29295865.021838002,VCR,IYC,Consumer Discretionary
2020-03-04,5.217812051888386,6.767297140318573,184.53,868.96004,0.033203,0.032608,0.0,0.0,0.0332026297198975,0.032607709858351555,0.0,0.000594919861545945,103611.0,37045.0,26896613.153933,29686957.319928,VCR,IYC,Consumer Discretionary
2020-03-05,5.177391898619156,6.729585093310658,177.22,836.8,-0.039614,-0.03701,0.0,0.0,-0.039614154879965315,-0.03700980312052094,0.0,-0.0026043517594443732,102669.0,71981.0,27304028.508933,31743038.576934,VCR,IYC,Consumer Discretionary
2020-03-06,5.160950054755124,6.721763041475238,174.33,830.28004,-0.016307,-0.007792,0.0,0.0,-0.016307414513034645,-0.007791539196940727,0.0,-0.008515875316093918,148508.0,46785.0,28257388.862703502,32990095.888343997,VCR,IYC,Consumer Discretionary
2020-03-09,5.089631300322754,6.655646197905458,162.33,777.15996,-0.068835,-0.063979,0.0,0.0,-0.06883496816382723,-0.06397851019036903,0.0,-0.0048564579734581975,589725.0,195605.0,32739269.8168415,39582033.567134,VCR,IYC,Consumer Discretionary
2020-03-10,5.135209969819733,6.703531661583336,169.89999,815.28004,0.048888,0.049051,0.0,0.0,0.04663333949362404,0.04905049405787709,0.0,-0.0024171545642530518,180260.0,98601.0,33645698.7157115,42382068.70874,VCR,IYC,Consumer Discretionary
2020-03-11,5.077982367555866,6.645403014442647,160.45,769.24,-0.055621,-0.056471,0.0,0.0,-0.05562089791765139,-0.056471442622341154,0.0,0.0008505447046897666,121082.0,68526.0,34177644.4267115,44205084.29938,VCR,IYC,Consumer Discretionary
2020-03-12,4.969118544400616,6.537734473896579,143.89999,690.71996,-0.103147,-0.102075,0.0,0.0,-0.10314746026799632,-0.10207482710207477,0.0,-0.0010726331659215438,215435.0,166998.0,35315561.8058535,49432205.391044,VCR,IYC,Consumer Discretionary
2020-03-13,5.024472450884278,6.612847107718497,152.09,744.59996,0.056915,0.078006,0.0,0.0,0.05691459742283519,0.07800556393360922,0.0,-0.02109096651077403,153877.0,83277.0,36139848.844853505,52057740.55450399,VCR,IYC,Consumer Discretionary
2020-03-16,4.884845288037956,6.494449573567098,132.27,661.46004,-0.130318,-0.111657,0.0,0.0,-0.13031757511999473,-0.11165716420398411,0.0,-0.018660410916010617,232627.0,165781.0,37330783.2318535,56993855.643066004,VCR,IYC,Consumer Discretionary
2020-03-17,4.910593939916029,6.51666633681848,135.72,676.32,0.026083,0.022465,0.0,0.0,0.02608301202086641,0.022465393374329914,0.0,0.003617618646536494,280928.0,88393.0,38822911.842284,58244210.859065995,VCR,IYC,Consumer Discretionary
2020-03-18,4.845288841508263,6.458588972922667,127.14,638.15996,-0.063218,-0.056423,0.0,0.0,-0.06321839080459771,-0.05642305417553821,0.0,-0.006795336629059498,293151.0,104259.0,40263066.633284,59685303.56054799,VCR,IYC,Consumer Discretionary
2020-03-19,4.885676574690777,6.492724566004272,132.38,660.32,0.041215,0.034725,0.0,0.0,0.04121440931256882,0.03472489875422457,0.0,0.00648951055834425,333068.0,78534.0,41647033.252148494,60862743.376724005,VCR,IYC,Consumer Discretionary
2020-03-20,4.858493705803434,6.456832385158782,128.83,637.03996,-0.026817,-0.035256,0.0,0.0,-0.026816739688774738,-0.03525569420886843,0.0,0.008438954520093689,131028.0,89887.0,41936743.604118995,63246147.09742999,VCR,IYC,Consumer Discretionary
2020-03-23,4.867303654593497,6.45632993567563,129.97,636.71996,0.008849,-0.000502,0.0,0.0,0.008848870604672824,-0.000502323276549245,0.0,0.009351193881222068,295952.0,74138.0,42433967.197619006,61762463.58315401,VCR,IYC,Consumer Discretionary
2020-03-24,4.955404433096837,6.543048220949825,141.94,694.40004,0.092098,0.090589,0.0,0.0,0.09209817650226976,0.09058940134372417,0.0,0.0015087751585455833,237129.0,58458.0,42509096.470619,61893367.733349994,VCR,IYC,Consumer Discretionary
2020-03-25,4.9732449048776965,6.552450881130184,144.495,700.96004,0.018001,0.012268,0.0,0.0,0.01800056361843032,0.009447004064112668,0.0,0.008553559554317653,160738.0,72157.0,42134199.75559451,62689049.155664004,VCR,IYC,Consumer Discretionary
2020-03-26,5.0145609120987285,6.596163009106727,150.59,732.28004,0.042181,0.044682,0.0,0.0,0.04218139035952801,0.0446815769983122,0.0,-0.0025001866387841867,165483.0,87525.0,41255570.9540945,63136042.323402,VCR,IYC,Consumer Discretionary
2020-03-27,4.98065713927204,6.558481450523715,145.57001,705.2,-0.033336,-0.03698,0.0,0.0,-0.03333548044358849,-0.036980442618646275,0.0,0.0036449621750577824,310576.0,45794.0,32804060.341882505,61583600.755375996,VCR,IYC,Consumer Discretionary
2020-03-30,4.996536302103499,6.578195098963437,147.89999,719.24,0.016006,0.019909,0.0,0.0,0.01600590671114182,0.01990924560408395,0.0,-0.003903338892942129,629828.0,35026.0,36050362.271676004,61367427.965376,VCR,IYC,Consumer Discretionary
2020-03-31,4.979144695804332,6.5633476401748885,145.35001,708.64,-0.017241,-0.014738,-363375025.0,-177160000.0,-0.16318973561883318,-0.07631666759357099,-186215025.0,-0.08687306802526219,172286.0,26376.0,35710240.7036695,60874133.337376,VCR,IYC,Consumer Discretionary
2020-04-01,4.930220294908611,6.5209745260781,138.41,679.24,-0.047747,-0.041488,0.0,0.0,-0.04774688353994606,-0.041487920523820276,0.0,-0.006258963016125781,144999.0,34160.0,35757739.3916695,60424744.02328601,VCR,IYC,Consumer Discretionary
2020-04-02,4.92978677851338,6.528250272543504,138.35001,684.2,-0.000433,0.007302,0.0,0.0,-0.00043342244057514623,0.007302279017725693,0.0,-0.007735701458300839,165066.0,56318.0,35989833.5202025,59339697.763285995,VCR,IYC,Consumer Discretionary
2020-04-03,4.914491433543353,6.509782036632268,136.25,671.68,-0.015179,-0.018299,0.0,0.0,-0.01517896529244916,-0.0182987430575855,0.0,0.003119777765136342,143488.0,20774.0,35672875.5382025,58095139.195716,VCR,IYC,Consumer Discretionary
2020-04-06,4.995860008514102,6.583741117282953,147.8,723.24,0.084771,0.076763,0.0,0.0,0.08477064220183499,0.07676274416388756,0.0,0.008007898037947422,154236.0,158632.0,32026176.6157025,56230770.880926,VCR,IYC,Consumer Discretionary
2020-04-07,5.013497793233628,6.593428077018819,150.42999,730.28004,0.017794,0.009734,0.0,0.0,0.017794248985114832,0.00973403019744483,0.0,0.008060218787670001,257020.0,61377.0,32428043.807322502,54452519.420478,VCR,IYC,Consumer Discretionary
2020-04-08,5.047481395216918,6.620926175981794,155.63,750.64,0.034568,0.02788,0.0,0.0,0.03456764173154576,0.027879661068102038,0.0,0.00668798066344372,127338.0,123865.0,32447544.1093225,56465773.58847799,VCR,IYC,Consumer Discretionary
2020-04-09,5.067267706658821,6.637048363171951,158.74001,762.84004,0.019983,0.016253,0.0,0.0,0.019983357964402818,0.01625285090056485,0.0,0.003730507063837967,80369.0,83095.0,31535378.185224496,53867740.650663994,VCR,IYC,Consumer Discretionary
2020-04-13,5.073860390569156,6.635736612390252,159.78999,761.84004,0.006615,-0.001311,0.0,0.0,0.0066144634865525,-0.0013108908127056362,0.0,0.007925354299258136,146350.0,37166.0,31534483.790549498,52183065.453549996,VCR,IYC,Consumer Discretionary
2020-04-14,5.11331221212488,6.6723873636601745,166.22,790.28004,0.04024,0.037331,0.0,0.0,0.040240380514449066,0.03733067114718728,0.0,0.002909709367261787,104244.0,118772.0,30862377.010049503,51393347.154532,VCR,IYC,Consumer Discretionary
2020-04-15,5.0935048332833,6.650692934464302,162.96001,773.32,-0.019613,-0.021461,0.0,0.0,-0.019612501504030738,-0.02146079761801905,0.0,0.0018482961139883111,75771.0,18339.0,29573381.747934997,49113345.240531996,VCR,IYC,Consumer Discretionary
2020-04-16,5.108306321269702,6.660421488866709,165.39,780.88,0.014912,0.009776,0.0,0.0,0.01491157247719848,0.009776030621217607,0.0,0.005135541855980873,81102.0,40187.0,28380493.829934996,47355710.50505,VCR,IYC,Consumer Discretionary
2020-04-17,5.135563174083982,6.684561776420384,169.96001,799.96004,0.027632,0.024434,0.0,0.0,0.0276317189672895,0.024434023153365434,0.0,0.0031976958139240674,105607.0,25374.0,27073365.0767385,45777741.263798006,VCR,IYC,Consumer Discretionary
2020-04-20,5.11954942816622,6.667770710471901,167.25999,786.64,-0.015886,-0.016651,0.0,0.0,-0.015886207584949078,-0.01665088171154149,0.0,0.0007646741265924135,169044.0,148021.0,27643063.1022165,48736622.691571996,VCR,IYC,Consumer Discretionary
2020-04-21,5.090801071119526,6.644102184329717,162.52,768.24,-0.028339,-0.023391,0.0,0.0,-0.028339054665733207,-0.023390623410963082,0.0,-0.004948431254770125,108098.0,26482.0,26598223.378216498,47393592.055848,VCR,IYC,Consumer Discretionary
2020-04-22,5.112469599977524,6.658421744577686,166.08,779.32,0.021905,0.014423,0.0,0.0,0.021904996308146688,0.014422576278246382,0.0,0.007482420029900306,50875.0,17341.0,25337784.8652165,46039639.58493201,VCR,IYC,Consumer Discretionary
2020-04-23,5.115055307620571,6.659960364226798,166.50999,780.52,0.002589,0.00154,0.0,0.0,0.0025890534682080284,0.0015398039316327054,0.0,0.001049249536575323,106745.0,45088.0,25065198.443843998,45270285.192618,VCR,IYC,Consumer Discretionary
2020-04-24,5.132616969781292,6.675873611285823,169.46001,793.03996,0.017717,0.016041,0.0,0.0,0.017716774831348085,0.01604053707784554,0.0,0.0016762377535025456,59483.0,29031.0,24323193.6840855,43216781.821506,VCR,IYC,Consumer Discretionary
2020-04-27,5.1545624629028985,6.69614501290825,173.22,809.28004,0.022188,0.020478,0.0,0.0,0.022188066671304865,0.020478261902464538,0.0,0.001709804768840327,200633.0,35650.0,23800348.525797497,43044627.052806,VCR,IYC,Consumer Discretionary
2020-04-28,5.1556587328104575,6.698416008644324,173.41,811.12,0.001097,0.002274,0.0,0.0,0.0010968710310587692,0.002273576400080249,0.0,-0.00117670536902148,75633.0,39123.0,19798546.707211502,43371694.42880599,VCR,IYC,Consumer Discretionary
2020-04-29,5.184140321485637,6.7226297948554485,178.42,831.0,0.028891,0.024509,0.0,0.0,0.028891067412490628,0.024509320445803333,0.0,0.004381746966687295,73400.0,35292.0,19201259.5160685,43903522.596806,VCR,IYC,Consumer Discretionary
2020-04-30,5.177391898619156,6.708181759180359,177.22,819.08,-0.006726,-0.014344,53343220.0,122862000.0,0.014132086702421658,0.025082069795427195,-69518780.0,-0.010949983093005537,73453.0,37391.0,18848660.9695685,44274691.690806,VCR,IYC,Consumer Discretionary
2020-05-01,5.133501683883748,6.679900647937808,169.61,796.24,-0.042941,-0.027885,0.0,0.0,-0.04294097731632999,-0.027884944083605995,0.0,-0.015056033232723993,88893.0,32598.0,18460673.918535497,43645844.486806,VCR,IYC,Consumer Discretionary
2020-05-04,5.142072887919801,6.683511122223894,171.07001,799.12,0.008608,0.003617,0.0,0.0,0.00860804197865688,0.0036169998995277805,0.0,0.004991042079129099,104986.0,18416.0,18381159.7220285,43684000.166806,VCR,IYC,Consumer Discretionary
2020-05-05,5.146447475410351,6.684011547595895,171.82001,799.52,0.004384,0.000501,0.0,0.0,0.004384169966436548,0.0005005506056662329,0.0,0.003883619360770315,44111.0,18815.0,17620313.305084,38699698.222806,VCR,IYC,Consumer Discretionary
2020-05-06,5.152597712198631,6.681983326445829,172.88,797.90004,0.006169,-0.002026,0.0,0.0,0.006169188326784561,-0.002026165699419652,0.0,0.008195354026204213,40256.0,52108.0,16035110.367594,38537427.086268,VCR,IYC,Consumer Discretionary
2020-05-07,5.165243012322694,6.697774664848044,175.08,810.59996,0.012726,0.015917,0.0,0.0,0.012725590004627488,0.015916680490453416,0.0,-0.0031910904858259287,71696.0,46407.0,15671856.504594002,35769401.523453996,VCR,IYC,Consumer Discretionary
2020-05-08,5.1891161515042725,6.716788410946376,179.31,826.15996,0.02416,0.019196,0.0,0.0,0.024160383824537356,0.01919565848485855,0.0,0.004964725339678806,65892.0,30379.0,15624722.4374095,33854887.538506,VCR,IYC,Consumer Discretionary
2020-05-11,5.186994612015992,6.713004753568833,178.92999,823.03996,-0.002119,-0.003777,0.0,0.0,-0.002119290614020375,-0.003776508365280738,0.0,0.0016572177512603628,67749.0,22942.0,15061575.580209997,33383269.33029,VCR,IYC,Consumer Discretionary
2020-05-12,5.163928520701262,6.692034163113819,174.85001,805.96004,-0.022802,-0.020752,0.0,0.0,-0.022802102654787007,-0.020752236622873087,0.0,-0.0020498660319139203,48500.0,19263.0,14619214.970460001,29466372.697272003,VCR,IYC,Consumer Discretionary
2020-05-13,5.145807065563436,6.672437926736219,171.71001,790.32,-0.017958,-0.019405,0.0,0.0,-0.01795824890144397,-0.01940547821700937,0.0,0.001447229315565398,70058.0,38331.0,14603315.8186035,30271964.719272,VCR,IYC,Consumer Discretionary
2020-05-14,5.159859573400469,6.682860144541467,174.14,798.59996,0.014152,0.010477,0.0,0.0,0.014151708453106336,0.010476718291325033,0.0,0.003674990161781303,105439.0,42090.0,14850700.202603498,30383557.107092,VCR,IYC,Consumer Discretionary
2020-05-15,5.172980875236739,6.698169405599993,176.44,810.92,0.013208,0.015427,0.0,0.0,0.013207763868152061,0.015427048105537095,0.0,-0.0022192842373850337,106622.0,28238.0,14893871.147799999,30513585.752344,VCR,IYC,Consumer Discretionary
2020-05-18,5.207681246288592,6.735114709841034,182.67,841.44,0.035309,0.037636,0.0,0.0,0.035309453638630695,0.03763626498298229,0.0,-0.002326811344351594,86369.0,203357.0,14269007.521822,33247259.484343998,VCR,IYC,Consumer Discretionary
2020-05-19,5.2064213518435,6.727479579993205,182.44,835.03996,-0.001259,-0.007606,0.0,0.0,-0.0012591011112935895,-0.007606056284464727,0.0,0.006346955173171138,61008.0,33842.0,13947118.149822,33643004.01666,VCR,IYC,Consumer Discretionary
2020-05-20,5.220355825078324,6.743305074007146,185.0,848.36,0.014032,0.015951,0.0,0.0,0.014032010524007894,0.015951380338732533,0.0,-0.001919369814724639,134460.0,29664.0,14768407.149822,34225582.162659995,VCR,IYC,Consumer Discretionary
2020-05-21,5.224616949793868,6.743870758665981,185.78999,848.84004,0.00427,0.000566,0.0,0.0,0.004270216216216076,0.0005658446885756047,0.0,0.003704371527640471,118226.0,27933.0,14977962.073581498,33651510.316525996,VCR,IYC,Consumer Discretionary
2020-05-22,5.224401683597868,6.742786291719,185.75,847.92,-0.000215,-0.001084,0.0,0.0,-0.00021524302789388138,-0.0010838791252118598,0.0,0.0008686360973179784,252090.0,12791.0,16815248.45984,33042660.398588,VCR,IYC,Consumer Discretionary
2020-05-26,5.238885835840266,6.757443886317597,188.46001,860.44,0.01459,0.014766,0.0,0.0,0.014589555854643478,0.014765543919237664,0.0,-0.0001759880645941861,73785.0,238276.0,15772842.138732502,41851228.799288005,VCR,IYC,Consumer Discretionary
2020-05-27,5.255879483850069,6.774635230315516,191.69,875.36,0.017139,0.01734,0.0,0.0,0.017138861448643527,0.017339965598995862,0.0,-0.0002011041503523353,62221.0,37054.0,15713423.3867325,41886335.88328801,VCR,IYC,Consumer Discretionary
2020-05-28,5.243174567050828,6.764485190251091,189.27,866.52,-0.012625,-0.010099,0.0,0.0,-0.01262455005477594,-0.010098702248217876,0.0,-0.0025258478065580646,119245.0,23817.0,16187097.044232499,41451848.625288,VCR,IYC,Consumer Discretionary
2020-05-29,5.247655451745809,6.769779740037806,190.12,871.12,0.004491,0.005309,256662000.0,304892000.0,0.09714982287962369,0.09552859241268048,-48230000.0,0.0016212304669432076,88334.0,34573.0,16375933.015232498,41426399.199287996,VCR,IYC,Consumer Discretionary
2020-06-01,5.2623273769826096,6.779012403089411,192.92999,879.2,0.01478,0.009275,0.0,0.0,0.014780086261308679,0.009275415556984112,0.0,0.005504670704324567,144429.0,22878.0,17015310.205018003,41134324.503288,VCR,IYC,Consumer Discretionary
2020-06-02,5.272178708938342,6.785361630768071,194.84,884.8,0.0099,0.006369,0.0,0.0,0.009900016062821513,0.006369426751592357,0.0,0.003530589311229156,51695.0,20229.0,16620925.091525,41293425.76728801,VCR,IYC,Consumer Discretionary
2020-06-03,5.294459936220732,6.802084048390759,199.23,899.7204,0.022531,0.016863,0.0,0.0,0.022531307739683842,0.016863019891500904,0.0,0.005668287848182938,74517.0,27143.0,16984268.5639695,41762332.868148,VCR,IYC,Consumer Discretionary
2020-06-04,5.291645156779972,6.800659926030594,198.67,898.44,-0.002811,-0.001423,0.0,0.0,-0.0028108216634041058,-0.0014231087791273822,0.0,-0.0013877128842767236,58545.0,30800.0,17217852.4574695,41067081.703932,VCR,IYC,Consumer Discretionary
2020-06-05,5.316402784990566,6.820103697105084,203.64999,916.08,0.025067,0.019634,0.0,0.0,0.02506664317712793,0.019634032322692667,0.0,0.005432610854435263,132696.0,22317.0,17941402.6271215,40208413.954746,VCR,IYC,Consumer Discretionary
2020-06-08,5.334697510640787,6.837890599009151,207.41,932.52,0.018463,0.017946,0.0,0.0,0.018463099359837896,0.017946030914330627,0.0,0.000517068445507269,115783.0,92875.0,18551375.5026215,43283908.033504,VCR,IYC,Consumer Discretionary
2020-06-09,5.3248619217701485,6.823808292856216,205.38,919.48,-0.009787,-0.013984,0.0,0.0,-0.009787377657779277,-0.013983614292454854,0.0,0.004196236634675577,100643.0,78449.0,18978762.074996002,45946413.221388,VCR,IYC,Consumer Discretionary
2020-06-10,5.3171391207886245,6.810274745663584,203.8,907.12,-0.007693,-0.013442,0.0,0.0,-0.007693056772811374,-0.013442380475921173,0.0,0.0057493237031097984,71602.0,50909.0,19284375.180746,47479181.412862,VCR,IYC,Consumer Discretionary
2020-06-11,5.25801612183073,6.757071914397188,192.10001,860.12,-0.057409,-0.051812,0.0,0.0,-0.05740917566241416,-0.05181232912955287,0.0,-0.005596846532861285,141634.0,80631.0,20043286.827533998,49432110.402862005,VCR,IYC,Consumer Discretionary
2020-06-12,5.269866450374021,6.768263300163538,194.39,869.8,0.011921,0.011254,0.0,0.0,0.011920821867734447,0.011254243593917128,0.0,0.0006665782738173188,76176.0,33218.0,19865622.086534,49196107.607042,VCR,IYC,Consumer Discretionary
2020-06-15,5.282949889416915,6.77408673409553,196.95,874.88,0.013169,0.0074,0.0,0.0,0.01316940171819538,0.005840423085766843,0.0,0.007328978632428537,74517.0,22648.0,19658808.960034,49041883.771042004,VCR,IYC,Consumer Discretionary
2020-06-16,5.302309387817574,6.7936903226941645,200.8,892.2,0.019548,0.019797,0.0,0.0,0.019548108657019548,0.019797000731528895,0.0,-0.00024889207450934717,115899.0,34611.0,20033583.658533998,42030244.777042,VCR,IYC,Consumer Discretionary
2020-06-17,5.300839184091546,6.790637022311231,200.505,889.48,-0.001469,-0.003049,0.0,0.0,-0.0014691235059760956,-0.003048643801838153,0.0,0.0015795202958620573,53026.0,26675.0,20008667.589034,41803617.610726,VCR,IYC,Consumer Discretionary
2020-06-18,5.296816240421769,6.789106868997376,199.7,888.12,-0.004015,-0.001529,0.0,0.0,-0.00401486247225755,-0.0015289832261546072,0.0,-0.0024858792461029426,45467.0,15782.0,19218900.584034003,41246145.550726004,VCR,IYC,Consumer Discretionary
2020-06-19,5.28978103552575,6.781556933724406,198.3,881.44,-0.00701,-0.007522,0.0,0.0,-0.007010515773660491,-0.007521506102778904,0.0,0.0005109903291184133,47147.0,22990.0,18588102.721147,41073828.38886,VCR,IYC,Consumer Discretionary
2020-06-22,5.297917286526697,6.787619477742156,199.92,886.8,0.010929,0.006081,0.0,0.0,0.008169440242057489,0.006080958431657288,0.0,0.0020884818104002006,43027.0,87714.0,16676914.738147002,44420779.91286,VCR,IYC,Consumer Discretionary
2020-06-23,5.307698178820638,6.792075030917456,201.88499,890.76,0.009829,0.004466,0.0,0.0,0.00982888155262093,0.0044654939106901215,0.0,0.005363387641930808,54432.0,19029.0,16531088.835038502,35017183.44286,VCR,IYC,Consumer Discretionary
2020-06-24,5.280051557741144,6.767020817863888,196.38,868.71996,-0.027268,-0.024743,0.0,0.0,-0.027267950925920627,-0.02474296106695406,0.0,-0.0025249898589665663,121273.0,43137.0,17125511.2475385,35269102.616586,VCR,IYC,Consumer Discretionary
2020-06-25,5.282594406082801,6.76881504491222,196.88,870.28004,0.002546,0.001796,0.0,0.0,0.0025460841226194113,0.0017958376367914926,0.0,0.0007502464858279187,70551.0,13124.0,16691540.234038502,34808285.036834,VCR,IYC,Consumer Discretionary
2020-06-26,5.260407793474816,6.746882100375493,192.56,851.40004,-0.021942,-0.021694,0.0,0.0,-0.021942299878098336,-0.021694166397289775,0.0,-0.0002481334808085607,98183.0,77655.0,16797143.1540385,36608196.954144,VCR,IYC,Consumer Discretionary
2020-06-29,5.281577991699727,6.76646817413776,196.67999,868.24,0.021396,0.019779,0.0,0.0,0.021395876609887857,0.019779139310352863,0.0,0.001616737299534994,47468.0,28680.0,15870709.166018998,36847536.234144,VCR,IYC,Consumer Discretionary
2020-06-30,5.298317366548036,6.775457410967504,200.0,876.08,0.01688,0.00903,-115000000.0,0.0,-0.01969816352093852,0.009029761356307012,-115000000.0,-0.02872792487724553,61779.0,38568.0,15984886.476019,37642037.946144,VCR,IYC,Consumer Discretionary
2020-07-01,5.309850651788359,6.78734880511904,202.32001,886.56,0.0116,0.011962,0.0,0.0,0.01160004999999997,0.011962377865035156,0.0,-0.00036232786503518667,109364.0,137937.0,16348911.659201,42535453.741284,VCR,IYC,Consumer Discretionary
2020-07-02,5.316402784990566,6.785858794684211,203.64999,885.24,0.006574,-0.001489,0.0,0.0,0.006573645384853492,-0.001488900920411478,0.0,0.00806254630526497,73604.0,37658.0,16516827.594899002,42818674.537284,VCR,IYC,Consumer Discretionary
2020-07-06,5.345487171024427,6.8049692243316615,209.66,902.32,0.029512,0.019294,0.0,0.0,0.029511467199188145,0.01929420270209209,0.0,0.010217264497096055,73476.0,36800.0,15935899.549247,43456735.469284,VCR,IYC,Consumer Discretionary
2020-07-07,5.330445680299558,6.794944859352274,206.53,893.32,-0.014929,-0.009974,0.0,0.0,-0.014928932557474005,-0.009974288500753613,0.0,-0.004954644056720392,87241.0,11652.0,15636066.134247,39646793.951284006,VCR,IYC,Consumer Discretionary
2020-07-08,5.341712048867226,6.801105087605533,208.87,898.84004,0.01133,0.006179,0.0,0.0,0.011330073112864958,0.0061792414812161375,0.0,0.005150831631648821,44376.0,16398.0,15066003.923247,36777138.574080005,VCR,IYC,Consumer Discretionary
2020-07-09,5.339843113376535,6.800526352264283,208.48,898.32,-0.001867,-0.000579,0.0,0.0,-0.0018671901182553742,-0.0005785679062539315,0.0,-0.0012886222120014426,71045.0,41701.0,15076952.623247001,36341152.08608,VCR,IYC,Consumer Discretionary
2020-07-10,5.357670592247549,6.81783057145415,212.23,914.0,0.017987,0.017455,0.0,0.0,0.017987336914811972,0.017454804524000358,0.0,0.0005325323908116145,66948.0,18792.0,14426976.68443,33732329.70008,VCR,IYC,Consumer Discretionary
2020-07-13,5.340226769625247,6.8049692243316615,208.56,902.32,-0.017293,-0.012779,0.0,0.0,-0.017292559958535552,-0.012778993435448577,0.0,-0.004513566523086975,616876.0,27570.0,20119366.98043,33531527.00008,VCR,IYC,Consumer Discretionary
2020-07-14,5.3507199978937505,6.816253836719643,210.75999,912.56,0.010549,0.011349,0.0,0.0,0.010548475258918178,0.011348523805301889,0.0,-0.0008000485463837102,83287.0,26771.0,20263239.1872865,33762320.07608,VCR,IYC,Consumer Discretionary
2020-07-15,5.368636072061826,6.836860600205589,214.57001,931.56,0.018078,0.020821,0.0,0.0,0.018077529800604085,0.02082054878583326,0.0,-0.002743018985229176,89488.0,38342.0,20059685.2800305,34004217.04208,VCR,IYC,Consumer Discretionary
2020-07-16,5.365134586353663,6.8331179359671514,213.82001,928.08,-0.003495,-0.003736,0.0,0.0,-0.0034953626557597682,-0.0037356692000515266,0.0,0.0002403065442917584,68755.0,19150.0,20263146.112908,33706509.692080006,VCR,IYC,Consumer Discretionary
2020-07-17,5.358894975494678,6.828686963101359,212.49001,923.9768,-0.00622,-0.004421,0.0,0.0,-0.006220184911599102,-0.0044211705887423495,0.0,-0.0017990143228567524,55492.0,9972.0,20398732.899653997,33466389.032560002,VCR,IYC,Consumer Discretionary
2020-07-20,5.380312014100664,6.833074792203958,217.09,928.03996,0.021648,0.004397,0.0,0.0,0.021648029476773873,0.004397469720018944,0.0,0.017250559756754928,58225.0,36537.0,20563273.657154,34148563.553486004,VCR,IYC,Consumer Discretionary
2020-07-21,5.381048764145501,6.837547383938641,217.25,932.2,0.000737,0.004483,0.0,0.0,0.0007370215118153761,0.004482608701461519,0.0,-0.003745587189646143,59868.0,13562.0,20783491.915154,30891449.613486,VCR,IYC,Consumer Discretionary
2020-07-22,5.389208706736104,6.845241416173264,219.03,939.40004,0.008193,0.007724,0.0,0.0,0.008193325661680092,0.0077237073589358505,0.0,0.0004696183027442418,77788.0,25730.0,21085937.00837,31252474.162945997,VCR,IYC,Consumer Discretionary
2020-07-23,5.372543188900008,6.834108738813838,215.41,929.0,-0.016527,-0.011071,0.0,0.0,-0.016527416335661783,-0.011070938425763746,0.0,-0.005456477909898037,90760.0,23135.0,20872688.001369998,30453396.267219998,VCR,IYC,Consumer Discretionary
2020-07-24,5.368636072061826,6.835012571353605,214.57001,929.84004,-0.0039,0.000904,0.0,0.0,-0.0038994939882085614,0.0009042411194833153,0.0,-0.004803735107691877,73098.0,33350.0,20962415.886919,31432826.771672,VCR,IYC,Consumer Discretionary
2020-07-27,5.382428709166689,6.839262282536836,217.55,933.8,0.013888,0.004259,0.0,0.0,0.01388819434738343,0.004258754011066248,0.0,0.009629440336317182,87049.0,23679.0,20963985.460419,29232625.776362002,VCR,IYC,Consumer Discretionary
2020-07-28,5.370591561931847,6.831737792558221,214.99001,926.8,-0.011767,-0.007496,0.0,0.0,-0.011767363824408069,-0.0074962518740629685,0.0,-0.0042711119503451005,129629.0,11912.0,21890632.1724675,28539571.696362,VCR,IYC,Consumer Discretionary
2020-07-29,5.385916071027105,6.84110252442736,218.31,935.52,0.015443,0.009409,0.0,0.0,0.015442531492509699,0.009408718170047476,0.0,0.006033813322462223,44190.0,9271.0,21755198.1174675,27283799.320362,VCR,IYC,Consumer Discretionary
2020-07-30,5.384770254278235,6.8399902248474405,218.06,934.48,-0.001145,-0.001112,0.0,0.0,-0.0011451605515093216,-0.001111681204036258,0.0,-3.3479347473063664e-05,49711.0,16360.0,21190870.8717855,21933732.624362,VCR,IYC,Consumer Discretionary
2020-07-31,5.3864198147695825,6.8414017784321155,218.42,935.8,0.001651,0.001413,136512500.0,46790000.0,0.04227595914965566,0.013193874416473206,89722500.0,0.029082084733182453,55328.0,19664.0,21045635.2665875,21186992.788362,VCR,IYC,Consumer Discretionary
2020-08-03,5.3899389335952606,6.844985816137804,219.19,939.15996,0.003525,0.003591,0.0,0.0,0.0035253181943045507,0.0035904680487283606,0.0,-6.514985442380994e-05,87992.0,167273.0,21239734.6825875,27381529.187816,VCR,IYC,Consumer Discretionary
2020-08-04,5.397166730590206,6.858060705958284,220.78,951.52,0.007254,0.013161,0.0,0.0,0.007253980564806788,0.013160739944662887,0.0,-0.005906759379856099,48163.0,166956.0,20870511.8530875,34804179.611816004,VCR,IYC,Consumer Discretionary
2020-08-05,5.4125385106380595,6.864806065201104,224.2,957.96004,0.015491,0.006768,0.0,0.0,0.01549053356282272,0.006768160417016983,0.0,0.008722373145805738,47233.0,13203.0,20936553.027087502,34699617.983426,VCR,IYC,Consumer Discretionary
2020-08-06,5.416278119745056,6.873991648829328,225.03999,966.8,0.003747,0.009228,0.0,0.0,0.003746610169491419,0.009227900570883938,0.0,-0.005481290401392519,86269.0,11439.0,21166678.691952996,33379537.127426,VCR,IYC,Consumer Discretionary
2020-08-07,5.415744783424001,6.8741157619379,224.92,966.92,-0.000533,0.000124,0.0,0.0,-0.000533194122520074,0.00012412081092263137,0.0,-0.0006573149334427054,54106.0,11319.0,21064736.065953,33067971.101425998,VCR,IYC,Consumer Discretionary
2020-08-10,5.422744944923089,6.881986087088174,226.5,974.56,0.007025,0.007901,0.0,0.0,0.007024719900409034,0.007901377570016134,0.0,-0.0008766576696071001,82435.0,14450.0,15565529.512953002,32528242.581426002,VCR,IYC,Consumer Discretionary
2020-08-11,5.418719192400332,6.879458638678992,225.59,972.09996,-0.004018,-0.002524,0.0,0.0,-0.004017660044150111,-0.002524257100640289,0.0,-0.001493402943509822,95922.0,12750.0,15769803.347596502,31926449.117926,VCR,IYC,Consumer Discretionary
2020-08-12,5.437992348620519,6.889674767193473,229.98,982.08196,0.01946,0.010269,0.0,0.0,0.01946008245046323,0.010268491318526543,0.0,0.009191591131936686,78212.0,8704.0,15709091.082852501,30567957.510918003,VCR,IYC,Consumer Discretionary
2020-08-13,5.442028024214336,6.889039221155486,230.91,981.458,0.004044,-0.000635,0.0,0.0,0.004043829898252022,-0.0006353441213806636,0.0,0.004679174019632686,66857.0,24653.0,15745928.836975003,30889115.114618003,VCR,IYC,Consumer Discretionary
2020-08-14,5.443239883267646,6.8907816383271046,231.19,983.1696,0.001213,0.001744,0.0,0.0,0.0012125936512060976,0.0017439360624703247,0.0,-0.0005313424112642271,64145.0,9461.0,15897838.182729,30893508.661418002,VCR,IYC,Consumer Discretionary
2020-08-17,5.461201229449516,6.898186806811661,235.38,990.47716,0.018124,0.007433,0.0,0.0,0.0181236212638955,0.007432654549123569,0.0,0.010690966714771929,86646.0,23155.0,16285571.694229001,30344843.792482,VCR,IYC,Consumer Discretionary
2020-08-18,5.4689879806011295,6.899401281310901,237.22,991.6808,0.007817,0.001215,0.0,0.0,0.007817146741439374,0.001215212272032603,0.0,0.006601934469406771,92595.0,21171.0,16733524.839228999,30762462.683322,VCR,IYC,Consumer Discretionary
2020-08-19,5.463535108473168,6.895682697747868,235.92999,988.0,-0.005438,-0.003712,0.0,0.0,-0.005438032206390667,-0.0037116781932250782,0.0,-0.001726354013165589,91102.0,266687.0,16956314.254678,42728262.331861995,VCR,IYC,Consumer Discretionary
2020-08-20,5.46653999896249,6.893331758316413,236.64,985.68,0.003009,-0.002348,0.0,0.0,0.003009409698190527,-0.002348178137651822,0.0,0.005357587835842349,80092.0,31985.0,16926432.218678,43229990.321862,VCR,IYC,Consumer Discretionary
2020-08-21,5.472438684766904,6.896277662421685,238.03999,988.588,0.005916,0.00295,0.0,0.0,0.005916117308992462,0.0029502475448421393,0.0,0.0029658697641503228,63127.0,17343.0,16893537.8115655,42536736.139362,VCR,IYC,Consumer Discretionary
2020-08-24,5.483759050678235,6.9093939356506455,240.75,1001.64,0.011385,0.013203,0.0,0.0,0.011384683724780967,0.013202668856996039,0.0,-0.0018179851322150716,92644.0,11952.0,17061864.4640655,42029743.693362005,VCR,IYC,Consumer Discretionary
2020-08-25,5.486786653928226,6.910657064726581,241.48,1002.906,0.003032,0.001264,0.0,0.0,0.003032191069574247,0.001263927159458488,0.0,0.001768263910115759,237667.0,9610.0,18538008.821751,41959637.946362,VCR,IYC,Consumer Discretionary
2020-08-26,5.500073876845295,6.923283686763227,244.71001,1015.6496,0.013376,0.012707,0.0,0.0,0.013375890342885638,0.012706674404181448,0.0,0.0006692159387041898,121354.0,9719.0,19540479.804428,42019532.57348199,VCR,IYC,Consumer Discretionary
2020-08-27,5.498765309930058,6.925004020435331,244.39,1017.39836,-0.001308,0.001722,0.0,0.0,-0.0013077111148825655,0.0017218142950088298,0.0,-0.003029525409891395,104560.0,20217.0,20276151.691428,42283565.065688,VCR,IYC,Consumer Discretionary
2020-08-28,5.503989171950207,6.93250564600225,245.67,1025.0592,0.005238,0.00753,0.0,0.0,0.005237530177175826,0.007529833250370091,0.0,-0.0022923030731942648,73270.0,9241.0,20571926.648428,41837115.109047994,VCR,IYC,Consumer Discretionary
2020-08-31,5.508173023535311,6.925948769174101,246.7,1018.36,0.004193,-0.006535,86345000.0,254590000.0,0.026111382287461425,0.05122414075614955,-168245000.0,-0.025112758468688122,123144.0,13118.0,21126559.564427998,34650252.233594,VCR,IYC,Consumer Discretionary
2020-09-01,5.519539072299548,6.937857661612429,249.52,1030.56004,0.011431,0.01198,0.0,0.0,0.011430887717875962,0.011980085627872266,0.0,-0.0005491979099963035,114462.0,464639.0,22022916.119428,50649072.898872,VCR,IYC,Consumer Discretionary
2020-09-02,5.52505441351586,6.949664720417612,250.89999,1042.80004,0.005531,0.011877,0.0,0.0,0.005530578711125384,0.011877037266067487,0.0,-0.006346458554942104,123080.0,23071.0,23037472.727888,51219597.56460801,VCR,IYC,Consumer Discretionary
2020-09-03,5.485750835228167,6.9228803167272055,241.23,1015.24,-0.038541,-0.026429,0.0,0.0,-0.03854121317422135,-0.026428882760687274,0.0,-0.012112330413534076,243452.0,25421.0,25003170.281022497,51957057.106608,VCR,IYC,Consumer Discretionary
2020-09-04,5.47512370075678,6.914022757243454,238.67999,1006.28716,-0.010571,-0.008818,0.0,0.0,-0.010570865978526692,-0.008818446869705685,0.0,-0.0017524191088210076,176675.0,53602.0,26503133.566685,54106778.950124,VCR,IYC,Consumer Discretionary
2020-09-08,5.444579873526289,6.9008917386852495,231.5,993.15996,-0.030082,-0.013045,0.0,0.0,-0.030082077680663576,-0.013045182848204086,0.0,-0.01703689483245949,184491.0,31655.0,27705040.516684998,54974583.276814006,VCR,IYC,Consumer Discretionary
2020-09-09,5.468369376017518,6.91278258089675,237.0733,1005.03996,0.024075,0.011962,0.0,0.0,0.02407473002159827,0.011961819322639629,0.0,0.012112910698958642,129469.0,16677.0,28157770.471569996,55192922.12296001,VCR,IYC,Consumer Discretionary
2020-09-10,5.458052424669195,6.900247163491815,234.64,992.52,-0.010264,-0.012457,0.0,0.0,-0.010263914156507714,-0.01245717632958594,0.0,0.0021932621730782267,137363.0,35932.0,28869953.39957,56548681.48596801,VCR,IYC,Consumer Discretionary
2020-09-11,5.439599934794124,6.898447334154878,230.35001,990.73524,-0.002115,-0.001798,0.0,0.0,-0.01828328503239007,-0.001798210615403216,0.0,-0.016485074416986854,95933.0,7776.0,29202964.281536497,55724085.143580005,VCR,IYC,Consumer Discretionary
2020-09-14,5.459500404139426,6.909833118777103,234.98,1002.08,0.0201,0.011451,0.0,0.0,0.020099803772528624,0.011450849371220508,0.0,0.008648954401308116,126351.0,21958.0,29945978.0530365,56359180.3963,VCR,IYC,Consumer Discretionary
2020-09-15,5.471556132733606,6.918457802115273,237.83,1010.76,0.012129,0.008662,0.0,0.0,0.01212869180355775,0.008661983075203576,0.0,0.0034667087283541745,166684.0,23639.0,30908364.065036498,56407123.24631001,VCR,IYC,Consumer Discretionary
2020-09-16,5.464975218875384,6.919100636333206,236.27,1011.40996,-0.006559,0.000643,0.0,0.0,-0.006559307068073834,0.0006430408801298033,0.0,-0.007202347948203638,141699.0,9229.0,31484055.9065365,55824094.661512,VCR,IYC,Consumer Discretionary
2020-09-17,5.448373962754716,6.904790849399369,232.38,997.03996,-0.016464,-0.014208,0.0,0.0,-0.016464214669657595,-0.01420788855984768,0.0,-0.002256326109809914,646568.0,28705.0,37921844.8010875,44080758.46410201,VCR,IYC,Consumer Discretionary
2020-09-18,5.43920906181635,6.894460088317274,230.25999,986.7928,-0.009123,-0.010278,0.0,0.0,-0.00912303124193142,-0.010277582053983072,0.0,0.0011545508120516523,102569.0,11995.0,38155073.10280301,43096238.705902,VCR,IYC,Consumer Discretionary
2020-09-21,5.427677571853744,6.881534499339055,227.62,974.12,-0.011465,-0.012842,0.0,0.0,-0.011465257164303607,-0.012842412307831999,0.0,0.001377155143528392,208478.0,32572.0,39776423.6983665,43825436.453702,VCR,IYC,Consumer Discretionary
2020-09-22,5.445874930905651,6.897622959970128,231.8,989.91884,0.018364,0.016219,0.0,0.0,0.018363939899833055,0.016218576766722784,0.0,0.00214536313311027,73580.0,11899.0,39514013.7483665,43815808.60356,VCR,IYC,Consumer Discretionary
2020-09-23,5.41880784488266,6.87386752031478,225.61,966.68,-0.026704,-0.021667,0.0,0.0,-0.026704055220017255,-0.023475500274345723,0.0,-0.003228554945671532,543411.0,11359.0,42774370.1758665,43882938.17656,VCR,IYC,Consumer Discretionary
2020-09-24,5.418763563950144,6.872803935088067,225.60001,965.6524,-4.4e-05,-0.001063,0.0,0.0,-4.427995212980728e-05,-0.0010630198204162702,0.0,0.001018739868286463,79896.0,28670.0,42190770.1681375,44773645.96884,VCR,IYC,Consumer Discretionary
2020-09-25,5.4360337399118706,6.886409060962539,229.53,978.88,0.01742,0.013698,0.0,0.0,0.017420167667545786,0.013698096747856683,0.0,0.0037220709196891036,75174.0,19272.0,41775833.6591375,44688457.604634,VCR,IYC,Consumer Discretionary
2020-09-28,5.458947055053374,6.9058334334194384,234.85001,998.08,0.023178,0.019614,0.0,0.0,0.02317784167646928,0.019614253023864006,0.0,0.003563588652605275,65837.0,25173.0,41648912.619555995,45471062.393274,VCR,IYC,Consumer Discretionary
2020-09-29,5.450336877046335,6.898048358902163,232.83659,990.34004,-0.008573,-0.007755,0.0,0.0,-0.008573216581936651,-0.007754849310676499,0.0,-0.0008183672712601528,205219.0,8855.0,42519055.987716496,45241593.121984005,VCR,IYC,Consumer Discretionary
2020-09-30,5.4579671840775745,6.9078056777120995,234.62,1000.0504,0.007659,0.009805,-75313020.0,-400020160.0,-0.012081655196976472,-0.07896899602415215,324707140.0,0.06688734082717568,170359.0,18375.0,43089509.5047165,22218470.105706,VCR,IYC,Consumer Discretionary
2020-10-01,5.479137797215724,6.919881458779978,239.64,1012.2,0.021396,0.012149,0.0,0.0,0.021396300400647855,0.012148987691020373,0.0,0.009247312709627482,104706.0,56036.0,42800058.2582565,23851530.079563998,VCR,IYC,Consumer Discretionary
2020-10-02,5.4693251634417175,6.914134925691803,237.3,1006.40004,-0.009765,-0.00573,0.0,0.0,-0.009764646970455683,-0.005730053349140486,0.0,-0.004034593621315197,107758.0,22082.0,41142210.630256504,23672275.561728,VCR,IYC,Consumer Discretionary
2020-10-05,5.485419105047014,6.926145144093728,241.14999,1018.56,0.016224,0.012083,0.0,0.0,0.0162241466498104,0.012082630680340593,0.0,0.004141515969469808,79725.0,12541.0,39995055.4162315,21614013.392211996,VCR,IYC,Consumer Discretionary
2020-10-06,5.466962534766179,6.908714858438473,236.74001,1000.96004,-0.018287,-0.017279,0.0,0.0,-0.018287290826758843,-0.01727925699026076,0.0,-0.0010080338364980845,567034.0,16228.0,44571553.8327485,20854268.441978,VCR,IYC,Consumer Discretionary
2020-10-07,5.4909192327495475,6.928694475824654,242.48,1021.15996,0.024246,0.020181,0.0,0.0,0.024245965014532096,0.02018054586874417,0.0,0.004065419145787924,98847.0,10779.0,44235292.7068635,20566570.031774,VCR,IYC,Consumer Discretionary
2020-10-08,5.496963286261846,6.935435035368862,243.95,1028.0664,0.006062,0.006763,0.0,0.0,0.006062355658198615,0.0067633282448715335,0.0,-0.0007009725866729188,50520.0,26268.0,43239967.6908635,20133671.009533998,VCR,IYC,Consumer Discretionary
2020-10-09,5.508699840559633,6.9404245396991,246.83,1033.20876,0.011806,0.005002,0.0,0.0,0.011805697888911662,0.0050019726352306774,0.0,0.006803725253680984,80515.0,17011.0,43128735.187897004,20627268.85904,VCR,IYC,Consumer Discretionary
2020-10-12,5.5219008210906315,6.950375246579643,250.11,1043.54124,0.013289,0.01,0.0,0.0,0.013288498156626019,0.010000379787720731,0.0,0.003288118368905288,91243.0,16735.0,42785276.625397004,20400268.35961,VCR,IYC,Consumer Discretionary
2020-10-13,5.524057503813242,6.954104332731152,250.64999,1047.43996,0.002159,0.003736,0.0,0.0,0.002159010035584376,0.003736047844165699,0.0,-0.0015770378085813229,139028.0,9364.0,42545522.179882996,19696011.966881998,VCR,IYC,Consumer Discretionary
2020-10-14,5.515644032540681,6.943082615077304,248.55,1035.95876,-0.008378,-0.010961,0.0,0.0,-0.00837817707473281,-0.010961201060154321,0.0,0.0025830239854215103,48711.0,31107.0,41476916.995883,20840575.298205998,VCR,IYC,Consumer Discretionary
2020-10-15,5.519138222492601,6.94478123927254,249.42,1037.71996,0.0035,0.0017,0.0,0.0,0.003500301750150875,0.0017000676745085876,0.0,0.0018002340756422873,57236.0,16764.0,34678233.559883006,20279390.566088,VCR,IYC,Consumer Discretionary
2020-10-16,5.508294621330488,6.938206925238259,246.73,1030.92004,-0.010785,-0.006553,0.0,0.0,-0.010785021249298372,-0.006552750512768397,0.0,-0.004232270736529976,79147.0,9608.0,34473753.679667495,20182815.571504,VCR,IYC,Consumer Discretionary
2020-10-19,5.495527576886644,6.926655538482618,243.60001,1019.08,-0.012686,-0.011485,0.0,0.0,-0.012685891460300767,-0.011484925639819748,0.0,-0.00120096582048102,69464.0,10017.0,32947137.116399504,19106769.957504,VCR,IYC,Consumer Discretionary
2020-10-20,5.501054108084584,6.931237403129341,244.95,1023.76,0.005542,0.004592,0.0,0.0,0.0055418306427820275,0.004592377438473918,0.0,0.0009494532043081098,56403.0,12772.0,32785140.658899505,19171590.879646,VCR,IYC,Consumer Discretionary
2020-10-21,5.4932259977019715,6.927664606468002,243.03999,1020.10884,-0.007798,-0.003566,0.0,0.0,-0.007797550520514478,-0.003566421817613503,0.0,-0.004231128702900975,43710.0,10526.0,27186356.771544505,19159448.256138,VCR,IYC,Consumer Discretionary
2020-10-22,5.496881257892488,6.930470132217134,243.92999,1022.9748,0.003662,0.002809,0.0,0.0,0.003661948801100715,0.0028094649194491837,0.0,0.0008524838816515311,45735.0,18183.0,26842936.756229,18705223.080158,VCR,IYC,Consumer Discretionary
2020-10-23,5.504762268239195,6.937508198304072,245.86,1030.19996,0.007912,0.007063,0.0,0.0,0.007912147251758555,0.007062891480806649,0.0,0.0008492557709519058,44455.0,11711.0,26526687.660229,18365207.898736,VCR,IYC,Consumer Discretionary
2020-10-26,5.487283507451387,6.915326504780161,241.60001,1007.59996,-0.017327,-0.021938,0.0,0.0,-0.017326893353941303,-0.02193748871820951,0.0,0.004610595364268208,104709.0,26100.0,27018481.427165,18423892.454536,VCR,IYC,Consumer Discretionary
2020-10-27,5.488813751530001,6.911627771196011,241.97,1003.88,0.001531,-0.003692,0.0,0.0,0.0015314154995275386,-0.0036919016947956212,0.0,0.00522331719432316,69454.0,7884.0,25469646.0380045,18381148.897826,VCR,IYC,Consumer Discretionary
2020-10-28,5.457839309564922,6.881575520137734,234.59,974.15996,-0.0305,-0.029605,0.0,0.0,-0.03049964871678307,-0.029605171932900347,0.0,-0.0008944767838827243,233481.0,23545.0,26209779.998504497,18609182.405736,VCR,IYC,Consumer Discretionary
2020-10-29,5.463238408661824,6.893088241938734,235.86,985.44,0.005414,0.011579,0.0,0.0,0.005413700498742487,0.011579248237630296,0.0,-0.006165547738887809,95040.0,33307.0,26075999.4265045,17414302.949736,VCR,IYC,Consumer Discretionary
2020-10-30,5.434245883772281,6.877254874772566,229.12,969.96004,-0.028576,-0.015709,17184000.0,145494006.0,-0.024040866973891933,0.019868116401309085,-128310006.0,-0.04390898337520102,139185.0,27614.0,26391954.1165045,17642360.4928,VCR,IYC,Consumer Discretionary
2020-11-02,5.4440613806007425,6.881903995391704,231.38,974.48,0.009864,0.00466,0.0,0.0,0.009863826815642457,0.0046599445478186915,0.0,0.005203882267823766,95138.0,43652.0,26531321.490867,19130572.4928,VCR,IYC,Consumer Discretionary
2020-11-03,5.468271089348128,6.906834855522395,237.05,999.08,0.024505,0.025244,0.0,0.0,0.024505143054715187,0.025244232821607423,0.0,-0.0007390897668922355,126477.0,16906.0,21318408.39185,19162915.840344,VCR,IYC,Consumer Discretionary
2020-11-04,5.490465484159727,6.926459263775909,242.37,1018.88,0.022443,0.019818,0.0,0.0,0.022442522674541235,0.01981823277415222,0.0,0.0026242899003890152,107225.0,55973.0,21419393.52635,21464050.191902,VCR,IYC,Consumer Discretionary
2020-11-05,5.5154428455366835,6.946676755060778,248.5,1039.68884,0.025292,0.020423,0.0,0.0,0.025291909064653215,0.020423249057788945,0.0,0.00486866000686427,114273.0,20427.0,22223017.851350002,21175673.978876002,VCR,IYC,Consumer Discretionary
2020-11-06,5.509833581621267,6.948513233051846,247.11,1041.59996,-0.005594,0.001838,0.0,0.0,-0.005593561368209255,0.001838165349548236,0.0,-0.007431726717757491,64501.0,27194.0,22026284.084349997,21713141.73367,VCR,IYC,Consumer Discretionary
2020-11-09,5.500114699842648,6.956812112354081,244.72,1050.28004,-0.009672,0.008333,0.0,0.0,-0.00967180607826474,0.008333410458272291,0.0,-0.01800521653653703,156082.0,37564.0,22795064.099850003,22812594.572228003,VCR,IYC,Consumer Discretionary
2020-11-10,5.494007497747535,6.956240672904311,243.23,1049.68004,-0.006089,-0.000571,0.0,0.0,-0.006088591042824452,-0.0005712762093431767,0.0,-0.005517314833481276,106912.0,86252.0,22352906.047364,26849033.32346,VCR,IYC,Consumer Discretionary
2020-11-11,5.505819221872289,6.96277366459426,246.12,1056.56004,0.011882,0.006554,0.0,0.0,0.011881758006824816,0.006554378227483491,0.0,0.005327379779341325,72676.0,20714.0,22641900.950864,26332034.099522002,VCR,IYC,Consumer Discretionary
2020-11-12,5.492238059185343,6.952613915290364,242.8,1045.88,-0.013489,-0.010108,0.0,0.0,-0.013489354786283114,-0.010108313390311449,0.0,-0.0033810413959716647,121779.0,52447.0,23406507.854864,28204880.64705,VCR,IYC,Consumer Discretionary
2020-11-13,5.505859851633596,6.968812710652284,246.13,1062.95996,0.013715,0.016331,0.0,0.0,0.01371499176276771,0.01633070715569664,0.0,-0.00261571539292893,48211.0,29936.0,23023419.560864,29300665.127962004,VCR,IYC,Consumer Discretionary
2020-11-16,5.517934708085688,6.983864068165829,249.12,1079.07996,0.012148,0.015165,0.0,0.0,0.012148051842522245,0.015165199637435072,0.0,-0.003017147794912828,222488.0,32683.0,24948658.534132,30553637.426596005,VCR,IYC,Consumer Discretionary
2020-11-17,5.52505441351586,6.978927038966542,250.89999,1073.76564,0.007145,-0.004925,0.0,0.0,0.007145110789980765,-0.004924862101970646,0.0,0.01206997289195141,170190.0,16848.0,26392896.256536998,30804404.465732,VCR,IYC,Consumer Discretionary
2020-11-18,5.5267270673246545,6.972461873494587,251.32001,1066.84596,0.001674,-0.006444,0.0,0.0,0.0016740534744540381,-0.006444311255852813,0.0,0.008118364730306851,77866.0,14819.0,26840196.553325,31058000.697302002,VCR,IYC,Consumer Discretionary
2020-11-19,5.535521562069071,6.977691667883176,253.53999,1072.43996,0.008833,0.005243,0.0,0.0,0.008833279928645504,0.005243493634263751,0.0,0.0035897862943817527,68209.0,8719.0,27147075.107588,30595493.358443998,VCR,IYC,Consumer Discretionary
2020-11-20,5.531411248715415,6.9737565173271125,252.5,1068.22804,-0.004102,-0.003927,0.0,0.0,-0.004101877577576535,-0.003927417997367424,0.0,-0.00017445958020911086,61877.0,13190.0,27381786.917588003,30696756.164246,VCR,IYC,Consumer Discretionary
2020-11-23,5.549542901989202,6.984049468192306,257.12,1079.28004,0.018297,0.010346,0.0,0.0,0.018297029702970296,0.010346105500095279,0.0,0.007950924202875017,96294.0,9768.0,27354857.809233505,29908958.587982,VCR,IYC,Consumer Discretionary
2020-11-24,5.566778392552706,7.000261567919467,261.59,1096.92004,0.017385,0.016344,0.0,0.0,0.01738487865588041,0.016344228880578574,0.0,0.0010406497753018343,114578.0,13383.0,28013191.541233502,30247233.136748005,VCR,IYC,Consumer Discretionary
2020-11-25,5.571317180213676,7.000699061074664,262.78,1097.40004,0.004549,0.000438,0.0,0.0,0.00454910355900455,0.0004375888692853127,0.0,0.004111514689719237,87676.0,9829.0,26426551.1157335,29639720.573496003,VCR,IYC,Consumer Discretionary
2020-11-27,5.577463070156048,7.000889237989335,264.39999,1097.60876,0.006165,0.00019,0.0,0.0,0.006164814673871824,0.00019019499944614545,0.0,0.005974619674425679,54572.0,11725.0,26027186.2084475,28642091.205045998,VCR,IYC,Consumer Discretionary
2020-11-30,5.566357836988371,6.9976325819465455,261.48001,1094.04004,-0.011044,-0.003251,98055003.75,54702002.00000001,0.01193523296810628,0.008338741587624982,43353001.74999999,0.0035964913804812978,121499.0,39628.0,26021160.835196998,29470598.313074,VCR,IYC,Consumer Discretionary
2020-12-01,5.577349637092148,7.006115348595219,264.37,1103.36,0.011052,0.008519,0.0,0.0,0.011052431885710801,0.008518847262665085,0.0,0.002533584623045716,177247.0,123634.0,27263448.782697,34164338.777073994,VCR,IYC,Consumer Discretionary
2020-12-02,5.568077254312686,7.004829030052808,261.92999,1101.94164,-0.00923,-0.001285,0.0,0.0,-0.0092295267995613,-0.0012854915893271463,0.0,-0.007944035210234153,107959.0,29174.0,27178265.1297175,34927218.723342,VCR,IYC,Consumer Discretionary
2020-12-03,5.577387462151254,7.006912594515323,264.38,1104.24,0.009354,0.002086,0.0,0.0,0.009353682638631877,0.0020857365912771934,0.0,0.0072679460473546835,102773.0,24530.0,27237415.254217498,33430080.571342003,VCR,IYC,Consumer Discretionary
2020-12-04,5.581652542419485,7.010348003838413,265.51001,1108.04004,0.004274,0.003441,0.0,0.0,0.0042741886678266915,0.003441317104977179,0.0,0.0008328715628495124,91153.0,14417.0,27027674.926294,33166925.037442006,VCR,IYC,Consumer Discretionary
2020-12-07,5.586761648444382,4.237289838207198,266.87,69.22,0.005122,-0.000469,0.0,903321000.0,0.005122179762638626,-0.750117333305031,-903321000.0,0.7552395130676697,96206.0,88964.0,27514457.581794,32058565.97583,VCR,IYC,Consumer Discretionary
2020-12-08,5.588390291133738,4.235120483100881,267.30499,69.07,0.00163,-0.002167,0.0,0.0,0.001629969648143213,-0.002167003756139844,0.0,0.003796973404283057,98376.0,170290.0,26919458.014606,30674026.519702,VCR,IYC,Consumer Discretionary
2020-12-09,5.57765223532632,4.232075457910378,264.45001,68.86,-0.010681,-0.00304,0.0,0.0,-0.010680608693462695,-0.0030403938033878673,0.0,-0.007640214890074827,124452.0,88549.0,27264814.358832,26452050.586198002,VCR,IYC,Consumer Discretionary
2020-12-10,5.580559670249453,4.234830879855301,265.22,69.05,0.002912,0.002759,0.0,0.0,0.002911665611205608,0.002759221609061865,0.0,0.00015244400214374336,76794.0,95648.0,27388828.736832,25687996.07277,VCR,IYC,Consumer Discretionary
2020-12-11,5.5731421749825225,4.23685634351072,263.26001,69.19,-0.00739,0.002028,0.0,0.0,-0.0073900535404569,0.0020275162925416364,0.0,-0.009417569832998537,61766.0,53331.0,26723457.565715,23129831.24927,VCR,IYC,Consumer Discretionary
2020-12-14,5.579427931364022,4.231930225174664,264.92001,68.85,0.006306,-0.002882,0.0,0.0,0.006305553205744929,-0.004914004914004914,0.0,0.011219558119749843,91059.0,41505.0,27336316.4537445,21681673.743642,VCR,IYC,Consumer Discretionary
2020-12-15,5.594004810337956,4.243626264937855,268.81,69.66,0.014684,0.011765,0.0,0.0,0.01468363978998807,0.011764705882352941,0.0,0.002918933907635129,86624.0,41926.0,25729275.7977445,20064323.485007998,VCR,IYC,Consumer Discretionary
2020-12-16,5.599236442031813,4.24577726598231,270.22,69.81,0.005245,0.002153,0.0,0.0,0.005245340575127414,0.002153316106804479,0.0,0.0030920244683229348,68018.0,56121.0,24513233.5308395,19355673.660371996,VCR,IYC,Consumer Discretionary
2020-12-17,5.611776828860177,4.2514907510291575,273.63,70.21,0.012619,0.00573,0.0,0.0,0.012619347198578936,0.005729838132072769,0.0,0.006889509066506167,98097.0,42483.0,24876883.4414065,18714330.717809997,VCR,IYC,Consumer Discretionary
2020-12-18,5.6078220468197735,4.245204117951145,272.54999,69.77,-0.003947,-0.006267,0.0,0.0,-0.003946972188722073,-0.0062669135450790486,0.0,0.002319941356356976,111482.0,65573.0,25531418.881769996,18475551.927748,VCR,IYC,Consumer Discretionary
2020-12-21,5.604404030675922,4.24233343993555,271.62,69.57,-0.003412,-0.002867,0.0,0.0,-0.0034121813763411963,-0.0028665615594094885,0.0,-0.0005456198169317078,83115.0,43902.0,25879006.571769997,17923768.642367996,VCR,IYC,Consumer Discretionary
2020-12-22,5.604624866314972,4.239310332472287,271.67999,69.36,0.000221,-0.003019,0.0,0.0,0.0002208600250348988,-0.00301854247520483,0.0,0.0032394025002397287,82928.0,70788.0,25767544.818306,17642141.054831997,VCR,IYC,Consumer Discretionary
2020-12-23,5.605471129189412,4.242045918369452,271.91,69.55,0.000847,0.002739,0.0,0.0,0.0008466210558974947,0.0027393310265282586,0.0,-0.001892709970630764,60848.0,391267.0,25096180.851306,18268768.002566,VCR,IYC,Consumer Discretionary
2020-12-24,5.607418406373117,4.242477169723796,272.44,69.58,0.001949,0.000431,0.0,0.0,0.0019491743591629584,0.00043134435657800146,0.0,0.001517830002584957,37842.0,18003.0,24459689.611306,17792083.189907998,VCR,IYC,Consumer Discretionary
2020-12-28,5.6153883238936055,4.251348311031766,274.62,70.2,0.008002,0.008911,0.0,0.0,0.008001761855821465,0.008910606496119574,0.0,-0.0009088446402981086,92609.0,52092.0,25009861.977592,17331452.974358,VCR,IYC,Consumer Discretionary
2020-12-29,5.613274117625721,4.252487263318897,274.04001,70.28,-0.002112,0.00114,0.0,0.0,-0.002111972908018277,0.0011396011396011395,0.0,-0.0032515740476194164,77659.0,34606.0,24485467.647672,15285327.523101997,VCR,IYC,Consumer Discretionary
2020-12-30,5.61898678666833,4.2531984503199265,275.60999,70.33,0.005729,0.000711,0.0,0.0,0.005729017452597372,0.0007114399544678429,0.0,0.0050175774981295294,101520.0,116777.0,23541524.487412,8875333.331602,VCR,IYC,Consumer Discretionary
2020-12-31,5.617425392659819,4.255612709818223,275.17999,70.5,-0.00156,0.002417,214365212.20999998,21150000.0,0.04553832397900699,0.01970023093102958,193215212.20999998,0.025838093047977413,81649.0,115389.0,23251048.048067,7674677.286333999,VCR,IYC,Consumer Discretionary
2021-01-04,5.604551284394344,4.239166146760841,271.66,69.35,-0.012792,-0.016312,0.0,0.0,-0.012791591423489705,-0.016312056737588652,0.0,0.003520465314098947,166723.0,271309.0,24157090.270067,7261090.883834,VCR,IYC,Consumer Discretionary
2021-01-05,5.616443771373892,4.244200317766478,274.91,69.7,0.011964,0.005047,0.0,0.0,0.011963483766472797,0.005046863734679163,0.0,0.006916620031793634,133982.0,79014.0,24788638.1539905,6737724.011,VCR,IYC,Consumer Discretionary
2021-01-06,5.62873560033329,4.252771798816619,278.31,70.3,0.012368,0.008608,0.0,0.0,0.012367683969299043,0.00860832137733142,0.0,0.003759362591967623,119075.0,77734.0,25161901.5554905,6703054.617000001,VCR,IYC,Consumer Discretionary
2021-01-07,5.646682917907669,4.260423812914633,283.35001,70.84,0.018109,0.007681,0.0,0.0,0.01810933850741985,0.007681365576102418,0.0,0.01042797293131743,134577.0,49070.0,25753701.485467,6288764.042,VCR,IYC,Consumer Discretionary
2021-01-08,5.661570660617405,4.266054458421461,287.60001,71.24,0.014999,0.005647,0.0,0.0,0.014999117169609416,0.00564652738565782,0.0,0.009352589783951596,168286.0,44826.0,26528087.617384,6143560.047,VCR,IYC,Consumer Discretionary
2021-01-11,5.650065192150214,4.263806003286451,284.31,71.08,-0.01144,-0.002246,0.0,0.0,-0.0114395336773459,-0.0022459292532285235,0.0,-0.009193604424117376,213335.0,188733.0,28542386.075884003,6484092.409,VCR,IYC,Consumer Discretionary
2021-01-12,5.666703431822279,4.267597343922845,289.07999,71.35,0.016777,0.003798,0.0,0.0,0.016777426049030927,0.0037985368598761958,0.0,0.01297888918915473,138406.0,203784.0,29729880.441798,7026593.2345,VCR,IYC,Consumer Discretionary
2021-01-13,5.665145591041283,4.267036570040212,288.63,71.31,-0.001557,-0.000561,0.0,0.0,-0.0015566279769138722,-0.0005606166783461808,0.0,-0.0009960112985676914,118571.0,69444.0,30234870.2687685,7131314.853999999,VCR,IYC,Consumer Discretionary
2021-01-14,5.664452387521804,4.2632430986839145,288.42999,71.04,-0.000693,-0.003786,0.0,0.0,-0.0006929633094273556,-0.0037862852334875894,0.0,0.0030933219240602337,126818.0,91129.0,30899506.120359503,7308976.804,VCR,IYC,Consumer Discretionary
2021-01-15,5.655537162028207,4.256321678298823,285.87,70.55,-0.008876,-0.006897,0.0,0.0,-0.008875602706916789,-0.006897522522522522,0.0,-0.0019780801843942665,111285.0,99524.0,31571167.069859497,7464157.363500001,VCR,IYC,Consumer Discretionary
2021-01-19,5.660283323358652,4.254619308757319,287.23001,70.43,0.004757,-0.001701,0.0,0.0,0.00475744219400433,-0.0017009213323881862,0.0,0.006458363526392516,162285.0,64067.0,32559709.073002,7540632.7325,VCR,IYC,Consumer Discretionary
2021-01-20,5.679899568331883,4.274162988797936,292.92001,71.82,0.01981,0.019736,0.0,0.0,0.01980990774606038,0.019735907993752275,0.0,7.39997523081029e-05,176155.0,44131.0,33620454.3918205,7470355.742999999,VCR,IYC,Consumer Discretionary
2021-01-21,5.683919879561989,4.2761104090823325,294.10001,71.96,0.004028,0.001949,0.0,0.0,0.004028403522176583,0.001949317738791611,0.0,0.002079085783384972,148961.0,98815.0,34682141.156301,7673179.006,VCR,IYC,Consumer Discretionary
2021-01-22,5.683001334772694,4.2710950739666,293.82999,71.6,-0.000918,-0.005003,0.0,0.0,-0.0009181230561673061,-0.005002779321845469,0.0,0.004084656265678163,91521.0,151307.0,34900227.971504495,7969365.282,VCR,IYC,Consumer Discretionary
2021-01-25,5.684463764253352,4.267737488271754,294.26001,71.36,0.001464,-0.003352,0.0,0.0,0.0014634993521254768,-0.0033519553072625698,0.0,0.004815454659388046,147510.0,98661.0,36243283.6912595,6960756.7375,VCR,IYC,Consumer Discretionary
2021-01-26,5.685143136476792,4.269697449699962,294.45999,71.5,0.00068,0.001962,0.0,0.0,0.0006796030490176518,0.001961883408071749,0.0,-0.001282280359054097,91567.0,75867.0,37075940.862476,7169348.825499999,VCR,IYC,Consumer Discretionary
2021-01-27,5.662995236476382,4.237434294689934,288.01001,69.23,-0.021904,-0.031748,0.0,0.0,-0.021904435981268507,-0.03174825174825175,0.0,0.009843815766983243,182618.0,98503.0,38434117.283785,7327474.039999999,VCR,IYC,Consumer Discretionary
2021-01-28,5.66073575031428,4.255045172913092,287.35999,70.46,-0.002257,0.017767,0.0,0.0,-0.002256935444709145,0.017766864076267513,0.0,-0.02002379952097666,149499.0,76269.0,39518035.184205994,7474564.243000001,VCR,IYC,Consumer Discretionary
2021-01-29,5.646471143242604,4.233236561088719,283.29001,68.94,-0.014163,-0.021573,192920496.81,24129000.0,0.02465899232368465,-0.0022250874399226393,168791496.81,0.02688407976360729,120577.0,81846.0,39826951.8517545,7346041.084499998,VCR,IYC,Consumer Discretionary
2021-02-01,5.665353448036419,4.2447740412475055,288.69,69.74,0.019062,0.011604,0.0,0.0,0.019061702881792455,0.011604293588627792,0.0,0.007457409293164663,121555.0,94982.0,40458128.949079,7270497.0935,VCR,IYC,Consumer Discretionary
2021-02-02,5.679114028440487,4.26549281841793,292.69,71.2,0.013856,0.020935,0.0,0.0,0.013855692957844053,0.020934901061084026,0.0,-0.007079208103239972,136170.0,51951.0,40186310.305079,6514678.696,VCR,IYC,Consumer Discretionary
2021-02-03,5.676137208103575,4.265914077990263,291.82001,71.23,-0.002972,0.000421,0.0,0.0,-0.002972394000478184,0.0004213483146067416,0.0,-0.0033937423150849255,180983.0,73730.0,40985383.767570496,6501904.301,VCR,IYC,Consumer Discretionary
2021-02-04,5.687788551031102,4.282482504337495,295.23999,72.42,0.01172,0.016706,0.0,0.0,0.01171948421220299,0.016706443914081145,0.0,-0.004986959701878155,82431.0,89523.0,40545241.985855,6552832.073999999,VCR,IYC,Consumer Discretionary
2021-02-05,5.697764435865178,4.2903224454635405,298.20001,72.99,0.010026,0.007871,0.0,0.0,0.010025809850488347,0.007870753935376968,0.0,0.0021550559151113785,90607.0,101368.0,39989572.68637,6748968.65,VCR,IYC,Consumer Discretionary
2021-02-08,5.705081663677877,4.300002799195291,300.39001,73.7,0.007344,0.009727,0.0,0.0,0.00734406414003809,0.009727359912316757,0.0,-0.002383295772278667,146369.0,137766.0,39768009.1909115,7096966.148,VCR,IYC,Consumer Discretionary
2021-02-09,5.699674013141094,4.300952144896211,298.76999,73.77,-0.005393,0.00095,0.0,0.0,-0.005393055514729093,0.0009497964721845319,0.0,-0.006342851986913625,133832.0,88574.0,38734594.7634955,6752914.264999999,VCR,IYC,Consumer Discretionary
2021-02-10,5.6926204436574945,4.302036008977389,296.67001,73.85,-0.007029,0.001084,0.0,0.0,-0.007028751448564246,0.0010844516741222718,0.0,-0.008113203122686518,102314.0,79255.0,38251749.278855495,6318563.932499999,VCR,IYC,Consumer Discretionary
2021-02-11,5.6926204436574945,4.300138475201197,296.67001,73.71,0.0,-0.001896,0.0,0.0,0.0,-0.0018957345971563982,0.0,0.0018957345971563982,92215.0,40626.0,37908463.140963,6220688.473499999,VCR,IYC,Consumer Discretionary
2021-02-12,5.694876265185204,4.300545392805998,297.34,73.74,0.002258,0.000407,0.0,0.0,0.002258367807383068,0.000407000407000407,0.0,0.0018513674003826609,80352.0,46969.0,37274150.601371996,6070172.9684999995,VCR,IYC,Consumer Discretionary
2021-02-16,5.689210145472944,4.301358731606427,295.66,73.8,-0.00565,0.000814,0.0,0.0,-0.005650097531445483,0.0008136696501220504,0.0,-0.006463767181567533,178316.0,64956.0,38319543.881872,5958789.698499999,VCR,IYC,Consumer Discretionary
2021-02-17,5.691169902848943,4.304875575485466,296.23999,74.06,0.001962,0.003523,0.0,0.0,0.0019616789555569223,0.0035230352303523035,0.0,-0.0015613562747953812,117188.0,39151.0,37724676.370635495,5878153.911,VCR,IYC,Consumer Discretionary
2021-02-18,5.69035945432406,4.300545392805998,296.0,73.74,-0.00081,-0.004321,0.0,0.0,-0.0008101202001794548,-0.004320820955981636,0.0,0.0035107007558021815,134291.0,88178.0,37132216.952558,6044791.776,VCR,IYC,Consumer Discretionary
2021-02-19,5.690156731074389,4.301223221070275,295.94,73.79,-0.000203,0.000678,0.0,0.0,-0.0002027027027027027,0.0006780580417683754,0.0,-0.0008807607444710781,90299.0,35588.0,36277899.6760775,5820557.332,VCR,IYC,Consumer Discretionary
2021-02-22,5.6727045534708695,4.299188356364877,290.82001,73.64,-0.017301,-0.002033,0.0,0.0,-0.017300770426437656,-0.0020327957717847945,0.0,-0.015267974654652862,129977.0,186886.0,36823314.572326496,5966992.523999999,VCR,IYC,Consumer Discretionary
2021-02-23,5.667602467201444,4.299867104778908,289.34,73.69,-0.005089,0.000679,0.0,0.0,-0.005089092734712581,0.0006789788158609451,0.0,-0.005768071550573526,205301.0,123759.0,37623089.4355715,6070960.1115,VCR,IYC,Consumer Discretionary
2021-02-24,5.6788748389500165,4.303524406518924,292.62,73.96,0.011336,0.003664,0.0,0.0,0.011336144328471694,0.0036639978287420273,0.0,0.007672146499729667,87501.0,176959.0,37555175.671355,6454129.9684999995,VCR,IYC,Consumer Discretionary
2021-02-25,5.642757737387587,4.276527220481212,282.23999,71.99,-0.035473,-0.026636,0.0,0.0,-0.035472660788736385,-0.026636019469983774,0.0,-0.00883664131875261,125029.0,72614.0,36689794.2565315,6374535.926999999,VCR,IYC,Consumer Discretionary
2021-02-26,5.647282632145835,4.280270725719494,283.51999,72.26,0.004535,0.003751,177767033.73000002,7226000.000000001,0.039577071304822374,0.009311465619840245,170541033.73000002,0.030265605684982128,121348.0,118073.0,36262021.886607,6532437.989,VCR,IYC,Consumer Discretionary
2021-03-01,5.67346074912935,4.299324142908639,291.04001,73.65,0.026524,0.019236,0.0,0.0,0.026523773508880362,0.019236091890395792,0.0,0.00728768161848457,203179.0,130694.0,37510769.819408,6731595.481999999,VCR,IYC,Consumer Discretionary
2021-03-02,5.661327202619637,4.292512127466133,287.53,73.15,-0.01206,-0.006789,0.0,0.0,-0.012060231856094505,-0.006788866259334691,0.0,-0.005271365596759814,110082.0,84663.0,37338778.044908,6710048.1705,VCR,IYC,Consumer Discretionary
2021-03-03,5.639421679946575,4.278608675475393,281.29999,72.14,-0.021667,-0.013807,0.0,0.0,-0.02166733906027184,-0.013807245386192754,0.0,-0.007860093674079086,121490.0,238073.0,37054754.969163,7383831.9215,VCR,IYC,Consumer Discretionary
2021-03-04,5.617425392659819,4.262257252536892,275.17999,70.97,-0.021756,-0.016218,0.0,0.0,-0.021756133016570672,-0.016218464097588023,0.0,-0.0055376689189826495,235565.0,159606.0,37655170.642889,7687604.4174999995,VCR,IYC,Consumer Discretionary
2021-03-05,5.627729021537441,4.275554390163365,278.03,71.92,0.010357,0.013386,0.0,0.0,0.010356894045965919,0.013385937720163449,0.0,-0.0030290436741975298,233640.0,77434.0,39686270.722104505,7641894.2985,VCR,IYC,Consumer Discretionary
2021-03-08,5.631605933524058,4.2857910267930555,279.10999,72.66,0.003884,0.010289,0.0,0.0,0.003884436931266551,0.010289210233592881,0.0,-0.00640477330232633,291391.0,73457.0,42401827.26160549,7538821.0635,VCR,IYC,Consumer Discretionary
2021-03-09,5.662925722587465,4.293195420967266,287.98999,73.2,0.031815,0.007432,0.0,0.0,0.031815414417807115,0.007431874483897605,0.0,0.02438353993390951,131540.0,1040958.0,42097548.157151,10841059.6335,VCR,IYC,Consumer Discretionary
2021-03-10,5.669674005022752,4.304605487705297,289.94,74.04,0.006771,0.011476,0.0,0.0,0.006771103398420245,0.011475409836065573,0.0,-0.004704306437645328,219505.0,460157.0,43280462.877067,12217855.648500001,VCR,IYC,Consumer Discretionary
2021-03-11,5.686331081042445,4.314550469548967,294.81,74.78,0.016797,0.009995,0.0,0.0,0.016796578602469477,0.009994597514856833,0.0,0.006801981087612643,192985.0,94690.0,44607483.499409996,12279252.471,VCR,IYC,Consumer Discretionary
2021-03-12,5.689074845783927,4.323470185213858,295.62,75.45,0.002748,0.00896,0.0,0.0,0.002747532308944744,0.008959614870286172,0.0,-0.006212082561341429,105656.0,183570.0,44801313.5868025,12822043.173,VCR,IYC,Consumer Discretionary
2021-03-15,5.702782007689317,4.333623895445714,299.70001,76.22,0.013802,0.010206,0.0,0.0,0.013801535755361655,0.01020543406229291,0.0,0.0035961016930687456,149766.0,131774.0,45850963.9876855,13151059.184,VCR,IYC,Consumer Discretionary
2021-03-16,5.6903256361846655,4.3294166844015844,295.98999,75.9,-0.012379,-0.004198,0.0,0.0,-0.012379112032729076,-0.004198373130411965,0.0,-0.00818073890231711,108707.0,110602.0,44823727.751832,13331106.134,VCR,IYC,Consumer Discretionary
2021-03-17,5.702615093531926,4.332705079341171,299.64999,76.15,0.012365,0.003294,0.0,0.0,0.012365283028659179,0.0032938076416337285,0.0,0.00907147538702545,112846.0,76258.0,44778654.293003,13476482.316,VCR,IYC,Consumer Discretionary
2021-03-18,5.677814882958619,4.315619702476283,292.31,74.86,-0.024495,-0.01694,0.0,0.0,-0.024495211897053587,-0.016940249507550888,0.0,-0.007554962389502699,104272.0,196622.0,44315134.909003004,13887326.176000003,VCR,IYC,Consumer Discretionary
2021-03-19,5.684939352887329,4.32386772050035,294.39999,75.48,0.00715,0.008282,0.0,0.0,0.007149909342820936,0.008282126636387924,0.0,-0.001132217293566988,107971.0,78508.0,44568313.6720175,14052313.442000002,VCR,IYC,Consumer Discretionary
2021-03-22,5.688228807729435,4.328493992712844,295.37,75.83,0.003295,0.004637,0.0,0.0,0.0032948710358312594,0.004636989931107578,0.0,-0.001342118895276319,141885.0,79908.0,44773746.672529,13667170.372,VCR,IYC,Consumer Discretionary
2021-03-23,5.6736668851040335,4.31708803351497,291.10001,74.97,-0.014456,-0.011341,0.0,0.0,-0.014456410603649618,-0.011341157853092443,0.0,-0.0031152527505571743,95774.0,58709.0,43197647.723416,13431251.022999998,VCR,IYC,Consumer Discretionary
2021-03-24,5.655712086385935,4.301629697601852,285.92001,73.82,-0.017795,-0.01534,0.0,0.0,-0.017794571700633057,-0.015339469120981901,0.0,-0.002455102579651156,125168.0,92737.0,43706822.383,13119148.908000002,VCR,IYC,Consumer Discretionary
2021-03-25,5.668120719558607,4.309724722918476,289.48999,74.42,0.012486,0.00929,0.0,0.0,0.012485939686417804,0.0081278786236794,0.0,0.004358061062738405,103826.0,240481.0,43445242.5826015,13752604.616,VCR,IYC,Consumer Discretionary
2021-03-26,5.679148227862513,4.31508522892,292.70001,74.82,0.011467,0.005375,0.0,0.0,0.011088535392881892,0.005374899220639436,0.0,0.005713636172242456,97223.0,49770.0,43147872.048887,13512196.437,VCR,IYC,Consumer Discretionary
2021-03-29,5.670535880862565,4.311201728893603,290.19,74.53,-0.008575,-0.003876,0.0,0.0,-0.008575366977267997,-0.003875968992247887,0.0,-0.00469939798502011,91221.0,134665.0,41514782.2387975,13532744.904500002,VCR,IYC,Consumer Discretionary
2021-03-30,5.681298221011915,4.315218874092267,293.32999,74.83,0.01082,0.004025,0.0,0.0,0.010820462455632474,0.004025224741714746,0.0,0.006795237713917728,83813.0,47718.0,41161431.688391,13401626.879,VCR,IYC,Consumer Discretionary
2021-03-31,5.688262662998164,4.315218874092267,295.38,74.83,0.006989,0.0,95998500.0,112245000.0,0.02458303771784747,0.08264462809917356,-16246500.0,-0.058061590381326085,122289.0,101465.0,41258761.140136,12922528.8655,VCR,IYC,Consumer Discretionary
2021-04-01,5.697630255171003,4.327042326341122,298.16,75.72,0.009412,0.011894,0.0,0.0,0.009411605389667546,0.011893625551249499,0.0,-0.0024820201615819524,135426.0,231154.0,40036553.230918504,13231316.0185,VCR,IYC,Consumer Discretionary
2021-04-05,5.71600744427877,4.339119133662605,303.69,76.64,0.018547,0.01215,0.0,0.0,0.01854708881137644,0.012150026413100899,0.0,0.006397062398275543,164590.0,180607.0,39287823.6259185,13644949.3785,VCR,IYC,Consumer Discretionary
2021-04-06,5.721131112990814,4.346658490836091,305.25,77.22,0.005137,0.007568,0.0,0.0,0.005136817149066482,0.007567849686847599,0.0,-0.002431032537781117,137216.0,145254.0,37315575.871114,13938905.791499998,VCR,IYC,Consumer Discretionary
2021-04-07,5.718014024040618,4.3435456478556,304.29999,76.98,-0.003112,-0.003108,0.0,0.0,-0.003112235872235912,-0.003108003108003108,0.0,-4.232764232804057e-06,102757.0,66164.0,36984913.4105055,10383664.747499999,VCR,IYC,Consumer Discretionary
2021-04-08,5.7231601750824375,4.347176357238135,305.87,77.26,0.005159,0.003637,0.0,0.0,0.005159415220486903,0.0036373083917900753,0.0,0.0015221068286968274,92068.0,56161.0,35210791.3835055,8897113.4765,VCR,IYC,Consumer Discretionary
2021-04-09,5.7332765822484575,4.352469082431556,308.98001,77.67,0.010168,0.005307,0.0,0.0,0.010167751005329101,0.005306756406937613,0.0,0.004860994598391488,102176.0,67470.0,33944613.066093504,8805087.3115,VCR,IYC,Consumer Discretionary
2021-04-12,5.737861756092569,4.35182512594076,310.39999,77.62,0.004596,-0.000644,0.0,0.0,0.004595701838445716,-0.0006437491953135058,0.0,0.005239451033759222,137078.0,93574.0,34510362.2215545,8475730.180499999,VCR,IYC,Consumer Discretionary
2021-04-13,5.745340230437744,4.353369925424077,312.73001,77.74,0.007507,0.001546,0.0,0.0,0.007506507973792217,0.001545993300695697,0.0,0.00596051467309652,118218.0,52696.0,34114634.4527805,8178368.818499999,VCR,IYC,Consumer Discretionary
2021-04-14,5.737056019176663,4.349374302398632,310.14999,77.43,-0.00825,-0.003988,0.0,0.0,-0.008249991742078171,-0.003987651144841624,0.0,-0.004262340597236547,112485.0,65732.0,34250186.3418915,8013115.6665,VCR,IYC,Consumer Discretionary
2021-04-15,5.74476442438294,4.356580613342406,312.54999,77.99,0.007738,0.007232,0.0,0.0,0.007738191447305867,0.007232338886736249,0.0,0.0005058525605696178,98324.0,50075.0,34096029.4641525,7918030.794,VCR,IYC,Consumer Discretionary
2021-04-16,5.752191613863888,4.361951470242831,314.88,78.41,0.007455,0.005385,0.0,0.0,0.007454839464240623,0.005385305808436979,0.0,0.002069533655803644,103435.0,47382.0,34200522.6881525,7367835.779000001,VCR,IYC,Consumer Discretionary
2021-04-19,5.740885562607703,4.356067595503785,311.34,77.95,-0.011242,-0.005867,0.0,0.0,-0.011242378048780487,-0.005866598648131616,0.0,-0.0053757794006488715,131152.0,56279.0,34652832.806138,7290893.989499999,VCR,IYC,Consumer Discretionary
2021-04-20,5.7261635070333545,4.344065128386763,306.79001,77.02,-0.014614,-0.011931,0.0,0.0,-0.014614215969679411,-0.011930724823604875,0.0,-0.002683491146074536,187202.0,65868.0,35428989.356239,7241580.4755,VCR,IYC,Consumer Discretionary
2021-04-21,5.740275078876387,4.3489867805956814,311.14999,77.4,0.014212,0.004934,0.0,0.0,0.014211610084695963,0.004933783432874578,0.0,0.009277826651821384,98301.0,105931.0,35564316.496701494,7431462.759000001,VCR,IYC,Consumer Discretionary
2021-04-22,5.731883872357417,4.344065128386763,308.54999,77.02,-0.008356,-0.00491,0.0,0.0,-0.008356098613405066,-0.0049095607235142115,0.0,-0.003446537889890854,88142.0,75414.0,35134725.3670465,7379589.805999999,VCR,IYC,Consumer Discretionary
2021-04-23,5.74402833524317,4.351309662011821,312.32001,77.58,0.012219,0.007271,0.0,0.0,0.01221850631076029,0.007270838743183588,0.0,0.004947667567576701,71400.0,51603.0,34746878.4176595,6684928.041999999,VCR,IYC,Consumer Discretionary
2021-04-26,5.748724004228117,4.350793932242783,313.79001,77.54,0.004707,-0.000516,0.0,0.0,0.004706710914872217,-0.0005155968032996631,0.0,0.00522230771817188,123670.0,46519.0,35264340.290883,6679092.635,VCR,IYC,Consumer Discretionary
2021-04-27,5.750220700582771,4.354269957628839,314.26001,77.81,0.001498,0.003482,0.0,0.0,0.001497816963643935,0.0034820737683774546,0.0,-0.0019842568047335196,103793.0,103426.0,35571668.652279496,6579642.3655,VCR,IYC,Consumer Discretionary
2021-04-28,5.749997898453164,4.351438552905858,314.19,77.59,-0.000223,-0.002827,0.0,0.0,-0.0002227773110553013,-0.0028274000771109113,0.0,0.00260462276605561,73478.0,49866.0,35496727.970686,6594560.6155,VCR,IYC,Consumer Discretionary
2021-04-29,5.750061520351079,4.359141762136423,314.20999,78.19,6.4e-05,0.007733,0.0,0.0,6.362392183070087e-05,0.007732955277741977,0.0,-0.007669331355911276,151463.0,76280.0,36070201.115454495,6513145.978,VCR,IYC,Consumer Discretionary
2021-04-30,5.749520398173131,4.356708826689592,314.04001,78.0,-0.000541,-0.00243,251860088.02,50700000.0,0.04181166804724018,0.030568521188844164,201160088.02,0.011243146858396016,107664.0,52155.0,35741810.4892865,5841401.434,VCR,IYC,Consumer Discretionary
2021-05-03,5.747001593776178,4.358374106008653,313.25,78.13,-0.002516,0.001667,0.0,0.0,-0.0025156348708560623,0.0016666666666666668,0.0,-0.004182301537522729,108256.0,98951.0,34938153.2342865,5535867.4915,VCR,IYC,Consumer Discretionary
2021-05-04,5.736475518602719,4.348728349272367,309.97,77.38,-0.010471,-0.009599,0.0,0.0,-0.01047086991221054,-0.009599385639319084,0.0,-0.0008714842728914565,166552.0,108929.0,35425200.2062865,5396488.0985,VCR,IYC,Consumer Discretionary
2021-05-05,5.732240347472685,4.342245764662037,308.66,76.88,-0.004226,-0.006462,0.0,0.0,-0.00422621544020389,-0.006461617989144482,0.0,0.002235402548940592,94825.0,60125.0,35325186.72766499,5372943.3625,VCR,IYC,Consumer Discretionary
2021-05-06,5.734052997674449,4.342245764662037,309.22,76.88,0.001814,0.0,0.0,0.0,0.0018142940452277583,0.0,0.0,0.0018142940452277583,152889.0,107999.0,36280961.598665,5571141.5755,VCR,IYC,Consumer Discretionary
2021-05-07,5.744572436663421,4.3522115495946965,312.48999,77.65,0.010575,0.010016,0.0,0.0,0.010574962809649816,0.010015608740894901,0.0,0.0005593540687549147,70017.0,173500.0,35796425.1050685,5982735.5805,VCR,IYC,Consumer Discretionary
2021-05-10,5.725772283489461,4.345232973844869,306.67001,77.11,-0.018625,-0.006954,0.0,0.0,-0.01862453258102757,-0.006954282034771411,0.0,-0.011670250546256158,120123.0,90100.0,35510880.694169,5966955.4365,VCR,IYC,Consumer Discretionary
2021-05-11,5.715118017277563,4.3351970473170836,303.42001,76.34,-0.010598,-0.009986,0.0,0.0,-0.010597710548873039,-0.009985734664764621,0.0,-0.0006119758841084174,146244.0,282689.0,35881032.675182,6841149.9975,VCR,IYC,Consumer Discretionary
2021-05-12,5.6784988883085665,4.306629370201435,292.51001,74.19,-0.035957,-0.028163,0.0,0.0,-0.035956758422095995,-0.028163479172124705,0.0,-0.00779327924997129,255124.0,60579.0,37867987.7834865,6811386.359999999,VCR,IYC,Consumer Discretionary
2021-05-13,5.687856357974396,4.317621437981545,295.26001,75.01,0.009401,0.011053,0.0,0.0,0.00940138766533152,0.01105270252055533,0.0,-0.0016513148552238111,139017.0,86511.0,38383737.56315701,6940578.403,VCR,IYC,Consumer Discretionary
2021-05-14,5.70913475892741,4.33283639048311,301.60999,76.16,0.021506,0.015331,0.0,0.0,0.021506400409591293,0.01533128916144514,0.0,0.006175111248146153,64904.0,52692.0,37734041.662705004,6955468.408,VCR,IYC,Consumer Discretionary
2021-05-17,5.708836315793584,4.325720798462787,301.51999,75.62,-0.000298,-0.00709,0.0,0.0,-0.0002983986041044319,-0.0070903361344537815,0.0,0.006791937530349349,68209.0,68096.0,36720717.3286005,6993591.9815,VCR,IYC,Consumer Discretionary
2021-05-18,5.70067769313971,4.322409317855379,299.07001,75.37,-0.008125,-0.003306,0.0,0.0,-0.008125431418328114,-0.003306003702724147,0.0,-0.004819427715603967,61576.0,50456.0,34769908.90278751,6930077.749499999,VCR,IYC,Consumer Discretionary
2021-05-19,5.6907647775748975,4.3154861108656375,296.12,74.85,-0.009864,-0.006899,0.0,0.0,-0.009863944566023302,-0.00689929680244129,0.0,-0.0029646477635820127,91337.0,79202.0,34592926.766438,6816538.2645,VCR,IYC,Consumer Discretionary
2021-05-20,5.698099657997403,4.324662317284311,298.29999,75.54,0.007362,0.009218,0.0,0.0,0.007361846548696357,0.009218436873747652,0.0,-0.0018565903250512958,88701.0,103239.0,34556091.4761585,6916052.6535,VCR,IYC,Consumer Discretionary
2021-05-21,5.694876265185204,4.3222766302681075,297.34,75.36,-0.003218,-0.002383,0.0,0.0,-0.003218203259074912,-0.0023828435266085744,0.0,-0.0008353597324663375,79807.0,88963.0,34627599.7094585,7051097.200499999,VCR,IYC,Consumer Discretionary
2021-05-24,5.7032823829645265,4.3294166844015844,299.85001,75.9,0.008442,0.007166,0.0,0.0,0.008441548395775997,0.007165605095541401,0.0,0.0012759433002345957,56107.0,44966.0,33528463.408177,7041389.0075,VCR,IYC,Consumer Discretionary
2021-05-25,5.7063458198113635,4.3321796622793,300.76999,76.11,0.003068,0.002767,0.0,0.0,0.0030681339647113137,0.002766798418972332,0.0,0.0003013355457389816,77109.0,51591.0,33057167.605226003,6835339.705,VCR,IYC,Consumer Discretionary
2021-05-26,5.719491768361381,4.338074747144699,304.75,76.56,0.013233,0.005912,0.0,0.0,0.01323273641761928,0.005912495072920773,0.0,0.007320241344698507,88585.0,54682.0,33252678.901726,6851207.254000001,VCR,IYC,Consumer Discretionary
2021-05-27,5.723290941044244,4.340553386467307,305.91,76.75,0.003806,0.002482,0.0,0.0,0.003806398687448887,0.0024817136886102404,0.0,0.0013246849988386468,69992.0,50986.0,31943682.1519575,6748649.369,VCR,IYC,Consumer Discretionary
2021-05-28,5.720508478571787,4.339771321776768,305.06,76.69,-0.002779,-0.000782,40878040.0,-19172500.0,0.003994908043364959,-0.013087402320245183,60050540.0,0.017082310363610142,69446.0,37691.0,31312401.808125503,6689771.0085,VCR,IYC,Consumer Discretionary
2021-06-01,5.7210000315089395,4.3374214512437606,305.20999,76.51,0.000492,-0.002347,0.0,0.0,0.0004916737690946233,-0.0023471117485982526,0.0,0.002838785517692876,76627.0,56501.0,30786208.503312003,6519363.5024999995,VCR,IYC,Consumer Discretionary
2021-06-02,5.7170934558233,4.335589948900293,304.01999,76.37,-0.003899,-0.00183,0.0,0.0,-0.0038989549457407995,-0.0018298261665141812,0.0,-0.002069128779226618,91585.0,52174.0,29597085.8705195,6297143.6205,VCR,IYC,Consumer Discretionary
2021-06-03,5.704249065785628,4.325323999304086,300.14001,75.59,-0.012762,-0.010214,0.0,0.0,-0.012762252903172622,-0.010213434594736153,0.0,-0.0025488183084364686,152485.0,56642.0,30421994.116762005,6280101.5595,VCR,IYC,Consumer Discretionary
2021-06-04,5.711353740152519,4.330601752681694,302.28,75.99,0.00713,0.005292,0.0,0.0,0.007129972441861243,0.005291705252017462,0.0,0.0018382671898437807,58217.0,57992.0,28938069.025762003,6085294.0075,VCR,IYC,Consumer Discretionary
2021-06-07,5.713435731684339,4.3296801543016725,302.91,75.92,0.002084,-0.000921,0.0,0.0,0.0020841603811039304,-0.000921173838662982,0.0,0.0030053342197669123,49363.0,52483.0,28591715.7607705,5610905.725500001,VCR,IYC,Consumer Discretionary
2021-06-08,5.7228005131973525,4.334541868102138,305.76001,76.29,0.009409,0.004874,0.0,0.0,0.00940876828100754,0.004873551106427975,0.0,0.004535217174579565,87594.0,42709.0,28088946.796006,5426438.656,VCR,IYC,Consumer Discretionary
2021-06-09,5.716665826726951,4.327966357823938,303.89001,75.79,-0.006116,-0.006554,0.0,0.0,-0.006115907701599198,-0.00655393891728929,0.0,0.00043803121569009184,62573.0,40513.0,26821044.4786705,4500938.7565,VCR,IYC,Consumer Discretionary
2021-06-10,5.71788263190161,4.33165396900921,304.26001,76.07,0.001218,0.004787,0.0,0.0,0.0012175457824363757,0.003694418788758097,0.0,-0.0024768730063217215,42865.0,40578.0,23741833.555541,4430559.379000001,VCR,IYC,Consumer Discretionary
2021-06-11,5.726098248541904,4.33729074083249,306.76999,76.5,0.008249,0.005653,0.0,0.0,0.008249457429518796,0.005652688313395714,0.0,0.0025967691161230813,51043.0,28003.0,22472448.545011003,4213211.3485,VCR,IYC,Consumer Discretionary
2021-06-14,5.723846473020745,4.337944122103693,306.07999,76.55,-0.002249,0.000654,0.0,0.0,-0.0022492421765245027,0.00065359477124183,0.0,-0.0029028369477663326,92297.0,62891.0,22906177.047314502,4253275.515,VCR,IYC,Consumer Discretionary
2021-06-15,5.718933745591448,4.332442405318121,304.57999,76.13,-0.004901,-0.005487,0.0,0.0,-0.0049006797210101845,-0.005486610058785108,0.0,0.0005859303377749236,55887.0,57120.0,22728961.2924755,4213231.819,VCR,IYC,Consumer Discretionary
2021-06-16,5.718835244447162,4.327966357823938,304.54999,75.79,-9.8e-05,-0.004466,0.0,0.0,-9.849629320707514e-05,-0.0044660449231576005,0.0,0.0043675486299505255,53097.0,253344.0,22616719.086639002,4983135.471,VCR,IYC,Consumer Discretionary
2021-06-17,5.720377315443302,4.330733340286331,305.01999,76.0,0.001543,0.002771,0.0,0.0,0.0015432605990236548,0.002770814091568651,0.0,-0.0012275534925449963,61266.0,84082.0,22198751.200006,5006233.586,VCR,IYC,Consumer Discretionary
2021-06-18,5.713270619509952,4.32267464022361,302.85999,75.39,-0.007082,-0.008026,0.0,0.0,-0.007081503084437187,-0.008026315789473683,0.0,0.0009448127050364968,63648.0,56036.0,21839597.4615325,4827527.585,VCR,IYC,Consumer Discretionary
2021-06-21,5.721229388259921,4.333361462692601,305.28,76.2,0.009271,0.010744,0.0,0.0,0.007990523938140348,0.010744130521289296,0.0,-0.002753606583148948,57781.0,1879867.0,21535075.9765325,11654608.271000002,VCR,IYC,Consumer Discretionary
2021-06-22,5.731430066585013,4.342765920720579,308.41,76.92,0.010253,0.009449,0.0,0.0,0.010252882599581029,0.009448818897637795,0.0,0.0008040637019432334,86649.0,82671.0,22030062.655479003,11801914.967,VCR,IYC,Consumer Discretionary
2021-06-23,5.738022890022208,4.342765920720579,310.45001,76.92,0.006615,0.0,0.0,0.0,0.006614603936318518,0.0,0.0,0.006614603936318518,74096.0,96446.0,22020614.1945815,11976516.732500002,VCR,IYC,Consumer Discretionary
2021-06-24,5.741976988369981,4.346787982581173,311.67999,77.23,0.003962,0.00403,0.0,0.0,0.003961926108489787,0.004030161206448258,0.0,-6.823509795847102e-05,114954.0,39679.0,22462243.3356045,11920414.495000001,VCR,IYC,Consumer Discretionary
2021-06-25,5.745276211507049,4.3522115495946965,312.70999,77.65,0.003305,0.005438,0.0,0.0,0.0033046715639334055,0.005438301178298589,0.0,-0.0021336296143651835,67028.0,22945.0,22439696.960090503,11813839.682500001,VCR,IYC,Consumer Discretionary
2021-06-28,5.745819730447258,4.348469851145039,312.88,77.36,0.000544,-0.003735,0.0,0.0,0.0005436666733927951,-0.0037347070186735352,0.0,0.004278373692066331,72920.0,114269.0,22521197.6020905,12111306.035,VCR,IYC,Consumer Discretionary
2021-06-29,5.747480298013815,4.347046915777855,313.39999,77.25,0.001662,-0.001422,0.0,0.0,0.0016619470723600285,-0.001421923474663909,0.0,0.0030838705470239373,55765.0,42049.0,22225668.829021502,12057575.722000001,VCR,IYC,Consumer Discretionary
2021-06-30,5.749424864381021,4.351760707478407,314.01001,77.615,0.001946,0.004725,-37995211.21,-139707000.0,-0.0041574346712400095,-0.08547482426619535,101711788.78999999,0.08131738959495534,54230.0,52210.0,21684923.431929,12060963.260500003,VCR,IYC,Consumer Discretionary
2021-07-01,5.754158681981268,4.356324137321509,315.5,77.97,0.004745,0.004574,0.0,0.0,0.004745039815768801,0.004573858145976937,0.0,0.00017118166979186375,54246.0,97936.0,20252311.610686503,12228688.3175,VCR,IYC,Consumer Discretionary
2021-07-02,5.761485216248841,4.362843815257108,317.82001,78.48,0.007353,0.006541,0.0,0.0,0.007353438985737054,0.006540977298961139,0.0,0.0008124616867759152,52020.0,33955.0,20199069.7186965,12141587.1335,VCR,IYC,Consumer Discretionary
2021-07-06,5.762994302871144,4.361696368200631,318.29999,78.39,0.00151,-0.001147,0.0,0.0,0.0015102258665208612,-0.0011467889908256881,0.0,0.0026570148573465493,71333.0,41626.0,20586707.06153,12105514.7725,VCR,IYC,Consumer Discretionary
2021-07-07,5.761233406819604,4.361568792771485,317.73999,78.38,-0.001759,-0.000128,0.0,0.0,-0.0017593465837055166,-0.00012756729174639623,0.0,-0.0016317792919591204,61335.0,87462.0,20221999.0600655,12285364.870000001,VCR,IYC,Consumer Discretionary
2021-07-08,5.757291613911885,4.355939299910563,316.48999,77.94,-0.003934,-0.005614,0.0,0.0,-0.003934034239756854,-0.005613676958407757,0.0,0.0016796427186509038,194122.0,48205.0,22343117.072218,12319695.741500001,VCR,IYC,Consumer Discretionary
2021-07-09,5.768976999326396,4.368307962532944,320.20999,78.91,0.011754,0.012446,0.0,0.0,0.011753926245819177,0.012445470875032076,0.0,-0.0006915446292128993,53413.0,23605.0,22546180.615579,12258490.846,VCR,IYC,Consumer Discretionary
2021-07-12,5.774365192778084,4.3688147407016515,321.94,78.95,0.005403,0.000507,0.0,0.0,0.005402735873418541,0.000506906602458497,0.0,0.004895829270960044,48904.0,218299.0,22550465.273600496,13013114.673500001,VCR,IYC,Consumer Discretionary
2021-07-13,5.762397203480449,4.360292142527875,318.10999,78.28,-0.011897,-0.008486,0.0,0.0,-0.011896657762316085,-0.008486383787207093,0.0,-0.003410273975108992,605279.0,32836.0,30765216.8636095,12900919.475,VCR,IYC,Consumer Discretionary
2021-07-14,5.757986497095086,4.359908829420263,316.70999,78.25,-0.004401,-0.000383,0.0,0.0,-0.0044009935054222975,-0.0003832396525293817,0.0,-0.004017753852892916,68422.0,749559.0,30997610.315342,15616141.782500003,VCR,IYC,Consumer Discretionary
2021-07-15,5.751365561394358,4.357349646961441,314.62,78.05,-0.006599,-0.002556,0.0,0.0,-0.006599065599414807,-0.0025559105431309905,0.0,-0.004043155056283817,53387.0,332187.0,31028906.671390496,15952454.462000001,VCR,IYC,Consumer Discretionary
2021-07-16,5.737378424084716,4.345492309945908,310.25,77.13,-0.01389,-0.011787,0.0,0.0,-0.013889771788188926,-0.011787315823190262,0.0,-0.002102455964998664,156585.0,28042.0,32523563.748523496,15741086.835000003,VCR,IYC,Consumer Discretionary
2021-07-19,5.7265545449983986,4.333230220484919,306.91,76.19,-0.010766,-0.012187,0.0,0.0,-0.01076551168412555,-0.012187216387916505,0.0,0.0014217047037909554,164530.0,207890.0,34084537.2313475,16321816.088,VCR,IYC,Consumer Discretionary
2021-07-20,5.74802265252573,4.351438552905858,313.57001,77.59,0.0217,0.018375,0.0,0.0,0.021700205271903788,0.01837511484446778,0.0,0.0033250904274360095,68616.0,68370.0,34278364.0376555,9424764.233,VCR,IYC,Consumer Discretionary
2021-07-21,5.758302225098651,4.360547602996758,316.81,78.3,0.010333,0.009151,0.0,0.0,0.010332588885014734,0.009150663745328006,0.0,0.0011819251396867278,54339.0,47410.0,33802950.0626555,9292421.717,VCR,IYC,Consumer Discretionary
2021-07-22,5.760918697509191,4.362334001328145,317.64001,78.44,0.00262,0.001788,0.0,0.0,0.0026198983617942632,0.0017879948914431673,0.0,0.0008319034703510959,42236.0,102260.0,33323587.038725495,9322554.121,VCR,IYC,Consumer Discretionary
2021-07-23,5.7698822763607245,4.373490303651595,320.5,79.32,0.009004,0.011219,0.0,0.0,0.009003872024811859,0.0112187659357469,0.0,-0.0022148939109350417,63469.0,39863.0,32549234.685202498,9327430.3205,VCR,IYC,Consumer Discretionary
2021-07-26,5.777249765426953,4.378018613276343,322.87,79.68,0.007395,0.004539,0.0,0.0,0.007394695787831513,0.004538577912254491,0.0,0.0028561178755770224,63868.0,55982.0,32532271.4827165,9461378.646,VCR,IYC,Consumer Discretionary
2021-07-27,5.766225019519342,4.372228792193771,319.32999,79.22,-0.010964,-0.005773,0.0,0.0,-0.010964196116083848,-0.0057730923694780745,0.0,-0.005191103746605774,69704.0,71265.0,32504439.8838645,9301666.819,VCR,IYC,Consumer Discretionary
2021-07-28,5.7645012096909065,4.369574426734642,318.78,79.01,-0.001722,-0.002651,0.0,0.0,-0.0017223249216274865,-0.0026508457460237313,0.0,0.0009285208243962448,56556.0,38774.0,32532048.445747,9292429.2435,VCR,IYC,Consumer Discretionary
2021-07-29,5.774240907239213,4.370459998302416,321.89999,79.08,0.009787,0.000886,0.0,0.0,0.009787282765543812,0.0008859638020503734,0.0,0.008901318963493438,41130.0,43658.0,32342597.633067,9262439.018,VCR,IYC,Consumer Discretionary
2021-07-30,5.752794868099133,4.358118089622206,315.07001,78.11,-0.021218,-0.012266,322946760.25,-7811000.0,0.02960301277655162,-0.017678300455235205,330757760.25,0.047281313231786824,67143.0,105776.0,32544604.2671385,9293743.690000001,VCR,IYC,Consumer Discretionary
2021-08-02,5.755330736536778,4.3538843287276014,315.87,77.78,0.002539,-0.004225,0.0,0.0,0.0025390864716066165,-0.004224811163743439,0.0,0.006763897635350055,74619.0,129713.0,32896449.597628497,9664958.127,VCR,IYC,Consumer Discretionary
2021-08-03,5.761957038707274,4.35799005684564,317.97,78.1,0.006648,0.004114,0.0,0.0,0.006648304682306158,0.004114168166623811,0.0,0.002534136515682347,69096.0,96059.0,32859707.694294997,9876915.415000001,VCR,IYC,Consumer Discretionary
2021-08-04,5.751937484777047,4.350277936359301,314.79999,77.5,-0.00997,-0.007682,0.0,0.0,-0.009969525426927334,-0.0076824583866837385,0.0,-0.002287067040243595,45506.0,27835.0,32601542.9972095,9642012.462000001,VCR,IYC,Consumer Discretionary
2021-08-05,5.763748087216866,4.36386266404621,318.54001,78.56,0.011881,0.013677,0.0,0.0,0.011880622994937298,0.01367741935483871,0.0,-0.0017967963599014123,52435.0,37401.0,30364791.776488,9601068.705,VCR,IYC,Consumer Discretionary
2021-08-06,5.75779703138183,4.361441201064773,316.64999,78.37,-0.005933,-0.002418,0.0,0.0,-0.0059333833762358,-0.0024185336048879835,0.0,-0.0035148497713478164,44370.0,43241.0,30212110.9695095,9677375.036,VCR,IYC,Consumer Discretionary
2021-08-09,5.756090222644988,4.356580613342406,316.10999,77.99,-0.001705,-0.004849,0.0,0.0,-0.001705352967167458,-0.0048487941814469825,0.0,0.0031434412142795245,56504.0,129401.0,30317977.225257505,9320238.933,VCR,IYC,Consumer Discretionary
2021-08-10,5.762837237437516,4.363098624788363,318.25,78.5,0.00677,0.006539,0.0,0.0,0.006769827173130589,0.006539299910244903,0.0,0.00023052726288568578,89262.0,19536.0,22111093.968397,9268397.629,VCR,IYC,Consumer Discretionary
2021-08-11,5.766945049613841,4.36792771029438,319.56,78.88,0.004116,0.004841,0.0,0.0,0.004116260801256873,0.004840764331210191,0.0,-0.0007245035299533178,43970.0,68100.0,21730150.081608,6604334.4415,VCR,IYC,Consumer Discretionary
2021-08-12,5.766444204472208,4.3657702121543585,319.39999,78.71,-0.000501,-0.002155,0.0,0.0,-0.0005007197396419848,-0.0021551724137931034,0.0,0.0016544526741511187,44960.0,98147.0,21608330.362128,5694232.192500001,VCR,IYC,Consumer Discretionary
2021-08-13,5.763151437875002,4.36398994718773,318.35001,78.57,-0.003287,-0.001779,0.0,0.0,-0.0032873513865796134,-0.0017786812349131385,0.0,-0.0015086701516664749,61171.0,31385.0,20152994.9727135,5709384.192,VCR,IYC,Consumer Discretionary
2021-08-16,5.75902798042394,4.364899549919461,317.04001,78.6415,-0.004115,0.00091,0.0,0.0,-0.004114967673473608,0.0009100165457555447,0.0,-0.005024984219229153,68487.0,80688.0,18713855.815957002,5234698.504600001,VCR,IYC,Consumer Discretionary
2021-08-17,5.734699609609454,4.351051830374451,309.42001,77.56,-0.024035,-0.013752,0.0,0.0,-0.024034821346365715,-0.01375228092037919,0.0,-0.010282540425986525,104890.0,40450.0,19260813.068093996,5126322.1896,VCR,IYC,Consumer Discretionary
2021-08-18,5.734861156893465,4.348469851145039,309.47,77.36,0.000162,-0.002579,0.0,0.0,0.00016156033347698902,-0.0025786487880350697,0.0,0.0027402091215120586,52959.0,71419.0,19219517.225093998,5216960.7316,VCR,IYC,Consumer Discretionary
2021-08-19,5.728214923325574,4.348211286179151,307.42001,77.34,-0.006624,-0.000259,0.0,0.0,-0.0066241962064175946,-0.0002585315408479835,0.0,-0.006365664665569611,80140.0,62972.0,19780557.032045998,5059409.7356,VCR,IYC,Consumer Discretionary
2021-08-20,5.738183901373533,4.358885942232239,310.5,78.17,0.010019,0.010732,0.0,0.0,0.010018833842338393,0.010731833462632531,0.0,-0.0007129996202941379,47711.0,50278.0,19504179.582046,5097824.6406000005,VCR,IYC,Consumer Discretionary
2021-08-23,5.75057063615496,4.36665915754276,314.37,78.78,0.012464,0.007804,0.0,0.0,0.012463768115942029,0.007803505181015735,0.0,0.004660262934926294,74790.0,35198.0,19648713.139046002,5013437.2746,VCR,IYC,Consumer Discretionary
2021-08-24,5.761233406819604,4.3703335360828355,317.73999,79.07,0.01072,0.003681,0.0,0.0,0.010719820593567965,0.0036811373445035144,0.0,0.007038683249064451,62137.0,45346.0,19522954.7458295,4910432.0206,VCR,IYC,Consumer Discretionary
2021-08-25,5.765410545790107,4.3748496919221305,319.07001,79.4279,0.004186,0.004526,0.0,0.0,0.0041858753756493705,0.004526369040091225,0.0,-0.0003404936644418547,47744.0,17018.0,19383192.589701496,4824840.53371,VCR,IYC,Consumer Discretionary
2021-08-26,5.755457362894223,4.365388993520859,315.91,78.68,-0.009904,-0.009416,0.0,0.0,-0.009903813899651654,-0.009416086790661554,0.0,-0.00048772710899010023,63100.0,102925.0,19717901.3102665,5057123.7517099995,VCR,IYC,Consumer Discretionary
2021-08-27,5.765285142250143,4.372355014977151,319.03,79.23,0.009876,0.00699,0.0,0.0,0.009876230571998061,0.00699034062023369,0.0,0.0028858899517643713,50222.0,24931.0,19461280.259195,4742779.74021,VCR,IYC,Consumer Discretionary
2021-08-30,5.770163048173079,4.374876130645041,320.59,79.43,0.00489,0.002524,0.0,0.0,0.004889822273767358,0.0025242963523919365,0.0,0.0023655259213754215,60939.0,27264.0,19259606.783195,4346604.85921,VCR,IYC,Consumer Discretionary
2021-08-31,5.771254189771214,4.378395048439832,320.94,79.71,0.001092,0.003525,48461940.0,-15941999.999999998,0.008371177170551922,-0.007533011550271051,64403940.0,0.015904188720822974,34743.0,54603.0,18718604.948195003,4189114.7207099996,VCR,IYC,Consumer Discretionary
2021-09-01,5.772935364450651,4.3812763532831775,321.48001,79.94,0.001683,0.002886,0.0,0.0,0.0016825886458528188,0.0028854597917450757,0.0,-0.001202871145892257,50672.0,31334.0,18816842.284284003,4206496.09371,VCR,IYC,Consumer Discretionary
2021-09-02,5.770381371760691,4.384523514872469,320.66,80.2,-0.002551,0.003252,0.0,0.0,-0.0025507340254218545,0.003252439329497123,0.0,-0.005803173354918978,59934.0,842487.0,18942631.8350665,7437957.835710001,VCR,IYC,Consumer Discretionary
2021-09-03,5.769757432374591,4.3815265096322,320.45999,79.96,-0.000624,-0.002992,0.0,0.0,-0.0006237447763988312,-0.0029925187032418953,0.0,0.0023687739268430643,68378.0,295505.0,19335764.4920625,8449946.96721,VCR,IYC,Consumer Discretionary
2021-09-07,5.770163048173079,4.379774099620588,320.59,79.82,0.000406,-0.001751,0.0,0.0,0.0004056980716998651,-0.0017508754377190256,0.0,0.0021565735094188905,47249.0,69206.0,19200068.393814497,8221548.91371,VCR,IYC,Consumer Discretionary
2021-09-08,5.768633478216055,4.380650688493951,320.10001,79.89,-0.001528,0.000877,0.0,0.0,-0.0015284007610965745,0.0008769731896769393,0.0,-0.002405373950773514,70037.0,39025.0,18900629.038833,8300755.47621,VCR,IYC,Consumer Discretionary
2021-09-09,5.768976999326396,4.379523504455763,320.20999,79.8,0.000344,-0.001127,0.0,0.0,0.00034358012047544983,-0.0011265490048817123,0.0,0.0014701291253571623,39623.0,34715.0,18832460.4005215,8170681.926209999,VCR,IYC,Consumer Discretionary
2021-09-10,5.762994302871144,4.373616367313912,318.29999,79.33,-0.005965,-0.00589,0.0,0.0,-0.0059648357629316934,-0.005889724310776942,0.0,-7.511145215475124e-05,47026.0,149905.0,18862867.9894885,8379022.59021,VCR,IYC,Consumer Discretionary
2021-09-13,5.7650970544752935,4.375882799913392,318.97,79.51,0.002105,0.002269,0.0,0.0,0.0021049639366939638,0.0022690028992814826,0.0,-0.00016403896258751884,53047.0,54474.0,18735198.645903,8472288.00471,VCR,IYC,Consumer Discretionary
2021-09-14,5.76101313958968,4.365007629504287,317.67001,78.65,-0.004076,-0.010816,0.0,0.0,-0.004075587045803812,-0.010816249528361212,0.0,0.006740662482557401,42879.0,51979.0,18330611.305598997,8359424.154610001,VCR,IYC,Consumer Discretionary
2021-09-15,5.768477202342894,4.370712874773608,320.04999,79.1,0.007492,0.005722,0.0,0.0,0.007491988305726413,0.00572155117609663,0.0,0.0017704371296297823,51685.0,47797.0,17534947.2498115,8391596.18961,VCR,IYC,Consumer Discretionary
2021-09-16,5.773681602035868,4.377139713100487,321.72,79.61,0.005218,0.006448,0.0,0.0,0.005217966105857555,0.006447534766118837,0.0,-0.0012295686602612826,39930.0,28359.0,17357800.1433115,8228230.49711,VCR,IYC,Consumer Discretionary
2021-09-17,5.769695051346916,4.373994462976618,320.44,79.36,-0.003979,-0.00314,0.0,0.0,-0.003978614944672527,-0.0031403090064062306,0.0,-0.0008383059382662964,47354.0,55468.0,16884673.9512415,8204814.797110001,VCR,IYC,Consumer Discretionary
2021-09-20,5.74821394716612,4.353369925424077,313.63,77.74,-0.021252,-0.020413,0.0,0.0,-0.02125202846086631,-0.020413306451612902,0.0,-0.0008387220092534071,130441.0,70766.0,18189471.217741497,8283370.676109999,VCR,IYC,Consumer Discretionary
2021-09-21,5.748692103404809,4.352469082431556,313.78,77.67,0.000478,-0.0009,0.0,0.0,0.0004782705736056959,-0.0009004373552868536,0.0,0.0013787079288925495,55344.0,83085.0,17882176.618741497,8467386.351610001,VCR,IYC,Consumer Discretionary
2021-09-22,5.762805783682836,4.365007629504287,318.23999,78.65,0.014214,0.012618,0.0,0.0,0.014213748486200658,0.012617484228144715,0.0,0.001596264258055943,67847.0,68298.0,17974587.5608865,8556692.82561,VCR,IYC,Consumer Discretionary
2021-09-23,5.77318415145976,4.375505417683616,321.56,79.48,0.010432,0.010553,0.0,0.0,0.01043240983007825,0.010553083280356007,0.0,-0.00012067345027775775,50169.0,33698.0,18019520.8150145,8623023.477500001,VCR,IYC,Consumer Discretionary
2021-09-24,5.77554487190816,4.3776420363560575,322.32001,79.65,0.002364,0.003569,0.0,0.0,0.0023635091429282363,0.0021389028686462004,0.0,0.0002246062742820359,77904.0,36033.0,18278325.6679665,8361617.95,VCR,IYC,Consumer Discretionary
2021-09-27,5.779786267653029,4.3812763532831775,323.69,79.94,0.00425,0.003641,0.0,0.0,0.004250403194018256,0.0036409290646578782,0.0,0.0006094741293603779,64517.0,35650.0,18521384.821466498,8405346.8435,VCR,IYC,Consumer Discretionary
2021-09-28,5.759343348293236,4.362461479179042,317.14001,78.45,-0.020235,-0.018639,0.0,0.0,-0.020235379529797017,-0.01863897923442582,0.0,-0.0015964002953711975,88803.0,38665.0,18952712.336368002,8448731.33,VCR,IYC,Consumer Discretionary
2021-09-29,5.754253764624003,4.362078996864185,315.53,78.42,-0.000181,-0.000382,0.0,0.0,-0.0050766536836523695,-0.0003824091778202677,0.0,-0.004694244505832102,51389.0,60015.0,19205929.973867998,8466429.888500001,VCR,IYC,Consumer Discretionary
2021-09-30,5.736475518602719,4.347823313332383,309.97,77.31,-0.017621,-0.014155,23557720.000000004,-77310000.0,-0.0140517619565812,-0.06907630436496857,100867720.0,0.055024542408387375,119939.0,56316.0,20250302.812032,8558877.388500001,VCR,IYC,Consumer Discretionary
2021-10-01,5.744060289137353,4.359141762136423,312.32999,78.19,0.007614,0.011383,0.0,0.0,0.007613607768493677,0.011382744793687751,0.0,-0.003769137025194074,72913.0,123619.0,20428026.8180755,5663792.999,VCR,IYC,Consumer Discretionary
2021-10-04,5.733988349054793,4.347823313332383,309.20001,77.31,-0.010021,-0.011255,0.0,0.0,-0.010021387955732384,-0.011254636142729249,0.0,0.0012332481869968652,123631.0,52629.0,21243741.48008,4685801.4085,VCR,IYC,Consumer Discretionary
2021-10-05,5.736991564413236,4.354655437877749,310.13,77.84,0.003008,0.006856,0.0,0.0,0.003007729527563681,0.006855516750743759,0.0,-0.003847787223180078,82504.0,68991.0,21765711.91058,4678113.2345,VCR,IYC,Consumer Discretionary
2021-10-06,5.7387956304932075,4.35696520407851,310.69,78.02,0.001806,0.002312,0.0,0.0,0.0018056943862251314,0.0023124357656731757,0.0,-0.0005067413794480444,66469.0,114130.0,21677332.3710615,4967449.001999999,VCR,IYC,Consumer Discretionary
2021-10-07,5.753683164820457,4.369954053439613,315.35001,79.04,0.014999,0.013074,0.0,0.0,0.014998905661591988,0.013073570879261727,0.0,0.0019253347823302604,39558.0,26521.0,21666679.134152003,4933747.143999999,VCR,IYC,Consumer Discretionary
2021-10-08,5.748086400212725,4.36665915754276,313.59,78.78,-0.005581,-0.00329,0.0,0.0,-0.005581131898489744,-0.003289473684210526,0.0,-0.002291658214279218,40319.0,33179.0,21550442.128165,4469841.0424999995,VCR,IYC,Consumer Discretionary
2021-10-11,5.74210534897536,4.359908829420263,311.72,78.25,-0.005963,-0.006728,0.0,0.0,-0.0059632003571539575,-0.006727595836506728,0.0,0.0007643954793527703,34548.0,20738.0,21242887.176665,4334417.0805,VCR,IYC,Consumer Discretionary
2021-10-12,5.7486602015638075,4.364880475838911,313.76999,78.64,0.006576,0.004984,0.0,0.0,0.006576382651096945,0.004984025559105432,0.0,0.0015923570919915133,41650.0,40090.0,21215244.562900502,4287643.543,VCR,IYC,Consumer Discretionary
2021-10-13,5.753809999962624,4.368181227851829,315.39001,78.9,0.005163,0.003306,0.0,0.0,0.005163081402399347,0.003306205493387589,0.0,0.0018568759090117582,54063.0,33406.0,21240701.8817745,4230393.078,VCR,IYC,Consumer Discretionary
2021-10-14,5.764752103617493,4.378896741664954,318.85999,79.75,0.011002,0.010773,0.0,0.0,0.011002187418681938,0.010773130544993664,0.0,0.00022905687368827456,81418.0,58610.0,21896435.0350655,4351217.453500001,VCR,IYC,Consumer Discretionary
2021-10-15,5.778054719030789,4.389250479763201,323.13,80.58,0.013392,0.010408,0.0,0.0,0.013391488847503304,0.010407523510971788,0.0,0.002983965336531516,124518.0,35229.0,23149504.314065497,4273058.070499999,VCR,IYC,Consumer Discretionary
2021-10-18,5.790143640304245,4.396915247167632,327.06,81.2,0.012162,0.007694,0.0,0.0,0.012162287624176028,0.00769421692727724,0.0,0.004468070696898788,146814.0,33334.0,23504843.1145655,4133326.6685,VCR,IYC,Consumer Discretionary
2021-10-19,5.787112112911466,4.396792086874355,326.07001,81.19,-0.003027,-0.000123,0.0,0.0,-0.003026936953464152,-0.0001231527093596059,0.0,-0.002903784244104546,100030.0,99498.0,24267390.253580503,4214578.202,VCR,IYC,Consumer Discretionary
2021-10-20,5.785823154284595,4.394942859940428,325.64999,81.04,-0.001288,-0.001848,0.0,0.0,-0.0012881282765012001,-0.0018475181672619782,0.0,0.000559389890760778,111700.0,124683.0,25006564.017654,4451211.833000001,VCR,IYC,Consumer Discretionary
2021-10-21,5.800334307532633,4.409033640160408,330.41,82.19,0.014617,0.014191,0.0,0.0,0.01461695116281152,0.014190523198420534,0.0,0.00042642796439098726,109212.0,39078.0,26004183.681654,4477887.022,VCR,IYC,Consumer Discretionary
2021-10-22,5.794293307512507,4.4057431612911975,328.42001,81.92,-0.006023,-0.003285,0.0,0.0,-0.0060227898671350024,-0.0032850711765421586,0.0,-0.002737718690592844,40104.0,48033.0,25407230.582754,4531128.7675,VCR,IYC,Consumer Discretionary
2021-10-25,5.81233785130624,4.421127148295796,334.39999,83.19,0.018208,0.015503,0.0,0.0,0.01820833024151,0.0155029296875,0.0,0.0027054005540100012,71833.0,33994.0,25564102.9203375,4530033.7605,VCR,IYC,Consumer Discretionary
2021-10-26,5.8112607762215625,4.420285346790972,334.04001,83.12,-0.001077,-0.000841,0.0,0.0,-0.0010764952475027614,-0.0008414472893376608,0.0,-0.0002350479581651006,87596.0,70798.0,25618982.140734,4672606.786,VCR,IYC,Consumer Discretionary
2021-10-27,5.810452103051904,4.417031743872572,333.76999,82.85,-0.000808,-0.003248,0.0,0.0,-0.0008083462816326375,-0.0032483156881616937,0.0,0.0024399694065290562,50566.0,67864.0,25652114.247951,4718414.591,VCR,IYC,Consumer Discretionary
2021-10-28,5.8243468240563,4.4277167605909975,338.44,83.74,0.013992,0.010742,0.0,0.0,0.013991701291059795,0.010742305371152686,0.0,0.0032493959199071092,55143.0,27743.0,24726369.502451,4616885.034,VCR,IYC,Consumer Discretionary
2021-10-29,5.825439478280919,4.4297447958819784,338.81,83.91,0.001093,0.00203,68100810.0,-16782000.0,0.010678338966923835,-0.009793270785469564,84882810.0,0.0204716097523934,82560.0,48132.0,24986331.354407497,4335534.3595,VCR,IYC,Consumer Discretionary
2021-11-01,5.841397214891172,4.44229825301545,344.26001,84.97,0.016086,0.012633,0.0,0.0,0.016085741270918878,0.012632582528900012,0.0,0.003453158742018866,134833.0,69172.0,25395876.5290085,4425974.2020000005,VCR,IYC,Consumer Discretionary
2021-11-02,5.835424554486093,4.437461341561982,342.20999,84.56,-0.005955,-0.004825,0.0,0.0,-0.0059548595260890316,-0.0048252324349770505,0.0,-0.001129627091111981,99918.0,188220.0,25826175.1420495,4953255.390000001,VCR,IYC,Consumer Discretionary
2021-11-03,5.85406852498496,4.451086170605376,348.64999,85.72,0.018819,0.013718,0.0,0.0,0.018818854470028765,0.013718070009460738,0.0,0.005100784460568027,81435.0,27151.0,26213228.058332,4624403.446,VCR,IYC,Consumer Discretionary
2021-11-04,5.865759590732924,4.460144413937834,352.75,86.5,0.01176,0.009099,0.0,0.0,0.011759673361814754,0.009099393373775081,0.0,0.0026602799880396724,151635.0,61229.0,28263959.586053003,4784407.879000001,VCR,IYC,Consumer Discretionary
2021-11-05,5.873525249243295,4.465678207169493,355.5,86.98,0.007796,0.005549,0.0,0.0,0.007795889440113395,0.0055491329479768784,0.0,0.0022467564921365164,94698.0,34847.0,29315034.775553,4805265.401,VCR,IYC,Consumer Discretionary
2021-11-08,5.861839799313996,4.458756167532555,351.37,86.38,-0.011618,-0.006898,0.0,0.0,-0.011617440225035162,-0.0068981375028742235,0.0,-0.0047193027221609386,143485.0,63887.0,31297385.870053,5000055.929,VCR,IYC,Consumer Discretionary
2021-11-09,5.852346118883171,4.452834524684393,348.04999,85.87,-0.009449,-0.005904,0.0,0.0,-0.009448757719782637,-0.0059041444778884,0.0,-0.0035446132418942367,75284.0,366928.0,31954089.638235997,6417827.417,VCR,IYC,Consumer Discretionary
2021-11-10,5.843138508574711,4.442533602510535,344.85999,84.99,-0.009165,-0.010248,0.0,0.0,-0.00916535006939664,-0.01024804937696518,0.0,0.0010826993075685395,78353.0,365628.0,32452583.872527998,7839776.933,VCR,IYC,Consumer Discretionary
2021-11-11,5.840641657373398,4.439941706620314,344.0,84.77,-0.002494,-0.002589,0.0,0.0,-0.0024937366610721496,-0.002588539828215084,0.0,9.480316714293455e-05,111900.0,358165.0,33079216.739237,9124151.910500001,VCR,IYC,Consumer Discretionary
2021-11-12,5.846005183960862,4.445588116163626,345.85001,85.25,0.005378,0.005662,0.0,0.0,0.0053779360465115705,0.00566238055916008,0.0,-0.0002844445126485096,68789.0,31153.0,32256975.489131503,9115003.932,VCR,IYC,Consumer Discretionary
2021-11-15,5.846814427035037,4.446526092548494,346.13,85.33,0.00081,0.000938,0.0,0.0,0.0008095705996944161,0.00093841642228739,0.0,-0.00012884582259297392,65680.0,40208.0,30992817.0671315,9151215.324,VCR,IYC,Consumer Discretionary
2021-11-16,5.860358810200506,4.455958787800916,350.85001,86.1387,0.013637,0.009477,0.0,0.0,0.01363652384942068,0.009477323332942694,0.0,0.004159200516477987,95557.0,64534.0,31038286.632395007,9025246.93629,VCR,IYC,Consumer Discretionary
2021-11-17,5.861811310420273,4.455277096413474,351.35999,86.08,0.001454,-0.000681,0.0,0.0,0.0014535556091333577,-0.0006814590886558539,0.0,0.0021350146977892116,195214.0,76253.0,32649050.892638005,8848224.33229,VCR,IYC,Consumer Discretionary
2021-11-18,5.8732720526347775,4.459334837764547,355.41,86.43,0.011527,0.004066,0.0,0.0,0.011526668133159015,0.004065985130111524,0.0,0.007460683003047491,111151.0,71163.0,32820022.892137997,8995164.19579,VCR,IYC,Consumer Discretionary
2021-11-19,5.873890864535713,4.458408804592688,355.63,86.35,0.000619,-0.000926,0.0,0.0,0.0006190034045185982,-0.0009256045354622237,0.0,0.0015446079399808218,1055542.0,48963.0,50930595.161086,9009818.78029,VCR,IYC,Consumer Discretionary
2021-11-22,5.869664077359158,4.454347296253507,354.13,86.0,-0.004218,-0.004053,0.0,0.0,-0.004217866884121137,-0.004053271569195136,0.0,-0.0001645953149260011,834196.0,40660.0,64500238.9110025,9043258.73729,VCR,IYC,Consumer Discretionary
2021-11-23,5.863233340790505,4.449217884214205,351.85999,85.56,-0.00641,-0.005116,0.0,0.0,-0.006410103634258677,-0.0051162790697674414,0.0,-0.0012938245644912357,121566.0,39229.0,65175921.052421495,8916843.91129,VCR,IYC,Consumer Discretionary
2021-11-24,5.8634607065236155,4.451086170605376,351.94,85.72,0.000227,0.00187,0.0,0.0,0.0002273915826577077,0.0018700327255726976,0.0,-0.00164264114291499,62831.0,41727.0,65437687.4937045,8814559.21329,VCR,IYC,Consumer Discretionary
2021-11-26,5.838255061718248,4.428433007488037,343.17999,83.8,-0.024891,-0.022399,0.0,0.0,-0.024890634767289952,-0.022398506766215586,0.0,-0.002492128001074366,77276.0,69247.0,65830536.493066505,8988544.20229,VCR,IYC,Consumer Discretionary
2021-11-29,5.848373347651573,4.435804340354353,346.67001,84.42,0.01017,0.007399,0.0,0.0,0.01016964887725536,0.007398568019093079,0.0,0.0027710808581622812,78896.0,57258.0,65799472.66851449,9028292.41429,VCR,IYC,Consumer Discretionary
2021-11-30,5.833611187481239,4.417755682128127,341.59,82.91,-0.014654,-0.017887,179334750.0,37309500.0,0.00975443796785505,0.008498375217020794,142025250.0,0.0012560627508342564,151756.0,56103.0,66070508.774098,8966990.15879,VCR,IYC,Consumer Discretionary
2021-12-01,5.812666804382116,4.396299293960601,334.51001,81.15,-0.020727,-0.021228,0.0,0.0,-0.02072657279194336,-0.021227837414063443,0.0,0.0005012646221200824,327187.0,592233.0,69833228.21715051,10574181.39629,VCR,IYC,Consumer Discretionary
2021-12-02,5.829386667392274,4.412192049005608,340.14999,82.45,0.01686,0.01602,0.0,0.0,0.016860422203807877,0.016019716574245224,0.0,0.0008407056295626526,131037.0,188642.0,70642224.33234951,11235488.85529,VCR,IYC,Consumer Discretionary
2021-12-03,5.808742940304692,4.398023007758481,333.20001,81.29,-0.020432,-0.014069,0.0,0.0,-0.02043210408443638,-0.01406913280776228,0.0,-0.0063629712766741005,300288.0,2193564.0,72970560.2499935,19886414.308289997,VCR,IYC,Consumer Discretionary
2021-12-06,5.821713617862638,4.412555839708705,337.54999,82.48,0.013055,0.014639,0.0,0.0,0.013055161673014208,0.014638946979948332,0.0,-0.0015837853069341247,100273.0,148923.0,72979660.807357,20349023.15729,VCR,IYC,Consumer Discretionary
2021-12-07,5.843834259081065,4.430578675256047,345.10001,83.98,0.022367,0.018186,0.0,0.0,0.022367116645448593,0.018186226964112512,0.0,0.0041808896813360814,104447.0,81109.0,72261077.62208049,20413671.89529,VCR,IYC,Consumer Discretionary
2021-12-08,5.847392048871529,4.433551152327272,346.32999,84.23,0.003564,0.002977,0.0,0.0,0.0035641262369132897,0.002976899261728983,0.0,0.0005872269751843067,70159.0,112546.0,72165856.13814299,19312254.00629,VCR,IYC,Consumer Discretionary
2021-12-09,5.829357326963926,4.419803999007912,340.14001,83.08,-0.017873,-0.013653,0.0,0.0,-0.01787306955427104,-0.013653092722307966,0.0,-0.004219976831963075,62951.0,30045.0,71885423.086795,17883324.75029,VCR,IYC,Consumer Discretionary
2021-12-10,5.832791155219735,4.4259238957110645,341.31,83.59,0.00344,0.006139,0.0,0.0,0.0034397305979969113,0.006138661531054405,0.0,-0.002698930933057494,130975.0,54726.0,72195896.949295,16593969.714790002,VCR,IYC,Consumer Discretionary
2021-12-13,5.8083527081233015,4.4058652241537235,333.07001,81.93,-0.024142,-0.019352,0.0,0.0,-0.024142246051976138,-0.01985883478885034,0.0,-0.004283411263125796,159315.0,55436.0,73659515.564558,16688273.62629,VCR,IYC,Consumer Discretionary
2021-12-14,5.802631868894341,4.399498115585886,331.17001,81.41,-0.005704,-0.006347,0.0,0.0,-0.00570450638891218,-0.006346881484193824,0.0,0.0006423750952816443,142027.0,105338.0,74874578.7950715,16945504.52329,VCR,IYC,Consumer Discretionary
2021-12-15,5.8144886766387796,4.411342689007935,335.12,82.38,0.011927,0.011915,0.0,0.0,0.011927378327524342,0.011914998157474512,0.0,1.2380170049829456e-05,104383.0,52706.0,74947311.62279299,16884656.794,VCR,IYC,Consumer Discretionary
2021-12-16,5.789929558807913,4.393090207029862,326.98999,80.89,-0.022305,-0.018087,0.0,0.0,-0.0242599964191932,-0.018086914299587278,0.0,-0.006173082119605922,111871.0,61852.0,73346827.02696452,16806624.296,VCR,IYC,Consumer Discretionary
2021-12-17,5.787204113460713,4.388257184424518,326.10001,80.5,-0.002722,-0.004821,0.0,0.0,-0.002721734692857096,-0.004821362343923847,0.0,0.002099627651066751,110150.0,2253831.0,73167613.9865395,25570763.166500002,VCR,IYC,Consumer Discretionary
2021-12-20,5.7681647648403525,4.374120463102784,319.95001,79.37,-0.018859,-0.014037,0.0,0.0,-0.01885924505184761,-0.014037267080745342,0.0,-0.004821977971102268,218253.0,541105.0,57889996.390166,27506740.6065,VCR,IYC,Consumer Discretionary
2021-12-21,5.795419279508767,4.3992524153389505,328.79001,81.39,0.027629,0.02545,0.0,0.0,0.027629316217242673,0.025450422073831424,0.0,0.002178894143411249,83547.0,129928.0,44492775.8644395,27860644.6025,VCR,IYC,Consumer Discretionary
2021-12-22,5.810661836283297,4.411706788775292,333.84,82.41,0.015359,0.012532,0.0,0.0,0.015359317030344004,0.012532252119424991,0.0,0.0028270649109190128,87273.0,92580.0,43810826.2032225,28074298.8305,VCR,IYC,Consumer Discretionary
2021-12-23,5.82331213222822,4.422448549172797,338.09,83.3,0.012731,0.0108,0.0,0.0,0.012730649412892404,0.010799660235408324,0.0,0.0019309891774840805,55624.0,69470.0,43645485.0042225,28184799.458500005,VCR,IYC,Consumer Discretionary
2021-12-27,5.832439506864463,4.430340494952432,341.19,83.96,0.009169,0.007923,0.0,0.0,0.00916915614185585,0.007923169267707083,0.0,0.0012459868741487665,95435.0,73449.0,43947579.541360505,28202993.4305,VCR,IYC,Consumer Discretionary
2021-12-28,5.832761826612924,4.431768726568696,341.29999,84.08,0.000322,0.001429,0.0,0.0,0.00032237169905324135,0.0014292520247737017,0.0,-0.0011068803257204603,94436.0,160114.0,44191585.9786945,28634426.6685,VCR,IYC,Consumer Discretionary
2021-12-29,5.837351366577616,4.433551152327272,342.87,84.23,0.0046,0.001784,0.0,0.0,0.004600088033990346,0.0017840152235965748,0.0,0.002816072810393771,112242.0,65805.0,43523890.103694506,28678989.439499997,VCR,IYC,Consumer Discretionary
2021-12-30,5.833259827421407,4.4331949212482815,341.47,84.2,-0.004083,-0.000356,0.0,0.0,-0.004083180214075177,-0.00035616763623412084,0.0,-0.0037270125778410563,65001.0,129886.0,39161318.345101,26822824.102,VCR,IYC,Consumer Discretionary
2021-12-31,5.830884912432431,4.430816798843313,340.66,84.0,-0.002372,-0.002375,25549500.000000004,46200000.0,0.0010729092312879095,0.029525493012207922,-20650499.999999996,-0.028452583780920013,72812.0,31262.0,38172913.429119505,26176447.857,VCR,IYC,Consumer Discretionary
2022-01-03,5.852863209720223,4.446057214331018,348.23001,85.29,0.022222,0.015357,0.0,0.0,0.022221599248517396,0.015357142857142857,0.0,0.006864456391374538,138567.0,387592.0,35582774.588759005,18913593.063,VCR,IYC,Consumer Discretionary
2022-01-04,5.848459881534358,4.443121734033692,346.70001,85.04,-0.004394,-0.002931,0.0,0.0,-0.004393647750232544,-0.002931175987806308,0.0,-0.0014624717624262362,113820.0,153257.0,35863486.838305496,18951083.375,VCR,IYC,Consumer Discretionary
2022-01-05,5.81948925267696,4.4173937785111725,336.79999,82.88,-0.028555,-0.0254,0.0,0.0,-0.028555003502884375,-0.02539981185324553,0.0,-0.0031551916496388444,93743.0,96669.0,35639885.8742105,19011103.020000003,VCR,IYC,Consumer Discretionary
2022-01-06,5.8175277695979295,4.414856779264584,336.14001,82.67,-0.00196,-0.002534,0.0,0.0,-0.0019595606282528425,-0.002533783783783784,0.0,0.0005742231555309414,128179.0,79860.0,36579282.1028795,18867216.851,VCR,IYC,Consumer Discretionary
2022-01-07,5.800909215634957,4.403665809777363,330.60001,81.75,-0.016481,-0.011129,0.0,0.0,-0.016481227569428714,-0.011128583524857868,0.0,-0.005352644044570845,184203.0,88556.0,38553550.0965055,19104382.571000002,VCR,IYC,Consumer Discretionary
2022-01-10,5.793135582652297,4.392966574712216,328.04001,80.88,-0.007743,-0.010642,0.0,0.0,-0.0077434964384907315,-0.010642201834862385,0.0,0.002898705396371653,161422.0,277743.0,38966039.9587165,19998847.946,VCR,IYC,Consumer Discretionary
2022-01-11,5.8053156754796404,4.402686737370185,332.06,81.67,0.012255,0.009768,0.0,0.0,0.012254572239526574,0.0097675568743818,0.0,0.002487015365144774,96495.0,75440.0,37914994.011558995,20079813.612,VCR,IYC,Consumer Discretionary
2022-01-12,5.808652900239504,4.4046439245392905,333.17001,81.83,0.003343,0.001959,0.0,0.0,0.0033427994940672793,0.001959103710052651,0.0,0.0013836957840146283,69880.0,77193.0,36727335.875985496,19966870.4425,VCR,IYC,Consumer Discretionary
2022-01-13,5.790449347866773,4.3899948043230586,327.16,80.64,-0.018039,-0.014542,0.0,0.0,-0.018038868504400913,-0.01454234388366125,0.0,-0.0034965246207396636,98844.0,83341.0,36595184.4799855,20085805.3405,VCR,IYC,Consumer Discretionary
2022-01-14,5.783763672745754,4.380650688493951,324.98001,79.89,-0.006663,-0.009301,0.0,0.0,-0.006663375718303163,-0.009300595238095238,0.0,0.0026372195197920754,80668.0,85065.0,36076923.993755,20175437.069,VCR,IYC,Consumer Discretionary
2022-01-18,5.762365830191753,4.363098624788363,318.10001,78.5,-0.021171,-0.017399,0.0,0.0,-0.021170532919855593,-0.01739892351983978,0.0,-0.0037716094000158143,215641.0,90460.0,37710698.4015005,11458822.794,VCR,IYC,Consumer Discretionary
2022-01-19,5.7463948654600765,4.350922889622548,313.06,77.55,-0.015844,-0.012102,0.0,0.0,-0.015844105129075543,-0.012101910828025478,0.0,-0.003742194301050064,731306.0,106109.0,45666328.742874004,9722885.249000002,VCR,IYC,Consumer Discretionary
2022-01-20,5.725870103725357,4.331259517620229,306.70001,76.04,-0.020316,-0.019471,0.0,0.0,-0.020315562511978455,-0.019471308833010962,0.0,-0.000844253678967493,143666.0,1340725.0,46495975.9764335,14291579.703,VCR,IYC,Consumer Discretionary
2022-01-21,5.69786503442333,4.300002799195291,298.23001,73.7,-0.027617,-0.030773,0.0,0.0,-0.027616562516577823,-0.030773277222514467,0.0,0.003156714705936644,1045115.0,2652956.0,60623447.905490994,23686246.673,VCR,IYC,Consumer Discretionary
2022-01-24,5.715743950118452,4.312006449967072,303.60999,74.59,0.01804,0.012076,0.0,0.0,0.018039700297096173,0.012075983717774762,0.0,0.005963716579321411,305631.0,669915.0,64322783.2401755,25895352.1155,VCR,IYC,Consumer Discretionary
2022-01-25,5.698736397932009,4.29346860769209,298.48999,73.22,-0.016864,-0.018367,0.0,0.0,-0.016863740221459776,-0.01836707333422711,0.0,0.0015033331127673327,140004.0,237196.0,64784199.4856735,26455387.769500002,VCR,IYC,Consumer Discretionary
2022-01-26,5.690663462163048,4.286616449869223,296.09,72.72,-0.00804,-0.006829,0.0,0.0,-0.008040437134927102,-0.0068287353182190655,0.0,-0.0012117018167080362,924478.0,298444.0,76859083.74389149,26867410.8975,VCR,IYC,Consumer Discretionary
2022-01-27,5.669708528811154,4.273187854639731,289.95001,71.75,-0.020737,-0.013339,0.0,0.0,-0.020736904319632318,-0.01333883388338834,0.0,-0.007398070436243978,204948.0,1057418.0,77906096.7493655,30383760.214999996,VCR,IYC,Consumer Discretionary
2022-01-28,5.691068628476293,4.2937417198063095,296.20999,73.24,0.02159,0.020767,0.0,0.0,0.02158985957613864,0.020766550522648083,0.0,0.000823309053490557,212301.0,2626617.0,79940586.030215,39455611.609000005,VCR,IYC,Consumer Discretionary
2022-01-31,5.728279946256588,4.3288895362607525,307.44,75.86,0.037912,0.035773,-445480560.0,-144134000.0,-0.031094507997211966,-0.07509865308728395,-301346560.0,0.04400414509007198,109267.0,228203.0,80380031.55821499,40189885.18800001,VCR,IYC,Consumer Discretionary
2022-02-01,5.736056035206497,4.33872761652873,309.84,76.61,0.007806,0.009887,0.0,0.0,0.007806401249024047,0.009886633271816504,0.0,-0.0020802320227924567,117930.0,799935.0,79794343.7284315,41601150.1215,VCR,IYC,Consumer Discretionary
2022-02-02,5.729580167477342,4.334017415487521,307.84,76.25,-0.006455,-0.004699,0.0,0.0,-0.006454944487477409,-0.00469912544054301,0.0,-0.0017558190469343987,177017.0,289165.0,80545919.6355215,42051942.92,VCR,IYC,Consumer Discretionary
2022-02-03,5.69739545433135,4.306494572061445,298.09,74.18,-0.031672,-0.027148,0.0,0.0,-0.0316722972972973,-0.02714754098360656,0.0,-0.004524756313690741,131389.0,311571.0,80925574.912893,42806963.423,VCR,IYC,Consumer Discretionary
2022-02-04,5.72482616158455,4.3247946887187485,306.38,75.55,0.02781,0.018469,0.0,0.0,0.02781039283437904,0.01846858991641952,0.0,0.00934180291795952,102718.0,191388.0,80344807.4378035,43199830.28300001,VCR,IYC,Consumer Discretionary
2022-02-07,5.723552388999018,4.323735226296777,305.98999,75.47,-0.001273,-0.001059,0.0,0.0,-0.0012729616815720267,-0.0010589013898080742,0.0,-0.00021406029176395248,93999.0,152177.0,78738069.4092025,43412097.542500004,VCR,IYC,Consumer Discretionary
2022-02-08,5.740724985702303,4.338074747144699,311.29001,76.56,0.017321,0.014443,0.0,0.0,0.017320893405696144,0.01444282496356168,0.0,0.0028780684421344637,103119.0,134744.0,77695421.411551,42804704.88250001,VCR,IYC,Consumer Discretionary
2022-02-09,5.754570641488306,4.354783898280007,315.63,77.85,0.013942,0.01685,0.0,0.0,0.013941950787306054,0.016849529780564265,0.0,-0.002907578993258211,96022.0,163721.0,77608686.119551,43133929.635,VCR,IYC,Consumer Discretionary
2022-02-10,5.737958400909958,4.340423084818807,310.42999,76.74,-0.016475,-0.014258,0.0,0.0,-0.016475018217533305,-0.014258188824662813,0.0,-0.0022168293928704914,90945.0,179124.0,77856192.8766385,43505393.2635,VCR,IYC,Consumer Discretionary
2022-02-11,5.710592533477648,4.315619702476283,302.04999,74.86,-0.026995,-0.024498,0.0,0.0,-0.02699481451518264,-0.024498305968204327,0.0,-0.0024965085469783113,83512.0,412505.0,77500542.66288249,44713368.5665,VCR,IYC,Consumer Discretionary
2022-02-14,5.714227699530769,4.316954637930166,303.14999,74.96,0.003642,0.001336,0.0,0.0,0.00364178128262824,0.0013358268768367619,0.0,0.0023059544057914784,100227.0,228296.0,77708958.992935,45229229.832,VCR,IYC,Consumer Discretionary
2022-02-15,5.736475518602719,4.33872761652873,309.97,76.61,0.022497,0.022012,0.0,0.0,0.022497147369195156,0.022011739594450373,0.0,0.0004854077747447824,79028.0,92035.0,75504004.23811449,45226714.3995,VCR,IYC,Consumer Discretionary
2022-02-16,5.738248279333434,4.338858139272503,310.51999,76.62,0.001774,0.000131,0.0,0.0,0.0017743329999676176,0.00013053126223730585,0.0,0.0016438017377303118,60453.0,126928.0,64995464.667888,45301537.92,VCR,IYC,Consumer Discretionary
2022-02-17,5.710824289445247,4.31708803351497,302.12,74.97,-0.027051,-0.021535,0.0,0.0,-0.027051366322664153,-0.02153484729835552,0.0,-0.0055165190243086325,60813.0,122823.0,63710987.66405499,40664503.4855,VCR,IYC,Consumer Discretionary
2022-02-18,5.7034157740964355,4.311067545733388,299.89001,74.52,-0.007381,-0.006002,0.0,0.0,-0.007381139944392832,-0.006002400960384154,0.0,-0.0013787389840086784,93209.0,128268.0,49524377.216102,31366287.1935,VCR,IYC,Consumer Discretionary
2022-02-22,5.672738869640391,4.2837244833835015,290.82999,72.51,-0.030211,-0.026973,0.0,0.0,-0.03021114307875753,-0.026972624798711754,0.0,-0.0032385182800457775,194746.0,171110.0,47716644.835044496,29488198.506,VCR,IYC,Consumer Discretionary
2022-02-23,5.641907070938114,4.256746818247124,282.0,70.58,-0.030361,-0.026617,0.0,0.0,-0.03036134615965846,-0.026617018342297613,0.0,-0.003744327817360848,144207.0,207124.0,47660473.9070465,29350764.545999996,VCR,IYC,Consumer Discretionary
2022-02-24,5.665872901582981,4.2781927309286685,288.84,72.11,0.024255,0.021678,0.0,0.0,0.024255319148936003,0.021677529045055256,0.0,0.0025777901038807477,260850.0,229059.0,37741235.0560465,29091494.3865,VCR,IYC,Consumer Discretionary
2022-02-25,5.686568493921513,4.297285406218791,294.88,73.5,0.020911,0.019276,0.0,0.0,0.020911231131422407,0.01927610594924421,0.0,0.0016351251821781973,102988.0,162591.0,36288456.3955725,25895529.2365,VCR,IYC,Consumer Discretionary
2022-02-28,5.69170985968374,4.298237333944173,296.39999,73.57,0.005155,0.000952,-147607195.02,-106676499.99999999,-0.019449326583539255,-0.09061739522307356,-40930695.020000026,0.07116806863953432,86735.0,182377.0,34429585.197855495,16947731.577,VCR,IYC,Consumer Discretionary
2022-03-01,5.675657276646205,4.283034685466931,291.67999,72.46,-0.015924,-0.015088,0.0,0.0,-0.01592442698800361,-0.01508767160527389,0.0,-0.000836755382729721,74461.0,191977.0,33835872.060625,16777690.269,VCR,IYC,Consumer Discretionary
2022-03-02,5.697764435865178,4.301494223781961,298.20001,73.81,0.022353,0.018631,0.0,0.0,0.022353333185454467,0.018630968810378255,0.0,0.003722364375076212,59038.0,125794.0,32889157.110144,14177782.0085,VCR,IYC,Consumer Discretionary
2022-03-03,5.674216373388019,4.282896668766692,291.26001,72.45,-0.023273,-0.018426,0.0,0.0,-0.023272970379846734,-0.018425687576209184,0.0,-0.00484728280363755,66427.0,166174.0,31131887.880357504,13677305.760999998,VCR,IYC,Consumer Discretionary
2022-03-04,5.656166585755614,4.2642279738954265,286.04999,71.11,-0.017888,-0.018496,0.0,0.0,-0.017887865896866605,-0.01849551414768806,0.0,0.0006076482508214562,119193.0,63620.0,30878358.352761,12747889.831999999,VCR,IYC,Consumer Discretionary
2022-03-07,5.603888508670683,4.217741440366026,271.48001,67.88,-0.050935,-0.045423,0.0,0.0,-0.05093508306013216,-0.04542258472788649,0.0,-0.005512498332245673,781711.0,189004.0,39915766.8156165,12666401.238,VCR,IYC,Consumer Discretionary
2022-03-08,5.608078884142697,4.2181832991257,272.62,67.91,0.004199,0.000442,0.0,0.0,0.004199167371476031,0.0004419563936359499,0.0,0.0037572109778400806,245272.0,393363.0,41820931.794116005,13427825.395,VCR,IYC,Consumer Discretionary
2022-03-09,5.63764263653912,4.24592050167689,280.79999,69.82,0.030005,0.028125,0.0,0.0,0.030005098672144327,0.028125460167869116,0.0,0.0018796385042752113,75101.0,171185.0,41270354.069506004,13509632.197999999,VCR,IYC,Consumer Discretionary
2022-03-10,5.646223980794913,4.250350662548819,283.22,70.13,0.008618,0.00444,0.0,0.0,0.008618269537687882,0.004439988541965053,0.0,0.004178280995722828,108992.0,106148.0,41298418.588506,13244556.1675,VCR,IYC,Consumer Discretionary
2022-03-11,5.627153378420267,4.232801305369117,277.87,68.91,-0.01889,-0.017396,0.0,0.0,-0.01888990890473853,-0.017396264080992326,0.0,-0.0014936448237462055,72169.0,68556.0,40889495.8179785,12793467.077499999,VCR,IYC,Consumer Discretionary
2022-03-14,5.611228529611338,4.218477763203211,273.48001,67.93,-0.015799,-0.014222,0.0,0.0,-0.015798718825349934,-0.014221448265853892,0.0,-0.001577270559496042,147149.0,92216.0,41640371.379309,11562672.5065,VCR,IYC,Consumer Discretionary
2022-03-15,5.642899486132629,4.249209272783016,282.28,70.05,0.032178,0.031209,0.0,0.0,0.03217781804234956,0.031208597085234675,0.0,0.0009692209571148837,78495.0,56311.0,41229059.1069225,10904248.376,VCR,IYC,Consumer Discretionary
2022-03-16,5.677985885407785,4.279717015849312,292.35999,72.22,0.035709,0.030978,0.0,0.0,0.035709189457276594,0.03097787294789436,0.0,0.004731316509382234,90364.0,113401.0,41325184.5557405,10961199.3195,VCR,IYC,Consumer Discretionary
2022-03-17,5.694809033490888,4.2937417198063095,297.32001,73.24,0.016966,0.014124,0.0,0.0,0.01696545413071066,0.014123511492661198,0.0,0.0028419426380494606,106601.0,85896.0,41971321.8272675,10789489.3035,VCR,IYC,Consumer Discretionary
2022-03-18,5.715216885236222,4.310933344565636,303.45001,74.51,0.020618,0.01734,0.0,0.0,0.020617515787114363,0.01734025122883693,0.0,0.003277264558277433,63458.0,792530.0,42015497.1859965,13281657.803,VCR,IYC,Consumer Discretionary
2022-03-21,5.705114886601031,4.298916727950875,300.39999,73.62,-0.010051,-0.011945,0.0,0.0,-0.010051144832718992,-0.011944705408669976,0.0,0.0018935605759509838,83641.0,173567.0,41874162.5670715,13442631.362,VCR,IYC,Consumer Discretionary
2022-03-22,5.726945462682629,4.31895370569792,307.03,75.11,0.022071,0.020239,0.0,0.0,0.022070606593562022,0.020239065471339194,0.0,0.0018315411222228281,145654.0,91095.0,41278271.0864445,13164379.3295,VCR,IYC,Consumer Discretionary
2022-03-23,5.711684504552055,4.303794786404308,302.38,73.98,-0.015145,-0.015045,0.0,0.0,-0.015145099827378277,-0.015044601251497803,0.0,-0.00010049857588047446,99547.0,101575.0,40750003.4794445,12809164.6585,VCR,IYC,Consumer Discretionary
2022-03-24,5.717652506175064,4.311335894051113,304.19,74.54,0.007519,0.00877,0.0,0.0,0.005985845624710629,0.0075696134090295795,0.0,-0.0015837677843189507,71998.0,44268.0,38077861.3604445,12148279.27,VCR,IYC,Consumer Discretionary
2022-03-25,5.715315743420974,4.309724722918476,303.48001,74.42,-0.002334,-0.00161,0.0,0.0,-0.0023340346493967144,-0.0016098738932118094,0.0,-0.000724160756184905,77650.0,33084.0,37737667.4272695,11673862.909,VCR,IYC,Consumer Discretionary
2022-03-28,5.7383771194207,4.326381780706431,310.56,75.67,0.023329,0.016797,0.0,0.0,0.0233293454814371,0.01679656006449879,0.0,0.0065327854169383096,148948.0,56913.0,38765119.314637,11218319.45,VCR,IYC,Consumer Discretionary
2022-03-29,5.757923377422455,4.348469851145039,316.69,77.36,0.019739,0.022334,0.0,0.0,0.019738536836682124,0.02233381789348487,0.0,-0.0025952810568027444,715409.0,51493.0,49007323.9383675,10721961.703,VCR,IYC,Consumer Discretionary
2022-03-30,5.740500057591364,4.3357208817973705,311.22,76.38,-0.017272,-0.012668,0.0,0.0,-0.01727241150652042,-0.012668045501551189,0.0,-0.004604366004969232,112475.0,112282.0,49877290.8038485,10686523.904000001,VCR,IYC,Consumer Discretionary
2022-03-31,5.721098319660326,4.318021304697969,305.23999,75.04,-0.019215,-0.017544,221298992.74999997,-78792000.0,0.01661281101046338,-0.0891812865497075,300090992.75,0.10579409756017089,64802.0,83798.0,49898922.461233996,10398968.684999999,VCR,IYC,Consumer Discretionary
2022-04-01,5.7221789176600755,4.319219946381069,305.57001,75.13,0.001081,0.001199,0.0,0.0,0.001081182056125824,0.0011993603411511477,0.0,-0.00011817828502532369,69464.0,82816.0,49255470.3970625,10483866.079,VCR,IYC,Consumer Discretionary
2022-04-04,5.743291607750914,4.334935027140031,312.09,76.32,0.021337,0.015839,0.0,0.0,0.021337139727815372,0.01583921203247704,0.0,0.005497927695338332,61208.0,86813.0,39599645.128207,10173664.911,VCR,IYC,Consumer Discretionary
2022-04-05,5.7202134111139475,4.316153890523174,304.97,74.9,-0.022814,-0.018606,0.0,0.0,-0.02281393187862446,-0.01860587002096413,0.0,-0.004208061857660331,90151.0,52153.0,37631010.019707,9033313.8295,VCR,IYC,Consumer Discretionary
2022-04-06,5.693799442935032,4.29592393562047,297.01999,73.4,-0.026068,-0.020027,0.0,0.0,-0.026068170639735246,-0.02002670226969292,0.0,-0.006041468370042324,115298.0,102864.0,38288882.5576085,8813217.8745,VCR,IYC,Consumer Discretionary
2022-04-07,5.697194152579344,4.298780886070615,298.03,73.61,0.0034,0.002861,0.0,0.0,0.003400478196770415,0.002861035422343202,0.0,0.0005394427744272127,74857.0,65743.0,37860928.4311085,8682977.024,VCR,IYC,Consumer Discretionary
2022-04-08,5.6896835164700725,4.29346860769209,295.79999,73.22,-0.007483,-0.005298,0.0,0.0,-0.007482501761567516,-0.005298193180274419,0.0,-0.0021843085812930972,137020.0,37006.0,38884774.1610985,8582246.292,VCR,IYC,Consumer Discretionary
2022-04-11,5.674387992246747,4.280824129164719,291.31,72.3,-0.015179,-0.012565,0.0,0.0,-0.015179141824852622,-0.012564872985523081,0.0,-0.002614268839329541,109385.0,63982.0,38465905.879024,8500329.578,VCR,IYC,Consumer Discretionary
2022-04-12,5.676959260612326,4.280270725719494,292.06,72.26,0.002575,-0.000553,0.0,0.0,0.0025745769111942605,-0.0005532503457813426,0.0,0.0031278272569756032,70010.0,64298.0,38380383.479024,8535408.9745,VCR,IYC,Consumer Discretionary
2022-04-13,5.701880633969817,4.302712827954156,299.42999,73.9,0.025235,0.022696,0.0,0.0,0.02523450660823114,0.022695820647661222,0.0,0.0025386859605699176,74924.0,75790.0,38181167.200744,8405962.013500001,VCR,IYC,Consumer Discretionary
2022-04-14,5.687043116755896,4.292648823522665,295.01999,73.16,-0.014728,-0.010014,0.0,0.0,-0.014727983659886574,-0.010013531799729483,0.0,-0.004714451860157091,48198.0,70806.0,37307405.3553445,8350419.209500002,VCR,IYC,Consumer Discretionary
2022-04-18,5.688770354535698,4.288539791580417,295.53,72.86,0.001729,-0.004101,0.0,0.0,0.001728730314172835,-0.004100601421541826,0.0,0.005829331735714661,95210.0,58295.0,37751459.3836155,5610217.3795,VCR,IYC,Consumer Discretionary
2022-04-19,5.718506902900699,4.316554344376219,304.45001,74.93,0.030183,0.028411,0.0,0.0,0.03018309477887206,0.028410650562723152,0.0,0.0017724442161489093,83279.0,75954.0,37762886.224575505,5255878.9135,VCR,IYC,Consumer Discretionary
2022-04-20,5.705980058199688,4.298101399736121,300.66,73.56,-0.012449,-0.018284,0.0,0.0,-0.012448710381057194,-0.01828373148271732,0.0,0.005835021101660124,81619.0,74314.0,36753857.2705755,5187098.533000001,VCR,IYC,Consumer Discretionary
2022-04-21,5.6927215610008535,4.2837244833835015,296.70001,72.51,-0.013171,-0.014274,0.0,0.0,-0.01317099048759407,-0.01427406199021195,0.0,0.0011030715026178802,88879.0,63220.0,36567326.187015004,5040576.718,VCR,IYC,Consumer Discretionary
2022-04-22,5.667498777578954,4.258445572902527,289.31,70.7,-0.024907,-0.024962,0.0,0.0,-0.024907346649567057,-0.02496207419666265,0.0,5.4727547095591994e-05,81164.0,129555.0,36646350.448015,5333566.806999999,VCR,IYC,Consumer Discretionary
2022-04-25,5.677712246923017,4.267036570040212,292.28,71.31,0.010266,0.008628,0.0,0.0,0.010265804846012767,0.008628005657708628,0.0,0.0016377991883041385,103508.0,76910.0,36980755.22119,5484683.848,VCR,IYC,Consumer Discretionary
2022-04-26,5.629489834170281,4.225665179549459,278.51999,68.42,-0.047078,-0.040527,0.0,0.0,-0.0470781784590118,-0.040527275276959755,0.0,-0.006550903182052044,99149.0,79197.0,36048639.6016155,5540286.4495,VCR,IYC,Consumer Discretionary
2022-04-27,5.629058892540724,4.222591181666628,278.39999,68.21,-0.000431,-0.003069,0.0,0.0,-0.0004308487875502222,-0.003069277988892267,0.0,0.002638429201342045,513438.0,103331.0,31867552.4943965,5693521.901,VCR,IYC,Consumer Discretionary
2022-04-28,5.651471083236333,4.2437698090420275,284.70999,69.67,0.022665,0.021405,0.0,0.0,0.022665230699182137,0.021404486145726567,0.0,0.0012607445534555707,90354.0,100606.0,31403563.341219503,5615177.944,VCR,IYC,Consumer Discretionary
2022-04-29,5.599014376077313,4.199605072879594,270.16,66.66,-0.051105,-0.043204,-128326000.00000001,-33330000.0,-0.07301424923498746,-0.07903874283742136,-94996000.00000001,0.0060244936024339,193703.0,83935.0,33031095.3736205,5580523.203,VCR,IYC,Consumer Discretionary
2022-05-02,5.615715959385726,4.211683054639334,274.70999,67.47,0.016842,0.012151,0.0,0.0,0.016841834468462904,0.012151215121512151,0.0,0.004690619346950753,762446.0,112481.0,42442366.2666655,5648879.5525,VCR,IYC,Consumer Discretionary
2022-05-03,5.611520976229896,4.2078220459818745,273.56,67.21,-0.004186,-0.003854,0.0,0.0,-0.004186196504903177,-0.003853564547206303,0.0,-0.00033263195769687396,83662.0,80875.0,42631574.866665505,5589381.582,VCR,IYC,Consumer Discretionary
2022-05-04,5.639599481422206,4.232656178019613,281.35001,68.9,0.028476,0.025145,0.0,0.0,0.028476421991519278,0.025145067698259468,0.0,0.0033313542932598104,171575.0,166508.0,43670538.74145301,5967688.657,VCR,IYC,Consumer Discretionary
2022-05-05,5.581539545945344,4.183423245305645,265.48001,65.59,-0.056407,-0.048041,0.0,0.0,-0.0564066089779062,-0.04804063860667647,0.0,-0.008365970371229728,141154.0,133688.0,43831926.46767901,6028607.573000001,VCR,IYC,Consumer Discretionary
2022-05-06,5.567466217417179,4.164803025870662,261.76999,64.38,-0.013975,-0.018448,0.0,0.0,-0.013974762167592303,-0.018447934136301265,0.0,0.004473171968708962,224532.0,79935.0,45655231.851913005,6043951.2265,VCR,IYC,Consumer Discretionary
2022-05-09,5.523059599289841,4.128907006571212,250.39999,62.11,-0.043435,-0.035259,0.0,0.0,-0.04343507825324057,-0.03525939732836285,0.0,-0.00817568092487772,204249.0,2410738.0,46185903.4982985,13395019.1195,VCR,IYC,Consumer Discretionary
2022-05-10,5.519699367242586,4.126166174545057,249.56,61.94,-0.003355,-0.002737,0.0,0.0,-0.003354592785726496,-0.0027370793753018837,0.0,-0.0006175134104246124,1455771.0,735930.0,62757766.818798505,15442899.399500001,VCR,IYC,Consumer Discretionary
2022-05-11,5.4823041610637135,4.096675177560383,240.39999,60.14,-0.036705,-0.02906,0.0,0.0,-0.036704640166693434,-0.029060381013884404,0.0,-0.00764425915280903,243919.0,170958.0,64667317.046839,15724661.431499999,VCR,IYC,Consumer Discretionary
2022-05-12,5.493308326442654,4.1047898200836395,243.06,60.63,0.011065,0.008148,0.0,0.0,0.011064933904531416,0.008147655470568673,0.0,0.002917278433962743,219605.0,232009.0,66214451.983301006,16147952.664999997,VCR,IYC,Consumer Discretionary
2022-05-13,5.532677812621244,4.140910031369422,252.82001,62.86,0.040155,0.036781,0.0,0.0,0.040154735456265994,0.0367804717136731,0.0,0.0033742637425928923,164518.0,100853.0,67583155.429659,16205925.296,VCR,IYC,Consumer Discretionary
2022-05-16,5.512056837786952,4.124388683570477,247.66,61.83,-0.02041,-0.016386,0.0,0.0,-0.020409816454006205,-0.016385618835507477,0.0,-0.004024197618498728,89741.0,93902.0,67287547.667659,16283854.644,VCR,IYC,Consumer Discretionary
2022-05-17,5.537806596398332,4.143610803525019,254.12,63.03,0.026084,0.019408,0.0,0.0,0.02608414762173948,0.019408054342552158,0.0,0.0066760932791873236,172347.0,82170.0,68209674.0305195,16258251.738,VCR,IYC,Consumer Discretionary
2022-05-18,5.47201854104838,4.079400114836278,237.94,59.11,-0.063671,-0.062193,0.0,0.0,-0.06367070675271526,-0.062192606695224494,0.0,-0.0014781000574907652,175284.0,2477681.0,69068049.3515195,23307711.0415,VCR,IYC,Consumer Discretionary
2022-05-19,5.472858736023029,4.080245637842599,238.14,59.16,0.000841,0.000846,0.0,0.0,0.0008405480373203329,0.000845880561664693,0.0,-5.332524344360068e-06,150276.0,203639.0,69538865.67408,23680871.0935,VCR,IYC,Consumer Discretionary
2022-05-20,5.457071718908896,4.069026754237811,234.41,58.5,-0.015663,-0.011156,0.0,0.0,-0.015663055345595027,-0.011156186612576065,0.0,-0.004506868733018962,181162.0,206059.0,70488097.05307999,23825616.7435,VCR,IYC,Consumer Discretionary
2022-05-23,5.462135494222252,4.078892457663179,235.60001,59.08,0.005077,0.009915,0.0,0.0,0.005076617891728225,0.009914529914529915,0.0,-0.00483791202280169,149104.0,135405.0,70731876.335632,23951380.5085,VCR,IYC,Consumer Discretionary
2022-05-24,5.43345996049033,4.052827882019167,228.94,57.56,-0.028268,-0.025728,0.0,0.0,-0.0282682925183238,-0.025727826675693975,0.0,-0.0025404658426298257,141216.0,744229.0,70967626.9632065,25822338.6335,VCR,IYC,Consumer Discretionary
2022-05-25,5.465440679584095,4.077876369514794,236.38,59.02,0.032498,0.025365,0.0,0.0,0.03249759762383157,0.025364836692147324,0.0,0.007132760931684249,97469.0,88174.0,64972556.37092551,25730129.732,VCR,IYC,Consumer Discretionary
2022-05-26,5.512016418654678,4.120986493168521,247.64999,61.62,0.047677,0.044053,0.0,0.0,0.047677426178187605,0.04405286343612335,0.0,0.003624562742064255,92506.0,137542.0,64831777.5478495,25803435.632999998,VCR,IYC,Consumer Discretionary
2022-05-27,5.543339819580688,4.149936935645806,255.53,63.43,0.031819,0.029374,0.0,0.0,0.031819141200046135,0.029373580006491398,0.0,0.002445561193554737,139685.0,91293.0,63999922.82634951,25813216.027499996,VCR,IYC,Consumer Discretionary
2022-05-31,5.546231537166113,4.152613470346076,256.26999,63.6,0.002896,0.00268,-429252233.25,-19080000.0,-0.0806912316107485,-0.02072875457549638,-410172233.25,-0.059962477035252114,107811.0,188047.0,54908782.36916699,26031750.834,VCR,IYC,Consumer Discretionary
2022-06-01,5.537688534966898,4.139795825126018,254.09,62.79,-0.008507,-0.012736,0.0,0.0,-0.008506614449861982,-0.012735849056603774,0.0,0.004229234606741792,146355.0,118143.0,55623820.63066699,26130880.345,VCR,IYC,Consumer Discretionary
2022-06-02,5.568153684029452,4.168988105217867,261.95001,64.65,0.030934,0.029623,0.0,0.0,0.0309339604077296,0.02962255136168195,0.0,0.0013114090460476513,113523.0,136337.0,54697056.78164099,25997969.6375,VCR,IYC,Consumer Discretionary
2022-06-03,5.541812414110144,4.146462516484207,255.14,63.21,-0.025997,-0.022274,0.0,0.0,-0.025997364917069537,-0.02227378190255235,0.0,-0.0037235830145171886,99081.0,266329.0,54087354.832063995,26401272.645999998,VCR,IYC,Consumer Discretionary
2022-06-06,5.551796156463131,4.151984341668515,257.70001,63.56,0.010034,0.005537,0.0,0.0,0.010033746178568686,0.005537098560354375,0.0,0.004496647618214311,109452.0,41551.0,52558856.937056,26276010.959,VCR,IYC,Consumer Discretionary
2022-06-07,5.55028158367044,4.152770690690713,257.31,63.61,-0.001513,0.000787,0.0,0.0,-0.0015134264061534746,0.0007866582756450598,0.0,-0.0023000846817985343,73207.0,41975.0,50943504.2176805,18922965.5875,VCR,IYC,Consumer Discretionary
2022-06-08,5.543339819580688,4.146146060785364,255.53,63.19,-0.006918,-0.006603,0.0,0.0,-0.006917725700516886,-0.006602735418959283,0.0,-0.000314990281557603,67154.0,49073.0,33636386.760680504,16798836.520999998,VCR,IYC,Consumer Discretionary
2022-06-09,5.523618548502259,4.124226936703971,250.53999,61.82,-0.019528,-0.020208,0.0,0.0,-0.019528078894846063,-0.02168064567178351,0.0,0.0021525667769374465,57439.0,68544.0,31424018.8269205,16496635.318999996,VCR,IYC,Consumer Discretionary
2022-06-10,5.481388600597096,4.087152091640596,240.17999,59.57,-0.041351,-0.036396,0.0,0.0,-0.04135068417620676,-0.036395988353283726,0.0,-0.004954695822923037,133212.0,82293.0,30354902.1033145,16038409.735999998,VCR,IYC,Consumer Discretionary
2022-06-13,5.431930005871957,4.040416220196545,228.59,56.85,-0.048256,-0.045661,0.0,0.0,-0.04825543543406754,-0.045660567399697836,0.0,-0.0025948680343697017,322831.0,130693.0,31965026.8975555,16092923.609499997,VCR,IYC,Consumer Discretionary
2022-06-14,5.430310076006534,4.037597828336212,228.22,56.69,-0.001619,-0.002814,0.0,0.0,-0.0016186184872479111,-0.002814423922603342,0.0,0.001195805435355431,170156.0,81563.0,32795414.2105555,16033815.899999997,VCR,IYC,Consumer Discretionary
2022-06-15,5.457796681093359,4.062509838702082,234.58,58.12,0.027868,0.025225,0.0,0.0,0.027867846814477258,0.025224907391074265,0.0,0.0026429394234029936,113020.0,454164.0,31931184.808555502,17094657.729,VCR,IYC,Consumer Discretionary
2022-06-16,5.406005216860347,4.017823424314358,222.74001,55.58,-0.050473,-0.043703,0.0,0.0,-0.05047314349049359,-0.04370268410185822,0.0,-0.0067704593886353664,722765.0,105948.0,37895265.226938,10066301.025499998,VCR,IYC,Consumer Discretionary
2022-06-17,5.419959612530141,4.029272565478386,225.87,56.22,0.014052,0.011515,0.0,0.0,0.01405221271203133,0.011514933429291111,0.0,0.0025372792827402183,169484.0,284395.0,38019996.448938,10263371.208499998,VCR,IYC,Consumer Discretionary
2022-06-21,5.44432066066788,4.048998460455224,231.44,57.34,0.02466,0.019922,0.0,0.0,0.024660202771505733,0.019921736036997508,0.0,0.004738466734508225,145636.0,219331.0,37581987.019938,10289470.610499999,VCR,IYC,Consumer Discretionary
2022-06-22,5.443499376392535,4.047776926405766,231.25,57.27,-0.000821,-0.001221,0.0,0.0,-0.0008209471137227792,-0.001220788280432508,0.0,0.00039984116670972877,161467.0,70599.0,37692504.012886,10091644.477,VCR,IYC,Consumer Discretionary
2022-06-23,5.458521118088372,4.063713518668578,234.75,58.19,0.017082,0.016064,0.0,0.0,0.015135135135135135,0.01606425702811245,0.0,-0.0009291218929773134,129489.0,141902.0,37595881.598386005,8362617.283999999,VCR,IYC,Consumer Discretionary
2022-06-24,5.495937960631161,4.099166252501314,243.7,60.29,0.038126,0.036089,0.0,0.0,0.03812566560170394,0.036088675030073895,0.0,0.0020369905716300443,84949.0,67670.0,37478999.052386,8306407.0249999985,VCR,IYC,Consumer Discretionary
2022-06-27,5.484796933490655,4.089164502180559,241.0,59.69,-0.011079,-0.009952,0.0,0.0,-0.01107919573245794,-0.009951899154088572,0.0,-0.0011272965783693679,114951.0,82408.0,37718703.103639,8128586.798999998,VCR,IYC,Consumer Discretionary
2022-06-28,5.446004344446802,4.055950174234789,231.83,57.74,-0.03805,-0.032669,0.0,0.0,-0.038049792531120334,-0.0326687887418328,0.0,-0.005381003789287533,175897.0,64043.0,37972927.776639,8023943.190499997,VCR,IYC,Consumer Discretionary
2022-06-29,5.443672291171642,4.0516110196351995,231.28999,57.49,-0.002329,-0.00433,0.0,0.0,-0.002329336151490379,-0.004329754069968826,0.0,0.002000417918478447,90081.0,51403.0,37633233.261504,7573711.653999999,VCR,IYC,Consumer Discretionary
2022-06-30,5.426974442720072,4.038479429380705,227.46001,56.74,-0.016559,-0.013046,28432501.25,-22696000.0,-0.009886207075081685,-0.044502456342658585,51128501.25,0.0346162492675769,163323.0,90157.0,37631338.72466551,7458577.114499998,VCR,IYC,Consumer Discretionary
2022-07-01,5.445184442357589,4.055430468722875,231.64,57.71,0.018377,0.017096,0.0,0.0,0.018376812697757226,0.01709552344025379,0.0,0.0012812892575034367,81887.0,75294.0,37092886.409403995,7235128.598999998,VCR,IYC,Consumer Discretionary
2022-07-05,5.469535887129199,4.076519977309548,237.35001,58.94,0.02465,0.021314,0.0,0.0,0.024650362631669896,0.021313463871079536,0.0,0.0033368987605903594,305073.0,44742.0,39449364.072440505,6525250.468499999,VCR,IYC,Consumer Discretionary
2022-07-06,5.4646365658644855,4.071246510976124,236.19,58.63,-0.004887,-0.00526,0.0,0.0,-0.004887339166322405,-0.005259586019681031,0.0,0.0003722468533586265,105246.0,100370.0,39281977.6347145,6687436.045499998,VCR,IYC,Consumer Discretionary
2022-07-07,5.490506742540341,4.094177881665002,242.38,59.99,0.026208,0.023196,0.0,0.0,0.026207714128455906,0.02319631587924271,0.0,0.003011398249213197,130710.0,55235.0,39924207.4662145,6719611.940499999,VCR,IYC,Consumer Discretionary
2022-07-08,5.489102960438635,4.0920085024245525,242.03999,59.86,-0.001403,-0.002167,0.0,0.0,-0.0014027972605001006,-0.0021670278379729954,0.0,0.0007642305774728949,136623.0,70765.0,40719625.862903,6776365.441999999,VCR,IYC,Consumer Discretionary
2022-07-11,5.462432521400004,4.068513802187579,235.67,58.47,-0.026318,-0.023221,0.0,0.0,-0.026317923744749724,-0.023220848646842634,0.0,-0.00309707509790709,80286.0,46469.0,40946137.6196225,6700348.059499999,VCR,IYC,Consumer Discretionary
2022-07-12,5.456858394676588,4.064915751531289,234.36,58.26,-0.005559,-0.003592,0.0,0.0,-0.005558620104383248,-0.0035915854284248334,0.0,-0.0019670346759584146,94862.0,43882.0,40457987.6942285,6583066.624999998,VCR,IYC,Consumer Discretionary
2022-07-13,5.4646365658644855,4.069881090043726,236.19,58.55,0.007809,0.004978,0.0,0.0,0.007808499743983615,0.0049776862341228975,0.0,0.0028308135098607176,105076.0,51379.0,38009085.8017285,6361983.794999999,VCR,IYC,Consumer Discretionary
2022-07-14,5.461031277035783,4.0669733654259685,235.34,58.38,-0.003599,-0.002903,0.0,0.0,-0.0035987975782209238,-0.0029035012809564475,0.0,-0.0006952962972644763,75865.0,339947.0,36960139.140728496,7123098.7645,VCR,IYC,Consumer Discretionary
2022-07-15,5.479054335211753,4.087152091640596,239.62,59.57,0.018186,0.020384,0.0,0.0,0.0181864536415399,0.02038369304556355,0.0,-0.0021972394040236515,108268.0,131032.0,36931686.4687285,6193576.992499999,VCR,IYC,Consumer Discretionary
2022-07-18,5.4823041610637135,4.090336540824562,240.39999,59.76,0.003255,0.00319,0.0,0.0,0.0032551122610799833,0.0031895249286553636,0.0,6.558733242461971e-05,104948.0,34261.0,30143727.209872,6001519.368499999,VCR,IYC,Consumer Discretionary
2022-07-19,5.514436302925282,4.119687369893896,248.25,61.54,0.032654,0.029786,0.0,0.0,0.03265395310540577,0.029785809906291833,0.0,0.0028681431991139338,95147.0,52511.0,29410671.793371998,5363661.370499999,VCR,IYC,Consumer Discretionary
2022-07-20,5.532400857900581,4.138361447638875,252.75,62.7,0.018127,0.01885,0.0,0.0,0.01812688821752266,0.018849528761780955,0.0,-0.0007226405442582948,125566.0,62291.0,29312212.326372005,4930121.6784999985,VCR,IYC,Consumer Discretionary
2022-07-21,5.5525331761928785,4.152613470346076,257.89001,63.6,0.020336,0.014354,0.0,0.0,0.020336340257171175,0.014354066985645933,0.0,0.005982273271525241,114256.0,67933.0,28918524.188,4943988.381999998,VCR,IYC,Consumer Discretionary
2022-07-22,5.544825820166979,4.144086654116915,255.91,63.06,-0.007678,-0.008491,0.0,0.0,-0.007677730517750627,-0.008490566037735849,0.0,0.000812835519985222,83950.0,32097.0,28472829.2755,4632326.353999998,VCR,IYC,Consumer Discretionary
2022-07-25,5.5354821592245,4.137882864236584,253.53,62.67,-0.0093,-0.006185,0.0,0.0,-0.009300144582079638,-0.006184586108468126,0.0,-0.003115558473611512,117771.0,47613.0,28930649.791999996,4577530.474499999,VCR,IYC,Consumer Discretionary
2022-07-26,5.501911058617531,4.106437809909484,245.16,60.73,-0.033014,-0.030956,0.0,0.0,-0.03301384451544196,-0.030955800223392373,0.0,-0.002058044292049588,133755.0,55557.0,29185059.031999998,4500282.628999999,VCR,IYC,Consumer Discretionary
2022-07-27,5.539379418364591,4.139955073474153,254.52,62.8,0.038179,0.034085,0.0,0.0,0.0381791483113069,0.034085295570558206,0.0,0.0040938527407486935,106432.0,90744.0,28500602.5885,4600326.647999999,VCR,IYC,Consumer Discretionary
2022-07-28,5.55644184813254,4.157475843662191,258.89999,63.91,0.017209,0.017675,0.0,0.0,0.0172088244538739,0.01767515923566879,0.0,-0.00046633478179488805,96162.0,98989.0,28703677.950959496,4768888.073999999,VCR,IYC,Consumer Discretionary
2022-07-29,5.593632693940371,4.182202802743785,268.70999,65.51,0.037891,0.025035,-87330746.75,-26204000.000000004,0.019704062293342595,-0.008710809246284326,-61126746.75,0.02841487153962692,100110.0,93242.0,28191233.245243,4818526.835999998,VCR,IYC,Consumer Discretionary
2022-08-01,5.599458458683974,4.1878349053094395,270.28,65.88,0.005843,0.005648,0.0,0.0,0.00584276751303501,0.005647992672874215,0.0,0.0001947748401607951,79706.0,68371.0,28319964.895243,4826480.072999999,VCR,IYC,Consumer Discretionary
2022-08-02,5.592515662227615,4.1837281233567865,268.41,65.61,-0.006919,-0.004098,0.0,0.0,-0.006918750924966509,-0.004098360655737705,0.0,-0.002820390269228804,99829.0,73459.0,26039266.0097065,4935607.648499998,VCR,IYC,Consumer Discretionary
2022-08-03,5.617207366124011,4.205289456173828,275.12,67.04,0.024999,0.021796,0.0,0.0,0.024999068589098766,0.021795458009449934,0.0,0.0032036105796488315,61403.0,39233.0,25641023.0407065,4772882.009499999,VCR,IYC,Consumer Discretionary
2022-08-04,5.6217767303753385,4.205438609727688,276.38,67.05,0.00458,0.000149,0.0,0.0,0.00457981971503344,0.0001491646778041446,0.0,0.0044306550372292955,39911.0,44855.0,24608478.6597065,4757581.014499998,VCR,IYC,Consumer Discretionary
2022-08-05,5.607455147733089,4.195546442731068,272.45001,66.39,-0.01422,-0.009843,0.0,0.0,-0.014219516607569236,-0.009843400447427294,0.0,-0.0043761161601419424,49045.0,18391.0,23623182.7190405,4606830.293999999,VCR,IYC,Consumer Discretionary
2022-08-08,5.613529449196934,4.203049479130317,274.10999,66.89,0.006093,0.007531,0.0,0.0,0.006092787443832248,0.007531254707034192,0.0,-0.0014384672632019434,57561.0,27537.0,23466034.89476,4563075.668999998,VCR,IYC,Consumer Discretionary
2022-08-09,5.595528889215947,4.187227556368814,269.22,65.84,-0.01784,-0.015698,0.0,0.0,-0.017839517633049175,-0.015697413664224846,0.0,-0.002142103968824329,82660.0,76049.0,23467128.238760002,4685600.710999999,VCR,IYC,Consumer Discretionary
2022-08-10,5.6248475226391905,4.215972050343799,277.23001,67.76,0.029753,0.029162,0.0,0.0,0.02975265582051839,0.029161603888214007,0.0,0.0005910519323043817,64270.0,74438.0,23117111.853895,4787384.632499998,VCR,IYC,Consumer Discretionary
2022-08-11,5.621306252831962,4.215972050343799,276.25,67.76,-0.003535,0.0,0.0,0.0,-0.0035350069063591442,0.0,0.0,-0.0035350069063591442,75180.0,41744.0,23262832.148895003,3936508.0114999986,VCR,IYC,Consumer Discretionary
2022-08-12,5.642970299836135,4.235120483100881,282.29999,69.07,0.0219,0.019333,0.0,0.0,0.021900416289592706,0.01933293978748494,0.0,0.0025674765021077676,78033.0,25475.0,23067108.996878497,3634207.1119999983,VCR,IYC,Consumer Discretionary
2022-08-15,5.649150243798066,4.24095546062884,284.04999,69.4742,0.006199,0.005852,0.0,0.0,0.006199079213569933,0.005852034168235272,0.0,0.0003470450453346612,61842.0,33830.0,22683945.063431498,3649350.8532999987,VCR,IYC,Consumer Discretionary
2022-08-16,5.661814024595753,4.254193263163997,287.67001,70.4,0.012744,0.013326,0.0,0.0,0.012744306028667805,0.013325810156864133,0.0,-0.0005815041281963286,61537.0,61504.0,22388050.396199998,3704268.586299998,VCR,IYC,Consumer Discretionary
2022-08-17,5.648481123642477,4.2414706271123945,283.85999,69.51,-0.013244,-0.012642,0.0,0.0,-0.013244411539458108,-0.012642045454545453,0.0,-0.000602366084912655,65020.0,42108.0,21724038.89869,3655332.655299998,VCR,IYC,Consumer Discretionary
2022-08-18,5.648375432152105,4.240751047315928,283.82999,69.46,-0.000106,-0.000719,0.0,0.0,-0.00010568590522390986,-0.0007193209610130957,0.0,0.0006136350557891858,85759.0,34526.0,21467813.6551825,3559214.513299999,VCR,IYC,Consumer Discretionary
2022-08-19,5.624522829753414,4.219948784356969,277.14001,68.03,-0.02357,-0.020587,0.0,0.0,-0.023570377464340434,-0.020587388424992657,0.0,-0.002982989039347777,74331.0,19998.0,21423636.134347998,3526035.869299999,VCR,IYC,Consumer Discretionary
2022-08-22,5.595231727468779,4.191168746857641,269.14001,66.1,-0.028866,-0.02837,0.0,0.0,-0.028866275930350148,-0.028369836836689845,0.0,-0.000496439093660303,65969.0,56825.0,20818456.9188325,3564647.1587999985,VCR,IYC,Consumer Discretionary
2022-08-23,5.598495993294805,4.191622501686571,270.01999,66.13,0.00327,0.000454,0.0,0.0,0.0032695993434791455,0.0004538577912255696,0.0,0.002815741552253576,149971.0,45888.0,21203646.524847,3547677.0002999986,VCR,IYC,Consumer Discretionary
2022-08-24,5.602893391670987,4.198103796512953,271.20999,66.56,0.004407,0.006502,0.0,0.0,0.004407081120179288,0.006502343868138515,0.0,-0.002095262747959227,67561.0,24761.0,20765353.7995665,3345145.448299999,VCR,IYC,Consumer Discretionary
2022-08-25,5.615752397149166,4.2104966389581255,274.72,67.39,0.012942,0.01247,0.0,0.0,0.012942038012685548,0.012469951923076924,0.0,0.0004720860896086244,69031.0,48330.0,20468746.573647503,3191674.0337999985,VCR,IYC,Consumer Discretionary
2022-08-26,5.576592873154657,4.174387269895637,264.17001,65.0,-0.038403,-0.035465,0.0,0.0,-0.03840270093185802,-0.035465202552307465,0.0,-0.0029374983795505544,60955.0,52364.0,19928842.86668,3056442.8627999984,VCR,IYC,Consumer Discretionary
2022-08-29,5.570898529535159,4.169761201506855,262.67001,64.7,-0.005678,-0.004615,0.0,0.0,-0.005678161574813129,-0.004615384615384616,0.0,-0.0010627769594285129,83810.0,32804.0,19952414.659585,2937349.7287999988,VCR,IYC,Consumer Discretionary
2022-08-30,5.559411632601137,4.15997623565093,259.67001,64.07,-0.011421,-0.009737,0.0,0.0,-0.01142117442337631,-0.009737248840803866,0.0,-0.0016839255825724445,57524.0,45344.0,19359522.447847,2841626.9832999986,VCR,IYC,Consumer Discretionary
2022-08-31,5.550553592065519,4.1530850572447005,257.38,63.63,-0.008819,-0.006867,-38349620.0,-15907500.0,-0.01692374095359853,-0.027997967648416305,-22442120.0,0.011074226694817776,99484.0,64793.0,19795122.375847,2916256.896799999,VCR,IYC,Consumer Discretionary
2022-09-01,5.554740904406338,4.159039321153912,258.45999,64.01,0.004196,0.005972,0.0,0.0,0.004196091382391892,0.005972025774005972,0.0,-0.0017759343916140796,79642.0,50545.0,20272805.793026,2927649.7817999986,VCR,IYC,Consumer Discretionary
2022-09-02,5.545763171345586,4.151039905898646,256.14999,63.5,-0.008938,-0.007968,0.0,0.0,-0.008937553545521688,-0.007967505077331667,0.0,-0.0009700484681900209,112947.0,22277.0,21051258.90203,2937330.3322999985,VCR,IYC,Consumer Discretionary
2022-09-06,5.542948360354,4.1455128487965,255.42999,63.15,-0.002811,-0.005512,0.0,0.0,-0.0028108531255457004,-0.005511811023622047,0.0,0.0027009578980763467,69833.0,97366.0,21154228.769893996,3152665.980799998,VCR,IYC,Consumer Discretionary
2022-09-07,5.572876204808402,4.175002465239555,263.19,65.04,0.03038,0.029929,0.0,0.0,0.03038018362683244,0.029928741092636744,0.0,0.0004514425341956979,71485.0,26852.0,20982249.367394,2989635.3767999983,VCR,IYC,Consumer Discretionary
2022-09-08,5.582330215625433,4.181744752502934,265.69,65.48,0.009499,0.006765,0.0,0.0,0.009498841141380752,0.006765067650676347,0.0,0.002733773490704405,50176.0,22106.0,20757933.802259002,2809814.4767999984,VCR,IYC,Consumer Discretionary
2022-09-09,5.603151497817383,4.200954297280359,271.28,66.75,0.02104,0.019395,0.0,0.0,0.021039557378900023,0.01939523518631643,0.0,0.0016443221925835916,63752.0,22721.0,20584242.180259,2744217.1422999986,VCR,IYC,Consumer Discretionary
2022-09-12,5.617061928098574,4.212868064406208,275.07999,67.55,0.014008,0.011985,0.0,0.0,0.014007630492480385,0.01198501872659176,0.0,0.002022611765888624,52654.0,62092.0,20207009.513948496,2865954.9597999984,VCR,IYC,Consumer Discretionary
2022-09-13,5.563907192525002,4.165424143903053,260.84,64.42,-0.051767,-0.046336,0.0,0.0,-0.051766724289905724,-0.0463360473723168,0.0,-0.005430676917588924,69763.0,78712.0,20238547.5858695,3001970.7024999983,VCR,IYC,Consumer Discretionary
2022-09-14,5.575721804588683,4.174079530240954,263.94,64.98,0.011885,0.008693,0.0,0.0,0.011884680263763226,0.008692952499223843,0.0,0.0031917277645393833,51439.0,50528.0,20032270.598601002,2949642.0944999987,VCR,IYC,Consumer Discretionary
2022-09-15,5.570098651367096,4.1705337005796475,262.45999,64.75,-0.005607,-0.00354,0.0,0.0,-0.005607372887777429,-0.0035395506309633734,0.0,-0.0020678222568140557,45770.0,58436.0,19710081.458226,2992482.2904999983,VCR,IYC,Consumer Discretionary
2022-09-16,5.559912065745351,4.158414223462046,259.79999,63.97,-0.010135,-0.012046,0.0,0.0,-0.010134878081798497,-0.012046332046332046,0.0,0.001911453964533549,82569.0,56677.0,19565603.921321,3053854.8769999985,VCR,IYC,Consumer Discretionary
2022-09-19,5.5733700605762815,4.170688128809434,263.32001,64.76,0.013549,0.01235,0.0,0.0,0.013548961260545295,0.01234953884633422,0.0,0.0011994224142110755,84091.0,31831.0,19642741.365201004,3088900.4579999982,VCR,IYC,Consumer Discretionary
2022-09-20,5.554973021712967,4.153242203469586,258.51999,63.64,-0.018229,-0.017295,0.0,0.0,-0.018228846337959664,-0.017294626312538603,0.0,-0.0009342200254210606,52501.0,66980.0,19433624.398966003,3114224.1929999986,VCR,IYC,Consumer Discretionary
2022-09-21,5.53247998434468,4.132121926556131,252.77,62.31,-0.022242,-0.020899,0.0,0.0,-0.02224195506119285,-0.020898805782526713,0.0,-0.0013431492786661371,57012.0,45628.0,18129412.164951496,3104649.554999999,VCR,IYC,Consumer Discretionary
2022-09-22,5.507280854288412,4.108411819433536,246.48,60.85,-0.024884,-0.023431,0.0,0.0,-0.024884282153736597,-0.023431230942063876,0.0,-0.0014530512116727214,103605.0,73516.0,18490079.278232,3245917.3769999985,VCR,IYC,Consumer Discretionary
2022-09-23,5.485045865160197,4.0868162958013095,241.06,59.55,-0.02199,-0.021364,0.0,0.0,-0.02198961376176566,-0.021364009860312245,0.0,-0.0006256039014534143,132952.0,111726.0,19144339.918232,3415733.6069999984,VCR,IYC,Consumer Discretionary
2022-09-26,5.481721628671652,4.0814281702888735,240.25999,59.23,-0.003319,-0.003571,0.0,0.0,-0.0033187173317847317,-0.005373635600335852,0.0,0.0020549182685511203,148193.0,69661.0,20119458.205158003,3451851.6584999985,VCR,IYC,Consumer Discretionary
2022-09-27,5.485833740219095,4.08260930600368,241.25,59.3,0.004121,0.001182,0.0,0.0,0.004120577878988622,0.0011818335303055885,0.0,0.002938744348683033,87042.0,47477.0,20068683.653253,3486500.0234999983,VCR,IYC,Consumer Discretionary
2022-09-28,5.512500896490735,4.111856987306732,247.77,61.06,0.029366,0.02968,0.0,0.0,0.027025906735751296,0.029679595278246207,0.0,-0.0026536885424949114,77331.0,71400.0,20279835.863991,3559224.7194999987,VCR,IYC,Consumer Discretionary
2022-09-29,5.477467273975385,4.080583646972063,239.24001,59.18,-0.034427,-0.030789,0.0,0.0,-0.034427049279573685,-0.030789387487717,0.0,-0.0036376617918566848,78034.0,41849.0,19933019.015008,3476916.980999998,VCR,IYC,Consumer Discretionary
2022-09-30,5.459883384669946,4.063885354737392,235.07001,58.2,-0.01743,-0.01656,-52890752.25,-14550000.0,-0.029662707818996326,-0.03793878660534552,-38340752.25,0.008276078786349193,67198.0,49813.0,19693617.215428002,3460103.5384999984,VCR,IYC,Consumer Discretionary
2022-10-03,5.465017542439035,4.074991833706286,236.28,58.85,0.005147,0.011168,0.0,0.0,0.005147360141772228,0.011168384879725086,0.0,-0.006021024737952858,235108.0,59359.0,21024614.481401503,3564037.9209999987,VCR,IYC,Consumer Discretionary
2022-10-04,5.503052518178891,4.110381939919725,245.44,60.97,0.038768,0.036024,0.0,0.0,0.038767563907228714,0.03602378929481733,0.0,0.002743774612411383,134736.0,56798.0,21786222.548818,3429753.4789999984,VCR,IYC,Consumer Discretionary
2022-10-05,5.498151389369956,4.105449341954206,244.24001,60.67,-0.004889,-0.004921,0.0,0.0,-0.004889137874836914,-0.004920452681646712,0.0,3.131480680979796e-05,73160.0,35587.0,21738945.647898,3450383.939499999,VCR,IYC,Consumer Discretionary
2022-10-06,5.491249102454007,4.10082352831981,242.56,60.39,-0.006879,-0.004615,0.0,0.0,-0.006878520845131097,-0.004615131036756222,0.0,-0.002263389808374875,64398.0,25929.0,21853401.519898,3456301.5109999985,VCR,IYC,Consumer Discretionary
2022-10-07,5.457498188258243,4.069026754237811,234.50999,58.5,-0.033188,-0.031297,0.0,0.0,-0.03318770613456465,-0.03129657228017884,0.0,-0.0018911338543858083,89273.0,33925.0,22035439.908761498,3479700.7984999986,VCR,IYC,Consumer Discretionary
2022-10-10,5.450480357945144,4.06336975792267,232.87,58.17,-0.006993,-0.005641,0.0,0.0,-0.0069932628456467845,-0.0056410256410256415,0.0,-0.001352237204621143,105911.0,43072.0,22544411.5475885,3395259.9804999987,VCR,IYC,Consumer Discretionary
2022-10-11,5.444709454763107,4.055776969072842,231.53,57.73,-0.005754,-0.007564,0.0,0.0,-0.0057542835058186975,-0.007564036444902871,0.0,0.0018097529390841737,186293.0,73716.0,23791183.4160885,3354509.8624999984,VCR,IYC,Consumer Discretionary
2022-10-12,5.447512889839857,4.05871738457895,232.17999,57.9,0.002807,0.002945,0.0,0.0,0.002807368375588472,0.002944742768058202,0.0,-0.0001373743924697299,109260.0,83354.0,24380742.2184585,3431654.2204999984,VCR,IYC,Consumer Discretionary
2022-10-13,5.45728504029488,4.070905330488338,234.46001,58.61,0.00982,0.012263,0.0,0.0,0.009820053829789562,0.01226252158894646,0.0,-0.0024424677591568973,92396.0,100721.0,24863260.885541502,3537630.5609999984,VCR,IYC,Consumer Discretionary
2022-10-14,5.41969393771455,4.0427003290697625,225.81,56.98,-0.036893,-0.027811,0.0,0.0,-0.036893327779010165,-0.02781095376215663,0.0,-0.009082374016853537,212074.0,126063.0,26185111.113826,3715502.663499999,VCR,IYC,Consumer Discretionary
2022-10-17,5.459457846420514,4.07533162304017,234.97,58.87,0.040565,0.03317,0.0,0.0,0.040565076834506886,0.033169533169533166,0.0,0.007395543664973719,67807.0,152442.0,25874599.505280502,4061146.9124999987,VCR,IYC,Consumer Discretionary
2022-10-18,5.473782135878778,4.090336540824562,238.36,59.76,0.014427,0.015118,0.0,0.0,0.014427373707281895,0.015118056735179209,0.0,-0.0006906830278973139,75358.0,108060.0,26094088.249531,4170899.8324999986,VCR,IYC,Consumer Discretionary
2022-10-19,5.458606311477417,4.081765780015241,234.77,59.25,-0.015061,-0.008534,0.0,0.0,-0.015061251887900765,-0.00853413654618474,0.0,-0.006527115341716025,57347.0,31513.0,26046709.847031,4122103.0609999984,VCR,IYC,Consumer Discretionary
2022-10-20,5.442114590992637,4.069197679800145,230.92999,58.51,-0.016357,-0.01249,0.0,0.0,-0.016356476551518513,-0.01248945147679325,0.0,-0.003867025074725264,63867.0,38441.0,25507322.1105975,4010889.7764999988,VCR,IYC,Consumer Discretionary
2022-10-21,5.469577975982566,4.09567700745588,237.36,60.08,0.027844,0.026833,0.0,0.0,0.027843979900575182,0.026833019996581782,0.0,0.0010109599039933997,58670.0,29392.0,24601147.2145975,3766519.1794999987,VCR,IYC,Consumer Discretionary
2022-10-24,5.474327422658667,4.101651137404539,238.49001,60.44,0.004761,0.005992,0.0,0.0,0.0047607431749240574,0.005992010652463382,0.0,-0.0012312674775393244,77831.0,151790.0,23749000.5781095,4018927.5079999985,VCR,IYC,Consumer Discretionary
2022-10-25,5.500318994108818,4.124873767256924,244.77,61.86,0.026332,0.023494,0.0,0.0,0.026332297944052244,0.023494374586366645,0.0,0.002837923357685599,94337.0,83571.0,23853599.8276095,4136643.305999999,VCR,IYC,Consumer Discretionary
2022-10-26,5.491702495697971,4.1198498526304625,242.67,61.55,-0.00858,-0.005011,0.0,0.0,-0.00857948277975242,-0.005011315874555448,0.0,-0.0035681669051969723,56259.0,24120.0,23578203.3106095,3992888.4059999986,VCR,IYC,Consumer Discretionary
2022-10-27,5.487035049446218,4.115779842942166,241.53999,61.3,-0.004657,-0.004062,0.0,0.0,-0.004656570651502154,-0.004061738424045491,0.0,-0.0005948322274566629,112630.0,78072.0,24004993.0172775,4108347.894999998,VCR,IYC,Consumer Discretionary
2022-10-28,5.489268250040046,4.123093975508087,242.08,61.75,0.002236,0.007341,0.0,0.0,0.0022356960435413937,0.00734094616639478,0.0,-0.005105250122853386,92256.0,21057.0,24331847.9146785,4028405.5524999984,VCR,IYC,Consumer Discretionary
2022-10-31,5.483468208803205,4.115779842942166,240.67999,61.3,-0.005783,-0.007287,-42118998.25,6130000.0,-0.015531568723331756,0.0015366621682411155,-48248998.25,-0.01706823089157287,63597.0,43229.0,22319608.268880002,3986238.579999998,VCR,IYC,Consumer Discretionary
2022-11-01,5.473656267914107,4.110053855927281,238.33,60.95,-0.009764,-0.00571,0.0,0.0,-0.009763960851086951,-0.005709624796084829,0.0,-0.004054336055002122,81813.0,33153.0,21641052.69138,3914123.6444999976,VCR,IYC,Consumer Discretionary
2022-11-02,5.4343767673155945,4.073291153024268,229.14999,58.75,-0.038518,-0.036095,0.0,0.0,-0.038518063189694966,-0.03609515996718622,0.0,-0.0024229032225087446,63592.0,109736.0,21476228.043004,4128519.979999998,VCR,IYC,Consumer Discretionary
2022-11-03,5.428380250846205,4.068684815441523,227.78,58.48,-0.005979,-0.004596,0.0,0.0,-0.005978573248028503,-0.004595744680851064,0.0,-0.0013828285671774396,143710.0,215662.0,22331922.289003998,4680823.052499998,VCR,IYC,Consumer Discretionary
2022-11-04,5.438470536731441,4.074991833706286,230.09,58.85,0.010141,0.006327,0.0,0.0,0.010141364474492931,0.006326949384404925,0.0,0.0038144150900880063,85645.0,30681.0,22270454.6746405,4671871.269999999,VCR,IYC,Consumer Discretionary
2022-11-07,5.4345076773644765,4.073120925770474,229.17999,58.74,-0.003955,-0.001869,0.0,0.0,-0.003955017601807993,-0.001869158878504673,0.0,-0.0020858587233033203,81732.0,165434.0,21973846.8932745,5032476.015999998,VCR,IYC,Consumer Discretionary
2022-11-08,5.433896617129363,4.073461351305676,229.03999,58.76,-0.000611,0.00034,0.0,0.0,-0.0006108735758300714,0.00034048348655090226,0.0,-0.0009513570623809737,99676.0,160896.0,20958715.4809365,5292407.229999999,VCR,IYC,Consumer Discretionary
2022-11-09,5.40294761562612,4.0418224429629905,222.06,56.93,-0.030475,-0.031144,0.0,0.0,-0.030474983866354513,-0.03114363512593601,0.0,0.0006686512595814979,137492.0,143857.0,21216889.871566497,5460586.350499999,VCR,IYC,Consumer Discretionary
2022-11-10,5.475752001768597,4.106108429142343,238.83,60.71,0.07552,0.066397,0.0,0.0,0.07552012969467711,0.06639733005445284,0.0,0.009122799640224277,108193.0,57748.0,21425718.2268685,5340717.513999999,VCR,IYC,Consumer Discretionary
2022-11-11,5.500564092149261,4.131800899266054,244.83,62.29,0.025123,0.026025,0.0,0.0,0.025122472051249845,0.026025366496458573,0.0,-0.0009028944452087288,70036.0,26037.0,19888642.4238685,5062656.2634999985,VCR,IYC,Consumer Discretionary
2022-11-14,5.4838005451444305,4.117735515012677,240.75999,61.42,-0.016624,-0.013967,0.0,0.0,-0.01662382061021934,-0.013966928881040296,0.0,-0.002656891729179045,66932.0,44962.0,19897739.266902503,4752021.538499998,VCR,IYC,Consumer Discretionary
2022-11-15,5.498519770560679,4.135326543943721,244.33,62.51,0.014828,0.017747,0.0,0.0,0.014828086676694085,0.017746662324975578,0.0,-0.0029185756482814924,75678.0,66901.0,19924142.909902498,4638237.333999998,VCR,IYC,Consumer Discretionary
2022-11-16,5.482054587483153,4.121473229610353,240.34,61.65,-0.01633,-0.013758,0.0,0.0,-0.016330372856382763,-0.013757798752199648,0.0,-0.0025725741041831146,107181.0,26555.0,20538969.2274025,4626735.858999999,VCR,IYC,Consumer Discretionary
2022-11-17,5.470588629576031,4.110217911378391,237.60001,60.96,-0.011401,-0.011192,0.0,0.0,-0.011400474328035278,-0.01119221411192214,0.0,-0.00020826021611313784,60346.0,105398.0,20518439.454009,4835529.817499998,VCR,IYC,Consumer Discretionary
2022-11-18,5.472270673671475,4.1121844803504315,238.0,61.08,0.001683,0.001969,0.0,0.0,0.0016834595251069178,0.001968503937007874,0.0,-0.0002850444119009562,51787.0,36940.0,20438409.194009,4860051.009499999,VCR,IYC,Consumer Discretionary
2022-11-21,5.458691455017913,4.104459895963194,234.78999,60.61,-0.013487,-0.007695,0.0,0.0,-0.013487436974789921,-0.007694826457105435,0.0,-0.005792610517684486,66896.0,159097.0,20295638.9541455,4883485.087999998,VCR,IYC,Consumer Discretionary
2022-11-22,5.472312647580474,4.114963849424837,238.00999,61.25,0.013714,0.010559,0.0,0.0,0.013714383649831068,0.0105593136446131,0.0,0.003155070005217968,67496.0,47038.0,19944331.6938975,4769053.859999998,VCR,IYC,Consumer Discretionary
2022-11-23,5.4844649281755204,4.127134385045092,240.92,62.0,0.012226,0.012245,0.0,0.0,0.012226419571716302,0.012244897959183673,0.0,-1.847838746737128e-05,69341.0,38953.0,20096994.8033975,4815578.859999998,VCR,IYC,Consumer Discretionary
2022-11-25,5.485502079007979,4.126306623189918,241.17,61.9487,0.001038,-0.000827,0.0,0.0,0.0010376888593724059,-0.0008274193548387097,0.0,0.0018651082142111155,28569.0,32264.0,19081261.6362125,4676223.822839999,VCR,IYC,Consumer Discretionary
2022-11-28,5.477195501564231,4.117246955439405,239.175,61.39,-0.008272,-0.009019,0.0,0.0,-0.008272173155865157,-0.009018752613049184,0.0,0.0007465794571840274,141307.0,37589.0,19654450.0984625,4726589.7708399985,VCR,IYC,Consumer Discretionary
2022-11-29,5.473949893244885,4.115779842942166,238.39999,61.3,-0.00324,-0.001466,0.0,0.0,-0.003240347026236024,-0.0014660368138133247,0.0,-0.0017743102124226993,62504.0,74887.0,19634171.481009,4823621.540839998,VCR,IYC,Consumer Discretionary
2022-11-30,5.507280854288412,4.147253217877503,246.48,63.26,0.033893,0.031974,12816960.0,9489000.0,0.03693472602233694,0.045612320428886605,3327960.0,-0.008677594406549666,71228.0,100687.0,19537060.738509,5041060.754339999,VCR,IYC,Consumer Discretionary
2022-12-01,5.507321465278121,4.146304301152812,246.49001,63.2,4.1e-05,-0.000948,0.0,0.0,4.061181434599156e-05,-0.0009484666455896301,0.0,0.0009890784599356217,123838.0,38278.0,20334696.923224,4839669.734339999,VCR,IYC,Consumer Discretionary
2022-12-02,5.505209577276196,4.146348603968896,245.97,63.2028,-0.00211,4.4e-05,0.0,0.0,-0.0021096595354919254,4.430379746835443e-05,0.0,-0.0021539633329602796,51203.0,26654.0,19327703.828723997,4293304.417899998,VCR,IYC,Consumer Discretionary
2022-12-05,5.476212474389078,4.121129293747756,238.94,61.6288,-0.028581,-0.024904,0.0,0.0,-0.02858072122616579,-0.024903959951141405,0.0,-0.003676761275024386,99284.0,22915.0,19528546.874224,4273636.772999998,VCR,IYC,Consumer Discretionary
2022-12-06,5.4594153294508,4.104624871629657,234.96001,60.62,-0.016657,-0.016369,0.0,0.0,-0.0166568594626266,-0.016368970351523963,0.0,-0.000287889111102637,60266.0,32254.0,19299984.925223,3885518.9889999987,VCR,IYC,Consumer Discretionary
2022-12-07,5.454123817686236,4.098834467494953,233.72,60.27,-0.005278,-0.005774,0.0,0.0,-0.005277536377360556,-0.005773672055427252,0.0,0.0004961356780666957,86022.0,31245.0,19163748.515061,3506963.3484999985,VCR,IYC,Consumer Discretionary
2022-12-08,5.465313799549378,4.107754249132018,236.35001,60.81,0.011253,0.00896,0.0,0.0,0.011252823891836385,0.008959681433549029,0.0,0.0022931424582873557,58483.0,20894.0,18328297.7208025,3161002.604999998,VCR,IYC,Consumer Discretionary
2022-12-09,5.4580098052816295,4.102478062118823,234.63,60.49,-0.007277,-0.005262,0.0,0.0,-0.00727738492585636,-0.005262292386120704,0.0,-0.002015092539735656,89115.0,40058.0,18081763.6338025,3106863.971999998,VCR,IYC,Consumer Discretionary
2022-12-12,5.462474910283905,4.109725664260403,235.67999,60.93,0.004475,0.007274,0.0,0.0,0.0044750884371137535,0.007273929575136387,0.0,-0.002798841138022633,93769.0,32145.0,18329391.788917996,3123701.4779999987,VCR,IYC,Consumer Discretionary
2022-12-13,5.464340150372489,4.109315273151922,236.12,60.905,0.001867,0.001174,0.0,0.0,0.0018669807309479264,-0.00041030690956835714,0.0,0.0022772876405162835,96470.0,46168.0,18662589.226384,3126216.2779999985,VCR,IYC,Consumer Discretionary
2022-12-14,5.459032169587933,4.104129862956897,234.87,60.59,-0.005294,-0.005172,0.0,0.0,-0.005293918346603422,-0.005171989163451277,0.0,-0.00012192918315214515,92609.0,66715.0,18825622.730884,3119230.2949999985,VCR,IYC,Consumer Discretionary
2022-12-15,5.437209365414655,4.079907514424331,229.8,59.14,-0.018772,-0.023931,0.0,0.0,-0.02158640950312939,-0.023931341805578477,0.0,0.0023449323024490876,152464.0,36667.0,19289440.013884,3145798.826499998,VCR,IYC,Consumer Discretionary
2022-12-16,5.419295293100939,4.06474409244581,225.72,58.25,-0.017755,-0.015049,0.0,0.0,-0.017754569190600523,-0.015049036185322962,0.0,-0.002705533005277561,180299.0,38375.0,20607384.017711002,2936312.9099999983,VCR,IYC,Consumer Discretionary
2022-12-19,5.40294761562612,4.048126088420487,222.06,57.29,-0.016215,-0.016481,0.0,0.0,-0.01621477937267411,-0.01648068669527897,0.0,0.0002659073226048622,240173.0,57735.0,22657759.536711,2988880.0574999982,VCR,IYC,Consumer Discretionary
2022-12-20,5.392990980150718,4.04234926710372,219.86,56.96,-0.009907,-0.00576,0.0,0.0,-0.00990723227956396,-0.005760167568511084,0.0,-0.004147064711052877,299190.0,148733.0,25161429.648159005,2930328.1829999983,VCR,IYC,Consumer Discretionary
2022-12-21,5.408784819574008,4.0578534536396855,223.36,57.85,0.015919,0.015625,0.0,0.0,0.015919221322659872,0.015625,0.0,0.0002942213226598718,128994.0,72204.0,25798798.525907002,2995124.3779999986,VCR,IYC,Consumer Discretionary
2022-12-22,5.3846326679999565,4.03706849440237,218.03,56.66,-0.023863,-0.02057,0.0,0.0,-0.02386282234957032,-0.020570440795159895,0.0,-0.0032923815544104243,806647.0,186571.0,33757179.110407,3402925.7209999985,VCR,IYC,Consumer Discretionary
2022-12-23,5.391170029129042,4.043577445168448,219.46001,57.03,0.006559,0.00653,0.0,0.0,0.006558776315185984,0.006530180021178962,0.0,2.859629400702151e-05,121441.0,124368.0,34745251.9776275,3657625.4301599986,VCR,IYC,Consumer Discretionary
2022-12-27,5.37671256397541,4.0314047624482265,216.31,56.34,-0.014354,-0.012099,0.0,0.0,-0.014353457834983239,-0.01209889531825355,0.0,-0.0022545625167296884,175465.0,143959.0,34953138.598877504,3947778.4976599985,VCR,IYC,Consumer Discretionary
2022-12-28,5.365742342862826,4.019800597601577,213.95,55.69,-0.01091,-0.011537,0.0,0.0,-0.01091026767139753,-0.011537096201632943,0.0,0.0006268285302354123,145918.0,79484.0,35769048.7551295,3939573.0406599985,VCR,IYC,Consumer Discretionary
2022-12-29,5.391306718951026,4.04305126783455,219.49001,57.0,0.025894,0.023523,0.0,0.0,0.025893947183921476,0.023523074160531513,0.0,0.0023708730233899626,158969.0,309262.0,36635840.253114,4502496.759659998,VCR,IYC,Consumer Discretionary
2022-12-30,5.389163049847613,4.04234926710372,219.02,56.96,-0.002141,-0.000702,-202593500.0,0.0,-0.05421580072441283,-0.0007017543859649122,-202593500.0,-0.05351404633844792,132558.0,114076.0,36561241.418195,4706426.727659998,VCR,IYC,Consumer Discretionary
2023-01-03,5.383531249846726,4.039008017182635,217.78999,56.77,-0.005616,-0.003336,0.0,0.0,-0.005615971144187745,-0.0033356741573033707,0.0,-0.0022802969868843744,97061.0,101407.0,36988467.0336645,4910040.125599999,VCR,IYC,Consumer Discretionary
2023-01-04,5.399654800453954,4.058199115585747,221.33,57.87,0.016254,0.019376,0.0,0.0,0.016254236477994236,0.019376431213669193,0.0,-0.0031221947356749567,81891.0,51577.0,36708567.8371645,4988666.977499998,VCR,IYC,Consumer Discretionary
2023-01-05,5.391488897435831,4.052306550875202,219.53,57.53,-0.008133,-0.005875,0.0,0.0,-0.008132652600189761,-0.005875237601520649,0.0,-0.002257414998669112,66656.0,47010.0,36732212.4230315,5026129.368499998,VCR,IYC,Consumer Discretionary
2023-01-06,5.413920205078677,4.076010855533596,224.50999,58.91,0.022685,0.023988,0.0,0.0,0.02268478112330889,0.023987484790544064,0.0,-0.0013027036672351756,88945.0,191082.0,36725411.384059,5494804.591999998,VCR,IYC,Consumer Discretionary
2023-01-09,5.419472443809677,4.078723181319144,225.75999,59.07,0.005568,0.002716,0.0,0.0,0.005567680974908956,0.0027160074690205397,0.0,0.002851673505888416,109679.0,45585.0,37272344.999478,5565911.682499999,VCR,IYC,Consumer Discretionary
2023-01-10,5.432891964844257,4.091005660956586,228.81,59.8,0.01351,0.012358,0.0,0.0,0.013509966934353603,0.012358219062129677,0.0,0.0011517478722239266,72913.0,37547.0,37061053.553477995,5557021.791499998,VCR,IYC,Consumer Discretionary
2023-01-11,5.458734087953942,4.110053855927281,234.8,60.95,0.026179,0.019231,0.0,0.0,0.02617892574625235,0.019230769230769232,0.0,0.0069481565154831185,120398.0,55191.0,37369552.22436251,5627286.6214999985,VCR,IYC,Consumer Discretionary
2023-01-12,5.463323201132304,4.114963849424837,235.88,61.25,0.0046,0.004922,0.0,0.0,0.0045996592844974446,0.004922067268252666,0.0,-0.00032240798375522163,64763.0,48624.0,36994442.226362504,5635604.519499999,VCR,IYC,Consumer Discretionary
2023-01-13,5.473068674511823,4.121311010451915,238.19,61.64,0.009793,0.006367,0.0,0.0,0.0097931151432932,0.00636734693877551,0.0,0.00342576820451769,83063.0,36527.0,36896127.2333625,5546067.640999999,VCR,IYC,Consumer Discretionary
2023-01-17,5.473656267914107,4.12260802749496,238.33,61.72,0.000588,0.001298,0.0,0.0,0.0005877660691044964,0.0012978585334198572,0.0,-0.0007100924643153607,152895.0,69880.0,36966289.1408625,5653293.001999998,VCR,IYC,Consumer Discretionary
2023-01-18,5.460138552679514,4.108411819433536,235.13,60.85,-0.013427,-0.014096,0.0,0.0,-0.013426761213443545,-0.014095917044718081,0.0,0.0006691558312745365,99494.0,155602.0,36101135.8378625,6014944.899499998,VCR,IYC,Consumer Discretionary
2023-01-19,5.443369638247176,4.093177214470094,231.22,59.93,-0.016629,-0.015119,0.0,0.0,-0.016629098796410495,-0.015119145439605587,0.0,-0.0015099533568049082,135422.0,52841.0,35000108.7608625,6007901.048499999,VCR,IYC,Consumer Discretionary
2023-01-20,5.467384807663575,4.117735515012677,236.84,61.42,0.024306,0.024862,0.0,0.0,0.024305855894818786,0.024862339395961955,0.0,-0.0005564835011431686,103031.0,37995.0,32931206.1928625,5700992.109499998,VCR,IYC,Consumer Discretionary
2023-01-23,5.484381868109824,4.13596623691292,240.89999,62.55,0.017142,0.018398,0.0,0.0,0.01714233237628779,0.018397915988277433,0.0,-0.001255583611989644,103354.0,81466.0,32735500.079185497,5746926.954499999,VCR,IYC,Consumer Discretionary
2023-01-24,5.481222086602572,4.135806352029695,240.14,62.54,-0.003155,-0.00016,0.0,0.0,-0.003154794651506627,-0.0001598721023181455,0.0,-0.0029949225491884817,60050.0,86684.0,24662858.158685498,5489432.179499999,VCR,IYC,Consumer Discretionary
2023-01-25,5.486786653928226,4.141705133581938,241.48,62.91,0.00558,0.005916,0.0,0.0,0.005580078287665528,0.0059162136232811,0.0,-0.0003361353356155722,71744.0,35551.0,24196523.060964998,5246622.497999998,VCR,IYC,Consumer Discretionary
2023-01-26,5.505534767311987,4.15512603448196,246.05,63.76,0.018925,0.013511,0.0,0.0,0.018924962729832698,0.013511365442695916,0.0,0.005413597287136782,214919.0,134263.0,24942822.350965,5269120.438999998,VCR,IYC,Consumer Discretionary
2023-01-27,5.527641776937328,4.170688128809434,251.55,64.76,0.022353,0.015684,0.0,0.0,0.02235318024791709,0.015683814303638646,0.0,0.006669365944278444,179543.0,44776.0,25640066.628465,5192781.928999999,VCR,IYC,Consumer Discretionary
2023-01-30,5.511774152272703,4.15481230898919,247.59,63.74,-0.015742,-0.015751,0.0,0.0,-0.015742397137745976,-0.015750463248919086,0.0,8.06611117310993e-06,170250.0,35870.0,26003071.1334805,4425702.918999998,VCR,IYC,Consumer Discretionary
2023-01-31,5.533073233190413,4.175002465239555,252.92,65.04,0.021528,0.020395,-82199000.0,-32520000.000000004,0.001765832145694014,-0.02396965934980407,-49679000.0,0.025735491495498083,101551.0,33537.0,25835642.4214805,4209876.794999998,VCR,IYC,Consumer Discretionary
2023-02-01,5.552649498089975,4.1920760507154355,257.92001,66.16,0.019769,0.01722,0.0,0.0,0.019769136485845325,0.017220172201721846,0.0,0.002548964284123479,129842.0,71699.0,26453139.207432,4159213.317499998,VCR,IYC,Consumer Discretionary
2023-02-02,5.580333417373191,4.214790715297968,265.16,67.68,0.028071,0.022975,0.0,0.0,0.028070679742917194,0.022974607013301254,0.0,0.005096072729615941,222390.0,1084016.0,28495339.075932004,7678285.411999999,VCR,IYC,Consumer Discretionary
2023-02-03,5.552378059279205,4.191773707553646,257.85001,66.14,-0.027568,-0.022754,0.0,0.0,-0.027568222959722433,-0.0227541371158394,0.0,-0.004814085843883032,288007.0,61040.0,31476819.8834355,7744920.426999998,VCR,IYC,Consumer Discretionary
2023-02-06,5.548648016633377,4.187531276948218,256.89001,65.86,-0.003723,-0.004233,0.0,0.0,-0.003723094678181207,-0.0042334442092530995,0.0,0.0005103495310718924,55267.0,90564.0,31188244.839541502,7480315.647999999,VCR,IYC,Consumer Discretionary
2023-02-07,5.551175086674557,4.191622501686571,257.54001,66.13,0.00253,0.0041,0.0,0.0,0.0025302657740562625,0.004099605223200729,0.0,-0.0015693394491444663,79163.0,45553.0,30969570.332962494,7496301.344999999,VCR,IYC,Consumer Discretionary
2023-02-08,5.539968589417986,4.181744752502934,254.67,65.48,-0.011144,-0.009829,0.0,0.0,-0.011143938372915338,-0.00982912445183729,0.0,-0.0013148139210780486,96743.0,22887.0,31367286.1469625,7458967.852999998,VCR,IYC,Consumer Discretionary
2023-02-09,5.536467749968769,4.177459468932607,253.78,65.2,-0.003495,-0.004276,0.0,0.0,-0.0034947186555149804,-0.004276114844227245,0.0,0.0007813961887122643,46034.0,32435.0,30537939.0529625,7396511.380499999,VCR,IYC,Consumer Discretionary
2023-02-10,5.523778230817407,4.164958341550092,250.58,64.39,-0.012609,-0.012423,0.0,0.0,-0.012609346678225235,-0.012423312883435582,0.0,-0.00018603379478965287,58499.0,46420.0,30507058.201962493,7397049.570499999,VCR,IYC,Consumer Discretionary
2023-02-13,5.539693725400603,4.179451348852659,254.60001,65.33,0.016043,0.014599,0.0,0.0,0.0160428206560779,0.014598540145985401,0.0,0.0014442805100924987,47158.0,18053.0,30118140.767041504,7343443.481000001,VCR,IYC,Consumer Discretionary
2023-02-14,5.550825565334644,4.188896879163323,257.45001,65.95,0.011194,0.00949,0.0,0.0,0.011194029411075156,0.009490280116332466,0.0,0.0017037492947426895,102527.0,36415.0,29615946.358305,7247872.263499999,VCR,IYC,Consumer Discretionary
2023-02-15,5.564443814351212,4.203796695783181,260.98001,66.94,0.013711,0.015012,0.0,0.0,0.013711399739312385,0.015011372251705837,0.0,-0.0012999725123934523,53390.0,505514.0,29142931.283999998,8466408.536499998,VCR,IYC,Consumer Discretionary
2023-02-16,5.5443958891447425,4.184794465144173,255.8,65.68,-0.019848,-0.018823,0.0,0.0,-0.019848301791390077,-0.018822826411711818,0.0,-0.001025475379678259,62450.0,76020.0,28376053.041999996,8557720.16,VCR,IYC,Consumer Discretionary
2023-02-17,5.54361376162701,4.183575695950044,255.60001,65.6,-0.000782,-0.001218,0.0,0.0,-0.0007818217357310399,-0.0012180267965898547,0.0,0.0004362050608588148,44945.0,29387.0,27730357.0624725,8537426.874999998,VCR,IYC,Consumer Discretionary
2023-02-21,5.509954977676045,4.154969184038536,247.14,63.75,-0.033099,-0.028201,0.0,0.0,-0.033098629377987895,-0.028201219512194963,0.0,-0.004897409865792932,117691.0,58807.0,27939765.871149503,8470089.272499997,VCR,IYC,Consumer Discretionary
2023-02-22,5.516528774816684,4.157945143631696,248.77,63.94,0.006595,0.00298,0.0,0.0,0.006595451970543012,0.002980392156862745,0.0,0.0036150598136802667,69535.0,34412.0,28083656.6186495,8309043.568499999,VCR,IYC,Consumer Discretionary
2023-02-23,5.514959831519887,4.154341536128396,248.38,63.71,-0.001568,-0.003597,0.0,0.0,-0.0015677131486915624,-0.0035971223021582736,0.0,0.002029409153466711,64609.0,33688.0,28019798.733649503,8304531.021999998,VCR,IYC,Consumer Discretionary
2023-02-24,5.500604935982869,4.139955073474153,244.84,62.8,-0.014252,-0.014284,0.0,0.0,-0.014252355262098398,-0.014283471982420342,0.0,3.111672032194389e-05,66724.0,16443.0,26192592.9441495,7928131.597999999,VCR,IYC,Consumer Discretionary
2023-02-27,5.5104808570190835,4.148674906767148,247.27,63.35,0.009925,0.008758,0.0,0.0,0.009924848880901813,0.00875796178343949,0.0,0.001166887097462323,62089.0,19087.0,24702028.2131495,7843604.982499999,VCR,IYC,Consumer Discretionary
2023-02-28,5.510925615946864,4.148043294556035,247.38,63.31,0.000445,-0.000631,68524260.0,22158500.0,0.017265690965985896,0.03116667862524216,46365760.0,-0.013900987659256264,78402.0,129932.0,23564172.6761495,8140587.038499999,VCR,IYC,Consumer Discretionary
2023-03-01,5.499542453761224,4.136445738240736,244.58,62.58,-0.011319,-0.011531,0.0,0.0,-0.011318619128466326,-0.011530563891960196,0.0,0.0002119447634938692,44269.0,95539.0,22821324.3311495,8330466.245499998,VCR,IYC,Consumer Discretionary
2023-03-02,5.49786470400706,4.138520924554929,244.17,62.71,-0.001676,0.002077,0.0,0.0,-0.0016763431188159294,0.0020773410035155003,0.0,-0.00375368412233143,72578.0,42566.0,22032950.3472285,8226751.646499999,VCR,IYC,Consumer Discretionary
2023-03-03,5.517533214524266,4.154655409326203,249.02,63.73,0.019863,0.016265,0.0,0.0,0.019863210058565752,0.016265348429277626,0.0,0.003597861629288126,54253.0,26789.0,19760007.8302285,4643804.650999999,VCR,IYC,Consumer Discretionary
2023-03-06,5.509671737761629,4.148201235012811,247.07001,63.32,-0.007831,-0.006433,0.0,0.0,-0.007830656172195008,-0.006433390867723207,0.0,-0.001397265304471801,57139.0,64851.0,16752744.1037945,4647263.636999998,VCR,IYC,Consumer Discretionary
2023-03-07,5.4977008702979075,4.136765278106052,244.13,62.6,-0.0119,-0.011371,0.0,0.0,-0.011899501683753519,-0.011370814908401769,0.0,-0.0005286867753517503,45720.0,29471.0,16600948.274661,4441280.614999998,VCR,IYC,Consumer Discretionary
2023-03-08,5.496717303971331,4.13660552093661,243.89,62.59,-0.000983,-0.00016,0.0,0.0,-0.0009830827837627493,-0.0001597444089456869,0.0,-0.0008233383748170624,30344.0,42522.0,15951596.1920795,4423732.219499998,VCR,IYC,Consumer Discretionary
2023-03-09,5.4718503752744425,4.111856987306732,237.89999,61.06,-0.02456,-0.024445,0.0,0.0,-0.02456029357497232,-0.02444479948873622,0.0,-0.00011549408623609883,48036.0,60469.0,15291107.3975615,4533412.038499998,VCR,IYC,Consumer Discretionary
2023-03-10,5.460053489732883,4.098502572370764,235.11,60.25,-0.011728,-0.013266,0.0,0.0,-0.011727575104143557,-0.01326564035375041,0.0,0.0015380652496068525,78370.0,25915.0,15628260.5065615,4505742.875999997,VCR,IYC,Consumer Discretionary
2023-03-13,5.458606311477417,4.09717388923226,234.77,60.17,-0.001446,-0.001328,0.0,0.0,-0.0014461315979754157,-0.0013278008298755186,0.0,-0.0001183307680998971,70642.0,47823.0,15724557.6525615,4500169.181499998,VCR,IYC,Consumer Discretionary
2023-03-14,5.473488377347477,4.111529386976201,238.28999,61.04,0.014993,0.014459,0.0,0.0,0.01499335519870512,0.01445903274056839,0.0,0.0005343224581367302,96131.0,46656.0,16269589.040417,4583593.168999998,VCR,IYC,Consumer Discretionary
2023-03-15,5.4716822652990995,4.108083088332614,237.86,60.83,-0.001804,-0.00344,0.0,0.0,-0.0018044820095044745,-0.0034403669724770644,0.0,0.00163588496297259,67333.0,83535.0,15750601.550653499,4717586.408999998,VCR,IYC,Consumer Discretionary
2023-03-16,5.4902592079867265,4.124598915392264,242.32001,61.843,0.018751,0.016653,0.0,0.0,0.018750567560750015,0.01665296728587868,0.0,0.0020976002748713356,55820.0,88043.0,15730230.561868498,3297873.2134499988,VCR,IYC,Consumer Discretionary
2023-03-17,5.476630860110449,4.1126755189068245,239.03999,61.11,-0.013536,-0.011853,0.0,0.0,-0.013535902379667274,-0.01185259447310124,0.0,-0.0016833079065660343,72862.0,19702.0,15802341.649437498,3108422.9944499983,VCR,IYC,Consumer Discretionary
2023-03-20,5.481513582382892,4.118061088839417,240.21001,61.44,0.004895,0.0054,0.0,0.0,0.004894662186021668,0.005400098183603338,0.0,-0.0005054359975816703,41370.0,54951.0,15724818.93265,3180843.1064499984,VCR,IYC,Consumer Discretionary
2023-03-21,5.506712695513338,4.140750935036256,246.34,62.85,0.025519,0.022949,0.0,0.0,0.02551929455396135,0.02294921875,0.0,0.0025700758039613504,51178.0,100048.0,14900870.671650002,3307796.6339499988,VCR,IYC,Consumer Discretionary
2023-03-22,5.484008240811595,4.119524860752399,240.81,61.53,-0.022449,-0.021002,0.0,0.0,-0.022448648209791346,-0.02100238663484487,0.0,-0.0014462615749464766,46047.0,30653.0,14590388.477650002,3292085.4244499984,VCR,IYC,Consumer Discretionary
2023-03-23,5.4823041610637135,4.119687369893896,240.39999,61.54,-0.001703,0.002367,0.0,0.0,-0.0017026286283792155,0.00016252234682268812,0.0,-0.0018651509752019037,88933.0,52606.0,14856983.922183502,3346640.9624499986,VCR,IYC,Consumer Discretionary
2023-03-24,5.477634414321693,4.119037174812473,239.28,61.5,-0.001768,-0.00065,0.0,0.0,-0.004658860426741287,-0.0006499837504062399,0.0,-0.004008876676335048,60931.0,31693.0,14769127.198183501,3392465.9174499987,VCR,IYC,Consumer Discretionary
2023-03-27,5.480472284458504,4.123255905716521,239.96001,61.76,0.002842,0.004228,0.0,0.0,0.002841900702106314,0.004227642276422764,0.0,-0.00138574157431645,74344.0,41858.0,14893469.195855502,3461265.3489499986,VCR,IYC,Consumer Discretionary
2023-03-28,5.480972201132111,4.1217975890034015,240.08,61.67,0.0005,-0.001457,0.0,0.0,0.0005000416527737315,-0.0014572538860103627,0.0,0.001957295538784094,48415.0,49569.0,14504888.5178555,3202811.614449999,VCR,IYC,Consumer Discretionary
2023-03-29,5.498642547781566,4.138201945285877,244.36,62.69,0.017827,0.01654,0.0,0.0,0.017827390869710098,0.016539646505594294,0.0,0.0012877443641158039,80993.0,32040.0,14953095.3908555,3004299.4634499983,VCR,IYC,Consumer Discretionary
2023-03-30,5.506996815251424,4.146462516484207,246.41,63.21,0.008389,0.008295,0.0,0.0,0.008389261744966443,0.008294783857074493,0.0,9.447788789195e-05,63928.0,47479.0,14854651.801855499,3020891.1499499986,VCR,IYC,Consumer Discretionary
2023-03-31,5.531609248914061,4.169606630055894,252.55,64.69,0.024918,0.023414,-56823750.0,-12938000.0,0.011151910779771734,0.00538028960175403,-43885750.0,0.005771621178017704,83376.0,61152.0,15231978.138855498,3133324.145449999,VCR,IYC,Consumer Discretionary
2023-04-03,5.525014596061544,4.164803025870662,250.89,64.38,-0.006573,-0.004792,0.0,0.0,-0.006572955850326668,-0.004792085330035554,0.0,-0.0017808705202911135,71827.0,24552.0,15427145.275286,3007038.7674499983,VCR,IYC,Consumer Discretionary
2023-04-04,5.5228998820565005,4.162470391269701,250.36,64.23,-0.002112,-0.00233,0.0,0.0,-0.0021124795727211127,-0.002329916123019571,0.0,0.00021743655029845838,45018.0,30659.0,15432599.419285998,3013255.9159499984,VCR,IYC,Consumer Discretionary
2023-04-05,5.502889491527014,4.147727338787214,245.39999,63.29,-0.019812,-0.014635,0.0,0.0,-0.019811511423550084,-0.014634905807255176,0.0,-0.005176605616294908,100725.0,24532.0,16298465.210923502,2957814.8309499985,VCR,IYC,Consumer Discretionary
2023-04-06,5.501584687857454,4.1470951276076295,245.08,63.25,-0.001304,-0.000632,0.0,0.0,-0.0013039527833721637,-0.0006320113762047717,0.0,-0.000671941407167392,78259.0,46180.0,16686062.8009415,2919247.2239499986,VCR,IYC,Consumer Discretionary
2023-04-10,5.5087809052153025,4.1540275643832745,246.85001,63.69,0.007222,0.006957,0.0,0.0,0.007222172351885094,0.006956521739130435,0.0,0.00026565061275465873,51091.0,26154.0,16395374.958987001,2924465.6994499983,VCR,IYC,Consumer Discretionary
2023-04-11,5.5112489931964,4.156693187286636,247.46001,63.86,0.002471,0.002669,0.0,0.0,0.0024711362174949882,0.0026691788349819437,0.0,-0.0001980426174869555,55838.0,39180.0,16257027.443906,2905691.9439499984,VCR,IYC,Consumer Discretionary
2023-04-12,5.495116942522644,4.141546163706395,243.5,62.9,-0.016003,-0.015033,0.0,0.0,-0.016002626040466088,-0.015032884434700909,0.0,-0.000969741605765179,41169.0,48882.0,15612907.267471502,2917031.7219499988,VCR,IYC,Consumer Discretionary
2023-04-13,5.514959831519887,4.159351723530711,248.38,64.03,0.020041,0.017965,0.0,0.0,0.02004106776180698,0.017965023847376787,0.0,0.0020760439144301944,54398.0,60161.0,15487684.660471503,2855565.4609499983,VCR,IYC,Consumer Discretionary
2023-04-14,5.516408214428216,4.157945143631696,248.74001,63.94,0.001449,-0.001406,0.0,0.0,0.0014494323214429457,-0.001405591129158207,0.0,0.0028550234506011527,39299.0,18696.0,15300131.195211003,2643094.4104999984,VCR,IYC,Consumer Discretionary
2023-04-17,5.522660198437729,4.163248540869312,250.3,64.28,0.006272,0.005317,0.0,0.0,0.006271568454146163,0.005317485142320926,0.0,0.0009540833118252372,61409.0,30201.0,15197818.242642,2679960.9634999987,VCR,IYC,Consumer Discretionary
2023-04-18,5.524895014596528,4.166975253257008,250.86,64.52,0.002237,0.003734,0.0,0.0,0.002237315221733919,0.00373366521468575,0.0,-0.0014963499929518307,46510.0,34469.0,15284318.766957004,2622348.4854999986,VCR,IYC,Consumer Discretionary
2023-04-19,5.5255326172323,4.164803025870662,251.02,64.38,0.000638,-0.00217,0.0,0.0,0.0006378059475404608,-0.0021698698078115313,0.0,0.002807675755351992,36790.0,27684.0,15115710.630957002,2397062.4414999983,VCR,IYC,Consumer Discretionary
2023-04-20,5.5129044151791256,4.156223299267966,247.87,63.83,-0.012549,-0.008543,0.0,0.0,-0.012548800892359175,-0.008543025784405094,0.0,-0.004005775107954081,101224.0,43184.0,15815801.371457001,2440580.2229999984,VCR,IYC,Consumer Discretionary
2023-04-21,5.522260598032811,4.16418152181088,250.2,64.34,0.0094,0.00799,0.0,0.0,0.009400088756202848,0.007989973366755445,0.0,0.0014101153894474031,39465.0,540702.0,15240533.9059235,4018149.8949999986,VCR,IYC,Consumer Discretionary
2023-04-24,5.522300605226118,4.165424143903053,250.21001,64.42,4e-05,0.001243,0.0,0.0,4.000799360511129e-05,0.0012433944668946222,0.0,-0.001203386473289511,39695.0,194347.0,15008159.739271,4546685.606999999,VCR,IYC,Consumer Discretionary
2023-04-25,5.500727457475334,4.145987795373939,244.87,63.18,-0.021342,-0.019249,0.0,0.0,-0.021342111772426686,-0.019248680533995654,0.0,-0.0020934312384310316,53649.0,44823.0,14773031.921599,4559023.959999999,VCR,IYC,Consumer Discretionary
2023-04-26,5.4970452669144585,4.138201945285877,243.97,62.69,-0.003675,-0.007756,0.0,0.0,-0.0036754196104055213,-0.007755618866729977,0.0,0.004080199256324456,113563.0,37268.0,15577156.517098999,4522994.494499998,VCR,IYC,Consumer Discretionary
2023-04-27,5.521940802699097,4.15997623565093,250.12,64.07,0.025208,0.022013,0.0,0.0,0.025208017379185967,0.02201308023608214,0.0,0.003194937143103826,34276.0,161924.0,15016239.699098999,4941288.648499998,VCR,IYC,Consumer Discretionary
2023-04-28,5.524057503813242,4.165113633110308,250.64999,64.4,0.002119,0.005151,250649.99,-22540000.000000004,0.0021795781674582046,-0.026401196561215996,22790649.990000002,0.0285807747286742,31939.0,37024.0,14628890.276629502,4910448.548999999,VCR,IYC,Consumer Discretionary
2023-05-01,5.5154428455366835,4.159195534541717,248.5,64.02,-0.008578,-0.005901,0.0,0.0,-0.00857765843118532,-0.005900621118012593,0.0,-0.0026770373131727275,32973.0,191160.0,13985749.361629501,5324555.564999999,VCR,IYC,Consumer Discretionary
2023-05-02,5.514677965565414,4.157632301458019,248.31,63.92,-0.000765,-0.001562,0.0,0.0,-0.0007645875251509055,-0.001562011871290222,0.0,0.0007974243461393165,34548.0,37260.0,13513646.254129503,5364605.636999998,VCR,IYC,Consumer Discretionary
2023-05-03,5.508010870137842,4.150094577326593,246.66,63.44,-0.006645,-0.007509,0.0,0.0,-0.006644919656880513,-0.007509386733416771,0.0,0.0008644670765362581,181544.0,26231.0,15189093.082129499,5349348.990499998,VCR,IYC,Consumer Discretionary
2023-05-04,5.49896865273092,4.139795825126018,244.4397,62.79,-0.009001,-0.010246,0.0,0.0,-0.0090014594989054,-0.010245901639344262,0.0,0.001244442140438862,49758.0,49642.0,14561338.912122,5427568.535499999,VCR,IYC,Consumer Discretionary
2023-05-05,5.519418874309788,4.1588830833596715,249.49001,64.0,0.020661,0.019271,0.0,0.0,0.02066076009748015,0.019270584487975792,0.0,0.0013901756095043571,36630.0,15254.0,14059294.079436999,5330337.085499999,VCR,IYC,Consumer Discretionary
2023-05-08,5.522819993899877,4.164958341550092,250.34,64.39,0.003407,0.006094,0.0,0.0,0.0034069099600420364,0.00609375,0.0,-0.002686840039957964,59536.0,24367.0,14173915.4983915,5325499.228999998,VCR,IYC,Consumer Discretionary
2023-05-09,5.522859978720032,4.1644923221241825,250.35001,64.36,4e-05,-0.000466,0.0,0.0,3.99856195573374e-05,-0.00046591085572293835,0.0,0.0005058964752802758,38567.0,14415.0,13965794.338256001,5246784.958999999,VCR,IYC,Consumer Discretionary
2023-05-10,5.525930912533698,4.164958341550092,251.12,64.39,0.003076,0.000466,0.0,0.0,0.003075653961427907,0.0004661280298321939,0.0,0.0026095259315957135,31230.0,37283.0,13856685.643256,5213083.687499998,VCR,IYC,Consumer Discretionary
2023-05-11,5.530618855647012,4.164647686064525,252.3,64.37,0.004699,-0.000311,0.0,0.0,0.004698948709780185,-0.00031060723714862557,0.0,0.00500955594692881,36633.0,80227.0,13643242.176256001,5278688.845499998,VCR,IYC,Consumer Discretionary
2023-05-12,5.522300605226118,4.158570534521372,250.21001,63.98,-0.008284,-0.006059,0.0,0.0,-0.008283749504558015,-0.006058723007612242,0.0,-0.0022250264969457733,42071.0,111117.0,13680809.760141999,5574381.016499998,VCR,IYC,Consumer Discretionary
2023-05-15,5.524615895681547,4.160756327741352,250.78999,64.12,0.002318,0.002188,0.0,0.0,0.0023179728101204848,0.002188183807439825,0.0,0.0001297890026806599,72249.0,23607.0,13818242.424517501,5552999.044499999,VCR,IYC,Consumer Discretionary
2023-05-16,5.519178274613285,4.153242203469586,249.42999,63.64,-0.005423,-0.007486,0.0,0.0,-0.00542286396677942,-0.007485963817841547,0.0,0.0020630998510621267,35948.0,16669.0,13683192.9585435,5494842.808499998,VCR,IYC,Consumer Discretionary
2023-05-17,5.539065051810604,4.169761201506855,254.44,64.7,0.020086,0.016656,0.0,0.0,0.02008583651067774,0.016656191074795726,0.0,0.003429645435882013,54330.0,21787.0,13912627.928543499,5476208.957499998,VCR,IYC,Consumer Discretionary
2023-05-18,5.553656977345895,4.186315840760911,258.17999,65.78,0.014699,0.016693,0.0,0.0,0.014698907404496099,0.01669242658423493,0.0,-0.0019935191797388323,55361.0,31310.0,13372763.405863,5441365.811499999,VCR,IYC,Consumer Discretionary
2023-05-19,5.541851568317348,4.175617282350837,255.14999,65.08,-0.011736,-0.010642,0.0,0.0,-0.011735998595398393,-0.010641532380662816,0.0,-0.001094466214735577,46840.0,16888.0,13476617.532442998,3756881.029499999,VCR,IYC,Consumer Discretionary
2023-05-22,5.5395365645894765,4.171922696867475,254.56,64.84,-0.002312,-0.003688,0.0,0.0,-0.0023123261733226643,-0.0036877688998156115,0.0,0.0013754427264929471,59244.0,19019.0,13734070.8470955,3192548.940499998,VCR,IYC,Consumer Discretionary
2023-05-23,5.528992484277593,4.160756327741352,251.89,64.12,-0.010489,-0.011104,0.0,0.0,-0.010488686360779384,-0.011104256631708822,0.0,0.0006155702709294379,35919.0,43990.0,13529601.1610955,3191985.0234999983,VCR,IYC,Consumer Discretionary
2023-05-24,5.526607610887116,4.1570063233468115,251.28999,63.88,-0.002382,-0.003743,0.0,0.0,-0.002382031839294981,-0.0037429819089207735,0.0,0.0013609500696257926,41057.0,16843.0,12660163.561567,3128965.0194999985,VCR,IYC,Consumer Discretionary
2023-05-25,5.519619182909139,4.151197373814884,249.53999,63.51,-0.006964,-0.005792,0.0,0.0,-0.006964065699552935,-0.0057921102066374455,0.0,-0.0011719554929154894,50699.0,20418.0,12864079.3032175,2675078.8444999983,VCR,IYC,Consumer Discretionary
2023-05-26,5.5397722376335,4.170070272750237,254.62,64.72,0.020358,0.019052,0.0,0.0,0.020357498611745607,0.019052117776728075,0.0,0.0013053808350175326,49519.0,21045.0,13094230.190687,2623963.1844999986,VCR,IYC,Consumer Discretionary
2023-05-30,5.545138420280629,4.174233411906258,255.99001,64.99,0.005381,0.004172,0.0,0.0,0.005380606393841854,0.004171817058096415,0.0,0.0012087893357454384,63741.0,32423.0,13500393.627057498,2117418.562999998,VCR,IYC,Consumer Discretionary
2023-05-31,5.5343771431287925,4.1675950239616935,253.25,64.56,-0.010704,-0.006616,159547500.0,0.0,0.027005562940531587,-0.006616402523465148,159547500.0,0.033621965463996734,28114.0,17480.0,13427456.458057499,2054761.042999999,VCR,IYC,Consumer Discretionary
2023-06-01,5.545646084650602,4.174387269895637,256.12,65.0,0.011333,0.006815,0.0,0.0,0.011332675222112537,0.006815365551425031,0.0,0.004517309670687506,81506.0,68353.0,12232240.142057499,2193703.5609999984,VCR,IYC,Consumer Discretionary
2023-06-02,5.5721920922899715,4.1956970564823886,263.01001,66.4,0.026902,0.021539,0.0,0.0,0.02690149148836481,0.021538461538461708,0.0,0.005363029949903102,71133.0,99839.0,12559533.164494,2369317.9819999984,VCR,IYC,Consumer Discretionary
2023-06-05,5.572838170725185,4.196449785159254,263.17999,66.45,0.000646,0.000753,0.0,0.0,0.0006462871888410381,0.0007530120481926047,0.0,-0.00010672485935156657,48303.0,119297.0,12738211.3640275,2716869.464499999,VCR,IYC,Consumer Discretionary
2023-06-06,5.586349415250984,4.205885936955008,266.76001,67.08,0.013603,0.009481,0.0,0.0,0.013602933870466547,0.009480812641083521,0.0,0.004122121229383026,65898.0,28774.0,12871946.808976501,2734927.9039999982,VCR,IYC,Consumer Discretionary
2023-06-07,5.580446550210118,4.200055016644215,265.19,66.69,-0.005885,-0.00444,0.0,0.0,-0.005885477362217806,-0.005813953488372093,0.0,-7.152387384571322e-05,59750.0,22530.0,13181439.492193,2763666.7189999986,VCR,IYC,Consumer Discretionary
2023-06-08,5.592515662227615,4.2112383136936,268.41,67.44,0.012142,0.011246,0.0,0.0,0.012142237640936688,0.011246063877642825,0.0,0.0008961737632938623,38243.0,18175.0,13302555.793693,2704920.2004999984,VCR,IYC,Consumer Discretionary
2023-06-09,5.59504589613565,4.214051671586849,269.09,67.63,0.002533,0.002817,0.0,0.0,0.0025334376513542717,0.0028173190984578885,0.0,-0.00028388144710361687,41230.0,34633.0,13395159.533692999,2563821.0904999985,VCR,IYC,Consumer Discretionary
2023-06-12,5.612836129460386,4.2284382967028,273.92001,68.61,0.017949,0.014491,0.0,0.0,0.017949422126426088,0.01449061067573562,0.0,0.0034588114506904685,156738.0,29595.0,15015513.9935265,2309883.4549999987,VCR,IYC,Consumer Discretionary
2023-06-13,5.623150740762999,4.238877712954399,276.76001,69.33,0.010368,0.010494,0.0,0.0,0.01036799027570129,0.010494097070397902,0.0,-0.00012610679469661143,88943.0,333943.0,15340340.972622503,3391812.822499999,VCR,IYC,Consumer Discretionary
2023-06-14,5.620364596943504,4.239310332472287,275.98999,69.36,-0.002782,0.000433,0.0,0.0,-0.0027822661229127397,0.00043271311120726956,0.0,-0.003214979234120009,54012.0,38970.0,15637354.0755905,3473920.0244999984,VCR,IYC,Consumer Discretionary
2023-06-15,5.627225387919507,4.248352374701448,277.89001,69.99,0.006884,0.009083,0.0,0.0,0.006884380118278895,0.009083044982698962,0.0,-0.002198664864420067,40860.0,121402.0,15513897.1060205,3828285.3784999987,VCR,IYC,Consumer Discretionary
2023-06-16,5.625099916559705,4.242908235180575,277.29999,69.61,-0.002123,-0.005429,0.0,0.0,-0.002123214145049659,-0.005429347049578512,0.0,0.0033061329045288527,87366.0,60081.0,16010571.531018,3934418.708999998,VCR,IYC,Consumer Discretionary
2023-06-20,5.629956478128231,4.2437698090420275,278.64999,69.67,0.004868,0.000862,0.0,0.0,0.004868373778159891,0.00086194512282718,0.0,0.004006428655332711,55102.0,31637.0,16180718.841887001,3989672.646499999,VCR,IYC,Consumer Discretionary
2023-06-21,5.620002271796393,4.23642266081509,275.89001,69.16,-0.009905,-0.00732,0.0,0.0,-0.009904827199168423,-0.007320223912731448,0.0,-0.0025846032864369744,39684.0,34635.0,15974082.167729,4047780.8784999982,VCR,IYC,Consumer Discretionary
2023-06-22,5.631749235933334,4.244343779498307,279.14999,69.71,0.011816,0.007953,0.0,0.0,0.011816230678305492,0.007952573742047267,0.0,0.0038636569362582255,51441.0,76415.0,16239688.054008503,4173093.4209999978,VCR,IYC,Consumer Discretionary
2023-06-23,5.620364596943504,4.235988789957173,275.98999,69.13,-0.01132,-0.00832,0.0,0.0,-0.011320079216194849,-0.008320183617845202,0.0,-0.0029998955983496466,30202.0,27289.0,16140599.881936003,4213621.307499998,VCR,IYC,Consumer Discretionary
2023-06-26,5.609251990809968,4.230767603331745,272.94,68.77,-0.011051,-0.005208,0.0,0.0,-0.011051089207981799,-0.005207579921886301,0.0,-0.005843509286095497,35243.0,38577.0,15988989.705285499,4281430.962999999,VCR,IYC,Consumer Discretionary
2023-06-27,5.63042294030174,4.248066578757805,278.78,69.97,0.021397,0.01745,0.0,0.0,0.021396643951051512,0.017449469245310455,0.0,0.003947174705741057,105767.0,46413.0,16832849.529285498,4375705.223499998,VCR,IYC,Consumer Discretionary
2023-06-28,5.633181131700877,4.251348311031766,279.54999,70.2,0.002762,0.003287,0.0,0.0,0.0027619987086591738,0.003287123052736887,0.0,-0.0005251243440777134,60681.0,48485.0,16865165.215074502,4440529.034999998,VCR,IYC,Consumer Discretionary
2023-06-29,5.6336460567120215,4.251348311031766,279.67999,70.2,0.002416,0.0,0.0,0.0,0.0004650331055277248,0.0,0.0,0.0004650331055277248,41958.0,142092.0,17095912.3410955,4882846.514999999,VCR,IYC,Consumer Discretionary
2023-06-30,5.646153397130298,4.265036253533887,283.20001,71.1675,0.012586,0.013782,-77880002.75,24908625.0,-0.0036433450909919467,0.046636099240265905,-102788627.75,-0.050279444331257854,46191.0,59712.0,16706211.088190999,4873176.952999999,VCR,IYC,Consumer Discretionary
2023-07-03,5.657982869304765,4.272909070138343,286.57001,71.73,0.0119,0.007904,0.0,0.0,0.011899717093936743,0.007903888713246918,0.0,0.003995828380689825,62787.0,65805.0,16670420.097017998,4777721.105499998,VCR,IYC,Consumer Discretionary
2023-07-05,5.65683058482469,4.271932711876808,286.23999,71.66,-0.001152,-0.000976,0.0,0.0,-0.001151620855232016,-0.0009758817788930712,0.0,-0.00017573907633894477,131883.0,609521.0,17922310.374227997,6565270.565999998,VCR,IYC,Consumer Discretionary
2023-07-06,5.639848250894186,4.257171777528256,281.42001,70.61,-0.016839,-0.014653,0.0,0.0,-0.016838946927017463,-0.01465252581635501,0.0,-0.002186421110662454,92087.0,371579.0,18339119.0403225,7780622.2294999985,VCR,IYC,Consumer Discretionary
2023-07-07,5.6436077870208665,4.257454983420831,282.48001,70.63,0.003767,0.000283,0.0,0.0,0.003766612047238574,0.000283245999150262,0.0,0.003483366048088312,67500.0,60956.0,18500233.949072503,7920762.058499999,VCR,IYC,Consumer Discretionary
2023-07-10,5.647388439192888,4.263665306838804,283.54999,71.07,0.003788,0.00623,0.0,0.0,0.0037878078523149623,0.006229647458586851,0.0,-0.002441839606271889,54783.0,244106.0,18763679.722681,8726906.629499998,VCR,IYC,Consumer Discretionary
2023-07-11,5.657947938312402,4.2761104090823325,286.56,71.96,0.010615,0.012523,0.0,0.0,0.010615447385485697,0.012522864781201635,0.0,-0.0019074173957159372,67317.0,408588.0,19173468.663680997,10079894.763999999,VCR,IYC,Consumer Discretionary
2023-07-12,5.668258918587155,4.282758633015213,289.53,72.44,0.010364,0.00667,0.0,0.0,0.0103643216080402,0.006670372429127443,0.0,0.003693949178912758,54377.0,86848.0,17813973.577811997,10292932.572499998,VCR,IYC,Consumer Discretionary
2023-07-13,5.676993533804353,4.288539791580417,292.07001,72.86,0.008773,0.005798,0.0,0.0,0.008772873277380761,0.005797901711761457,0.0,0.002974971565619304,45441.0,189048.0,17246777.965561,9824021.026999999,VCR,IYC,Consumer Discretionary
2023-07-14,5.678156927017229,4.28771595520264,292.41,72.8,0.001164,-0.000823,0.0,0.0,0.001164070217274098,-0.0008234971177600879,0.0,0.0019875673350341857,482737.0,152957.0,23559295.707067,10245636.546999997,VCR,IYC,Consumer Discretionary
2023-07-17,5.681468697059617,4.291417885803126,293.38,73.07,0.003317,0.003709,0.0,0.0,0.003317260011627509,0.003708791208791062,0.0,-0.00039153119716355293,605324.0,53241.0,31871064.172636997,10015306.241499998,VCR,IYC,Consumer Discretionary
2023-07-18,5.686025753066942,4.298237333944173,294.72,73.57,0.004567,0.006843,0.0,0.0,0.0045674551775853845,0.006842753524018066,0.0,-0.0022752983464326814,63825.0,45574.0,31600259.82632,9973838.279999997,VCR,IYC,Consumer Discretionary
2023-07-19,5.692316962829207,4.3017651530710745,296.57999,73.83,0.006311,0.003534,0.0,0.0,0.006311040988056476,0.0035340492048390746,0.0,0.002776991783217401,67643.0,39816.0,31835629.2520495,10010611.554499999,VCR,IYC,Consumer Discretionary
2023-07-20,5.661222860237405,4.278608675475393,287.5,72.14,-0.030616,-0.022891,0.0,0.0,-0.030615652795726388,-0.02289042394690505,0.0,-0.007725228848821337,73273.0,46523.0,32341507.669207502,10058652.1855,VCR,IYC,Consumer Discretionary
2023-07-21,5.660874938850212,4.277499105319947,287.39999,72.06,-0.000348,-0.001109,0.0,0.0,-0.00034786086956520166,-0.0011089548100914888,0.0,0.0007610939405262871,67154.0,41349.0,32588522.883851003,9941288.149999999,VCR,IYC,Consumer Discretionary
2023-07-24,5.665457360334533,4.28040910529489,288.72,72.27,0.004593,0.002914,0.0,0.0,0.0045929368334355035,0.0029142381348875937,0.0,0.0016786986985479098,105522.0,27215.0,33695065.991951995,9945305.124,VCR,IYC,Consumer Discretionary
2023-07-25,5.663724077410215,4.277499105319947,288.22,72.06,-0.001732,-0.002906,0.0,0.0,-0.0017317816569686895,-0.0029057700290577005,0.0,0.001173988372089011,88337.0,43886.0,34487129.277952,9970779.367499998,VCR,IYC,Consumer Discretionary
2023-07-26,5.664660388639104,4.27957854046309,288.48999,72.21,0.000937,0.002082,0.0,0.0,0.0009367497050864081,0.002081598667776704,0.0,-0.0011448489626902961,70177.0,38462.0,34025111.1663635,9947270.537999999,VCR,IYC,Consumer Discretionary
2023-07-27,5.65445216463426,4.268997904375876,285.56,71.45,-0.010156,-0.010525,0.0,0.0,-0.010156296930787805,-0.010524858052901114,0.0,0.00036856112211330894,49046.0,380472.0,33877221.307204,11136324.407999998,VCR,IYC,Consumer Discretionary
2023-07-28,5.67346074912935,4.284138133854756,291.04001,72.54,0.01919,0.015256,0.0,0.0,0.019190397814819987,0.015255423372988254,0.0,0.0039349744418317335,31570.0,113109.0,33749887.311968,11047827.830999998,VCR,IYC,Consumer Discretionary
2023-07-31,5.679558119916009,4.291007236286713,292.82001,73.04,0.006116,0.006893,278179009.5,47476000.00000001,0.0627297627813524,0.06559053239221038,230703009.5,-0.0028607696108579883,43936.0,15444.0,33739089.7268405,10891751.631,VCR,IYC,Consumer Discretionary
2023-08-01,5.66922553584749,4.281377226523952,289.81,72.34,-0.010279,-0.009584,0.0,0.0,-0.01027938630286929,-0.009583789704271768,0.0,-0.000695596598597522,76851.0,97338.0,33953055.581447,11007813.544499999,VCR,IYC,Consumer Discretionary
2023-08-02,5.650979304137047,4.264649766520309,284.57001,71.14,-0.018081,-0.016588,0.0,0.0,-0.01808077706083279,-0.01658833287254631,0.0,-0.0014924441882864792,259129.0,84431.0,35752563.257453,9124220.868499998,VCR,IYC,Consumer Discretionary
2023-08-03,5.654592265479434,4.26507138131118,285.60001,71.17,0.003619,0.000422,0.0,0.0,0.00361949595461569,0.00042170368287883047,0.0,0.0031977922717368592,56526.0,50147.0,35263998.342672504,7990809.3084999975,VCR,IYC,Consumer Discretionary
2023-08-04,5.668397098519369,4.272490747605575,289.57001,71.7,0.013901,0.007447,0.0,0.0,0.013900559737375548,0.007446957987916257,0.0,0.00645360174945929,137542.0,44451.0,36302030.2246935,7934900.029499998,VCR,IYC,Consumer Discretionary
2023-08-07,5.677506943243938,4.282896668766692,292.22,72.45,0.009151,0.01046,0.0,0.0,0.009151465650741953,0.010460251046025104,0.0,-0.0013087853952831515,44173.0,64359.0,36170755.972585,7300609.835999998,VCR,IYC,Consumer Discretionary
2023-08-08,5.670122307638002,4.277221520307755,290.07001,72.04,-0.007357,-0.005659,0.0,0.0,-0.007357436178221901,-0.0056590752242924765,0.0,-0.0016983609539294245,57033.0,48972.0,36033416.1406015,6006907.355999999,VCR,IYC,Consumer Discretionary
2023-08-09,5.658366576243619,4.26689632742025,286.67999,71.3,-0.011687,-0.010272,0.0,0.0,-0.011686902758406833,-0.010272071071627012,0.0,-0.0014148316867798206,145687.0,51836.0,37334504.885258004,5877139.239999998,VCR,IYC,Consumer Discretionary
2023-08-10,5.661118506966705,4.270178452880501,287.47,71.5344,0.002756,0.003287,0.0,0.0,0.002755720760280837,0.003287517531556944,0.0,-0.000531796771276107,76325.0,40972.0,37767964.606537506,5334982.747839999,VCR,IYC,Consumer Discretionary
2023-08-11,5.656306446631499,4.264930862797635,286.09,71.16,-0.004801,-0.005234,0.0,0.0,-0.004800500921835507,-0.00523384553445629,0.0,0.00043334461262078267,37805.0,142258.0,31250889.9205375,5284373.231839998,VCR,IYC,Consumer Discretionary
2023-08-14,5.66017887199301,4.267457179930745,287.20001,71.34,0.00388,0.002529,0.0,0.0,0.003879932888251934,0.002529510961214165,0.0,0.0013504219270377687,40859.0,41322.0,22958127.424967002,5237252.812339998,VCR,IYC,Consumer Discretionary
2023-08-15,5.646435807803648,4.255470855785784,283.28,70.49,-0.013649,-0.011915,0.0,0.0,-0.013649059413333758,-0.011914774320157136,0.0,-0.0017342850931766213,34001.0,76594.0,22499192.388967,5339564.406339998,VCR,IYC,Consumer Discretionary
2023-08-16,5.63325274423489,4.246350085702971,279.57001,69.85,-0.013097,-0.009079,0.0,0.0,-0.013096547585427486,-0.009079302028656549,0.0,-0.0040172455567709375,79421.0,62712.0,22606300.863999,5411605.302339999,VCR,IYC,Consumer Discretionary
2023-08-17,5.616625596172652,4.230331271421687,274.95999,68.74,-0.01649,-0.015891,0.0,0.0,-0.0164896799910693,-0.015891195418754476,0.0,-0.0005984845723148238,51840.0,220874.0,22265697.783079002,6002940.779339998,VCR,IYC,Consumer Discretionary
2023-08-18,5.61586159328373,4.2310583855379225,274.75,68.79,-0.000764,0.000727,0.0,0.0,-0.0007637111130241323,0.0007273785277861539,0.0,-0.001491089640810286,108868.0,113948.0,22796268.986656003,6245884.478339998,VCR,IYC,Consumer Discretionary
2023-08-21,5.6243423631628895,4.234975691961846,277.09,69.06,0.008517,0.003925,0.0,0.0,0.008516833484986351,0.00392498909725236,0.0,0.004591844387733991,153172.0,115758.0,23395074.868656002,6547255.449839999,VCR,IYC,Consumer Discretionary
2023-08-22,5.6243423631628895,4.2336716274432,277.09,68.97,0.0,-0.001303,0.0,0.0,0.0,-0.0013032145960034753,0.0,0.0013032145960034753,31466.0,59714.0,22557996.058656,6595057.920839998,VCR,IYC,Consumer Discretionary
2023-08-23,5.632035850785399,4.242477169723796,279.23001,69.58,0.007723,0.008844,0.0,0.0,0.0077231585405463776,0.008844425112367696,0.0,-0.0011212665718213187,117317.0,70115.0,23183649.311403,6700120.954839999,VCR,IYC,Consumer Discretionary
2023-08-24,5.612361425702214,4.222004585374694,273.79001,68.17,-0.019482,-0.020265,0.0,0.0,-0.019482146636029558,-0.02026444380569129,0.0,0.0007822971696617338,46054.0,63101.0,23113826.779430002,5555964.493339999,VCR,IYC,Consumer Discretionary
2023-08-25,5.621668214465267,4.229749199228304,276.35001,68.7,0.00935,0.007775,0.0,0.0,0.009350231588069996,0.007774680944697081,0.0,0.001575550643372915,38129.0,31909.0,23181267.6002095,5255325.565339998,VCR,IYC,Consumer Discretionary
2023-08-28,5.626289291957863,4.235120483100881,277.63,69.07,0.004632,0.005386,0.0,0.0,0.00463177113689992,0.005385735080058077,0.0,-0.0007539639431581573,39808.0,39884.0,23090595.354241498,5336663.471339999,VCR,IYC,Consumer Discretionary
2023-08-29,5.6498541326306455,4.254619308757319,284.25,70.43,0.023845,0.01969,0.0,0.0,0.023844685372618232,0.01969016939336934,0.0,0.004154515979248891,35011.0,38350.0,22474579.7762415,5119641.450339998,VCR,IYC,Consumer Discretionary
2023-08-30,5.654802292434482,4.260564966136689,285.66,70.85,0.00496,0.005963,0.0,0.0,0.00496042216358839,0.005963367883004114,0.0,-0.001002945719415724,71853.0,44709.0,19813839.069177,4977702.015839999,VCR,IYC,Consumer Discretionary
2023-08-31,5.659203466111154,4.262116338001324,286.92001,70.96,0.004411,0.001553,64557002.25,-10643999.999999998,0.0170835835711157,-0.011179024676147988,75201002.25,0.028262608247263687,41685.0,57168.0,19604660.791756503,5002085.980339998,VCR,IYC,Consumer Discretionary
2023-09-01,5.65683058482469,4.259011183777335,286.23999,70.74,-0.00237,-0.0031,0.0,0.0,-0.002370068229120877,-0.003100338218714625,0.0,0.0007302699895937481,77158.0,58741.0,18717544.133406498,5050496.062339999,VCR,IYC,Consumer Discretionary
2023-09-05,5.65354122316863,4.25575454373095,285.29999,70.51,-0.003284,-0.003251,0.0,0.0,-0.003283957632893808,-0.0032513429459994346,0.0,-3.2614686894373666e-05,40246.0,20777.0,18646241.6002835,4890604.898339999,VCR,IYC,Consumer Discretionary
2023-09-06,5.64406781994409,4.249922794040544,282.60999,70.1,-0.009429,-0.005815,0.0,0.0,-0.009428671904264701,-0.005814778045667426,0.0,-0.003613893858597275,150807.0,50695.0,19950041.6943635,4891893.729339998,VCR,IYC,Consumer Discretionary
2023-09-07,5.647353241957878,4.250920869264197,283.54001,70.17,0.003291,0.000999,0.0,0.0,0.0032908249280217995,0.0009985734664766084,0.0,0.0022922514615451913,34056.0,336929.0,18344576.238235,5889213.785839998,VCR,IYC,Consumer Discretionary
2023-09-08,5.647388439192888,4.251775570170929,283.54999,70.23,3.5e-05,0.000855,0.0,0.0,3.519785444039608e-05,0.0008550662676357417,0.0,-0.0008198684131953456,38448.0,67424.0,17792615.351511,5979427.789999998,VCR,IYC,Consumer Discretionary
2023-09-11,5.669674005022752,4.268437915561019,289.94,71.41,0.022536,0.016802,0.0,0.0,0.02253574404992924,0.016801936494375624,0.0,0.0057338075555536175,65292.0,432145.0,18198371.853010997,7016247.548499999,VCR,IYC,Consumer Discretionary
2023-09-12,5.661188042239961,4.261693475213995,287.48999,70.93,-0.00845,-0.006722,0.0,0.0,-0.00845005863282075,-0.006721747654389998,0.0,-0.0017283109784307525,21190.0,37484.0,17916232.2369865,7001788.980499998,VCR,IYC,Consumer Discretionary
2023-09-13,5.666876413960221,4.262116338001324,289.13,70.96,0.005705,0.000423,0.0,0.0,0.005704581227332642,0.00042295220640038814,0.0,0.005281629020932254,45753.0,95515.0,18096070.317486502,7070720.647499999,VCR,IYC,Consumer Discretionary
2023-09-14,5.676788082502625,4.270116942120293,292.01001,71.53,0.009961,0.008033,0.0,0.0,0.00996095182098035,0.008032694475761137,0.0,0.0019282573452192135,83964.0,27679.0,18211800.253257997,6950692.930999999,VCR,IYC,Consumer Discretionary
2023-09-15,5.659795755451088,4.25575454373095,287.09,70.51,-0.016849,-0.01426,0.0,0.0,-0.016848771725325607,-0.014259751153362225,0.0,-0.002589020571963382,61707.0,138809.0,18384877.090678,6680920.122499999,VCR,IYC,Consumer Discretionary
2023-09-18,5.648762948235428,4.24763773163523,283.94,69.94,-0.010972,-0.008084,0.0,0.0,-0.010972169006234978,-0.008083959722025245,0.0,-0.002888209284209733,39054.0,89364.0,17443752.578678,6601501.884499999,VCR,IYC,Consumer Discretionary
2023-09-19,5.64300575794059,4.243482700225814,282.31,69.65,-0.005741,-0.004146,0.0,0.0,-0.005740649432978798,-0.00414641120960809,0.0,-0.0015942382233707086,57827.0,74007.0,16137888.123178,6459518.887999998,VCR,IYC,Consumer Discretionary
2023-09-20,5.633360046125033,4.236133434493478,279.60001,69.14,-0.009599,-0.007322,0.0,0.0,-0.00959934114979988,-0.007322325915290885,0.0,-0.002277015234508995,34851.0,35136.0,16189159.4236035,6375060.310999999,VCR,IYC,Consumer Discretionary
2023-09-21,5.606867711529665,4.212720014957422,272.29001,67.54,-0.026145,-0.023141,0.0,0.0,-0.026144491196548957,-0.023141452126120766,0.0,-0.00300303907042819,37620.0,51308.0,15063415.578255001,6304397.341999998,VCR,IYC,Consumer Discretionary
2023-09-22,5.59838488423704,4.206482062158951,269.98999,67.12,-0.008447,-0.006219,0.0,0.0,-0.00844694963285669,-0.006218537163162721,0.0,-0.0022284124696939685,88585.0,110244.0,15628812.485435497,6459296.447499998,VCR,IYC,Consumer Discretionary
2023-09-25,5.604109494999121,4.209457369322605,271.54001,67.32,0.005741,0.00298,0.0,0.0,0.005741027658099638,0.002979737783074937,0.0,0.0027612898750247012,44817.0,50484.0,15710445.440279499,6519618.176499998,VCR,IYC,Consumer Discretionary
2023-09-26,5.584773688073999,4.1925293941308315,266.34,66.19,-0.01915,-0.014917,0.0,0.0,-0.019150069266035588,-0.016785502079619576,0.0,-0.0023645671864160125,110141.0,96478.0,16624598.3852795,6701172.723499998,VCR,IYC,Consumer Discretionary
2023-09-27,5.5829322775655434,4.191924890560965,265.85001,66.15,-0.00184,-0.000604,0.0,0.0,-0.001839716152286567,-0.0006043208943947691,0.0,-0.001235395257891798,61094.0,44707.0,16939096.573326502,6713991.600999999,VCR,IYC,Consumer Discretionary
2023-09-28,5.590725715040723,4.200954297280359,267.92999,66.75,0.010535,0.00907,0.0,0.0,0.007823885355505367,0.009070294784580343,0.0,-0.0012464094290749756,62543.0,152907.0,16750677.442555,7065937.080999998,VCR,IYC,Consumer Discretionary
2023-09-29,5.596085899200827,4.203946072137182,269.37,66.95,0.005375,0.002996,-47139750.0,-46865000.0,-0.004368505020580468,-0.057269614698365244,-274750.0,0.052901109677784774,32639.0,1107266.0,16592262.783212498,10569677.951999998,VCR,IYC,Consumer Discretionary
2023-10-02,5.596085899200827,4.2034978761186235,269.37,66.92,0.0,-0.000448,0.0,0.0,0.0,-0.00044809559372666166,0.0,0.00044809559372666166,79059.0,146866.0,16552783.667291502,10853324.670999998,VCR,IYC,Consumer Discretionary
2023-10-03,5.570631999949426,4.181592022453,262.60001,65.47,-0.025133,-0.021668,0.0,0.0,-0.025132679956936573,-0.021667662881052003,0.0,-0.0034650170758845703,56354.0,67740.0,16718602.545591498,11001822.247499999,VCR,IYC,Consumer Discretionary
2023-10-04,5.585861929545826,4.195847647552622,266.63,66.41,0.015347,0.014358,0.0,0.0,0.015346495988328426,0.014357721093630671,0.0,0.0009887748946977547,79449.0,87105.0,15646798.650994997,11113368.424999999,VCR,IYC,Consumer Discretionary
2023-10-05,5.578597147011672,4.189048497691398,264.70001,65.96,-0.007238,-0.006776,0.0,0.0,-0.007238457787945859,-0.006776087938563633,0.0,-0.0004623698493822258,53575.0,34063.0,15873051.873754501,10043592.802499998,VCR,IYC,Consumer Discretionary
2023-10-06,5.586611714021206,4.195847647552622,266.82999,66.41,0.008047,0.006822,0.0,0.0,0.008046769624224829,0.006822316555488341,0.0,0.0012244530687364873,67746.0,25994.0,16231788.5981055,9893146.503499998,VCR,IYC,Consumer Discretionary
2023-10-09,5.588409033593616,4.198254025612612,267.31,66.57,0.001799,0.002409,0.0,0.0,0.0017989357193319826,0.0024092757114890697,0.0,-0.0006103399921570871,70648.0,70830.0,16229496.3181055,8585930.435999999,VCR,IYC,Consumer Discretionary
2023-10-10,5.601417467978173,4.208417018481948,270.81,67.25,0.013093,0.010215,0.0,0.0,0.01309341214320452,0.010214811476641295,0.0,0.002878600666563225,66922.0,52850.0,16831058.0147005,8630701.554999998,VCR,IYC,Consumer Discretionary
2023-10-11,5.6045881312454915,4.210321523463073,271.67001,67.3782,0.003176,0.001906,0.0,0.0,0.003175695136811771,0.0019063197026023924,0.0,0.0012693754342093788,33700.0,53260.0,16627393.7370505,8471242.481599998,VCR,IYC,Consumer Discretionary
2023-10-12,5.591136260412834,4.1993049978585875,268.04001,66.64,-0.013362,-0.010956,0.0,0.0,-0.013361798749887778,-0.01095606590855812,0.0,-0.0024057328413296577,37181.0,61280.0,15899777.093658999,8576433.498099998,VCR,IYC,Consumer Discretionary
2023-10-13,5.578030231550102,4.189654742026425,264.54999,66.0,-0.013021,-0.009604,0.0,0.0,-0.013020518839706025,-0.009603841536614645,0.0,-0.00341667730309138,32286.0,62786.0,15441067.011016,8294256.168599999,VCR,IYC,Consumer Discretionary
2023-10-16,5.596197226856738,4.206035001574797,269.39999,67.09,0.018333,0.016515,0.0,0.0,0.018333019026007143,0.016515151515151514,0.0,0.0018178675108556294,28054.0,81093.0,15264504.738989001,8253776.729099998,VCR,IYC,Consumer Discretionary
2023-10-17,5.599347456519317,4.20932367054575,270.25,67.311,0.003155,0.003294,0.0,0.0,0.0031551968506012035,0.0032940825756448185,0.0,-0.00013888572504361504,41955.0,77832.0,15015164.657989,8257994.839199999,VCR,IYC,Consumer Discretionary
2023-10-18,5.57606273305383,4.188745237643585,264.03,65.94,-0.023016,-0.020368,0.0,0.0,-0.023015726179463656,-0.020368141908454943,0.0,-0.0026475842710087134,44002.0,65641.0,15108840.063563501,8352948.064199997,VCR,IYC,Consumer Discretionary
2023-10-19,5.552843299090915,4.177595962684396,257.97,65.2089,-0.022952,-0.011087,0.0,0.0,-0.022951937279854163,-0.011087352138307553,0.0,-0.01186458514154661,46056.0,98558.0,15190715.8707535,8501023.886509998,VCR,IYC,Consumer Discretionary
2023-10-20,5.539222247440889,4.165121397055324,254.48,64.4005,-0.013529,-0.012397,0.0,0.0,-0.013528704888165495,-0.012397080766582642,0.0,-0.0011316241215828526,63202.0,124196.0,14799044.955546001,8530959.247409998,VCR,IYC,Consumer Discretionary
2023-10-23,5.539261581782027,4.166510173022286,254.49001,64.49,3.9e-05,0.00139,0.0,0.0,3.9335114743774495e-05,0.0013897407628824451,0.0,-0.0013504056481386706,53847.0,51763.0,14875740.702561,8527939.896909999,VCR,IYC,Consumer Discretionary
2023-10-24,5.549815111358774,4.175770927584296,257.19,65.09,0.010609,0.009304,0.0,0.0,0.010609414491358637,0.009303768026050551,0.0,0.001305646465308086,127745.0,218122.0,15051729.833061,8918524.004909998,VCR,IYC,Consumer Discretionary
2023-10-25,5.527283970932791,4.157319361383489,251.46001,63.9,-0.022279,-0.018282,0.0,0.0,-0.022279209922625314,-0.01828237824550622,0.0,-0.003996831677119093,74950.0,73283.0,15181984.194989,9004794.787409998,VCR,IYC,Consumer Discretionary
2023-10-26,5.512985099381202,4.144720769547168,247.89,63.1,-0.014197,-0.01252,0.0,0.0,-0.014197128203406958,-0.012519561815336464,0.0,-0.0016775663880704943,366892.0,218229.0,18891569.8207605,9182980.169909999,VCR,IYC,Consumer Discretionary
2023-10-27,5.524257005164247,4.146400815482496,250.7,63.2061,0.011336,0.001681,0.0,0.0,0.011335673080801969,0.001681458003169572,0.0,0.009654215077632396,948100.0,45174.0,30336404.949260496,5619170.852979998,VCR,IYC,Consumer Discretionary
2023-10-30,5.535087611318275,4.161599702506157,253.42999,64.1741,0.01089,0.015315,0.0,0.0,0.010889469485440784,0.015314977510082097,0.0,-0.004425508024641313,88500.0,35310.0,30393026.513510495,5241056.590529999,VCR,IYC,Consumer Discretionary
2023-10-31,5.542713473895698,4.168678699274804,255.37,64.63,0.007655,0.007104,-300059750.0,58166999.99999999,-0.05855281742974902,0.08987979254123624,-358226750.0,-0.14843260997098526,61537.0,28629.0,30438833.6498335,5111824.314029999,VCR,IYC,Consumer Discretionary
2023-11-01,5.555166489001664,4.175463613506893,258.57001,65.07,0.012531,0.006808,0.0,0.0,0.012530876767044103,0.0068079839084015156,0.0,0.005722892858642588,54874.0,67043.0,30089097.8427705,5040716.562029998,VCR,IYC,Consumer Discretionary
2023-11-02,5.581765526126865,4.199455046624718,265.54001,66.65,0.026956,0.024282,0.0,0.0,0.026955948990371858,0.024281542953742435,0.0,0.0026744060366294224,59642.0,58857.0,30171899.554803997,5124517.740529998,VCR,IYC,Consumer Discretionary
2023-11-03,5.597792094008397,4.215086179918229,269.82999,67.7,0.016156,0.015754,0.0,0.0,0.01615568215125099,0.015753938484621,0.0,0.00040174366662998687,82313.0,533491.0,30378592.128020503,6844071.698529999,VCR,IYC,Consumer Discretionary
2023-11-06,5.596568390349052,4.213445247914784,269.5,67.589,-0.001223,-0.00164,0.0,0.0,-0.0012229552393342362,-0.0016395864106351552,0.0,0.00041663117130091897,46064.0,38158.0,30055058.6840205,6737267.09663,VCR,IYC,Consumer Discretionary
2023-11-07,5.607308284321065,4.223397190136715,272.41,68.265,0.010798,0.010002,0.0,0.0,0.010797773654916512,0.010001627483762151,0.0,0.0007961461711543608,43150.0,54759.0,29736625.918020498,6746465.128379999,VCR,IYC,Consumer Discretionary
2023-11-08,5.603520052717807,4.21980177957905,271.38,68.02,-0.003781,-0.003589,0.0,0.0,-0.003781065305972615,-0.0035889548084670035,0.0,-0.00019211049750561147,59047.0,75667.0,30080070.694170505,6824380.448779998,VCR,IYC,Consumer Discretionary
2023-11-09,5.584398120072747,4.209160236650682,266.23999,67.3,-0.01894,-0.010585,0.0,0.0,-0.018940268258530457,-0.010585122022934431,0.0,-0.008355146235596026,43719.0,322247.0,30163758.219720494,7704556.643779999,VCR,IYC,Consumer Discretionary
2023-11-10,5.599569448528517,4.22156441223282,270.31,68.14,0.015287,0.012481,0.0,0.0,0.015286997268892608,0.012481426448737,0.0,0.0028055708201556086,56476.0,68538.0,30499996.5488635,7730871.809779999,VCR,IYC,Consumer Discretionary
2023-11-13,5.60234019858787,4.223323943478561,271.06,68.26,0.002775,0.001761,0.0,0.0,0.0027745921349561615,0.0017610801291460237,0.0,0.0010135120058101378,50531.0,89400.0,30806955.8258905,7763967.541279999,VCR,IYC,Consumer Discretionary
2023-11-14,5.637927531860177,4.253056253376921,280.88,70.32,0.036228,0.030179,0.0,0.0,0.03622814137091419,0.030178728391444178,0.0,0.006049412979470009,54647.0,109274.0,31007501.3563905,7886227.437679999,VCR,IYC,Consumer Discretionary
2023-11-15,5.640771639345519,4.259717747786098,281.67999,70.79,0.002848,0.006684,0.0,0.0,0.0028481557960693088,0.006683731513083336,0.0,-0.0038355757170140275,158209.0,113201.0,32654824.430286,8070484.000179999,VCR,IYC,Consumer Discretionary
2023-11-16,5.631032590140255,4.248638088989106,278.95001,70.01,-0.009692,-0.011019,0.0,0.0,-0.00969177824807489,-0.011018505438621273,0.0,0.0013267271905463823,48081.0,71931.0,32731380.8858265,8000935.527369998,VCR,IYC,Consumer Discretionary
2023-11-17,5.63920836177414,4.25405120762004,281.23999,70.39,0.008209,0.005428,0.0,0.0,0.008209284523775458,0.00542779602913855,0.0,0.002781488494636908,37312.0,85127.0,32451879.9631705,7900625.7789699985,VCR,IYC,Consumer Discretionary
2023-11-20,5.644492414000068,4.260564966136689,282.73001,70.85,0.005298,0.006535,0.0,0.0,0.005298037451928478,0.006535019178860491,0.0,-0.0012369817269320127,52299.0,638366.0,32506028.624396496,9995127.540469998,VCR,IYC,Consumer Discretionary
2023-11-21,5.6406651298356625,4.257454983420831,281.64999,70.63,-0.00382,-0.003105,0.0,0.0,-0.003819969447176799,-0.0031051517290047984,0.0,-0.0007148177181720006,103097.0,51238.0,32315155.247847997,9466196.48847,VCR,IYC,Consumer Discretionary
2023-11-22,5.647035776049903,4.2626798770413155,283.45001,71.0,0.006391,0.005239,0.0,0.0,0.006390981941806534,0.005238567181084525,0.0,0.0011524147607220089,69483.0,127219.0,32357556.712614495,9683684.753469998,VCR,IYC,Consumer Discretionary
2023-11-24,5.647705863691754,4.2656332579940335,283.64001,71.21,0.00067,0.002958,0.0,0.0,0.0006703122007298571,0.0029577464788730977,0.0,-0.0022874342781432407,18412.0,196107.0,28071232.811820496,9693411.23197,VCR,IYC,Consumer Discretionary
2023-11-27,5.649044623008078,4.26633516017769,284.01999,71.26,0.00134,0.000702,0.0,0.0,0.0013396558546165936,0.0007021485746386761,0.0,0.0006375072799779174,51072.0,158167.0,16912072.7582845,10114196.634899998,VCR,IYC,Consumer Discretionary
2023-11-28,5.653681451686668,4.268437915561019,285.34,71.41,0.004648,0.002105,0.0,0.0,0.004647595403408033,0.002104967723828093,0.0,0.0025426276795799396,401836.0,144865.0,21523639.2645345,10518137.743849996,VCR,IYC,Consumer Discretionary
2023-11-29,5.652664568396026,4.26689632742025,285.04999,71.3,-0.001016,-0.00154,0.0,0.0,-0.0010163664400364317,-0.001540400504131074,0.0,0.0005240340640946424,191290.0,58756.0,23464264.7093895,10635088.270349998,VCR,IYC,Consumer Discretionary
2023-11-30,5.6509441276402,4.266475481513779,284.56,71.27,-0.001719,-0.000421,71140000.0,-32071500.0,0.01321820974427169,-0.038379462779839155,103211500.0,0.05159767252411084,36225.0,114691.0,23270235.4729525,10825665.248349998,VCR,IYC,Consumer Discretionary
2023-12-01,5.668742378532976,4.281100716083921,289.67001,72.32,0.017958,0.014733,0.0,0.0,0.01795758363789709,0.014732706608671103,0.0,0.0032248770292259855,93479.0,148355.0,23832271.752371002,11165975.975849997,VCR,IYC,Consumer Discretionary
2023-12-04,5.666911034465618,4.27957854046309,289.14001,72.21,-0.00183,-0.001521,0.0,0.0,-0.0018296681800093837,-0.0015210176991150444,0.0,-0.00030865048089433926,51536.0,63176.0,23466801.9317955,9588205.888849998,VCR,IYC,Consumer Discretionary
2023-12-05,5.6650416809898045,4.276804998260776,288.60001,72.01,-0.001868,-0.00277,0.0,0.0,-0.0018676073228329764,-0.0027696994876054504,0.0,0.000902092164772474,43333.0,32556.0,23471384.743462,9576470.713749997,VCR,IYC,Consumer Discretionary
2023-12-06,5.666703431822279,4.278608675475393,289.07999,72.14,0.001663,0.001805,0.0,0.0,0.0016631323055048023,0.00180530481877517,0.0,-0.0001421725132703677,31427.0,120696.0,23337906.0107485,9824915.028999997,VCR,IYC,Consumer Discretionary
2023-12-07,5.675074344823598,4.28606624352797,291.51001,72.68,0.008406,0.007485,0.0,0.0,0.008406047059846622,0.0074854449681176945,0.0,0.0009206020917289278,56352.0,21124.0,23358055.871924497,9644336.177999998,VCR,IYC,Consumer Discretionary
2023-12-08,5.679284808895795,4.290048397777529,292.73999,72.97,0.004219,0.00399,0.0,0.0,0.004219340529678583,0.003990093560814385,0.0,0.00022924696886419873,46012.0,110742.0,23449546.186778,8964017.209999997,VCR,IYC,Consumer Discretionary
2023-12-11,5.682456721993275,4.29606016612269,293.67001,73.41,0.003177,0.00603,0.0,0.0,0.0031769489368363747,0.006029875291215568,0.0,-0.002852926354379193,43217.0,24568.0,23320821.6498865,8820685.087999998,VCR,IYC,Consumer Discretionary
2023-12-12,5.684395726870148,4.298780886070615,294.23999,73.61,0.001941,0.002724,0.0,0.0,0.0019408859624447487,0.0027244244653316986,0.0,-0.0007835385028869498,75826.0,18397.0,23751527.0809735,8583273.0465,VCR,IYC,Consumer Discretionary
2023-12-13,5.700376714968421,4.31508522892,298.98001,74.82,0.016109,0.016438,0.0,0.0,0.01610936705102522,0.01643798396956921,0.0,-0.0003286169185439877,44091.0,35353.0,23643180.994019,8331321.235499998,VCR,IYC,Consumer Discretionary
2023-12-14,5.7165341914923395,4.324662317284311,303.85001,75.54,0.016289,0.009623,0.0,0.0,0.016288714419402155,0.009623095429029952,0.0,0.0066656189903722025,70489.0,153387.0,22485869.684868,8509988.995,VCR,IYC,Consumer Discretionary
2023-12-15,5.716336706145028,4.326249619204883,303.79001,75.66,-0.000197,0.001589,0.0,0.0,-0.00019746584836380292,0.001588562351072141,0.0,-0.001786028199435944,47415.0,33383.0,22535470.079535,8384482.418499999,VCR,IYC,Consumer Discretionary
2023-12-18,5.7228005131973525,4.331785418237135,305.76001,76.08,0.006485,0.005551,0.0,0.0,0.006484742536464579,0.0055511498810467885,0.0,0.0009335926554177908,57945.0,37279.0,22896651.943163503,8226687.2579999985,VCR,IYC,Consumer Discretionary
2023-12-19,5.730846289982155,4.341204640153626,308.23001,76.8,0.009992,0.009464,0.0,0.0,0.008078231028315312,0.00946372239747634,0.0,-0.001385491369161029,91302.0,36065.0,23564427.922165,6103765.302999998,VCR,IYC,Consumer Discretionary
2023-12-20,5.711849812668456,4.3208159036289855,302.42999,75.25,-0.018817,-0.018071,0.0,0.0,-0.018817181364008156,-0.020182291666666668,0.0,0.001365110302658512,39858.0,88376.0,22715277.1982845,6255333.005999999,VCR,IYC,Consumer Discretionary
2023-12-21,5.728279946256588,4.333886259345946,307.44,76.24,0.016566,0.013156,0.0,0.0,0.01656585049650682,0.013156146179401994,0.0,0.0034097043171048246,150451.0,48353.0,24043262.118042998,5988027.191999999,VCR,IYC,Consumer Discretionary
2023-12-22,5.721687911266833,4.3291531450668135,305.42001,75.88,-0.00657,-0.004722,0.0,0.0,-0.006570355191256845,-0.00472193074501574,0.0,-0.0018484244462411053,70222.0,23333.0,24854503.321948,5378313.620499998,VCR,IYC,Consumer Discretionary
2023-12-26,5.727043168230753,4.3329676843846965,307.06,76.17,0.00537,0.003822,0.0,0.0,0.005369621983837943,0.0038218239325250396,0.0,0.0015477980513129035,32127.0,38394.0,24622475.706483997,4960988.148499998,VCR,IYC,Consumer Discretionary
2023-12-27,5.730067282445438,4.335589948900293,307.98999,76.37,0.003029,0.002626,0.0,0.0,0.0030286914609522716,0.0026257056583956937,0.0,0.00040298580255657785,59817.0,73819.0,19810633.3560755,4725625.517499998,VCR,IYC,Consumer Discretionary
2023-12-28,5.725739642008243,4.334017415487521,306.66,76.25,-0.004318,-0.001571,0.0,0.0,-0.004318289695064455,-0.0015712976299594081,0.0,-0.002746992065105047,42769.0,37493.0,17740049.8037205,4659102.439999999,VCR,IYC,Consumer Discretionary
2023-12-29,5.718835244447162,4.327702435943282,304.54999,75.77,-0.006881,-0.006295,104765196.55999999,34096500.0,0.013265217902240724,0.03293011216566005,70668696.55999999,-0.01966489426341933,55470.0,59367.0,18069309.9009855,4475312.940999999,VCR,IYC,Consumer Discretionary
2024-01-02,5.7091679469325385,4.317221411307766,301.62,74.98,-0.009621,-0.010426,0.0,0.0,-0.009620719409644289,-0.010426290088425499,0.0,0.0008055706787812103,82323.0,346509.0,17956919.920746,5237923.501999998,VCR,IYC,Consumer Discretionary
2024-01-03,5.686398885127469,4.300138475201197,294.82999,73.71,-0.022512,-0.016938,0.0,0.0,-0.022511802930840034,-0.016937850093358364,0.0,-0.005573952837481671,136030.0,252594.0,19217150.119962998,5940761.7409999985,VCR,IYC,Consumer Discretionary
2024-01-04,5.679250716628041,4.29606016612269,292.73001,73.41,-0.007123,-0.00407,0.0,0.0,-0.007122681108526501,-0.004070004070003934,0.0,-0.0030526770385225664,63122.0,33318.0,19515740.092857502,5945837.581999999,VCR,IYC,Consumer Discretionary
2024-01-05,5.681468697059617,4.297965447047447,293.38,73.55,0.00222,0.001907,0.0,0.0,0.0022204419697182012,0.0019070971257321892,0.0,0.00031334484398601206,55082.0,70613.0,19869492.108571,5770166.417499999,VCR,IYC,Consumer Discretionary
2024-01-08,5.699104918594708,4.313351569823908,298.60001,74.6904,0.017793,0.015505,0.0,0.0,0.017792657986229365,0.015505098572399728,0.0,0.002287559413829637,107029.0,82123.0,20646076.5279095,6000091.787459998,VCR,IYC,Consumer Discretionary
2024-01-09,5.695447871478459,4.312006449967072,297.51001,74.59,-0.00365,-0.001344,0.0,0.0,-0.003650368263550778,-0.0013442155886164754,0.0,-0.0023061526749343026,31139.0,109766.0,20435807.116985,6005421.897459998,VCR,IYC,Consumer Discretionary
2024-01-10,5.70421571412776,4.318820558770089,300.13,75.1,0.008806,0.006837,0.0,0.0,0.008806392766414728,0.006837377664566161,0.0,0.001969015101848567,81427.0,304217.0,21023164.5513765,7057579.888459998,VCR,IYC,Consumer Discretionary
2024-01-11,5.7024148732488955,4.32041715304219,299.59,75.22,-0.001799,0.001598,0.0,0.0,-0.0017992203378535967,0.0015978695073237028,0.0,-0.0033970898451772995,49370.0,46026.0,20647150.392289497,7162973.515959998,VCR,IYC,Consumer Discretionary
2024-01-12,5.691642414762033,4.311738281555703,296.38,74.57,-0.010715,-0.008641,0.0,0.0,-0.010714643345906072,-0.008641318798192105,0.0,-0.0020733245477139676,38760.0,71024.0,20562418.451244,7295530.926959999,VCR,IYC,Consumer Discretionary
2024-01-16,5.689784931209149,4.3099316351306625,295.82999,74.4354,-0.001856,-0.001805,0.0,0.0,-0.0018557594979417347,-0.00180501542175124,0.0,-5.0744076190494805e-05,50828.0,44686.0,20243336.6200855,6882499.242179997,VCR,IYC,Consumer Discretionary
2024-01-17,5.6814004896752595,4.3017651530710745,293.35999,73.83,-0.008349,-0.008133,0.0,0.0,-0.008349390134516297,-0.008133226932346705,0.0,-0.00021616320216959195,40117.0,46240.0,20111562.5898195,6926906.313179998,VCR,IYC,Consumer Discretionary
2024-01-18,5.688127235045628,4.310664888188185,295.34,74.49,0.006749,0.008939,0.0,0.0,0.0067494207372996795,0.008939455505891777,0.0,-0.0021900347685920975,100198.0,53780.0,20705323.266847,6985400.6071799975,VCR,IYC,Consumer Discretionary
2024-01-19,5.697663827185938,4.317621437981545,298.17001,75.01,0.009582,0.006981,0.0,0.0,0.009582210333852412,0.006980802792321388,0.0,0.002601407541531024,60876.0,206672.0,20205792.324633997,7622034.343179998,VCR,IYC,Consumer Discretionary
2024-01-22,5.696254208235409,4.317621437981545,297.75,75.01,-0.001409,0.0,0.0,0.0,-0.0014086259043958559,0.0,0.0,-0.0014086259043958559,207477.0,126920.0,22691893.435062997,7765533.103179999,VCR,IYC,Consumer Discretionary
2024-01-23,5.693833143802533,4.316020370261276,297.03,74.89,-0.002418,-0.0016,0.0,0.0,-0.0024181360201511333,-0.001599786695107453,0.0,-0.0008183493250436805,94436.0,36649.0,21781676.917062998,7718443.647679998,VCR,IYC,Consumer Discretionary
2024-01-24,5.689514502858496,4.315352501405889,295.75,74.84,-0.004309,-0.000668,0.0,0.0,-0.00430932902400431,-0.0006676458806249165,0.0,-0.003641683143379393,52962.0,42289.0,21492492.294951998,7788163.683679998,VCR,IYC,Consumer Discretionary
2024-01-25,5.681843533064735,4.316687793365541,293.48999,74.94,-0.007642,0.001336,0.0,0.0,-0.007641622992392312,0.0013361838588989846,0.0,-0.008977806851291298,97700.0,47621.0,22432945.065102,7820376.021679999,VCR,IYC,Consumer Discretionary
2024-01-26,5.686805884353135,4.320151230955794,294.95001,75.2,0.004975,0.003469,0.0,0.0,0.0049746841451050955,0.003469442220443021,0.0,0.0015052419246620744,37680.0,56596.0,22067479.022350498,7751299.130179998,VCR,IYC,Consumer Discretionary
2024-01-29,5.699104918594708,4.331916850188431,298.60001,76.09,0.012375,0.011835,0.0,0.0,0.012374978390405697,0.011835106382978723,0.0,0.0005398720074269742,56053.0,204259.0,22248573.263377,8385460.433179999,VCR,IYC,Consumer Discretionary
2024-01-30,5.6963549588274045,4.329811863225142,297.78,75.93,-0.002746,-0.002103,0.0,0.0,-0.0027461820915544223,-0.002102773031935733,0.0,-0.0006434090596186891,463537.0,102719.0,28305506.259112,8550521.237179998,VCR,IYC,Consumer Discretionary
2024-01-31,5.677609600352178,4.314684186203576,292.25,74.79,-0.018571,-0.015014,-23380000.0,-7479000.000000001,-0.023108633448649742,-0.023325948116769774,-15901000.0,0.00021731466812003122,455584.0,80985.0,33721214.296112,7554302.403679999,VCR,IYC,Consumer Discretionary
2024-02-01,5.69796562286243,4.332442405318121,298.26001,76.13,0.020565,0.017917,0.0,0.0,0.020564619332763098,0.0179168338013102,0.0,0.0026477855314528988,69198.0,126054.0,32747877.927726,7103191.767679999,VCR,IYC,Consumer Discretionary
2024-02-02,5.714821288804021,4.344584339198011,303.32999,77.06,0.016999,0.012216,0.0,0.0,0.016998524207117033,0.012215946407460923,0.0,0.00478257779965611,108010.0,53058.0,33462126.35416,7185330.5226799995,VCR,IYC,Consumer Discretionary
2024-02-05,5.700443573390687,4.334672938290411,299.0,76.3,-0.014275,-0.009862,0.0,0.0,-0.014274849644771308,-0.009862444848170258,0.0,-0.004412404796601051,54105.0,135723.0,33462998.246159993,7443434.4601799995,VCR,IYC,Consumer Discretionary
2024-02-06,5.7056140962128366,4.3410744233424525,300.54999,76.79,0.005184,0.006422,0.0,0.0,0.005183913043478209,0.006422018348623986,0.0,-0.0012381053051457773,30472.0,151193.0,32322973.1874095,7717249.9977199985,VCR,IYC,Consumer Discretionary
2024-02-07,5.714986145163526,4.348857573282368,303.38,77.39,0.009416,0.007814,0.0,0.0,0.009416104122978063,0.007813517385076048,0.0,0.0016025867379020151,56040.0,108950.0,32709835.737339996,7729459.725719999,VCR,IYC,Consumer Discretionary
2024-02-08,5.721425909828796,4.358374106008653,305.34,78.13,0.006461,0.009562,0.0,0.0,0.006460544531610522,0.009561958909419821,0.0,-0.0031014143778092997,46621.0,60076.0,32199664.268839996,6821811.784719999,VCR,IYC,Consumer Discretionary
2024-02-09,5.730327062338468,4.361441201064773,308.07001,78.37,0.008941,0.003072,0.0,0.0,0.008940885570184107,0.0030718034045821067,0.0,0.005869082165602,48624.0,51335.0,32209106.162152003,6849864.196219998,VCR,IYC,Consumer Discretionary
2024-02-12,5.732207916440747,4.363480717386783,308.64999,78.53,0.001883,0.002042,0.0,0.0,0.0018826240178327288,0.0020415975500829397,0.0,-0.0001589735322502109,58238.0,265177.0,32533479.628033,7626268.702719999,VCR,IYC,Consumer Discretionary
2024-02-13,5.7098970756560545,4.346658490836091,301.84,77.22,-0.022064,-0.016682,0.0,0.0,-0.022063794656205837,-0.016681522984846556,0.0,-0.005382271671359282,53701.0,122632.0,32592112.783446997,7933439.840499999,VCR,IYC,Consumer Discretionary
2024-02-14,5.721131112990814,4.36131359307634,305.25,78.36,0.011297,0.014763,0.0,0.0,0.01129737609329446,0.014763014763014764,0.0,-0.0034656386697203036,31091.0,74772.0,32478203.0350055,8055701.576499999,VCR,IYC,Consumer Discretionary
2024-02-15,5.73298525883828,4.37197629882038,308.89001,79.2,0.011925,0.01072,0.0,0.0,0.011924684684684736,0.010719754977029096,0.0,0.0012049297076556394,32483.0,48904.0,31500262.878746998,8049057.806499998,VCR,IYC,Consumer Discretionary
2024-02-16,5.728019666485108,4.367674128449481,307.35999,78.86,-0.004953,-0.004293,0.0,0.0,-0.004953284180346367,-0.004292929292929293,0.0,-0.000660354887417074,28064.0,50336.0,31023980.540276997,7472409.318499999,VCR,IYC,Consumer Discretionary
2024-02-20,5.71729079179491,4.359781025726562,304.07999,78.24,-0.010672,-0.007862,0.0,0.0,-0.010671525594466606,-0.007862033984276061,0.0,-0.0028094916101905447,43656.0,68306.0,28598912.504948996,7263608.930499998,VCR,IYC,Consumer Discretionary
2024-02-21,5.722735034865358,4.362843815257108,305.73999,78.48,0.005459,0.003068,0.0,0.0,0.0054590898927614415,0.0030674846625768173,0.0,0.002391605230184624,32491.0,41151.0,27693086.151703496,7287853.273999998,VCR,IYC,Consumer Discretionary
2024-02-22,5.741784496789209,4.379272846477261,311.62,79.78,0.019232,0.016565,0.0,0.0,0.019232060549226864,0.016564729867482163,0.0,0.0026673306817447014,43290.0,34362.0,27584412.0667035,7266677.853999999,VCR,IYC,Consumer Discretionary
2024-02-23,5.737958400909958,4.377767577753498,310.42999,79.66,-0.003819,-0.001504,0.0,0.0,-0.0038187857005327498,-0.0015041363750313362,0.0,-0.0023146493255014134,29580.0,28768.0,26609839.4207635,7202824.910999998,VCR,IYC,Consumer Discretionary
2024-02-26,5.740371490751075,4.379523504455763,311.17999,79.8,0.002416,0.001757,0.0,0.0,0.0024160036857263697,0.0017574692442882249,0.0,0.0006585344414381448,38708.0,39543.0,26656411.354569502,7147800.521,VCR,IYC,Consumer Discretionary
2024-02-27,5.745372142439921,4.38502214365368,312.73999,80.24,0.005013,0.005514,0.0,0.0,0.0050131758150644586,0.005513784461152755,0.0,-0.0005006086460882962,32603.0,41212.0,26329353.1312415,6536039.699499998,VCR,IYC,Consumer Discretionary
2024-02-28,5.747352657445398,4.387262901469128,313.35999,80.42,0.001982,0.002243,0.0,0.0,0.0019824775207033804,0.0022432701894318317,0.0,-0.00026079266872845123,30322.0,32998.0,19902835.819080498,6278751.973999998,VCR,IYC,Consumer Discretionary
2024-02-29,5.754919058431952,4.393337425819748,315.73999,80.91,0.007595,0.006093,290796530.78999996,24273000.0,0.061479379436996905,0.031780492838131724,266523530.78999996,0.02969888659886518,77489.0,45059.0,14468933.423336,6158194.750999999,VCR,IYC,Consumer Discretionary
2024-03-01,5.760131333116826,4.3992524153389505,317.39001,81.39,0.005226,0.005932,0.0,0.0,0.005225882220367568,0.005932517612161661,0.0,-0.0007066353917940926,76838.0,66620.0,14656364.294156,5949480.289999998,VCR,IYC,Consumer Discretionary
2024-03-04,5.748086400212725,4.39247189253542,313.59,80.84,-0.011973,-0.006758,0.0,0.0,-0.01197268307216102,-0.006757586927140926,0.0,-0.005215096145020094,36234.0,129314.0,13586361.686161,6267735.003999999,VCR,IYC,Consumer Discretionary
2024-03-05,5.736540006635267,4.384024637336554,309.98999,80.16,-0.01148,-0.008412,0.0,0.0,-0.011479989795593025,-0.008411677387431964,0.0,-0.0030683124081610606,48141.0,75872.0,13523653.3415905,6054046.734999998,VCR,IYC,Consumer Discretionary
2024-03-06,5.732272777452886,4.383026135006965,308.67001,80.08,-0.004258,-0.000998,0.0,0.0,-0.0042581374966332505,-0.000998003992015968,0.0,-0.0032601335046172825,43674.0,37560.0,13739778.0776635,5623931.451499999,VCR,IYC,Consumer Discretionary
2024-03-07,5.7404678933314095,4.391357962102766,311.20999,80.75,0.008229,0.008367,0.0,0.0,0.008228787759458608,0.008366633366633366,0.0,-0.00013784560717475768,73251.0,24397.0,14029529.466538,5300852.313999998,VCR,IYC,Consumer Discretionary
2024-03-08,5.737088293362674,4.383151002335591,310.16,80.09,-0.003374,-0.008173,0.0,0.0,-0.003373895548790009,-0.008173374613003097,0.0,0.004799479064213088,36104.0,44645.0,13877667.491538,5244946.322499998,VCR,IYC,Consumer Discretionary
2024-03-11,5.733341276897746,4.381651564343798,309.0,79.97,-0.00374,-0.001498,0.0,0.0,-0.003740005158627805,-0.0014983143963041578,0.0,-0.002241690762323647,33292.0,46821.0,13643049.083226,5231003.893499998,VCR,IYC,Consumer Discretionary
2024-03-12,5.741848707550964,4.390366758948883,311.64001,80.67,0.008544,0.008753,0.0,0.0,0.00854372168284795,0.008753282480930349,0.0,-0.00020956079808239804,35569.0,98474.0,13298527.3531295,4586981.281999999,VCR,IYC,Consumer Discretionary
2024-03-13,5.7421374606117075,4.38974675768902,311.73001,80.62,0.000289,-0.00062,0.0,0.0,0.00028879475392135946,-0.0006198090987975703,0.0,0.0009086038527189298,29683.0,16782.0,12950725.955471,4181147.3719999986,VCR,IYC,Consumer Discretionary
2024-03-14,5.7357655205092515,4.384024637336554,309.75,80.16,-0.006352,-0.005706,0.0,0.0,-0.006351682342036998,-0.005705780203423468,0.0,-0.0006459021386135298,32582.0,439616.0,12980813.292971,5650171.603999998,VCR,IYC,Consumer Discretionary
2024-03-15,5.725706999461524,4.375002019736917,306.64999,79.44,-0.010008,-0.008982,0.0,0.0,-0.010008103309120312,-0.008982035928143712,0.0,-0.0010260673809765995,60341.0,45187.0,13404307.935559,5635994.527999998,VCR,IYC,Consumer Discretionary
2024-03-18,5.730813813707232,4.3812763532831775,308.22,79.94,0.00512,0.006294,0.0,0.0,0.005119876247183538,0.0062940584088620345,0.0,-0.0011741821616784963,29366.0,35845.0,13425579.823591,5580792.144999998,VCR,IYC,Consumer Discretionary
2024-03-19,5.739535676524633,4.388629785807454,310.92001,80.53,0.00876,0.00738,0.0,0.0,0.008760009084420102,0.0073805354015511635,0.0,0.0013794736828689385,30343.0,29269.0,13233546.3145905,5431430.701499999,VCR,IYC,Consumer Discretionary
2024-03-20,5.755678952092275,4.403788126455394,315.98001,81.76,0.016274,0.015274,0.0,0.0,0.016274282250280384,0.015273811002111138,0.0,0.0010004712481692466,33009.0,54778.0,13258365.6213405,5493886.641499998,VCR,IYC,Consumer Discretionary
2024-03-21,5.761957038707274,4.40720693320418,317.97,82.04,0.006298,0.00488,0.0,0.0,0.006297835106720946,0.0034246575342465747,0.0,0.0028731775724743715,39922.0,18724.0,13218564.048340501,5433622.471499998,VCR,IYC,Consumer Discretionary
2024-03-22,5.752731324647071,4.399375273008495,315.04999,81.4,-0.007175,-0.007801,0.0,0.0,-0.009183287731547219,-0.007801072647489029,0.0,-0.00138221508405819,28676.0,20272.0,13211156.768792499,5401546.567499998,VCR,IYC,Consumer Discretionary
2024-03-25,5.749934272507246,4.397161522258152,314.17001,81.22,-0.002793,-0.002211,0.0,0.0,-0.002793144034062551,-0.0022113022113023325,0.0,-0.0005818418227602185,25603.0,29929.0,13011083.754448,5365311.6664999975,VCR,IYC,Consumer Discretionary
2024-03-26,5.749997898453164,4.397776944765114,314.19,81.27,6.4e-05,0.000616,0.0,0.0,6.362797009168119e-05,0.0006156119182467373,0.0,-0.0005519839481550561,45013.0,50808.0,13208402.3832495,5406427.430499999,VCR,IYC,Consumer Discretionary
2024-03-27,5.7624286700889344,4.407085034014658,318.12,82.03,0.012508,0.009352,0.0,0.0,0.012508354817148858,0.009351544235265165,0.0,0.0031568105818836935,30273.0,35876.0,13214839.6404105,5420887.886499999,VCR,IYC,Consumer Discretionary
2024-03-28,5.761201996996951,4.406353326664939,317.73001,81.97,-0.001226,-0.000731,-119784213.77,28689500.0,-0.021979811118730215,0.0282929582993369,-148473713.76999998,-0.05027276941806712,26560.0,24433.0,12413466.289435001,5338740.352499997,VCR,IYC,Consumer Discretionary
2024-04-01,5.754855744840202,4.400971050674819,315.72,81.53,-0.006326,-0.005368,0.0,0.0,-0.006326157230158831,-0.005367817494205197,0.0,-0.0009583397359536339,32978.0,108668.0,11714676.318016,5510615.364499998,VCR,IYC,Consumer Discretionary
2024-04-02,5.738763411363986,4.388753955423308,310.67999,80.54,-0.015964,-0.012143,0.0,0.0,-0.015963543646269156,-0.012142769532687236,0.0,-0.0038207741135819207,40432.0,80969.0,11774615.982800001,5313990.339499999,VCR,IYC,Consumer Discretionary
2024-04-03,5.73969644450387,4.388878109622984,310.97,80.55,0.000933,0.000124,0.0,0.0,0.0009334685507106486,0.00012416190712677408,0.0,0.0008093066435838745,45077.0,46619.0,11729334.3118705,5197653.385999998,VCR,IYC,Consumer Discretionary
2024-04-04,5.726912859473887,4.3765114539857715,307.01999,79.56,-0.012702,-0.012291,0.0,0.0,-0.012702222079300397,-0.012290502793296089,0.0,-0.0004117192860043084,27501.0,42968.0,11477459.448283,5218189.849999998,VCR,IYC,Consumer Discretionary
2024-04-05,5.734247015460021,4.384398818818937,309.28,80.19,0.007361,0.007919,0.0,0.0,0.00736111677939908,0.007918552036199095,0.0,-0.0005574352568000146,63826.0,43747.0,11324642.5634085,5295090.5589999985,VCR,IYC,Consumer Discretionary
2024-04-08,5.742041218855421,4.388505600771591,311.70001,80.52,0.007825,0.004115,0.0,0.0,0.007824657268494888,0.00411522633744856,0.0,0.0037094309310463282,24205.0,26422.0,11141976.668511,5222684.628499998,VCR,IYC,Consumer Discretionary
2024-04-09,5.74597949139996,4.391853195491617,312.92999,80.79,0.003946,0.003353,0.0,0.0,0.003946037730316113,0.0033532041728764235,0.0,0.0005928335574396891,36048.0,33092.0,11191640.282487001,5169145.993999998,VCR,IYC,Consumer Discretionary
2024-04-10,5.728702736129347,4.380650688493951,307.57001,79.89,-0.017128,-0.01114,0.0,0.0,-0.01712836791385802,-0.011139992573338402,0.0,-0.005988375340519617,74913.0,45320.0,11789453.714659002,4952981.854999999,VCR,IYC,Consumer Discretionary
2024-04-11,5.735248841452322,4.387760166521642,309.59,80.46,0.006568,0.007135,0.0,0.0,0.006567577898768331,0.007134810364250724,0.0,-0.0005672324654823931,38717.0,79754.0,11926119.4218175,5206183.954999998,VCR,IYC,Consumer Discretionary
2024-04-12,5.719655791004092,4.371850028222321,304.79999,79.19,-0.015472,-0.015784,0.0,0.0,-0.015472108272231161,-0.015784240616455263,0.0,0.00031213234422410203,39357.0,61592.0,12021306.357139,3688076.550999998,VCR,IYC,Consumer Discretionary
2024-04-15,5.7022479979487715,4.356452383554451,299.54001,77.98,-0.017257,-0.01528,0.0,0.0,-0.017257152797150566,-0.015279707033716379,0.0,-0.001977445763434187,129867.0,100547.0,13041146.128743,3900626.539999998,VCR,IYC,Consumer Discretionary
2024-04-16,5.6976972974634625,4.353498551059343,298.17999,77.75,-0.00454,-0.00295,0.0,0.0,-0.004540361736650928,-0.002949474224160041,0.0,-0.0015908875124908874,40903.0,52111.0,13198409.5092915,3959935.5874999985,VCR,IYC,Consumer Discretionary
2024-04-17,5.69012290607846,4.349115971216622,295.92999,77.41,-0.007546,-0.004373,0.0,0.0,-0.007545777971217989,-0.004372990353697749,0.0,-0.0031727876175202396,77215.0,172969.0,13869208.9250125,4511560.473499998,VCR,IYC,Consumer Discretionary
2024-04-18,5.685245012700732,4.344714099789901,294.48999,77.07,-0.004866,-0.004392,0.0,0.0,-0.004866015776231399,-0.004392197390518145,0.0,-0.00047381838571325385,36396.0,35954.0,13883612.60131,4426176.748499999,VCR,IYC,Consumer Discretionary
2024-04-19,5.676856536716945,4.3342796761761475,292.03,76.27,-0.008353,-0.01038,0.0,0.0,-0.008353390891147129,-0.010380173867912163,0.0,0.0020267829767650347,254919.0,291481.0,16971112.46281,5460933.693999998,VCR,IYC,Consumer Discretionary
2024-04-22,5.683307655489679,4.339119133662605,293.92001,76.64,0.006472,0.004851,0.0,0.0,0.006471972057665464,0.004851186574013374,0.0,0.0016207854836520902,72032.0,62749.0,17577976.095164,5618880.821999999,VCR,IYC,Consumer Discretionary
2024-04-23,5.698099657997403,4.351438552905858,298.29999,77.59,0.014902,0.012396,0.0,0.0,0.014901945600777448,0.012395615866388309,0.0,0.0025063297343891396,27993.0,64300.0,17593306.937866,5746791.002999999,VCR,IYC,Consumer Discretionary
2024-04-24,5.701780438585394,4.354526960971297,299.39999,77.83,0.003688,0.003093,0.0,0.0,0.003687562979804504,0.003093182111096791,0.0,0.0005943808687077132,39254.0,85063.0,17473807.574739,5871355.359499998,VCR,IYC,Consumer Discretionary
2024-04-25,5.699975202852763,4.354526960971297,298.85999,77.83,-0.001804,0.0,0.0,0.0,-0.0018036072746695816,0.0,0.0,-0.0018036072746695816,25711.0,32211.0,17376484.696883496,5849559.051999998,VCR,IYC,Consumer Discretionary
2024-04-26,5.711849812668456,4.36131359307634,302.42999,78.36,0.011945,0.00681,0.0,0.0,0.011945392891166015,0.0068097134780932805,0.0,0.005135679413072735,28016.0,27622.0,17378183.1735955,5857643.397499999,VCR,IYC,Consumer Discretionary
2024-04-29,5.7303919480814,4.373868446972418,308.09,79.35,0.018715,0.012634,0.0,0.0,0.0187151082470361,0.012633996937212741,0.0,0.00608111130982336,46748.0,87839.0,17577722.0315955,5763159.527999999,VCR,IYC,Consumer Discretionary
2024-04-30,5.706777950402366,4.352983949221151,300.89999,77.71,-0.023337,-0.020668,12336899.59,31083999.999999996,-0.02108344753483568,0.010923430290464867,-18747100.409999996,-0.032006877825300546,43389.0,44783.0,17602438.847117,5611101.711499998,VCR,IYC,Consumer Discretionary
2024-05-01,5.702882102776397,4.348469851145039,299.73001,77.36,-0.003888,-0.004504,0.0,0.0,-0.0038882686569714883,-0.0045039248487966895,0.0,0.0006156561918252011,59123.0,1107386.0,17787605.981678497,9706712.736999998,VCR,IYC,Consumer Discretionary
2024-05-02,5.718145497491968,4.362078996864185,304.34,78.42,0.015381,0.013702,0.0,0.0,0.01538047524837442,0.013702171664943122,0.0,0.0016783035834312971,32900.0,170127.0,17866077.444429,10202853.999999996,VCR,IYC,Consumer Discretionary
2024-05-03,5.7260330835910205,4.370586444531326,306.75,79.09,0.007919,0.008544,0.0,0.0,0.00791877505421568,0.00854373884213211,0.0,-0.0006249637879164292,44458.0,42604.0,17560946.755429,10195927.9215,VCR,IYC,Consumer Discretionary
2024-05-06,5.7376040553565115,4.382776353564427,310.32001,80.06,0.011638,0.012265,0.0,0.0,0.011638174409128073,0.012264508787457327,0.0,-0.0006263343783292543,42022.0,20359.0,17835725.191337496,10171050.026499998,VCR,IYC,Consumer Discretionary
2024-05-07,5.732045972333467,4.3776420363560575,308.60001,79.65,-0.005543,-0.005121,0.0,0.0,-0.005542665456861945,-0.005121159130651895,0.0,-0.0004215063262100506,26737.0,27778.0,17684252.10073,10148000.7775,VCR,IYC,Consumer Discretionary
2024-05-08,5.729157748489297,4.371344786327021,307.70999,79.15,-0.002884,-0.006277,0.0,0.0,-0.002884056938300053,-0.006277463904582548,0.0,0.0033934069662824953,24107.0,18826.0,16903100.72922,10041473.932499997,VCR,IYC,Consumer Discretionary
2024-05-09,5.736927041001881,4.379899373657707,310.10999,79.83,0.0078,0.008591,0.0,0.0,0.007799551779257951,0.008591282375236773,0.0,-0.0007917305959788219,28774.0,31022.0,16749936.170332998,9844447.903499998,VCR,IYC,Consumer Discretionary
2024-05-10,5.732531887942187,4.377139713100487,308.75,79.61,-0.004385,-0.002756,0.0,0.0,-0.004385508509416171,-0.002755856194413128,0.0,-0.0016296523150030433,24583.0,29711.0,16529635.572511498,9718839.014999997,VCR,IYC,Consumer Discretionary
2024-05-13,5.73298525883828,4.376008562348319,308.89001,79.52,0.000453,-0.001131,0.0,0.0,0.0004534736842106443,-0.0011305112423062428,0.0,0.0015839849265168872,33045.0,105559.0,15094980.9676005,9746508.845999997,VCR,IYC,Consumer Discretionary
2024-05-14,5.739439184029953,4.379993318887708,310.89001,79.8375,0.006475,0.003993,0.0,0.0,0.006474796643633764,0.0039927062374246645,0.0,0.0024820904062090995,31820.0,39537.0,14979784.166962001,9701754.095374998,VCR,IYC,Consumer Discretionary
2024-05-15,5.740853410745042,4.380525508547614,311.32999,79.88,0.001415,0.000532,0.0,0.0,0.0014152272052742406,0.0005323312979488421,0.0,0.0008828959073253985,69417.0,37854.0,14917852.153861001,9183466.456874998,VCR,IYC,Consumer Discretionary
2024-05-16,5.731819083350057,4.379398183320189,308.53,79.79,-0.008994,-0.001127,0.0,0.0,-0.0089936404777454,-0.0011266900350524623,0.0,-0.007866950442692937,70991.0,66894.0,15477081.931559,9311791.330874998,VCR,IYC,Consumer Discretionary
2024-05-17,5.734473354302842,4.382026634673881,309.35001,80.0,0.002658,0.002632,0.0,0.0,0.0026577966486242394,0.0026319087604961856,0.0,2.5887888128053784e-05,34172.0,21851.0,12283437.580145,8287632.537374998,VCR,IYC,Consumer Discretionary
2024-05-20,5.728475087246572,4.378269585796169,307.5,79.7,-0.00598,-0.00375,0.0,0.0,-0.005980313367373038,-0.00375,0.0,-0.0022303133673730385,44883.0,52039.0,11914931.397129,8254553.784374997,VCR,IYC,Consumer Discretionary
2024-05-21,5.7315597880758125,4.381776603418673,308.45001,79.98,0.003089,0.003513,0.0,0.0,0.0030894634146342646,0.0035131744040150566,0.0,-0.000423710989380792,28820.0,36661.0,11941892.2805355,8151709.273374997,VCR,IYC,Consumer Discretionary
2024-05-22,5.720246233475901,4.373112017284307,304.98001,79.29,-0.01125,-0.008627,0.0,0.0,-0.0112497970092465,-0.008627156789197184,0.0,-0.0026226402200493163,24123.0,61049.0,11722111.559224,8062715.369374998,VCR,IYC,Consumer Discretionary
2024-05-23,5.704615460960093,4.358246106008478,300.25,78.12,-0.015509,-0.014756,0.0,0.0,-0.015509245999434465,-0.014755959137344043,0.0,-0.0007532868620904222,67545.0,33589.0,12351931.4115795,8068564.896874999,VCR,IYC,Consumer Discretionary
2024-05-24,5.714689476466618,4.369321262176328,303.29001,78.99,0.010125,0.011137,0.0,0.0,0.010124929225645238,0.011136712749615856,0.0,-0.0010117835239706174,23004.0,17090.0,12277131.6510895,8027838.855874998,VCR,IYC,Consumer Discretionary
2024-05-28,5.7132046132351055,4.3665322137152325,302.84,78.77,-0.001484,-0.002785,0.0,0.0,-0.0014837613675438334,-0.002785162678819986,0.0,0.0013014013112761528,34264.0,38083.0,12075827.5730895,7829327.518874998,VCR,IYC,Consumer Discretionary
2024-05-29,5.70694417122189,4.360547602996758,300.95001,78.3,-0.006241,-0.005967,0.0,0.0,-0.006240886276581573,-0.0059667386060683,0.0,-0.00027414767051327314,28446.0,30528.0,11851081.289007,7774840.292374998,VCR,IYC,Consumer Discretionary
2024-05-30,5.712775218456327,4.3660242771963755,302.70999,78.73,0.005848,0.005492,0.0,0.0,0.005848080882270051,0.005491698595146871,0.0,0.00035638228712317997,26753.0,26604.0,11369954.438069,3596197.8903749986,VCR,IYC,Consumer Discretionary
2024-05-31,5.718703960172847,4.373112017284307,304.51001,79.29,0.005946,0.007113,48721601.6,-83254500.0,0.014985011356006862,-0.07550181395274978,131976101.6,0.09048682530875665,24574.0,458328.0,11243466.587356001,4746171.279374999,VCR,IYC,Consumer Discretionary
2024-06-03,5.720705141852109,4.373238128640803,305.12,79.3,0.002003,0.000126,0.0,0.0,0.0020031853796858624,0.00012611930886605944,0.0,0.0018770660708198029,26959.0,114815.0,10972878.516356,5032935.236374998,VCR,IYC,Consumer Discretionary
2024-06-04,5.717257970944788,4.37449836825309,304.07001,79.4,-0.003441,0.001261,0.0,0.0,-0.0034412362349239504,0.0012610340479194218,0.0,-0.004702270282843372,331043.0,38360.0,15353877.5593665,5103727.359374998,VCR,IYC,Consumer Discretionary
2024-06-05,5.724434447039056,4.380775852772229,306.26001,79.9,0.007202,0.006297,0.0,0.0,0.007202288709761281,0.006297229219143576,0.0,0.000905059490617705,29588.0,28961.0,15394406.694792002,5108800.669374999,VCR,IYC,Consumer Discretionary
2024-06-06,5.732207916440747,4.386018655943419,308.64999,80.32,0.007804,0.005257,0.0,0.0,0.007803761255019849,0.005256570713391485,0.0,0.002547190541628364,25661.0,30421.0,15419521.828015003,5156467.510374999,VCR,IYC,Consumer Discretionary
2024-06-07,5.724107841117447,4.380525508547614,306.16,79.88,-0.008067,-0.005478,0.0,0.0,-0.008067358110071527,-0.005478087649402265,0.0,-0.0025892704606692617,28218.0,82471.0,15405327.729402,5362032.371374999,VCR,IYC,Consumer Discretionary
2024-06-10,5.728540093263717,4.383275854074314,307.51999,80.1,0.004442,0.002754,0.0,0.0,0.004442089103736595,0.002754131196795066,0.0,0.0016879579069415287,24093.0,41038.0,15396281.6228555,5408124.925874999,VCR,IYC,Consumer Discretionary
2024-06-11,5.724662919591022,4.379523504455763,306.32999,79.8,-0.00387,-0.002429,0.0,0.0,-0.003869667139362225,-0.003745318352059799,0.0,-0.0001243487873024262,43351.0,26521.0,15549903.673657501,5094241.131874999,VCR,IYC,Consumer Discretionary
2024-06-12,5.736540006635267,4.388878109622984,309.98999,80.55,0.011948,0.009399,0.0,0.0,0.011947899714291768,0.009398496240601503,0.0,0.0025494034736902645,40787.0,26991.0,15687455.753854001,5045120.622499998,VCR,IYC,Consumer Discretionary
2024-06-13,5.733955974663749,4.385769620952716,309.19,80.3,-0.002581,-0.003104,0.0,0.0,-0.002580696234739695,-0.0031036623215394167,0.0,0.0005229660867997216,25090.0,19989.0,14994754.913062502,4974187.581499998,VCR,IYC,Consumer Discretionary
2024-06-14,5.723552388999018,4.380525508547614,305.98999,79.88,-0.01035,-0.00523,0.0,0.0,-0.010349655551602588,-0.00523038605230386,0.0,-0.0051192694992987274,47067.0,37159.0,14619713.794529,4855727.014499998,VCR,IYC,Consumer Discretionary
2024-06-17,5.739085266358588,4.395806258082254,310.78,81.11,0.015654,0.015398,0.0,0.0,0.015654139535740862,0.015398097145718577,0.0,0.00025604239002228503,45012.0,17893.0,14790599.835443001,4840888.0759999985,VCR,IYC,Consumer Discretionary
2024-06-18,5.735959206351422,4.392966574712216,309.81,80.88,-0.003121,-0.002836,0.0,0.0,-0.003121178969045457,-0.0028356552829490816,0.0,-0.0002855236860963752,55444.0,43577.0,14959378.992443,4809738.048999998,VCR,IYC,Consumer Discretionary
2024-06-20,5.735959206351422,4.393831680123644,309.81,80.95,0.0,0.000865,0.0,0.0,0.0,0.0008654797230464886,0.0,-0.0008654797230464886,37984.0,32042.0,15103293.680033002,4792820.704999998,VCR,IYC,Consumer Discretionary
2024-06-21,5.743740127740997,4.399866552802212,312.23001,81.44,0.007811,0.006053,0.0,0.0,0.007811271424421434,0.006053119209388512,0.0,0.0017581522150329218,27525.0,15296.0,15165148.592234,4613077.256499998,VCR,IYC,Consumer Discretionary
2024-06-24,5.740564286619183,4.397284637062863,311.23999,81.23,-0.003171,-0.002579,0.0,0.0,-0.0031708034727347587,-0.0025785854616895876,0.0,-0.0005922180110451711,45984.0,17346.0,14866732.264742002,4552329.401499999,VCR,IYC,Consumer Discretionary
2024-06-25,5.735926895703878,4.393090207029862,309.79999,80.89,-0.004627,-0.004186,0.0,0.0,-0.004626654820288357,-0.004185645697402438,0.0,-0.00044100912288591934,28278.0,14957.0,14955914.301101,4545326.032999998,VCR,IYC,Consumer Discretionary
2024-06-26,5.75053879418731,4.402319337941644,314.35999,81.64,0.014719,0.009272,0.0,0.0,0.014719174135544678,0.009271850661392014,0.0,0.005447323474152664,138522.0,20830.0,16614377.539840002,4480364.197499999,VCR,IYC,Consumer Discretionary
2024-06-27,5.755330736536778,4.40562108352751,315.87,81.91,0.004803,0.003307,0.0,0.0,0.004803442066530172,0.003307202351788339,0.0,0.001496239714741833,73697.0,20586.0,17350269.910117,4445157.040499998,VCR,IYC,Consumer Discretionary
2024-06-28,5.744060289137353,4.397899983830172,312.32999,81.28,-0.009094,-0.007691,-180839064.21,-48768000.0,-0.043071761489599604,-0.05836244762674134,-132071064.21000001,0.015290686137141733,70118.0,95536.0,18040347.603934504,4728688.698499998,VCR,IYC,Consumer Discretionary
2024-07-01,5.743996284269503,4.394942859940428,312.31,81.04,-6.4e-05,-0.002953,0.0,0.0,-6.400281958192173e-05,-0.0029527559055116796,0.0,0.0028887530859297576,60132.0,1177872.0,18605187.4006475,7684384.6865,VCR,IYC,Consumer Discretionary
2024-07-02,5.759311784448681,4.408181592150733,317.13,82.12,0.015433,0.013327,0.0,0.0,0.015433383497166277,0.013326752221125237,0.0,0.00210663127604104,54014.0,94173.0,19050373.8876475,7615817.549499999,VCR,IYC,Consumer Discretionary
2024-07-03,5.763434074220378,4.4124345908452645,318.44,82.47,0.004131,0.004262,0.0,0.0,0.004130798095418282,0.004262055528494886,0.0,-0.0001312574330766033,29915.0,110330.0,14493668.101626,7918474.1044999985,VCR,IYC,Consumer Discretionary
2024-07-05,5.768446019228017,4.419563238202607,320.04001,83.06,0.005025,0.007154,0.0,0.0,0.0050245258133400535,0.007154116648478234,0.0,-0.0021295908351381806,31105.0,146374.0,14538329.268384498,8410666.131499998,VCR,IYC,Consumer Discretionary
2024-07-08,5.770599678872391,4.419442836059304,320.73001,83.05,0.002156,-0.00012,0.0,0.0,0.0021559804350712274,-0.00012039489525644112,0.0,0.0022763753303276686,33800.0,496372.0,14684349.615615,10349680.125499997,VCR,IYC,Consumer Discretionary
2024-07-09,5.77165919903821,4.41992435767689,321.07001,83.09,0.00106,0.000482,0.0,0.0,0.0010600816555956208,0.00048163756773028296,0.0,0.0005784440878653378,39729.0,57024.0,14890177.9929795,10257197.1595,VCR,IYC,Consumer Discretionary
2024-07-10,5.776878029726752,4.423168578005057,322.75,83.36,0.005232,0.00325,0.0,0.0,0.005232472506541465,0.0032494885064388015,0.0,0.0019829840001026637,30127.0,91434.0,15005898.499526,10473936.881499998,VCR,IYC,Consumer Discretionary
2024-07-11,5.7732463152198035,4.419442836059304,321.57999,83.05,-0.003625,-0.003719,0.0,0.0,-0.0036251278079008726,-0.003718809980806142,0.0,9.368217290526941e-05,34974.0,127061.0,14904259.858214501,10895738.894,VCR,IYC,Consumer Discretionary
2024-07-12,5.78732676769481,4.4272389774954295,326.14001,83.7,0.01418,0.007827,0.0,0.0,0.014180048951428891,0.007826610475617099,0.0,0.006353438475811792,262164.0,55549.0,18547190.25119,11019505.206499998,VCR,IYC,Consumer Discretionary
2024-07-15,5.7844096268933525,4.425205848767815,325.19,83.53,-0.002913,-0.002031,0.0,0.0,-0.0029128900805516214,-0.002031063321385902,0.0,-0.0008818267591657195,53273.0,336832.0,19025503.73969,12346028.2195,VCR,IYC,Consumer Discretionary
2024-07-16,5.804562515939918,4.441945124885125,331.81,84.94,0.020357,0.01688,0.0,0.0,0.020357329561179617,0.01688016281575482,0.0,0.0034771667454247986,114211.0,132725.0,20200219.792223502,12761298.248499999,VCR,IYC,Consumer Discretionary
2024-07-17,5.786805352592313,4.426282725928419,325.97,83.62,-0.0176,-0.01554,0.0,0.0,-0.017600433983303698,-0.015540381445726396,0.0,-0.002060052537577302,28006.0,352650.0,19957234.1152235,14163162.837000001,VCR,IYC,Consumer Discretionary
2024-07-18,5.773650487539633,4.415098675734075,321.70999,82.69,-0.013069,-0.011122,0.0,0.0,-0.013068717980182245,-0.011121741210236786,0.0,-0.0019469767699454594,24053.0,79065.0,19485283.352697,14313831.691499999,VCR,IYC,Consumer Discretionary
2024-07-19,5.766663372695402,4.408790271943096,319.47,82.17,-0.006963,-0.006289,0.0,0.0,-0.0069627617097000735,-0.006288547587374531,0.0,-0.0006742141223255423,22379.0,472258.0,19254363.157197,16124413.689499998,VCR,IYC,Consumer Discretionary
2024-07-22,5.776258131975305,4.417031743872572,322.54999,82.85,0.009641,0.008276,0.0,0.0,0.009640936551162842,0.008275526347815374,0.0,0.0013654102033474683,28058.0,120976.0,19277161.9869055,16563271.4575,VCR,IYC,Consumer Discretionary
2024-07-23,5.7759170724154005,4.415219602029645,322.44,82.7,-0.000341,-0.001811,0.0,0.0,-0.0003410014057045651,-0.0018105009052503237,0.0,0.0014694994995457587,26769.0,72271.0,18993128.8198975,16791661.263499998,VCR,IYC,Consumer Discretionary
2024-07-24,5.735281174015313,4.386018655943419,309.60001,80.32,-0.039821,-0.028779,0.0,0.0,-0.039821331100359736,-0.028778718258766756,0.0,-0.01104261284159298,35096.0,47276.0,19098388.7115845,16921028.093000002,VCR,IYC,Consumer Discretionary
2024-07-25,5.735604119268469,4.380525508547614,309.70001,79.88,0.000323,-0.005478,0.0,0.0,0.0003229974055879391,-0.005478087649402258,0.0,0.005801085054990197,64338.0,55858.0,17917373.947014503,17059096.884999998,VCR,IYC,Consumer Discretionary
2024-07-26,5.750634285241062,4.389870788696931,314.39001,80.63,0.015144,0.009389,0.0,0.0,0.015143686950478304,0.009389083625438157,0.0,0.005754603325040146,58092.0,115221.0,17666617.6005605,17439300.3835,VCR,IYC,Consumer Discretionary
2024-07-29,5.762774423210227,4.39879771067408,318.23001,81.353,0.012214,0.008967,0.0,0.0,0.012214128559619309,0.008966885774525478,0.0,0.003247242785093831,55031.0,73653.0,17447245.672634996,17350636.704949997,VCR,IYC,Consumer Discretionary
2024-07-30,5.7581444209118535,4.398023007758481,316.76001,81.29,-0.004619,-0.000774,0.0,0.0,-0.0046193003607673585,-0.000774402910771313,0.0,-0.0038448974499960455,30418.0,30544.0,16990014.725844003,12702045.448949998,VCR,IYC,Consumer Discretionary
2024-07-31,5.775234542062841,4.408303357752101,322.22,82.13,0.017237,0.010333,77332800.0,147834000.0,0.03127753096545903,0.17343651997195433,-70501200.0,-0.14215898900649532,37445.0,42739.0,16736818.129844,12490878.81445,VCR,IYC,Consumer Discretionary
2024-08-01,5.7485645855545675,4.388753955423308,313.73999,80.54,-0.026318,-0.01936,0.0,0.0,-0.02631745391347555,-0.019359551929867172,0.0,-0.006957901983608378,50507.0,295105.0,17052814.783590503,13224320.894449998,VCR,IYC,Consumer Discretionary
2024-08-02,5.711452980960421,4.358246106008478,302.31,78.12,-0.036431,-0.030047,0.0,0.0,-0.03643140933356938,-0.03004718152470833,0.0,-0.006384227808861047,440667.0,162799.0,23215974.596538,13252322.566449998,VCR,IYC,Consumer Discretionary
2024-08-05,5.6835457191400005,4.332311042427949,293.98999,76.12,-0.027521,-0.025602,0.0,0.0,-0.027521451490192316,-0.025601638504864313,0.0,-0.0019198129853280031,162702.0,176898.0,25065578.847287003,11864411.62445,VCR,IYC,Consumer Discretionary
2024-08-06,5.6930922034480105,4.346658490836091,296.81,77.22,0.009592,0.014451,0.0,0.0,0.009592197339780308,0.014450867052023121,0.0,-0.004858669712242813,56022.0,355408.0,25259183.8169225,12999735.70445,VCR,IYC,Consumer Discretionary
2024-08-07,5.67634275889742,4.333098961050458,291.88,76.18,-0.01661,-0.013468,0.0,0.0,-0.016609952494862034,-0.01346801346801335,0.0,-0.0031419390268486846,83824.0,181296.0,25996336.810422502,13309195.25645,VCR,IYC,Consumer Discretionary
2024-08-08,5.700410094569407,4.355297574931857,298.98999,77.89,0.024359,0.022447,0.0,0.0,0.02435929148965315,0.022446836440010377,0.0,0.001912455049642773,32282.0,54626.0,25916589.624768503,12994315.410949998,VCR,IYC,Consumer Discretionary
2024-08-09,5.703782474656201,4.35939751661352,300.0,78.21,0.003378,0.004108,0.0,0.0,0.0033780729582285987,0.004108357940685464,0.0,-0.0007302849824568657,22056.0,43692.0,21972321.1456865,12932700.41195,VCR,IYC,Consumer Discretionary
2024-08-12,5.697797902775528,4.356580613342406,298.20999,77.99,-0.005967,-0.002813,0.0,0.0,-0.00596669999999995,-0.0028129395218002818,0.0,-0.003153760478199668,28292.0,81128.0,21527976.6540405,11842280.199949998,VCR,IYC,Consumer Discretionary
2024-08-13,5.721032828062729,4.375002019736917,305.22,79.44,0.023507,0.018592,0.0,0.0,0.02350695897209895,0.018592127195794454,0.0,0.004914831776304498,50935.0,70217.0,20410478.093540497,11557499.048949998,VCR,IYC,Consumer Discretionary
2024-08-14,5.715052033954643,4.373490303651595,303.39999,79.32,-0.005963,-0.001511,0.0,0.0,-0.0059629447611560145,-0.001510574018127004,0.0,-0.0044523707430290105,51674.0,50478.0,20737916.856703497,10283265.146949999,VCR,IYC,Consumer Discretionary
2024-08-15,5.748054479042515,4.401584133889412,313.57999,81.58,0.033553,0.028492,0.0,0.0,0.03355306636628432,0.028492183560262348,0.0,0.005060882806021974,41812.0,89627.0,21006582.664324,10321959.43745,VCR,IYC,Consumer Discretionary
2024-08-16,5.750634285241062,4.4046439245392905,314.39001,81.83,0.002583,0.003064,0.0,0.0,0.002583136762010943,0.003064476587398872,0.0,-0.00048133982538792934,21995.0,29061.0,20994862.1213215,8500590.525949998,VCR,IYC,Consumer Discretionary
2024-08-19,5.760855699682501,4.415582293202092,317.62,82.73,0.010274,0.010998,0.0,0.0,0.010273831538094868,0.010998411340584139,0.0,-0.0007245798024892707,28073.0,60233.0,20988184.0533505,8248601.250449998,VCR,IYC,Consumer Discretionary
2024-08-20,5.757954985120217,4.415098675734075,316.70001,82.69,-0.002896,-0.000484,0.0,0.0,-0.0028965115546878695,-0.00048350054393811193,0.0,-0.0024130110107497575,27618.0,56030.0,20993945.2791595,8181416.7004499985,VCR,IYC,Consumer Discretionary
2024-08-21,5.771036056678001,4.427887512670736,320.87,83.7543,0.013167,0.012871,0.0,0.0,0.01316700305756214,0.012870963840851372,0.0,0.0002960392167107688,97692.0,43826.0,22017980.7836115,8175087.082039999,VCR,IYC,Consumer Discretionary
2024-08-22,5.755299045782312,4.415582293202092,315.85999,82.73,-0.015614,-0.01223,0.0,0.0,-0.015613831146570384,-0.01222981984208572,0.0,-0.003384011304484664,19354.0,35210.0,21327364.533765502,8097636.395039998,VCR,IYC,Consumer Discretionary
2024-08-23,5.776103136235827,4.430340494952432,322.5,83.96,0.021022,0.014868,0.0,0.0,0.021022004084784652,0.014867641726096942,0.0,0.00615436235868771,23710.0,35027.0,20796511.060719498,7780166.27954,VCR,IYC,Consumer Discretionary
2024-08-26,5.769819903120703,4.426760966014053,320.48001,83.66,-0.006264,-0.003573,0.0,0.0,-0.006263534883720977,-0.0035731300619342545,0.0,-0.0026904048217867224,25264.0,104555.0,20325715.625336,7917925.219089998,VCR,IYC,Consumer Discretionary
2024-08-27,5.7655045646223355,4.425684604013345,319.10001,83.57,-0.004306,-0.001076,0.0,0.0,-0.00430604080422988,-0.0010757829309108295,0.0,-0.003230257873319051,20187.0,157676.0,20166038.9212205,8452628.29709,VCR,IYC,Consumer Discretionary
2024-08-28,5.754665684970771,4.415098675734075,315.66,82.69,-0.01078,-0.01053,0.0,0.0,-0.010780350649315195,-0.010530094531530454,0.0,-0.0002502561177847411,32321.0,51755.0,20072884.869220503,8491101.641089998,VCR,IYC,Consumer Discretionary
2024-08-29,5.757354868256298,4.4146148242670336,316.51001,82.65,0.002693,-0.000484,0.0,0.0,0.0026928023823102037,-0.00048373442979792955,0.0,0.003176536812108133,22067.0,50782.0,19629802.9050075,7512570.421089999,VCR,IYC,Consumer Discretionary
2024-08-30,5.769975875724318,4.427358444671965,320.53,83.71,0.012701,0.012825,-108980199.99999999,8370999.999999999,-0.00683147893442556,0.020646210119894218,-117351199.99999999,-0.027477689054319777,18955.0,15615.0,13272683.1740075,6942034.109589999,VCR,IYC,Consumer Discretionary
2024-09-03,5.752445614885418,4.411706788775292,314.95999,82.41,-0.017378,-0.01553,0.0,0.0,-0.017377499766012564,-0.015529805280133795,0.0,-0.0018476944858787682,42925.0,1326947.0,11557028.084896002,11736445.43509,VCR,IYC,Consumer Discretionary
2024-09-04,5.754570641488306,4.413161863604593,315.63,82.53,0.002127,0.001456,0.0,0.0,0.0021272860721134983,0.0014561339643247178,0.0,0.0006711521077887805,20487.0,124331.0,11048949.184396,10877267.01859,VCR,IYC,Consumer Discretionary
2024-09-05,5.7649089313167785,4.417755682128127,318.91,82.91,0.010392,0.004604,0.0,0.0,0.01039191458353135,0.004604386283775597,0.0,0.005787528299755753,22093.0,93918.0,10177905.659896001,10576047.623589998,VCR,IYC,Consumer Discretionary
2024-09-06,5.740017999385401,4.398146016553765,311.07001,81.3,-0.024584,-0.019419,0.0,0.0,-0.024583707001975458,-0.019418646725364853,0.0,-0.005165060276610605,33508.0,32662.0,10216472.611791002,10496077.696589999,VCR,IYC,Consumer Discretionary
2024-09-09,5.7521598552295075,4.409884962802278,314.87,82.26,0.012216,0.011808,0.0,0.0,0.012215867418398814,0.011808118081180924,0.0,0.0004077493372178897,39271.0,22705.0,10503895.600291,10418605.795589998,VCR,IYC,Consumer Discretionary
2024-09-10,5.7620828602721765,4.415824014257172,318.01001,82.75,0.009972,0.005957,0.0,0.0,0.009972401308476535,0.005956722586919412,0.0,0.004015678721557123,45600.0,23614.0,10807110.571237,10199950.08459,VCR,IYC,Consumer Discretionary
2024-09-11,5.772095083706007,4.424966385165138,321.20999,83.51,0.010063,0.009184,0.0,0.0,0.01006251344100768,0.00918429003021148,0.0,0.0008782234107962,23716.0,44431.0,10410682.342379,10106569.801089998,VCR,IYC,Consumer Discretionary
2024-09-12,5.785085925720236,4.434619084793052,325.41,84.32,0.013076,0.009699,0.0,0.0,0.013075589585492054,0.009699437193150522,0.0,0.003376152392341533,25706.0,42481.0,10045037.261216,10085473.94909,VCR,IYC,Consumer Discretionary
2024-09-13,5.794780309044202,4.44500143383527,328.57999,85.2,0.009742,0.010436,0.0,0.0,0.009741526074797927,0.010436432637571158,0.0,-0.0006949065627732311,27144.0,13253.0,9835415.69655,9776343.19609,VCR,IYC,Consumer Discretionary
2024-09-16,5.792983089625769,4.444884056054749,327.98999,85.19,-0.001796,-0.000117,0.0,0.0,-0.0017956053866822505,-0.00011737089201877934,0.0,-0.0016782344946634712,22215.0,71642.0,9853980.164445,9962599.213589998,VCR,IYC,Consumer Discretionary
2024-09-17,5.799910471472164,4.449217884214205,330.26999,85.56,0.006951,0.004343,0.0,0.0,0.006951431658021027,0.004343232773799742,0.0,0.0026081988842212847,29259.0,96954.0,9891321.333315501,10128214.621089999,VCR,IYC,Consumer Discretionary
2024-09-18,5.798092184460305,4.447814375211885,329.67001,85.44,-0.001817,-0.001402,0.0,0.0,-0.0018166349295011236,-0.001402524544179523,0.0,-0.00041411038532160045,27012.0,41755.0,9899242.6050125,10074935.946089998,VCR,IYC,Consumer Discretionary
2024-09-19,5.820587283856914,4.464412748271829,337.17001,86.87,0.02275,0.016737,0.0,0.0,0.022750022059938056,0.01673689138576779,0.0,0.006013130674170267,100754.0,854107.0,10030482.3623895,13601218.902999997,VCR,IYC,Consumer Discretionary
2024-09-20,5.8178251609561995,4.462453883786496,336.23999,86.7,-0.002758,-0.001957,0.0,0.0,-0.002758311749019473,-0.0019569471624266144,0.0,-0.0008013645865928586,24577.0,19723.0,10138013.161778,13541071.942999998,VCR,IYC,Consumer Discretionary
2024-09-23,5.826973055741561,4.472666836174998,339.32999,87.59,0.00919,0.010265,0.0,0.0,0.009189864655896522,0.010265282583621685,0.0,-0.0010754179277251627,61992.0,53936.0,10807476.648782,13630241.308999997,VCR,IYC,Consumer Discretionary
2024-09-24,5.834635283074963,4.480853351480711,341.94,88.31,0.007692,0.00822,0.0,0.0,0.007691657315641352,0.008220116451649731,0.0,-0.0005284591360083793,26572.0,89845.0,10856947.78415,13589598.3415,VCR,IYC,Consumer Discretionary
2024-09-25,5.829357326963926,4.47597224751641,340.14001,87.88,-0.005264,-0.003389,0.0,0.0,-0.0052640521728958105,-0.004869210734911108,0.0,-0.00039484143798470227,21707.0,17582.0,10904035.14891,13008004.483499998,VCR,IYC,Consumer Discretionary
2024-09-26,5.83355266532036,4.480626850913491,341.57001,88.29,0.004204,0.004665,0.0,0.0,0.004204151108245102,0.004665452890304961,0.0,-0.0004613017820598595,18367.0,32928.0,10707593.6245935,12939384.091999998,VCR,IYC,Consumer Discretionary
2024-09-27,5.832937609585158,4.4790399088438795,341.35999,88.15,0.0018,-0.001586,0.0,0.0,-0.000614866627196027,-0.0015856835428700873,0.0,0.0009708169156740602,39729.0,17699.0,11036466.8571955,12807535.819499997,VCR,IYC,Consumer Discretionary
2024-09-30,5.830356416083525,4.476654763752664,340.48001,87.94,-0.002578,-0.002382,340480.01,-30779000.0,-0.0025201706081068513,-0.029138333083411027,31119480.01,0.026618162475304175,189293.0,72585.0,13955208.676342001,13061335.481999997,VCR,IYC,Consumer Discretionary
2024-10-01,5.8249670961319,4.471181545984774,338.64999,87.46,-0.005375,-0.005458,0.0,0.0,-0.005374823620335419,-0.005458267000227428,0.0,8.344337989200836e-05,83514.0,285008.0,14693326.5610475,8839990.352499997,VCR,IYC,Consumer Discretionary
2024-10-02,5.815949741730458,4.464758032271346,335.60999,86.9,-0.008977,-0.006403,0.0,0.0,-0.008976819990456814,-0.006402927052366796,0.0,-0.0025738929380900184,28725.0,18355.0,14852030.818685,8406690.955999998,VCR,IYC,Consumer Discretionary
2024-10-03,5.805586644004371,4.456554161659308,332.14999,86.19,-0.01031,-0.00817,0.0,0.0,-0.01030958583801394,-0.008170310701956271,0.0,-0.00213927513605767,43729.0,22972.0,15225976.2328205,8116351.720999999,VCR,IYC,Consumer Discretionary
2024-10-04,5.81895469769802,4.469235908747258,336.62,87.29,0.013458,0.012763,0.0,0.0,0.013457805613662732,0.012762501450284255,0.0,0.0006953041633784764,27675.0,857995.0,15170607.4630665,11728299.868499998,VCR,IYC,Consumer Discretionary
2024-10-07,5.802813028309657,4.453882071774309,331.23001,85.96,-0.016012,-0.015237,0.0,0.0,-0.01601209078486121,-0.015236567762630313,0.0,-0.0007755230222308979,49552.0,89598.0,15372999.9473425,12020006.4075,VCR,IYC,Consumer Discretionary
2024-10-08,5.810571968837719,4.464527856185625,333.81,86.88,0.007789,0.010703,0.0,0.0,0.007789119107897198,0.010702652396463471,0.0,-0.0029135332885662736,24054.0,40191.0,15049410.411542501,12096893.1865,VCR,IYC,Consumer Discretionary
2024-10-09,5.815681537349127,4.472438473534133,335.51999,87.57,0.005123,0.007942,0.0,0.0,0.005122644618195921,0.007941988950276244,0.0,-0.002819344332080323,26537.0,59744.0,15113704.304132003,12172960.65,VCR,IYC,Consumer Discretionary
2024-10-10,5.812308006362384,4.467860235023485,334.39001,87.17,-0.003368,-0.004568,0.0,0.0,-0.003367847024554216,-0.004567774351947014,0.0,0.0011999273273927981,28017.0,24619.0,15163885.076640498,12101162.665499998,VCR,IYC,Consumer Discretionary
2024-10-11,5.810904138581607,4.471067201464611,333.9209,87.45,-0.001403,0.003212,0.0,0.0,-0.0014028828193760866,0.0032121142594929448,0.0,-0.004614997078869031,16130.0,17987.0,14987243.5200625,12123353.043,VCR,IYC,Consumer Discretionary
2024-10-14,5.8138917271941075,4.473538701679933,334.92001,87.6664,0.002992,0.002475,0.0,0.0,0.0029920559030595048,0.002474556889651229,0.0,0.0005174990134082756,97536.0,11916.0,16256266.543437999,11870425.58512,VCR,IYC,Consumer Discretionary
2024-10-15,5.815920004390429,4.474833684260088,335.60001,87.78,0.00203,0.001296,0.0,0.0,0.002030335541910605,0.0012958214321564477,0.0,0.0007345141097541571,32800.0,37655.0,16323482.0779675,11620924.168119999,VCR,IYC,Consumer Discretionary
2024-10-16,5.821595169132017,4.4785860338786385,337.51001,88.11,0.005691,0.003759,0.0,0.0,0.005691298996087634,0.0037593984962406013,0.0,0.001931900499847033,18293.0,22345.0,16186933.293108001,11540987.70562,VCR,IYC,Consumer Discretionary
2024-10-17,5.820824495087865,4.475289265133571,337.25,87.82,-0.00077,-0.003291,0.0,0.0,-0.0007703771511844044,-0.0032913403699920555,0.0,0.002520963218807651,42896.0,11893.0,15211705.733731002,7883396.114119999,VCR,IYC,Consumer Discretionary
2024-10-18,5.8257345854069476,4.4836802884003815,338.91,88.56,0.004922,0.008426,0.0,0.0,0.004922164566345441,0.0084263265770895,0.0,-0.00350416201074406,26175.0,27482.0,15242065.6845195,7919587.20512,VCR,IYC,Consumer Discretionary
2024-10-21,5.815234399950344,4.476995847264583,335.37,87.97,-0.010445,-0.006662,0.0,0.0,-0.010445250951580066,-0.006662149954832882,0.0,-0.003783100996747184,37859.0,28453.0,14825117.089015499,7808525.013619999,VCR,IYC,Consumer Discretionary
2024-10-22,5.809912694016117,4.473921899378137,333.59,87.7,-0.005308,-0.003069,0.0,0.0,-0.0053075707427617256,-0.0030692281459588494,0.0,-0.002238342596802876,83714.0,15218.0,15767123.2680155,7478545.34612,VCR,IYC,Consumer Discretionary
2024-10-23,5.794567309302113,4.462569217389069,328.51001,86.71,-0.015228,-0.011289,0.0,0.0,-0.015228244251925958,-0.0112884834663626,0.0,-0.003939760785563358,47951.0,24630.0,16185571.4826375,7508073.403120001,VCR,IYC,Consumer Discretionary
2024-10-24,5.822128314871346,4.478926459413841,337.69,88.14,0.027944,0.016492,0.0,0.0,0.027944323523048747,0.01649175412293853,0.0,0.011452569400110215,51122.0,55561.0,16735060.072953999,7607570.07412,VCR,IYC,Consumer Discretionary
2024-10-25,5.826471972435803,4.480740107609915,339.16,88.3,0.004353,0.001815,0.0,0.0,0.004353104918712428,0.0018152938506920807,0.0,0.0025378110680203472,41231.0,23085.0,16756160.818818498,7631482.00662,VCR,IYC,Consumer Discretionary
2024-10-28,5.830855527864033,4.484131857611035,340.64999,88.6,0.004393,0.003397,0.0,0.0,0.0043931772614694544,0.0033975084937712344,0.0,0.00099566876769822,32513.0,43804.0,14087414.3484155,7506377.481620001,VCR,IYC,Consumer Discretionary
2024-10-29,5.82552801956335,4.482324355989245,338.84,88.44,-0.005313,-0.001806,0.0,0.0,-0.005313342296002945,-0.0018058690744920992,0.0,-0.003507473221510846,33280.0,33406.0,13237143.345172498,6407758.829619999,VCR,IYC,Consumer Discretionary
2024-10-30,5.824199106019711,4.480513581388536,338.39001,88.28,-0.001328,-0.001809,0.0,0.0,-0.0013280309290520014,-0.0018091361374943465,0.0,0.0004811052084423451,22081.0,28660.0,13128722.9875755,6454511.594619999,VCR,IYC,Consumer Discretionary
2024-10-31,5.808412723734284,4.468548308445127,333.09,87.23,-0.015663,-0.011894,-6328709.999999999,-82868500.0,-0.016744182662099174,-0.0858074166306919,76539790.0,0.06906323396859272,24988.0,28371.0,12818656.28794,6479253.877119998,VCR,IYC,Consumer Discretionary
2024-11-01,5.824642283299558,4.4796069630127455,338.54001,88.2,0.016362,0.01112,0.0,0.0,0.01636197424119604,0.011120027513470137,0.0,0.005241946727725903,70281.0,36543.0,13542504.885080498,2895689.3296199986,VCR,IYC,Consumer Discretionary
2024-11-04,5.822483607251102,4.4776776654728145,337.81,88.03,-0.002156,-0.001927,0.0,0.0,-0.0021563477829400104,-0.001927437641723356,0.0,-0.0002289101412166544,53455.0,14363.0,13624731.0898045,2573815.8701199987,VCR,IYC,Consumer Discretionary
2024-11-05,5.8401764328942,4.492449315923973,343.84,89.34,0.01785,0.014881,0.0,0.0,0.017850270862319054,0.014881290469158242,0.0,0.0029689803931608125,51027.0,24305.0,14100513.9868045,2507796.6011199984,VCR,IYC,Consumer Discretionary
2024-11-06,5.872624675071711,4.516011049668273,355.17999,91.47,0.03298,0.023842,0.0,0.0,0.03298042694276395,0.02384150436534587,0.0,0.00913892257741808,51147.0,38151.0,14563648.8354995,2420691.095619998,VCR,IYC,Consumer Discretionary
2024-11-07,5.884018524959134,4.5290447955986,359.25,92.67,0.011459,0.013119,0.0,0.0,0.01145900702345322,0.013119055428009183,0.0,-0.0016600484045559624,43715.0,41619.0,14880449.277491,2506230.8206199985,VCR,IYC,Consumer Discretionary
2024-11-08,5.897181367258622,4.537854478703224,364.01001,93.49,0.01325,0.008849,0.0,0.0,0.013249853862213067,0.00884860256825294,0.0,0.004401251293960127,43946.0,554288.0,15410981.266614,5018601.919119999,VCR,IYC,Consumer Discretionary
2024-11-11,5.913692203955356,4.552191261197205,370.07001,94.84,0.016648,0.01444,0.0,0.0,0.016647893831271285,0.014440047063857098,0.0,0.002207846767414187,110201.0,275426.0,15816747.6204465,6272440.369999998,VCR,IYC,Consumer Discretionary
2024-11-12,5.901211585491698,4.545420181582317,365.48001,94.2,-0.012403,-0.006748,0.0,0.0,-0.012403058545598047,-0.006748207507380852,0.0,-0.005654851038217196,40523.0,520201.0,16006880.926308,8557319.285,VCR,IYC,Consumer Discretionary
2024-11-13,5.909277876120035,4.5531397778937075,368.44,94.93,0.008099,0.00775,0.0,0.0,0.008098910799526385,0.007749469214437367,0.0,0.00034944158508901785,107232.0,54039.0,17673605.2996615,8715374.500999998,VCR,IYC,Consumer Discretionary
2024-11-14,5.894237531346878,4.547223226033242,362.94,94.37,-0.014928,-0.005899,0.0,0.0,-0.014927803712951906,-0.00589908353523649,0.0,-0.009028720177715416,49789.0,23364.0,17853792.4826615,8773395.371999998,VCR,IYC,Consumer Discretionary
2024-11-15,5.884157666287577,4.537689741634979,359.29999,93.4746,-0.010029,-0.009488,0.0,0.0,-0.010029233482118378,-0.009488184804492953,0.0,-0.0005410486776254251,36905.0,25407.0,18073242.326709002,8770450.534109998,VCR,IYC,Consumer Discretionary
2024-11-18,5.8925553711796175,4.5424433560797866,362.32999,93.92,0.008433,0.004765,0.0,0.0,0.008433064526386588,0.004764930794033887,0.0,0.0036681337323527007,42650.0,33579.0,18211072.388884,8802986.997609999,VCR,IYC,Consumer Discretionary
2024-11-19,5.894623168116286,4.546056921495585,363.07999,94.26,0.00207,0.00362,0.0,0.0,0.0020699363030921066,0.003620102214650767,0.0,-0.0015501659115586602,45203.0,67800.0,17635379.9652825,9055797.467609998,VCR,IYC,Consumer Discretionary
2024-11-20,5.891450795331951,4.543613880288985,361.92999,94.03,-0.003167,-0.00244,0.0,0.0,-0.0031673461266759845,-0.00244005941014216,0.0,-0.0007272867165338246,31135.0,42641.0,17411195.302739497,9149490.764109999,VCR,IYC,Consumer Discretionary
2024-11-21,5.893520875205339,4.550502784645783,362.67999,94.68,0.002072,0.006913,0.0,0.0,0.002072223967955792,0.006912687440178667,0.0,-0.004840463472222875,24158.0,49906.0,16986107.0536605,9140888.441109996,VCR,IYC,Consumer Discretionary
2024-11-22,5.909440711629391,4.564244019375446,368.5,95.99,0.016047,0.013836,0.0,0.0,0.016047232161884764,0.013836079425433037,0.0,0.002211152736451727,43117.0,54791.0,17081342.480660502,9301937.570609998,VCR,IYC,Consumer Discretionary
2024-11-25,5.923801121872758,4.573576314396913,373.82999,96.89,0.014464,0.009376,0.0,0.0,0.014464016282225267,0.009375976664235858,0.0,0.005088039617989409,50577.0,36190.0,17472924.7946285,9283208.30561,VCR,IYC,Consumer Discretionary
2024-11-26,5.925191215389663,4.576359104133972,374.35001,97.16,0.001391,0.002787,0.0,0.0,0.0013910601447464873,0.002786665290535659,0.0,-0.0013956051457891718,33349.0,75404.0,17533304.958803,9501799.605609998,VCR,IYC,Consumer Discretionary
2024-11-27,5.920263909941777,4.574298522321004,372.51001,96.96,-0.004915,-0.002059,0.0,0.0,-0.0049151861916604325,-0.0020584602717167557,0.0,-0.002856725919943677,46293.0,22318.0,18021935.762909,9483492.029609999,VCR,IYC,Consumer Discretionary
2024-11-29,5.930041195454281,4.581799199664851,376.17001,97.69,0.009825,0.007529,31974450.849999998,151419500.0,0.014795427245064594,0.14043694263043324,-119445049.15,-0.12564151538536866,14105.0,9284.0,17871067.0164615,9405099.611109998,VCR,IYC,Consumer Discretionary
2024-12-02,5.939276115362396,4.5884308619837935,379.66,98.34,0.009278,0.006654,0.0,0.0,0.009277693349344859,0.006653700481113727,0.0,0.0026239928682311314,82161.0,1209459.0,18241082.757321,15190854.884109998,VCR,IYC,Consumer Discretionary
2024-12-03,5.937140374773053,4.588939172877674,378.85001,98.39,-0.002133,0.000508,0.0,0.0,-0.002133461518200466,0.000508440105755542,0.0,-0.0026419016239560083,40326.0,409628.0,18102076.354984,17142801.08561,VCR,IYC,Consumer Discretionary
2024-12-04,5.947016167485971,4.5976419195673,382.60999,99.25,0.009925,0.008741,0.0,0.0,0.009924719284024773,0.008740725683504421,0.0,0.0011839936005203517,37048.0,106016.0,17933566.91646,17560335.05061,VCR,IYC,Consumer Discretionary
2024-12-05,5.952203859155719,4.600258141627071,384.60001,99.51,0.005201,0.00262,0.0,0.0,0.005201171041038479,0.002619647355163728,0.0,0.002581523685874751,38838.0,72944.0,17772102.128452502,17748784.324109998,VCR,IYC,Consumer Discretionary
2024-12-06,5.970777028410864,4.61512051684126,391.81,101.0,0.018747,0.014973,0.0,0.0,0.018746723381520423,0.01497336951060195,0.0,0.003773353870918473,55949.0,897508.0,18082940.3254525,22088358.08761,VCR,IYC,Consumer Discretionary
2024-12-09,5.966966941127586,4.607267984070237,390.32001,100.21,-0.003803,-0.007822,0.0,0.0,-0.00380283811030854,-0.007821782178217822,0.0,0.004018944067909282,40992.0,57924.0,18083101.0229755,19787567.033609997,VCR,IYC,Consumer Discretionary
2024-12-10,5.9682215083775825,4.607068383271171,390.81,100.19,0.001255,-0.0002,0.0,0.0,0.001255354548694516,-0.00019958088015168147,0.0,0.0014549354288461976,33536.0,47258.0,16699306.972375002,18718235.89261,VCR,IYC,Consumer Discretionary
2024-12-11,5.984666517777512,4.617888958395866,397.29001,101.28,0.016581,0.010879,0.0,0.0,0.01658097285125767,0.010879329274378681,0.0,0.00570164357687899,52479.0,62547.0,17001258.771853,16584827.19061,VCR,IYC,Consumer Discretionary
2024-12-12,5.975716190139843,4.612344389736092,393.75,100.72,-0.00891,-0.005529,0.0,0.0,-0.008910392687699373,-0.005529225908372828,0.0,-0.003381166779326545,38314.0,215380.0,15780137.742852997,17412984.757109996,VCR,IYC,Consumer Discretionary
2024-12-13,5.978809812649734,4.611152257665639,394.97,100.6,0.003098,-0.001191,0.0,0.0,0.0030984126984126984,-0.0011914217633042098,0.0,0.004289834461716908,35596.0,85296.0,15579584.365853,17731780.60311,VCR,IYC,Consumer Discretionary
2024-12-16,5.993886611540359,4.617592705986649,400.97,101.25,0.015191,0.006461,0.0,0.0,0.01519102716662025,0.0064612326043737576,0.0,0.008729794562246491,79906.0,137643.0,16518581.500305504,18309852.8325,VCR,IYC,Consumer Discretionary
2024-12-17,5.9948836951536375,4.616802270217799,401.37,101.17,0.000998,0.00015,0.0,0.0,0.0009975808663989824,-0.0007901234567901234,0.0,0.0017877043231891059,57622.0,463242.0,16902299.903630503,20495475.505499996,VCR,IYC,Consumer Discretionary
2024-12-18,5.9437962534064805,4.579544638349119,381.38,97.47,-0.048161,-0.036572,0.0,0.0,-0.049804419861972746,-0.036572106355639025,0.0,-0.01323231350633372,158910.0,132766.0,19111939.454232,20822969.206499998,VCR,IYC,Consumer Discretionary
2024-12-19,5.941985395641304,4.578620850754555,380.69,97.38,-0.001809,-0.000923,0.0,0.0,-0.0018092191515024386,-0.0009233610341643582,0.0,-0.0008858581173380803,66510.0,188917.0,19814489.537299503,21542329.418,VCR,IYC,Consumer Discretionary
2024-12-20,5.948765792574867,4.584355046274172,383.28,97.94,0.006803,0.005751,0.0,0.0,0.00680343586645302,0.005750667488190594,0.0,0.0010527683782624257,103447.0,454378.0,21358866.6853785,23531163.479999997,VCR,IYC,Consumer Discretionary
2024-12-23,5.949861023314934,4.583537885860977,383.70001,97.86,0.001096,-0.000817,0.0,0.0,0.0010958307242747104,-0.0008168266285480906,0.0,0.001912657352822801,52563.0,76784.0,21572857.141659997,23643898.1875,VCR,IYC,Consumer Discretionary
2024-12-24,5.972077858797188,4.601463324056765,392.32001,99.63,0.022466,0.018087,0.0,0.0,0.022465467227900254,0.018087063151440833,0.0,0.004378404076459421,27718.0,56008.0,21171213.473307498,23747579.584499996,VCR,IYC,Consumer Discretionary
2024-12-26,5.970482709816904,4.599554447202456,391.6947,99.44,-0.001594,-0.001907,0.0,0.0,-0.0015938774063551104,-0.001907056107598113,0.0,0.0003131787012430026,31261.0,839137.0,21159241.949968,27553456.116499998,VCR,IYC,Consumer Discretionary
2024-12-27,5.951709691325923,4.585171539481402,384.41,98.02,-0.018598,-0.01428,0.0,0.0,-0.018597902907545087,-0.014279967819790828,0.0,-0.004317935087754259,45265.0,182785.0,21167027.587821502,28341087.7375,VCR,IYC,Consumer Discretionary
2024-12-30,5.937641766792915,4.572440361365173,379.04001,96.78,-0.013969,-0.012651,0.0,0.0,-0.013969433677583801,-0.01265047949398082,0.0,-0.0013189541836029807,43280.0,259002.0,21721976.269909002,29549050.717499994,VCR,IYC,Consumer Discretionary
2024-12-31,5.927938846228104,4.565805462465814,375.38,96.14,-0.009656,-0.006613,52928580.0,307648000.0,-0.0016099890789295994,0.23239748472234523,-254719420.0,-0.23400747380127482,34227.0,115002.0,20804720.569909,24154955.428499997,VCR,IYC,Consumer Discretionary
