date,log_price_A,log_price_B,price_A,price_B,returns_A,returns_B,flow_A,flow_B,flow_pct_A,flow_pct_B,flow_diff,flow_diff_pct,volume_A,volume_B,adv_A,adv_B,symbol_A,symbol_B,sector
2010-01-04,4.074311908471865,4.453998398186353,58.81,85.97,0.031574,0.031186,0.0,0.0,0.0,0.0,0.0,0.0,16928400.0,209200.0,995559204.0,17984924.0,XLE,VDE,Energy
2010-01-05,4.0824406577192764,4.464182492687114,59.29,86.85,0.008162,0.010236,0.0,0.0,0.008161877231763306,0.010236128882168198,0.0,-0.0020742516504048923,17368900.0,182500.0,1012680642.5,16917524.5,XLE,VDE,Energy
2010-01-06,4.0943445622221,4.4756308146331065,60.0,87.85,0.011975,0.011514,0.0,0.0,0.011975037949063924,0.011514104778353483,0.0,0.00046093317071044075,24351800.0,191300.0,1162156428.3333333,16880251.333333332,XLE,VDE,Energy
2010-01-07,4.0928434360958335,4.473237514727265,59.91,87.64,-0.0015,-0.00239,0.0,0.0,-0.0015,-0.002390438247011952,0.0,0.000890438247011952,17450200.0,138100.0,1132977691.75,15685959.5,XLE,VDE,Energy
2010-01-08,4.09933210373314,4.480740107609915,60.3,88.3,0.00651,0.007531,0.0,0.0,0.006509764646970456,0.007530807850296669,0.0,-0.0010210432033262128,13345000.0,103400.0,1067322853.4,14374811.6,XLE,VDE,Energy
2010-01-11,4.0980045230535875,4.479947041234014,60.22,88.23,-0.001327,-0.000793,0.0,0.0,-0.0013266998341625207,-0.0007927519818799547,0.0,-0.000533947852282566,19460900.0,202700.0,1084758277.5,14959713.166666666,XLE,VDE,Energy
2010-01-12,4.083452121055677,4.464067345010091,59.35,86.84,-0.014447,-0.015754,0.0,0.0,-0.014447027565592825,-0.015754278590048736,0.0,0.0013072510244559101,21510800.0,173600.0,1112173663.5714285,14976243.285714285,XLE,VDE,Energy
2010-01-13,4.087152091640596,4.469121341524815,59.57,87.28,0.003707,0.005067,0.0,0.0,0.0037068239258635214,0.005066789497927222,0.0,-0.001359965572063701,22137800.0,194900.0,1137995548.875,15230571.875,XLE,VDE,Energy
2010-01-14,4.090001812787964,4.471867338673671,59.74,87.52,0.002854,0.00275,0.0,0.0,0.0028537854624811148,0.002749770852428964,0.0,0.00010401461005215065,15545300.0,104300.0,1114737845.8888888,14552545.666666666,XLE,VDE,Energy
2010-01-15,4.081934542145419,4.463721822403716,59.26,86.81,-0.008035,-0.008112,0.0,0.0,-0.008034817542684968,-0.008112431444241315,0.0,7.761390155634762e-05,19055900.0,178300.0,1116189324.7,14645113.4,XLE,VDE,Energy
2010-01-19,4.091005660956586,4.473009282385752,59.8,87.62,0.009112,0.009331,0.0,0.0,0.00911238609517381,0.009330722267019928,0.0,-0.00021833617184611846,14613200.0,164000.0,1094160237.0,14620074.0,XLE,VDE,Energy
2010-01-20,4.07533162304017,4.456438132187692,58.87,86.18,-0.015552,-0.016435,0.0,0.0,-0.015551839464882942,-0.01643460397169585,0.0,0.0008827645068129088,15641800.0,198300.0,1079716281.0833333,14825859.0,XLE,VDE,Energy
2010-01-21,4.0547371076273215,4.436616614019185,57.67,84.4886,-0.020384,-0.019626,0.0,0.0,-0.020383896721589943,-0.019626363425388763,0.0,-0.0007575332962011794,25206900.0,194000.0,1108482868.9230769,14946238.184615385,XLE,VDE,Energy
2010-01-22,4.030694535145645,4.412192049005608,56.3,82.45,-0.023756,-0.024129,0.0,0.0,-0.02375585226287498,-0.024128699019749476,0.0,0.0003728467568744967,23028600.0,277800.0,1121913391.142857,15514693.314285714,XLE,VDE,Energy
2010-01-25,4.037244970181528,4.419803999007912,56.67,83.08,0.006572,0.007641,0.0,0.0,0.006571936056838366,0.007640994542146755,0.0,-0.0010690584853083893,15902100.0,173800.0,1107197298.8666666,15443000.693333333,XLE,VDE,Energy
2010-01-26,4.030872139266527,4.413404170366137,56.31,82.55,-0.006353,-0.006379,0.0,0.0,-0.006352567496029645,-0.006379393355801637,0.0,2.6825859771991735e-05,21515900.0,190200.0,1113719988.25,15459126.275,XLE,VDE,Energy
2010-01-27,4.026957543520246,4.40745068701404,56.09,82.06,-0.003907,-0.005936,0.0,0.0,-0.003906943704492985,-0.0059357964869775895,0.0,0.0020288527824846043,26617600.0,218600.0,1136029470.3529413,15604960.964705883,XLE,VDE,Energy
2010-01-28,4.0163830207523885,4.397592357777972,55.5,81.255,-0.010519,-0.00981,0.0,0.0,-0.010518809056872884,-0.009809895198635146,0.0,-0.0007089138582377381,34434400.0,273300.0,1179089455.3333333,15971740.438888887,XLE,VDE,Energy
2010-01-29,3.9982007016691985,4.379523504455763,54.5,79.8,-0.018018,-0.017907,10900000.0,31920000.0,-0.01600100665521226,0.01368975515668172,-21020000.0,-0.02969076181189398,32803100.0,223300.0,1211125218.2105262,16068982.52105263,XLE,VDE,Energy
2010-02-01,4.030694535145645,4.409276949164042,56.3,82.21,0.033028,0.0302,0.0,0.0,0.03302752293577982,0.030200501253132717,0.0,0.002827021682647101,21813300.0,168500.0,1211973396.8,15958152.645,XLE,VDE,Energy
2010-02-02,4.04375277610604,4.425271691206882,57.04,83.5355,0.013144,0.016123,0.0,0.0,0.013143872113676732,0.016123342659044027,0.0,-0.0029794705453672944,22250800.0,222000.0,1225654718.2,15986150.495,XLE,VDE,Energy
2010-02-03,4.03512520256213,4.415732167139053,56.55,82.7424,-0.00859,-0.009494,0.0,0.0,-0.008590462833099579,-0.009494167150492859,0.0,0.00090370431739328,19749200.0,159800.0,1230005477.15,15854756.021000002,XLE,VDE,Energy
2010-02-04,3.993234260852969,4.372733587762289,54.23,79.26,-0.041026,-0.042087,0.0,0.0,-0.041025641025641026,-0.04208724910082369,0.0,0.0010616080751826643,37173400.0,213100.0,1257745751.25,15858986.071,XLE,VDE,Energy
2010-02-05,3.99341864363214,4.370965687314457,54.24,79.12,0.000184,-0.001766,0.0,0.0,0.00018439977872026554,-0.0017663386323493475,0.0,0.001950738411069613,46378400.0,487200.0,1331251897.95,17181195.071000002,XLE,VDE,Energy
2010-02-08,3.984157603187345,4.363098624788363,53.74,78.5,-0.009218,-0.007836,0.0,0.0,-0.009218289085545723,-0.007836198179979777,0.0,-0.001382090905565946,24117500.0,175800.0,1355820445.45,17414699.071000002,XLE,VDE,Energy
2010-02-09,4.004966751070884,4.383525510797617,54.87,80.12,0.021027,0.020637,0.0,0.0,0.021027167845180498,0.020636942675159236,0.0,0.00039022517002126195,33567300.0,232900.0,1389315563.1,17453485.421,XLE,VDE,Energy
2010-02-10,4.0007662152625345,4.380149874661021,54.64,79.85,-0.004192,-0.00337,0.0,0.0,-0.004191725897576089,-0.0033699450823765514,0.0,-0.0008217808151995379,24183100.0,228200.0,1391550493.3,17610802.721,XLE,VDE,Energy
2010-02-11,4.01764348729183,4.397407736712184,55.57,81.24,0.017021,0.017408,0.0,0.0,0.017020497803806735,0.017407639323732,0.0,-0.00038714151992526313,22946200.0,132700.0,1389369072.7,17299286.521,XLE,VDE,Energy
2010-02-12,4.018003328965378,4.395219228459864,55.59,81.0624,0.00036,-0.002186,0.0,0.0,0.00035990642432967427,-0.002186115214180161,0.0,0.0025460216385098356,19833900.0,197800.0,1398063586.65,17644576.857,XLE,VDE,Energy
2010-02-16,4.041295341132285,4.419081542624893,56.9,83.02,0.023565,0.024149,0.0,0.0,0.02356538945853571,0.024149297331438568,0.0,-0.0005839078729028592,19835000.0,199900.0,1398031529.95,17700450.607,XLE,VDE,Energy
2010-02-17,4.039888376426042,4.417514427603435,56.82,82.89,-0.001406,-0.001566,0.0,0.0,-0.00140597539543058,-0.0015658877378944833,0.0,0.00015991234246390327,18137800.0,186900.0,1405867551.75,17756573.656999998,XLE,VDE,Energy
2010-02-18,4.045504396802627,4.423408472452651,57.14,83.38,0.005632,0.005911,0.0,0.0,0.005631819781766983,0.005911448908191579,0.0,-0.0002796291264245956,16572900.0,125000.0,1407174688.75,17423223.957,XLE,VDE,Energy
2010-02-19,4.0493471962913645,4.427000000316613,57.36,83.68,0.00385,0.003598,0.0,0.0,0.0038501925096254812,0.003597985128328136,0.0,0.0002522073812973452,16501900.0,132500.0,1381818041.8,17158064.537,XLE,VDE,Energy
2010-02-22,4.035478809355064,4.412919498116252,56.57,82.51,-0.013773,-0.013982,0.0,0.0,-0.013772663877266387,-0.013981835564053427,0.0,0.00020917168678703975,17353100.0,149700.0,1366075776.15,16630421.387,XLE,VDE,Energy
2010-02-23,4.018722624087202,4.395312978999615,55.63,81.07,-0.016617,-0.017453,0.0,0.0,-0.016616581226798658,-0.017452430008484045,0.0,0.0008358487816853867,21101600.0,166700.0,1379711276.2,16584174.637,XLE,VDE,Energy
2010-02-24,4.0249944840873075,4.401584133889412,55.98,81.58,0.006292,0.006291,0.0,0.0,0.00629156929714183,0.006290859750832729,0.0,7.095463091010348e-07,17630300.0,145100.0,1368480469.45,16390987.037,XLE,VDE,Energy
2010-02-25,4.025530246221741,4.401829261970061,56.01,81.6,0.000536,0.000245,0.0,0.0,0.0005359056806002144,0.0002451581269917959,0.0,0.00029074755360841844,20948100.0,207700.0,1352496564.3,16341487.237,XLE,VDE,Energy
2010-02-26,4.027848570933736,4.403543478136132,56.14,81.74,0.002321,0.001716,244209000.0,8173999.999999999,0.04700786878695599,0.009521465798194913,236035000.0,0.037486402988761075,17246800.0,143200.0,1305352871.9,15816396.062,XLE,VDE,Energy
2010-03-01,4.03706849440237,4.4146148242670336,56.66,82.65,0.009263,0.011133,0.0,0.0,0.009262557890986818,0.01113286028872056,0.0,-0.0018703023977337408,13966000.0,142700.0,1255530102.4,15515136.812,XLE,VDE,Energy
2010-03-02,4.045329372736371,4.423288532422522,57.13,83.37,0.008295,0.008711,0.0,0.0,0.008295093540416519,0.008711433756805696,0.0,-0.00041634021638917683,16746200.0,244600.0,1241961183.2,15842132.662,XLE,VDE,Energy
2010-03-03,4.049695810553219,4.426641427432833,57.38,83.65,0.004376,0.003359,0.0,0.0,0.00437598459653422,0.0033585222502099076,0.0,0.0010174623463243123,16767700.0,160300.0,1226608432.9,15585343.362,XLE,VDE,Energy
2010-03-04,4.0444537926086355,4.421968241766829,57.08,83.26,-0.005228,-0.004662,0.0,0.0,-0.005228302544440571,-0.00466228332337119,0.0,-0.0005660192210693816,16330900.0,112700.0,1217375958.5,15393401.685999999,XLE,VDE,Energy
2010-03-05,4.063025878964673,4.43970574626056,58.15,84.75,0.018746,0.017896,0.0,0.0,0.01874562018220042,0.017895748258467452,0.0,0.0008498719237329672,15335300.0,83900.0,1161167669.15,14904412.635999998,XLE,VDE,Energy
2010-03-08,4.061476958596484,4.438761347654186,58.06,84.67,-0.001548,-0.000944,0.0,0.0,-0.0015477214101461737,-0.0009439528023598821,0.0,-0.0006037686077862916,12618800.0,61700.0,1072021824.75,13238256.385999998,XLE,VDE,Energy
2010-03-09,4.061476958596484,4.4392336584434595,58.06,84.71,0.0,0.000472,0.0,0.0,0.0,0.0004724223455769458,0.0,-0.0004724223455769458,16703700.0,111900.0,1055708943.35,13022193.836,XLE,VDE,Energy
2010-03-10,4.070222620101691,4.446643277759854,58.57,85.34,0.008784,0.007437,0.0,0.0,0.00878401653461936,0.007437138472435368,0.0,0.0013468780621839916,17372200.0,101200.0,1014491543.5,12521016.836,XLE,VDE,Energy
2010-03-11,4.068513802187579,4.446057214331018,58.47,85.29,-0.001707,-0.000586,0.0,0.0,-0.0017073587160662455,-0.0005858917272088118,0.0,-0.0011214669888574337,13037600.0,86400.0,986538737.9,11978381.136,XLE,VDE,Energy
2010-03-12,4.069026754237811,4.447111881329816,58.5,85.38,0.000513,0.001055,0.0,0.0,0.000513083632632119,0.001055223355610271,0.0,-0.0005421397229781519,13659800.0,79400.0,962737636.2,11778312.336000001,XLE,VDE,Energy
2010-03-15,4.05871738457895,4.4355674016019115,57.9,84.4,-0.010256,-0.011478,0.0,0.0,-0.010256410256410256,-0.011478097915202623,0.0,0.001221687658792367,18374700.0,93300.0,960804067.65,11370331.2,XLE,VDE,Energy
2010-03-16,4.067658296959595,4.445353484534206,58.42,85.23,0.008981,0.009834,0.0,0.0,0.008981001727115717,0.009834123222748814,0.0,-0.0008531214956330972,19161700.0,78900.0,960344818.35,10876778.65,XLE,VDE,Energy
2010-03-17,4.078553876315777,4.454812304399529,59.06,86.04,0.010955,0.009504,0.0,0.0,0.010955152345087298,0.009503695881731784,0.0,0.001451456463355514,21672900.0,105900.0,972815402.25,10557753.4,XLE,VDE,Energy
2010-03-18,4.063541653067055,4.439670347403939,58.18,84.747,-0.0149,-0.015028,0.0,0.0,-0.014900101591601761,-0.0150278940027894,0.0,0.00012779241118763933,19726900.0,87200.0,982852179.05,10406125.319999998,XLE,VDE,Energy
2010-03-19,4.04795152265239,4.426402307393435,57.28,83.63,-0.011976,-0.013181,0.0,0.0,-0.015469233413544173,-0.013180407566049535,0.0,-0.0022888258474946382,22412300.0,328700.0,999713557.05,11226204.37,XLE,VDE,Energy
2010-03-22,4.045329372736371,4.425086124134329,57.13,83.52,-0.002619,-0.001315,0.0,0.0,-0.0026187150837988825,-0.0013153174698074853,0.0,-0.0013033976139913972,19856500.0,113700.0,1007350405.95,11083428.219999999,XLE,VDE,Energy
2010-03-23,4.04917284357538,4.4297447958819784,57.35,83.91,0.003851,0.00467,0.0,0.0,0.0038508664449501137,0.004669540229885058,0.0,-0.0008186737849349441,17420900.0,99100.0,998610736.3,10823483.82,XLE,VDE,Energy
2010-03-24,4.043402083484526,4.424007956913983,57.02,83.43,-0.005754,-0.00572,0.0,0.0,-0.005754141238012205,-0.00572041473006793,0.0,-3.37265079442756e-05,20768800.0,175200.0,1008475375.4,10962467.72,XLE,VDE,Energy
2010-03-25,4.026422545736642,4.406475315076191,56.06,81.98,-0.016836,-0.01738,0.0,0.0,-0.01683619782532445,-0.01737983938631188,0.0,0.0005436415609874311,22122900.0,125200.0,1011820710.05,10628246.52,XLE,VDE,Energy
2010-03-26,4.0267792427263345,4.40684119104832,56.08,82.01,0.000357,0.000366,0.0,0.0,0.00035676061362825543,0.0003659429129056992,0.0,-9.18229927744375e-06,21493800.0,87800.0,1023677557.65,10403012.02,XLE,VDE,Energy
2010-03-29,4.04602928527588,4.425445255041403,57.17,83.55,0.019437,0.018778,0.0,0.0,0.019436519258202566,0.01877819778075833,0.0,0.0006583214774442368,19477200.0,84200.0,1039787455.85,10165049.77,XLE,VDE,Energy
2010-03-30,4.047602299669969,4.426043520090656,57.26,83.6,0.001574,0.000598,0.0,0.0,0.0015742522301906594,0.0005984440454817474,0.0,0.000975808184708912,13058300.0,56300.0,1029337848.45,9380768.669999998,XLE,VDE,Energy
2010-03-31,4.052132713412791,4.4309358393767555,57.52,84.01,0.004541,0.004904,54644000.0,25203000.0,0.013904051639194595,0.02821454296841617,29441000.0,-0.014310491329221573,15168100.0,79200.0,1024854772.75,9042993.52,XLE,VDE,Energy
2010-04-01,4.06971028126374,4.449129053714429,58.54,85.5524,0.017733,0.01836,0.0,0.0,0.01773296244784423,0.01835971908106182,0.0,-0.0006267566332175921,17990400.0,94600.0,1030904284.95,8978486.272,XLE,VDE,Energy
2010-04-05,4.0873199472851365,4.46737944950939,59.58,87.1281,0.017766,0.018418,0.0,0.0,0.01776563033823027,0.018417952038750435,0.0,-0.0006523217005201636,17455900.0,139800.0,1038318026.3,9231985.441,XLE,VDE,Energy
2010-04-06,4.0873199472851365,4.468204330914934,59.58,87.2,0.0,0.000825,0.0,0.0,0.0,0.0008252217137755053,0.0,-0.0008252217137755053,13535700.0,67200.0,1042008500.2,9263770.491,XLE,VDE,Energy
2010-04-07,4.077367938014984,4.458756167532555,58.99,86.38,-0.009903,-0.009404,0.0,0.0,-0.009902651896609601,-0.009403669724770643,0.0,-0.0004989821718389582,19536600.0,135600.0,1051140860.8,9375474.441,XLE,VDE,Energy
2010-04-08,4.0809215418899605,4.463145685958674,59.2,86.76,0.00356,0.004399,0.0,0.0,0.003559925411086625,0.004399166473720769,0.0,-0.0008392410626341437,19460300.0,90700.0,1057868861.1,9337110.640999999,XLE,VDE,Energy
2010-04-09,4.09150720740194,4.472865469260388,59.83,87.6074,0.010642,0.009767,0.0,0.0,0.010641891891891892,0.009767173812817009,0.0,0.0008747180790748838,17488600.0,75900.0,1072070584.4,9301127.923999999,XLE,VDE,Energy
2010-04-12,4.093844437180419,4.4756308146331065,59.97,87.85,0.00234,0.002769,0.0,0.0,0.002339963229149256,0.0027691724671659746,0.0,-0.0004292092380167186,15033000.0,123300.0,1077192119.9,9503764.574,XLE,VDE,Energy
2010-04-13,4.090336540824562,4.470952843868283,59.76,87.44,-0.003502,-0.004667,0.0,0.0,-0.003501750875437719,-0.00466704610130905,0.0,0.001165295225871331,13856400.0,73800.0,1065400286.6,9432692.173999999,XLE,VDE,Energy
2010-04-14,4.09982949245267,4.481397875378216,60.33,88.3581,0.009538,0.0105,0.0,0.0,0.009538152610441768,0.010499771271729144,0.0,-0.0009616186612873764,14585600.0,111800.0,1053426423.3,9590381.603,XLE,VDE,Energy
2010-04-15,4.099663723699701,4.483002552013883,60.32,88.5,-0.000166,0.001606,0.0,0.0,-0.0001657550140891762,0.0016059648181661174,0.0,-0.0017717198322552937,13947800.0,106600.0,1031492914.4,9606504.803,XLE,VDE,Energy
2010-04-16,4.08260930600368,4.466827236366346,59.3,87.08,-0.01691,-0.016045,0.0,0.0,-0.016909814323607428,-0.016045197740112996,0.0,-0.0008646165834944319,36665600.0,140200.0,1082820866.3,9847438.683000002,XLE,VDE,Energy
2010-04-19,4.083957469335614,4.466827236366346,59.38,87.08,0.001349,0.0,0.0,0.0,0.0013490725126475548,0.0,0.0,0.0013490725126475548,21149000.0,105700.0,1081423420.1,8933197.433000002,XLE,VDE,Energy
2010-04-20,4.103304303593573,4.4868369990262265,60.54,88.84,0.019535,0.020211,0.0,0.0,0.01953519703603907,0.020211299954065228,0.0,-0.0006761029180261564,19667400.0,103100.0,1084236547.65,8916356.433000002,XLE,VDE,Energy
2010-04-21,4.102312731871278,4.485147143388361,60.48,88.69,-0.000991,-0.001688,0.0,0.0,-0.0009910802775024777,-0.0016884286357496624,0.0,0.0006973483582471847,18571600.0,93100.0,1090442635.3,8913434.333,XLE,VDE,Energy
2010-04-22,4.1047898200836395,4.486724430781609,60.63,88.83,0.00248,0.001579,0.0,0.0,0.00248015873015873,0.0015785319652722968,0.0,0.0009016267648864333,19383100.0,156800.0,1089990654.15,8879014.733000001,XLE,VDE,Energy
2010-04-23,4.128584945376802,4.509979998984343,62.09,90.92,0.024081,0.023528,0.0,0.0,0.024080488207158173,0.02352808735787459,0.0,0.0005524008492835825,26012300.0,176500.0,1108735350.8,9168188.933000002,XLE,VDE,Energy
2010-04-26,4.125197025704866,4.506454213048934,61.88,90.6,-0.003382,-0.00352,0.0,0.0,-0.0033821871476888386,-0.0035195776506819184,0.0,0.00013739050299307973,17270200.0,237100.0,1101900734.4,9882228.033000002,XLE,VDE,Energy
2010-04-27,4.094011173320863,4.477109515920573,59.98,87.98,-0.030705,-0.028918,0.0,0.0,-0.03070458952811894,-0.02891832229580574,0.0,-0.0017862672323131976,41402600.0,347900.0,1170391555.6,11060894.633000001,XLE,VDE,Energy
2010-04-28,4.104129862956897,4.487174627750384,60.59,88.87,0.01017,0.010116,0.0,0.0,0.010170056685561854,0.010115935439872699,0.0,5.412124568915551e-05,23096500.0,181800.0,1202976489.45,11633388.933000002,XLE,VDE,Energy
2010-04-29,4.105284502260435,4.487287145331375,60.66,88.88,0.001155,0.000112,0.0,0.0,0.0011553061561313748,0.00011252391133115787,0.0,0.001042782244800217,28862700.0,168600.0,1246893602.95,12049967.733000001,XLE,VDE,Energy
2010-04-30,4.0928434360958335,4.474719756604026,59.91,87.77,-0.012364,-0.012489,176734500.0,26331000.0,0.015958412935497032,0.009898719978549657,150403500.0,0.006059692956947376,22916400.0,189900.0,1262881778.35,12478681.031,XLE,VDE,Energy
2010-05-03,4.104129862956897,4.484696032520217,60.59,88.65,0.01135,0.010026,0.0,0.0,0.011350358871640794,0.010026204853594622,0.0,0.0013241540180461715,16689800.0,255100.0,1261442401.35,13000386.362,XLE,VDE,Energy
2010-05-04,4.077028840012413,4.458061320949879,58.97,86.32,-0.026737,-0.026283,0.0,0.0,-0.026737085327611817,-0.026283135927805977,0.0,-0.00045394939980583984,30584300.0,221600.0,1311297359.6,13663819.962000001,XLE,VDE,Energy
2010-05-05,4.061132428015987,4.443004135397701,58.04,85.03,-0.015771,-0.014944,0.0,0.0,-0.01577073088010853,-0.01494439295644115,0.0,-0.0008263379236673821,35206500.0,316400.0,1355843420.9,14423338.162,XLE,VDE,Energy
2010-05-06,4.026331567641786,4.40562108352751,56.0549,81.91,-0.034202,-0.036693,0.0,0.0,-0.03420227429359063,-0.03669293190638598,0.0,0.0024906576127953495,47200700.0,473200.0,1430532458.8215,15967872.162,XLE,VDE,Energy
2010-05-07,4.007151350519723,4.386143150185721,54.99,80.33,-0.018997,-0.01929,0.0,0.0,-0.018997447145566223,-0.01928946404590404,0.0,0.0002920169003378173,49490900.0,351500.0,1514290541.4715,17047201.829,XLE,VDE,Energy
2010-05-10,4.048998460455224,4.426880490307507,57.34,83.67,0.042735,0.041578,0.0,0.0,0.042735042735042736,0.041578488733972366,0.0,0.00115655400107037,29716800.0,189500.0,1554412156.5715,17298379.829,XLE,VDE,Energy
2010-05-11,4.04234926710372,4.420405647542997,56.96,83.13,-0.006627,-0.006454,0.0,0.0,-0.006627136379490757,-0.006453926138400861,0.0,-0.00017321024108989634,22836800.0,166000.0,1578048439.7715,17665705.229,XLE,VDE,Energy
2010-05-12,4.056123349401903,4.435211888177536,57.75,84.37,0.013869,0.014917,0.0,0.0,0.01386938202247191,0.014916396006255262,0.0,-0.0010470139837833528,18808400.0,146200.0,1588360232.3715,17788528.15,XLE,VDE,Energy
2010-05-13,4.049695810553219,4.428910220572732,57.38,83.84,-0.006407,-0.006282,0.0,0.0,-0.006406926406926407,-0.006281853739480858,0.0,-0.00012507266744554886,21117600.0,96400.0,1606880061.9715,17720931.95,XLE,VDE,Energy
2010-05-14,4.029628247502409,4.40684119104832,56.24,82.01,-0.019868,-0.021827,0.0,0.0,-0.019867549668874173,-0.021827290076335878,0.0,0.0019597404074617047,28395600.0,289300.0,1578014985.1715,18296775.8,XLE,VDE,Energy
2010-05-17,4.019261756097745,4.397407736712184,55.66,81.24,-0.010313,-0.009389,0.0,0.0,-0.010312944523470839,-0.009389098890379222,0.0,-0.0009238456330916169,31950000.0,361800.0,1604140454.1715,19306189.6,XLE,VDE,Energy
2010-05-18,4.011506283913096,4.388257184424518,55.23,80.5,-0.007725,-0.009109,0.0,0.0,-0.007725476104922745,-0.009108813392417528,0.0,0.0013833372874947824,30676300.0,671800.0,1629319836.8215,21552214.4,XLE,VDE,Energy
2010-05-19,4.000033882750859,4.376643421144993,54.6,79.5705,-0.011407,-0.011547,0.0,0.0,-0.011406844106463879,-0.011546583850931677,0.0,0.000139739744467798,30109200.0,607800.0,1655357434.4215,23557509.945,XLE,VDE,Energy
2010-05-20,3.9543159176183975,4.330048895581169,52.16,75.948,-0.044689,-0.045526,0.0,0.0,-0.04468864468864469,-0.04552566591890222,0.0,0.0008370212302575286,44886600.0,625500.0,1713661819.5715,25236356.445,XLE,VDE,Energy
2010-05-21,3.9716117968398037,4.34795265434013,53.07,77.32,0.017446,0.018065,0.0,0.0,0.017446319018404908,0.018064991836519727,0.0,-0.0006186728181148196,40155900.0,459700.0,1739460314.8715,26211187.645,XLE,VDE,Energy
2010-05-24,3.9485477801105184,4.323602714536165,51.86,75.46,-0.0228,-0.024056,0.0,0.0,-0.02280007537214999,-0.024055871702017593,0.0,0.001255796329867602,27414300.0,299100.0,1757111595.9715,26265628.945,XLE,VDE,Energy
2010-05-25,3.950859029213344,4.323602714536165,51.98,75.46,0.002314,0.0,0.0,0.0,0.0023139220979560356,0.0,0.0,0.0023139220979560356,43114000.0,325700.0,1744998484.5715,25964082.945,XLE,VDE,Energy
2010-05-26,3.9487405883633087,4.325808073151992,51.87,75.6266,-0.002116,0.002208,0.0,0.0,-0.002116198537899192,0.0022077922077922783,0.0,-0.00432399074569147,29848500.0,326000.0,1752439722.5715,26388968.224999998,XLE,VDE,Energy
2010-05-27,3.9902795033939134,4.366786085257597,54.07,78.79,0.042414,0.041829,0.0,0.0,0.04241372662425294,0.04182919766325621,0.0,0.0005845289609967275,30306700.0,108400.0,1746833316.9215,26066751.624999996,XLE,VDE,Energy
2010-05-28,3.971234865059992,4.34756458111878,53.05,77.29,-0.018864,-0.019038,403180000.0,23882610.000000004,0.051600791752447014,0.0033604308167011414,379297390.0,0.04824036093574587,26328700.0,119100.0,1748024117.4715,25693637.424999997,XLE,VDE,Energy
2010-06-01,3.9225672193038172,4.300248359273612,50.53,73.7181,-0.047502,-0.046214,0.0,0.0,-0.047502356267672005,-0.04621425798939067,0.0,-0.0012880982782813369,36350400.0,358200.0,1789301653.9715,25883197.845999997,XLE,VDE,Energy
2010-06-02,3.9649948901942516,4.343285806357451,52.72,76.96,0.043341,0.043977,0.0,0.0,0.04334058974866416,0.04397698801244183,0.0,-0.0006363982637776697,27650500.0,242500.0,1772010563.4215,25859912.246,XLE,VDE,Energy
2010-06-03,3.97837238596968,4.357477761752469,53.43,78.06,0.013467,0.014293,0.0,0.0,0.013467374810318665,0.014293139293139407,0.0,-0.0008257644828207414,33690200.0,243700.0,1759844669.7215,25465898.746,XLE,VDE,Energy
2010-06-04,3.942552210462969,4.321878461837604,51.55,75.33,-0.035186,-0.034973,0.0,0.0,-0.03518622496724687,-0.03497309761721752,0.0,-0.00021312735002934624,29859900.0,125900.0,1704517036.05,24002110.496,XLE,VDE,Energy
2010-06-07,3.933784497209659,4.310799125385514,51.1,74.5,-0.008729,-0.011018,0.0,0.0,-0.008729388942774006,-0.01101818664542679,0.0,0.0022887977026527836,24131500.0,209800.0,1630097789.0,23371815.746,XLE,VDE,Energy
2010-06-08,3.9502817175452365,4.328098292648326,51.95,75.8,0.016634,0.01745,0.0,0.0,0.016634050880626222,0.0174496644295302,0.0,-0.0008156135489039776,35094300.0,166500.0,1636057167.65,23210077.496,XLE,VDE,Energy
2010-06-09,3.9398327060674134,4.317354771313298,51.41,74.99,-0.010395,-0.010686,0.0,0.0,-0.01039461020211742,-0.010686015831134679,0.0,0.0002914056290172582,30679900.0,116800.0,1649880644.2,22958040.095999997,XLE,VDE,Energy
2010-06-10,3.9887988442301956,4.364021765441866,53.99,78.5725,0.050185,0.047773,0.0,0.0,0.05018478895156584,0.0477730364048541,0.0,0.0024117525467117415,25993300.0,136400.0,1665740302.55,22877159.845999997,XLE,VDE,Energy
2010-06-11,3.9948924832504407,4.370080563655481,54.32,79.05,0.006112,0.006077,0.0,0.0,0.006112243007964438,0.006077189856501956,0.0,3.505315146248161e-05,15163000.0,96100.0,1646336616.15,22852886.295999996,XLE,VDE,Energy
2010-06-14,3.989724513091998,4.3665322137152325,54.04,78.77,-0.005155,-0.003542,0.0,0.0,-0.005154639175257732,-0.0035420619860847564,0.0,-0.0016125771891729755,23814500.0,115400.0,1630834967.95,22121114.545999996,XLE,VDE,Energy
2010-06-15,4.018542848805819,4.394773793329632,55.62,81.0263,0.029238,0.028644,0.0,0.0,0.02923760177646188,0.028644153865685036,0.0,0.0005934479107768433,17071500.0,69200.0,1589393959.45,20931833.944,XLE,VDE,Energy
2010-06-16,4.017823424314358,4.39397990879134,55.58,80.962,-0.000719,-0.000794,0.0,0.0,-0.000719165767709457,-0.0007935694953368267,0.0,7.440372762736972e-05,14496300.0,76000.0,1544966574.7,18535494.544,XLE,VDE,Energy
2010-06-17,4.016743316198549,4.394202210604015,55.52,80.98,-0.00108,0.000222,0.0,0.0,-0.0010795250089960418,0.00022232652355426002,0.0,-0.0013018515325503017,17413000.0,75000.0,1511106946.7,16421022.049,XLE,VDE,Energy
2010-06-18,4.018363041199472,4.399866552802212,55.61,81.44,0.006152,0.00568,0.0,0.0,0.0016210374639769453,0.005680414917263522,0.0,-0.004059377453286577,13598200.0,41900.0,1431852489.0,14216365.149,XLE,VDE,Energy
2010-06-21,4.01620282433781,4.396821646728134,55.49,81.1924,-0.002158,-0.00304,0.0,0.0,-0.002157885272433016,-0.0030402750491157443,0.0,0.0008823897766827285,16625700.0,129000.0,1371426813.0,12962855.929,XLE,VDE,Energy
2010-06-22,3.9865737366924425,4.3678009274099,53.87,78.87,-0.029195,-0.028604,0.0,0.0,-0.029194449450351413,-0.028603662411752988,0.0,-0.0005907870385984254,21573800.0,159300.0,1358450563.4,12462551.179,XLE,VDE,Energy
2010-06-23,3.978933710710773,4.358885942232239,53.46,78.17,-0.007611,-0.008875,0.0,0.0,-0.007610915166140709,-0.008875364523900088,0.0,0.0012644493577593794,17819500.0,96400.0,1294028800.9,11610464.478999998,XLE,VDE,Energy
2010-06-24,3.9577608971019997,4.337160013333775,52.34,76.49,-0.02095,-0.021492,0.0,0.0,-0.020950243172465393,-0.0214916208264041,0.0,0.0005413776539387079,16955400.0,83700.0,1260988997.95,10697861.548999999,XLE,VDE,Energy
2010-06-25,3.9606226752642084,4.341334840010591,52.49,76.81,0.002866,0.004184,0.0,0.0,0.002865876958349255,0.004183553405674057,0.0,-0.0013176764473248025,20437700.0,73000.0,1232693578.15,10551176.249,XLE,VDE,Energy
2010-06-28,3.947003974323392,4.327966357823938,51.78,75.79,-0.013526,-0.01328,0.0,0.0,-0.013526385978281577,-0.01327952089571659,0.0,-0.0002468650825649867,15954400.0,68600.0,1204162643.0,10350873.999,XLE,VDE,Energy
2010-06-29,3.9134220263418533,4.29346860769209,50.07,73.22,-0.033024,-0.03391,0.0,0.0,-0.03302433371958285,-0.03390948673967553,0.0,0.0008851530200926841,22493600.0,150100.0,1168636085.0,9580098.928,XLE,VDE,Energy
2010-06-30,3.905602437625223,4.288265254859407,49.68,72.84,-0.007789,-0.00519,-283176000.0,14640840.0,-0.05765333576195583,0.009255822362660725,-297816840.0,-0.06690915812461656,16694000.0,84600.0,1137217263.0,8955072.128,XLE,VDE,Energy
2010-07-01,3.901972669574645,4.284269087507688,49.5,72.5495,-0.003623,-0.003988,0.0,0.0,-0.0036231884057971015,-0.00398819330038452,0.0,0.00036500489458741884,25802500.0,132200.0,1111075081.2,8483463.223000001,XLE,VDE,Energy
2010-07-02,3.8995454839170334,4.281100716083921,49.38,72.32,-0.002424,-0.003163,0.0,0.0,-0.0024242424242424242,-0.0031633574318224115,0.0,0.0007391150075799872,11419600.0,148100.0,1062306181.35,8544790.473000001,XLE,VDE,Energy
2010-07-06,3.9092190780954117,4.289192885981257,49.86,72.9076,0.009721,0.008125,0.0,0.0,0.009720534629404616,0.00812500000000019,0.0,0.001595534629404427,17301200.0,83800.0,1043782090.45,8068768.317,XLE,VDE,Energy
2010-07-07,3.943909194290468,4.3245564075193315,51.62,75.532,0.035299,0.035996,0.0,0.0,0.03529883674288006,0.03599624730480766,0.0,-0.0006974105619275972,18908700.0,77800.0,1001428000.9,7731552.797,XLE,VDE,Energy
2010-07-08,3.9579519373165457,4.33729074083249,52.35,76.5,0.014142,0.012816,0.0,0.0,0.01414180550174351,0.012815760207594132,0.0,0.0013260452941493781,14872800.0,150600.0,961494871.95,7869656.197,XLE,VDE,Energy
2010-07-09,3.9630962756121466,4.343025897324149,52.62,76.94,0.005158,0.005752,0.0,0.0,0.005157593123209169,0.005751633986928104,0.0,-0.0005940408637189355,9112800.0,283000.0,915301735.4,8422492.747,XLE,VDE,Energy
2010-07-12,3.9604321446358335,4.339380059952409,52.48,76.66,-0.002661,-0.003639,0.0,0.0,-0.0026605853287723297,-0.00363919937613725,0.0,0.0009786140473649202,8207300.0,52400.0,895654982.6,8243506.697,XLE,VDE,Energy
2010-07-13,3.972365234434308,4.351953950417589,53.11,77.63,0.012005,0.012653,0.0,0.0,0.012004573170731708,0.012653274197756326,0.0,-0.0006487010270246184,14165000.0,113100.0,868923361.1,8228001.447,XLE,VDE,Energy
2010-07-14,3.971234865059992,4.349115971216622,53.05,77.41,-0.00113,-0.002834,0.0,0.0,-0.001129730747505178,-0.0028339559448666753,0.0,0.0017042251973614973,11942000.0,57000.0,853123674.6,8168268.948999999,XLE,VDE,Energy
2010-07-15,3.9701032165046706,4.350148895775859,52.99,77.49,-0.001131,0.001033,0.0,0.0,-0.0011310084825636192,0.001033458209533652,0.0,-0.0021644666920972713,14920700.0,67100.0,852370851.55,8120592.299,XLE,VDE,Energy
2010-07-16,3.9460378840154235,4.321747031456685,51.73,75.3201,-0.023778,-0.028002,0.0,0.0,-0.023778071334214,-0.028002322880371706,0.0,0.004224251546157704,18130800.0,54900.0,850927677.75,8023670.9735,XLE,VDE,Energy
2010-07-19,3.9523968995664194,4.329406144161583,52.06,75.8992,0.006379,0.007689,0.0,0.0,0.006379277015271603,0.007688518735370726,0.0,-0.0013092417200991236,12541200.0,64500.0,845762626.25,8097829.0935,XLE,VDE,Energy
2010-07-20,3.9749978045895347,4.350019838538795,53.25,77.48,0.022858,0.020828,0.0,0.0,0.0228582404917403,0.020827624006577235,0.0,0.002030616485163065,16590400.0,48800.0,843806561.6,7763189.3135,XLE,VDE,Energy
2010-07-21,3.958524839079566,4.336244442018754,52.38,76.42,-0.016338,-0.013681,0.0,0.0,-0.016338028169014085,-0.013680949922560661,0.0,-0.002657078246453424,22513800.0,82000.0,844661173.5,7448311.7635,XLE,VDE,Energy
2010-07-22,3.9804290380922063,4.358630056867486,53.54,78.15,0.022146,0.022638,0.0,0.0,0.022145857197403588,0.022638052865741953,0.0,-0.0004921956683383646,22992100.0,54900.0,858579501.7,7286054.113500001,XLE,VDE,Energy
2010-07-23,3.9849016508407185,4.363226005210164,53.78,78.51,0.004483,0.004607,0.0,0.0,0.0044826298094882335,0.004606525911708253,0.0,-0.00012389610222001985,18025700.0,88200.0,862678327.2,7312172.5635,XLE,VDE,Energy
2010-07-26,3.993602992420569,4.37424644735492,54.25,79.38,0.008739,0.011081,0.0,0.0,0.008739308293045742,0.01108139090561712,0.0,-0.002342082612571378,11938600.0,79200.0,841423036.05,7346160.863500001,XLE,VDE,Energy
2010-07-27,3.9887988442301956,4.3694478524670215,53.99,79.0,-0.004793,-0.004787,0.0,0.0,-0.004792626728110599,-0.004787100025195263,0.0,-5.526702915335802e-06,16409400.0,52700.0,844414269.75,7294366.163500001,XLE,VDE,Energy
2010-07-28,3.9865737366924425,4.366786085257597,53.87,78.79,-0.002223,-0.002658,0.0,0.0,-0.002222633821077977,-0.002658227848101266,0.0,0.00043559402702328864,10778100.0,43600.0,817132354.5,6916612.2635,XLE,VDE,Energy
2010-07-29,3.9880576917041437,4.3678009274099,53.95,78.87,0.001485,0.001015,0.0,0.0,0.001485056617783553,0.0010153572788424927,0.0,0.0004696993389410604,14557200.0,43000.0,814932505.5,6778069.563499999,XLE,VDE,Energy
2010-07-30,3.9860166853364722,4.365516082546892,53.84,78.69,-0.002039,-0.002282,409184000.0,23607000.0,0.06837050851295726,0.01903196471999941,385577000.0,0.04933854379295785,11816100.0,54800.0,782880259.2,6514127.9685,XLE,VDE,Energy
2010-08-02,4.020339148911605,4.3990066547085656,55.72,81.37,0.034918,0.034058,0.0,0.0,0.034918276374442794,0.03405769475155674,0.0,0.0008605816228860544,27578900.0,137000.0,831520082.2,6535982.8685,XLE,VDE,Energy
2010-08-03,4.019980146933238,4.400725712106366,55.7,81.51,-0.000359,0.001721,0.0,0.0,-0.0003589375448671931,0.0017205358240137644,0.0,-0.0020794733688809575,14260200.0,107800.0,828102847.6,6669838.924500001,XLE,VDE,Energy
2010-08-04,4.027670428954108,4.409306142266687,56.13,82.2124,0.00772,0.008617,0.0,0.0,0.007719928186714542,0.008617347564716027,0.0,-0.0008974193780014843,13107600.0,74400.0,816085972.3,6681849.5725,XLE,VDE,Energy
2010-08-05,4.030872139266527,4.409641801706855,56.31,82.24,0.003207,0.000336,0.0,0.0,0.003206841261357563,0.00033571578010125816,0.0,0.0028711254812563048,8908700.0,51000.0,802238863.15,6315516.5725,XLE,VDE,Energy
2010-08-06,4.018902367055242,4.3987608336650466,55.64,81.35,-0.011899,-0.010822,0.0,0.0,-0.011898419463683182,-0.010821984435797665,0.0,-0.0010764350278855174,18118100.0,69000.0,828667640.55,5507473.0725,XLE,VDE,Energy
2010-08-09,4.023027563471057,4.403665809777363,55.87,81.75,0.004134,0.004917,0.0,0.0,0.00413371675053918,0.004917025199754148,0.0,-0.0007833084492149681,6714200.0,62800.0,825887803.05,5563318.8725,XLE,VDE,Energy
2010-08-10,4.014760082879258,4.394078715698023,55.41,80.97,-0.008233,-0.009541,0.0,0.0,-0.008233398961875783,-0.009541284403669725,0.0,0.0013078854417939417,12260500.0,616500.0,822240360.8,7620221.472499999,XLE,VDE,Energy
2010-08-11,3.984529696214894,4.36373536470163,53.76,78.55,-0.029778,-0.029888,0.0,0.0,-0.02977801840822956,-0.02988761269606027,0.0,0.00010959428783070824,18829600.0,111100.0,841178170.6,7835948.222499999,XLE,VDE,Energy
2010-08-12,3.97855952922839,4.358374106008653,53.44,78.13,-0.005952,-0.005347,0.0,0.0,-0.005952380952380952,-0.005346912794398472,0.0,-0.00060546815798248,15263900.0,60600.0,842430916.75,7812703.172499999,XLE,VDE,Energy
2010-08-13,3.976873977747762,4.356067595503785,53.35,77.95,-0.001684,-0.002304,0.0,0.0,-0.0016841317365269462,-0.00230385255343658,0.0,0.0006197208169096337,9109400.0,43400.0,819834927.05,7775100.997999999,XLE,VDE,Energy
2010-08-16,3.9766865187538682,4.355425952876702,53.34,77.9,-0.000187,-0.000641,0.0,0.0,-0.00018744142455482662,-0.0006414368184733803,0.0,0.0004539953939185537,10285700.0,82800.0,814622145.35,7852832.078,XLE,VDE,Energy
2010-08-17,3.993234260852969,4.373048955641531,54.23,79.285,0.016685,0.017779,0.0,0.0,0.016685414323209597,0.017779204107830553,0.0,-0.0010937897846209563,18017300.0,57000.0,819304114.3,7889743.1280000005,XLE,VDE,Energy
2010-08-18,3.983599203917368,4.363226005210164,53.71,78.51,-0.009589,-0.009775,0.0,0.0,-0.009588788493453808,-0.009774862836602132,0.0,0.0001860743431483236,18694300.0,66600.0,810544014.75,7837859.428,XLE,VDE,Energy
2010-08-19,3.9672684796541247,4.346917457560314,52.84,77.24,-0.016198,-0.016176,0.0,0.0,-0.016198100912306834,-0.016176283276015793,0.0,-2.1817636291041054e-05,16499100.0,70000.0,792584785.25,7893677.678,XLE,VDE,Energy
2010-08-20,3.9548909056553216,4.334148554429418,52.19,76.26,-0.012301,-0.012688,0.0,0.0,-0.012301286903860712,-0.012687726566545831,0.0,0.00038643966268511916,12424800.0,59400.0,776536193.55,7773940.778,XLE,VDE,Energy
2010-08-23,3.955274047422461,4.335039843449545,52.21,76.328,0.000383,0.000892,0.0,0.0,0.0003832151753209427,0.0008916863362182009,0.0,-0.0005084711608972581,8176700.0,68200.0,765498016.4,7719874.4580000015,XLE,VDE,Energy
2010-08-24,3.9396381724611196,4.32068300443283,51.4,75.24,-0.015514,-0.014254,0.0,0.0,-0.015514269297069528,-0.014254271040771408,0.0,-0.00125999825629812,14743800.0,171600.0,759092407.1,8157268.658000002,XLE,VDE,Energy
2010-08-25,3.9365204770285334,4.3185542117183084,51.24,75.08,-0.003113,-0.002126,0.0,0.0,-0.0031128404669260703,-0.002126528442317916,0.0,-0.000986312024608154,19339400.0,184000.0,779609137.55,8676242.458,XLE,VDE,Energy
2010-08-26,3.9275025762765323,4.309724722918476,50.78,74.42,-0.008977,-0.008791,0.0,0.0,-0.00897736143637783,-0.008790623335109217,0.0,-0.00018673810126861208,10982600.0,114100.0,768225911.95,8931238.058000002,XLE,VDE,Energy
2010-08-27,3.9531649487593215,4.337029268743146,52.1,76.48,0.025995,0.027681,0.0,0.0,0.02599448601811737,0.027680730986294005,0.0,-0.001686244968176636,19709000.0,83300.0,787758915.75,9034166.658000002,XLE,VDE,Energy
2010-08-30,3.9384701754429945,4.322939892214555,51.34,75.41,-0.014587,-0.013991,0.0,0.0,-0.014587332053742802,-0.013990585774058577,0.0,-0.0005967462796842241,9156600.0,44500.0,734429092.55,8644569.408000002,XLE,VDE,Energy
2010-08-31,3.9357395320454622,4.319885238136032,51.2,75.18,-0.002727,-0.00305,-174080000.0,-37590000.0,-0.03212969760403834,-0.03780388051419433,-136490000.0,0.005674182910155992,17578700.0,53300.0,739715907.55,8405585.208,XLE,VDE,Energy
2010-09-01,3.972365234434308,4.356580613342406,53.11,77.99,0.037305,0.037377,0.0,0.0,0.0373046875,0.03737696195796743,0.0,-7.227445796742504e-05,19132900.0,93900.0,753736844.1,8465918.13,XLE,VDE,Energy
2010-09-02,3.980615796893758,4.3651347670036635,53.55,78.66,0.008285,0.008591,0.0,0.0,0.008284692148371305,0.008590844980125658,0.0,-0.0003061528317543534,9848600.0,45600.0,755024025.75,8435550.930000002,XLE,VDE,Energy
2010-09-03,3.9926809084456005,4.374876130645041,54.2,79.43,0.012138,0.009789,0.0,0.0,0.012138188608776844,0.009788965166539538,0.0,0.0023492234422373068,13253900.0,55000.0,740537540.55,8373325.930000002,XLE,VDE,Energy
2010-09-07,3.9776234625120948,4.360036616782266,53.39,78.26,-0.014945,-0.01473,0.0,0.0,-0.014944649446494465,-0.014729950900163666,0.0,-0.00021469854633079932,11406900.0,52500.0,752232142.4,8322063.430000002,XLE,VDE,Energy
2010-09-08,3.9862024036023977,4.367547313409047,53.85,78.85,0.008616,0.007539,0.0,0.0,0.008615845663982019,0.007538972655251725,0.0,0.0010768730087302942,9330300.0,77600.0,743386259.9,6132101.180000001,XLE,VDE,Energy
2010-09-09,3.988243031339555,4.369700984983244,53.96,79.02,0.002043,0.002156,0.0,0.0,0.002042711234911792,0.002155992390615092,0.0,-0.00011328115570330031,7836600.0,39900.0,713915441.9,5853400.83,XLE,VDE,Energy
2010-09-10,3.998567606828332,4.381026134340298,54.52,79.92,0.010378,0.01139,0.0,0.0,0.010378057820607857,0.011389521640091117,0.0,-0.0010114638194832597,7595300.0,49800.0,693835088.9,5815667.7299999995,XLE,VDE,Energy
2010-09-13,4.006605647914094,4.387635873438392,54.96,80.45,0.00807,0.006632,0.0,0.0,0.008070432868672046,0.006631631631631631,0.0,0.001438801237040415,9131500.0,68700.0,694629126.4,5922861.9799999995,XLE,VDE,Energy
2010-09-14,4.00314259879563,4.38589414620037,54.77,80.31,-0.003457,-0.00174,0.0,0.0,-0.0034570596797671035,-0.001740211311373524,0.0,-0.0017168483683935795,13977900.0,90400.0,705475643.65,5963357.18,XLE,VDE,Energy
2010-09-15,4.001132180499922,4.384772860341907,54.66,80.22,-0.002008,-0.001121,0.0,0.0,-0.002008398758444404,-0.0011206574523720584,0.0,-0.0008877413060723455,14112900.0,79100.0,695192290.4,6054665.029999999,XLE,VDE,Energy
2010-09-16,3.996547960497834,4.380149874661021,54.41,79.85,-0.004574,-0.004612,0.0,0.0,-0.004573728503476033,-0.004612316130640738,0.0,3.858762716470437e-05,16758800.0,113900.0,690581063.15,6247972.4799999995,XLE,VDE,Energy
2010-09-17,3.9869449319454056,4.376762804998783,53.89,79.58,-0.004977,-0.003381,0.0,0.0,-0.009557066715677265,-0.0033813400125234814,0.0,-0.006175726703153784,14352800.0,170200.0,685664060.55,6654858.279999999,XLE,VDE,Energy
2010-09-20,4.00369019395397,4.394202210604015,54.8,80.98,0.016886,0.017592,0.0,0.0,0.016886249768046018,0.017592359889419453,0.0,-0.000706110121373435,19424900.0,82500.0,706465770.95,6762408.58,XLE,VDE,Energy
2010-09-21,4.004419854694114,4.393090207029862,54.84,80.89,0.00073,-0.001111,0.0,0.0,0.00072992700729927,-0.001111385527290689,0.0,0.001841312534589959,16772400.0,141300.0,731110416.4,7073617.95,XLE,VDE,Energy
2010-09-22,3.9970991777832654,4.386765389021055,54.44,80.38,-0.007294,-0.006305,0.0,0.0,-0.007293946024799417,-0.00630485844974657,0.0,-0.000989087575052847,16159000.0,107800.0,737203648.4,6861306.95,XLE,VDE,Energy
2010-09-23,3.9908341858524357,4.379899373657707,54.1,79.83,-0.006245,-0.006842,0.0,0.0,-0.006245407788390889,-0.006842498133864145,0.0,0.0005970903454732565,12359900.0,76000.0,721089635.1,6473924.95,XLE,VDE,Energy
2010-09-24,4.012230265845171,4.400817721123315,55.27,81.5175,0.021627,0.021139,0.0,0.0,0.021626617375231055,0.021138669673055242,0.0,0.000487947702175813,24632500.0,84300.0,761276727.45,6392955.1125,XLE,VDE,Energy
2010-09-27,4.008423499714461,4.397609587338483,55.06,81.2564,-0.0038,-0.003203,0.0,0.0,-0.003799529582051746,-0.0032029932223141848,0.0,-0.0005965363597375613,10897700.0,66900.0,739936150.55,6346218.570499999,XLE,VDE,Energy
2010-09-28,4.015481713796376,4.405987272118725,55.45,81.94,0.007083,0.008413,0.0,0.0,0.007083181983290956,0.008412875785784216,0.0,-0.00132969380249326,16579500.0,79700.0,762397822.1,6504962.2205,XLE,VDE,Energy
2010-09-29,4.0260657214688065,4.415098675734075,56.04,82.69,0.01064,0.009153,0.0,0.0,0.010640216411181245,0.00915303880888455,0.0,0.0014871776022966944,21501400.0,140100.0,777643272.9,6883850.9705,XLE,VDE,Energy
2010-09-30,4.026422545736642,4.415582293202092,56.06,82.73,0.000357,0.000484,249467000.0,-24819000.0,0.04013162124062308,-0.021198351846943953,274286000.0,0.06132997308756703,23169700.0,113800.0,791780526.05,6988421.6205,XLE,VDE,Energy
2010-10-01,4.039712366569035,4.427955566562281,56.81,83.76,0.013379,0.01245,0.0,0.0,0.013378523011059578,0.012450139006406383,0.0,0.0009283840046531953,20009800.0,126300.0,822248736.45,7338021.2205,XLE,VDE,Energy
2010-10-04,4.027135812528651,4.415340513703815,56.1,82.71,-0.012498,-0.012536,0.0,0.0,-0.012497799683154374,-0.012535816618911174,0.0,3.801693575680026e-05,14752600.0,86900.0,827711710.45,7478963.6705,XLE,VDE,Energy
2010-10-05,4.050392674692918,4.438288813682014,57.42,84.63,0.023529,0.023214,0.0,0.0,0.023529411764705882,0.023213638012332245,0.0,0.00031577375237363745,21615800.0,103200.0,859319952.7,7710221.9705,XLE,VDE,Energy
2010-10-06,4.059235385108533,4.444931008820276,57.93,85.194,0.008882,0.006664,0.0,0.0,0.008881922675026124,0.006664303438496987,0.0,0.002217619236529137,14105000.0,99800.0,875053252.45,7829402.0305,XLE,VDE,Energy
2010-10-07,4.054216771131322,4.440767129696482,57.64,84.84,-0.005006,-0.004155,0.0,0.0,-0.005006041774555498,-0.004155222198746391,0.0,-0.000850819575809107,13562800.0,72600.0,892998095.25,7979726.330500001,XLE,VDE,Energy
2010-10-08,4.066630723654585,4.454812304399529,58.36,86.04,0.012491,0.014144,0.0,0.0,0.012491325468424705,0.014144271570014143,0.0,-0.0016529461015894389,15838700.0,88600.0,918510634.05,8161882.7305000005,XLE,VDE,Energy
2010-10-11,4.069368576151923,4.456206032848133,58.52,86.16,0.002742,0.001395,0.0,0.0,0.0027416038382453737,0.001394700139470014,0.0,0.0013469036987753598,8046000.0,64400.0,916959868.05,8162972.180500001,XLE,VDE,Energy
2010-10-12,4.067829456566345,4.457018144964233,58.43,86.23,-0.001538,0.000812,0.0,0.0,-0.0015379357484620643,0.0008124419684308263,0.0,-0.0023503777168928904,16665100.0,85800.0,927368478.55,8169897.680500001,XLE,VDE,Energy
2010-10-13,4.079907514424331,4.468204330914934,59.14,87.2,0.012151,0.011249,0.0,0.0,0.012151292144446347,0.011248985271947119,0.0,0.0009023068724992277,14689700.0,79000.0,932235365.75,8197067.580500001,XLE,VDE,Energy
2010-10-14,4.078384542643371,4.467745510076419,59.05,87.16,-0.001522,-0.000459,0.0,0.0,-0.0015218126479540075,-0.00045871559633027525,0.0,-0.0010630970516237322,11502700.0,92300.0,920604772.1,8144565.2305000005,XLE,VDE,Energy
2010-10-15,4.081090446543684,4.470151974310003,59.21,87.37,0.00271,0.002409,0.0,0.0,0.00270956816257409,0.0024093620927030748,0.0,0.00030020606987101513,15085900.0,110900.0,926592959.45,7951806.080500001,XLE,VDE,Energy
2010-10-18,4.083789048282584,4.4765410433909105,59.37,87.93,0.002702,0.006409,0.0,0.0,0.0027022462421888195,0.006409522719468925,0.0,-0.003707276477280106,10950100.0,59500.0,905874105.3,7879355.330500001,XLE,VDE,Energy
2010-10-19,4.063713518668578,4.451202822690664,58.19,85.73,-0.019875,-0.02502,0.0,0.0,-0.019875357924877886,-0.025019902194927782,0.0,0.0051445442700498965,19289500.0,99000.0,916006984.75,7732230.9805000005,XLE,VDE,Energy
2010-10-20,4.076519977309548,4.464642950851115,58.94,86.89,0.012889,0.013531,0.0,0.0,0.012888812510740677,0.013530852677009216,0.0,-0.0006420401662685388,12628600.0,77500.0,909238670.95,7635681.5305,XLE,VDE,Energy
2010-10-21,4.076010855533596,4.46153073578648,58.91,86.62,-0.000509,-0.003107,0.0,0.0,-0.0005089921954530031,-0.0031073771435147887,0.0,0.002598384948061786,13420900.0,75300.0,915336402.4,7658451.830500001,XLE,VDE,Energy
2010-10-22,4.08260930600368,4.467286478624705,59.3,87.12,0.00662,0.005772,0.0,0.0,0.006620268205737566,0.005772338951743246,0.0,0.0008479292539943202,6558700.0,55100.0,866711034.15,7554871.1680000005,XLE,VDE,Energy
2010-10-25,4.085303817569952,4.468731714759404,59.46,87.246,0.002698,0.001446,0.0,0.0,0.0026981450252951096,0.001446280991735537,0.0,0.0012518640335595725,11353900.0,96600.0,870464810.75,7704466.69,XLE,VDE,Energy
2010-10-26,4.0873199472851365,4.470379715343112,59.58,87.3899,0.002018,0.001649,0.0,0.0,0.0020181634712411706,0.0016493592829471095,0.0,0.00036880418829406104,10693500.0,58800.0,856354083.5,7634862.096000001,XLE,VDE,Energy
2010-10-27,4.083115080270552,4.466827236366346,59.33,87.08,-0.004196,-0.003546,0.0,0.0,-0.004196038939241357,-0.003546176388804696,0.0,-0.0006498625504366604,12906100.0,98800.0,834393106.35,7485793.846000001,XLE,VDE,Energy
2010-10-28,4.0809215418899605,4.464873100449369,59.2,86.91,-0.002191,-0.001952,0.0,0.0,-0.0021911343333895165,-0.0019522278364722094,0.0,-0.0002389064969173071,11592600.0,37400.0,803762533.25,7177581.846000001,XLE,VDE,Energy
2010-10-29,4.081596989399598,4.465333240800292,59.24,86.95,0.000676,0.00046,-148100000.0,26085000.0,-0.02082204013758538,0.022622106518931807,-174185000.0,-0.04344414665651719,9361400.0,80400.0,774653163.15,6998176.446,XLE,VDE,Energy
2010-11-01,4.082777925850635,4.468204330914934,59.31,87.2,0.001182,0.002875,0.0,0.0,0.0011816340310600946,0.002875215641173088,0.0,-0.0016935816101129935,12024200.0,85000.0,768929885.25,7009401.496000001,XLE,VDE,Energy
2010-11-02,4.093719366828182,4.479833694676794,59.9625,88.22,0.011002,0.011697,0.0,0.0,0.011001517450682853,0.011697247706422019,0.0,-0.0006957302557391663,10227600.0,110300.0,737534546.7,7059243.996000001,XLE,VDE,Energy
2010-11-03,4.095843438345836,4.481963594405197,60.09,88.4081,0.002126,0.002132,0.0,0.0,0.0021263289555972483,0.002132169576059811,0.0,-5.84062046256285e-06,22730500.0,95200.0,764973201.45,7054948.492000001,XLE,VDE,Energy
2010-11-04,4.127134385045092,4.5122870585080355,62.0,91.13,0.031786,0.030788,0.0,0.0,0.03178565485105675,0.030787902918397787,0.0,0.000997751932658962,19328500.0,155000.0,785803561.85,7453236.792,XLE,VDE,Energy
2010-11-05,4.132121926556131,4.516437328100121,62.31,91.509,0.005,0.004159,0.0,0.0,0.005,0.004158893887852518,0.0,0.0008411061121474817,14689700.0,103100.0,785351995.6,7543808.487000001,XLE,VDE,Energy
2010-11-08,4.135166556742356,4.523526196947581,62.5,92.16,0.003049,0.007114,0.0,0.0,0.0030492697801316002,0.007114054355309314,0.0,-0.004064784575177714,11990300.0,114800.0,799279087.1,7795371.687000001,XLE,VDE,Energy
2010-11-09,4.133244711179657,4.522114610850766,62.38,92.03,-0.00192,-0.001411,0.0,0.0,-0.00192,-0.0014105902777777778,0.0,-0.0005094097222222223,20069900.0,135400.0,813190015.55,8048488.087,XLE,VDE,Energy
2010-11-10,4.146027364075102,4.53696628889326,63.1825,93.407,0.012865,0.014963,0.0,0.0,0.012864700224430908,0.014962512224274693,0.0,-0.0020978119998437857,17787600.0,113500.0,825945824.5,8234132.812000001,XLE,VDE,Energy
2010-11-11,4.1570063233468115,4.547117254539474,63.88,94.36,0.01104,0.010203,0.0,0.0,0.011039449214576821,0.010202661470767715,0.0,0.0008367877438091066,18048500.0,101800.0,849631011.75,8312181.812000001,XLE,VDE,Energy
2010-11-12,4.142181891636261,4.531308337389636,62.94,92.88,-0.014715,-0.015685,0.0,0.0,-0.014715090795241076,-0.015684612123781264,0.0,0.0009695213285401873,17874200.0,133500.0,861219312.2,8447689.162,XLE,VDE,Energy
2010-11-15,4.1370847158982595,4.5269924049240675,62.62,92.48,-0.005084,-0.004307,0.0,0.0,-0.005084207181442644,-0.004306632213608958,0.0,-0.0007775749678336861,10751200.0,89100.0,862375947.55,8598095.812,XLE,VDE,Energy
2010-11-16,4.118223836012044,4.507557357121091,61.45,90.7,-0.018684,-0.019248,0.0,0.0,-0.018684126477163845,-0.019247404844290657,0.0,0.000563278367126812,23738500.0,94300.0,879189688.55,8601382.812,XLE,VDE,Energy
2010-11-17,4.122283930911342,4.511957804265912,61.7,91.1,0.004068,0.00441,0.0,0.0,0.0040683482506102524,0.004410143329658214,0.0,-0.0003417950790479615,16817800.0,162300.0,893856117.35,9003960.562,XLE,VDE,Energy
2010-11-18,4.144086654116915,4.532922021780467,63.06,93.03,0.022042,0.021186,0.0,0.0,0.022042139384116692,0.021185510428100986,0.0,0.0008566289560157057,16052600.0,87400.0,904938704.2,9084377.362,XLE,VDE,Energy
2010-11-19,4.152456225279317,4.541058240520847,63.59,93.79,0.008405,0.008169,0.0,0.0,0.008404693942277197,0.008169407717940448,0.0,0.0002352862243367483,11360800.0,107400.0,921613822.3,9348014.062,XLE,VDE,Energy
2010-11-22,4.14933767051614,4.5387098192878215,63.392,93.57,-0.003114,-0.002346,0.0,0.0,-0.0031136971221890236,-0.0023456658492376587,0.0,-0.0007680312729513648,18146900.0,157000.0,945377091.8399999,9661140.382000001,XLE,VDE,Energy
2010-11-23,4.12958299764812,4.51852237926242,62.152,91.7,-0.019561,-0.019985,0.0,0.0,-0.019560827864714792,-0.019985037939510526,0.0,0.00042421007479573336,22535000.0,91400.0,983550921.3399999,9823283.076000001,XLE,VDE,Energy
2010-11-24,4.147450795575575,4.536248740521669,63.2725,93.34,0.018028,0.017884,0.0,0.0,0.01802838203114944,0.017884405670665213,0.0,0.00014397636048422632,22650200.0,65400.0,1016921714.665,9698329.676,XLE,VDE,Energy
2010-11-26,4.135326543943721,4.526126978647638,62.51,92.4,-0.012051,-0.010071,0.0,0.0,-0.012051049033940496,-0.01007070923505464,0.0,-0.001980339798885856,6589400.0,43500.0,1003202788.365,9736777.976,XLE,VDE,Energy
2010-11-29,4.1420229975388425,4.531039136645016,62.93,92.855,0.006719,0.004924,0.0,0.0,0.006718924972004479,0.004924242424242424,0.0,0.001794682547762055,14734400.0,131200.0,1021836111.165,9996367.776,XLE,VDE,Energy
2010-11-30,4.138520924554929,4.528073135603124,62.71,92.58,-0.003496,-0.002962,-241433500.0,27774000.0,-0.037188233824563544,0.01864581340304448,-269207500.0,-0.05583404722760803,19273400.0,122600.0,1046610091.765,10193283.176,XLE,VDE,Energy
2010-12-01,4.167749906638376,4.555034116494294,64.57,95.11,0.02966,0.027328,0.0,0.0,0.029660341253388477,0.027327716569453445,0.0,0.002332624683935032,19973700.0,89600.0,1080431558.965,10132842.676,XLE,VDE,Energy
2010-12-02,4.182508053051405,4.569439376032292,65.53,96.49,0.014868,0.01451,0.0,0.0,0.014867585566052482,0.014509515298075912,0.0,0.00035807026797657,17677600.0,146900.0,1070058428.115,10420739.17,XLE,VDE,Energy
2010-12-03,4.186923743515194,4.57522630961502,65.82,97.05,0.004425,0.005804,0.0,0.0,0.004425453990538552,0.005803710229039279,0.0,-0.0013782562385007266,10019400.0,127400.0,1043113923.515,10332690.17,XLE,VDE,Energy
2010-12-06,4.190260619051927,4.578826210648489,66.04,97.4,0.003342,0.003606,0.0,0.0,0.003342449103616186,0.0036063884595569293,0.0,-0.0002639393559407434,11992800.0,168200.0,1036948388.765,10680095.275,XLE,VDE,Energy
2010-12-07,4.186467851097906,4.576462021851348,65.79,97.17,-0.003786,-0.002361,0.0,0.0,-0.003785584494245911,-0.0023613963039014374,0.0,-0.0014241881903444735,22938500.0,283200.0,1074934897.0149999,11527024.075,XLE,VDE,Energy
2010-12-08,4.181744752502934,4.571716809728872,65.48,96.71,-0.004712,-0.004734,0.0,0.0,-0.004711962304301697,-0.004733971390346815,0.0,2.2009086045117997e-05,12760100.0,100700.0,1054113446.3149999,11390915.825,XLE,VDE,Energy
2010-12-09,4.184032908485631,4.5736795188967205,65.63,96.9,0.002291,0.001965,0.0,0.0,0.0022907758094073204,0.0019646365422396855,0.0,0.00032613926716763483,10952400.0,80900.0,1033860495.0649999,11252791.6,XLE,VDE,Energy
2010-12-10,4.188138441508461,4.578004517915322,65.9,97.32,0.004114,0.004334,0.0,0.0,0.004113972268779786,0.0043343653250774,0.0,-0.00022039305629761342,8676100.0,81900.0,1004801335.5649999,11171024.6,XLE,VDE,Energy
2010-12-13,4.196600262926448,4.584967478670572,66.46,98.0,0.008498,0.006987,0.0,0.0,0.008497723823975456,0.006987258528565557,0.0,0.0015104652954098987,12889600.0,129200.0,991383368.9649999,11184130.6,XLE,VDE,Energy
2010-12-14,4.191924890560965,4.580979947186874,66.15,97.61,-0.004664,-0.00398,0.0,0.0,-0.0046644598254586625,-0.003979591836734694,0.0,-0.0006848679887239686,11515500.0,146900.0,995808878.015,11489077.65,XLE,VDE,Energy
2010-12-15,4.186467851097906,4.574401652316455,65.79,96.97,-0.005442,-0.006557,0.0,0.0,-0.005442176870748299,-0.006556705255609057,0.0,0.001114528384860758,11116100.0,134800.0,959438747.7149999,11715004.95,XLE,VDE,Energy
2010-12-16,4.1920760507154355,4.580938966939347,66.16,97.606,0.005624,0.006559,0.0,0.0,0.005623955008359801,0.0065587295039703005,0.0,-0.0009347744956104999,11025700.0,222100.0,944028850.3149999,12059643.08,XLE,VDE,Energy
2010-12-17,4.187986684925728,4.58067357918733,65.89,97.5801,0.000346,-0.000265,0.0,0.0,-0.004081015719467957,-0.00026535253980291553,0.0,-0.0038156631796650415,11325900.0,90500.0,930728180.0649999,12094651.9325,XLE,VDE,Energy
2010-12-20,4.1944915108270395,4.58822746525778,66.32,98.32,0.006526,0.007582,0.0,0.0,0.006526028228866161,0.007582488642663856,0.0,-0.0010564604137976953,10234700.0,163600.0,928544781.665,12395257.232499998,XLE,VDE,Energy
2010-12-21,4.204543354520176,4.599091749667621,66.99,99.394,0.010103,0.010924,0.0,0.0,0.010102533172496986,0.010923515052888527,0.0,-0.0008209818803915411,8703300.0,173400.0,900178070.775,12522478.7125,XLE,VDE,Energy
2010-12-22,4.20797082229696,4.590158065867588,67.22,98.51,0.003433,0.003652,0.0,0.0,0.003433348260934598,-0.008893897015916453,0.0,0.012327245276851051,7855400.0,145700.0,856550304.175,12821055.0625,XLE,VDE,Energy
2010-12-23,4.210793374865347,4.5921862584297966,67.41,98.71,0.002827,0.00203,0.0,0.0,0.002826539720321333,0.002030250735965892,0.0,0.0007962889843554409,4531800.0,103100.0,800167997.1,13024683.3125,XLE,VDE,Energy
2010-12-27,4.207226719278773,4.588634217347992,67.17,98.36,-0.00356,-0.003546,0.0,0.0,-0.0035603026257231864,-0.0035457400466011547,0.0,-1.4562579122031662e-05,4152600.0,95100.0,793519334.5,13291415.1125,XLE,VDE,Energy
2010-12-28,4.2109417098059145,4.592287560157078,67.42,98.72,0.003722,0.00366,0.0,0.0,0.0037218996575852314,0.0036600244001626678,0.0,6.18752574225636e-05,5154700.0,98700.0,764534038.6,13169469.5125,XLE,VDE,Energy
2010-12-29,4.220830359494875,4.601161160573985,68.09,99.5999,0.009938,0.008913,0.0,0.0,0.00993770394541679,0.008913087520259353,0.0,0.0010246164251574378,5532600.0,180700.0,722938029.6,13501839.209,XLE,VDE,Energy
2010-12-30,4.221711158142542,4.6029677624328915,68.15,99.78,0.000881,0.001808,0.0,0.0,0.0008811866647086014,0.0018082347472236078,0.0,-0.0009270480825150064,5984500.0,142000.0,678845122.9,13784184.409,XLE,VDE,Energy
2010-12-31,4.223177434065069,4.601863725667935,68.25,99.6699,0.001467,-0.001103,856537500.0,129570870.0,0.11570490151660533,0.09071341076791911,726966630.0,0.024991490748686215,4444400.0,123500.0,636090981.5,13690926.9915,XLE,VDE,Energy
2011-01-03,4.230622180514649,4.611152257665639,68.76,100.6,0.007473,0.009332,0.0,0.0,0.007472527472527586,0.009331804285947883,0.0,-0.0018592768134202964,10196600.0,269100.0,638173046.9,14426291.4915,XLE,VDE,Energy
2011-01-04,4.222004585374694,4.603568904621118,68.17,99.84,-0.008581,-0.007555,0.0,0.0,-0.008580570098894819,-0.0075546719681908545,0.0,-0.001025898130703964,14543500.0,259700.0,648144341.05,14903579.8915,XLE,VDE,Energy
2011-01-05,4.225957449023992,4.606968567929471,68.44,100.18,0.003961,0.003405,0.0,0.0,0.003960686518996626,0.003405448717948718,0.0,0.0005552378010479078,11291500.0,197800.0,611327658.3,14518432.8915,XLE,VDE,Energy
2011-01-06,4.216414691442874,4.598950886174174,67.79,99.38,-0.009497,-0.007986,0.0,0.0,-0.009497369959088139,-0.00798562587342783,0.0,-0.0015117440856603093,11454000.0,184000.0,608374423.9,14945794.041499998,XLE,VDE,Energy
2011-01-07,4.22361689792624,4.605170185988092,68.28,100.0,0.007228,0.006239,0.0,0.0,0.007228204749963006,0.006238679814852083,0.0,0.000989524935110923,11082200.0,218800.0,610268754.1,15647833.541499998,XLE,VDE,Energy
2011-01-10,4.219654753187547,4.603067977896221,68.01,99.79,-0.003954,-0.0021,0.0,0.0,-0.003954305799648393,-0.0021,0.0,-0.0018543057996483927,10806400.0,183700.0,618428167.8,16165879.291499998,XLE,VDE,Energy
2011-01-11,4.236133434493478,4.618145639510481,69.14,101.306,0.016615,0.015192,0.0,0.0,0.016615203646522456,0.015191902996292214,0.0,0.0014233006502302418,11372000.0,217600.0,614909031.0,16635008.5715,XLE,VDE,Energy
2011-01-12,4.249780130512233,4.630155438682,70.09,102.53,0.01374,0.012082,0.0,0.0,0.013740237199884292,0.012082206384616902,0.0,0.0016580308152673896,11026800.0,225800.0,615464935.35,17075626.8215,XLE,VDE,Energy
2011-01-13,4.2469941159230915,4.628105157270587,69.895,102.32,-0.002782,-0.002048,0.0,0.0,-0.0027821372521045482,-0.0020481810201892128,0.0,-0.0007339562319153355,11522700.0,139800.0,619167480.225,17137265.8215,XLE,VDE,Energy
2011-01-14,4.257738109130536,4.638121286127777,70.65,103.35,0.010802,0.010066,0.0,0.0,0.010801917161456584,0.010066458170445661,0.0,0.0007354589910109222,14005300.0,133100.0,632168186.875,16741145.441500003,XLE,VDE,Energy
2011-01-18,4.263946679941392,4.644967655862158,71.09,104.06,0.006228,0.00687,0.0,0.0,0.006227883934890304,0.006869859700048379,0.0,-0.0006419757651580753,12535200.0,291200.0,639411377.725,17814709.089,XLE,VDE,Energy
2011-01-19,4.251775570170929,4.631714741210204,70.23,102.69,-0.012097,-0.013165,0.0,0.0,-0.0120973413982276,-0.013165481453007881,0.0,0.0010681400547802814,15126900.0,263800.0,658591221.8750001,18364932.589,XLE,VDE,Energy
2011-01-20,4.244630641232919,4.623501142672815,69.73,101.85,-0.007119,-0.00818,0.0,0.0,-0.007119464616260746,-0.0081799591002045,0.0,0.0010604944839437535,23179900.0,218400.0,710256239.875,18615388.609,XLE,VDE,Energy
2011-01-21,4.249922794040544,4.628202885098664,70.1,102.33,0.005306,0.004713,0.0,0.0,0.005306180983794524,0.00471281296023564,0.0,0.0005933680235588835,14574000.0,139600.0,734936110.475,18612006.659,XLE,VDE,Energy
2011-01-24,4.253624919869357,4.631421583042456,70.36,102.6599,0.003709,0.003224,0.0,0.0,0.003708987161198288,0.0032238835141208603,0.0,0.00048510364707742785,13104200.0,242700.0,765762254.175,19348934.4955,XLE,VDE,Energy
2011-01-25,4.250742714589839,4.627127353340134,70.1575,102.22,-0.002878,-0.004285,0.0,0.0,-0.0028780557134735645,-0.004285022681689615,0.0,0.0014069669682160502,15819100.0,256300.0,807307172.4875,20191181.9955,XLE,VDE,Energy
2011-01-26,4.274441423993944,4.650908077661946,71.84,104.68,0.023982,0.024066,0.0,0.0,0.02398175533620782,0.024065740559577383,0.0,-8.398522336956413e-05,24221500.0,465200.0,876934306.7875,22138855.5955,XLE,VDE,Energy
2011-01-27,4.268577942166303,4.646791860678911,71.42,104.25,-0.005846,-0.004108,0.0,0.0,-0.005846325167037862,-0.004107756973633932,0.0,-0.0017385681934039303,14994200.0,305300.0,911642858.2875,22830346.748999998,XLE,VDE,Energy
2011-01-28,4.2642279738954265,4.642947550322122,71.11,103.85,-0.00434,-0.003837,0.0,0.0,-0.0043405208625035005,-0.0038369304556354917,0.0,-0.0005035904068680088,23691800.0,196800.0,975486869.4375,23143792.748999998,XLE,VDE,Energy
2011-01-31,4.292512127466133,4.669833699313814,73.15,106.68,0.028688,0.027251,-215792500.00000003,117348000.00000001,0.003929610586344738,0.10042159479978105,-333140500.00000006,-0.09649198421343631,25114800.0,261600.0,1052177735.4375,23923705.5165,XLE,VDE,Energy
2011-02-01,4.308649164869106,4.687855552606699,74.34,108.62,0.016268,0.018185,0.0,0.0,0.016267942583732056,0.01818522684664417,0.0,-0.001917284262912114,20443100.0,331800.0,1093108827.3375,24372138.3165,XLE,VDE,Energy
2011-02-02,4.307841736484505,4.6873859155538335,74.28,108.569,-0.000807,-0.00047,0.0,0.0,-0.0008071025020177562,-0.0004695267906462898,0.0,-0.0003375757113714664,13560900.0,471400.0,1093902490.1875,25634687.2465,XLE,VDE,Energy
2011-02-03,4.308380094505583,4.688085686315399,74.32,108.645,0.000539,0.0007,0.0,0.0,0.0005385029617662897,0.0007000156582449871,0.0,-0.00016151269647869736,14515500.0,176600.0,1109202575.1875,25603242.3965,XLE,VDE,Energy
2011-02-04,4.305820308668628,4.684350983862532,74.13,108.24,-0.002557,-0.003728,0.0,0.0,-0.002556512378902045,-0.0037277371255004833,0.0,0.0011712247465984382,13280400.0,179700.0,1119603044.7875,25661482.7965,XLE,VDE,Energy
2011-02-07,4.311604170377335,4.691898189497915,74.56,109.06,0.005801,0.007576,0.0,0.0,0.0058006205314987186,0.007575757575757576,0.0,-0.0017751370442588574,16175200.0,245500.0,1142069559.5875,25906194.2965,XLE,VDE,Energy
2011-02-08,4.308211888755914,4.688591794127164,74.3075,108.7,-0.003386,-0.003301,0.0,0.0,-0.0033865343347639484,-0.003300935264991748,0.0,-8.559906977220061e-05,15596900.0,220800.0,1163270728.725,26189671.1465,XLE,VDE,Energy
2011-02-09,4.295515132725903,4.67609452432479,73.37,107.35,-0.012617,-0.01242,0.0,0.0,-0.012616492278706726,-0.012419503219871205,0.0,-0.00019698905883552137,16324500.0,211100.0,1183844152.975,26220541.116499998,XLE,VDE,Energy
2011-02-10,4.3056854014171595,4.686197024630465,74.12,108.44,0.010222,0.010154,0.0,0.0,0.010222161646449502,0.01015370284117373,0.0,6.845880527577182e-05,16809800.0,184200.0,1207497851.175,26061709.8165,XLE,VDE,Energy
2011-02-11,4.305550475963267,4.686197024630465,74.11,108.44,-0.000135,0.0,0.0,0.0,-0.00013491635186184566,0.0,0.0,-0.00013491635186184566,18870500.0,149500.0,1237153533.1,26157082.0165,XLE,VDE,Energy
2011-02-14,4.327306422473649,4.7086288943563215,75.74,110.9,0.021994,0.022685,0.0,0.0,0.02199433274861692,0.02268535595721136,0.0,-0.0006910232085944393,15223200.0,278500.0,1245330069.25,27013570.266499996,XLE,VDE,Energy
2011-02-15,4.316821224548606,4.697800414291846,74.95,109.7056,-0.01043,-0.01077,0.0,0.0,-0.010430419857406918,-0.010770063119927889,0.0,0.0003396432625209708,11443600.0,193600.0,1243658591.85,26560406.8745,XLE,VDE,Energy
2011-02-16,4.330075229041782,4.711150509525323,75.95,111.18,0.013342,0.01344,0.0,0.0,0.0133422281521014,0.013439605635446166,0.0,-9.737748334476617e-05,15907900.0,225500.0,1250950732.75,26459480.274499997,XLE,VDE,Energy
2011-02-17,4.33990170837321,4.720838988227269,76.7,112.2624,0.009875,0.009736,0.0,0.0,0.009874917709019092,0.009735563950350808,0.0,0.0001393537586682845,10796700.0,359800.0,1211539355.9,27366878.8505,XLE,VDE,Energy
2011-02-18,4.344065128386763,4.724196892409732,77.02,112.64,0.004172,0.003364,0.0,0.0,0.0041720990873533245,0.003363548258366088,0.0,0.0008085508289872364,12408400.0,274700.0,1208242234.3,28199725.8505,XLE,VDE,Energy
2011-02-22,4.3342796761761475,4.714293613006445,76.27,111.53,-0.009738,-0.009854,0.0,0.0,-0.009737730459620878,-0.00985440340909091,0.0,0.00011667294947003207,24833700.0,413500.0,1256844973.65,29259830.713999998,XLE,VDE,Energy
2011-02-23,4.354398467556408,4.73215519774258,77.82,113.54,0.020323,0.018022,0.0,0.0,0.020322538350596563,0.01802205684569174,0.0,0.002300481504904823,32189900.0,547600.0,1326604449.1375,31058606.614,XLE,VDE,Energy
2011-02-24,4.340162430575183,4.719480532165502,76.72,112.11,-0.014135,-0.012595,0.0,0.0,-0.014135183757388847,-0.012594680288884974,0.0,-0.0015405034685038732,22389500.0,376500.0,1325486943.1375,30734220.564,XLE,VDE,Energy
2011-02-25,4.355939299910563,4.735847509629708,77.94,113.96,0.015902,0.016502,0.0,0.0,0.015901981230448385,0.0165016501650165,0.0,-0.000599668934568115,11768600.0,247800.0,1317804889.1375,30554808.713999998,XLE,VDE,Energy
2011-02-28,4.363608049149864,4.742407204293176,78.54,114.71,0.007698,0.006581,1409793000.0,183536000.0,0.15891193295062284,0.10393542514379123,1226257000.0,0.05497650780683161,15878500.0,336100.0,1295923563.7375,31460626.264,XLE,VDE,Energy
2011-03-01,4.344714099789901,4.724285666878253,77.07,112.65,-0.018717,-0.017958,0.0,0.0,-0.01871657754010695,-0.01795832970098509,0.0,-0.0007582478391218589,20205600.0,289800.0,1281928462.3375,31697550.364,XLE,VDE,Energy
2011-03-02,4.35040696029342,4.729332828608514,77.51,113.22,0.005709,0.00506,0.0,0.0,0.005709095627351758,0.005059920106524634,0.0,0.0006491755208271246,15045800.0,267400.0,1264251457.5375,31409295.963999998,XLE,VDE,Energy
2011-03-03,4.367420482284519,4.744845168060573,78.84,114.99,0.017159,0.015633,0.0,0.0,0.017159076248226036,0.01563328033916269,0.0,0.0015257959090633454,11329300.0,216100.0,1258546375.5375,30092791.584000003,XLE,VDE,Energy
2011-03-04,4.361058328237685,4.739875888840383,78.34,114.42,-0.006342,-0.004957,0.0,0.0,-0.006341958396752917,-0.004956952778502478,0.0,-0.0013850056182504386,14133300.0,208600.0,1259966913.6375,30326856.834000003,XLE,VDE,Energy
2011-03-07,4.354012888218683,4.732683506287051,77.79,113.6,-0.007021,-0.007167,0.0,0.0,-0.00702067909114118,-0.0071665792693585036,0.0,0.00014590017821732373,14671700.0,220100.0,1267808688.1875,30604488.434000004,XLE,VDE,Energy
2011-03-08,4.34575157880917,4.724463192176074,77.15,112.67,-0.008227,-0.008187,0.0,0.0,-0.008227278570510348,-0.008186619718309859,0.0,-4.0658852200489703e-05,16187900.0,227300.0,1269952366.8375,30546271.484000005,XLE,VDE,Energy
2011-03-09,4.338845087764727,4.717248089393442,76.619,111.86,-0.006883,-0.007189,0.0,0.0,-0.0068826960466623465,-0.007189136416082364,0.0,0.00030644036942001785,13603000.0,151700.0,1264116447.35,30194681.584000003,XLE,VDE,Energy
2011-03-10,4.3017651530710745,4.6798137289838575,73.83,107.75,-0.036401,-0.036742,0.0,0.0,-0.03640089272895757,-0.036742356517074914,0.0,0.0003414637881173424,36185400.0,474800.0,1337808423.2,31619587.334000003,XLE,VDE,Energy
2011-03-11,4.31895370569792,4.696837374513915,75.11,109.6,0.017337,0.017169,0.0,0.0,0.01733712582960856,0.01716937354988399,0.0,0.00016775227972457007,24211900.0,350900.0,1366439094.85,32543786.934000004,XLE,VDE,Energy
2011-03-14,4.324397521837245,4.7017522838343355,75.52,110.14,0.005459,0.004927,0.0,0.0,0.005458660631074424,0.004927007299270073,0.0,0.0005316533318043513,16441500.0,268400.0,1358597561.1,33211276.734000005,XLE,VDE,Energy
2011-03-15,4.316821224548606,4.693272634209637,74.95,109.21,-0.007548,-0.008444,0.0,0.0,-0.007547669491525424,-0.008443798801525331,0.0,0.0008961293099999075,21834700.0,275900.0,1382772840.95,33173546.184000004,XLE,VDE,Energy
2011-03-16,4.300680995219929,4.67707215527717,73.75,107.455,-0.016011,-0.01607,0.0,0.0,-0.016010673782521682,-0.01606995696364802,0.0,5.9283181126336404e-05,31662800.0,535700.0,1456644524.95,34989778.151,XLE,VDE,Energy
2011-03-17,4.330733340286331,4.706552800276694,76.0,110.67,0.030509,0.02992,0.0,0.0,0.030508474576271188,0.029919501186543206,0.0,0.0005889733897279821,20945100.0,174600.0,1475825654.7,34702372.751,XLE,VDE,Energy
2011-03-18,4.32267464022361,4.704399946915593,75.39,110.432,-0.004672,-0.002151,0.0,0.0,-0.008026315789473683,-0.002150537634408602,0.0,-0.005875778155065081,24192100.0,197800.0,1525612431.15,33774944.655,XLE,VDE,Energy
2011-03-21,4.35259782398307,4.732243268551567,77.68,113.55,0.030375,0.028235,0.0,0.0,0.030375381350311714,0.028234569689944942,0.0,0.002140811660366771,17164700.0,268300.0,1544495377.55,33751107.505,XLE,VDE,Energy
2011-03-22,4.35040696029342,4.730127425392475,77.51,113.31,-0.002188,-0.002114,0.0,0.0,-0.002188465499485067,-0.0021136063408190224,0.0,-7.485915866604475e-05,10019700.0,273000.0,1488623409.95,32991906.255000003,XLE,VDE,Energy
2011-03-23,4.352983949221151,4.731362211225851,77.71,113.45,0.00258,0.001236,0.0,0.0,0.0025803122177783513,0.0012355484952784397,0.0,0.0013447637224999116,10097300.0,232300.0,1402605568.2,31200902.805,XLE,VDE,Energy
2011-03-24,4.356580613342406,4.734266759322502,77.99,113.78,0.003603,0.002909,0.0,0.0,0.003603139879037447,0.002908770383428823,0.0,0.0006943694956086238,15369100.0,214500.0,1376651251.65,30310722.555,XLE,VDE,Energy
2011-03-25,4.365516082546892,4.743888105299914,78.69,114.88,0.008976,0.009668,0.0,0.0,0.008975509680728298,0.009667779926173316,0.0,-0.0006922702454450185,11648000.0,131500.0,1376618073.45,29654094.155,XLE,VDE,Energy
2011-03-28,4.363098624788363,4.742320024135325,78.5,114.7,-0.002415,-0.001567,0.0,0.0,-0.0024145380607446944,-0.0015668523676880223,0.0,-0.0008476856930566721,14148000.0,225200.0,1369794103.95,29017914.605,XLE,VDE,Energy
2011-03-29,4.375253750386452,4.753503980493785,79.46,115.99,0.012229,0.011247,0.0,0.0,0.012229299363057325,0.011246730601569312,0.0,0.000982568761488013,16960200.0,175900.0,1359314698.95,28405748.155,XLE,VDE,Energy
2011-03-30,4.382151626862033,4.76208846105951,80.01,116.99,0.006922,0.008621,0.0,0.0,0.006921721620941354,0.008621432882145013,0.0,-0.001699711261203659,19045000.0,180300.0,1377194223.55,27946661.605,XLE,VDE,Energy
2011-03-31,4.378896741664954,4.759863575664572,79.75,116.73,-0.00325,-0.002222,-31900000.0,81827730.0,-0.00614775591809474,0.03632921044100751,-113727730.0,-0.04247696635910225,18883700.0,173100.0,1407832876.7,27714492.805,XLE,VDE,Energy
2011-04-01,4.3819016268607305,4.7641378170837365,79.99,117.23,0.003009,0.004283,0.0,0.0,0.0030094043887147334,0.00428338901739056,0.0,-0.0012739846286758264,12925200.0,165700.0,1404167078.0,27492342.755000003,XLE,VDE,Energy
2011-04-04,4.382526509715532,4.76490524410925,80.04,117.32,0.000625,0.000768,0.0,0.0,0.0006250781347668458,0.0007677215729762006,0.0,-0.00014264343820935479,7476300.0,203900.0,1377021653.45,27438252.155,XLE,VDE,Energy
2011-04-05,4.385520523928138,4.767289035464526,80.28,117.6,0.002998,0.002387,0.0,0.0,0.0029985007496251873,0.002386634844868735,0.0,0.0006118659047564521,19323800.0,139700.0,1392142562.4,26979193.605,XLE,VDE,Energy
2011-04-06,4.375002019736917,4.756057833625837,79.44,116.2866,-0.010463,-0.011168,0.0,0.0,-0.01046337817638266,-0.011168367346938733,0.0,0.0007049891705560724,16475900.0,153900.0,1405472424.35,27025560.892,XLE,VDE,Energy
2011-04-07,4.375002019736917,4.75720434184359,79.44,116.42,0.0,0.001147,0.0,0.0,0.0,0.001147165709548606,0.0,-0.001147165709548606,14824600.0,86300.0,1330777331.45,24969928.191999998,XLE,VDE,Energy
2011-04-08,4.378520495344594,4.760976637126291,79.72,116.86,0.003525,0.003779,0.0,0.0,0.003524672708962739,0.0037794193437553684,0.0,-0.0002547466347926292,19145000.0,89300.0,1316161511.0,23568776.092,XLE,VDE,Energy
2011-04-11,4.358598066592527,4.73926392046879,78.1475,114.35,-0.019725,-0.021479,0.0,0.0,-0.019725288509784243,-0.021478692452507275,0.0,0.0017534039427230322,17694700.0,174500.0,1323218235.4125,23088401.042,XLE,VDE,Energy
2011-04-12,4.327174383125731,4.709386046778424,75.73,110.984,-0.030935,-0.029436,0.0,0.0,-0.030935090693880164,-0.029435942282466113,0.0,-0.0014991484114140509,38093700.0,658000.0,1385634492.2125,25233222.691999998,XLE,VDE,Energy
2011-04-13,4.331259517620229,4.713217090071225,76.04,111.41,0.004093,0.003838,0.0,0.0,0.0040934900303710555,0.00383839111944064,0.0,0.00025509891093041534,26848900.0,120100.0,1370957435.0125,23024057.566999998,XLE,VDE,Energy
2011-04-14,4.338074747144699,4.720015577657132,76.56,112.17,0.006838,0.006822,0.0,0.0,0.006838506049447659,0.006821649762139844,0.0,1.685628730781468e-05,20674100.0,118500.0,1370506509.8125,22722515.717,XLE,VDE,Energy
2011-04-15,4.346269914961763,4.729862629945409,77.19,113.28,0.008229,0.009896,0.0,0.0,0.008228840125391849,0.009895694035838459,0.0,-0.0016668539104466099,15270400.0,109900.0,1338250497.6625,22252816.837,XLE,VDE,Energy
2011-04-18,4.331259517620229,4.71330684459267,76.04,111.42,-0.014898,-0.01642,0.0,0.0,-0.014898302888975257,-0.01641949152542373,0.0,0.0015211886364484735,20053900.0,239600.0,1347827730.6625,22064355.187,XLE,VDE,Energy
2011-04-19,4.341334840010591,4.723486412806134,76.81,112.56,0.010126,0.010232,0.0,0.0,0.010126249342451342,0.010231556273559504,0.0,-0.00010530693110816225,15062700.0,107500.0,1366844682.6625,21122683.687,XLE,VDE,Energy
2011-04-20,4.364626119993714,4.74493212836325,78.62,115.0,0.023565,0.021677,0.0,0.0,0.02356464002083062,0.0216773276474769,0.0,0.001887312373353718,22444900.0,152000.0,1415842525.4125,20678961.937,XLE,VDE,Energy
2011-04-21,4.369194655858504,4.751691838650858,78.98,115.78,0.004579,0.006783,0.0,0.0,0.004578987534978377,0.006782608695652174,0.0,-0.0022036211606737965,12647100.0,137900.0,1405854117.8625,20256974.537,XLE,VDE,Energy
2011-04-25,4.36398994718773,4.746582938938415,78.57,115.19,-0.005191,-0.005096,0.0,0.0,-0.0051911876424411245,-0.005095871480393851,0.0,-9.531616204727384e-05,7075700.0,130600.0,1387821949.3125,20253829.237,XLE,VDE,Energy
2011-04-26,4.373868446972418,4.7567541460351785,79.35,116.3676,0.009927,0.010223,0.0,0.0,0.009927453226422299,0.0102231096449345,0.0,-0.00029565641851220063,9202300.0,137400.0,1368801174.5625,19761752.649,XLE,VDE,Energy
2011-04-27,4.373364224095228,4.7561730595246186,79.31,116.3,-0.000504,-0.000581,0.0,0.0,-0.0005040957781978576,-0.0005809177124904617,0.0,7.682193429260414e-05,18717400.0,107000.0,1375642149.6625,19363825.599,XLE,VDE,Energy
2011-04-28,4.373238128640803,4.753848778359454,79.3,116.03,-0.000126,-0.002322,0.0,0.0,-0.00012608750472828143,-0.0023215821152192603,0.0,0.002195494610490979,14998200.0,150800.0,1358920490.1625,19184026.949,XLE,VDE,Energy
2011-04-29,4.387996280826917,4.77144704561319,80.479,118.09,0.014868,0.017754,-575424850.0,0.0,-0.03803248350897134,0.017754029130397312,-575424850.0,-0.05578651263936865,9928600.0,168100.0,1323573926.3825002,19166275.249,XLE,VDE,Energy
2011-05-02,4.37462430490712,4.757032535297338,79.41,116.4,-0.013283,-0.014311,0.0,0.0,-0.013282968227736428,-0.0143111186383267,0.0,0.001028150410590272,17762800.0,198000.0,1342406786.3825002,19347384.699,XLE,VDE,Energy
2011-05-03,4.349245145149502,4.731097742585882,77.42,113.42,-0.02506,-0.025601,0.0,0.0,-0.025059816144062462,-0.025601374570446735,0.0,0.0005415584263842727,28751700.0,269400.0,1423784464.4825,19679074.699,XLE,VDE,Energy
2011-05-04,4.331391018705302,4.711779921046349,76.05,111.25,-0.017696,-0.019132,0.0,0.0,-0.01769568586928442,-0.019132428143184624,0.0,0.0014367422739002024,29750300.0,390300.0,1459344247.0325,21028682.449,XLE,VDE,Energy
2011-05-05,4.310396359722554,4.690889979242433,74.47,108.9501,-0.020776,-0.020673,0.0,0.0,-0.020775805391190005,-0.020673258426966247,0.0,-0.00010254696422375836,44489500.0,618600.0,1559558625.4825,23503683.655,XLE,VDE,Energy
2011-05-06,4.314817884980432,4.694736629347134,74.8,109.37,0.004431,0.003854,0.0,0.0,0.004431314623338257,0.0038540579586434057,0.0,0.0005772566646948516,35227200.0,402200.0,1632425042.2825,25200762.055,XLE,VDE,Energy
2011-05-09,4.3321796622793,4.7125885827553615,76.11,111.34,0.017513,0.018012,0.0,0.0,0.01751336898395722,0.01801225198866234,0.0,-0.0004988830047051203,24228500.0,207900.0,1648314629.0325,25836361.455000002,XLE,VDE,Energy
2011-05-10,4.336898507056134,4.718409581594602,76.47,111.99,0.00473,0.005838,0.0,0.0,0.004729996058336618,0.0058379737740255075,0.0,-0.0011079777156888897,17766700.0,229000.0,1647105778.0700002,26120943.205000002,XLE,VDE,Energy
2011-05-11,4.307572448748934,4.688499793575096,74.26,108.69,-0.0289,-0.029467,0.0,0.0,-0.02890022230940238,-0.02946691668899009,0.0,0.0005666943795877115,41169900.0,314600.0,1655727821.72,24179263.305,XLE,VDE,Energy
2011-05-12,4.306090068583941,4.686750172980514,74.15,108.5,-0.001481,-0.001748,0.0,0.0,-0.0014812819822246162,-0.0017480909007268378,0.0,0.00026680891850222165,38954900.0,438200.0,1698073595.67,25887481.255000003,XLE,VDE,Energy
2011-05-13,4.301223221070275,4.6813902118995,73.79,107.92,-0.004855,-0.005346,0.0,0.0,-0.004855023600809171,-0.005345622119815668,0.0,0.0004905985190064976,35934100.0,243300.0,1751512002.8200002,26535720.805,XLE,VDE,Energy
2011-05-16,4.2936051730729785,4.672361435528415,73.23,106.95,-0.007589,-0.008988,0.0,0.0,-0.0075891042146632335,-0.008988139362490735,0.0,0.001399035147827501,28148400.0,280000.0,1795641260.6200001,27410547.205000002,XLE,VDE,Energy
2011-05-17,4.2936051730729785,4.671613142536805,73.23,106.87,0.0,-0.000748,0.0,0.0,0.0,-0.000748013090229079,0.0,0.000748013090229079,30273000.0,323100.0,1830240922.3200002,27802220.455000002,XLE,VDE,Energy
2011-05-18,4.31361395198771,4.692997896353612,74.71,109.18,0.02021,0.021615,0.0,0.0,0.020210296326642087,0.021615046317956514,0.0,-0.0014047499913144267,25846500.0,218200.0,1868942223.72,28388364.255000003,XLE,VDE,Energy
2011-05-19,4.313747793920587,4.694370831446394,74.72,109.33,0.000134,0.001374,0.0,0.0,0.0001338508901084192,0.0013738779996335165,0.0,-0.0012400271095250972,19666900.0,219200.0,1854186860.22,28712621.055,XLE,VDE,Energy
2011-05-20,4.312542571143296,4.693638833975699,74.63,109.25,-0.001205,-0.000732,0.0,0.0,-0.0012044967880085653,-0.0007317296259032287,0.0,-0.00047276716210533655,27054400.0,189100.0,1905196955.92,28947276.705000002,XLE,VDE,Energy
2011-05-23,4.296877159632186,4.678234756845097,73.47,107.58,-0.015543,-0.015286,0.0,0.0,-0.015543347179418465,-0.01528604118993135,0.0,-0.00025730598948711485,20292900.0,249500.0,1951946036.6200001,29537146.505000003,XLE,VDE,Energy
2011-05-24,4.310933344565636,4.69024635834321,74.51,108.88,0.014156,0.012084,0.0,0.0,0.014155437593575609,0.012084030488938465,0.0,0.0020714071046371435,24830800.0,151400.0,2007943056.77,29561922.693,XLE,VDE,Energy
2011-05-25,4.327702435943282,4.7064624374699635,75.77,110.66,0.01691,0.016348,0.0,0.0,0.016910481814521542,0.016348273328434974,0.0,0.0005622084860865684,24918800.0,145500.0,2028124080.8700001,29744769.193,XLE,VDE,Energy
2011-05-26,4.332705079341171,4.712857991405009,76.15,111.37,0.005015,0.006416,0.0,0.0,0.0050151775108882145,0.006416049159587927,0.0,-0.0014008716486997126,18751700.0,118700.0,2040053315.6200001,29530883.943,XLE,VDE,Energy
2011-05-27,4.3351970473170836,4.715995741076976,76.34,111.72,0.002495,0.003143,0.0,0.0,0.002495075508864084,0.0031426775612822125,0.0,-0.0006476020524181286,16697100.0,111800.0,2063833956.35,29162852.293,XLE,VDE,Energy
2011-05-31,4.345232973844869,4.726591041192431,77.11,112.91,0.010087,0.010652,-173497500.0,-56229180.0,-0.007393121076030422,-0.01605737704481965,-117268320.0,0.008664255968789227,19312100.0,93300.0,2067764560.5,28537217.443,XLE,VDE,Energy
2011-06-01,4.321081649046441,4.702750514326955,75.27,110.25,-0.023862,-0.023559,0.0,0.0,-0.023862015302814163,-0.023558586484810913,0.0,-0.0003034288180032499,27617400.0,159200.0,2060404814.7,27887040.043,XLE,VDE,Energy
2011-06-02,4.32068300443283,4.700389452569025,75.24,109.99,-0.000399,-0.002358,0.0,0.0,-0.00039856516540454366,-0.00235827664399093,0.0,0.001959711478586386,24105200.0,158800.0,2037963061.35,26589316.893,XLE,VDE,Energy
2011-06-03,4.3209487851652915,4.699934762432514,75.26,109.94,0.000266,-0.000455,0.0,0.0,0.0002658160552897395,-0.0004545867806164197,0.0,0.0007204028359061592,22378400.0,152200.0,1956516327.3,24056133.7,XLE,VDE,Energy
2011-06-06,4.298101399736121,4.67735595474916,73.56,107.4855,-0.022588,-0.022326,0.0,0.0,-0.02258836035078395,-0.022325814080407496,0.0,-0.0002625462703764528,23439300.0,212500.0,1910976344.7,22998736.4375,XLE,VDE,Energy
2011-06-07,4.298101399736121,4.676187673223372,73.56,107.36,0.0,-0.001168,0.0,0.0,0.0,-0.0011675993506100823,0.0,0.0011675993506100823,19230500.0,210300.0,1889504566.95,22970247.5375,XLE,VDE,Energy
2011-06-08,4.3010876921685295,4.679349584162343,73.78,107.7,0.002991,0.003167,0.0,0.0,0.002990755845568244,0.0031669150521609537,0.0,-0.0001761592065927099,25056500.0,123100.0,1914007018.0,22350855.5375,XLE,VDE,Energy
2011-06-09,4.314550469548967,4.692173229609665,74.78,109.09,0.013554,0.012906,0.0,0.0,0.013553808620222282,0.012906220984215414,0.0,0.0006475876360068685,17271900.0,105900.0,1825722813.4,21218793.3875,XLE,VDE,Energy
2011-06-10,4.294969802105708,4.6732960150356915,73.33,107.05,-0.01939,-0.0187,0.0,0.0,-0.019390211286440223,-0.018700155834631957,0.0,-0.0006900554518082663,20968500.0,91400.0,1758178526.9,19330776.8875,XLE,VDE,Energy
2011-06-13,4.279024447084182,4.6570982788484505,72.17,105.33,-0.015819,-0.016067,0.0,0.0,-0.015818900859129962,-0.01606725829051845,0.0,0.00024835743138848856,27751100.0,228400.0,1725739509.3,19220798.6875,XLE,VDE,Energy
2011-06-14,4.300138475201197,4.677211738853062,73.71,107.47,0.021339,0.020317,0.0,0.0,0.02133850630455868,0.0203170986423621,0.0,0.0010214076621965808,22877800.0,131100.0,1706990274.6,18427964.5375,XLE,VDE,Energy
2011-06-15,4.276943858220729,4.65586330030361,72.02,105.2,-0.022928,-0.021122,0.0,0.0,-0.02292768959435626,-0.02112217362985019,0.0,-0.0018055159645060694,35640400.0,146100.0,1724486765.5,17469965.6875,XLE,VDE,Energy
2011-06-16,4.278470046515581,4.657003334628109,72.13,105.32,0.001527,0.001141,0.0,0.0,0.0015273535129130798,0.0011406844106462643,0.0,0.00038666910226681553,25264400.0,157500.0,1719053223.35,17108206.8875,XLE,VDE,Energy
2011-06-17,4.272281520698232,4.6549122778829055,71.685,105.1,-0.002501,-0.002089,0.0,0.0,-0.0061694163316234575,-0.0020888720091149547,0.0,-0.004080544322508503,27409800.0,78200.0,1743821260.6,16320891.0875,XLE,VDE,Energy
2011-06-20,4.274998061915358,4.656908381392506,71.88,105.31,0.00272,0.001998,0.0,0.0,0.002720234358652438,0.0019980970504281637,0.0,0.0007221373082242741,17362300.0,80100.0,1705267873.2,15709698.8875,XLE,VDE,Energy
2011-06-21,4.294697025235496,4.677397819984972,73.31,107.49,0.019894,0.020701,0.0,0.0,0.019894268224819142,0.020700788149273574,0.0,-0.0008065199244544317,23195500.0,104400.0,1715745010.3,14928736.1875,XLE,VDE,Energy
2011-06-22,4.291828366755733,4.674136390452814,73.1,107.14,-0.002865,-0.003256,0.0,0.0,-0.0028645478106670303,-0.0032561168480788913,0.0,0.00039156903741186097,18561900.0,180100.0,1691081609.4,15069310.2875,XLE,VDE,Energy
2011-06-23,4.280824129164719,4.66428779047118,72.3,106.09,-0.010944,-0.0098,0.0,0.0,-0.01094391244870041,-0.009800261340302409,0.0,-0.0011436511083980014,45454200.0,195300.0,1760993668.6,15300227.6375,XLE,VDE,Energy
2011-06-24,4.261693475213995,4.646504049481068,70.93,104.22,-0.018949,-0.017627,0.0,0.0,-0.018948824343015213,-0.017626543500801208,0.0,-0.0013222808422140055,17065600.0,129400.0,1750119721.25,15313550.0875,XLE,VDE,Energy
2011-06-27,4.267036570040212,4.651385609785055,71.31,104.73,0.005357,0.004894,0.0,0.0,0.0053573946144085715,0.00489349453080023,0.0,0.00046390008360834133,19694600.0,125500.0,1756607986.85,15346216.0375,XLE,VDE,Energy
2011-06-28,4.295787686556971,4.678885223810372,73.39,107.65,0.029168,0.027881,0.0,0.0,0.029168419576496987,0.027881218371049364,0.0,0.0012872012054476224,15857700.0,115300.0,1740340015.45,15440093.1375,XLE,VDE,Energy
2011-06-29,4.307437777682809,4.691989877940651,74.25,109.07,0.011718,0.013191,0.0,0.0,0.011718217740836626,0.013190896423594863,0.0,-0.001472678682758237,21321400.0,156800.0,1715557628.05,15417611.9375,XLE,VDE,Energy
2011-06-30,4.3221439250725044,4.705467907303455,75.35,110.55,0.014815,0.013569,-794942499.9999999,-22110000.0,-0.06897869145658142,0.002519782351430697,-772832499.9999999,-0.07149847380801212,19418800.0,127200.0,1698034194.65,15247389.3375,XLE,VDE,Energy
2011-07-01,4.331522502500114,4.716085246559246,76.06,111.73,0.009423,0.010674,0.0,0.0,0.009422694094226941,0.010673903211216643,0.0,-0.0012512091169897023,14888500.0,122200.0,1670445240.95,15093416.2375,XLE,VDE,Energy
2011-07-05,4.33768282082183,4.722152901473706,76.53,112.41,0.006179,0.006086,0.0,0.0,0.006179332106231922,0.006086100420656941,0.0,9.323168557498051e-05,15683400.0,191600.0,1644248025.65,15028270.6,XLE,VDE,Energy
2011-07-06,4.335851797553269,4.71992642328628,76.39,112.16,-0.001829,-0.002224,0.0,0.0,-0.0018293479681170783,-0.0022240014233609108,0.0,0.00039465345524383245,10975500.0,142800.0,1615439168.9,14700202.6,XLE,VDE,Energy
2011-07-07,4.350793932242783,4.733211535868976,77.54,113.66,0.015054,0.013374,0.0,0.0,0.01505432648252389,0.013373751783166904,0.0,0.0016805746993569862,17824300.0,191400.0,1592110551.5,15125035.3,XLE,VDE,Energy
2011-07-08,4.342375829044089,4.7271222967388375,76.89,112.97,-0.008383,-0.006071,0.0,0.0,-0.008382770183131287,-0.006070737286644378,0.0,-0.0023120328964869093,17131100.0,198600.0,1593391431.35,15669195.85,XLE,VDE,Energy
2011-07-11,4.318354404864269,4.7045629298661265,75.065,110.45,-0.023735,-0.022307,0.0,0.0,-0.023735206138639615,-0.0223068071169337,0.0,-0.0014283990217059152,19147000.0,169000.0,1588373903.85,16113279.85,XLE,VDE,Energy
2011-07-12,4.314684186203576,4.701207374185033,74.79,110.08,-0.003664,-0.00335,0.0,0.0,-0.0036634916405781657,-0.0033499320959710275,0.0,-0.0003135595446071382,20545800.0,145300.0,1565065078.6,15710142.45,XLE,VDE,Energy
2011-07-13,4.3221439250725044,4.709800435066175,75.35,111.03,0.007488,0.00863,0.0,0.0,0.007487632036368499,0.008630087209302325,0.0,-0.0011424551729338267,20165900.0,212700.0,1556723974.95,16186480.65,XLE,VDE,Energy
2011-07-14,4.3154861108656375,4.702296896718814,74.85,110.2,-0.006636,-0.007475,0.0,0.0,-0.006635700066357001,-0.00747545708367108,0.0,0.000839757017314079,22632800.0,156000.0,1513086148.55,16277554.65,XLE,VDE,Energy
2011-07-15,4.3419855851366975,4.730921391293652,76.86,113.4,0.026854,0.029038,0.0,0.0,0.026853707414829658,0.029038112522686024,0.0,-0.0021844051078563666,27367100.0,186100.0,1527141855.25,16503346.65,XLE,VDE,Energy
2011-07-18,4.338597076746545,4.725979748200164,76.6,112.841,-0.003383,-0.004929,0.0,0.0,-0.0033827738745771533,-0.004929453262786596,0.0,0.0015466793882094425,20362300.0,137200.0,1506885888.6,16866494.91,XLE,VDE,Energy
2011-07-19,4.356644722070832,4.743888105299914,77.995,114.88,0.018212,0.01807,0.0,0.0,0.018211488250652743,0.01806967325706082,0.0,0.00014181499359192454,19558000.0,184200.0,1520757092.9,17502773.16,XLE,VDE,Energy
2011-07-20,4.354141431184346,4.7425815418110515,77.8,114.73,-0.0025,-0.001306,0.0,0.0,-0.002500160266683762,-0.0013057103064066853,0.0,-0.0011944499602770766,10517800.0,110300.0,1476648229.65,17574411.31,XLE,VDE,Energy
2011-07-21,4.373616367313912,4.7597779042145305,79.33,116.72,0.019666,0.017345,0.0,0.0,0.01966580976863753,0.017345071036346204,0.0,0.0023207387322913275,17361300.0,198300.0,1477668081.6,17766894.41,XLE,VDE,Energy
2011-07-22,4.378645926514404,4.765246133834726,79.73,117.36,0.005042,0.005483,0.0,0.0,0.005042228665069961,0.0054832076764907475,0.0,-0.0004409790114207864,11499700.0,165000.0,1359194702.65,17699145.56,XLE,VDE,Energy
2011-07-25,4.37462430490712,4.761660982747524,79.41,116.94,-0.004014,-0.003579,0.0,0.0,-0.004013545716794181,-0.0035787321063394683,0.0,-0.00043481361045471243,15484400.0,294700.0,1360152362.45,18747953.06,XLE,VDE,Energy
2011-07-26,4.369827527216884,4.75763372911456,79.03,116.47,-0.004785,-0.004019,0.0,0.0,-0.004785291524996852,-0.004019155122284932,0.0,-0.00076613640271192,16969400.0,150000.0,1356985850.25,18964297.31,XLE,VDE,Energy
2011-07-27,4.350729447316112,4.736987610608278,77.535,114.09,-0.018917,-0.020435,0.0,0.0,-0.01891686701252689,-0.02043444663861939,0.0,0.0015175796260924988,23784400.0,139800.0,1391002192.8,19141184.16,XLE,VDE,Energy
2011-07-28,4.346658490836091,4.730656806029507,77.22,113.37,-0.004063,-0.006311,0.0,0.0,-0.004062681369704005,-0.006310807257428346,0.0,0.002248125887724341,19554100.0,181900.0,1387344875.4,19317175.509999998,XLE,VDE,Energy
2011-07-29,4.336636932375072,4.721084810584447,76.45,112.29,-0.009972,-0.009526,-344025000.0,-11116710.0,-0.04797806350442419,-0.014930104287452102,-332908290.0,-0.03304795921697209,17335600.0,220200.0,1380449877.4,19850390.41,XLE,VDE,Energy
2011-08-01,4.3351970473170836,4.720550337028165,76.34,112.23,-0.001439,-0.000534,0.0,0.0,-0.0014388489208633094,-0.0005343307507347048,0.0,-0.0009045181701286046,21985700.0,308500.0,1407748328.8,20898867.86,XLE,VDE,Energy
2011-08-02,4.306966286076729,4.6913478822291435,74.215,109.0,-0.027836,-0.02878,0.0,0.0,-0.027835996856169765,-0.028780183551635034,0.0,0.0009441866954652683,27201100.0,239100.0,1448672280.525,21125075.06,XLE,VDE,Energy
2011-08-03,4.301155458915413,4.686842334632116,73.785,108.51,-0.005794,-0.004495,0.0,0.0,-0.005793976958835815,-0.004495412844036697,0.0,-0.0012985641147991176,35564100.0,333900.0,1537956214.2,22135827.11,XLE,VDE,Energy
2011-08-04,4.230185785133514,4.612145799724517,68.73,100.7,-0.06851,-0.071975,0.0,0.0,-0.06850985972758691,-0.07197493318588148,0.0,0.003465073458294568,54529700.0,597000.0,1656242717.15,24053995.91,XLE,VDE,Energy
2011-08-05,4.22053658745986,4.604269780744927,68.07,99.91,-0.009603,-0.007845,0.0,0.0,-0.009602793539939014,-0.007845084409136048,0.0,-0.0017577091308029653,66409600.0,711200.0,1816407276.8,26485003.41,XLE,VDE,Energy
2011-08-08,4.131640346965797,4.515026636135126,62.28,91.38,-0.08506,-0.085377,0.0,0.0,-0.08505949757602457,-0.08537683915523972,0.0,0.00031734157921514683,55997000.0,1013400.0,1918918457.05,30181925.51,XLE,VDE,Energy
2011-08-09,4.181286492355909,4.562367063662782,65.45,95.81,0.050899,0.048479,0.0,0.0,0.05089916506101477,0.04847887940468374,0.0,0.0024202856563310324,50401100.0,538700.0,2007025037.7,31962836.660000004,XLE,VDE,Energy
2011-08-10,4.146146060785364,4.530769863411841,63.19,92.83,-0.03453,-0.031103,0.0,0.0,-0.03453017570664629,-0.03110322513307588,0.0,-0.003426950573570415,49373700.0,360100.0,2087046214.6,32453436.76,XLE,VDE,Energy
2011-08-11,4.19675071805349,4.5800574851730165,66.47,97.52,0.051907,0.050522,0.0,0.0,0.051906947301788256,0.050522460411504905,0.0,0.0013844868902833513,42033400.0,383900.0,2142040965.5,33465773.160000004,XLE,VDE,Energy
2011-08-12,4.20409542618122,4.5880240271531205,66.96,98.3,0.007372,0.007998,0.0,0.0,0.007371746652625117,0.007998359310910582,0.0,-0.0006266126582854647,26553000.0,252200.0,2125768644.2,33650149.160000004,XLE,VDE,Energy
2011-08-15,4.237289838207198,4.62173227428707,69.22,101.67,0.033752,0.034283,0.0,0.0,0.03375149342891291,0.034282807731434384,0.0,-0.0005313143025214712,29311200.0,211600.0,2149227098.4,33951728.5,XLE,VDE,Energy
2011-08-16,4.22053658745986,4.602265972840701,68.07,99.71,-0.016614,-0.019278,0.0,0.0,-0.016613695463738927,-0.01927805645716534,0.0,0.0026643609934264116,29945100.0,415900.0,2174873935.75,34967153.15,XLE,VDE,Energy
2011-08-17,4.2244952466871455,4.607467545036775,68.34,100.23,0.003966,0.005215,0.0,0.0,0.003966505068312157,0.005215123859191656,0.0,-0.001248618790879499,21666900.0,191200.0,2207995491.05,35292616.0,XLE,VDE,Energy
2011-08-18,4.164803025870662,4.5474139464271275,64.38,94.388,-0.057946,-0.058286,0.0,0.0,-0.0579455662862161,-0.05828594233263494,0.0,0.0003403760464188374,37248400.0,289700.0,2259034494.2,35502547.379999995,XLE,VDE,Energy
2011-08-19,4.146937012341271,4.527315665818423,63.24,92.5099,-0.017707,-0.019898,0.0,0.0,-0.017707362534948614,-0.019897656481756183,0.0,0.0021902939468075693,27319600.0,206600.0,2299575515.35,35489954.647,XLE,VDE,Energy
2011-08-22,4.138839802108651,4.51906748693468,62.73,91.75,-0.008065,-0.008214,0.0,0.0,-0.008064516129032258,-0.0082142559877375,0.0,0.00014973985870524176,24532400.0,289800.0,2315040577.75,35096301.246999994,XLE,VDE,Energy
2011-08-23,4.182965753875629,4.564972996236678,65.56,96.06,0.045114,0.046975,0.0,0.0,0.045113980551570225,0.04697547683923706,0.0,-0.001861496287666832,35856800.0,181200.0,2365524584.05,35093079.846999995,XLE,VDE,Energy
2011-08-24,4.188896879163323,4.569853840860524,65.95,96.53,0.005949,0.004893,0.0,0.0,0.005948749237339841,0.004892775348740371,0.0,0.00105597388859947,18867900.0,159300.0,2335535311.6,35064452.197,XLE,VDE,Energy
2011-08-25,4.167579534374568,4.546693256229116,64.559,94.32,-0.021092,-0.022894,0.0,0.0,-0.021091736163760425,-0.022894436962602436,0.0,0.0018027007988420107,26792600.0,206600.0,2346522104.67,35007677.647,XLE,VDE,Energy
2011-08-26,4.186771802468027,4.567260612914871,65.81,96.28,0.019378,0.02078,0.0,0.0,0.019377623569138306,0.02078032230704001,0.0,-0.0014026987379017024,23836300.0,226100.0,2358690118.82,34859810.147,XLE,VDE,Energy
2011-08-29,4.215529213226812,4.5977426701592945,67.73,99.26,0.029175,0.030951,0.0,0.0,0.029174897432001214,0.03095139177399252,0.0,-0.0017764943419913068,35543200.0,173900.0,2395137748.7200003,33991728.096999995,XLE,VDE,Energy
2011-08-30,4.221417644785577,4.603168183317418,68.13,99.8,0.005906,0.00544,0.0,0.0,0.0059058024509078925,0.005440257908523071,0.0,0.000465544542384822,19838800.0,162000.0,2361782139.0950003,33497013.096999995,XLE,VDE,Energy
2011-08-31,4.228875455179707,4.608065989100117,68.64,100.29,0.007486,0.00491,758472000.0,-20058000.0,0.10625003320479576,-0.006226766160458558,778530000.0,0.11247679936525432,24485300.0,449700.0,2314610832.77,33940459.297,XLE,VDE,Energy
2011-09-01,4.221270855794487,4.600057136601269,68.12,99.49,-0.007576,-0.007977,0.0,0.0,-0.007575757575757463,-0.007976867085452189,0.0,0.00040110950969472585,21294200.0,173000.0,2199747563.92,31795152.797,XLE,VDE,Energy
2011-09-02,4.1929825321191005,4.572440361365173,66.22,96.78,-0.027892,-0.027239,0.0,0.0,-0.027891955372871514,-0.027238918484269774,0.0,-0.00065303688860174,20854700.0,140100.0,2042772402.02,28920297.096999995,XLE,VDE,Energy
2011-09-06,4.182050142641207,4.561009290202322,65.5,95.68,-0.010873,-0.011366,0.0,0.0,-0.010872848082150407,-0.011365984707584074,0.0,0.0004931366254336666,19355700.0,185900.0,1931787661.52,25179418.097,XLE,VDE,Energy
2011-09-07,4.21803603456465,4.598950886174174,67.9,99.38,0.036641,0.038671,0.0,0.0,0.03664122137404592,0.038670568561872766,0.0,-0.002029347187826845,18525700.0,140400.0,1829744813.27,23296423.347,XLE,VDE,Energy
2011-09-08,4.206333064170148,4.5872098606110985,67.11,98.22,-0.011635,-0.011672,0.0,0.0,-0.01163475699558185,-0.011672368685852284,0.0,3.7611690270434456e-05,18491800.0,136300.0,1735797843.02,22294388.497,XLE,VDE,Energy
2011-09-09,4.1726935286330775,4.554613462370939,64.89,95.07,-0.03308,-0.032071,0.0,0.0,-0.033080017881090745,-0.032070861331704476,0.0,-0.0010091565493862698,35041400.0,169000.0,1709791660.4199998,21225833.597,XLE,VDE,Energy
2011-09-12,4.177382778875436,4.558392994429163,65.195,95.43,0.0047,0.003787,0.0,0.0,0.004700261981815261,0.0037866834963713766,0.0,0.0009135784854438843,25761500.0,141600.0,1704868266.0449998,20661914.997,XLE,VDE,Energy
2011-09-13,4.1802164012960645,4.562679090960919,65.38,95.8399,0.002838,0.004295,0.0,0.0,0.0028376409233836952,0.004295294980613894,0.0,-0.0014576540572301985,28204500.0,212700.0,1695622713.3449998,20605503.7335,XLE,VDE,Energy
2011-09-14,4.1925293941308315,4.575123264635795,66.19,97.04,0.012389,0.012522,0.0,0.0,0.012389109819516792,0.01252192458464588,0.0,-0.00013281476512908875,25715800.0,166400.0,1678811005.5949998,19339407.0835,XLE,VDE,Energy
2011-09-15,4.212201669209209,4.594614672048575,67.505,98.95,0.019867,0.019683,0.0,0.0,0.019867049403233,0.019682605111294313,0.0,0.0001844442919386874,17331200.0,167100.0,1663272341.0949998,19207935.5335,XLE,VDE,Energy
2011-09-16,4.206035001574797,4.5921862584297966,67.09,98.71,-0.00223,-0.002425,0.0,0.0,-0.006147692763498886,-0.002425467407781708,0.0,-0.0037222253557171784,23036400.0,140900.0,1620645345.2949998,18536137.3035,XLE,VDE,Energy
2011-09-19,4.19010918420648,4.578004517915322,66.03,97.32,-0.0158,-0.014082,0.0,0.0,-0.015799672082277536,-0.014081653327930436,0.0,-0.0017180187543471004,20859800.0,177200.0,1603129399.7949998,18442765.236500002,XLE,VDE,Energy
2011-09-20,4.183880527532955,4.5700071493195145,65.62,96.5448,-0.006209,-0.007965,0.0,0.0,-0.006209298803574017,-0.007965474722564654,0.0,0.0017561759189906375,20134400.0,129000.0,1592244493.5949998,17736021.6965,XLE,VDE,Energy
2011-09-21,4.141387168555412,4.528397127182178,62.89,92.61,-0.041603,-0.040756,0.0,0.0,-0.04160316976531556,-0.040756208516667856,0.0,-0.0008469612486477068,26782800.0,193700.0,1558924417.7949998,17762645.9465,XLE,VDE,Energy
2011-09-22,4.083283614862676,4.470495282661489,59.34,87.4,-0.056448,-0.056257,0.0,0.0,-0.05644776594053109,-0.05625742360436238,0.0,-0.00019034233616870705,38066000.0,474600.0,1609649339.5449998,19067786.4965,XLE,VDE,Energy
2011-09-23,4.072439726834051,4.460144413937834,58.7,86.5,-0.010785,-0.010298,0.0,0.0,-0.010785305021907651,-0.010297482837528604,0.0,-0.00048782218437904735,32795300.0,284600.0,1619418371.875,19324355.8965,XLE,VDE,Energy
2011-09-26,4.1082474673910925,4.496024738727294,60.84,89.66,0.036457,0.036532,0.0,0.0,0.03645655877342419,0.03653179190751445,0.0,-7.523313409026067e-05,34397600.0,292300.0,1645622525.925,19546291.3965,XLE,VDE,Energy
2011-09-27,4.122770036405805,4.5103099049641315,61.73,90.95,0.014629,0.014388,0.0,0.0,0.01462853385930309,0.014387686816863707,0.0,0.0002408470424393825,32486600.0,276000.0,1625525370.025,19938335.6965,XLE,VDE,Energy
2011-09-28,4.089499510558901,4.477109515920573,59.71,87.98,-0.032723,-0.032655,0.0,0.0,-0.032723149198120846,-0.03265530511269928,0.0,-6.784408542156312e-05,23093500.0,173500.0,1626890142.075,19893182.1965,XLE,VDE,Energy
2011-09-29,4.099000373758295,4.487399650253583,60.28,88.89,0.009546,0.010343,0.0,0.0,0.009546139675096299,0.01034325983177995,0.0,-0.0007971201566836505,22869500.0,269100.0,1611785265.475,18834176.4965,XLE,VDE,Energy
2011-09-30,4.069197679800145,4.458292990127331,58.51,86.34,-0.029363,-0.028687,-1056105500.0,-17268000.0,-0.17091583973291213,-0.03957202804253903,-1038837500.0,-0.1313438116903731,29734400.0,277900.0,1626245207.475,19173282.2965,XLE,VDE,Energy
2011-10-03,4.034594557816327,4.418238016636454,56.52,82.95,-0.034011,-0.039263,0.0,0.0,-0.03401128012305589,-0.039263377345378735,0.0,0.005252097222322845,35068700.0,341300.0,1656299441.975,19910880.1465,XLE,VDE,Energy
2011-10-04,4.0668020592157,4.452252079563379,58.37,85.82,0.032732,0.034599,0.0,0.0,0.03273177636234961,0.0345991561181433,0.0,-0.001867379755793687,41370300.0,501400.0,1713648745.025,21173041.9465,XLE,VDE,Energy
2011-10-05,4.102973888920155,4.486724430781609,60.52,88.83,0.036834,0.035073,0.0,0.0,0.03683399006338873,0.03507340946166411,0.0,0.0017605806017246192,37564900.0,477200.0,1764425380.925,22594878.1465,XLE,VDE,Energy
2011-10-06,4.121635422458004,4.50501830403765,61.66,90.47,0.018837,0.018462,0.0,0.0,0.018836748182419035,0.018462231228188675,0.0,0.00037451695423035974,23819300.0,293300.0,1775811047.925,23252251.3965,XLE,VDE,Energy
2011-10-07,4.109233174715851,4.491889499529125,60.9,89.29,-0.012326,-0.013043,0.0,0.0,-0.012325656827765165,-0.013042997678788549,0.0,0.000717340851023384,24391800.0,271100.0,1736392256.625,23659235.8465,XLE,VDE,Energy
2011-10-10,4.1535564218539465,4.537105455073962,63.66,93.42,0.04532,0.046254,0.0,0.0,0.04532019704433497,0.04625377981856871,0.0,-0.0009335827742337349,17908000.0,148100.0,1709417371.0,23675366.5465,XLE,VDE,Energy
2011-10-11,4.1555964382538635,4.539030383483547,63.79,93.6,0.002042,0.001927,0.0,0.0,0.0020420986490732014,0.0019267822736030828,0.0,0.00011531637547011861,22428200.0,152300.0,1688751604.4,23368873.21,XLE,VDE,Energy
2011-10-12,4.160912273160771,4.548494008794535,64.13,94.49,0.00533,0.009509,0.0,0.0,0.005329989026493039,0.009508547008547008,0.0,-0.004178557982053969,18631500.0,185500.0,1663387069.05,23437895.16,XLE,VDE,Energy
2011-10-13,4.159507888128514,4.545844719903276,64.04,94.24,-0.001403,-0.002646,0.0,0.0,-0.0014033993450800245,-0.0026457826224997355,0.0,0.001242383277419711,15159400.0,164100.0,1653430335.05,23384407.11,XLE,VDE,Energy
2011-10-14,4.198704577546343,4.5828223223241835,66.6,97.79,0.039975,0.03767,0.0,0.0,0.03997501561524019,0.037669779286926997,0.0,0.0023052363283131913,16616800.0,130100.0,1631488675.25,23325119.11,XLE,VDE,Energy
2011-10-17,4.180369341573185,4.565805462465814,65.39,96.14,-0.018168,-0.016873,0.0,0.0,-0.018168168168168033,-0.01687289088863892,0.0,-0.0012952772795291126,18806400.0,134600.0,1624107570.35,23109886.11,XLE,VDE,Energy
2011-10-18,4.211979438755315,4.596936381060988,67.49,99.18,0.032115,0.031621,0.0,0.0,0.0321150022939286,0.03162055335968394,0.0,0.0004944489342446623,24455900.0,193900.0,1640573038.5,23448722.25,XLE,VDE,Energy
2011-10-19,4.201553368737545,4.5861912193902885,66.79,98.12,-0.010372,-0.010688,0.0,0.0,-0.01037190694917739,-0.010687638636822075,0.0,0.00031573168764468564,24029500.0,152600.0,1636601039.15,23300450.0,XLE,VDE,Energy
2011-10-20,4.209308814022622,4.592591403781231,67.31,98.75,0.007786,0.006421,0.0,0.0,0.007785596646204386,0.006420709335507542,0.0,0.0013648873106968436,21877500.0,121600.0,1597287943.4,21826848.0,XLE,VDE,Energy
2011-10-21,4.227563406008323,4.611152257665639,68.55,100.6,0.018422,0.018734,0.0,0.0,0.01842222552369633,0.018734177215189874,0.0,-0.00031195169149354426,24171100.0,149400.0,1583880183.15,21347435.0,XLE,VDE,Energy
2011-10-24,4.240607069200353,4.625560875635825,69.45,102.06,0.013129,0.014513,0.0,0.0,0.01312910284463895,0.014512922465208748,0.0,-0.0013838196205697983,22973900.0,146400.0,1559019551.7,20784133.3,XLE,VDE,Energy
2011-10-25,4.219507705176107,4.600961341214036,68.0,99.58,-0.020878,-0.024299,0.0,0.0,-0.02087832973362131,-0.024299431706839115,0.0,0.0034211019732178043,21924300.0,157200.0,1533292280.8,20311722.1,XLE,VDE,Energy
2011-10-26,4.2408950047047895,4.625462889255854,69.47,102.05,0.021618,0.024804,0.0,0.0,0.02161764705882353,0.024804177545691905,0.0,-0.0031865304868683754,18187700.0,169200.0,1527521612.5,20411838.6,XLE,VDE,Energy
2011-10-27,4.2842759793301965,4.667017589314171,72.55,106.38,0.044336,0.04243,0.0,0.0,0.044335684468115734,0.04243018128368447,0.0,0.0019055031844312648,31190200.0,303000.0,1571735390.0,20827480.65,XLE,VDE,Energy
2011-10-28,4.291007236286713,4.671987359025408,73.04,106.91,0.006754,0.004982,0.0,0.0,0.0067539627842868235,0.004982139499905998,0.0,0.0017718232843808258,17512500.0,141800.0,1548703052.8,20385778.25,XLE,VDE,Energy
2011-10-31,4.244343779498307,4.627616374817921,69.71,102.27,-0.045592,-0.043401,310209500.0,-40908000.0,-0.005418187557784784,-0.0650839746243796,351117500.0,0.059665787066594825,21955900.0,138000.0,1526126196.05,19675899.5,XLE,VDE,Energy
2011-11-01,4.2115348296335045,4.594169904129226,67.46,98.906,-0.032277,-0.032893,0.0,0.0,-0.03227657437957252,-0.0328933215996871,0.0,0.0006167472201145802,41749400.0,276400.0,1546207701.7,18891273.020000003,XLE,VDE,Energy
2011-11-02,4.241182857326236,4.623795650111256,69.49,101.88,0.030092,0.030069,0.0,0.0,0.03009190631485325,0.030068954360706127,0.0,2.2951954147122644e-05,20310900.0,140600.0,1503106536.35,17488005.62,XLE,VDE,Energy
2011-11-03,4.267176792994939,4.648612743830928,71.32,104.44,0.026335,0.025128,0.0,0.0,0.02633472442077997,0.02512760109933255,0.0,0.0012071233214474217,19714500.0,200200.0,1499973541.45,17206707.470000003,XLE,VDE,Energy
2011-11-04,4.26633516017769,4.649091373046019,71.26,104.49,-0.000841,0.000479,0.0,0.0,-0.0008412787436901667,0.0004787437763309077,0.0,-0.0013200225200210745,12554800.0,122200.0,1470433262.85,16634815.420000002,XLE,VDE,Energy
2011-11-07,4.271793154274181,4.655007420835263,71.65,105.11,0.005473,0.005934,0.0,0.0,0.00547291608195341,0.005933582160972342,0.0,-0.0004606660790189322,13471800.0,148900.0,1461694822.35,16725584.270000001,XLE,VDE,Energy
2011-11-08,4.287990642747287,4.669739956637391,72.82,106.67,0.016329,0.014842,0.0,0.0,0.01632937892533123,0.01484159452002664,0.0,0.001487784405304591,19152700.0,149200.0,1459895059.15,16808578.470000003,XLE,VDE,Energy
2011-11-09,4.242764567340374,4.624188191823853,69.6,101.92,-0.044219,-0.04453,0.0,0.0,-0.04421862125789619,-0.04452985844192369,0.0,0.0003112371840275005,25275100.0,191100.0,1488110502.4,16906029.32,XLE,VDE,Energy
2011-11-10,4.260000233663683,4.640826863196126,70.81,103.63,0.017385,0.016778,0.0,0.0,0.017385057471264495,0.016777864992150705,0.0,0.0006071924791137898,20355300.0,192000.0,1511638043.25,17127638.12,XLE,VDE,Energy
2011-11-11,4.280270725719494,4.65918477429433,72.26,105.55,0.020477,0.018528,0.0,0.0,0.0204773337099281,0.018527453440123517,0.0,0.0019498802698045825,14401500.0,165400.0,1508336718.75,17364412.67,XLE,VDE,Energy
2011-11-14,4.267036570040212,4.64736723468788,71.31,104.31,-0.013147,-0.011748,0.0,0.0,-0.013146969277608753,-0.011747986736144007,0.0,-0.0013989825414647463,15382500.0,142700.0,1501695497.7,17461642.32,XLE,VDE,Energy
2011-11-15,4.265914077990263,4.648421227982406,71.23,104.42,-0.001122,0.001055,0.0,0.0,-0.00112186229140373,0.001054548940657655,0.0,-0.0021764112320613854,16675900.0,166300.0,1478560281.0,17368344.520000003,XLE,VDE,Energy
2011-11-16,4.250778348063927,4.635117262356044,70.16,103.04,-0.015022,-0.013216,0.0,0.0,-0.015021760494173803,-0.013215859030837005,0.0,-0.0018059014633367981,21946800.0,182100.0,1475303140.15,17557868.12,XLE,VDE,Energy
2011-11-17,4.227709274289524,4.611351045063173,68.56,100.62,-0.022805,-0.023486,0.0,0.0,-0.02280501710376283,-0.023486024844720496,0.0,0.0006810077409576676,25537400.0,171900.0,1489216621.1,17822297.020000003,XLE,VDE,Energy
2011-11-18,4.221711158142542,4.606669062111827,68.15,100.15,-0.00598,-0.004671,0.0,0.0,-0.0059801633605599674,-0.004671039554760485,0.0,-0.0013091238057994824,26953400.0,129100.0,1498213886.35,17717283.270000003,XLE,VDE,Energy
2011-11-21,4.203647297112551,4.589244035437832,66.93,98.42,-0.017902,-0.017274,0.0,0.0,-0.017901687454145266,-0.01727408886669995,0.0,-0.0006275985874453147,20014900.0,112800.0,1485416881.45,17525292.87,XLE,VDE,Energy
2011-11-22,4.194189897191817,4.578004517915322,66.3,97.32,-0.009413,-0.011177,0.0,0.0,-0.009412819363514248,-0.011176590123958545,0.0,0.0017637707604442974,18698500.0,129600.0,1472859788.95,17373227.67,XLE,VDE,Energy
2011-11-23,4.163404098153595,4.546481189639412,64.29,94.3,-0.030317,-0.031032,0.0,0.0,-0.030316742081447832,-0.031031648170982327,0.0,0.0007149060895344957,21790400.0,223200.0,1479730053.8,17562272.67,XLE,VDE,Energy
2011-11-25,4.156223299267966,4.53945764262271,63.83,93.64,-0.007155,-0.006999,0.0,0.0,-0.007155078550319001,-0.006998939554612937,0.0,-0.00015613899570606372,7149800.0,54900.0,1389406190.0,16207657.470000003,XLE,VDE,Energy
2011-11-28,4.1929825321191005,4.576256175823449,66.22,97.15,0.037443,0.037484,0.0,0.0,0.03744320852263826,0.037483981204613416,0.0,-4.077268197515832e-05,21851200.0,162100.0,1397799863.2,16237066.320000002,XLE,VDE,Energy
2011-11-29,4.207226719278773,4.591476858856089,67.17,98.64,0.014346,0.015337,0.0,0.0,0.014346118997281788,0.015337107565620175,0.0,-0.0009909885683383867,14477500.0,91600.0,1369895257.5,15983174.520000001,XLE,VDE,Energy
2011-11-30,4.260847212822164,4.6437175956003305,70.87,103.93,0.055084,0.053629,-623656000.0,0.0,-0.029192368787479887,0.053629359286293594,-623656000.0,-0.08282172807377348,33002000.0,221200.0,1346017118.3,15765759.4,XLE,VDE,Energy
2011-12-01,4.255328981627924,4.638508245598602,70.48,103.39,-0.005503,-0.005196,0.0,0.0,-0.005503033723719486,-0.005195804868661599,0.0,-0.000307228855057887,16332600.0,222800.0,1333002978.65,16201307.6,XLE,VDE,Energy
2011-12-02,4.254477313726906,4.6392817156168595,70.42,103.47,-0.000851,0.000774,0.0,0.0,-0.000851305334846765,0.0007737692233291421,0.0,-0.0016250745581759072,14939900.0,129900.0,1315304459.55,15827900.85,XLE,VDE,Energy
2011-12-05,4.266756065129537,4.650717000944062,71.29,104.66,0.012355,0.011501,0.0,0.0,0.012354444760011494,0.011500918140523824,0.0,0.0008535266194876698,14862700.0,134400.0,1323549801.3,15892782.15,XLE,VDE,Energy
2011-12-06,4.266615783162554,4.651862913980073,71.28,104.78,-0.00014,0.001147,0.0,0.0,-0.00014027212792831263,0.0011465698452130708,0.0,-0.0012868419731413834,13859700.0,183000.0,1324683048.6,16068975.2,XLE,VDE,Energy
2011-12-07,4.257030144499196,4.6430438384161725,70.6,103.86,-0.00954,-0.00878,0.0,0.0,-0.009539842873176338,-0.008780301584271807,0.0,-0.0007595412889045312,17144600.0,133200.0,1315468505.9,15964924.6,XLE,VDE,Energy
2011-12-08,4.2287297569205435,4.6135351023197195,68.63,100.84,-0.027904,-0.029078,0.0,0.0,-0.027903682719546612,-0.029077604467552476,0.0,0.0011739217480058635,17146700.0,140600.0,1286350058.95,15699984.2,XLE,VDE,Energy
2011-12-09,4.2512343444238585,4.638314784580394,70.192,103.37,0.02276,0.025089,0.0,0.0,0.02275972606731736,0.025089250297500993,0.0,-0.002329524230183632,15518300.0,91100.0,1268745144.98,15175986.55,XLE,VDE,Energy
2011-12-12,4.227563406008323,4.6141299273595635,68.55,100.9,-0.023393,-0.023895,0.0,0.0,-0.023392979256895242,-0.023894747025249106,0.0,0.0005017677683538634,19315100.0,144400.0,1282915030.73,15031586.05,XLE,VDE,Energy
2011-12-13,4.2181832991257,4.604570005916059,67.91,99.94,-0.009336,-0.009514,0.0,0.0,-0.009336250911743253,-0.009514370664023787,0.0,0.0001781197522805339,18642500.0,80300.0,1291369335.73,14688593.3,XLE,VDE,Energy
2011-12-14,4.189654742026425,4.574504771677206,66.0,96.98,-0.028126,-0.029618,0.0,0.0,-0.028125460167869237,-0.029617770662397437,0.0,0.0014923104945281998,26684300.0,149500.0,1320036307.8799999,14545266.5,XLE,VDE,Energy
2011-12-15,4.185403293169068,4.571820206306537,65.72,96.72,-0.004242,-0.002681,0.0,0.0,-0.004242424242424243,-0.002680965147453083,0.0,-0.0015614590949711597,17749900.0,135000.0,1301373104.8799999,14259947.3,XLE,VDE,Energy
2011-12-16,4.191773707553646,4.5840486893659795,66.14,97.91,0.010611,0.012304,0.0,0.0,0.006390748630553865,0.012303556658395368,0.0,-0.005912808027841503,21970600.0,122500.0,1286487671.8799999,13994817.15,XLE,VDE,Energy
2011-12-19,4.174079530240954,4.5652852522891765,64.98,96.09,-0.017539,-0.018589,0.0,0.0,-0.017538554581191412,-0.018588499642528854,0.0,0.0010499450613374421,12540700.0,94900.0,1235388695.6799998,13804295.95,XLE,VDE,Energy
2011-12-20,4.214347354616797,4.604770105966751,67.65,99.96,0.04109,0.040275,0.0,0.0,0.041089566020314085,0.04027474242897284,0.0,0.000814823591341246,12665200.0,148400.0,1211248871.83,13990910.35,XLE,VDE,Energy
2011-12-21,4.225372824628505,4.6006600305102054,68.4,99.55,0.011087,0.012085,0.0,0.0,0.011086474501108647,-0.004101640656262505,0.0,0.015188115157371153,12027400.0,131600.0,1190397052.33,14015315.75,XLE,VDE,Energy
2011-12-22,4.237000862623624,4.613138355637268,69.2,100.8,0.011696,0.012557,0.0,0.0,0.011695906432748399,0.012556504269211451,0.0,-0.0008605978364630527,10988800.0,106800.0,1158373059.53,13501199.75,XLE,VDE,Energy
2011-12-23,4.242764567340374,4.6197631882909915,69.6,101.47,0.00578,0.006647,0.0,0.0,0.005780346820809113,0.006646825396825397,0.0,-0.0008664785760162837,5214700.0,60600.0,1153701628.83,13551612.05,XLE,VDE,Energy
2011-12-27,4.245347435758628,4.622617099591812,69.78,101.76,0.002586,0.002858,0.0,0.0,0.00258620689655186,0.0028579875825367105,0.0,-0.00027178068598485063,5630200.0,88600.0,1100996073.4299998,13215008.1,XLE,VDE,Energy
2011-12-28,4.226103551734458,4.602667055769973,68.45,99.75,-0.01906,-0.019752,0.0,0.0,-0.019059902550874176,-0.019752358490566037,0.0,0.0006924559396918606,11320600.0,211000.0,1091118143.1799998,13815599.4,XLE,VDE,Energy
2011-12-29,4.23642266081509,4.613138355637268,69.16,100.8,0.010373,0.010526,0.0,0.0,0.010372534696859021,0.010526315789473684,0.0,-0.00015378109261466287,7702400.0,127800.0,1000810455.3799999,13310245.6,XLE,VDE,Energy
2011-12-30,4.235988789957173,4.61323755706585,69.13,100.81,-0.000434,9.9e-05,-259237499.99999997,-9879380.0,-0.03741092321488265,-0.005583504975790591,-249358119.99999997,-0.03182741823909206,6586200.0,154000.0,966019573.28,12934718.0,XLE,VDE,Energy
2012-01-03,4.263383854543109,4.639958011473755,71.05,103.54,0.027774,0.027081,0.0,0.0,0.027773759583393606,0.027080646761234006,0.0,0.0006931128221596,24256100.0,145200.0,999585980.6299999,13014380.75,XLE,VDE,Energy
2012-01-04,4.26549281841793,4.642947550322122,71.2,103.85,0.002111,0.002994,0.0,0.0,0.00211118930330753,0.0029940119760479044,0.0,-0.0008828226727403744,14018500.0,90000.0,996513746.4799999,12778390.55,XLE,VDE,Energy
2012-01-05,4.260706099437326,4.638701669196884,70.86,103.41,-0.004775,-0.004237,0.0,0.0,-0.0047752808988764045,-0.004236880115551276,0.0,-0.0005384007833251284,12674700.0,116300.0,992024237.78,12420982.7,XLE,VDE,Energy
2012-01-06,4.254761283628006,4.632590781564083,70.44,102.78,-0.005927,-0.006092,0.0,0.0,-0.0059271803556308214,-0.006092254134029591,0.0,0.00016507377839876988,8895000.0,124300.0,962831989.78,12368052.8,XLE,VDE,Energy
2012-01-09,4.259576474917317,4.6363781131122845,70.78,103.17,0.004827,0.003795,0.0,0.0,0.004826802952867689,0.0037945125510799767,0.0,0.0010322904017877124,12044600.0,116400.0,946618928.1299999,12259597.0,XLE,VDE,Energy
2012-01-10,4.268437915561019,4.644967655862158,71.41,104.06,0.008901,0.008627,0.0,0.0,0.008900819440519922,0.00862653872249685,0.0,0.00027428071802307157,13633600.0,135900.0,940834671.25,12495834.35,XLE,VDE,Energy
2012-01-11,4.254903238344689,4.632201525039122,70.45,102.74,-0.013444,-0.012685,0.0,0.0,-0.013443495308780282,-0.012684989429175475,0.0,-0.000758505879604807,13472800.0,344700.0,922090104.0,13538060.25,XLE,VDE,Energy
2012-01-12,4.245490733029061,4.623963480549908,69.79,101.8971,-0.009368,-0.008204,0.0,0.0,-0.00936834634492534,-0.008204204788787311,0.0,-0.0011641415561380285,19711800.0,105500.0,927573821.35,13674308.352500001,XLE,VDE,Energy
2012-01-13,4.240463070352095,4.617296365785932,69.44,101.22,-0.005015,-0.006645,0.0,0.0,-0.005015045135406358,-0.006644938864795874,0.0,0.0016298937293895161,16217600.0,168900.0,895823138.55,13804185.752500001,XLE,VDE,Energy
2012-01-17,4.247566239231268,4.624188191823853,69.935,101.92,0.007128,0.006916,0.0,0.0,0.007128456221198157,0.006915629322268326,0.0,0.0002128268989298309,12527100.0,101600.0,881301104.075,13669079.352500001,XLE,VDE,Energy
2012-01-18,4.263806003286451,4.640537329825382,71.08,103.6,0.016372,0.016484,0.0,0.0,0.01637234574962465,0.016483516483516484,0.0,-0.00011117073389183343,15363000.0,89200.0,863244431.875,13531436.602500001,XLE,VDE,Energy
2012-01-19,4.267877612982976,4.644294740672142,71.37,103.99,0.00408,0.003764,0.0,0.0,0.004079909960607766,0.0037644787644787645,0.0,0.0003154311961290012,13304300.0,104800.0,869976092.125,13620397.1525,XLE,VDE,Energy
2012-01-20,4.268017718062014,4.6434288981051814,71.38,103.9,0.00014,-0.000865,0.0,0.0,0.00014011489421325487,-0.0008654678334455236,0.0,0.0010055827276587784,15395400.0,87600.0,882082235.725,13333775.9525,XLE,VDE,Energy
2012-01-23,4.2759714333333765,4.652626127144386,71.95,104.86,0.007985,0.00924,0.0,0.0,0.007985430092462874,0.009239653512993263,0.0,-0.0012542234205303888,12987100.0,104500.0,887669619.975,13226630.4525,XLE,VDE,Energy
2012-01-24,4.273048472104136,4.649665425874643,71.74,104.55,-0.002919,-0.002956,0.0,0.0,-0.002918693537178732,-0.0029563227160022887,0.0,3.762917882355662e-05,10617200.0,123100.0,887732268.375,13331863.7025,XLE,VDE,Energy
2012-01-25,4.28524036598619,4.663061664403869,72.62,105.96,0.012267,0.013486,0.0,0.0,0.012266517981600361,0.013486370157819226,0.0,-0.0012198521762188646,19638500.0,143800.0,940892505.875,13786262.002500001,XLE,VDE,Energy
2012-01-26,4.27151398062636,4.646983688801502,71.63,104.27,-0.013633,-0.015949,0.0,0.0,-0.013632608096942991,-0.015949414873537182,0.0,0.002316806776594191,16983700.0,160500.0,982075859.625,14172231.9525,XLE,VDE,Energy
2012-01-27,4.2694176902912275,4.646120172317046,71.48,104.18,-0.002094,-0.000863,0.0,0.0,-0.002094094653078319,-0.0008631437613887024,0.0,-0.0012309508916896169,9228200.0,126900.0,976312692.925,13780891.5525,XLE,VDE,Energy
2012-01-30,4.264649766520309,4.640537329825382,71.14,103.6,-0.004757,-0.005567,0.0,0.0,-0.004756575265808618,-0.0055672873872144365,0.0,0.0008107121214058184,13625900.0,138900.0,998145120.025,13856281.5525,XLE,VDE,Energy
2012-01-31,4.258304120182863,4.63336884034677,70.69,102.86,-0.006326,-0.007143,0.0,30858000.0,-0.006325555243182457,0.0102259190456753,-30858000.0,-0.016551474288857757,14680900.0,104200.0,1027269560.775,13615945.1525,XLE,VDE,Energy
2012-02-01,4.262257252536892,4.638508245598602,70.97,103.39,0.003961,0.005153,0.0,0.0,0.0039609562880181075,0.0051526346490375265,0.0,-0.001191678361019419,12780000.0,110900.0,986449595.525,13437542.3025,XLE,VDE,Energy
2012-02-02,4.2698373000603045,4.644294740672142,71.51,103.99,0.007609,0.005803,0.0,0.0,0.007608848809356203,0.0058032691749685655,0.0,0.0018055796343876378,15471200.0,96200.0,991861011.125,13470409.2025,XLE,VDE,Energy
2012-02-03,4.287303782358995,4.66164503291607,72.77,105.81,0.01762,0.017502,0.0,0.0,0.017619913298839184,0.017501682854120588,0.0,0.0001182304447185957,14996600.0,110400.0,1001519678.125,13453151.252500001,XLE,VDE,Energy
2012-02-06,4.299188356364877,4.673482826170178,73.64,107.07,0.011956,0.011908,0.0,0.0,0.011955476157757317,0.011908137227105188,0.0,4.733893065212921e-05,13385500.0,135100.0,1019476899.125,13537631.4025,XLE,VDE,Energy
2012-02-07,4.30433532695801,4.67871800128325,74.02,107.632,0.00516,0.005249,0.0,0.0,0.005160239000543183,0.005248902587092557,0.0,-8.866358654937342e-05,17548900.0,156100.0,1041799538.625,13777249.7625,XLE,VDE,Energy
2012-02-08,4.300952144896211,4.676187673223372,73.77,107.36,-0.003377,-0.002527,0.0,0.0,-0.0033774655498513915,-0.00252712947822209,0.0,-0.0008503360716293016,11028400.0,111300.0,1033799023.225,13667620.4625,XLE,VDE,Energy
2012-02-09,4.3010876921685295,4.676187673223372,73.78,107.36,0.000136,0.0,0.0,0.0,0.00013555645926528398,0.0,0.0,0.00013555645926528398,9605800.0,113000.0,1021776881.425,12503480.5625,XLE,VDE,Energy
2012-02-10,4.291007236286713,4.664853188149265,73.04,106.15,-0.01003,-0.011271,0.0,0.0,-0.010029818378964356,-0.011270491803278689,0.0,0.001240673424314333,14836900.0,122800.0,1007176914.125,12617734.36,XLE,VDE,Energy
2012-02-13,4.298916727950875,4.673482826170178,73.62,107.07,0.007941,0.008667,0.0,0.0,0.00794085432639636,0.008666980687706076,0.0,-0.0007261263613097153,9914300.0,109800.0,987363945.225,12350745.76,XLE,VDE,Energy
2012-02-14,4.300680995219929,4.676187673223372,73.75,107.36,0.001766,0.002709,0.0,0.0,0.0017658245042108122,0.0027085084524143084,0.0,-0.0009426839482034961,14548000.0,82400.0,997205558.3,12275315.36,XLE,VDE,Energy
2012-02-15,4.299052551380625,4.675349020609338,73.63,107.27,-0.001627,-0.000838,0.0,0.0,-0.0016271186440677966,-0.0008383010432190761,0.0,-0.0007888176008487205,14742800.0,121900.0,996881074.5,12467070.01,XLE,VDE,Energy
2012-02-16,4.312006449967072,4.689695141057779,74.59,108.82,0.013038,0.01445,0.0,0.0,0.013038163791932636,0.014449519903048382,0.0,-0.0014113561111157458,18102600.0,114600.0,1016918326.65,12545701.01,XLE,VDE,Energy
2012-02-17,4.315753276242594,4.692997896353612,74.87,109.18,0.003754,0.003308,0.0,0.0,0.0037538544040756133,0.003308215401580592,0.0,0.0004456390024950214,13496900.0,115900.0,1012497789.2,12723317.11,XLE,VDE,Energy
2012-02-21,4.3225419878389895,4.699115798830619,75.38,109.85,0.006812,0.006137,0.0,0.0,0.006811807132362762,0.0061366550650302255,0.0,0.0006751520673325363,14382400.0,199600.0,1019983962.55,13271726.61,XLE,VDE,Energy
2012-02-22,4.3247946887187485,4.701025671631613,75.55,110.06,0.002255,0.001912,0.0,0.0,0.0022552401167418414,0.0019116977696859354,0.0,0.000343542347055906,12342900.0,157600.0,1028525370.9,13495494.16,XLE,VDE,Energy
2012-02-23,4.329811863225142,4.707365698302761,75.93,110.76,0.00503,0.00636,0.0,0.0,0.005029781601588482,0.006360167181537343,0.0,-0.0013303855799488614,14088600.0,100700.0,1010705347.3,13291318.36,XLE,VDE,Energy
2012-02-24,4.333755086000182,4.710970604874303,76.23,111.16,0.003951,0.003611,0.0,0.0,0.003951007506914134,0.0036114120621162874,0.0,0.0003395954447978468,12274900.0,189500.0,996664007.1,13507792.61,XLE,VDE,Energy
2012-02-27,4.330601752681694,4.707636517532581,75.99,110.79,-0.003148,-0.003329,0.0,0.0,-0.0031483667847305493,-0.003328535444404462,0.0,0.0001801686596739128,11183200.0,146400.0,1006172988.7,13657753.309999999,XLE,VDE,Energy
2012-02-28,4.327306422473649,4.704146365070694,75.74,110.404,-0.00329,-0.003484,0.0,0.0,-0.0032899065666535075,-0.003484068959292355,0.0,0.00019416239263884754,16606300.0,130600.0,1020593720.5,13659189.430000002,XLE,VDE,Energy
2012-02-29,4.315886832169337,4.692448194095152,74.88,109.12,-0.011355,-0.01163,1269515520.0,43648000.0,0.16034679504772337,0.011027330547801983,1225867520.0,0.1493194644999214,17246200.0,138300.0,1033273852.25,13877853.63,XLE,VDE,Energy
2012-03-01,4.3254562831854875,4.703022586155596,75.6,110.28,0.009615,0.010631,0.0,0.0,0.009615384615384727,0.01063049853372434,0.0,-0.0010151139183396125,14008500.0,244000.0,1040876152.25,14649972.080000002,XLE,VDE,Energy
2012-03-02,4.314015424057338,4.690797271955528,74.74,108.94,-0.011376,-0.012151,0.0,0.0,-0.011375661375661485,-0.012150888647080159,0.0,0.0007752272714186739,14523000.0,89200.0,1039831327.65,14635652.580000002,XLE,VDE,Energy
2012-03-05,4.307572448748934,4.685920335673201,74.26,108.41,-0.006422,-0.004865,0.0,0.0,-0.0064222638480062,-0.004865063337617037,0.0,-0.0015572005103891631,12685500.0,104800.0,1032367460.05,14619649.780000001,XLE,VDE,Energy
2012-03-06,4.291144138196708,4.667769327744611,73.05,106.46,-0.016294,-0.017987,0.0,0.0,-0.016294101804470888,-0.01798727054699751,0.0,0.0016931687425266219,13867800.0,182600.0,1033734188.55,14868371.73,XLE,VDE,Energy
2012-03-07,4.299459911016919,4.674696248636701,73.66,107.2,0.00835,0.006951,0.0,0.0,0.008350444900752908,0.0069509674995303404,0.0,0.0013994774012225679,14482200.0,60700.0,1022123652.25,14353655.970000003,XLE,VDE,Energy
2012-03-08,4.307572448748934,4.68314922730468,74.26,108.11,0.008146,0.008489,0.0,0.0,0.008145533532446488,0.008488805970149253,0.0,-0.000343272437702765,10299000.0,47900.0,1019685585.85,14015121.020000001,XLE,VDE,Energy
2012-03-09,4.306629370201435,4.683704063642198,74.19,108.17,-0.000943,0.000555,0.0,0.0,-0.0009426339886885041,0.0005549902876699658,0.0,-0.0014976242763584699,14653200.0,71500.0,1038605835.05,13795244.770000001,XLE,VDE,Energy
2012-03-12,4.3010876921685295,4.676653287609955,73.78,107.41,-0.005526,-0.007026,0.0,0.0,-0.005526351260277665,-0.00702597762780808,0.0,0.0014996263675304145,12258700.0,159700.0,1029643820.55,14001152.620000001,XLE,VDE,Energy
2012-03-13,4.3130784050476105,4.690154509893088,74.67,108.87,0.012063,0.013593,0.0,0.0,0.012062889671997831,0.013592775346801974,0.0,-0.001529885674804143,17793200.0,76500.0,1059580194.45,13829766.070000002,XLE,VDE,Energy
2012-03-14,4.303389189156809,4.680277658474897,73.95,107.8,-0.009642,-0.009828,0.0,0.0,-0.009642426677380474,-0.009828235510241572,0.0,0.00018580883286109864,13857600.0,153700.0,1057172920.45,14215885.870000001,XLE,VDE,Energy
2012-03-15,4.305010592025198,4.681668156960816,74.07,107.95,0.001623,0.001391,0.0,0.0,0.0016227180527382242,0.0013914656771799629,0.0,0.0002312523755582613,15177000.0,106100.0,1059105321.75,14134749.970000003,XLE,VDE,Energy
2012-03-16,4.314817884980432,4.694828057918627,74.8,109.38,0.013698,0.013247,0.0,0.0,0.009855542054813128,0.013246873552570634,0.0,-0.0033913314977575063,23591100.0,71900.0,1079822389.05,13904432.470000003,XLE,VDE,Energy
2012-03-19,4.319353040145823,4.701207374185033,75.14,110.08,0.004545,0.0064,0.0,0.0,0.004545454545454545,0.006399707441945511,0.0,-0.0018542528964909655,14206700.0,95400.0,1082671315.8,13796815.970000003,XLE,VDE,Energy
2012-03-20,4.304200219209375,4.685459017216894,74.01,108.36,-0.015039,-0.015625,0.0,0.0,-0.0150385946233696,-0.015625,0.0,0.0005864053766304004,13284800.0,71400.0,1077624452.6,13087358.17,XLE,VDE,Energy
2012-03-21,4.2922386792828595,4.67609452432479,73.13,107.35,-0.01189,-0.009321,0.0,0.0,-0.01189028509660879,-0.00932078257659653,0.0,-0.0025695025200122602,16582600.0,69100.0,1091633424.75,12590979.620000001,XLE,VDE,Energy
2012-03-22,4.2694176902912275,4.653959397776117,71.48,104.9999,-0.022563,-0.021892,0.0,0.0,-0.02256255982496912,-0.02189194224499306,0.0,-0.0006706175799760586,20216500.0,162700.0,1110399825.85,12887477.206500001,XLE,VDE,Energy
2012-03-23,4.280270725719494,4.664853188149265,72.26,106.15,0.010912,0.010953,0.0,0.0,0.01091214325685518,0.010953343765089352,0.0,-4.120050823417168e-05,13222000.0,89500.0,1111385130.5,12309257.456500001,XLE,VDE,Energy
2012-03-26,4.28771595520264,4.673669602412784,72.8,107.09,0.007473,0.008855,0.0,0.0,0.007473014115693214,0.00885539331135186,0.0,-0.0013823791956586468,10189800.0,86300.0,1105985434.1,11960368.006500002,XLE,VDE,Energy
2012-03-27,4.27763786893635,4.662777554588324,72.07,105.9299,-0.010028,-0.010833,0.0,0.0,-0.010027472527472641,-0.010832944252497824,0.0,0.0008054717250251826,12772800.0,89000.0,1089124160.8,11710817.9415,XLE,VDE,Energy
2012-03-28,4.26507138131118,4.649033949634479,71.17,104.484,-0.012488,-0.01365,0.0,0.0,-0.012487859025946882,-0.013649592796745847,0.0,0.0011617337707989644,15285300.0,202600.0,1078947128.05,12014676.061500002,XLE,VDE,Energy
2012-03-29,4.26507138131118,4.649091373046019,71.17,104.49,0.0,5.7e-05,0.0,0.0,0.0,5.742506029631331e-05,0.0,-5.742506029631331e-05,16330200.0,81700.0,1084106014.75,11096101.7115,XLE,VDE,Energy
2012-03-30,4.273187854639731,4.655673168161198,71.75,105.18,0.00815,0.006604,-301350000.0,-10518000.0,-0.028806770778516448,0.0009639514768893803,-290832000.0,-0.029770722255405828,12753300.0,77400.0,1075586027.5,11017275.911500001,XLE,VDE,Energy
2012-04-02,4.282896668766692,4.665606554791922,72.45,106.23,0.009756,0.009983,0.0,0.0,0.00975609756097561,0.009982886480319324,0.0,-0.00022678891934371434,17888100.0,98300.0,1093284408.25,10971327.9615,XLE,VDE,Energy
2012-04-03,4.274162988797936,4.657762636107262,71.82,105.4,-0.008696,-0.007813,0.0,0.0,-0.008695652173913163,-0.00781323543255201,0.0,-0.0008824167413611535,13995200.0,227500.0,1092889031.95,11198273.161500001,XLE,VDE,Energy
2012-04-04,4.2612704335380815,4.643621372362344,70.9,103.92,-0.01281,-0.014042,0.0,0.0,-0.012809802283486256,-0.014041745730550285,0.0,0.0012319434470640291,15830300.0,126900.0,1095669502.85,11532293.561500002,XLE,VDE,Energy
2012-04-05,4.255612709818223,4.637443746538387,70.5,103.28,-0.005642,-0.006159,0.0,0.0,-0.005641748942172195,-0.006158583525789068,0.0,0.0005168345836168734,9578800.0,106900.0,1091194585.85,11825401.7115,XLE,VDE,Energy
2012-04-09,4.242908235180575,4.625070847694428,69.61,102.01,-0.012624,-0.012297,0.0,0.0,-0.012624113475177305,-0.012296669248644462,0.0,-0.0003274442265328425,14430300.0,112100.0,1087063199.6,12010460.011500001,XLE,VDE,Energy
2012-04-10,4.223074864702448,4.603769205072463,68.243,99.86,-0.019638,-0.021076,0.0,0.0,-0.01963798304841271,-0.0210763650622488,0.0,0.0014383820138360905,21953200.0,120500.0,1116748466.6799998,11754447.661500001,XLE,VDE,Energy
2012-04-11,4.223323943478561,4.603869340255043,68.26,99.87,0.000249,0.0001,0.0,0.0,0.00024910979880745694,0.0001001401962747847,0.0,0.00014896960253267224,12826700.0,95100.0,1094095081.58,11812901.761500001,XLE,VDE,Energy
2012-04-12,4.244917420701475,4.6257568195964796,69.75,102.08,0.021828,0.022129,0.0,0.0,0.021828303545267963,0.022128767397616902,0.0,-0.00030046385234893877,15058800.0,86800.0,1095374170.58,11427485.9615,XLE,VDE,Energy
2012-04-13,4.229749199228304,4.610257225036649,68.7,100.51,-0.015054,-0.01538,0.0,0.0,-0.015053763440860216,-0.015380094043887148,0.0,0.0003263306030269319,13108800.0,260100.0,1084194879.08,12161943.761500001,XLE,VDE,Energy
2012-04-16,4.223030903183424,4.604670060946409,68.24,99.95,-0.006696,-0.005572,0.0,0.0,-0.006695778748180621,-0.005571584916923689,0.0,-0.001124193831256932,15125400.0,114800.0,1047572029.8799999,12342435.661500001,XLE,VDE,Energy
2012-04-17,4.239166146760841,4.6207482159514095,69.35,101.57,0.016266,0.016208,0.0,0.0,0.016266119577960144,0.016208104052025878,0.0,5.8015525934266426e-05,12757000.0,88900.0,1038432355.4799999,12268832.7115,XLE,VDE,Energy
2012-04-18,4.237145360853772,4.618579872898009,69.21,101.35,-0.002019,-0.002166,0.0,0.0,-0.0020187454938716655,-0.0021659938958352525,0.0,0.00014724840196358698,10794400.0,65900.0,1026625974.28,12215935.761500001,XLE,VDE,Energy
2012-04-19,4.2358441244958005,4.616999937741668,69.12,101.19,-0.0013,-0.001579,0.0,0.0,-0.001300390117034861,-0.0015786877158362111,0.0,0.00027829759880135013,20974600.0,126000.0,1038479914.9799999,12482538.511500001,XLE,VDE,Energy
2012-04-20,4.233526626355437,4.614526280912116,68.96,100.94,-0.002315,-0.002471,0.0,0.0,-0.0023148148148150645,-0.002470599861646408,0.0,0.00015578504683134336,15100000.0,70100.0,1018290943.9799999,11982159.025,XLE,VDE,Energy
2012-04-23,4.232511029605105,4.6137334166485795,68.89,100.86,-0.001015,-0.000793,0.0,0.0,-0.0010150812064963946,-0.0007925500297206261,0.0,-0.0002225311767757685,17028200.0,203300.0,1029173492.8799999,12532379.675,XLE,VDE,Energy
2012-04-24,4.239886867512759,4.620058798481842,69.4,101.5,0.007403,0.006345,0.0,0.0,0.007403106401509778,0.006345429307951616,0.0,0.001057677093558162,9915700.0,78100.0,1026490099.8799999,12466643.825,XLE,VDE,Energy
2012-04-25,4.249780130512233,4.6315199613108735,70.09,102.67,0.009942,0.011527,0.0,0.0,0.009942363112391805,0.011527093596059114,0.0,-0.0015847304836673088,14643000.0,79600.0,1031779708.5799999,12403882.37,XLE,VDE,Energy
2012-04-26,4.260282639765531,4.640826863196126,70.83,103.63,0.010558,0.00935,0.0,0.0,0.010557854187473249,0.009350345767994546,0.0,0.001207508419478703,11231400.0,89400.0,1017162971.6299999,11808685.55,XLE,VDE,Energy
2012-04-27,4.259859000699674,4.640537329825382,70.8,103.6,-0.000424,-0.000289,0.0,0.0,-0.00042354934349851756,-0.00028949146000192995,0.0,-0.0001340578834965876,6712700.0,69900.0,982814912.93,11743925.9,XLE,VDE,Energy
2012-04-30,4.266054458421461,4.644967655862158,71.24,104.06,0.006215,0.00444,-103298000.0,41832120.0,-0.00700410591661706,0.02718988355643942,-145130120.0,-0.03419398947305648,7609000.0,108000.0,964165707.18,11898803.3,XLE,VDE,Energy
2012-05-01,4.280270725719494,4.657383057435026,72.26,105.36,0.014318,0.012493,0.0,0.0,0.014317798989332083,0.012492792619642513,0.0,0.0018250063696895694,14256300.0,154400.0,950874076.8299999,12190062.05,XLE,VDE,Energy
2012-05-02,4.263806003286451,4.641212777335021,71.08,103.67,-0.01633,-0.01604,0.0,0.0,-0.01632991973429295,-0.016040242976461654,0.0,-0.00028967675783129684,12082300.0,71200.0,943557807.8299999,11360202.25,XLE,VDE,Energy
2012-05-03,4.247067079853906,4.623991940228679,69.9001,101.9,-0.0166,-0.017073,0.0,0.0,-0.016599606077659024,-0.01707340599980708,0.0,0.0004737999221480563,16040700.0,64900.0,943501721.0335,11031495.35,XLE,VDE,Energy
2012-05-04,4.223909766576744,4.601764392853259,68.3,99.66,-0.022891,-0.021982,0.0,0.0,-0.022891240498940583,-0.02198233562315996,0.0,-0.0009089048757806237,22188700.0,118800.0,985510861.5335,11071444.15,XLE,VDE,Energy
2012-05-07,4.220977213155467,4.599956618935204,68.1,99.48,-0.002928,-0.001806,0.0,0.0,-0.0029282576866765555,-0.001806140878988561,0.0,-0.0011221168076879944,15208000.0,82200.0,987069442.3834999,10908540.9,XLE,VDE,Energy
2012-05-08,4.217741440366026,4.595927604621159,67.88,99.08,-0.003231,-0.004021,0.0,0.0,-0.0032305433186490457,-0.004020908725371934,0.0,0.0007903654067228879,25178800.0,144300.0,997618678.2035,11021746.6,XLE,VDE,Energy
2012-05-09,4.212868064406208,4.589447225522855,67.55,98.44,-0.004861,-0.006459,0.0,0.0,-0.004861520329993979,-0.006459426725878078,0.0,0.0015979063958840994,21955900.0,198400.0,1027997203.3535,11523389.55,XLE,VDE,Energy
2012-05-10,4.2171519914836475,4.594614672048575,67.84,98.95,0.004293,0.005181,0.0,0.0,0.004293116210214656,0.005180820804550995,0.0,-0.0008877045943363393,12308800.0,85400.0,1017231087.9535,11502878.85,XLE,VDE,Energy
2012-05-11,4.209754413732928,4.58751525074937,67.34,98.25,-0.00737,-0.007074,0.0,0.0,-0.007370283018867925,-0.007074279939363315,0.0,-0.0002960030795046099,10303400.0,72100.0,1006893907.7535,10549937.55,XLE,VDE,Energy
2012-05-14,4.1929825321191005,4.570371680445396,66.22,96.58,-0.016632,-0.016997,0.0,0.0,-0.016632016632016633,-0.016997455470737912,0.0,0.0003654388387212791,13553000.0,217500.0,1000160025.9535,11026532.05,XLE,VDE,Energy
2012-05-15,4.176201008691933,4.553666343120976,65.118,94.98,-0.016642,-0.016567,0.0,0.0,-0.016641498036847006,-0.016566576931041622,0.0,-7.492110580538391e-05,16977900.0,329100.0,1011203473.0635,12137949.3,XLE,VDE,Energy
2012-05-16,4.1705337005796475,4.549128795104466,64.75,94.55,-0.005651,-0.004527,0.0,0.0,-0.00565127921619201,-0.004527268898715519,0.0,-0.0011240103174764912,16516300.0,133500.0,1027320973.1135,12435122.3,XLE,VDE,Energy
2012-05-17,4.16418152181088,4.541804310366271,64.34,93.86,-0.006332,-0.007298,0.0,0.0,-0.006332046332046332,-0.007297726070861978,0.0,0.0009656797388156455,19182300.0,174100.0,1016542214.6135,12614676.6,XLE,VDE,Energy
2012-05-18,4.157945143631696,4.534103737554231,63.94,93.14,-0.006217,-0.007671,0.0,0.0,-0.006216972334473112,-0.0076709993607500535,0.0,0.0014540270262769417,18484600.0,122600.0,1023572680.8135,12831830.1,XLE,VDE,Energy
2012-05-21,4.180675151973121,4.558916801470629,65.41,95.48,0.02299,0.025124,0.0,0.0,0.022990303409446355,0.025123470045093407,0.0,-0.002133166635647051,13670500.0,99100.0,1009628416.1635001,12279691.6,XLE,VDE,Energy
2012-05-22,4.178226046202803,4.554403068934438,65.25,95.05,-0.002446,-0.004504,0.0,0.0,-0.002446109157621159,-0.004503560955173859,0.0,0.0020574517975526997,21336200.0,134100.0,1044830289.6635001,12520644.35,XLE,VDE,Energy
2012-05-23,4.181897459229962,4.55870731157775,65.49,95.46,0.003678,0.004313,0.0,0.0,0.0036781609195400957,0.004313519200420831,0.0,-0.0006353582808807353,18880900.0,196600.0,1055339403.2135,13050389.55,XLE,VDE,Energy
2012-05-24,4.181133692294492,4.555874894263214,65.44,95.19,-0.000763,-0.002828,0.0,0.0,-0.0007634753397463926,-0.0028284098051539913,0.0,0.002064934465407599,18681900.0,123400.0,1076690576.9135,13174485.75,XLE,VDE,Energy
2012-05-25,4.17638527255831,4.5531397778937075,65.13,94.93,-0.004737,-0.002731,0.0,0.0,-0.004737163814181063,-0.00273137934656988,0.0,-0.002005784467611183,8014700.0,104100.0,1079027489.4635,13306514.4,XLE,VDE,Energy
2012-05-29,4.1929825321191005,4.568713648977476,66.22,96.42,0.016736,0.015696,0.0,0.0,0.016735759250729447,0.01569577583482552,0.0,0.0010399834159039271,14054000.0,84300.0,1098457025.4635,13151000.7,XLE,VDE,Energy
2012-05-30,4.161847435323687,4.538175317163813,64.19,93.52,-0.030655,-0.030077,0.0,0.0,-0.0306553911205074,-0.03007674756274632,0.0,-0.0005786435577610806,23235100.0,131000.0,1121522067.0135,12950177.5,XLE,VDE,Energy
2012-05-31,4.1530850572447005,4.527532916260939,63.63,92.53,-0.008724,-0.010586,-699930000.0,0.0,-0.10883091697363488,-0.010585970915312232,-699930000.0,-0.09824494605832265,26688400.0,192400.0,1163490717.4135,13471250.9,XLE,VDE,Energy
2012-06-01,4.127779338308338,4.502583597212991,62.04,90.25,-0.024988,-0.024641,0.0,0.0,-0.02498821310702499,-0.024640657084188913,0.0,-0.00034755602283607565,19512200.0,179100.0,1167955235.1100001,13948774.15,XLE,VDE,Energy
2012-06-04,4.126973081713828,4.500809170663349,61.99,90.09,-0.000806,-0.001773,0.0,0.0,-0.0008059316569954867,-0.0017728531855955678,0.0,0.0009669215286000811,19038200.0,162500.0,1151189725.51,14088775.0,XLE,VDE,Energy
2012-06-05,4.135486505553276,4.5103099049641315,62.52,90.95,0.00855,0.009546,0.0,0.0,0.008549766091305049,0.009546009546009546,0.0,-0.000996243454704497,15802300.0,131200.0,1148804475.31,14276544.2,XLE,VDE,Energy
2012-06-06,4.165889729385197,4.540844975431534,64.45,93.77,0.03087,0.031006,0.0,0.0,0.030870121561100448,0.031006047278724573,0.0,-0.00013592571762412534,20785600.0,124500.0,1130329224.1100001,14145400.25,XLE,VDE,Energy
2012-06-07,4.166510173022286,4.542123884270456,64.49,93.89,0.000621,0.00128,0.0,0.0,0.0006206361520557062,0.0012797269915751307,0.0,-0.0006590908395194246,14686900.0,187600.0,1103531080.91,14049563.65,XLE,VDE,Energy
2012-06-08,4.1666652238017265,4.541378052900312,64.5,93.82,0.000155,-0.000746,0.0,0.0,0.00015506280043432687,-0.0007455533070615948,0.0,0.0009006161074959217,15585700.0,347800.0,1112043513.81,15258576.95,XLE,VDE,Energy
2012-06-11,4.152927886320998,4.527316746783227,63.62,92.51,-0.013643,-0.013963,0.0,0.0,-0.013643410852713178,-0.013962907695587157,0.0,0.00031949684287397966,16148900.0,127600.0,1128721616.91,15494599.5,XLE,VDE,Energy
2012-06-12,4.166975253257008,4.540418308758395,64.52,93.73,0.014147,0.013188,0.0,0.0,0.014146494812951903,0.013187763485028646,0.0,0.0009587313279232571,14517200.0,109500.0,1130680121.1100001,14957463.75,XLE,VDE,Energy
2012-06-13,4.154184562578117,4.527857082885421,63.7,92.56,-0.012709,-0.012483,0.0,0.0,-0.012709237445753255,-0.012482662968099861,0.0,-0.0002265744776533945,12172600.0,86800.0,1114171507.5,13796278.25,XLE,VDE,Energy
2012-06-14,4.169761201506855,4.544464310870697,64.7,94.11,0.015699,0.016746,0.0,0.0,0.015698587127158554,0.01674589455488332,0.0,-0.0010473074277247661,14564600.0,79400.0,1107816467.25,13538773.7,XLE,VDE,Energy
2012-06-15,4.183880527532955,4.562888793731485,65.62,95.86,0.019028,0.018595,0.0,0.0,0.014219474497681607,0.018595260864945277,0.0,-0.00437578636726367,15501000.0,146500.0,1096965789.15,13423896.9,XLE,VDE,Energy
2012-06-18,4.174848701881061,4.553034431567563,65.03,94.92,-0.008991,-0.009806,0.0,0.0,-0.008991161231331911,-0.009805967035259754,0.0,0.0008148058039278427,14037500.0,98300.0,1083513454.2,13319480.499999998,XLE,VDE,Energy
2012-06-19,4.1892000932347795,4.56954300834494,65.97,96.5,0.014455,0.016646,0.0,0.0,0.014454866984468706,0.016645596291613992,0.0,-0.0021907293071452855,15372900.0,122100.0,1089511594.6,13435509.6,XLE,VDE,Energy
2012-06-20,4.1852511209097765,4.565493368835193,65.71,96.11,-0.003941,-0.004041,0.0,0.0,-0.003941185387297404,-0.004041450777202073,0.0,0.00010026538990466887,17625500.0,75300.0,1077810822.35,13160053.5,XLE,VDE,Energy
2012-06-21,4.143452136329128,4.52189726679427,63.02,92.01,-0.040937,-0.042659,0.0,0.0,-0.04093745244255046,-0.04265945271043596,0.0,0.0017220002678854998,18964800.0,161000.0,1075743400.1,12962362.2,XLE,VDE,Energy
2012-06-22,4.150094577326593,4.5301233116651805,63.44,92.77,0.006665,0.00826,0.0,0.0,0.006664550936210727,0.008259971742201935,0.0,-0.001595420805991208,20065300.0,90300.0,1078263354.9,12793896.45,XLE,VDE,Energy
2012-06-25,4.127456913672303,4.507667604626853,62.02,90.71,-0.022383,-0.022205,0.0,0.0,-0.022383354350567465,-0.022205454349466424,0.0,-0.00017790000110104107,15558100.0,169800.0,1100409152.45,13069913.7,XLE,VDE,Energy
2012-06-26,4.138201945285877,4.518413322061809,62.69,91.69,0.010803,0.010804,0.0,0.0,0.010802966784908094,0.0108036600154338,0.0,-6.932305257056903e-07,14262200.0,112300.0,1098581224.35,13178342.75,XLE,VDE,Energy
2012-06-27,4.158726821151369,4.538923540169165,63.99,93.59,0.020737,0.020722,0.0,0.0,0.020736959642686233,0.020721998036863344,0.0,1.4961605822889218e-05,11658100.0,78900.0,1061308261.85,12934999.3,XLE,VDE,Energy
2012-06-28,4.1655793631505516,4.546375139477586,64.43,94.29,0.006876,0.007479,0.0,0.0,0.006876074386623062,0.0074794315632011965,0.0,-0.0006033571765781346,16527900.0,84900.0,1029643747.1,12445121.75,XLE,VDE,Energy
2012-06-29,4.195245147157833,4.577696208987336,66.37,97.29,0.03011,0.031817,378309000.0,29187000.000000004,0.09007127022642693,0.04887061807115909,349122000.0,0.04120065215526784,21747800.0,194800.0,1041286977.0,12584537.6,XLE,VDE,Energy
2012-07-02,4.1956970564823886,4.578928874782864,66.4,97.41,0.000452,0.001233,0.0,0.0,0.0004520114509568962,0.0012334258402713536,0.0,-0.0007814143893144574,14556200.0,168200.0,1030604660.1,12671774.45,XLE,VDE,Energy
2012-07-03,4.219360635538369,4.6016640466588035,67.99,99.65,0.023946,0.022996,0.0,0.0,0.02394578313252984,0.022995585668822503,0.0,0.0009501974637073363,15693500.0,87300.0,1034556723.55,12510114.7,XLE,VDE,Energy
2012-07-05,4.206184043977636,4.588939172877674,67.1,98.39,-0.01309,-0.012644,0.0,0.0,-0.013090160317693781,-0.012644254892122429,0.0,-0.0004459054255713524,12141200.0,125100.0,1008308853.55,12541825.9,XLE,VDE,Energy
2012-07-06,4.1940390562533,4.577490616881349,66.29,97.27,-0.012072,-0.011383,0.0,0.0,-0.012071535022354422,-0.011383270657587154,0.0,-0.0006882643647672677,11191100.0,94000.0,998043845.45,12118306.7,XLE,VDE,Energy
2012-07-09,4.18950321539533,4.572543683160998,65.99,96.79,-0.004526,-0.004935,0.0,0.0,-0.004525569467491603,-0.004934717795826051,0.0,0.000409148328334448,9564300.0,98600.0,979337370.8,10963951.6,XLE,VDE,Energy
2012-07-10,4.173771695853422,4.556190003766373,64.96,95.22,-0.015608,-0.016221,0.0,0.0,-0.015608425519018036,-0.016220683954954025,0.0,0.0006122584359359896,18801500.0,149900.0,989034991.9,11087411.7,XLE,VDE,Energy
2012-07-11,4.187227556368814,4.569646629919045,65.84,96.51,0.013547,0.013548,0.0,0.0,0.013546798029556793,0.013547574039067423,0.0,-7.760095106293385e-07,20965300.0,187700.0,1011220272.3,11479986.3,XLE,VDE,Energy
2012-07-12,4.183880527532955,4.564035642629537,65.62,95.97,-0.003341,-0.005595,0.0,0.0,-0.003341433778857837,-0.005595275101025801,0.0,0.0022538413221679637,19368700.0,170400.0,1035999246.0,11895940.3,XLE,VDE,Energy
2012-07-13,4.201253877869777,4.5810823904590015,66.77,97.62,0.017525,0.017193,0.0,0.0,0.01752514477293508,0.017192872772741483,0.0,0.00033227200019359665,10209900.0,135500.0,1022968516.15,12183699.1,XLE,VDE,Energy
2012-07-16,4.204543354520176,4.585069514281089,66.99,98.01,0.003295,0.003995,0.0,0.0,0.0032948929159800928,0.003995082974800246,0.0,-0.0007001900588201534,11335700.0,119800.0,1010078662.3,12068604.5,XLE,VDE,Energy
2012-07-17,4.217004574957988,4.5974403879261505,67.83,99.23,0.012539,0.012448,0.0,0.0,0.012539184952978195,0.012447709417406387,0.0,9.147553557180797e-05,17984900.0,133900.0,1025431519.4,12266417.55,XLE,VDE,Energy
2012-07-18,4.225665179549459,4.605070180987758,68.42,99.99,0.008698,0.007659,0.0,0.0,0.008698216128556686,0.007658974100574423,0.0,0.0010392420279822633,15518200.0,106900.0,1027811770.95,12211731.6,XLE,VDE,Energy
2012-07-19,4.2287297569205435,4.608065989100117,68.63,100.29,0.003069,0.003,0.0,0.0,0.0030692779888921366,0.003000300030003,0.0,6.897795888913651e-05,13990100.0,89200.0,1017910218.85,12297170.85,XLE,VDE,Energy
2012-07-20,4.2310583855379225,4.609660091260944,68.79,100.45,0.002331,0.001595,0.0,0.0,0.0023313419787266386,0.0015953734170904377,0.0,0.0007359685616362009,13664900.0,79800.0,1005152557.6,11957285.85,XLE,VDE,Energy
2012-07-23,4.221417644785577,4.597037202757902,68.13,99.19,-0.009594,-0.012544,0.0,0.0,-0.00959441779328404,-0.012543554006968641,0.0,0.002949136213684601,12720400.0,111600.0,984837468.6,12091909.5,XLE,VDE,Energy
2012-07-24,4.205289456173828,4.5821062463895395,67.04,97.72,-0.015999,-0.01482,0.0,0.0,-0.015998825774254967,-0.014820042342978124,0.0,-0.0011787834312768433,12658900.0,97100.0,979024433.3,11796212.2,XLE,VDE,Energy
2012-07-25,4.206035001574797,4.581287245524759,67.09,97.64,0.000746,-0.000819,0.0,0.0,0.0007458233890213423,-0.0008186655751125665,0.0,0.0015644889641339087,9499500.0,137900.0,966185640.15,11954600.65,XLE,VDE,Energy
2012-07-26,4.23410650459726,4.606868742623673,69.0,100.17,0.028469,0.025912,0.0,0.0,0.0284692204501416,0.02591151167554281,0.0,0.00255770877459879,14040900.0,161400.0,977326654.2,12393760.0,XLE,VDE,Energy
2012-07-27,4.251633170740286,4.62477671562701,70.22,101.98,0.017681,0.018069,0.0,0.0,0.017681159420289853,0.018069282220225618,0.0,-0.0003881227999357646,15360300.0,192100.0,978012037.65,12973016.85,XLE,VDE,Energy
2012-07-30,4.254477313726906,4.628496011291588,70.42,102.36,0.002848,0.003726,0.0,0.0,0.0028481913984619764,0.0037262208276132576,0.0,-0.0008780294291512811,9733700.0,130600.0,940114321.05,12693823.05,XLE,VDE,Energy
2012-07-31,4.243482700225814,4.616110126026426,69.65,101.1,-0.010934,-0.01231,-163677500.0,10110000.0,-0.03336456594333469,-0.006956449969225545,-173787500.0,-0.026408115974109143,12016100.0,136000.0,933633805.3,12562084.95,XLE,VDE,Energy
2012-08-01,4.248352374701448,4.6203543213131315,69.99,101.53,0.004882,0.004253,0.0,0.0,0.0048815506101935555,0.004253214638971316,0.0,0.0006283359712222396,16144600.0,41800.0,936781779.75,12339310.4,XLE,VDE,Energy
2012-08-02,4.231494400369335,4.6016640466588035,68.82,99.65,-0.016717,-0.018517,0.0,0.0,-0.016716673810544366,-0.0185166945730326,0.0,0.0018000207624882351,15442500.0,91200.0,949185696.25,12178284.95,XLE,VDE,Energy
2012-08-03,4.254761283628006,4.625364893273611,70.44,102.04,0.02354,0.023984,0.0,0.0,0.023539668700959162,0.02398394380331159,0.0,-0.00044427510235242954,14382300.0,87600.0,962747255.9,12168051.15,XLE,VDE,Energy
2012-08-06,4.257454983420831,4.628593700931679,70.63,102.37,0.002697,0.003234,0.0,0.0,0.0026973310618966496,0.003234025872206978,0.0,-0.0005366948103103283,5936600.0,74900.0,952154950.95,12074252.1,XLE,VDE,Energy
2012-08-07,4.272351267864781,4.64333264708244,71.69,103.89,0.015008,0.014848,0.0,0.0,0.015007787059323234,0.01484810002930546,0.0,0.00015968703001777336,12251100.0,104600.0,935001746.9,11903922.9,XLE,VDE,Energy
2012-08-08,4.273187854639731,4.6441985729555695,71.75,103.98,0.000837,0.000866,0.0,0.0,0.0008369368112707491,0.0008663008951775916,0.0,-2.936408390684256e-05,9500000.0,59600.0,900065229.3,11308036.95,XLE,VDE,Energy
2012-08-09,4.27999390910873,4.649856703610498,72.24,104.57,0.006829,0.005674,0.0,0.0,0.006829268292682796,0.005674168109251656,0.0,0.0011551001834311401,11984300.0,72300.0,879803816.2,10868393.1,XLE,VDE,Energy
2012-08-10,4.281791848878036,4.653293461169819,72.37,104.93,0.0018,0.003443,0.0,0.0,0.0017995570321153022,0.0034426699818305992,0.0,-0.001643112949715297,11315800.0,53500.0,886664287.35,10487705.35,XLE,VDE,Energy
2012-08-13,4.278054044290903,4.647558952479878,72.1,104.33,-0.003731,-0.005718,0.0,0.0,-0.003730827691032326,-0.005718097779472151,0.0,0.001987270088439825,8289100.0,49800.0,878577565.7,10160407.15,XLE,VDE,Energy
2012-08-14,4.276249365519713,4.647654797594247,71.97,104.34,-0.001803,9.6e-05,0.0,0.0,-0.001803051317614294,9.584970765839164e-05,0.0,-0.0018989010252726856,7123100.0,83200.0,843214252.7,9930116.7,XLE,VDE,Energy
2012-08-15,4.2761104090823325,4.6470699994527696,71.96,104.279,-0.000139,-0.000585,0.0,0.0,-0.00013894678338209556,-0.0005846271803718612,0.0,0.00044568039698976566,6533100.0,71900.0,813632584.3,9770553.155000001,XLE,VDE,Energy
2012-08-16,4.28496492183075,4.6570982788484505,72.6,105.33,0.008894,0.010079,0.0,0.0,0.008893829905503059,0.010078731096385657,0.0,-0.0011849011908825983,6884900.0,107600.0,790617743.15,9889935.155000001,XLE,VDE,Energy
2012-08-17,4.284551613290046,4.655007420835263,72.57,105.11,-0.000413,-0.002089,0.0,0.0,-0.0004132231404958678,-0.0020886736922054497,0.0,0.0016754505517095819,12104100.0,99500.0,787537046.45,10012061.905000001,XLE,VDE,Energy
2012-08-20,4.281100716083921,4.65195834748685,72.32,104.79,-0.003445,-0.003044,0.0,0.0,-0.003444949703734326,-0.0030444296451336695,0.0,-0.0004005200586006566,5567700.0,97800.0,764337807.05,9971004.805000002,XLE,VDE,Energy
2012-08-21,4.277915338416487,4.648899948849417,72.09,104.47,-0.00318,-0.003054,0.0,0.0,-0.0031803097345131444,-0.0030537265006202884,0.0,-0.00012658323389285603,8730300.0,84000.0,753373540.6,9935348.205000002,XLE,VDE,Energy
2012-08-22,4.281653660527095,4.651767471364874,72.36,104.77,0.003745,0.002872,0.0,0.0,0.003745318352059925,0.0028716377907533263,0.0,0.0008736805613065988,8538700.0,121800.0,752400484.45,9900169.705000002,XLE,VDE,Energy
2012-08-23,4.270466384762839,4.640247712600788,71.555,103.57,-0.011125,-0.011454,0.0,0.0,-0.011124930901050174,-0.011453660398969293,0.0,0.00032872949791911896,7328700.0,188300.0,730179635.875,10066909.355,XLE,VDE,Energy
2012-08-24,4.276388302650885,4.646408094004336,71.98,104.21,0.00594,0.006179,0.0,0.0,0.005939487107819027,0.006179395577870165,0.0,-0.00023990847005113738,7493100.0,80900.0,703217289.475,9508920.905000001,XLE,VDE,Energy
2012-08-27,4.276804998260776,4.6450637496497675,72.01,104.07,0.000417,-0.001343,0.0,0.0,0.0004167824395666771,-0.0013434411284906714,0.0,0.0017602235680573486,6067900.0,101300.0,690792405.725,9367624.655000001,XLE,VDE,Energy
2012-08-28,4.277499105319947,4.6466959328165895,72.06,104.24,0.000694,0.001634,0.0,0.0,0.0006943480072210884,0.0016335159027578829,0.0,-0.0009391678955367944,6820800.0,103600.0,673521679.875,9220107.855,XLE,VDE,Energy
2012-08-29,4.2708157053378795,4.641116312761561,71.58,103.66,-0.006661,-0.005564,0.0,0.0,-0.006661115736885929,-0.005564082885648503,0.0,-0.0010970328512374256,6351800.0,72900.0,639756744.375,9385750.855,XLE,VDE,Energy
2012-08-30,4.2601414466837575,4.629179638448443,70.82,102.43,-0.010618,-0.011866,0.0,0.0,-0.01061749091925132,-0.011865714836966884,0.0,0.0012482239177155647,7785400.0,108100.0,614187203.275,9484981.005,XLE,VDE,Energy
2012-08-31,4.270116942120293,4.638121286127777,71.53,103.35,0.010025,0.008982,386262000.0,0.0,0.06388067307450845,0.008981743629795832,386262000.0,0.05489892944471262,10149800.0,131600.0,599833502.375,9718088.805000002,XLE,VDE,Energy
2012-09-04,4.2623981472183505,4.632298853376344,70.98,102.75,-0.007689,-0.005806,0.0,0.0,-0.007689081504263945,-0.005805515239477504,0.0,-0.0018835662647864416,8775500.0,102300.0,610012648.975,9860279.405000001,XLE,VDE,Energy
2012-09-05,4.25858700561615,4.630252966355554,70.71,102.54,-0.003804,-0.002044,0.0,0.0,-0.0038038884192731605,-0.0020437956204379564,0.0,-0.0017600927988352041,7226600.0,140200.0,591648225.325,10035740.105,XLE,VDE,Energy
2012-09-06,4.279440045898781,4.6504303173929555,72.2,104.63,0.021072,0.020382,0.0,0.0,0.02107198416065633,0.020382289838111956,0.0,0.0006896943225443743,13522500.0,96600.0,606383200.325,10231242.605,XLE,VDE,Energy
2012-09-07,4.296604902619887,4.667769327744611,73.45,106.46,0.017313,0.01749,0.0,0.0,0.01731301939058172,0.01749020357450062,0.0,-0.0001771841839189013,13423900.0,119000.0,612395181.475,10486659.055000002,XLE,VDE,Energy
2012-09-10,4.2922386792828595,4.662778498608405,73.13,105.93,-0.004357,-0.004978,0.0,0.0,-0.004356705241661115,-0.004978395641555393,0.0,0.0006216903998942777,5842400.0,99200.0,592811694.775,10731384.105,XLE,VDE,Energy
2012-09-11,4.302848136796795,4.672828834461906,73.91,107.0,0.010666,0.010101,0.0,0.0,0.010665937371803762,0.010101010101009979,0.0,0.000564927270793783,7505700.0,101100.0,590666803.625,11012487.405000001,XLE,VDE,Energy
2012-09-12,4.308918162853243,4.677397819984972,74.36,107.49,0.006088,0.004579,0.0,0.0,0.006088485996482208,0.004579439252336449,0.0,0.001509046744145759,8342600.0,112300.0,596052115.075,11181989.355,XLE,VDE,Energy
2012-09-13,4.325059379032629,4.696563614417302,75.57,109.57,0.016272,0.019351,0.0,0.0,0.016272189349112304,0.019350637268583003,0.0,-0.003078447919470699,14177200.0,311100.0,626114571.475,12511467.7,XLE,VDE,Energy
2012-09-14,4.338205355125032,4.711600129603938,76.57,111.23,0.013233,0.01515,0.0,0.0,0.013232764324467383,0.015150132335493411,0.0,-0.0019173680110260282,15240200.0,214900.0,659469490.175,13139958.65,XLE,VDE,Energy
2012-09-17,4.330601752681694,4.7026598072653485,75.99,110.24,-0.007575,-0.008901,0.0,0.0,-0.00757476818597362,-0.008900476490155533,0.0,0.0013257083041819133,10183500.0,160600.0,654241971.575,13502263.6,XLE,VDE,Energy
2012-09-18,4.323470185213858,4.693547296605504,75.45,109.24,-0.007106,-0.009071,0.0,0.0,-0.007106198183971458,-0.009071117561683599,0.0,0.001964919377712141,9920100.0,163100.0,671532745.625,13880692.7,XLE,VDE,Energy
2012-09-19,4.313747793920587,4.684720464746101,74.72,108.28,-0.009675,-0.008788,0.0,0.0,-0.009675281643472498,-0.008787989747345295,0.0,-0.0008872918961272038,14808300.0,170900.0,695388188.075,14367171.3,XLE,VDE,Energy
2012-09-20,4.31653699469949,4.688039663810386,74.9287,108.64,0.002793,0.003325,0.0,0.0,0.002793094218415561,0.0033247137052087182,0.0,-0.0005316194867931571,11743800.0,130000.0,708492554.828,14435282.0,XLE,VDE,Energy
2012-09-21,4.313145364102174,4.690154509893088,74.675,108.87,0.001068,0.002117,0.0,0.0,-0.0033858855151632245,0.002117083946980854,0.0,-0.005502969462144078,12699800.0,157000.0,729690176.653,14314799.95,XLE,VDE,Energy
2012-09-24,4.308110951723713,4.6845357413688316,74.3,108.26,-0.005022,-0.005603,0.0,0.0,-0.0050217609641781055,-0.005603012767520897,0.0,0.0005812518033427912,7390400.0,85200.0,730177845.753,14354458.1,XLE,VDE,Energy
2012-09-25,4.297081303758648,4.673576218652152,73.485,107.08,-0.010969,-0.0109,0.0,0.0,-0.010969044414535667,-0.01089968594125254,0.0,-6.93584732831265e-05,13493200.0,136700.0,757907761.903,14559235.35,XLE,VDE,Energy
2012-09-26,4.287578583130166,4.663250397064616,72.79,105.98,-0.009458,-0.010273,0.0,0.0,-0.009457712458324706,-0.010272693313410535,0.0,0.0008149808550858284,15804300.0,222400.0,790852169.3529999,15197769.75,XLE,VDE,Energy
2012-09-27,4.3010876921685295,4.677211738853062,73.78,107.47,0.013601,0.014059,0.0,0.0,0.01360076933644719,0.014059256463483676,0.0,-0.000458487127036486,8327500.0,101400.0,798839224.653,15364801.95,XLE,VDE,Energy
2012-09-28,4.296400661205825,4.672641901103104,73.435,106.98,-0.004676,-0.004559,47732750.0,-10698000.0,0.0013887743035503122,-0.009925379197904462,58430750.0,0.011314153501454774,8448600.0,132800.0,802292270.303,15521515.0,XLE,VDE,Energy
2012-10-01,4.301358731606427,4.6773047837472905,73.8,107.48,0.00497,0.004674,0.0,0.0,0.004970381970450058,0.004673770798280052,0.0,0.0002966111721700061,11121500.0,74100.0,807029845.6029999,15239685.4,XLE,VDE,Energy
2012-10-02,4.3031186995690085,4.677397819984972,73.93,107.49,0.001761,9.3e-05,0.0,0.0,0.001761517615176272,9.304056568663938e-05,0.0,0.0016684770494896327,8791100.0,125600.0,808381897.253,15389156.35,XLE,VDE,Energy
2012-10-03,4.29073337622749,4.6644762918854985,73.02,106.11,-0.012309,-0.012838,0.0,0.0,-0.012308940890031228,-0.012838403572425341,0.0,0.0005294626823941131,12576300.0,119600.0,828748324.253,15304888.75,XLE,VDE,Energy
2012-10-04,4.300748789532013,4.675162557808126,73.755,107.25,0.010066,0.010744,0.0,0.0,0.010065735414954684,0.010743567995476393,0.0,-0.0006778325805217086,11377200.0,112300.0,821888368.553,15401734.6,XLE,VDE,Energy
2012-10-05,4.2983732496766285,4.672174414768565,73.58,106.93,-0.002373,-0.002984,0.0,0.0,-0.0023727204935257424,-0.002983682983682863,0.0,0.0006109624901571207,13890900.0,84000.0,823693716.903,15217403.6,XLE,VDE,Energy
2012-10-08,4.300002799195291,4.673389424965236,73.7,107.06,0.001631,0.001216,0.0,0.0,0.0016308779559662953,0.0012157486205927903,0.0,0.000415129335373505,5443800.0,64900.0,822391384.303,15039400.5,XLE,VDE,Energy
2012-10-09,4.301358731606427,4.674976060232054,73.8,107.23,0.001357,0.001588,0.0,0.0,0.0013568521031207597,0.0015878946385204558,0.0,-0.00023104253539969603,10291900.0,160100.0,832631180.953,15356891.65,XLE,VDE,Energy
2012-10-10,4.282482504337495,4.657193214055243,72.42,105.34,-0.018699,-0.017626,0.0,0.0,-0.01869918699186992,-0.017625664459572882,0.0,-0.0010735225322970367,15193100.0,131500.0,856627609.253,15445945.8,XLE,VDE,Energy
2012-10-11,4.289911345766076,4.6654182663334485,72.96,106.21,0.007457,0.008259,0.0,0.0,0.007456503728251742,0.00825897095120562,0.0,-0.0008024672229538787,8272700.0,89900.0,833237868.653,14218998.4,XLE,VDE,Energy
2012-10-12,4.2844138058068815,4.65946895939547,72.56,105.58,-0.005482,-0.005932,0.0,0.0,-0.005482456140350756,-0.005931644854533472,0.0,0.00044918871418271524,10761800.0,87600.0,813934573.3529999,13486272.45,XLE,VDE,Energy
2012-10-15,4.289500076996142,4.664382045619937,72.93,106.1,0.005099,0.004925,0.0,0.0,0.005099228224917433,0.004925175222580034,0.0,0.0001740530023373989,8094000.0,64000.0,804757136.1029999,12940565.25,XLE,VDE,Energy
2012-10-16,4.3052805704285655,4.679256729340789,74.09,107.69,0.015906,0.014986,0.0,0.0,0.01590566296448637,0.014985862393967955,0.0,0.0009198005705184156,13350700.0,67100.0,816791227.003,12411013.0,XLE,VDE,Energy
2012-10-17,4.317754744653741,4.6913478822291435,75.02,109.0,0.012552,0.012165,0.0,0.0,0.012552301255230125,0.012164546383136781,0.0,0.0003877548720933443,10346200.0,83300.0,800276014.403,11939745.4,XLE,VDE,Energy
2012-10-18,4.317621437981545,4.691989877940651,75.01,109.07,-0.000133,0.000642,0.0,0.0,-0.00013329778725661308,0.0006422018348622668,0.0,-0.0007754996221188799,14413400.0,68600.0,810336087.75,11607695.499999998,XLE,VDE,Energy
2012-10-19,4.3017651530710745,4.675628649636653,73.83,107.3,-0.015731,-0.016228,0.0,0.0,-0.015731235835222086,-0.016228110387824218,0.0,0.000496874552602132,14092700.0,92100.0,814941411.55,11247182.5,XLE,VDE,Energy
2012-10-22,4.296741040391521,4.669739956637391,73.46,106.67,-0.005012,-0.005871,0.0,0.0,-0.005011512935121345,-0.00587138863000932,0.0,0.0008598756948879748,10844300.0,106500.0,827317189.45,11354012.65,XLE,VDE,Energy
2012-10-23,4.273187854639731,4.6466959328165895,71.75,104.24,-0.023278,-0.022781,0.0,0.0,-0.023277974407840882,-0.02278053810818412,0.0,-0.0004974362996567616,15428500.0,144700.0,833089543.1,11376297.25,XLE,VDE,Energy
2012-10-24,4.26549281841793,4.639474989680082,71.2,103.49,-0.007666,-0.007195,0.0,0.0,-0.007665505226480836,-0.007194934765924789,0.0,-0.0004705704605560473,10695500.0,143900.0,813645773.25,10942410.2,XLE,VDE,Energy
2012-10-25,4.274858931480352,4.648229675448539,71.87,104.4,0.00941,0.008793,0.0,0.0,0.009410112359550686,0.008793120108223017,0.0,0.000616992251327669,9793200.0,74800.0,818117489.95,10787993.3,XLE,VDE,Energy
2012-10-26,4.2761104090823325,4.649378440652412,71.96,104.52,0.001252,0.001149,0.0,0.0,0.0012522610268537945,0.0011494252873563218,0.0,0.00010283573949747271,11008400.0,89900.0,826704566.1,10547463.5,XLE,VDE,Energy
2012-10-31,4.275833828313774,4.6480380862152675,71.9401,104.38,-0.000277,-0.001339,-481998670.0,0.0,-0.06268706733719527,-0.0013394565633371603,-481998670.0,-0.06134761077385811,11125700.0,103900.0,825685429.6285,10691504.2,XLE,VDE,Energy
2012-11-01,4.280086651208935,4.654626794700683,72.2467,105.07,0.004262,0.00661,0.0,0.0,0.00426187897987348,0.006610461774286138,0.0,-0.0023485827944126573,9490800.0,126000.0,827473077.4965,10678408.0,XLE,VDE,Energy
2012-11-02,4.263524590592881,4.637540566018542,71.06,103.29,-0.016426,-0.016941,0.0,0.0,-0.016425663732737992,-0.016941086894451198,0.0,0.0005154231617132063,11264900.0,92700.0,821581195.8965,10522619.35,XLE,VDE,Energy
2012-11-05,4.2710950739666,4.645351975620923,71.6,104.1,0.007599,0.007842,0.0,0.0,0.007599211933577125,0.007841998257333721,0.0,-0.00024278632375659623,7417300.0,74200.0,806178860.5965,10306621.6,XLE,VDE,Energy
2012-11-06,4.287028906051602,4.660131744062066,72.75,105.65,0.016062,0.01489,0.0,0.0,0.016061452513966616,0.014889529298751201,0.0,0.001171923215215415,10519200.0,80900.0,793337829.4965,10284869.85,XLE,VDE,Energy
2012-11-07,4.260564966136689,4.6313251434649425,70.85,102.65,-0.026117,-0.028396,0.0,0.0,-0.026116838487972638,-0.02839564600094652,0.0,0.002278807512973883,19044600.0,131000.0,840742921.9965,10609817.65,XLE,VDE,Energy
2012-11-08,4.24233343993555,4.614328123772857,69.57,100.92,-0.018066,-0.016853,0.0,0.0,-0.01806633733239238,-0.016853385289819774,0.0,-0.001212952042572605,15013400.0,125000.0,854989922.8965,10382191.5,XLE,VDE,Energy
2012-11-09,4.242045918369452,4.614229030476437,69.55,100.91,-0.000287,-9.9e-05,0.0,0.0,-0.0002874802357336571,-9.908838684106223e-05,0.0,-0.00018839184889259488,12227700.0,122900.0,842497534.5465,10309672.95,XLE,VDE,Energy
2012-11-12,4.244056835450428,4.614823443016229,69.69,100.97,0.002013,0.000595,0.0,0.0,0.00201294033069734,0.0005945892379347934,0.0,0.0014183510927625468,5583600.0,124000.0,831774779.1465,10458273.0,XLE,VDE,Energy
2012-11-13,4.239883985664226,4.609162207257629,69.3998,100.4,-0.004164,-0.005645,0.0,0.0,-0.004164155545989409,-0.005645241160740814,0.0,0.0014810856147514052,11300700.0,73700.0,831944284.7395,10365806.6,XLE,VDE,Energy
2012-11-14,4.227636342808618,4.596936381060988,68.555,99.18,-0.012173,-0.012151,0.0,0.0,-0.012172945743359328,-0.012151394422310629,0.0,-2.155132104869964e-05,19242100.0,153800.0,868386622.0145,10788980.8,XLE,VDE,Energy
2012-11-15,4.229021132213981,4.5967347071669895,68.65,99.16,0.001386,-0.000202,0.0,0.0,0.0013857486689519362,-0.00020165355918544989,0.0,0.001587402228137386,14652000.0,111900.0,869221943.8645,10982481.05,XLE,VDE,Energy
2012-11-16,4.232946411659729,4.602165676967792,68.92,99.7,0.003933,0.005446,0.0,0.0,0.003932993445010786,0.005445744251714401,0.0,-0.0015127508067036147,21477900.0,95000.0,904426191.0645001,11002071.05,XLE,VDE,Energy
2012-11-19,4.255770144233286,4.625462889255854,70.5111,102.05,0.023086,0.023571,0.0,0.0,0.023086186883342952,0.02357071213640923,0.0,-0.0004845252530662758,11458100.0,116800.0,890764896.11,11223932.950000001,XLE,VDE,Energy
2012-11-20,4.251775570170929,4.621240366165586,70.23,101.62,-0.003987,-0.004214,0.0,0.0,-0.0039866063641043215,-0.004213620774130328,0.0,0.0002270144100260064,7712500.0,78900.0,865824137.8100001,11130707.35,XLE,VDE,Energy
2012-11-21,4.257171777528256,4.6261485923732835,70.61,102.12,0.005411,0.00492,0.0,0.0,0.005410793108358252,0.00492029128124385,0.0,0.0004905018271144021,5868400.0,74700.0,846711410.11,10944107.8,XLE,VDE,Energy
2012-11-23,4.271234729018849,4.639571612705423,71.61,103.5,0.014162,0.013514,0.0,0.0,0.0141622999575131,0.013513513513513514,0.0,0.0006487864439995855,4502300.0,42200.0,807482151.51,10408316.4,XLE,VDE,Energy
2012-11-26,4.261408646835267,4.630837932736669,70.9098,102.6,-0.009778,-0.008696,0.0,0.0,-0.009777963971512253,-0.008695652173913044,0.0,-0.0010823117975992096,9398500.0,102000.0,802728459.275,10186965.85,XLE,VDE,Energy
2012-11-27,4.253056253376921,4.621928969803046,70.32,101.69,-0.008318,-0.008869,0.0,0.0,-0.008317609131601232,-0.008869395711500975,0.0,0.0005517865798997431,7788000.0,87800.0,794919203.075,10242928.95,XLE,VDE,Energy
2012-11-28,4.262116338001324,4.632396172241683,70.96,102.76,0.009101,0.010522,0.0,0.0,0.009101251422070536,0.01052217523846986,0.0,-0.0014209238163993242,11587900.0,125000.0,796424849.075,10415361.55,XLE,VDE,Energy
2012-11-29,4.264368591205649,4.635020207956977,71.12,103.03,0.002255,0.002627,0.0,0.0,0.002254791431792693,0.002627481510315298,0.0,-0.0003726900785226048,10951000.0,139000.0,795347406.5465,10589165.95,XLE,VDE,Energy
2012-11-30,4.263524590592881,4.63463189613771,71.06,102.99,-0.000844,-0.000388,-181203000.0,-20598000.0,-0.02616413176827217,-0.011223549032206638,-160605000.0,-0.01494058273606553,8365600.0,107100.0,790786434.3285,10478736.4,XLE,VDE,Energy
2012-12-03,4.258025399776532,4.628789051586725,70.6703,102.39,-0.005484,-0.005826,0.0,0.0,-0.0054840979453982825,-0.005825808330905913,0.0,0.00034171038550763044,9766500.0,118400.0,785272318.876,10606136.05,XLE,VDE,Energy
2012-12-04,4.254333878277228,4.626246511590008,70.4099,102.13,-0.003685,-0.002539,0.0,0.0,-0.003684716210345844,-0.0025393104795390174,0.0,-0.0011454057308068265,11395700.0,110700.0,798836889.7475001,10785214.6,XLE,VDE,Energy
2012-12-05,4.2612704335380815,4.635505385784164,70.9,103.08,0.006961,0.009302,0.0,0.0,0.006960668883211247,0.009301870165475375,0.0,-0.002341201282264128,12532000.0,154600.0,804999239.7475001,11154668.75,XLE,VDE,Energy
2012-12-06,4.264507782867872,4.638895055389712,71.1299,103.43,0.003243,0.003395,0.0,0.0,0.0032425952045133165,0.0033954210322081203,0.0,-0.00015282582769480385,8107300.0,103700.0,766367316.161,11018595.8,XLE,VDE,Energy
2012-12-07,4.270536258640519,4.6450637496497675,71.56,104.07,0.006047,0.006188,0.0,0.0,0.006046683602816763,0.006187759837571051,0.0,-0.00014107623475428759,10384300.0,119900.0,751298229.661,11011745.45,XLE,VDE,Energy
2012-12-10,4.2694176902912275,4.6440062097732895,71.48,103.96,-0.001118,-0.001057,0.0,0.0,-0.0011179429849077697,-0.0010569808782548954,0.0,-6.0962106652874375e-05,5835800.0,286000.0,729633552.111,11878281.5,XLE,VDE,Energy
2012-12-11,4.275276264727001,4.649091373046019,71.9,104.49,0.005876,0.005098,0.0,0.0,0.005875769445999017,0.005098114659484417,0.0,0.0007776547865146,7875100.0,119100.0,738488482.411,11874505.45,XLE,VDE,Energy
2012-12-12,4.278885875754368,4.65224459337402,72.16,104.82,0.003616,0.003158,0.0,0.0,0.003616133518775942,0.003158196956646444,0.0,0.00045793656212949783,9193200.0,91100.0,732444232.0179999,11981986.55,XLE,VDE,Energy
2012-12-13,4.26955757977876,4.643236386794547,71.49,103.88,-0.009285,-0.008968,0.0,0.0,-0.009284922394678628,-0.008967754245372897,0.0,-0.0003171681493057306,10767200.0,114000.0,704974480.1429999,11811408.35,XLE,VDE,Energy
2012-12-14,4.265773677849632,4.639571612705423,71.22,103.5,-0.003777,-0.003658,0.0,0.0,-0.0037767519932856387,-0.0036580670003850597,0.0,-0.000118684992900579,9442600.0,144000.0,688306588.7429999,12001808.15,XLE,VDE,Energy
2012-12-17,4.274858931480352,4.648229675448539,71.87,104.4,0.009127,0.008696,0.0,0.0,0.009126649817467004,0.008695652173913044,0.0,0.0004309976435539608,9494400.0,154200.0,648411871.7429999,12333157.15,XLE,VDE,Energy
2012-12-18,4.293058799613136,4.665888921022797,73.19,106.26,0.018367,0.017816,0.0,0.0,0.01836649506052595,0.017816091954022988,0.0,0.0005504031065029606,11188300.0,137000.0,648959293.8475,12465066.15,XLE,VDE,Energy
2012-12-19,4.286185939170985,4.659374240001603,72.6887,105.57,-0.006849,-0.006494,0.0,0.0,-0.006849296351960624,-0.006493506493506616,0.0,-0.000355789858454008,8091500.0,111300.0,651284880.9,12651672.3,XLE,VDE,Energy
2012-12-20,4.292922159591061,4.647271362006727,73.18,104.3,0.006759,0.006858,0.0,0.0,0.006758959783295172,-0.012029932746045156,0.0,0.01878889252934033,9008000.0,114400.0,663526766.7,12866850.1,XLE,VDE,Energy
2012-12-21,4.27763786893635,4.636668853047462,72.07,103.2,-0.010099,-0.010547,0.0,0.0,-0.015168078710030326,-0.010546500479386385,0.0,-0.004621578230643941,15210400.0,121000.0,702216957.95,13272825.1,XLE,VDE,Energy
2012-12-24,4.269977130865259,4.627811916468916,71.52,102.29,-0.007632,-0.008818,0.0,0.0,-0.007631469404745252,-0.008817829457364342,0.0,0.0011863600526190897,3592200.0,71900.0,681740377.385,13117297.65,XLE,VDE,Energy
2012-12-26,4.26549281841793,4.625266887687213,71.2,102.03,-0.004474,-0.002542,0.0,0.0,-0.0044742729306487695,-0.0025417929416365237,0.0,-0.0019324799890122458,6520300.0,115500.0,677570037.385,13260101.8,XLE,VDE,Energy
2012-12-27,4.263665306838804,4.623010104116422,71.07,101.8,-0.001826,-0.002254,0.0,0.0,-0.00182584269662935,-0.0022542389493286287,0.0,0.00042839625269927876,11660800.0,164200.0,677892820.985,13453629.8,XLE,VDE,Energy
2012-12-28,4.246063716857944,4.607068383271171,69.83,100.19,-0.017448,-0.015815,0.0,0.0,-0.01744758688616843,-0.015815324165029468,0.0,-0.0016322627211389634,11802600.0,177700.0,680159842.885,13627759.45,XLE,VDE,Energy
2012-12-31,4.268577942166303,4.627518589651853,71.42,102.26,0.02277,0.020661,-174979000.0,-10226000.0,-0.0027803634912320794,0.015068389401543019,-164753000.0,-0.0178487528927751,16385100.0,270800.0,708948058.1850001,14460848.4,XLE,VDE,Energy
2013-01-02,4.290390945651943,4.650621448892009,72.995,104.65,0.022053,0.023372,0.0,0.0,0.022052646317558107,0.023371797379229415,0.0,-0.001319151061671308,14545800.0,191600.0,727526517.4875,14857246.6,XLE,VDE,Energy
2013-01-03,4.290185431008302,4.651003602331263,72.98,104.69,-0.000205,0.000382,0.0,0.0,-0.00020549352695390096,0.0003822264691829909,0.0,-0.0005877199961368918,9786700.0,219600.0,723119680.916,15441453.25,XLE,VDE,Energy
2013-01-04,4.301223221070275,4.661455996998683,73.79,105.79,0.011099,0.010507,0.0,0.0,0.011098931214031379,0.01050721176807718,0.0,0.0005917194459541981,9297800.0,160300.0,712997974.016,15492551.7,XLE,VDE,Energy
2013-01-07,4.29346860769209,4.654626794700683,73.22,105.07,-0.007725,-0.006806,0.0,0.0,-0.007724623932782354,-0.006805936288874309,0.0,-0.0009186876439080446,7973400.0,107700.0,713355019.5025,15522069.1,XLE,VDE,Energy
2013-01-08,4.290185431008302,4.652626127144386,72.98,104.86,-0.003278,-0.001999,0.0,0.0,-0.0032777929527451517,-0.001998667554963233,0.0,-0.0012791253977819188,7375800.0,74900.0,703114288.3025,15290870.15,XLE,VDE,Energy
2013-01-09,4.288539791580417,4.650908077661946,72.86,104.68,-0.001644,-0.001717,0.0,0.0,-0.001644286105782406,-0.0017165744802592681,0.0,7.228837447686206e-05,7372500.0,187700.0,709115156.6025001,14786663.95,XLE,VDE,Energy
2013-01-10,4.297557478047431,4.660321030452939,73.52,105.67,0.009058,0.009457,0.0,0.0,0.009058468295360967,0.009457393962552414,0.0,-0.00039892566719144755,8367300.0,147200.0,711562366.9025,14942157.2,XLE,VDE,Energy
2013-01-11,4.298780886070615,4.66164503291607,73.61,105.81,0.001224,0.001325,0.0,0.0,0.0012241566920565832,0.0013248793413456988,0.0,-0.00010072264928911567,6366500.0,102300.0,701825204.5525,15005920.25,XLE,VDE,Energy
2013-01-14,4.298916727950875,4.6605102810212555,73.62,105.69,0.000136,-0.001134,0.0,0.0,0.00013585110718652356,-0.0011341083073433513,0.0,0.0012699594145298748,8397900.0,354800.0,694250518.0525,16288744.85,XLE,VDE,Energy
2013-01-15,4.303389189156809,4.6654182663334485,73.95,106.21,0.004482,0.00492,0.0,0.0,0.004482477587612062,0.004920049200492005,0.0,-0.0004375716128799433,9639400.0,97800.0,696267100.9525001,16062911.75,XLE,VDE,Energy
2013-01-16,4.307841736484505,4.668051084027292,74.28,106.49,0.004463,0.002636,0.0,0.0,0.004462474645030426,0.002636286602014876,0.0,0.0018261880430155497,8585500.0,76900.0,694035521.5525,15667441.8,XLE,VDE,Energy
2013-01-17,4.314175967765707,4.675255793554779,74.752,107.26,0.006354,0.007231,0.0,0.0,0.006354334948842219,0.007230725889754906,0.0,-0.0008763909409126875,10502100.0,80300.0,692344586.6625,15370209.7,XLE,VDE,Energy
2013-01-18,4.324000197151533,4.683519152399068,75.49,108.15,0.009873,0.008298,0.0,0.0,0.009872645547945072,0.008297594629871341,0.0,0.0015750509180737313,13406700.0,130500.0,713540145.01,15488391.4,XLE,VDE,Energy
2013-01-22,4.333492687678026,4.693730362967572,76.21,109.26,0.009538,0.010264,0.0,0.0,0.009537687110875614,0.010263522884882107,0.0,-0.0007258357740064936,10149800.0,98100.0,719255685.91,15427715.7,XLE,VDE,Energy
2013-01-23,4.330075229041782,4.689878913915045,75.95,108.84,-0.003412,-0.003844,0.0,0.0,-0.0034116257708960776,-0.003844041735310269,0.0,0.00043241596441419153,7169200.0,91100.0,691670046.51,15299121.9,XLE,VDE,Energy
2013-01-24,4.3329676843846965,4.6929063002921785,76.17,109.17,0.002897,0.003032,0.0,0.0,0.0028966425279789336,0.003031973539140022,0.0,-0.00013533101116108837,8820800.0,90200.0,712418356.1099999,15423746.05,XLE,VDE,Energy
2013-01-25,4.342375829044089,4.7018430732483525,76.89,110.15,0.009453,0.008977,0.0,0.0,0.009452540370224497,0.008976825135110379,0.0,0.00047571523511411896,7795800.0,116300.0,719177041.2099999,15475045.05,XLE,VDE,Energy
2013-01-28,4.340683671139499,4.698934626297882,76.76,109.8301,-0.001691,-0.002904,0.0,0.0,-0.0016907270126152948,-0.0029042215161143177,0.0,0.001213494503499023,7451100.0,85900.0,706337710.2099999,15110987.329499999,XLE,VDE,Energy
2013-01-29,4.356708826689592,4.71393490077948,78.0,111.49,0.016154,0.015113,0.0,0.0,0.0161542470036476,0.015113343245612924,0.0,0.001040903758034676,11646500.0,135400.0,710550282.31,14975586.4795,XLE,VDE,Energy
2013-01-30,4.351696284866048,4.707636517532581,77.61,110.79,-0.005,-0.006279,0.0,0.0,-0.005,-0.006278590008072473,0.0,0.0012785900080724728,9942900.0,129800.0,690622513.66,14310013.179499999,XLE,VDE,Energy
2013-01-31,4.348340577019075,4.7045629298661265,77.35,110.45,-0.00335,-0.003069,266857499.99999997,22090000.0,0.032607857884475094,0.007915992749871878,244767499.99999997,0.024691865134603218,10515300.0,102500.0,678201902.8599999,13873522.429499999,XLE,VDE,Energy
2013-02-01,4.3576058601322,4.7136657821413905,78.07,111.46,0.009308,0.009144,0.0,0.0,0.009308338720103428,0.00914440923494794,0.0,0.00016392948515548712,11818300.0,135500.0,688622968.6099999,13479167.7295,XLE,VDE,Energy
2013-02-04,4.348081978620944,4.7045629298661265,77.33,110.45,-0.009479,-0.009062,0.0,0.0,-0.009478672985781868,-0.009061546743226269,0.0,-0.00041712624255559917,10674000.0,237400.0,695589756.51,13942302.379499998,XLE,VDE,Energy
2013-02-05,4.356708826689592,4.712678393703377,78.0,111.35,0.008664,0.008149,0.0,0.0,0.0086641665589034,0.008148483476686284,0.0,0.0005156830822171162,11685000.0,155600.0,711970639.1099999,14242803.429499999,XLE,VDE,Energy
2013-02-06,4.357349646961441,4.713127327493184,78.05,111.4,0.000641,0.000449,0.0,0.0,0.000641025641025641,0.000449034575662326,0.0,0.00019199106536331505,11386400.0,127700.0,729491770.91,14561391.7295,XLE,VDE,Energy
2013-02-07,4.354783898280007,4.710520701595917,77.85,111.11,-0.002563,-0.002603,0.0,0.0,-0.002562459961563224,-0.0026032315978456013,0.0,4.077163628237726e-05,11930900.0,124500.0,749074781.66,14270629.679499999,XLE,VDE,Energy
2013-02-08,4.364117214130314,4.719391330078114,78.58,112.1,0.009377,0.00891,0.0,0.0,0.009377007064868461,0.008910089100891009,0.0,0.0004669179639774524,9448100.0,110800.0,755438171.76,14113932.4795,XLE,VDE,Energy
2013-02-11,4.359141762136423,4.713396591058963,78.19,111.43,-0.004963,-0.005977,0.0,0.0,-0.004963094935097989,-0.005976806422836637,0.0,0.0010137114877386477,6961400.0,105200.0,759221861.81,14158836.129499998,XLE,VDE,Energy
2013-02-12,4.361823927356363,4.715458539882214,78.4,111.66,0.002686,0.002064,0.0,0.0,0.002685765443151421,0.0020640761015883243,0.0,0.0006216893415630967,7202600.0,200000.0,756543383.91,13400495.529499998,XLE,VDE,Energy
2013-02-13,4.365388993520859,4.719391330078114,78.68,112.1,0.003571,0.00394,0.0,0.0,0.003571428571428571,0.003940533763209744,0.0,-0.0003691051917811732,5692900.0,88500.0,743297571.01,13377171.129499998,XLE,VDE,Energy
2013-02-14,4.373994462976618,4.727033773744932,79.36,112.96,0.008643,0.007672,0.0,0.0,0.008642602948652647,0.007671721677074041,0.0,0.0009708812715786058,7310800.0,110400.0,740420278.41,13591256.279499998,XLE,VDE,Energy
2013-02-15,4.362461479179042,4.715727176552735,78.45,111.69,-0.011467,-0.011243,0.0,0.0,-0.011466733870967742,-0.011242917847025496,0.0,-0.0002238160239422457,14337900.0,89600.0,757408042.2,13660978.579499999,XLE,VDE,Energy
2013-02-19,4.373994462976618,4.727387818712341,79.36,113.0,0.0116,0.011729,0.0,0.0,0.01159974506054812,0.0117288924702301,0.0,-0.00012914740968198064,7697900.0,134500.0,737349720.25,13715224.829499999,XLE,VDE,Energy
2013-02-20,4.3528552573736015,4.707185111394821,77.7,110.74,-0.020917,-0.02,0.0,0.0,-0.020917338709677418,-0.02,0.0,-0.0009173387096774177,12768100.0,126400.0,748277975.85,13879181.329499999,XLE,VDE,Energy
2013-02-21,4.345881188037528,4.699388861227073,77.16,109.88,-0.00695,-0.007766,0.0,0.0,-0.0069498069498069494,-0.00776593823370056,0.0,0.0008161312838936103,12262400.0,159000.0,768361278.05,14256961.129499998,XLE,VDE,Energy
2013-02-22,4.356324137321509,4.7098904967584945,77.97,111.04,0.010498,0.010557,0.0,0.0,0.010497667185069984,0.010556971241354204,0.0,-5.930405628421995e-05,6564600.0,76600.0,760359354.35,14189887.629499998,XLE,VDE,Energy
2013-02-25,4.329811863225142,4.683611612294654,75.93,108.16,-0.026164,-0.025937,0.0,0.0,-0.026163909195844434,-0.025936599423631124,0.0,-0.00022730977221330911,13809000.0,111500.0,782814269.75,14152357.379499998,XLE,VDE,Energy
2013-02-26,4.339640918177444,4.691678102929644,76.68,109.036,0.009878,0.008099,0.0,0.0,0.009877518767285657,0.008099112426035502,0.0,0.0017784063412501546,16851400.0,83900.0,818825215.55,14138043.120000001,XLE,VDE,Energy
2013-02-27,4.354783898280007,4.707094805710017,77.85,110.73,0.015258,0.015536,0.0,0.0,0.015258215962441061,0.015536153197109211,0.0,-0.00027793723466815017,10994600.0,100700.0,816200346.05,13940781.370000001,XLE,VDE,Energy
2013-02-28,4.3527265489623295,4.707817022948234,77.69,110.81,-0.002055,0.000722,-209763000.0,33575430.0,-0.029251581267456243,0.017245768975816575,-243338430.0,-0.04649735024327282,9941200.0,67800.0,816233514.0,13597400.170000002,XLE,VDE,Energy
2013-03-01,4.354012888218683,4.7045629298661265,77.79,110.45,0.001287,-0.003249,0.0,0.0,0.0012871669455529655,-0.0032488042595433626,0.0,0.0045359712050963286,13262700.0,57800.0,827150862.9,13350544.42,XLE,VDE,Energy
2013-03-04,4.35182512594076,4.7014798661255,77.62,110.11,-0.002185,-0.003078,0.0,0.0,-0.002185370870291938,-0.003078315980081485,0.0,0.0008929451097895468,10421900.0,98000.0,821465522.75,13134941.92,XLE,VDE,Energy
2013-03-05,4.358246106008478,4.708538718965125,78.12,110.89,0.006442,0.007084,0.0,0.0,0.006441638752898738,0.0070838252656434475,0.0,-0.0006421865127447099,9984900.0,72200.0,819195521.15,12224213.32,XLE,VDE,Energy
2013-03-06,4.35939751661352,4.710790667851775,78.21,111.14,0.001152,0.002254,0.0,0.0,0.0011520737327187674,0.0022544864279917037,0.0,-0.0011024126952729363,8200300.0,53000.0,805691294.3,11652431.32,XLE,VDE,Energy
2013-03-07,4.3644989178056655,4.715458539882214,78.61,111.66,0.005114,0.004679,0.0,0.0,0.005114435494182457,0.004678783516285766,0.0,0.00043565197789669115,8467000.0,80900.0,794535411.8,11392807.02,XLE,VDE,Energy
2013-03-08,4.369321262176328,4.720372115676775,78.99,112.21,0.004834,0.004926,0.0,0.0,0.004833990586439258,0.0049256672040121794,0.0,-9.167661757292136e-05,7817000.0,75700.0,778967625.05,11125862.120000001,XLE,VDE,Energy
2013-03-11,4.369827527216884,4.720995751493682,79.03,112.28,0.000506,0.000624,0.0,0.0,0.0005063932143310533,0.0006238303181534623,0.0,-0.00011743710382240897,8167100.0,106300.0,774118335.8,11101596.32,XLE,VDE,Energy
2013-03-12,4.370965687314457,4.722330805761668,79.12,112.43,0.001139,0.001336,0.0,0.0,0.0011388080475768696,0.0013359458496616742,0.0,-0.00019713780208480461,8523200.0,62000.0,780620521.7,10864007.52,XLE,VDE,Energy
2013-03-13,4.368688070234701,4.7205547921550135,78.94,112.2305,-0.002275,-0.001774,0.0,0.0,-0.002275025278058645,-0.001774437427732925,0.0,-0.00050058785032572,7782700.0,62400.0,783104646.6,10097566.680000002,XLE,VDE,Energy
2013-03-14,4.382276603429089,4.734178866551625,80.02,113.77,0.013681,0.013717,0.0,0.0,0.013681276919179123,0.013717305010670006,0.0,-3.602809149088303e-05,10991100.0,60900.0,804684169.1,9947953.830000002,XLE,VDE,Energy
2013-03-15,4.377014092850337,4.733475446141015,79.6,113.69,-0.000786,-0.000703,0.0,0.0,-0.0052486878280431125,-0.0007031730684714776,0.0,-0.004545514759571635,11246600.0,63300.0,820436382.7,9684243.48,XLE,VDE,Energy
2013-03-18,4.368941395125226,4.725439018379036,78.96,112.78,-0.00804,-0.008004,0.0,0.0,-0.008040201005025126,-0.008004222007212595,0.0,-3.597899781253126e-05,8047000.0,78600.0,795965525.95,9627097.680000002,XLE,VDE,Energy
2013-03-19,4.3578620076745835,4.71483144019761,78.09,111.59,-0.011018,-0.010552,0.0,0.0,-0.011018237082066746,-0.010551516226281256,0.0,-0.0004667208557854897,12352000.0,60800.0,813648642.75,9206406.280000001,XLE,VDE,Energy
2013-03-20,4.363480717386783,4.720995751493682,78.53,112.28,0.005635,0.006183,0.0,0.0,0.005634524266871559,0.006183349762523524,0.0,-0.000548825495651965,6823700.0,91000.0,790837832.3,9017403.48,XLE,VDE,Energy
2013-03-21,4.358374106008653,4.715100245360287,78.13,111.62,-0.005094,-0.005878,0.0,0.0,-0.005093594804533299,-0.005878161738510866,0.0,0.0007845669339775667,8277500.0,124600.0,775865546.85,8839250.080000002,XLE,VDE,Energy
2013-03-22,4.366278277705742,4.722775428062355,78.75,112.48,0.007936,0.007705,0.0,0.0,0.007935492128503776,0.007704712417129547,0.0,0.00023077971137422902,7904800.0,56700.0,781398603.75,8732847.680000002,XLE,VDE,Energy
2013-03-25,4.362461479179042,4.71992642328628,78.45,112.16,-0.00381,-0.002845,0.0,0.0,-0.0038095238095238095,-0.002844950213371266,0.0,-0.0009645735961525434,9839500.0,77200.0,767568174.0,8562793.280000001,XLE,VDE,Energy
2013-03-26,4.372985890021733,4.730833203983749,79.28,113.39,0.01058,0.010966,0.0,0.0,0.010579987253027405,0.010966476462196862,0.0,-0.00038648920916945634,6932600.0,62800.0,730440732.8,8461431.860000001,XLE,VDE,Energy
2013-03-27,4.376260039779544,4.73356340075649,79.54,113.7,0.00328,0.002734,0.0,0.0,0.003279515640767027,0.002733927154070024,0.0,0.0005455884866970031,5694700.0,68900.0,710292074.2,8295602.8100000005,XLE,VDE,Energy
2013-03-28,4.373364224095228,4.730127425392475,79.31,113.31,-0.002892,-0.00343,83275500.0,11784240.0,0.007971923395684189,0.0021260091775431103,71491260.0,0.005845914218141079,6895300.0,74500.0,699018794.95,8342036.660000001,XLE,VDE,Energy
2013-04-01,4.371344786327021,4.728086689489507,79.15,113.079,-0.002017,-0.002039,0.0,0.0,-0.0020174000756523792,-0.0020386550172095375,0.0,2.125494155715826e-05,7407700.0,73100.0,676749496.05,8436139.905,XLE,VDE,Energy
2013-04-02,4.365643155423357,4.721885985684052,78.7,112.38,-0.005685,-0.006182,0.0,0.0,-0.0056854074542010075,-0.00618151911495492,0.0,0.0004961116607539121,8408000.0,51900.0,669387582.15,8188227.005,XLE,VDE,Energy
2013-04-03,4.346787982581173,4.704472387061954,77.23,110.44,-0.018678,-0.017263,0.0,0.0,-0.018678526048284624,-0.017262858159814914,0.0,-0.00141566788846971,15743700.0,105700.0,691180860.3,8371589.505,XLE,VDE,Energy
2013-04-04,4.345492309945908,4.703747749349085,77.13,110.36,-0.001295,-0.000724,0.0,0.0,-0.0012948336138806163,-0.0007243752263672582,0.0,-0.000570458387513358,13752900.0,131800.0,712151646.0,8804340.905,XLE,VDE,Energy
2013-04-05,4.3476939555933765,4.7045629298661265,77.3,110.45,0.002204,0.000815,0.0,0.0,0.002204071048878517,0.0008155128669807901,0.0,0.0013885581818977267,16619800.0,54200.0,743107629.5,8651995.705,XLE,VDE,Energy
2013-04-08,4.354398467556408,4.711150509525323,77.82,111.18,0.006727,0.006609,0.0,0.0,0.0067270375161706366,0.006609325486645656,0.0,0.0001177120295249804,8903600.0,83700.0,746878295.6,8692569.155,XLE,VDE,Energy
2013-04-09,4.362843815257108,4.719569726296587,78.48,112.12,0.008481,0.008455,0.0,0.0,0.008481110254433434,0.008454758050008879,0.0,2.6352204424555728e-05,9579900.0,84300.0,752197527.55,8568386.754999999,XLE,VDE,Energy
2013-04-10,4.368181227851829,4.724729421045731,78.9,112.7,0.005352,0.005173,0.0,0.0,0.005351681957186669,0.005173028897609704,0.0,0.00017865305957696486,9191900.0,62300.0,754741793.85,8570914.254999999,XLE,VDE,Energy
2013-04-11,4.37248122183035,4.7283607965432894,79.24,113.11,0.004309,0.003638,0.0,0.0,0.004309252217997216,0.0036379769299023958,0.0,0.0006712752880948204,11311200.0,73800.0,768838451.35,8638130.995,XLE,VDE,Energy
2013-04-12,4.356708826689592,4.715010651667623,78.0,111.61,-0.015649,-0.013261,0.0,0.0,-0.01564866229177171,-0.013261426929537619,0.0,-0.002387235362234093,19437000.0,108600.0,800667360.25,8897743.645,XLE,VDE,Energy
2013-04-15,4.31508522892,4.674323044676408,74.82,107.16,-0.040769,-0.039871,0.0,0.0,-0.0407692307692309,-0.03987097930292984,0.0,-0.000898251466301056,24793200.0,221300.0,848657253.45,9723640.194999998,XLE,VDE,Energy
2013-04-16,4.327306422473649,4.684997485847646,75.74,108.31,0.012296,0.010732,0.0,0.0,0.012296177492649026,0.010731616274729376,0.0,0.0015645612179196501,16460400.0,145600.0,879223232.25,10068911.594999999,XLE,VDE,Energy
2013-04-17,4.305145590337924,4.6644762918854985,74.08,106.11,-0.021917,-0.020312,0.0,0.0,-0.021917084763665044,-0.020312067214476964,0.0,-0.0016050175491880807,20626700.0,138600.0,907396145.05,10465020.294999998,XLE,VDE,Energy
2013-04-18,4.31361395198771,4.672548421318039,74.71,106.97,0.008504,0.008105,0.0,0.0,0.008504319654427514,0.008104796908868155,0.0,0.0003995227455593584,20535600.0,104600.0,957313620.8,10513599.395,XLE,VDE,Energy
2013-04-19,4.311604170377335,4.67133238824176,74.56,106.84,-0.002008,-0.001215,0.0,0.0,-0.0020077633516261575,-0.0012152940076657008,0.0,-0.0007924693439604568,13416400.0,63400.0,974993906.25,10156889.594999999,XLE,VDE,Energy
2013-04-22,4.3222766302681075,4.6819460247901405,75.36,107.98,0.01073,0.01067,0.0,0.0,0.01072961373390558,0.01067016098839386,0.0,5.9452745511719834e-05,13348100.0,59700.0,994164397.05,10160329.094999999,XLE,VDE,Energy
2013-04-23,4.333755086000182,4.693272634209637,76.23,109.21,0.011545,0.011391,0.0,0.0,0.011544585987261146,0.011390998333024635,0.0,0.00015358765423651062,13953300.0,87500.0,1008751961.25,10205185.245,XLE,VDE,Energy
2013-04-24,4.347046915777855,4.705829669087269,77.25,110.59,0.013381,0.012636,0.0,0.0,0.01338055883510429,0.01263620547568904,0.0,0.0007443533594152507,13715100.0,74500.0,1034245708.6,10261088.395,XLE,VDE,Energy
2013-04-25,4.347823313332383,4.704291276855899,77.31,110.42,0.000777,-0.001537,0.0,0.0,0.0007766990291262136,-0.0015372095126141604,0.0,0.002313908541740374,13640600.0,48900.0,1064325626.0,10139368.794999998,XLE,VDE,Energy
2013-04-26,4.346140356109473,4.703113260318055,77.18,110.29,-0.001682,-0.001177,0.0,0.0,-0.0016815418445219274,-0.00117732294874117,0.0,-0.0005042188957807574,11162800.0,82800.0,1080059559.05,10173889.645,XLE,VDE,Energy
2013-04-29,4.35619587463936,4.713217090071225,77.96,111.41,0.010106,0.010155,0.0,0.0,0.010106245141228043,0.0101550457883761,0.0,-4.880064714805725e-05,12214600.0,56600.0,1098356097.1,10075876.2,XLE,VDE,Energy
2013-04-30,4.360164387816747,4.717158687936139,78.27,111.85,0.003976,0.003949,-375696000.0,11185000.0,-0.04548868961945597,0.009301489282772725,-386881000.0,-0.054790178902228696,10036200.0,109400.0,1104547285.8,10396069.6,XLE,VDE,Energy
2013-05-01,4.344454561766125,4.701389043728634,77.05,110.1,-0.015587,-0.015646,0.0,0.0,-0.015587070397342532,-0.015645954403218598,0.0,5.8884005876065626e-05,15324900.0,107300.0,1102792165.5,10403080.7,XLE,VDE,Energy
2013-05-02,4.357477761752469,4.712679291772124,78.06,111.3501,0.013108,0.011354,0.0,0.0,0.013108371187540558,0.011354223433242484,0.0,0.0017541477542980747,13598000.0,68900.0,1102827100.65,10059409.3945,XLE,VDE,Energy
2013-05-03,4.375379591952088,4.732771530581813,79.47,113.61,0.018063,0.020296,0.0,0.0,0.0180630284396618,0.0202954465240714,0.0,-0.0022324180844096007,14049000.0,129800.0,1094415275.15,10497418.7945,XLE,VDE,Energy
2013-05-06,4.382151626862033,4.738213959745856,80.01,114.23,0.006795,0.005457,0.0,0.0,0.006795016987542469,0.00545726608573189,0.0,0.0013377509018105789,12007600.0,115800.0,1107807771.35,10693522.194500001,XLE,VDE,Energy
2013-05-07,4.389870788696931,4.745106026285608,80.63,115.02,0.007749,0.006916,0.0,0.0,0.007749031371078615,0.0069158714873500836,0.0,0.0008331598837285313,9700700.0,77600.0,1109324615.8,10667213.9945,XLE,VDE,Energy
2013-05-08,4.391481793444637,4.747450693244862,80.76,115.29,0.001612,0.002347,0.0,0.0,0.0016123031129852412,0.002347417840375587,0.0,-0.0007351147273903457,7170600.0,88100.0,1102017453.1,10824005.944500001,XLE,VDE,Energy
2013-05-09,4.390614651860415,4.745714430980399,80.69,115.09,-0.000867,-0.001735,0.0,0.0,-0.000866765725606736,-0.001734755833116489,0.0,0.000867990107509753,8135500.0,63100.0,1090025153.45,10769738.9945,XLE,VDE,Energy
2013-05-10,4.385395952143486,4.741622309123591,80.27,114.62,-0.005205,-0.004084,0.0,0.0,-0.005205105961085636,-0.004083760535233296,0.0,-0.0011213454258523405,13221400.0,120400.0,1067284942.35,10853709.094500002,XLE,VDE,Energy
2013-05-13,4.385271364838771,4.7409241069657115,80.26,114.54,-0.000125,-0.000698,0.0,0.0,-0.00012457954403886882,-0.0006979584714709475,0.0,0.0005733789274320787,7423000.0,86300.0,1004322080.15,10162223.7945,XLE,VDE,Energy
2013-05-14,4.399375273008495,4.7535901911063645,81.4,116.0,0.014204,0.012747,0.0,0.0,0.014203837528034018,0.012746638728828356,0.0,0.0014571987992056615,9600300.0,92600.0,981059766.35,9910806.9945,XLE,VDE,Energy
2013-05-15,4.3965457207730845,4.751259891859986,81.17,115.73,-0.002826,-0.002328,0.0,0.0,-0.002825552825552952,-0.0023275862068965515,0.0,-0.0004979666186564003,13049100.0,56900.0,957618241.9,9504716.5445,XLE,VDE,Energy
2013-05-16,4.391605609454205,4.747000422749622,80.77,115.2381,-0.004928,-0.00425,0.0,0.0,-0.004927929037821855,-0.004250410438088568,0.0,-0.0006775185997332876,12055400.0,88200.0,929593241.0,9453463.4655,XLE,VDE,Energy
2013-05-17,4.408181592150733,4.762173934797756,82.12,117.0,0.016714,0.015289,0.0,0.0,0.016714126532128264,0.015289214244247257,0.0,0.0014249122878810076,14658800.0,90400.0,939765934.6,9643620.6655,XLE,VDE,Energy
2013-05-20,4.422208424306714,4.776262260830497,83.28,118.66,0.014126,0.014188,0.0,0.0,0.01412566975158305,0.014188034188034188,0.0,-6.23644364511379e-05,10192300.0,142700.0,931911031.0,10167939.4655,XLE,VDE,Energy
2013-05-21,4.420165031564935,4.775208275615196,83.11,118.535,-0.002041,-0.001053,0.0,0.0,-0.002041306436119116,-0.001053429967975729,0.0,-0.0009878764681433873,10838800.0,68500.0,923768661.45,10096128.0905,XLE,VDE,Energy
2013-05-22,4.408546844483277,4.7622594012308666,82.15,117.01,-0.011551,-0.012865,0.0,0.0,-0.011550956563590299,-0.01286539840553423,0.0,0.0013144418419439308,19839300.0,182200.0,952284012.45,10750141.4405,XLE,VDE,Energy
2013-05-23,4.409033640160408,4.7615754651522275,82.19,116.93,0.000487,-0.000684,0.0,0.0,0.0004869141813754072,-0.0006837022476711392,0.0,0.0011706164290465463,12791700.0,78800.0,952123764.3,10940868.7405,XLE,VDE,Energy
2013-05-24,4.403176393396616,4.75763372911456,81.71,116.47,-0.00584,-0.003934,0.0,0.0,-0.005840126536075073,-0.003933977593431968,0.0,-0.0019061489426431058,8664900.0,59500.0,944446968.05,10830766.3905,XLE,VDE,Energy
2013-05-28,4.413646418429337,4.768139014266231,82.57,117.7,0.010525,0.010561,0.0,0.0,0.010525027536409253,0.010560659397269682,0.0,-3.5631860860429326e-05,10708400.0,109300.0,941044086.65,11158706.5905,XLE,VDE,Energy
2013-05-29,4.411464070327499,4.766097850094374,82.39,117.46,-0.00218,-0.002039,0.0,0.0,-0.0021799685115658197,-0.0020390824129141887,0.0,-0.00014088609865163092,12752900.0,94900.0,954302989.5,11104234.7905,XLE,VDE,Energy
2013-05-30,4.409155302062135,4.763455164953805,82.2,117.15,-0.002306,-0.002639,0.0,0.0,-0.0023061051098434275,-0.002639196322152222,0.0,0.00033309121230879445,12074700.0,59000.0,944890829.25,10859140.7905,XLE,VDE,Energy
2013-05-31,4.388257184424518,4.743626929135107,80.5,114.85,-0.020681,-0.019633,148925000.0,229700.0,-0.0011211116897177674,-0.01952897561291802,148695300.0,0.018407863923200252,15008000.0,62800.0,952225035.25,10836168.695999999,XLE,VDE,Energy
2013-06-03,4.397899983830172,4.75298656068231,81.28,115.93,0.009689,0.009404,0.0,0.0,0.00968944099378882,0.009403569873748368,0.0,0.0002858711200404516,18365400.0,79100.0,971038319.35,10557342.945999999,XLE,VDE,Energy
2013-06-04,4.3899948043230586,4.745279893972737,80.64,115.04,-0.007874,-0.007677,0.0,0.0,-0.007874015748031496,-0.007677046493573709,0.0,-0.00019696925445778727,15981000.0,104700.0,987437307.55,10498185.646,XLE,VDE,Energy
2013-06-05,4.378269585796169,4.733827218196353,79.7,113.73,-0.011657,-0.011387,0.0,0.0,-0.011656746031746032,-0.011387343532684283,0.0,-0.0002694024990617487,17796400.0,160700.0,1019247589.5,10965728.595999999,XLE,VDE,Energy
2013-06-06,4.385769620952716,4.7409241069657115,80.3,114.54,0.007528,0.007122,0.0,0.0,0.0075282308657465494,0.007122131363756265,0.0,0.00040609950199028445,18325500.0,91800.0,1063869589.2,10983614.746,XLE,VDE,Energy
2013-06-07,4.398269010219746,4.7534177624482945,81.31,115.98,0.012578,0.012572,0.0,0.0,0.01257783312577833,0.012572027239392353,0.0,5.805886385977857e-06,10582000.0,84900.0,1074068035.45,11112840.896,XLE,VDE,Energy
2013-06-10,4.395436321583799,4.750049447306176,81.08,115.59,-0.002829,-0.003363,0.0,0.0,-0.0028286803591194196,-0.003362648732540093,0.0,0.0005339683734206734,7944000.0,89400.0,1053208922.55,10939515.796,XLE,VDE,Energy
2013-06-11,4.380149874661021,4.735408662911821,79.85,113.91,-0.01517,-0.014534,0.0,0.0,-0.015170202269363716,-0.014534129249935116,0.0,-0.0006360730194286002,10595900.0,88700.0,1065724554.3,10950466.546,XLE,VDE,Energy
2013-06-12,4.373994462976618,4.728449202148263,79.36,113.12,-0.006136,-0.006935,0.0,0.0,-0.0061365059486536,-0.006935299798086208,0.0,0.0007987938494326084,9345000.0,85400.0,1063732293.3,10896408.945999999,XLE,VDE,Energy
2013-06-13,4.390614651860415,4.7456275386833475,80.69,115.08,0.016759,0.017327,0.0,0.0,0.01675907258064516,0.017326732673267328,0.0,-0.000567660092622168,12393000.0,52000.0,1060772079.45,10866365.095999999,XLE,VDE,Energy
2013-06-14,4.380901001386372,4.736286163845628,79.91,114.01,-0.009667,-0.009298,0.0,0.0,-0.009666625356301896,-0.009297879735835941,0.0,-0.00036874562046595484,10399200.0,83400.0,1053636350.15,10833586.775,XLE,VDE,Energy
2013-06-17,4.395189621200163,4.748404354073999,81.06,115.4,0.014391,0.012192,0.0,0.0,0.014391190088849957,0.012191912990088588,0.0,0.0021992770987613684,11097500.0,115500.0,1038425484.85,10971181.775,XLE,VDE,Energy
2013-06-18,4.400848388914469,4.754365752349944,81.52,116.09,0.005675,0.005979,0.0,0.0,0.005674808783617074,0.005979202772963605,0.0,-0.00030439398934653094,7741600.0,138600.0,1027539509.25,10929046.375,XLE,VDE,Energy
2013-06-19,4.391605609454205,4.745714430980399,80.77,115.09,-0.0092,-0.008614,0.0,0.0,-0.009200196270853778,-0.008614006374364717,0.0,-0.0005861898964890609,15053700.0,123100.0,1043293243.3,11231442.95,XLE,VDE,Energy
2013-06-20,4.361951470242831,4.716835882151982,78.41,111.8139,-0.029219,-0.028466,0.0,0.0,-0.029218769345053856,-0.028465548701016596,0.0,-0.0007532206440372599,25490800.0,156500.0,1061739999.95,11040425.617500002,XLE,VDE,Energy
2013-06-21,4.358885942232239,4.718230978272105,78.17,111.97,0.001714,0.001396,0.0,0.0,-0.0030608340772860605,0.001396069719417711,0.0,-0.0044569037967037714,20554200.0,128100.0,1089508599.5,11296889.267500002,XLE,VDE,Energy
2013-06-24,4.343935283551159,4.703022586155596,77.01,110.28,-0.014839,-0.015093,0.0,0.0,-0.014839452475374056,-0.01509332857015272,0.0,0.0002538760947786642,18905400.0,189000.0,1126903393.25,11992537.017500002,XLE,VDE,Energy
2013-06-25,4.356708826689592,4.715637639014062,78.0,111.68,0.012855,0.012695,0.0,0.0,0.012855473315153743,0.012694958287994312,0.0,0.00016051502715943092,12540200.0,137000.0,1131600543.85,12114314.517500002,XLE,VDE,Energy
2013-06-26,4.362843815257108,4.722152901473706,78.48,112.41,0.006154,0.006537,0.0,0.0,0.006153846153846154,0.006536532951289285,0.0,-0.00038268679744313076,11202700.0,67000.0,1123024367.1,11933540.3175,XLE,VDE,Energy
2013-06-27,4.364753306003425,4.724196892409732,78.63,112.64,0.001911,0.002046,0.0,0.0,0.00191131498470948,0.0020460813094920383,0.0,-0.0001347663247825582,8163500.0,124100.0,1105492150.35,12286879.017500002,XLE,VDE,Energy
2013-06-28,4.360547602996758,4.722419746038331,78.3,112.44,-0.004197,-0.001776,258390000.0,0.0,0.030586776186842652,-0.0017755681818181818,258390000.0,0.03236234436866083,10818600.0,94600.0,1087439769.35,12458091.217500001,XLE,VDE,Energy
2013-07-01,4.367674128449481,4.727919535732867,78.86,113.0601,0.007152,0.005515,0.0,0.0,0.007151979565772669,0.005514941302027748,0.0,0.0016370382637449213,11960600.0,93200.0,1059963429.55,12526448.1335,XLE,VDE,Energy
2013-07-02,4.369827527216884,4.730745008896157,79.03,113.38,0.002156,0.002829,0.0,0.0,0.002155718995688562,0.0028294685746784233,0.0,-0.0006737495789898612,8694500.0,105500.0,1029884354.3,12522293.2335,XLE,VDE,Energy
2013-07-03,4.369194655858504,4.731097742585882,78.98,113.42,-0.000633,0.000353,0.0,0.0,-0.0006326711375427053,0.0003527959075674722,0.0,-0.0009854670451101776,5256900.0,53800.0,979725198.4,11913572.4835,XLE,VDE,Energy
2013-07-05,4.3815265096322,4.743365684739491,79.96,114.82,0.012408,0.012344,0.0,0.0,0.012408204608761589,0.012343502027861048,0.0,6.470258090054103e-05,10308500.0,54100.0,947361698.9,11698421.9835,XLE,VDE,Energy
2013-07-08,4.388008706351429,4.749443675144516,80.48,115.52,0.006503,0.006096,0.0,0.0,0.006503251625813029,0.006096498867793067,0.0,0.0004067527580199617,11579100.0,100100.0,950934876.3,11784264.4835,XLE,VDE,Energy
2013-07-09,4.398146016553765,4.76080547751954,81.3,116.84,0.010189,0.011427,0.0,0.0,0.010188866799204771,0.011426592797783934,0.0,-0.0012377259985791624,9258400.0,75100.0,956365296.3,11706311.3835,XLE,VDE,Energy
2013-07-10,4.39197696552705,4.754882459216418,80.8,116.15,-0.00615,-0.005905,0.0,0.0,-0.006150061500615006,-0.005905511811023622,0.0,-0.00024454968959138415,10808500.0,110300.0,957727505.55,11841687.7835,XLE,VDE,Energy
2013-07-11,4.399989335048054,4.764308407326388,81.45,117.25,0.008044,0.009471,0.0,0.0,0.008044554455445545,0.009470512268618166,0.0,-0.0014259578131726215,14486100.0,154200.0,979641187.8,12262662.8835,XLE,VDE,Energy
2013-07-12,4.40562108352751,4.7673740658629455,81.91,117.61,0.005648,0.00307,0.0,0.0,0.005647636586863106,0.003070362473347548,0.0,0.002577274113515558,8778200.0,109500.0,965592747.4,12607369.6335,XLE,VDE,Energy
2013-07-15,4.404766121643371,4.7665234363458495,81.84,117.51,-0.000855,-0.00085,0.0,0.0,-0.0008545965083628373,-0.0008502678343678258,0.0,-4.328673995011444e-06,10395000.0,106600.0,966579083.8,12758276.2335,XLE,VDE,Energy
2013-07-16,4.398637900479079,4.761147767442444,81.34,116.88,-0.006109,-0.005361,0.0,0.0,-0.006109481915933529,-0.005361245851416901,0.0,-0.0007482360645166275,6723700.0,76000.0,948946204.2,12535985.2335,XLE,VDE,Energy
2013-07-17,4.403054001865957,4.765246133834726,81.7,117.36,0.004426,0.004107,0.0,0.0,0.004425866732235063,0.004106776180698152,0.0,0.00031909055153691093,7924900.0,70400.0,949764659.1,12144588.7335,XLE,VDE,Energy
2013-07-18,4.413646418429337,4.776093697829677,82.57,118.64,0.010649,0.010907,0.0,0.0,0.010648714810281398,0.010906612133605999,0.0,-0.00025789732332460145,9419700.0,71900.0,927859523.1,11862720.583500002,XLE,VDE,Energy
2013-07-19,4.427477897577799,4.788824188015824,83.72,120.16,0.013928,0.012812,0.0,0.0,0.013927576601671428,0.012811867835468645,0.0,0.0011157087662027835,10685300.0,67200.0,872651507.5,11391514.416,XLE,VDE,Energy
2013-07-22,4.424247650107844,4.786741461391342,83.45,119.91,-0.003225,-0.002081,0.0,0.0,-0.003225035833731486,-0.0020805592543275634,0.0,-0.0011444765794039226,6802300.0,93600.0,820698013.55,11235525.366,XLE,VDE,Energy
2013-07-23,4.4259238957110645,4.788824188015824,83.59,120.16,0.001678,0.002085,0.0,0.0,0.0016776512881965249,0.0020848970060878993,0.0,-0.0004072457178913745,6009700.0,69900.0,773020312.0,10613338.566,XLE,VDE,Energy
2013-07-24,4.414735809083586,4.777525578470196,82.66,118.81,-0.011126,-0.011235,0.0,0.0,-0.011125732743151094,-0.011235019973368841,0.0,0.00010928723021774722,9338700.0,67000.0,762710379.1,10246344.066,XLE,VDE,Energy
2013-07-25,4.421367532912338,4.782479200958502,83.21,119.4,0.006654,0.004966,0.0,0.0,0.006653762400193446,0.004965911960272704,0.0,0.0016878504399207416,9622200.0,92200.0,758784147.4,10420204.566,XLE,VDE,Energy
2013-07-26,4.418840607796598,4.780131388375754,83.0,119.12,-0.002524,-0.002345,0.0,0.0,-0.0025237351279893076,-0.0023450586264656616,0.0,-0.00017867650152364597,6830000.0,63100.0,755033847.15,10097096.966,XLE,VDE,Energy
2013-07-29,4.410492606984553,4.771616393623756,82.31,118.11,-0.008313,-0.008479,0.0,0.0,-0.008313253012048192,-0.008478844862323707,0.0,0.00016559185027551458,8293700.0,79300.0,746811750.5,10033561.916,XLE,VDE,Energy
2013-07-30,4.408546844483277,4.770599875111828,82.15,117.99,-0.001944,-0.001016,0.0,0.0,-0.0019438707325961637,-0.001016002032004064,0.0,-0.0009278687005920998,7936000.0,80600.0,732248224.7,9982201.55,XLE,VDE,Energy
2013-07-31,4.411828125910671,4.7733082982655715,82.42,118.31,0.003287,0.002712,342043000.0,47324000.0,0.045870994609016676,0.023978522543159967,294719000.0,0.02189247206585671,11247500.0,68000.0,744242855.45,9786376.05,XLE,VDE,Energy
2013-08-01,4.427955566562281,4.786074071694426,83.76,119.83,0.016258,0.012848,0.0,0.0,0.01625818975976716,0.012847603752852675,0.0,0.0034105860069144865,10646600.0,51400.0,768071318.15,9789239.35,XLE,VDE,Energy
2013-08-02,4.423528398098894,4.780970525791781,83.39,119.22,-0.004417,-0.005091,0.0,0.0,-0.004417382999045001,-0.005090544938663106,0.0,0.0006731619396181049,8185500.0,62200.0,760987377.4,9849425.45,XLE,VDE,Energy
2013-08-05,4.421127148295796,4.77912349311153,83.19,119.0,-0.002398,-0.001845,0.0,0.0,-0.002398369109005876,-0.0018453279651065259,0.0,-0.0005530411438993501,5191000.0,124900.0,735985043.5,10014402.85,XLE,VDE,Energy
2013-08-06,4.414977734813568,4.7733082982655715,82.68,118.31,-0.006131,-0.005798,0.0,0.0,-0.0061305445366028445,-0.005798319327731093,0.0,-0.0003322252088717517,6494400.0,61700.0,725197497.1,9940655.0,XLE,VDE,Energy
2013-08-07,4.411464070327499,4.769073157258028,82.39,117.81,-0.003508,-0.004226,0.0,0.0,-0.0035074987905177714,-0.004226185445017327,0.0,0.0007186866544995557,7033900.0,44500.0,710507308.15,9562215.0,XLE,VDE,Energy
2013-08-08,4.416911036527384,4.774912960575186,82.84,118.5,0.005462,0.005857,0.0,0.0,0.0054618278917344335,0.005856888209829387,0.0,-0.0003950603180949532,6743300.0,58800.0,679443414.5,9006607.5,XLE,VDE,Energy
2013-08-09,4.413888607822626,4.772124265650924,82.59,118.17,-0.003018,-0.002785,0.0,0.0,-0.003017865765330758,-0.0027848101265822785,0.0,-0.0002330556387484797,9815000.0,80600.0,684023338.9,8838917.85,XLE,VDE,Energy
2013-08-12,4.409641801706855,4.7671189529741085,82.24,117.58,-0.004238,-0.004993,0.0,0.0,-0.004237801186584445,-0.004992806973004993,0.0,0.000755005786420548,6313900.0,114100.0,667449755.7,8883383.45,XLE,VDE,Energy
2013-08-13,4.411464070327499,4.768818477516425,82.39,117.78,0.001824,0.001701,0.0,0.0,0.0018239299610896082,0.0017009695526450078,0.0,0.0001229604084446005,6916200.0,57200.0,668595753.7,8776090.25,XLE,VDE,Energy
2013-08-14,4.40684119104832,4.765160922297032,82.01,117.35,-0.004612,-0.003651,0.0,0.0,-0.004612210219686741,-0.003650874511801664,0.0,-0.0009613357078850772,6212600.0,47200.0,661697303.5,8639929.05,XLE,VDE,Energy
2013-08-15,4.401338945706255,4.759692225424263,81.56,116.71,-0.005487,-0.005454,0.0,0.0,-0.005487135715156802,-0.005453770771197273,0.0,-3.3364943959528735e-05,10819000.0,67500.0,666927954.05,8607314.5,XLE,VDE,Energy
2013-08-16,4.397284637062863,4.7562590403509475,81.23,116.31,-0.004046,-0.003427,0.0,0.0,-0.0040461010299166255,-0.0034272984320109674,0.0,-0.000618802597905658,8950400.0,44200.0,658551337.85,8460622.0,XLE,VDE,Energy
2013-08-19,4.3812763532831775,4.7394388067931255,79.94,114.37,-0.015881,-0.01668,0.0,0.0,-0.015880832204850426,-0.016679563236179175,0.0,0.0007987310313287491,10848300.0,65000.0,673529396.2,8271145.7,XLE,VDE,Energy
2013-08-20,4.387387240915977,4.745540638835367,80.43,115.07,0.00613,0.00612,0.0,0.0,0.006129597197898541,0.0061204861414706655,0.0,9.111056427875408e-06,9037200.0,66800.0,684754954.85,8235520.3,XLE,VDE,Energy
2013-08-21,4.3819016268607305,4.739701078945697,79.99,114.4,-0.005471,-0.005823,0.0,0.0,-0.005470595548924762,-0.0058225428000347615,0.0,0.00035194725110999914,9488400.0,66100.0,684106963.55,8215598.8,XLE,VDE,Energy
2013-08-22,4.396668911410751,4.754021132720446,81.18,116.05,0.014877,0.014423,0.0,0.0,0.014876859607451167,0.014423076923076924,0.0,0.00045378268437424284,8337200.0,45300.0,677914495.25,7928018.05,XLE,VDE,Energy
2013-08-23,4.403788126455394,4.761062205945065,81.76,116.87,0.007145,0.007066,0.0,0.0,0.007144616900714461,0.007065919862128393,0.0,7.869703858606747e-05,7392500.0,69100.0,679790535.25,7955980.3,XLE,VDE,Energy
2013-08-26,4.402074329977659,4.759949239775645,81.62,116.74,-0.001712,-0.001112,0.0,0.0,-0.0017123287671234019,-0.0011123470522803114,0.0,-0.0005999817148430904,7268900.0,69800.0,675322193.8,7895096.75,XLE,VDE,Energy
2013-08-27,4.395806258082254,4.753331536968612,81.11,115.97,-0.006248,-0.006596,0.0,0.0,-0.006248468512619456,-0.006595854034606818,0.0,0.0003473855219873626,10200600.0,66600.0,684093607.1,7805777.15,XLE,VDE,Energy
2013-08-28,4.412313327278754,4.769836807543325,82.46,117.9,0.016644,0.016642,0.0,0.0,0.01664406361730971,0.016642235060791585,0.0,1.8285565181255792e-06,11898200.0,56600.0,686798938.2,7737180.15,XLE,VDE,Energy
2013-08-29,4.401829261970061,4.7597779042145305,81.6,116.72,-0.010429,-0.010009,0.0,0.0,-0.010429299054086832,-0.010008481764206954,0.0,-0.00042081728987987746,11411100.0,112400.0,688768265.4,8085183.45,XLE,VDE,Energy
2013-08-30,4.401461547312489,4.758234561714928,81.57,116.54,-0.000368,-0.001542,-583225500.0,0.0,-0.07049216457706665,-0.0015421521590130226,-583225500.0,-0.06895001241805364,8541800.0,62200.0,689476554.45,8076848.65,XLE,VDE,Energy
2013-09-03,4.408790271943096,4.7633698006616365,82.17,117.14,0.007356,0.005148,0.0,0.0,0.007355645457889054,0.005148446885189634,0.0,0.0022071985726994196,8634400.0,70400.0,703359022.35,7746026.45,XLE,VDE,Energy
2013-09-04,4.414191262102954,4.769327772154375,82.615,117.84,0.005416,0.005976,0.0,0.0,0.005415601801143847,0.0059757555062318595,0.0,-0.0005601537050880121,7490100.0,169600.0,707450903.325,8380323.3,XLE,VDE,Energy
2013-09-05,4.417514427603435,4.772801027372043,82.89,118.25,0.003329,0.003479,0.0,0.0,0.0033286933365612795,0.003479293957909029,0.0,-0.0001506006213477496,6115100.0,69800.0,703818784.225,8530888.55,XLE,VDE,Energy
2013-09-06,4.4173937785111725,4.773815311965802,82.88,118.37,-0.000121,0.001015,0.0,0.0,-0.00012064181445288937,0.001014799154334038,0.0,-0.0011354409687869273,8025900.0,40200.0,709147365.225,8420422.25,XLE,VDE,Energy
2013-09-09,4.428492671579222,4.784821514226167,83.805,119.68,0.011161,0.011067,0.0,0.0,0.011160714285714407,0.011066993326011658,0.0,9.372095970274982e-05,8438000.0,60900.0,703973652.225,8308622.75,XLE,VDE,Energy
2013-09-10,4.428910220572732,4.785322725497206,83.84,119.74,0.000418,0.000501,0.0,0.0,0.00041763617922546307,0.000501336898395722,0.0,-8.370071917025891e-05,9153700.0,127300.0,716383205.825,8399973.95,XLE,VDE,Energy
2013-09-11,4.436514819957951,4.792396362115501,84.48,120.59,0.007634,0.007099,0.0,0.0,0.007633587786259542,0.007098713880073493,0.0,0.0005348739061860489,10700200.0,60300.0,733089564.725,8426702.0,XLE,VDE,Energy
2013-09-12,4.430578675256047,4.787074989285704,83.98,119.95,-0.005919,-0.005307,0.0,0.0,-0.005918560606060606,-0.0053072394062525915,0.0,-0.0006113211998080145,10702400.0,65700.0,752554176.025,8543791.75,XLE,VDE,Energy
2013-09-13,4.43022138352355,4.787325062224947,83.95,119.98,-0.000357,0.00025,0.0,0.0,-0.00035722791140747797,0.00025010421008753647,0.0,-0.0006073321214950145,5979000.0,158300.0,733531146.525,9099537.2,XLE,VDE,Energy
2013-09-16,4.429983118094737,4.787325062224947,83.93,119.98,-0.000238,0.0,0.0,0.0,-0.00023823704586051146,0.0,0.0,-0.00023823704586051146,8068700.0,65200.0,731039396.475,9233626.9,XLE,VDE,Energy
2013-09-17,4.434500481934585,4.792893792071041,84.31,120.65,0.004528,0.005584,0.0,0.0,0.004527582509233765,0.0055842640440073345,0.0,-0.0010566815347735695,5422100.0,47100.0,710535603.925,9146055.15,XLE,VDE,Energy
2013-09-18,4.446526092548494,4.80361112466193,85.33,121.95,0.012098,0.010775,0.0,0.0,0.012098208990629819,0.01077496891835889,0.0,0.0013232400722709287,11156600.0,72000.0,721792138.025,9200741.35,XLE,VDE,Energy
2013-09-19,4.444062025593334,4.802216138180428,85.12,121.78,-0.002461,-0.001394,0.0,0.0,-0.002461033634126333,-0.0013940139401394014,0.0,-0.0010670196939869317,9138500.0,82500.0,722736738.225,9324991.85,XLE,VDE,Energy
2013-09-20,4.4312928759767996,4.7942190635314725,84.04,120.81,-0.008075,-0.007965,0.0,0.0,-0.012687969924811911,-0.007965183117096403,0.0,-0.004722786807715509,13974000.0,154900.0,747614791.425,9997812.05,XLE,VDE,Energy
2013-09-23,4.426402307393435,4.78957290898587,83.63,120.25,-0.004879,-0.004635,0.0,0.0,-0.004878629224179081,-0.0046353778660706895,0.0,-0.00024325135810839178,8520100.0,85700.0,753021049.575,10109297.45,XLE,VDE,Energy
2013-09-24,4.427358444671965,4.791317747615575,83.71,120.46,0.000957,0.001746,0.0,0.0,0.0009565945234962326,0.0017463617463617464,0.0,-0.0007897672228655137,5540700.0,49300.0,746547268.525,9998808.75,XLE,VDE,Energy
2013-09-25,4.427119496044782,4.7917327370393,83.69,120.51,-0.000239,0.000415,0.0,0.0,-0.00023892008123270743,0.0004150755437489623,0.0,-0.0006539956249816697,11193700.0,63100.0,752018772.875,9992837.7,XLE,VDE,Energy
2013-09-26,4.428910220572732,4.79214755431824,83.84,120.56,0.001792,0.000415,0.0,0.0,0.0017923288325964871,0.00041490332752468673,0.0,0.0013774255050718004,7720300.0,82000.0,735325991.875,10153476.7,XLE,VDE,Energy
2013-09-27,4.425445255041403,4.789489745444719,83.55,120.24,-0.003459,-0.002654,0.0,0.0,-0.003458969465648855,-0.0026542800265428003,0.0,-0.0008046894391060548,7171000.0,134700.0,718725556.375,10307326.7,XLE,VDE,Energy
2013-09-30,4.417743620784131,4.781725147887709,82.909,119.31,-0.007672,-0.007735,91199900.0,11931000.0,0.0038454599677154363,-0.002582581462205392,79268900.0,0.006428041429920829,10433200.0,136700.0,727138134.015,10760371.15,XLE,VDE,Energy
2013-10-01,4.424127810692517,4.789323397611016,83.44,120.22,0.006405,0.007627,0.0,0.0,0.006404612285758965,0.007627189673958595,0.0,-0.0012225773881996303,10852700.0,76500.0,736941166.015,10807879.85,XLE,VDE,Energy
2013-10-02,4.426402307393435,4.791815714262101,83.63,120.52,0.002277,0.002495,0.0,0.0,0.002277085330776606,0.002495425054067543,0.0,-0.0002183397232909368,7716400.0,48800.0,738267562.04,10102665.45,XLE,VDE,Energy
2013-10-03,4.417635062141249,4.7839019739314885,82.9,119.57,-0.008729,-0.007882,0.0,0.0,-0.008728925026904102,-0.007882509127115831,0.0,-0.0008464158997882713,10143500.0,106000.0,754968337.5899999,10323693.95,XLE,VDE,Energy
2013-10-04,4.4277167605909975,4.792976673012616,83.74,120.66,0.010133,0.009116,0.0,0.0,0.010132689987937033,0.00911599899640378,0.0,0.001016690991533252,9313100.0,74900.0,760702957.6899999,10537641.95,XLE,VDE,Energy
2013-10-07,4.419442836059304,4.785072151263279,83.05,119.71,-0.00824,-0.007873,0.0,0.0,-0.008239789825650707,-0.00787336316923587,0.0,-0.000366426656414837,7928700.0,61700.0,758269554.9399999,10542521.7,XLE,VDE,Energy
2013-10-08,4.408668565620303,4.774406503233391,82.16,118.44,-0.010716,-0.010609,0.0,0.0,-0.010716435881998797,-0.01060897168156378,0.0,-0.00010746420043501737,10578000.0,117500.0,763351668.54,10476211.6,XLE,VDE,Energy
2013-10-09,4.405132623388357,4.769921621588582,81.87,117.91,-0.00353,-0.004475,0.0,0.0,-0.0035296981499513143,-0.00447483958122256,0.0,0.0009451414312712457,13109700.0,111400.0,771818580.6899999,10769391.45,XLE,VDE,Energy
2013-10-10,4.423528398098894,4.788657729422015,83.39,120.14,0.018566,0.018913,0.0,0.0,0.018566019298888483,0.018912730048341955,0.0,-0.0003467107494534716,12827600.0,64400.0,780363881.29,10762206.5,XLE,VDE,Energy
2013-10-11,4.434263234009391,4.799584990469429,84.29,121.46,0.010793,0.010987,0.0,0.0,0.010792660990526561,0.010987181621441652,0.0,-0.00019452063091509111,11925500.0,68000.0,805527048.54,10225528.8,XLE,VDE,Energy
2013-10-14,4.441002839774179,4.8060681283549815,84.86,122.25,0.006762,0.006504,0.0,0.0,0.006762368015185549,0.00650419891322246,0.0,0.00025816910196308895,8369900.0,86900.0,807180234.6899999,10365570.25,XLE,VDE,Energy
2013-10-15,4.4373430753445895,4.802051894113376,84.55,121.76,-0.003653,-0.004008,0.0,0.0,-0.0036530756540183833,-0.004008179959100204,0.0,0.0003551043050818211,11393200.0,104900.0,832488125.14,10720070.7,XLE,VDE,Energy
2013-10-16,4.452252079563379,4.816160181129731,85.82,123.49,0.015021,0.014208,0.0,0.0,0.015020697811945477,0.014208278580814717,0.0,0.0008124192311307604,12608100.0,83000.0,838989848.3399999,10793534.2,XLE,VDE,Energy
2013-10-17,4.454347296253507,4.819313355105002,86.0,123.88,0.002097,0.003158,0.0,0.0,0.0020974131903986246,0.0031581504575269254,0.0,-0.0010607372671283008,12290100.0,90600.0,852943822.3399999,10852368.1,XLE,VDE,Energy
2013-10-18,4.465218225560646,4.829113417472866,86.94,125.1,0.01093,0.009848,0.0,0.0,0.010930232558139534,0.009848240232483048,0.0,0.0010819923256564865,12950600.0,99300.0,850521332.54,10537816.15,XLE,VDE,Energy
2013-10-21,4.4607222816222185,4.824964133638379,86.55,124.582,-0.004486,-0.004141,0.0,0.0,-0.004485852311939268,-0.004140687450039968,0.0,-0.00034516486189930043,7853500.0,84600.0,848880555.64,10549526.76,XLE,VDE,Energy
2013-10-22,4.466252886801422,4.829752701496555,87.03,125.18,0.005546,0.0048,0.0,0.0,0.005545927209705373,0.004800051371787257,0.0,0.000745875837918116,14297600.0,117100.0,887905962.1899999,10985521.76,XLE,VDE,Energy
2013-10-23,4.450491033210266,4.815025842975365,85.669,123.35,-0.015638,-0.014619,0.0,0.0,-0.01563828564862691,-0.014618948713852054,0.0,-0.0010193369347748574,16835300.0,132500.0,913179090.325,11422506.459999999,XLE,VDE,Energy
2013-10-24,4.455277096413474,4.822939320964847,86.08,124.33,0.004798,0.007945,0.0,0.0,0.004797534697498512,0.007944872314552088,0.0,-0.003147337617053576,7873700.0,75600.0,914703997.525,11398177.86,XLE,VDE,Energy
2013-10-25,4.461299815568389,4.825910852685991,86.6,124.7,0.006041,0.002976,0.0,0.0,0.006040892193308434,0.002975951097884662,0.0,0.0030649410954237725,8752300.0,62400.0,922644604.025,10977425.459999999,XLE,VDE,Energy
2013-10-28,4.462107803146254,4.826641940628669,86.67,124.7912,0.000808,0.000731,0.0,0.0,0.0008083140877599302,0.000731355252606255,0.0,7.695883515367518e-05,7661200.0,76700.0,912594105.2850001,10640515.862,XLE,VDE,Energy
2013-10-29,4.469121341524815,4.834375328680896,87.28,125.76,0.007038,0.007763,0.0,0.0,0.007038190838813892,0.0077633679297899215,0.0,-0.0007251770909760293,6467100.0,51100.0,895539065.2850001,10501991.161999999,XLE,VDE,Energy
2013-10-30,4.462338536880549,4.827993686091376,86.69,124.96,-0.00676,-0.006361,0.0,0.0,-0.006759853345554537,-0.006361323155216285,0.0,-0.00039853019033825234,11397700.0,62300.0,912676269.335,10597172.761999998,XLE,VDE,Energy
2013-10-31,4.458871928370793,4.826071224749521,86.39,124.72,-0.003461,-0.001921,190058000.0,12472000.0,0.0194067677644342,0.0032347541295859304,177586000.0,0.016172013634848267,9088100.0,64800.0,909887509.7850001,10367544.561999999,XLE,VDE,Energy
2013-11-01,4.455277096413474,4.821973681556102,86.08,124.21,-0.003588,-0.004089,0.0,0.0,-0.0035883782845236717,-0.0040891597177678,0.0,0.0005007814332441286,12347600.0,142400.0,924037630.485,10800048.062,XLE,VDE,Energy
2013-11-04,4.46763077196603,4.835885002798619,87.15,125.95,0.01243,0.014009,0.0,0.0,0.01243029739776963,0.014008533934465824,0.0,-0.0015782365366961947,7238800.0,67500.0,922656774.735,10855823.962000001,XLE,VDE,Energy
2013-11-05,4.458524605646606,4.828153724500936,86.36,124.98,-0.009065,-0.007701,0.0,0.0,-0.00906483075157785,-0.007701468836840016,0.0,-0.0013633619147378337,8027200.0,65400.0,913863800.335,10568673.562,XLE,VDE,Energy
2013-11-06,4.461473010730904,4.830311739964974,86.615,125.25,0.002953,0.00216,0.0,0.0,0.0029527559055116982,0.0021603456553048487,0.0,0.0007924102502068495,9093300.0,59100.0,899580052.36,10282028.612,XLE,VDE,Energy
2013-11-07,4.445939960417534,4.815350070910442,85.28,123.39,-0.015413,-0.01485,0.0,0.0,-0.01541303469375963,-0.014850299401197605,0.0,-0.0005627352925620249,20888500.0,118000.0,935163938.1600001,10623178.812,XLE,VDE,Energy
2013-11-08,4.4607222816222185,4.831269365127934,86.55,125.37,0.014892,0.016047,0.0,0.0,0.014892120075046904,0.016046681254558718,0.0,-0.0011545611795118135,13242900.0,107300.0,942212568.1600001,10882824.862,XLE,VDE,Energy
2013-11-11,4.462569217389069,4.833102254034098,86.71,125.6,0.001849,0.001835,0.0,0.0,0.001848642403235012,0.0018345696737656536,0.0,1.4072729469358355e-05,5179700.0,57900.0,929155671.8100001,10715260.612,XLE,VDE,Energy
2013-11-12,4.453300236649965,4.82326099366565,85.91,124.37,-0.009226,-0.009793,0.0,0.0,-0.009226156152692773,-0.009792993630573248,0.0,0.0005668374778804754,8680700.0,83900.0,918278865.6600001,10598361.562,XLE,VDE,Energy
2013-11-13,4.461992416311763,4.830311739964974,86.66,125.25,0.00873,0.007076,0.0,0.0,0.008730066348504248,0.007075661333118919,0.0,0.0016544050153853287,10903400.0,94800.0,911421940.76,10679563.062,XLE,VDE,Energy
2013-11-14,4.467974946810247,4.837947186270539,87.18,126.21,0.006,0.007665,0.0,0.0,0.00600046157396734,0.007664670658682635,0.0,-0.0016642090847152945,9668100.0,66600.0,900717758.6600001,10538665.962000001,XLE,VDE,Energy
2013-11-15,4.473465694990663,4.8439508380817005,87.66,126.97,0.005506,0.006022,0.0,0.0,0.005505849965588326,0.006021709848664923,0.0,-0.0005158598830765975,7369800.0,113800.0,876723333.86,10640003.762,XLE,VDE,Energy
2013-11-18,4.46579316951945,4.835249628303414,86.99,125.87,-0.007643,-0.008663,0.0,0.0,-0.007643166780743894,-0.0086634638103489,0.0,0.0010202970296050067,10466200.0,97400.0,888260049.51,10726008.802000001,XLE,VDE,Energy
2013-11-19,4.467516020689296,4.835329072196206,87.14,125.88,0.001724,7.9e-05,0.0,0.0,0.0017243361305898349,7.944704854214666e-05,0.0,0.0016448890820476882,9456400.0,81800.0,867245577.9100001,10507929.102000002,XLE,VDE,Energy
2013-11-20,4.465103197090973,4.832783731973753,86.93,125.56,-0.00241,-0.002542,0.0,0.0,-0.0024099150791828125,-0.002542103590721322,0.0,0.00013218851153850956,13262900.0,112900.0,852779606.975,10399521.552000001,XLE,VDE,Energy
2013-11-21,4.474605815966975,4.84229553482272,87.76,126.76,0.009548,0.009557,0.0,0.0,0.00954791211319441,0.009557183816502071,0.0,-9.271703307660306e-06,7122800.0,54400.0,850146048.575,10274341.352000002,XLE,VDE,Energy
2013-11-22,4.479947041234014,4.847958705112053,88.23,127.4799,0.005356,0.005679,0.0,0.0,0.005355515041020966,0.005679236352161565,0.0,-0.0003237213111405993,7559500.0,50000.0,845597323.825,10203977.102000002,XLE,VDE,Energy
2013-11-25,4.470838473192799,4.838818369947386,87.43,126.32,-0.009067,-0.009099,0.0,0.0,-0.009067210699308515,-0.009098689283565487,0.0,3.147858425697238e-05,9752600.0,90000.0,855031004.525,10293842.85,XLE,VDE,Energy
2013-11-26,4.468319003238894,4.836757984084964,87.21,126.06,-0.002516,-0.002058,0.0,0.0,-0.002516298753288567,-0.002058264724509183,0.0,-0.0004580340287793842,6774800.0,61500.0,856350095.525,10360160.55,XLE,VDE,Energy
2013-11-27,4.46153073578648,4.828633686113221,86.62,125.04,-0.006765,-0.008091,0.0,0.0,-0.006765279211099534,-0.00809138505473584,0.0,0.0013261058436363068,9319300.0,83900.0,847308653.175,10495452.95,XLE,VDE,Energy
2013-11-29,4.459450531638685,4.827753580443738,86.44,124.93,-0.002078,-0.00088,77796000.0,49972000.0,0.007079632408716469,0.019657183493676678,27824000.0,-0.012577551084960208,4976700.0,42400.0,829561902.625,10356211.75,XLE,VDE,Energy
2013-12-02,4.460144413937834,4.827753580443738,86.5,124.93,0.000694,0.0,0.0,0.0,0.0006941230911614993,0.0,0.0,0.0006941230911614993,9619400.0,94800.0,818021737.225,10064004.75,XLE,VDE,Energy
2013-12-03,4.462569217389069,4.830870466083991,86.71,125.32,0.002428,0.003122,0.0,0.0,0.002427745664739773,0.003121748178980229,0.0,-0.0006940025142404558,10845100.0,94800.0,833497597.275,10232940.3,XLE,VDE,Energy
2013-12-04,4.459334837764547,4.827753580443738,86.43,124.93,-0.003229,-0.003112,0.0,0.0,-0.003229154653442288,-0.0031120331950207467,0.0,-0.00011712145842154116,10035000.0,100800.0,842202400.175,10453902.9,XLE,VDE,Energy
2013-12-05,4.455973879625964,4.823984379141072,86.14,124.46,-0.003355,-0.003762,0.0,0.0,-0.0033553164410506722,-0.0037621067797966863,0.0,0.00040679033874601407,10072000.0,57500.0,846201695.2,10441611.65,XLE,VDE,Energy
2013-12-06,4.4591034098533076,4.827513417131532,86.41,124.9,0.003134,0.003535,0.0,0.0,0.0031344323194799164,0.0035352723766672025,0.0,-0.0004008400571872861,11673000.0,138600.0,807566327.7,10579167.65,XLE,VDE,Energy
2013-12-09,4.460491174618648,4.828153724500936,86.53,124.98,0.001389,0.000641,0.0,0.0,0.0013887281564633723,0.0006405124099279424,0.0,0.0007482157465354299,13075600.0,448500.0,806829261.35,12709234.1,XLE,VDE,Energy
2013-12-10,4.457481913088487,4.824948079825999,86.27,124.58,-0.003005,-0.003201,0.0,0.0,-0.0030047382410724605,-0.003200512081933109,0.0,0.00019577384086064869,10566000.0,154000.0,829949113.0,13304888.1,XLE,VDE,Energy
2013-12-11,4.44323931884187,4.810638445622293,85.05,122.81,-0.014142,-0.014208,0.0,0.0,-0.014141648313434566,-0.014207737999678921,0.0,6.608968624435482e-05,14682700.0,178800.0,855099347.9,13881077.35,XLE,VDE,Energy
2013-12-12,4.4474631899580555,4.8154311114712876,85.41,123.4,0.004233,0.004804,0.0,0.0,0.004232804232804233,0.004804169041608989,0.0,-0.0005713648088047562,10983900.0,156800.0,854761660.65,14254848.35,XLE,VDE,Energy
2013-12-13,4.444179499895966,4.811615087679249,85.13,122.93,-0.003278,-0.003809,0.0,0.0,-0.003278304648167662,-0.003808752025931929,0.0,0.0005304473777642668,12165300.0,195300.0,864400012.2,15034980.5,XLE,VDE,Energy
2013-12-16,4.452834524684393,4.821490511954176,85.87,124.15,0.008693,0.009924,0.0,0.0,0.00869258780688359,0.009924347189457415,0.0,-0.0012317593825738257,12161300.0,135300.0,884312720.35,15152395.95,XLE,VDE,Energy
2013-12-17,4.447110710094649,4.81591721696575,85.3799,123.46,-0.005708,-0.005558,0.0,0.0,-0.005707464772330222,-0.005557792992347967,0.0,-0.00014967177998225552,9856200.0,419300.0,880866051.9690001,17127747.95,XLE,VDE,Energy
2013-12-18,4.462107803146254,4.830950258623431,86.67,125.33,0.01511,0.015147,0.0,0.0,0.015110113738713633,0.015146606188239107,0.0,-3.649244952547322e-05,15264400.0,148300.0,905812794.569,17542220.7,XLE,VDE,Energy
2013-12-19,4.464988155388229,4.832624432889386,86.92,125.54,0.002885,0.001676,0.0,0.0,0.002884504442136841,0.0016755764780978218,0.0,0.0012089279640390192,11214100.0,177300.0,896902078.319,17946346.6,XLE,VDE,Energy
2013-12-20,4.462107803146254,4.819071155935369,86.67,123.85,0.001757,0.004015,0.0,0.0,-0.0028762080073630927,-0.013461844830332961,0.0,0.010585636822969868,15694300.0,110200.0,933658480.9690001,18283972.9,XLE,VDE,Energy
2013-12-23,4.463145685958674,4.819474788635096,86.76,123.9,0.001038,0.000404,0.0,0.0,0.001038421599169374,0.0004037141703673799,0.0,0.0006347074288019941,9769900.0,105100.0,942691572.919,18616367.65,XLE,VDE,Energy
2013-12-24,4.468662941333428,4.826231571097977,87.24,124.74,0.005532,0.00678,0.0,0.0,0.0055325034578145495,0.006779661016949152,0.0,-0.0012471575591346028,5594400.0,63700.0,924460854.819,18445224.55,XLE,VDE,Energy
2013-12-26,4.475744638547633,4.833579846974801,87.86,125.66,0.007107,0.007375,0.0,0.0,0.007106831728564879,0.007375340708674042,0.0,-0.00026850898010916373,8857700.0,145700.0,933831215.519,18973023.15,XLE,VDE,Energy
2013-12-27,4.480626850913491,4.83929324134531,88.29,126.38,0.004894,0.00573,0.0,0.0,0.00489414978374687,0.005729746936176986,0.0,-0.0008355971524301158,5866300.0,169100.0,919366108.569,19517023.25,XLE,VDE,Energy
2013-12-30,4.473465694990663,4.831747834036584,87.66,125.43,-0.007136,-0.007517,0.0,0.0,-0.007135575942915392,-0.007517012185472385,0.0,0.0003814362425569925,7045700.0,183500.0,928738114.269,20402991.9,XLE,VDE,Energy
2013-12-31,4.483115539980786,4.839688795323807,88.51,126.43,0.009697,0.007973,-716931000.0,37929000.0,-0.07293668309499775,0.02319874616214482,-754860000.0,-0.09613542925714257,8075600.0,199700.0,922872777.069,21073227.25,XLE,VDE,Energy
2014-01-02,4.468777561082536,4.825269107116076,87.25,124.62,-0.014236,-0.014316,0.0,0.0,-0.014235679584227771,-0.014316222415565925,0.0,8.054283133815399e-05,11133500.0,247100.0,924423739.769,22018890.55,XLE,VDE,Energy
2014-01-03,4.465103197090973,4.822858886619337,86.93,124.32,-0.003668,-0.002407,0.0,0.0,-0.0036676217765041776,-0.002407318247472316,0.0,-0.0012603035290318617,9714200.0,134300.0,923280257.569,22224052.15,XLE,VDE,Energy
2014-01-06,4.466482666214198,4.82261754475742,87.05,124.29,0.00138,-0.000241,0.0,0.0,0.0013804210284135453,-0.00024131274131274132,0.0,0.0016217337697262866,9256600.0,192100.0,920189505.069,23060035.1,XLE,VDE,Energy
2014-01-07,4.47403591796329,4.8303915770972665,87.71,125.26,0.007582,0.007804,0.0,0.0,0.0075818495117747214,0.007804328586370585,0.0,-0.0002224790745958636,6650900.0,157700.0,898923830.519,23182153.2,XLE,VDE,Energy
2014-01-08,4.467056883858457,4.823904028813601,87.1,124.45,-0.006955,-0.006467,0.0,0.0,-0.006954737202143428,-0.006466549576880089,0.0,-0.00048818762526333867,10941400.0,158400.0,890002044.1190001,21365120.7,XLE,VDE,Energy
2014-01-09,4.463952184072554,4.820442842921731,86.83,124.02,-0.0031,-0.003455,0.0,0.0,-0.003099885189437308,-0.003455202892728003,0.0,0.00035531770329069517,12222700.0,158100.0,897490455.169,21386232.8,XLE,VDE,Energy
2014-01-10,4.464758032271346,4.822134686225586,86.9,124.23,0.000806,0.001693,0.0,0.0,0.0008061729816884774,0.0016932752781809385,0.0,-0.0008871022964924611,10470000.0,147900.0,880544423.419,21206992.25,XLE,VDE,Energy
2014-01-13,4.44464925915299,4.802544545408338,85.17,121.82,-0.019908,-0.0194,0.0,0.0,-0.019907940161104837,-0.019399500925702327,0.0,-0.0005084392354025094,16717600.0,216200.0,904829578.069,21556410.45,XLE,VDE,Energy
2014-01-14,4.457597821520956,4.814863689577897,86.28,123.33,0.013033,0.012395,0.0,0.0,0.013032758013384995,0.012395337383024134,0.0,0.0006374206303608604,13222000.0,138300.0,910087686.6190001,21208825.95,XLE,VDE,Energy
2014-01-15,4.454696072633257,4.812184355372417,86.03,123.0,-0.002898,-0.002676,0.0,0.0,-0.002897542883634678,-0.002675747993189005,0.0,-0.0002217948904456729,11667800.0,124800.0,908062186.769,21136471.2,XLE,VDE,Energy
2014-01-16,4.456089962973938,4.813565514953393,86.15,123.17,0.001395,0.001382,0.0,0.0,0.0013948622573522085,0.0013821138211382114,0.0,1.2748436213997141e-05,11297000.0,119000.0,914647945.75,19280993.8,XLE,VDE,Energy
2014-01-17,4.454463568563388,4.812672041312344,86.01,123.06,-0.001625,-0.000893,0.0,0.0,-0.0016250725478817235,-0.0008930746123244297,0.0,-0.0007319979355572938,12632800.0,111800.0,902827024.75,19039577.25,XLE,VDE,Energy
2014-01-21,4.462684537691336,4.818425004551931,86.72,123.77,0.008255,0.00577,0.0,0.0,0.008254854086734102,0.005769543312205428,0.0,0.002485310774528673,12725700.0,153600.0,909269181.35,18877218.75,XLE,VDE,Energy
2014-01-22,4.467286478624705,4.823662939086874,87.12,124.42,0.004613,0.005252,0.0,0.0,0.004612546125461255,0.0052516764967278015,0.0,-0.0006391303712665469,10557500.0,123700.0,887246402.3,18964342.95,XLE,VDE,Energy
2014-01-23,4.455857782801083,4.812021740525323,86.13,122.98,-0.011364,-0.011574,0.0,0.0,-0.011363636363636364,-0.011573701977174087,0.0,0.00021006561353772296,14900700.0,209200.0,909034440.65,19599619.25,XLE,VDE,Energy
2014-01-24,4.434736487768226,4.789988622980633,84.3299,120.3,-0.0209,-0.021792,0.0,0.0,-0.020899802623940627,-0.021792161327045048,0.0,0.0008923587031044213,17426100.0,216300.0,958108731.3694999,20503366.85,XLE,VDE,Energy
2014-01-27,4.431173877940127,4.784905066885279,84.03,119.69,-0.003556,-0.005071,0.0,0.0,-0.003556271263217361,-0.005070656691604322,0.0,0.0015143854283869614,16054500.0,605100.0,986649837.0195,23209154.7,XLE,VDE,Energy
2014-01-28,4.438761347654186,4.793473814459594,84.67,120.72,0.007616,0.008606,0.0,0.0,0.00761632750208259,0.008605564374634472,0.0,-0.0009892368725518824,9112700.0,118900.0,999331671.1194999,22858292.2,XLE,VDE,Energy
2014-01-29,4.4331949212482815,4.788074906042627,84.2,120.07,-0.005551,-0.005384,0.0,0.0,-0.005550962560529113,-0.005384360503644798,0.0,-0.00016660205688431504,20124800.0,145900.0,1053175776.0195,22583382.6,XLE,VDE,Energy
2014-01-30,4.436396441739405,4.790487251761845,84.47,120.36,0.003207,0.002415,0.0,0.0,0.0032066508313539194,0.00241525776630299,0.0,0.0007913930650509295,12265600.0,206300.0,1069240969.8195,22562492.45,XLE,VDE,Energy
2014-01-31,4.423408472452651,4.7764307954226215,83.38,118.68,-0.012904,-0.013958,237633000.0,59458680.0,0.01805341990456286,0.010546188814508854,178174320.0,0.0075072310900540055,15983100.0,169500.0,1087304619.9695,22028625.35,XLE,VDE,Energy
2014-02-03,4.405376883282097,4.758234561714928,81.89,116.54,-0.01787,-0.018032,0.0,0.0,-0.017869992804029743,-0.018031681833501855,0.0,0.00016168902947211183,25172800.0,298200.0,1148151879.2695,22931427.95,XLE,VDE,Energy
2014-02-04,4.415582293202092,4.7664383335842135,82.73,117.5,0.010258,0.008238,0.0,0.0,0.01025766271828062,0.008237515016303414,0.0,0.0020201477019772054,20339800.0,261500.0,1191998110.4695,23273935.0,XLE,VDE,Energy
2014-02-05,4.4057431612911975,4.756430979828675,81.92,116.33,-0.009791,-0.009957,0.0,0.0,-0.009790886014746767,-0.009957446808510639,0.0,0.00016656079376387196,27270900.0,372700.0,1274532194.9194999,24454069.45,XLE,VDE,Energy
2014-02-06,4.420525933824491,4.772378104971998,83.14,118.2,0.014893,0.016075,0.0,0.0,0.014892578125,0.016074959167884467,0.0,-0.0011823810428844665,13028200.0,268900.0,1281040625.3195,25057624.45,XLE,VDE,Energy
2014-02-07,4.4312928759767996,4.782814153230935,84.04,119.44,0.010825,0.010491,0.0,0.0,0.010825114265095142,0.010490693739424704,0.0,0.00033442052567043794,12402200.0,107100.0,1280089817.6694999,24716847.55,XLE,VDE,Energy
2014-02-10,4.426402307393435,4.776515052068413,83.63,118.69,-0.004879,-0.006279,0.0,0.0,-0.004878629224179083,-0.0062793034159410585,0.0,0.0014006741917619754,7960900.0,494100.0,1267886171.0195,26730403.15,XLE,VDE,Energy
2014-02-11,4.439351701293151,4.79082036343916,84.72,120.4001,0.013034,0.014408,0.0,0.0,0.01303360038263781,0.014408121998483405,0.0,-0.001374521615845595,10869600.0,138200.0,1242737897.0195,26245493.641,XLE,VDE,Energy
2014-02-12,4.436988192747856,4.790570332391644,84.52,120.37,-0.002361,-0.00025,0.0,0.0,-0.002360717658168083,-0.0002499997923589381,0.0,-0.0021107178658091447,6812400.0,231100.0,1214487391.4194999,26783542.041,XLE,VDE,Energy
2014-02-13,4.441709636835055,4.795790545596741,84.92,121.0,0.004733,0.005234,0.0,0.0,0.00473260766682442,0.005233862258037717,0.0,-0.0005012545912132967,9798900.0,99800.0,1205904479.1195,26619812.041,XLE,VDE,Energy
2014-02-14,4.454696072633257,4.809660848803092,86.03,122.69,0.013071,0.013967,0.0,0.0,0.013071125765426284,0.01396694214876033,0.0,-0.0008958163833340457,12618300.0,101400.0,1211520269.0695,26508988.841,XLE,VDE,Energy
2014-02-18,4.459219130503787,4.814701509882439,86.42,123.31,0.004533,0.005053,0.0,0.0,0.004533302336394281,0.005053386584073682,0.0,-0.0005200842476794009,8854000.0,144700.0,1195451046.6694999,26713231.291,XLE,VDE,Energy
2014-02-19,4.460491174618648,4.813971375586425,86.53,123.22,0.001273,-0.00073,0.0,0.0,0.0012728535061328396,-0.0007298678128294542,0.0,0.002002721318962294,23821900.0,120400.0,1243337861.8195,26504462.091,XLE,VDE,Energy
2014-02-20,4.467056883858457,4.821087692210561,87.1,124.1,0.006587,0.007142,0.0,0.0,0.006587310759274123,0.007141697776335011,0.0,-0.0005543870170608882,9436900.0,93700.0,1238447091.3195,26316332.891,XLE,VDE,Energy
2014-02-21,4.4591034098533076,4.815269023781492,86.41,123.38,-0.007922,-0.005802,0.0,0.0,-0.00792192881745109,-0.0058017727639000805,0.0,-0.002120156053551009,11582800.0,93700.0,1224320714.1694999,25607997.391,XLE,VDE,Energy
2014-02-24,4.47403591796329,4.831668105114875,87.71,125.42,0.015045,0.016534,0.0,0.0,0.015044555028353081,0.016534284324850056,0.0,-0.001489729296496975,18613800.0,1284800.0,1232474470.55,32363933.691000003,XLE,VDE,Energy
2014-02-25,4.473579765600494,4.830551232242493,87.67,125.28,-0.000456,-0.001116,0.0,0.0,-0.0004560483411240432,-0.001116249402009249,0.0,0.0006602010608852057,9583200.0,208200.0,1207029446.0,30046877.541,XLE,VDE,Energy
2014-02-26,4.467286478624705,4.824626949444306,87.12,124.54,-0.006273,-0.005907,0.0,0.0,-0.006273525721455458,-0.00590676883780332,0.0,-0.0003667568836521378,10048200.0,111700.0,1212220789.75,30024753.041,XLE,VDE,Energy
2014-02-27,4.468319003238894,4.824867806898001,87.21,124.57,0.001033,0.000241,0.0,0.0,0.0010330578512395526,0.00024088646218082543,0.0,0.0007921713890587271,9333400.0,121700.0,1168193672.45,29906850.841000002,XLE,VDE,Energy
2014-02-28,4.473351611367243,4.830631050257462,87.65,125.29,0.005045,0.00578,100797500.0,137819000.0,0.017377268632684115,0.059328010722696056,-37021500.0,-0.04195074209001194,10474400.0,136900.0,1162293968.85,29522947.491000004,XLE,VDE,Energy
2014-03-03,4.466942066704648,4.824948079825999,87.09,124.58,-0.006389,-0.005667,0.0,0.0,-0.006389047347404564,-0.005666852901269056,0.0,-0.0007221944461355077,12463575.0,178766.0,1149933062.2875,29630667.905,XLE,VDE,Energy
2014-03-04,4.477791256658261,4.836123164193783,88.04,125.98,0.010908,0.011238,0.0,0.0,0.010908255827305202,0.011237758869802536,0.0,-0.00032950304249733386,10524448.0,104398.0,1093191652.7835,28550659.507,XLE,VDE,Energy
2014-03-05,4.46843366241462,4.825509809969567,87.22,124.65,-0.009314,-0.010557,0.0,0.0,-0.009313948205361312,-0.010557231306556596,0.0,0.0012432831011952843,10865326.0,129760.0,1056439756.7695,27823076.207,XLE,VDE,Energy
2014-03-06,4.4756308146331065,4.831827556602097,87.85,125.44,0.007223,0.006338,0.0,0.0,0.007223113964686883,0.006337745687926193,0.0,0.00088536827676069,7788265.0,101636.0,978948104.382,26292727.649,XLE,VDE,Energy
2014-03-07,4.477564061382945,4.8338185579367465,88.02,125.69,0.001935,0.001993,0.0,0.0,0.0019351166761526473,0.001992984693877551,0.0,-5.7868017724903775e-05,9852702.0,107573.0,968151618.484,25379571.1675,XLE,VDE,Energy
2014-03-10,4.479153345404605,4.835885002798619,88.16,125.95,0.001591,0.002069,0.0,0.0,0.0015905476028175414,0.00206858143050362,0.0,-0.00047803382768607863,8864421.0,94843.0,955111941.852,25337243.76,XLE,VDE,Energy
2014-03-11,4.467745510076419,4.822858886619337,87.16,124.32,-0.011343,-0.012942,0.0,0.0,-0.011343012704174229,-0.012941643509329099,0.0,0.00159863080515487,12267991.0,95081.0,975287343.28,22996030.806,XLE,VDE,Energy
2014-03-12,4.467860235023485,4.823904028813601,87.17,124.45,0.000115,0.001046,0.0,0.0,0.00011473152822395595,0.0010456885456885457,0.0,-0.0009309570174645897,9368623.0,105848.0,970076861.0254999,22822705.295,XLE,VDE,Energy
2014-03-13,4.457829598089382,4.813890216636577,86.3,123.21,-0.00998,-0.009964,0.0,0.0,-0.009980497877710222,-0.009963840899959824,0.0,-1.6656977750398316e-05,11272755.0,136285.0,989929596.4504999,22271413.6875,XLE,VDE,Energy
2014-03-14,4.458756167532555,4.816726868050381,86.38,123.56,0.000927,0.002841,0.0,0.0,0.0009269988412514484,0.002840678516354192,0.0,-0.0019136796751027438,10653337.0,119901.0,994335229.5534999,22408372.0655,XLE,VDE,Energy
2014-03-17,4.464067345010091,4.823100170249414,86.84,124.35,0.005325,0.006394,0.0,0.0,0.005325306783977773,0.006393654904499838,0.0,-0.0010683481205220656,10419160.0,103664.0,985297604.8235,22430864.685500003,XLE,VDE,Energy
2014-03-18,4.472438473534133,4.8319072728124315,87.57,125.45,0.008406,0.008846,0.0,0.0,0.00840626439428823,0.008845999195818254,0.0,-0.00043973480153002356,6995115.0,85134.0,977667581.8510001,22072719.850500003,XLE,VDE,Energy
2014-03-19,4.464873100449369,4.823662939086874,86.91,124.42,-0.007537,-0.00821,0.0,0.0,-0.007536827680712459,-0.0082104424073336,0.0,0.0006736147266211403,9322526.0,104669.0,915113168.234,21982081.2995,XLE,VDE,Energy
2014-03-20,4.468777561082536,4.828473724503667,87.25,125.02,0.003912,0.004822,0.0,0.0,0.00391209296973881,0.0048223758238225365,0.0,-0.0009102828540837266,8713363.0,108212.0,912027514.8215001,22077106.0115,XLE,VDE,Energy
2014-03-21,4.4665975361241514,4.832305758571839,87.06,125.5,0.002717,0.003839,0.0,0.0,-0.002177650429799427,0.003839385698288274,0.0,-0.006017036128087701,14130162.0,102200.0,923492622.6074998,22140375.7115,XLE,VDE,Energy
2014-03-24,4.464527856185625,4.829433110570218,86.88,125.14,-0.002068,-0.002869,0.0,0.0,-0.002067539627842867,-0.0028685258964143427,0.0,0.0008009862685714759,10043960.0,175041.0,885492764.9475,15178626.448500002,XLE,VDE,Energy
2014-03-25,4.473465694990663,4.83763020393965,87.66,126.17,0.008978,0.008231,0.0,0.0,0.008977900552486187,0.008230781524692345,0.0,0.0007471190277938428,7176575.0,110927.0,874939735.9725001,14574244.628,XLE,VDE,Energy
2014-03-26,4.468777561082536,4.833260680974334,87.25,125.6199,-0.004677,-0.00436,0.0,0.0,-0.0046771617613506735,-0.004359990489022712,0.0,-0.00031717127232796117,8571278.0,109575.0,868561977.0475,14566928.755124997,XLE,VDE,Energy
2014-03-27,4.47688216568656,4.84245330085602,87.96,126.78,0.008138,0.009235,0.0,0.0,0.008137535816618796,0.009235001779176672,0.0,-0.001097465962557876,11396193.0,94658.0,877984143.1615,14408957.367124999,XLE,VDE,Energy
2014-03-28,4.489310299893557,4.854916719096835,89.06,128.37,0.012506,0.012541,0.0,0.0,0.012505684402001026,0.012541410317084714,0.0,-3.5725915083687984e-05,9955632.0,103703.0,876412514.4574999,14216965.022625,XLE,VDE,Energy
2014-03-31,4.489310299893557,4.855228269843183,89.06,128.41,0.0,0.000312,489830000.0,-38523000.0,0.057971625524379705,-0.013478827617326139,528353000.0,0.07145045314170584,8451765.0,146005.0,859775586.665,14040856.711125001,XLE,VDE,Energy
2014-04-01,4.495243706609487,4.860897087198321,89.59,129.14,0.005951,0.005685,0.0,0.0,0.0059510442398383115,0.0056849155050228,0.0,0.0002661287348155114,10247284.0,110399.0,859349675.247,14096100.052125001,XLE,VDE,Energy
2014-04-02,4.498809169996681,4.864838434853934,89.91,129.64999,0.003572,0.003949,0.0,0.0,0.003571827212858578,0.0039491249806412896,0.0,-0.0003772977677827115,10008616.0,138855.0,856959721.789,14187498.320197502,XLE,VDE,Energy
2014-04-03,4.505239347363042,4.868764462910782,90.49,130.16,0.006451,0.003934,0.0,0.0,0.006450895339784228,0.0039337450006745565,0.0,0.002517150339109672,10798364.0,86510.0,871606965.6945,14113044.408197498,XLE,VDE,Energy
2014-04-04,4.501585869731521,4.8647613782733465,90.16,129.64,-0.003647,-0.003995,0.0,0.0,-0.003646811802409106,-0.003995082974800416,0.0,0.00034827117239131025,14003166.0,113512.0,891371496.5205,14172786.673697498,XLE,VDE,Energy
2014-04-07,4.484696032520217,4.8491354529946,88.65,127.63,-0.016748,-0.015505,0.0,0.0,-0.016748003549245785,-0.015504473927799894,0.0,-0.0012435296214458914,11244805.0,142296.0,902139726.915,14483574.805197502,XLE,VDE,Energy
2014-04-08,4.49468545281282,4.859347179882474,89.54,128.94,0.01004,0.010264,0.0,0.0,0.010039481105470953,0.010264044503643344,0.0,-0.00022456339817239143,11644444.0,107496.0,900807997.925,14585578.021197502,XLE,VDE,Energy
2014-04-09,4.499253960396542,4.865224091322398,89.95,129.7,0.004579,0.005894,0.0,0.0,0.00457895912441367,0.0058942143632695655,0.0,-0.0013152552388558955,7231166.0,205700.0,892497023.6645,15260903.341197502,XLE,VDE,Energy
2014-04-10,4.485259889315534,4.851170519445229,88.7,127.89,-0.013897,-0.013955,0.0,0.0,-0.013896609227348526,-0.013955281418658273,0.0,5.8672191309746755e-05,12298325.0,97322.0,898398157.2145001,15043645.127697501,XLE,VDE,Energy
2014-04-11,4.482437420605795,4.848586842141857,88.45,127.56,-0.002818,-0.00258,0.0,0.0,-0.002818489289740699,-0.0025803424818203143,0.0,-0.00023814680792038452,13455858.0,75348.0,911894926.7165,14783466.2936975,XLE,VDE,Energy
2014-04-14,4.496024738727294,4.86120670319296,89.66,129.17999,0.01368,0.0127,0.0,0.0,0.013680045223289994,0.012699827532141689,0.0,0.0009802176911483055,9961407.0,92785.0,911311921.5775,14738233.642305002,XLE,VDE,Energy
2014-04-15,4.509319860331257,4.873592907042613,90.86,130.78999,0.013384,0.012463,0.0,0.0,0.013383894713361589,0.012463230566901268,0.0,0.0009206641464603212,22442865.0,276703.0,982641746.2449999,16013729.757453501,XLE,VDE,Energy
2014-04-16,4.52124495105033,4.886054128427279,91.95,132.42999,0.011996,0.012539,0.0,0.0,0.011996478098173013,0.012539185911704711,0.0,-0.0005427078135316985,13036671.0,133065.0,1002066804.4345,16243673.739420999,XLE,VDE,Energy
2014-04-17,4.530338875365088,4.894999950497331,92.79,133.62,0.009135,0.008986,0.0,0.0,0.009135399673735726,0.00898595552261241,0.0,0.00014944415112331556,18549532.0,121082.0,1050115312.0610001,16376189.369421,XLE,VDE,Energy
2014-04-21,4.537105455073962,4.901192382714874,93.42,134.45,0.00679,0.006212,0.0,0.0,0.006789524733268671,0.006211644963328677,0.0,0.0005778797699399945,8506426.0,178648.0,1028340232.7210001,16935845.549421,XLE,VDE,Energy
2014-04-22,4.535498512738772,4.8993312245375815,93.27,134.2,-0.001606,-0.001859,0.0,0.0,-0.0016056518946692357,-0.0018594272963927115,0.0,0.0002537754017234758,6345247.0,132508.0,1014300329.8654999,16729742.692420999,XLE,VDE,Energy
2014-04-23,4.540738325828703,4.903717937560695,93.76,134.78999,0.005254,0.004396,0.0,0.0,0.005253564919052214,0.004396348733234099,0.0,0.0008572161858181153,8561746.0,112786.0,1022982866.8885,16790080.903527997,XLE,VDE,Energy
2014-04-24,4.541058240520847,4.902901520042796,93.79,134.67999,0.00032,-0.000816,0.0,0.0,0.0003199658703071672,-0.0008160843397940753,0.0,0.0011360502101012424,8876542.0,100145.0,1027217210.3225,16776217.2563305,XLE,VDE,Energy
2014-04-25,4.535069558308602,4.8976158942888945,93.23,133.97,-0.005971,-0.005272,0.0,0.0,-0.0059707857980594945,-0.005271681413103712,0.0,-0.0006991043849557824,8872330.0,132824.0,1018455119.8034999,17065901.7583305,XLE,VDE,Energy
2014-04-28,4.536784273121627,4.899554746499545,93.39,134.23,0.001716,0.001941,0.0,0.0,0.0017161857771103722,0.0019407329999253564,0.0,-0.0002245472228149842,11167069.0,152980.0,1026267319.2030001,17427009.322830502,XLE,VDE,Energy
2014-04-29,4.541378052900312,4.904163123742206,93.82,134.85001,0.004604,0.004619,0.0,0.0,0.004604347360531106,0.004619012143336112,0.0,-1.4664782805005883e-05,8278002.0,240439.0,1027463717.04,18110744.298049998,XLE,VDE,Energy
2014-04-30,4.54052499249456,4.904682010193449,93.74,134.92,-0.000853,0.000519,932713000.0,80951999.99999999,0.09819203274190681,0.02849122242212258,851761000.0,0.06970081031978423,10821563.0,172537.0,1032281674.143,18561832.557049997,XLE,VDE,Energy
2014-05-01,4.53828224044646,4.9001505609209834,93.53,134.31,-0.00224,-0.004521,0.0,0.0,-0.0022402389588222745,-0.004521197746812766,0.0,0.002280958787990492,10715592.0,277402.0,1037399406.9030001,19524598.219977498,XLE,VDE,Energy
2014-05-02,4.540311613639595,4.90408889036586,93.72,134.84,0.002031,0.003946,0.0,0.0,0.0020314337645675183,0.003946094855185764,0.0,-0.0019146610906182458,8713048.0,252380.0,1029371551.9130001,20663137.0999775,XLE,VDE,Energy
2014-05-05,4.544995462952021,4.908602568531104,94.16,135.45,0.004695,0.004524,0.0,0.0,0.004694835680751174,0.004523880154256737,0.0,0.000170955526494437,8037308.0,113133.0,1004084925.6489999,20693545.5584775,XLE,VDE,Energy
2014-05-06,4.546481189639412,4.909193018027924,94.3,135.53,0.001487,0.000591,0.0,0.0,0.0014868309260832626,0.0005906238464379596,0.0,0.0008962070796453029,7476684.0,120467.0,989494892.5465,20601828.259977497,XLE,VDE,Energy
2014-05-07,4.555139252382526,4.91654437069666,95.12,136.53,0.008696,0.007378,0.0,0.0,0.008695652173913044,0.007378440197742198,0.0,0.001317211976170846,9630871.0,134962.0,983167139.2345002,20830119.6409775,XLE,VDE,Energy
2014-05-08,4.540738325828703,4.901564199041894,93.76,134.5,-0.014298,-0.014869,0.0,0.0,-0.014297729184188394,-0.014868527063649014,0.0,0.0005707978794606203,10967844.0,127420.0,1002062222.8215001,20353054.640977502,XLE,VDE,Energy
2014-05-09,4.539777967221039,4.901638471376573,93.67,134.50999,-0.00096,7.4e-05,0.0,0.0,-0.0009598976109215017,7.427509293675798e-05,0.0,-0.0010341727038582597,8710770.0,89173.0,988316042.7415001,20330462.078891,XLE,VDE,Energy
2014-05-12,4.546799272661762,4.907642417811411,94.33,135.32001,0.007046,0.006022,0.0,0.0,0.007046012597416462,0.0060220062465249765,0.0,0.0010240063508914852,5221746.0,177208.0,953435875.7455002,21048881.951495,XLE,VDE,Energy
2014-05-13,4.550502784645783,4.911183215124596,94.68,135.8,0.00371,0.003547,0.0,0.0,0.0037103784586027776,0.0035470733411859454,0.0,0.0001633051174168322,4988803.0,85251.0,932395881.5665,21028437.972887497,XLE,VDE,Energy
2014-05-14,4.550925171135695,4.911256850115977,94.72,135.81,0.000422,7.4e-05,0.0,0.0,0.0004224757076468103,7.36377025035227e-05,0.0,0.00034883800514328757,4988984.0,174460.0,854065774.0955,20403609.472739,XLE,VDE,Energy
2014-05-15,4.53945764262271,4.899256706112866,93.64,134.19,-0.011402,-0.011928,0.0,0.0,-0.011402027027027027,-0.011928429423459244,0.0,0.0005264023964322174,11448846.0,110476.0,847733176.1450001,20263758.363771502,XLE,VDE,Energy
2014-05-16,4.536891345234797,4.896794477672496,93.4,133.86,-0.002563,-0.002459,0.0,0.0,-0.0025630072618539087,-0.002459199642298073,0.0,-0.00010380761955583592,14811000.0,77140.0,830839992.431,19971107.541771498,XLE,VDE,Energy
2014-05-19,4.539991459963097,4.9002250872183595,93.69,134.32001,0.003105,0.003436,0.0,0.0,0.0031049250535331906,0.0034365008217539547,0.0,-0.0003315757682207641,5037308.0,106493.0,814703745.911,19485353.403018,XLE,VDE,Energy
2014-05-20,4.537105455073962,4.8976158942888945,93.42,133.97,-0.002882,-0.002606,0.0,0.0,-0.002881844380403458,-0.002605791944178727,0.0,-0.00027605243622473097,4675647.0,338618.0,806952633.6635001,20864457.396018,XLE,VDE,Energy
2014-05-21,4.547858819274978,4.909340575944674,94.43,135.55,0.010811,0.011794,0.0,0.0,0.010811389424106187,0.011793685153392712,0.0,-0.0009822957292865246,5857432.0,61715.0,794471033.6035,20522609.617911004,XLE,VDE,Energy
2014-05-22,4.546905277856116,4.907716240088415,94.34,135.33,-0.000953,-0.001623,0.0,0.0,-0.0009530869427088849,-0.001623017336776097,0.0,0.0006699303940672121,6869162.0,91007.0,785246327.0485,20464032.103483498,XLE,VDE,Energy
2014-05-23,4.544889255103161,4.9062372780499945,94.15,135.13,-0.002014,-0.001478,0.0,0.0,-0.002013991944032224,-0.001477868913027574,0.0,-0.0005361230310046501,5280722.0,83601.0,768746959.5685,20139160.695983503,XLE,VDE,Energy
2014-05-27,4.547646999744425,4.908233286622928,94.41,135.39999,0.002762,0.001998,0.0,0.0,0.0027615507169410514,0.00199800192407307,0.0,0.0007635487928679815,5062183.0,128142.0,740498365.7245,19979956.7019125,XLE,VDE,Energy
2014-05-28,4.549340301027421,4.910372872157861,94.57,135.69,0.001695,0.002142,0.0,0.0,0.0016947357271475479,0.002141876081379371,0.0,-0.0004471403542318233,7535450.0,93773.0,737297633.6674999,18994999.542693,XLE,VDE,Energy
2014-05-29,4.557868912870078,4.9183006828934595,95.38,136.77,0.008565,0.007959,0.0,0.0,0.00856508406471397,0.007959319036038028,0.0,0.0006057650286759413,7281975.0,72431.0,721304706.6615,18326384.334193,XLE,VDE,Energy
2014-05-30,4.557134736949535,4.917422839194418,95.31,136.64999,-0.000734,-0.000877,867321000.0,163979988.0,0.08168987665975318,0.05346944552237335,703341012.0,0.028220431137379827,5957964.0,60139.0,699585918.1155,16874390.890623502,XLE,VDE,Energy
2014-06-02,4.555874894263214,4.914873012109139,95.19,136.302,-0.001259,-0.002547,0.0,0.0,-0.0012590494176896443,-0.002546579037437136,0.0,0.0012875296197474918,5075751.0,104094.0,682914612.072,15882255.950023502,XLE,VDE,Energy
2014-06-03,4.559335649644292,4.918666266421579,95.52,136.82001,0.003467,0.0038,0.0,0.0,0.0034667507091080997,0.003800457806928774,0.0,-0.00033370709782067423,5998620.0,63916.0,673724375.128,15553312.0954815,XLE,VDE,Energy
2014-06-04,4.558812062009942,4.91815444130209,95.47,136.75,-0.000523,-0.000512,0.0,0.0,-0.0005234505862646566,-0.0005116941593558262,0.0,-1.1756426908830363e-05,3690337.0,58138.0,656087633.7375001,15134486.0449815,XLE,VDE,Energy
2014-06-05,4.564556503102795,4.923987487370583,96.02,137.55,0.005761,0.00585,0.0,0.0,0.005760972033099403,0.0058500914076783945,0.0,-8.911937457899144e-05,6178615.0,89891.0,639946741.8765,14831393.3044815,XLE,VDE,Energy
2014-06-06,4.57275029473198,4.932961927316446,96.81,138.78999,0.008227,0.009015,0.0,0.0,0.008227452614038741,0.009014830970555969,0.0,-0.0007873783565172272,5420002.0,77602.0,614765008.8855001,14513012.8446805,XLE,VDE,Energy
2014-06-09,4.574298522321004,4.9342580824984905,96.96,138.97,0.001549,0.001297,0.0,0.0,0.0015494267121165168,0.0012969955542183247,0.0,0.00025243115789819214,5652005.0,358443.0,601369037.8305,16403921.063266998,XLE,VDE,Energy
2014-06-10,4.572646994282532,4.932745750034668,96.8,138.75999,-0.00165,-0.001511,0.0,0.0,-0.0016501650165016502,-0.0015111894653522756,0.0,-0.00013897555114937457,3766080.0,74738.0,594968500.0215,15723463.853293996,XLE,VDE,Energy
2014-06-11,4.576462021851348,4.93662988078576,97.17,139.3,0.003822,0.003892,0.0,0.0,0.003822314049586777,0.0038916837627332363,0.0,-6.936971314645953e-05,5651668.0,89065.0,598810135.5975,15764947.288294002,XLE,VDE,Energy
2014-06-12,4.57974980864118,4.940534666416767,97.49,139.845,0.003293,0.003912,0.0,0.0,0.0032931974889369147,0.0039124192390522575,0.0,-0.0006192217501153428,11869815.0,149203.0,633041720.591,15623541.335044,XLE,VDE,Energy
2014-06-13,4.589244035437832,4.950460641861656,98.42,141.24001,0.009539,0.009975,0.0,0.0,0.00953943994255821,0.009975401337194793,0.0,-0.00043596139463658243,9737216.0,141974.0,627355063.555,15884923.072031,XLE,VDE,Energy
2014-06-16,4.595220855134423,4.9552776109084204,99.01,141.922,0.005995,0.004829,0.0,0.0,0.005994716521032311,0.004828589292793128,0.0,0.001166127228239183,13386921.0,607629.0,624459645.9655,19680421.198931,XLE,VDE,Energy
2014-06-17,4.594513605799563,4.954064942607862,98.94,141.75,-0.000707,-0.001212,0.0,0.0,-0.000706999293000707,-0.0012119333154831527,0.0,0.0005049340224824458,10045494.0,184414.0,650557435.4575001,20272248.3826845,XLE,VDE,Energy
2014-06-18,4.602065371034612,4.961585166139166,99.69,142.82001,0.00758,0.007549,0.0,0.0,0.007580351728320194,0.007548571428571469,0.0,3.178029974872532e-05,14863564.0,165222.0,702804923.0785,19183866.094295498,XLE,VDE,Energy
2014-06-19,4.609162207257629,4.968284353555726,100.4,143.78,0.007122,0.006722,0.0,0.0,0.007122078443173839,0.0067216771655455995,0.0,0.0004004012776282397,8677236.0,113278.0,718708782.6105001,19579948.223795496,XLE,VDE,Energy
2014-06-20,4.614427207250769,4.97769879384999,100.93,145.14,0.009896,0.009459,0.0,0.0,0.005278884462151395,0.009458895534844759,0.0,-0.004180011072693364,9096156.0,220512.0,732210696.7105,20564404.9422955,XLE,VDE,Energy
2014-06-23,4.6179876896987055,4.980863204443902,101.29,145.60001,0.003567,0.003169,0.0,0.0,0.0035668284949965322,0.0031694226264298354,0.0,0.00039740586856669684,7959180.0,246126.0,747660965.0055,21791352.188858498,XLE,VDE,Energy
2014-06-24,4.5967347071669895,4.959622591917976,99.16,142.53999,-0.021029,-0.021017,0.0,0.0,-0.021028729390857932,-0.02101661943567182,0.0,-1.2109955186113963e-05,17748459.0,264280.0,811761789.876,22807354.3407895,XLE,VDE,Energy
2014-06-25,4.604269780744927,4.967031726252005,99.91,143.60001,0.007564,0.007437,0.0,0.0,0.007563533682936668,0.007436649883306513,0.0,0.000126883799630155,13860340.0,167564.0,845369743.021,23374261.0260715,XLE,VDE,Energy
2014-06-26,4.605370165990758,4.968006181610352,100.02,143.74001,0.001101,0.000975,0.0,0.0,0.0011009908918026225,0.0009749302942249098,0.0,0.00012606059757771268,8080008.0,120727.0,851050124.254,23746606.641935,XLE,VDE,Energy
2014-06-27,4.605370165990758,4.968353832293782,100.02,143.78999,0.0,0.000348,0.0,0.0,0.0,0.0003477111209327766,0.0,-0.0003477111209327766,8229289.0,84622.0,863812121.1010001,23944096.7811935,XLE,VDE,Energy
2014-06-30,4.6061696863211745,4.969535552674568,100.1,143.96001,0.0008,0.001182,735735000.0,44483643.09,0.062394484527531796,0.014482163844066514,691251356.91,0.04791232068346528,6312791.0,111487.0,871249603.1715,24037169.243537,XLE,VDE,Energy
2014-07-01,4.606768907351788,4.970715670095012,100.16,144.13,0.000599,0.001181,0.0,0.0,0.0005994005994005994,0.00118081403300811,0.0,-0.0005814134336075106,6894105.0,279281.0,877125871.8915001,25612558.382078998,XLE,VDE,Energy
2014-07-02,4.605270180988425,4.9690491187753265,100.01,143.89,-0.001498,-0.001665,0.0,0.0,-0.0014976038338658146,-0.001665163394158192,0.0,0.00016755956029237745,5926355.0,249999.0,889144786.3995001,27013657.612579,XLE,VDE,Energy
2014-07-03,4.609062600703435,4.973763888490993,100.39,144.57001,0.0038,0.004726,0.0,0.0,0.0037996200379962005,0.0047259017304886524,0.0,-0.000926281692492452,3668829.0,180792.0,877896942.9499998,27702287.322474997,XLE,VDE,Energy
2014-07-07,4.601362947645137,4.96501011606998,99.62,143.31,-0.00767,-0.008716,0.0,0.0,-0.007670086662018129,-0.00871556970909798,0.0,0.0010454830470798503,6932367.0,395705.0,886191543.2959999,29999192.459776003,XLE,VDE,Energy
2014-07-08,4.599755553286593,4.963823172310452,99.46,143.14,-0.001606,-0.001186,0.0,0.0,-0.0016061031921300944,-0.0011862396204034627,0.0,-0.00041986357172663167,10392325.0,180932.0,910471655.2809999,28803481.598275997,XLE,VDE,Energy
2014-07-09,4.6063694665635735,4.970160461530537,100.12,144.05,0.006636,0.006357,0.0,0.0,0.006635833500904886,0.006357412323599557,0.0,0.0002784211773053293,6415671.0,123281.0,924360677.107,29172880.794145,XLE,VDE,Energy
2014-07-10,4.5967347071669895,4.9596928153586815,99.16,142.55,-0.009588,-0.010413,0.0,0.0,-0.009588493807431082,-0.010413051023950015,0.0,0.0008245572165189331,14908658.0,118161.0,970819174.4929998,29394735.596644998,XLE,VDE,Energy
2014-07-11,4.589040804058207,4.9513805668789415,98.4,141.37,-0.007664,-0.008278,0.0,0.0,-0.007664380798709157,-0.008277797264117995,0.0,0.0006134164654088376,10805839.0,207787.0,966124489.1555,29820213.329395004,XLE,VDE,Energy
2014-07-14,4.5976419195673,4.96060429040378,99.25,142.67999,0.008638,0.009266,0.0,0.0,0.008638211382113821,0.009266393152719871,0.0,-0.0006281817706060497,6870266.0,102797.0,952301344.2444999,29550946.617009502,XLE,VDE,Energy
2014-07-15,4.593300013417604,4.955404433096837,98.82,141.94,-0.004333,-0.005186,0.0,0.0,-0.004332493702770781,-0.005186361451244901,0.0,0.0008538677484741207,9997254.0,204557.0,935425823.8479999,26690891.4991095,XLE,VDE,Energy
2014-07-16,4.608365076884611,4.9705075724017265,100.32,144.10001,0.015179,0.015218,0.0,0.0,0.015179113539769277,0.015217768071015865,0.0,-3.8654531246587465e-05,8177015.0,119922.0,926746672.2699999,26247895.3440705,XLE,VDE,Energy
2014-07-17,4.592084946439436,4.9553339078538965,98.7,141.92999,-0.016148,-0.015059,0.0,0.0,-0.016148325358851676,-0.015059124562170286,0.0,-0.0010892007966813895,11017817.0,131181.0,907032164.407,25998970.860369,XLE,VDE,Energy
2014-07-18,4.595017824728155,4.958920858409577,98.9899,142.44,0.002937,0.003593,0.0,0.0,0.002937183383991925,0.0035933913614733,0.0,-0.0006562079774813752,8318482.0,165881.0,904644724.75359,26366019.800369002,XLE,VDE,Energy
2014-07-21,4.596532992592428,4.9603239735548845,99.14,142.64,0.001516,0.001404,0.0,0.0,0.0015163163110579665,0.0014040999719178585,0.0,0.00011221633914010798,9398231.0,401498.0,905328004.56659,27629247.952368997,XLE,VDE,Energy
2014-07-22,4.603669059861824,4.96807567967746,99.85,143.75,0.007162,0.007782,0.0,0.0,0.00716158967117208,0.00778182837913643,0.0,-0.0006202387079643499,5978016.0,151597.0,894863982.33659,26927053.986805998,XLE,VDE,Energy
2014-07-23,4.610058220060867,4.973832987572151,100.49,144.58,0.00641,0.005774,0.0,0.0,0.006409614421632449,0.005773913043478402,0.0,0.0006357013781540469,6701314.0,103351.0,840537874.80759,25790654.937946,XLE,VDE,Energy
2014-07-24,4.610953430743819,4.97480084108704,100.58,144.72,0.000896,0.000968,0.0,0.0,0.0008956115036322022,0.0009683220362427705,0.0,-7.27105326105683e-05,5747232.0,127944.0,800201376.06559,25513348.118164,XLE,VDE,Energy
2014-07-25,4.603568904621118,4.966962016306286,99.84,143.59,-0.007357,-0.007808,0.0,0.0,-0.007357327500497117,-0.007808181315644002,0.0,0.0004508538151468851,4803461.0,115741.0,783772133.36959,25476645.6183005,XLE,VDE,Energy
2014-07-28,4.601162164590552,4.964800757752457,99.6,143.28,-0.002404,-0.002159,0.0,0.0,-0.002403846153846154,-0.0021589247162058637,0.0,-0.00024492143764029027,7478201.0,484864.0,779858900.06059,28341821.487611502,XLE,VDE,Energy
2014-07-29,4.598648968997826,4.961655111874538,99.35,142.83,-0.00251,-0.003141,0.0,0.0,-0.0025100401606425703,-0.0031407035175877985,0.0,0.0006306633569452282,6832820.0,94368.0,782205414.45559,28213267.077867996,XLE,VDE,Energy
2014-07-30,4.592692664476979,4.9559678927539474,98.76,142.02,-0.005939,-0.005671,0.0,0.0,-0.005938600905888274,-0.005671077504725897,0.0,-0.0002675234011623763,10780805.0,152119.0,800915351.70559,27280825.570368,XLE,VDE,Energy
2014-07-31,4.570889252011217,4.931447776199235,96.63,138.58,-0.021568,-0.024222,-719893500.0,111002580.00000001,-0.07906599743008583,0.008938781770295697,-830896080.0,-0.08800477920038152,17285161.0,226188.0,854793868.8995899,27049464.416868,XLE,VDE,Energy
2014-08-01,4.562784469491653,4.923478451981633,95.85,137.48,-0.008072,-0.007938,0.0,0.0,-0.008072027320707855,-0.007937653341030733,0.0,-0.00013437397967712254,17833264.0,337993.0,921844099.4540899,28065973.236472,XLE,VDE,Energy
2014-08-04,4.57944203741536,4.939855112035208,97.46,139.75,0.016797,0.016512,0.0,0.0,0.016797078768909755,0.01651149258073916,0.0,0.00028558618817059456,12896457.0,191112.0,950158414.3880899,26565944.158972003,XLE,VDE,Energy
2014-08-05,4.557344556505487,4.91800817832099,95.33,136.73,-0.021855,-0.02161,0.0,0.0,-0.021855120049250974,-0.021610017889087795,0.0,-0.0002451021601631784,16440170.0,273104.0,976839452.4680898,27138089.330971997,XLE,VDE,Energy
2014-08-06,4.560277417097355,4.921366826338073,95.61,137.19,0.002937,0.003364,0.0,0.0,0.0029371656351620686,0.0033642945951877397,0.0,-0.0004271289600256711,11548041.0,270949.0,999928013.44259,28108732.593971997,XLE,VDE,Energy
2014-08-07,4.553982149218658,4.914271225813172,95.01,136.22,-0.006275,-0.00707,0.0,0.0,-0.006275494195167869,-0.007070486187039871,0.0,0.0007949919918720022,13256982.0,160594.0,988988180.06959,28360345.800472002,XLE,VDE,Energy
2014-08-08,4.570578741218473,4.93155016668525,96.6,138.59419,0.016735,0.017429,0.0,0.0,0.01673508051784023,0.017429085303185952,0.0,-0.000694004785345724,11586395.0,160296.0,991785740.0395901,28002408.104983997,XLE,VDE,Energy
2014-08-11,4.570682255529419,4.932817886382919,96.61,138.77,0.000104,0.001269,0.0,0.0,0.00010351966873706004,0.0012685235939546165,0.0,-0.0011650039252175564,11203566.0,313339.0,1011810870.57759,29443157.0098825,XLE,VDE,Energy
2014-08-12,4.563305981889393,4.925367922717101,95.9,137.74001,-0.007349,-0.007422,0.0,0.0,-0.00734913570023807,-0.007422281472940825,0.0,7.314577270275437e-05,9998142.0,250884.0,1010355529.4535898,29719254.214324497,XLE,VDE,Energy
2014-08-13,4.566533302373173,4.929208295400526,96.21,138.27,0.003233,0.003848,0.0,0.0,0.0032325338894681963,0.0038477563636012393,0.0,-0.0006152224741330431,6488951.0,112353.0,1000554720.99909,29631968.609863497,XLE,VDE,Energy
2014-08-14,4.560800238252151,4.923478451981633,95.66,137.48,-0.005717,-0.005714,0.0,0.0,-0.005716661469701694,-0.005713459174079981,0.0,-3.2022956217127654e-06,7617630.0,107564.0,982616918.39409,29440437.644953996,XLE,VDE,Energy
2014-08-15,4.568194949863196,4.930581547472902,96.37,138.46001,0.007422,0.007128,0.0,0.0,0.007422120008362952,0.007128382310154359,0.0,0.000293737698208593,11075331.0,158256.0,994811115.751,29354639.530082,XLE,VDE,Energy
2014-08-18,4.570889252011217,4.933898227875873,96.63,138.92,0.002698,0.003322,0.0,0.0,0.0026979350420255266,0.0033221866732494015,0.0,-0.000624251631223875,8597847.0,258751.0,989764582.4644998,28288440.240082003,XLE,VDE,Energy
2014-08-19,4.578518154990665,4.941142226103316,97.37,139.92999,0.007658,0.00727,0.0,0.0,0.0076580772016971955,0.007270299452922676,0.0,0.00038777774877451956,5998042.0,117256.0,989120805.0615,28019218.347953998,XLE,VDE,Energy
2014-08-20,4.580672554387691,4.94356913673158,97.58,140.27,0.002157,0.00243,0.0,0.0,0.002156721782890007,0.002429857959684133,0.0,-0.000273136176794126,5947976.0,129167.0,984470227.7725,28178006.723454,XLE,VDE,Energy
2014-08-21,4.581492058633514,4.943996791763045,97.66,140.33,0.00082,0.000428,0.0,0.0,0.000819840131174421,0.0004277464889142368,0.0,0.0003920936422601842,5567212.0,89029.0,982752094.2404999,27876875.917953998,XLE,VDE,Energy
2014-08-22,4.574814065973192,4.93792122180745,97.01,139.48,-0.006656,-0.006057,0.0,0.0,-0.006655744419414295,-0.006057151001211708,0.0,-0.0005985934182025868,7383394.0,134379.0,994586369.5255,27983072.554454006,XLE,VDE,Energy
2014-08-25,4.583640067437728,4.9473404437239425,97.87,140.8,0.008865,0.009464,0.0,0.0,0.008865065457169363,0.009463722397476622,0.0,-0.0005986569403072586,4380363.0,107690.0,978780234.8859999,25267644.458453998,XLE,VDE,Energy
2014-08-26,4.588735879524666,4.952087680470843,98.37,141.47,0.005109,0.004759,0.0,0.0,0.0051088178195565544,0.004758522727272588,0.0,0.0003502950922839665,5597183.0,110055.0,972367946.1214998,25372189.428953998,XLE,VDE,Energy
2014-08-27,4.58670066970443,4.9513805668789415,98.17,141.37,-0.002033,-0.000707,0.0,0.0,-0.0020331401850157567,-0.0007068636460026861,0.0,-0.0013262765390130707,3860063.0,227290.0,938079450.267,25898591.774954,XLE,VDE,Energy
2014-08-28,4.586904377181199,4.951309828011441,98.19,141.36,0.000204,-7.1e-05,0.0,0.0,0.0002037282265457879,-7.073636556539884e-05,0.0,0.0002744645921111868,3104519.0,128143.0,869807830.926,25237049.846954,XLE,VDE,Energy
2014-08-29,4.592490132830717,4.957657072243404,98.74,142.2601,0.005601,0.006367,-286346000.0,0.0,-0.018838325438620452,0.006367430673457671,-286346000.0,-0.025205756112078124,5367707.0,115031.0,810842282.6650001,23731902.043109,XLE,VDE,Energy
2014-09-02,4.57974980864118,4.944353031302275,97.49,140.38,-0.01266,-0.013216,0.0,0.0,-0.012659509823779624,-0.013215933350250675,0.0,0.0005564235264710511,8648420.0,312089.0,790154570.994,24587059.634108998,XLE,VDE,Energy
2014-09-03,4.582413198865475,4.948192353473037,97.75,140.92,0.002667,0.003847,0.0,0.0,0.0026669401989947686,0.0038467018093744153,0.0,-0.0011797616103796467,7190860.0,163152.0,746937828.9389999,23869553.130109,XLE,VDE,Energy
2014-09-04,4.568817356522293,4.933898227875873,96.43,138.92,-0.013504,-0.014192,0.0,0.0,-0.01350383631713555,-0.014192449616803863,0.0,0.0006886132996683121,12292306.0,152192.0,750999772.3175,23068104.096609004,XLE,VDE,Energy
2014-09-05,4.5755353808584,4.940784912195175,97.08,139.88,0.006741,0.006911,0.0,0.0,0.006740640879394379,0.006910452058738984,0.0,-0.00016981117934460489,8775410.0,75151.0,730618319.4665,22499904.456609003,XLE,VDE,Energy
2014-09-08,4.559858963278089,4.925222638470323,95.57,137.72,-0.015554,-0.015442,0.0,0.0,-0.015554182117840955,-0.015441807263368601,0.0,-0.00011237485447235414,10978153.0,149089.0,727115135.727,22415726.596597,XLE,VDE,Energy
2014-09-09,4.555454593742159,4.919542873692917,95.15,136.94,-0.004395,-0.005664,0.0,0.0,-0.004394684524432353,-0.005663665408074354,0.0,0.001268980883642001,10003697.0,252556.0,720588898.6415,21970874.877097,XLE,VDE,Energy
2014-09-10,4.553034431567563,4.91800817832099,94.92,136.73,-0.002417,-0.001534,0.0,0.0,-0.0024172359432475038,-0.001533518329195411,0.0,-0.0008837176140520928,10433270.0,246876.0,722164107.1715,21930804.417655,XLE,VDE,Energy
2014-09-11,4.553666343120976,4.919542873692917,94.98,136.94,0.000632,0.001536,0.0,0.0,0.0006321112515802782,0.0015358736195423067,0.0,-0.0009037623679620285,12505767.0,175701.0,750338895.8690001,22357076.699155,XLE,VDE,Energy
2014-09-12,4.538602941715978,4.904385494253545,93.56,134.88,-0.014951,-0.015043,0.0,0.0,-0.014950515898083806,-0.015043084562582153,0.0,9.256866449834644e-05,15440306.0,203799.0,786133523.047,22992102.219155002,XLE,VDE,Energy
2014-09-15,4.545632473271895,4.910667618309874,94.22,135.73,0.007054,0.006302,0.0,0.0,0.00705429670799487,0.0063018979833925,0.0,0.0007523987246023699,13391313.0,170260.0,795853516.1665,23051965.342026997,XLE,VDE,Energy
2014-09-16,4.55765920331704,4.922386788542191,95.36,137.33,0.012099,0.011788,0.0,0.0,0.012099341965612397,0.011788108745303465,0.0,0.00031123322030893186,13455648.0,287438.0,818469548.05,23228373.923027,XLE,VDE,Energy
2014-09-17,4.552191261197205,4.918227491650303,94.84,136.75999,-0.005453,-0.004151,0.0,0.0,-0.005453020134228188,-0.0041506589965778825,0.0,-0.0013023611376503054,11069342.0,201074.0,841758900.3370001,23782936.289118,XLE,VDE,Energy
2014-09-18,4.547011271814559,4.9124342731675945,94.35,135.97,-0.005167,-0.005776,0.0,0.0,-0.005166596372838465,-0.005776470150370579,0.0,0.0006098737775321146,12284681.0,118687.0,870691708.0505002,23683917.104117997,XLE,VDE,Energy
2014-09-19,4.541058240520847,4.911992901967256,93.79,135.91,-0.000813,-0.000441,0.0,0.0,-0.0059353471118177,-0.0004412738103993528,0.0,-0.005494073301418347,9474841.0,233234.0,887939278.724,24644186.772618,XLE,VDE,Energy
2014-09-22,4.526235197899949,4.896121907307495,92.41,133.77,-0.014714,-0.015746,0.0,0.0,-0.014713722145218041,-0.01574571407549099,0.0,0.0010319919302729484,10630668.0,203216.0,901245127.621,25066237.842618,XLE,VDE,Energy
2014-09-23,4.523309159507771,4.8931272206343035,92.14,133.37,-0.002922,-0.00299,0.0,0.0,-0.0029217617141002058,-0.002990207071839871,0.0,6.844535773966503e-05,9140463.0,179649.0,921919934.3215001,25506089.599118,XLE,VDE,Energy
2014-09-24,4.52417702677856,4.894850335952842,92.22,133.60001,0.000868,0.001725,0.0,0.0,0.0008682439765574126,0.0017246007347979423,0.0,-0.0008563567582405297,24743541.0,215123.0,1008482657.2870001,26164637.304179497,XLE,VDE,Energy
2014-09-25,4.508769411701737,4.8788547487960185,90.81,131.48,-0.01529,-0.015868,0.0,0.0,-0.015289525048796356,-0.015868337135603667,0.0,0.0005788120868073111,13436425.0,333529.0,1050543625.7640002,26750657.5851795,XLE,VDE,Energy
2014-09-26,4.521582033981359,4.8913260944438255,91.981,133.13,0.012895,0.01255,0.0,0.0,0.012895055610615571,0.012549437176757073,0.0,0.0003456184338584984,11484758.0,206348.0,1088120966.0134,27218498.323179495,XLE,VDE,Energy
2014-09-29,4.519285446830922,4.888844237042334,91.77,132.8,-0.002294,-0.002479,0.0,0.0,-0.0022939520118285296,-0.0024787801397129156,0.0,0.00018482812788438597,15454328.0,1033499.0,1132532780.5823998,33262715.605024498,XLE,VDE,Energy
2014-09-30,4.506674939238992,4.876112934435574,90.62,131.12,-0.012531,-0.012651,-262798000.0,65560000.0,-0.03712813952699381,0.007606042733982024,-328358000.0,-0.04473418226097583,21741488.0,239354.0,1188886739.4204001,32641367.738024496,XLE,VDE,Energy
2014-10-01,4.486048755080228,4.855461869221313,88.77,128.44,-0.020415,-0.020439,0.0,0.0,-0.020414919443831385,-0.02043929225137279,0.0,2.4372807541403474e-05,18978821.0,425642.0,1237978908.1789002,34225271.6700245,XLE,VDE,Energy
2014-10-02,4.480853351480711,4.851639562605798,88.31,127.95,-0.005182,-0.003815,0.0,0.0,-0.0051819308324884536,-0.003815010900031143,0.0,-0.0013669199324573104,29246461.0,395548.0,1307849303.3453999,35698664.368024506,XLE,VDE,Energy
2014-10-03,4.479266769098936,4.850231772603232,88.17,127.77,-0.001585,-0.001407,0.0,0.0,-0.0015853244253198958,-0.001406799531066823,0.0,-0.00017852489425307285,20098867.0,338371.0,1353859318.3749,37334741.407524504,XLE,VDE,Energy
2014-10-06,4.480400299032142,4.851014122823077,88.27,127.87,0.001134,0.000783,0.0,0.0,0.0011341726210729274,0.0007826563356030367,0.0,0.00035151628546989063,20125051.0,360053.0,1390222126.8529,38610113.4090245,XLE,VDE,Energy
2014-10-07,4.467286478624705,4.8365199738494,87.12,126.03,-0.013028,-0.01439,0.0,0.0,-0.013028208904497565,-0.014389614452177993,0.0,0.0013614055476804283,17899289.0,340886.0,1420598841.2594001,39028955.6060245,XLE,VDE,Energy
2014-10-08,4.476995847264583,4.844974178195408,87.97,127.1,0.009757,0.00849,0.0,0.0,0.009756657483930212,0.00849004205347933,0.0,0.001266615430450882,35989957.0,498360.0,1529384367.7038999,40508265.632024504,XLE,VDE,Energy
2014-10-09,4.439587745198413,4.80614992460058,84.74,122.26,-0.036717,-0.03808,0.0,0.0,-0.0367170626349892,-0.038080251770259636,0.0,0.0013631891352704345,36670419.0,493305.0,1625367045.5239,42320814.35002451,XLE,VDE,Energy
2014-10-10,4.425445255041403,4.792479284293085,83.55,120.6,-0.014043,-0.013578,0.0,0.0,-0.014042954920934624,-0.013577621462457059,0.0,-0.000465333458477565,60474277.0,577306.0,1805768586.2234,44427549.074024506,XLE,VDE,Energy
2014-10-13,4.394078715698023,4.760034896549007,80.97,116.75,-0.03088,-0.031924,0.0,0.0,-0.03087971274685817,-0.031923714759535655,0.0,0.0010440020126774863,47549252.0,447827.0,1935185257.4023998,45886269.6965245,XLE,VDE,Energy
2014-10-14,4.381401439279963,4.7472772026129215,79.95,115.27,-0.012597,-0.012677,0.0,0.0,-0.012597258243793997,-0.012676659528907923,0.0,7.94012851139253e-05,55995552.0,783181.0,2094870946.8583999,48426440.3630245,XLE,VDE,Energy
2014-10-15,4.389002248410307,4.754796359943904,80.56,116.14,0.00763,0.007548,0.0,0.0,0.0076297686053783615,0.007547497180532663,0.0,8.227142484569863e-05,69469609.0,652002.0,2322203712.1464,50837672.0655615,XLE,VDE,Energy
2014-10-16,4.406719247264253,4.773899789262579,82.0,118.38,0.017875,0.019287,0.0,0.0,0.01787487586891758,0.019287067332529707,0.0,-0.001412191463612128,59798230.0,521300.0,2509423472.5289,53116353.19606151,XLE,VDE,Energy
2014-10-17,4.415219602029645,4.78130598369496,82.7,119.26,0.008537,0.007434,0.0,0.0,0.00853658536585366,0.007433688122993749,0.0,0.0011028972428599104,37999980.0,603150.0,2622121122.9594,55127994.9990615,XLE,VDE,Energy
2014-10-20,4.423888088768799,4.789905494005981,83.42,120.29,0.008706,0.008637,0.0,0.0,0.008706166868198308,0.008636592319302364,0.0,6.957454889594365e-05,26502575.0,363372.0,2683544361.7904,55954285.6770615,XLE,VDE,Energy
2014-10-21,4.453882071774309,4.819394075127647,85.96,123.89,0.030448,0.029928,0.0,0.0,0.030448333732917766,0.029927674785933993,0.0,0.0005206589469837729,31358161.0,487085.0,2776211624.7274,57773544.3530615,XLE,VDE,Energy
2014-10-22,4.43473767358655,4.8004902285677025,84.33,121.57,-0.018962,-0.018726,0.0,0.0,-0.018962308050255932,-0.01872628945031883,0.0,-0.00023601859993710103,36142523.0,408235.0,2814514105.4059,58817979.052999996,XLE,VDE,Energy
2014-10-23,4.45318382899021,4.818020947816869,85.9,123.72,0.018617,0.017685,0.0,0.0,0.01861733665362267,0.017685284198404212,0.0,0.0009320524552184593,26558031.0,388046.0,2867572760.8384004,59025811.963,XLE,VDE,Energy
2014-10-24,4.449685283147696,4.815025842975365,85.6,123.35,-0.003492,-0.002991,0.0,0.0,-0.0034924330616996507,-0.0029906239896540575,0.0,-0.0005018090720455932,25255115.0,270690.0,2922845676.7585,59321737.076,XLE,VDE,Energy
2014-10-27,4.428433007488037,4.79363947336828,83.8,120.74,-0.021028,-0.021159,0.0,0.0,-0.02102803738317757,-0.021159302796919334,0.0,0.000131265413741765,23501413.0,345226.0,2950404413.2004995,54543433.077999994,XLE,VDE,Energy
2014-10-28,4.450969504910791,4.816726868050381,85.71,123.56,0.022792,0.023356,0.0,0.0,0.02279236276849642,0.023355971509027663,0.0,-0.0005636087405312441,23624954.0,284132.0,2953138471.4395,54729595.75,XLE,VDE,Energy
2014-10-29,4.454231010422805,4.819474788635096,85.99,123.9,0.003267,0.002752,0.0,0.0,0.003266830008167075,0.002751699579151829,0.0,0.000515130429015246,26722489.0,327262.0,2983794315.8865004,54023510.91599999,XLE,VDE,Energy
2014-10-30,4.450619426139493,4.815269023781492,85.68,123.38,-0.003605,-0.004197,0.0,0.0,-0.003605070357018258,-0.004196933010492333,0.0,0.0005918626534740746,18795990.0,259681.0,2935178588.501,53094964.675,XLE,VDE,Energy
2014-10-31,4.470724089435168,4.835408509778168,87.42,125.89,0.020308,0.020344,336567000.0,-75534000.0,0.05491037717366641,-0.004271608691641543,412101000.0,0.05918198586530796,20268471.0,370856.0,2935166220.0724998,53267634.633499995,XLE,VDE,Energy
2014-11-03,4.454812304399529,4.81794011687474,86.04,123.71,-0.015786,-0.017317,0.0,0.0,-0.015785861358956762,-0.017316705059972994,0.0,0.0015308437010162317,26610977.0,291825.0,2960824730.538,52770719.3155,XLE,VDE,Energy
2014-11-04,4.434025929784262,4.7957078975533864,84.27,120.99,-0.020572,-0.021987,0.0,0.0,-0.020571827057182707,-0.021986904858135963,0.0,0.0014150778009532558,23439130.0,287514.0,2981616201.909,52361942.129499994,XLE,VDE,Energy
2014-11-05,4.45143608604605,4.812346943780222,85.75,123.02,0.017563,0.016778,0.0,0.0,0.017562596416281002,0.0167782461360443,0.0,0.0007843502802367015,27445052.0,284180.0,2940985036.4945,50942855.5095,XLE,VDE,Energy
2014-11-06,4.463952184072554,4.824546650733057,86.83,124.53,0.012595,0.012274,0.0,0.0,0.012594752186588922,0.012274426922451634,0.0,0.0003203252641372882,23026298.0,341489.0,2885581143.9585004,50053563.302999996,XLE,VDE,Energy
2014-11-07,4.474947598938117,4.838660029356445,87.79,126.3,0.011056,0.014214,0.0,0.0,0.011056086606011747,0.01421344254396531,0.0,-0.0031573559379535626,18042038.0,238394.0,2712145377.592,48077866.232999995,XLE,VDE,Energy
2014-11-10,4.465908118654584,4.828793622139152,87.0,125.06,-0.008999,-0.009818,0.0,0.0,-0.008998747009910012,-0.009817893903404592,0.0,0.0008191468934945802,22953375.0,258120.0,2619489412.12,47077700.4805,XLE,VDE,Energy
2014-11-11,4.468892167695464,4.831986982668597,87.26,125.46,0.002989,0.003198,0.0,0.0,0.002988505747126437,0.0031984647369262755,0.0,-0.00020995898979983855,17380928.0,348365.0,2471480181.864,44749130.432,XLE,VDE,Energy
2014-11-12,4.460028800318421,4.823904028813601,86.49,124.45,-0.008824,-0.00805,0.0,0.0,-0.008824203529681413,-0.008050374621393273,0.0,-0.0007738289082881399,17624629.0,333428.0,2267874304.9224997,43037710.548,XLE,VDE,Energy
2014-11-13,4.446643277759854,4.809986820609417,85.34,122.73,-0.013296,-0.013821,0.0,0.0,-0.01329633483639727,-0.013820811570912013,0.0,0.0005244767345147418,31588333.0,395694.0,2157488978.8335,42380312.078999996,XLE,VDE,Energy
2014-11-14,4.456786180221833,4.820362207514681,86.21,124.01,0.010195,0.010429,0.0,0.0,0.010194516053433326,0.010429397865232625,0.0,-0.00023488181179929894,17962320.0,274304.0,2077785641.8934999,40484550.581,XLE,VDE,Energy
2014-11-17,4.451552697322492,4.8151879700833735,85.76,123.37,-0.00522,-0.005161,0.0,0.0,-0.005219812086764876,-0.005160874123054593,0.0,-5.8937963710283675e-05,12215069.0,276018.0,2019621617.4404998,40001666.72,XLE,VDE,Energy
2014-11-18,4.452368595730128,4.815674193755838,85.83,123.43,0.000816,0.000486,0.0,0.0,0.0008162313432835821,0.00048634189835454326,0.0,0.0003298894449290388,19680322.0,250287.0,1969302343.3255,38529064.908,XLE,VDE,Energy
2014-11-19,4.457597821520956,4.820523471827238,86.28,124.03,0.005243,0.004861,0.0,0.0,0.005242922055225445,0.004861054848902212,0.0,0.0003818672063232338,14746194.0,588462.0,1880522476.0119998,39696955.5535,XLE,VDE,Energy
2014-11-20,4.470037511996595,4.833181868699161,87.36,125.61,0.012517,0.012739,0.0,0.0,0.012517385257301807,0.012738853503184714,0.0,-0.00022146824588290676,16917292.0,248300.0,1840350464.323,38855951.14749999,XLE,VDE,Energy
2014-11-21,4.483002552013883,4.845524774032655,88.5,127.17,0.013049,0.012419,0.0,0.0,0.01304945054945055,0.012419393360401243,0.0,0.0006300571890493073,28685220.0,302413.0,1859190670.6230004,39109363.633,XLE,VDE,Energy
2014-11-24,4.475289265133571,4.83834327293948,87.82,126.26,-0.007684,-0.007156,0.0,0.0,-0.0076836158192090396,-0.007155775733270426,0.0,-0.0005278400859386138,16678075.0,323654.0,1833953177.4780002,39068461.973000005,XLE,VDE,Energy
2014-11-25,4.458871928370793,4.822054187131157,86.39,124.22,-0.016283,-0.016157,0.0,0.0,-0.016283306763835118,-0.016157136068430222,0.0,-0.00012617069540489523,22554039.0,337472.0,1830130608.5715,39409133.069,XLE,VDE,Energy
2014-11-26,4.446174454497633,4.809416300197838,85.3,122.66,-0.012617,-0.012558,0.0,0.0,-0.012617201064938072,-0.012558364192561584,0.0,-5.883687237648837e-05,20873228.0,309385.0,1804261584.536,39279203.184,XLE,VDE,Energy
2014-11-28,4.379774099620588,4.738301498591274,79.82,114.24,-0.064244,-0.068645,606632000.0,102816000.0,-0.0036533671556724188,-0.034109191108769546,503816000.0,0.03045582395309713,42538338.0,693632.0,1893510070.3339996,41639257.078999996,XLE,VDE,Energy
2014-12-01,4.383275854074314,4.741796783519916,80.1,114.64,0.003508,0.003501,0.0,0.0,0.003507892758707091,0.0035014005602240898,0.0,6.492198483001171e-06,51594498.0,999413.0,2011552548.0829997,45033539.303,XLE,VDE,Energy
2014-12-02,4.394078715698023,4.753331536968612,80.97,115.97,0.010862,0.011602,0.0,0.0,0.010861423220973783,0.011601535240753663,0.0,-0.0007401120197798802,33234913.0,660395.0,2031623670.3095002,47057756.173,XLE,VDE,Energy
2014-12-03,4.406231323370699,4.765501724890431,81.96,117.39,0.012227,0.012245,0.0,0.0,0.012226750648388292,0.012244546003276709,0.0,-1.7795354888416534e-05,31549216.0,834298.0,2062151583.2224998,50215352.341000006,XLE,VDE,Energy
2014-12-04,4.3975308212098465,4.756774770119986,81.25,116.37,-0.008663,-0.008689,0.0,0.0,-0.008662762323084432,-0.00868898543317148,0.0,2.6223110087047682e-05,23579548.0,908357.0,2040272836.5224998,53752636.365499996,XLE,VDE,Energy
2014-12-05,4.385520523928138,4.743975148865274,80.28,114.89,-0.011939,-0.012718,0.0,0.0,-0.011938461538461538,-0.012718054481395548,0.0,0.0007795929429340095,23443298.0,579373.0,2034405561.9275002,54954563.30550001,XLE,VDE,Energy
2014-12-08,4.344194956364874,4.701661486176852,77.03,110.13,-0.040483,-0.041431,0.0,0.0,-0.04048330842052815,-0.04143093393680912,0.0,0.0009476255162809699,41192683.0,1110415.0,2113863654.7009997,59563605.39299999,XLE,VDE,Energy
2014-12-09,4.355040769588895,4.71276819658611,77.87,111.36,0.010905,0.011169,0.0,0.0,0.010904842269245749,0.011168618904930537,0.0,-0.0002637766356847881,33668861.0,828112.0,2145106183.7545002,62560508.649000004,XLE,VDE,Energy
2014-12-10,4.323735226296777,4.679535267943399,75.47,107.72,-0.030821,-0.032687,0.0,0.0,-0.030820598433286245,-0.0326867816091954,0.0,0.0018661831759091557,44533835.0,985504.0,2237321621.2629995,65683139.548,XLE,VDE,Energy
2014-12-11,4.323072491830211,4.679349584162343,75.42,107.7,-0.000663,-0.000186,0.0,0.0,-0.0006625149065853981,-0.0001856665428889714,0.0,-0.0004768483636964267,35551690.0,712337.0,2295169336.1425,67444318.563,XLE,VDE,Energy
2014-12-12,4.30433532695801,4.659090027977522,74.02,105.54,-0.018563,-0.020056,0.0,0.0,-0.01856271546009016,-0.020055710306406686,0.0,0.0014929948463165248,50054263.0,963549.0,2345632746.5945,70100790.405,XLE,VDE,Energy
2014-12-15,4.295378827948209,4.6488042230081525,73.36,104.46,-0.008916,-0.010233,0.0,0.0,-0.008916509051607674,-0.01023308698123934,0.0,0.0013165779296316661,47481113.0,981816.0,2442366888.7185,73527993.421,XLE,VDE,Energy
2014-12-16,4.304200219209375,4.657762636107262,74.01,105.4,0.00886,0.008999,0.0,0.0,0.00886041439476554,0.008998659774076202,0.0,-0.0001382453793106614,57284422.0,1382717.0,2601969676.4574995,79112294.978,XLE,VDE,Energy
2014-12-17,4.344843843546165,4.70093480797247,77.08,110.05,0.041481,0.044118,0.0,0.0,0.04148088096203216,0.04411764705882353,0.0,-0.0026367660967913722,62470246.0,1126836.0,2758271902.6785,83768063.8475,XLE,VDE,Energy
2014-12-18,4.36386266404621,4.702387636703451,78.56,110.21,0.019201,0.021527,0.0,0.0,0.019200830306175403,0.0014538845979100408,0.0,0.017746945708265363,52263460.0,1632138.0,2899947692.6425004,89112613.2035,XLE,VDE,Energy
2014-12-19,4.3891263717891045,4.731890938767248,80.57,113.51,0.031765,0.029943,0.0,0.0,0.025585539714867617,0.029942836403230196,0.0,-0.004357296688362579,46742769.0,1048911.0,3014356206.1029997,93506259.434,XLE,VDE,Energy
2014-12-22,4.378896741664954,4.722953221644475,79.75,112.5,-0.010178,-0.008898,0.0,0.0,-0.010177485416408092,-0.008897894458638006,0.0,-0.001279590957770086,33238091.0,1282169.0,3019960995.4655,98795566.9985,XLE,VDE,Energy
2014-12-23,4.390986376045354,4.735584224710024,80.72,113.93,0.012163,0.012711,0.0,0.0,0.012163009404388714,0.01271111111111111,0.0,-0.0005481017067223964,26529229.0,669459.0,3053799536.3845,100565912.49,XLE,VDE,Energy
2014-12-24,4.383650315789979,4.72747631037206,80.13,113.01,-0.007309,-0.008075,0.0,0.0,-0.007309217046580773,-0.008075133854120951,0.0,0.0007659168075401781,14047829.0,490604.0,3012659991.8125,101242031.8,XLE,VDE,Energy
2014-12-26,4.383400690227026,4.726591041192431,80.11,112.91,-0.00025,-0.000885,0.0,0.0,-0.0002495944090852365,-0.0008848774444739404,0.0,0.0006352830353887038,14464599.0,478320.0,2981573625.687,102044929.155,XLE,VDE,Energy
2014-12-29,4.387014176184921,4.729332828608514,80.4,113.22,0.00362,0.002746,0.0,0.0,0.0036200224691049806,0.0027455495527411214,0.0,0.0008744729163638592,18224110.0,599844.0,2885064040.929,101478620.05499999,XLE,VDE,Energy
2014-12-30,4.379022125653583,4.722330805761668,79.76,112.43,-0.00796,-0.006978,0.0,0.0,-0.007960199004975124,-0.0069775658010952125,0.0,-0.0009826332038799113,19148116.0,474103.0,2754790763.047,98415154.7535,XLE,VDE,Energy
2014-12-31,4.371471120734365,4.715100245360287,79.16,111.62,-0.007523,-0.007204,2034412000.0,480189240.0,0.1965732443060293,0.16247516104847734,1554222760.0,0.03409808325755195,21541918.0,620547.0,2705502129.2105,98049127.15300001,XLE,VDE,Energy
2015-01-02,4.376134308969044,4.7201047240801906,79.53,112.18,0.004674,0.005017,0.0,0.0,0.004674077817079333,0.0050170220390611,0.0,-0.0003429442219817676,27749102.0,1694209.0,2686557746.1454997,102655033.323,XLE,VDE,Energy
2015-01-05,4.333886259345946,4.679628096906101,76.24,107.73,-0.041368,-0.039668,0.0,0.0,-0.04136803721865963,-0.039668390087359603,0.0,-0.001699647131300025,45395242.0,1016546.0,2763812494.8995,102845383.1475,XLE,VDE,Energy
2015-01-06,4.319086834900007,4.6644762918854985,75.12,106.11,-0.01469,-0.015038,0.0,0.0,-0.014690451206715634,-0.015037593984962405,0.0,0.0003471427782467708,41876639.0,957822.0,2826999752.8114996,104598899.57,XLE,VDE,Energy
2015-01-07,4.3212144952771245,4.666923582263574,75.28,106.37,0.00213,0.00245,0.0,0.0,0.002129925452609159,0.0024502874375647915,0.0,-0.0003203619849556326,31192369.0,710672.0,2785754211.153,102264108.40450001,XLE,VDE,Energy
2015-01-08,4.343415735546226,4.68831576707476,76.97,108.67,0.02245,0.021623,0.0,0.0,0.02244952178533475,0.021622637961831344,0.0,0.0008268838235034048,28186863.0,761860.0,2763141643.105,101792747.09849998,XLE,VDE,Energy
2015-01-09,4.335458998857547,4.681297546375642,76.36,107.91,-0.007925,-0.006994,0.0,0.0,-0.007925165648954138,-0.006993650501518359,0.0,-0.0009315151474357797,24952127.0,683120.0,2690360437.6185,100170596.51449999,XLE,VDE,Energy
2015-01-12,4.306224921257599,4.652912181973512,74.16,104.89,-0.028811,-0.027986,0.0,0.0,-0.028810895756940808,-0.02798628486701881,0.0,-0.0008246108899219971,28940640.0,767130.0,2663606907.7485,100357875.0545,XLE,VDE,Energy
2015-01-13,4.298237333944173,4.644679319082804,73.57,104.03,-0.007956,-0.008199,0.0,0.0,-0.00795577130528604,-0.008199065687863476,0.0,0.00024329438257743655,34051424.0,681918.0,2603614243.5695,98820223.4585,XLE,VDE,Energy
2015-01-14,4.301358731606427,4.648229675448539,73.8,104.4,0.003126,0.003557,0.0,0.0,0.0031262742965884557,0.003556666346246275,0.0,-0.00043039204965781945,52152464.0,922489.0,2621896113.2454996,98507591.0705,XLE,VDE,Energy
2015-01-15,4.288539791580417,4.6340491455384685,72.86,102.93,-0.012737,-0.014081,0.0,0.0,-0.012737127371273712,-0.014080459770114942,0.0,0.00134333239884123,41346002.0,854947.0,2560538594.9205003,95620657.216,XLE,VDE,Energy
2015-01-16,4.32055008757213,4.66617120754549,75.23,106.29,0.032528,0.032644,0.0,0.0,0.03252813615152347,0.03264354415622268,0.0,-0.00011540800469921064,42741856.0,577522.0,2480551758.1804996,92489482.795,XLE,VDE,Energy
2015-01-20,4.3217457037889515,4.66617120754549,75.32,106.29,0.001196,0.0,0.0,0.0,0.0011963312508306173,0.0,0.0,0.0011963312508306173,28085839.0,660718.0,2381032156.9744997,87006972.157,XLE,VDE,Energy
2015-01-21,4.341855469984605,4.6851821239574765,76.85,108.33,0.020313,0.019193,0.0,0.0,0.020313329792883868,0.019192774484899804,0.0,0.001120555307984064,28330815.0,660521.0,2301590068.6955004,84631589.773,XLE,VDE,Energy
2015-01-22,4.3465289823207245,4.690154509893088,77.21,108.87,0.004684,0.004985,0.0,0.0,0.004684450227716331,0.004984768762115757,0.0,-0.00030031853439942656,33018833.0,562611.0,2296522385.6295004,80481962.1265,XLE,VDE,Energy
2015-01-23,4.339380059952409,4.681760788149804,76.66,107.96,-0.007123,-0.008359,0.0,0.0,-0.007123429607563787,-0.008358592817121337,0.0,0.0012351632095575502,21147428.0,493841.0,2270508508.9094996,79334142.651,XLE,VDE,Energy
2015-01-26,4.353627160152183,4.696289779355575,77.76,109.54,0.014349,0.014635,0.0,0.0,0.014349073832507175,0.01463505001852538,0.0,-0.0002859761860182046,18362051.0,543187.0,2285617536.309,79537019.948,XLE,VDE,Energy
2015-01-27,4.352983949221151,4.695741884172478,77.71,109.48,-0.000643,-0.000548,0.0,0.0,-0.0006430041152263374,-0.0005477451159393829,0.0,-9.525899928695459e-05,21602283.0,569060.0,2311615255.611,79951698.82800001,XLE,VDE,Energy
2015-01-28,4.312810523985199,4.656148430752721,74.65,105.23,-0.039377,-0.03882,0.0,0.0,-0.03937717153519495,-0.03881987577639751,0.0,-0.0005572957587974409,38833378.0,707798.0,2383299916.796,80280061.121,XLE,VDE,Energy
2015-01-29,4.316153890523174,4.657857508267098,74.9,105.41,0.003349,0.001711,0.0,0.0,0.003348961821835231,0.0017105388197282143,0.0,0.0016384230021070168,30123662.0,588550.0,2419750344.378,80716843.8815,XLE,VDE,Energy
2015-01-30,4.3247946887187485,4.665324108807838,75.55,106.2,0.008678,0.007494,-15110000.0,191160000.0,0.007339349404517269,0.06902510464532452,-206270000.0,-0.06168575524080725,43848129.0,932978.0,2500123740.2315,82207684.2545,XLE,VDE,Energy
2015-02-02,4.35491234218231,4.696107180980193,77.86,109.52,0.030576,0.031262,0.0,0.0,0.03057577763070814,0.031261770244821095,0.0,-0.0006859926141129548,35465708.0,936784.0,2527847437.3725004,77834695.1575,XLE,VDE,Energy
2015-02-03,4.3819016268607305,4.725527682651825,79.99,112.79,0.027357,0.029858,0.0,0.0,0.027356794246082713,0.02985756026296567,0.0,-0.002500766016882955,47027876.0,993275.0,2542888764.9305,77960644.49100001,XLE,VDE,Energy
2015-02-04,4.365261888341151,4.70835834378426,78.67,110.87,-0.016502,-0.017023,0.0,0.0,-0.01650206275784473,-0.017022785707952834,0.0,0.0005207229501081045,41132220.0,880683.0,2547393696.2165003,77760986.0805,XLE,VDE,Energy
2015-02-05,4.379523504455763,4.724906867590425,79.8,112.72,0.014364,0.016686,0.0,0.0,0.014363798144146435,0.01668620907368991,0.0,-0.002322410929543474,31786152.0,557799.0,2556812365.7805,77125032.2125,XLE,VDE,Energy
2015-02-06,4.379774099620588,4.724729421045731,79.82,112.7,0.000251,-0.000177,0.0,0.0,0.00025062656641588126,-0.000177430801987225,0.0,0.0004280573684031062,26134634.0,552808.0,2552638547.819,76100538.9825,XLE,VDE,Energy
2015-02-09,4.380775852772229,4.726502471155617,79.9,112.9,0.001002,0.001775,0.0,0.0,0.0010022550739164707,0.001774622892635315,0.0,-0.0007723678187188444,20203839.0,634930.0,2538085663.738,75998944.8725,XLE,VDE,Energy
2015-02-10,4.380275101635076,4.722864328804734,79.86,112.49,-0.000501,-0.003632,0.0,0.0,-0.0005006257822277847,-0.0036315323294951285,0.0,0.0031309065472673436,21971258.0,617661.0,2518505003.812,75449765.882,XLE,VDE,Energy
2015-02-11,4.373238128640803,4.716979861040097,79.3,111.83,-0.007012,-0.005867,0.0,0.0,-0.007012271475081392,-0.005867188194506178,0.0,-0.001145083280575214,26196626.0,737546.0,2497116462.718,76026757.86400001,XLE,VDE,Energy
2015-02-12,4.386267628931136,4.731274062783817,80.34,113.44,0.013115,0.014397,0.0,0.0,0.013114754098360656,0.014396852365197174,0.0,-0.0012820982668365188,26422317.0,619893.0,2410812317.947,74727398.38,XLE,VDE,Energy
2015-02-13,4.40720693320418,4.751519082323228,82.04,115.76,0.02116,0.020451,0.0,0.0,0.021160069703759023,0.020451339915373765,0.0,0.0007087297883852581,31187851.0,585729.0,2388121397.4630003,73717613.0965,XLE,VDE,Energy
2015-02-17,4.410249593617622,4.754882459216418,82.29,116.15,0.003047,0.003369,0.0,0.0,0.0030472940029254024,0.003369039391845197,0.0,-0.0003217453889197944,22125880.0,524081.0,2318384839.379,73691972.83500001,XLE,VDE,Energy
2015-02-18,4.398269010219746,4.741447804280639,81.31,114.6,-0.011909,-0.013345,0.0,0.0,-0.011909101956495322,-0.01334481274214378,0.0,0.0014357107856484575,19381380.0,446076.0,2291408570.0950003,72736602.504,XLE,VDE,Energy
2015-02-19,4.393584583507611,4.734969623522936,80.93,113.86,-0.004673,-0.006457,0.0,0.0,-0.0046734718976754065,-0.006457242582897033,0.0,0.0017837706852216265,23871981.0,496693.0,2279145384.574,71986563.75649999,XLE,VDE,Energy
2015-02-20,4.388753955423308,4.731009570827239,80.54,113.41,-0.004819,-0.003952,0.0,0.0,-0.004818979364883388,-0.003952222027050764,0.0,-0.000866757337832624,25641812.0,436499.0,2254935756.7015,71399158.3575,XLE,VDE,Energy
2015-02-23,4.384648195378833,4.726236713967535,80.21,112.87,-0.004097,-0.004761,0.0,0.0,-0.004097342935187484,-0.00476148487787673,0.0,0.0006641419426892461,19679470.0,419250.0,2252802179.6125,71099442.0145,XLE,VDE,Energy
2015-02-24,4.387387240915977,4.72747631037206,80.43,113.01,0.002743,0.00124,0.0,0.0,0.002742800149607439,0.0012403650217063878,0.0,0.0015024351279010512,15430683.0,327304.0,2243465017.009,69973838.06750001,XLE,VDE,Energy
2015-02-25,4.392842927107731,4.733915141878653,80.87,113.74,0.005471,0.00646,0.0,0.0,0.005470595548924372,0.0064596053446597645,0.0,-0.0009890097957353924,16025667.0,314566.0,2224329130.927,68647740.46949999,XLE,VDE,Energy
2015-02-26,4.374120463102784,4.716264233493678,79.37,111.75,-0.018548,-0.017496,0.0,0.0,-0.01854828737479906,-0.017496043608229296,0.0,-0.0010522437665697638,19349080.0,427355.0,2156170371.522,67311507.35499999,XLE,VDE,Energy
2015-02-27,4.369700984983244,4.713217090071225,79.02,111.41,-0.00441,-0.003042,908730000.0,242316750.0,0.0716784224795344,0.06629470383176059,666413250.0,0.005383718647773816,13362187.0,769758.0,2096151258.169,68497491.519,XLE,VDE,Energy
2015-03-02,4.362716386139382,4.705196500055216,78.47,110.52,-0.00696,-0.007989,0.0,0.0,-0.006960263224500126,-0.007988510905663765,0.0,0.0010282476811636389,17978513.0,442811.0,2001053646.6269996,65990351.925,XLE,VDE,Energy
2015-03-03,4.366405253770925,4.708899371750569,78.76,110.93,0.003696,0.00371,0.0,0.0,0.0036956798776602525,0.003709735794426348,0.0,-1.405591676609556e-05,12349713.0,360285.0,1911618815.177,62858843.493499994,XLE,VDE,Energy
2015-03-04,4.365007629504287,4.706281687356503,78.65,110.64,-0.001397,-0.002614,0.0,0.0,-0.0013966480446927375,-0.002614261245830704,0.0,0.0012176132011379665,16602822.0,270732.0,1788821422.6299999,58754958.55499999,XLE,VDE,Energy
2015-03-05,4.359013860364809,4.7014798661255,78.18,110.11,-0.005976,-0.00479,0.0,0.0,-0.005975842339478553,-0.004790310918293564,0.0,-0.0011855314211849889,11244537.0,250263.0,1670982730.3930001,55250715.29099999,XLE,VDE,Energy
2015-03-06,4.340944189572651,4.684720464746101,76.78,108.28,-0.017907,-0.01662,0.0,0.0,-0.017907393195190732,-0.016619743892471166,0.0,-0.0012876493027195665,19176277.0,500239.0,1617773711.316,54815254.073,XLE,VDE,Energy
2015-03-09,4.333755086000182,4.677769878402435,76.23,107.53,-0.007163,-0.006926,0.0,0.0,-0.0071633237822349575,-0.006926486885851496,0.0,-0.0002368368963834612,17441096.0,317044.0,1579947124.426,53404768.059,XLE,VDE,Energy
2015-03-10,4.319752215189378,4.663250397064616,75.17,105.98,-0.013905,-0.014415,0.0,0.0,-0.01390528663255936,-0.014414581977122663,0.0,0.0005092953445633031,19030646.0,514621.0,1570759470.612,52547564.888000004,XLE,VDE,Energy
2015-03-11,4.32267464022361,4.666077120891613,75.39,106.28,0.002927,0.002831,0.0,0.0,0.002926699481176001,0.0028307227778826194,0.0,9.597670329338165e-05,13050999.0,415768.0,1532223978.1485,51282921.7455,XLE,VDE,Energy
2015-03-12,4.316287392959792,4.661077817926388,74.91,105.75,-0.006367,-0.004987,0.0,0.0,-0.006366892160764027,-0.004986827248776816,0.0,-0.0013800649119872109,19244978.0,331503.0,1500436421.1575,48911755.399000004,XLE,VDE,Energy
2015-03-13,4.312542571143296,4.656148430752721,74.63,105.23,-0.003738,-0.004917,0.0,0.0,-0.003737818715792284,-0.00491725768321513,0.0,0.001179438967422846,21011873.0,544650.0,1472703777.8679998,48261398.278000005,XLE,VDE,Energy
2015-03-16,4.325985243790257,4.667017589314171,75.64,106.38,0.013534,0.010928,0.0,0.0,0.013533431595872973,0.010928442459374703,0.0,0.0026049891364982695,16948529.0,510585.0,1408870549.744,47587000.441,XLE,VDE,Energy
2015-03-17,4.3221439250725044,4.662211926355289,75.35,105.87,-0.003834,-0.004794,0.0,0.0,-0.0038339502908514016,-0.004794134235758601,0.0,0.0009601839449071997,13936304.0,413321.0,1370338641.8040001,46731314.747,XLE,VDE,Energy
2015-03-18,4.350793932242783,4.690797271955528,77.54,108.94,0.029064,0.028998,0.0,0.0,0.02906436629064382,0.02899782752432228,0.0,6.653876632153888e-05,27753735.0,397994.0,1399144872.009,46343172.58499999,XLE,VDE,Energy
2015-03-19,4.334803991301542,4.674602960703428,76.31,107.19,-0.015863,-0.016064,0.0,0.0,-0.015862780500387048,-0.01606388837892418,0.0,0.0002011078785371309,23240900.0,214813.0,1391222554.8425,44666789.6095,XLE,VDE,Energy
2015-03-20,4.342635907068963,4.686565824192085,76.91,108.48,0.014611,0.012035,0.0,0.0,0.007862665443585375,0.012034704729918836,0.0,-0.004172039286333461,22610621.0,314917.0,1374912120.974,43899731.838,XLE,VDE,Energy
2015-03-23,4.339119133662605,4.684997485847646,76.64,108.31,-0.003511,-0.001567,0.0,0.0,-0.0035105968014562477,-0.0015671091445427728,0.0,-0.0019434876569134748,12160133.0,246850.0,1342585236.195,42870510.638,XLE,VDE,Energy
2015-03-24,4.332442405318121,4.678420647727684,76.13,107.6,-0.006655,-0.006555,0.0,0.0,-0.006654488517745302,-0.006555258055581202,0.0,-9.923046216410002e-05,14780917.0,243765.0,1336794305.071,42332535.085999995,XLE,VDE,Energy
2015-03-25,4.34536265030229,4.690521853087595,77.12,108.91,0.013004,0.012175,0.0,0.0,0.01300407198213582,0.012174721189591078,0.0,0.0008293507925447412,15898508.0,317494.0,1333299167.4045,42272511.821,XLE,VDE,Energy
2015-03-26,4.344194956364874,4.690062653006054,77.03,108.86,-0.001167,-0.000459,0.0,0.0,-0.00116701244813278,-0.000459094665319989,0.0,-0.0007079177828127911,15318568.0,322052.0,1315511808.0765002,41637594.79450001,XLE,VDE,Energy
2015-03-27,4.335982696172475,4.681482868837255,76.4,107.93,-0.008179,-0.008543,0.0,0.0,-0.008178631701934311,-0.008543082858717618,0.0,0.00036445115678330683,11967257.0,323793.0,1308432728.9795,39097006.78,XLE,VDE,Energy
2015-03-30,4.357221515754911,4.70211539204457,78.04,110.18,0.021466,0.020847,0.0,0.0,0.02146596858638759,0.020846845177429817,0.0,0.0006191234089577731,18187845.0,2342761.0,1308863004.414,49556303.543000005,XLE,VDE,Energy
2015-03-31,4.351309662011821,4.69391339582248,77.58,109.28,-0.005894,-0.008168,-11637000.0,208178400.0,-0.006815029010642346,0.04832039971642585,-219815400.0,-0.0551354287270682,9403722.0,443564.0,1296706872.2580001,49981616.4865,XLE,VDE,Energy
2015-04-01,4.351051830374451,4.696289779355575,77.56,109.54,-0.000258,0.002379,0.0,0.0,-0.0002577984016499098,0.0023792093704245974,0.0,-0.002637007772074507,13293323.0,226495.0,1282967781.337,49724440.177499995,XLE,VDE,Energy
2015-04-02,4.353112624509239,4.699024761459715,77.72,109.84,0.002063,0.002739,0.0,0.0,0.0020629190304280558,0.002738725579696914,0.0,-0.0006758065492688584,13857667.0,295091.0,1292863780.166,49967257.003000006,XLE,VDE,Energy
2015-04-06,4.370965687314457,4.718141664647253,79.12,111.96,0.018013,0.019301,0.0,0.0,0.018013381369016986,0.01930080116533139,0.0,-0.0012874197963144048,15543251.0,319414.0,1280735153.719,49047042.629,XLE,VDE,Energy
2015-04-07,4.3715974391833425,4.7201047240801906,79.17,112.18,0.000632,0.001965,0.0,0.0,0.0006319514661274014,0.00196498749553424,0.0,-0.0013330360294068386,14142063.0,246916.0,1270239772.7005,48727407.407,XLE,VDE,Energy
2015-04-08,4.363480717386783,4.7101606331790284,78.53,111.07,-0.008084,-0.009895,0.0,0.0,-0.00808387015283567,-0.009894811909431511,0.0,0.0018109417565958415,12045736.0,346020.0,1246010672.1135,47922052.798,XLE,VDE,Energy
2015-04-09,4.379398183320189,4.725172978382788,79.79,112.75,0.016045,0.015126,0.0,0.0,0.01604482363428004,0.01512559647069428,0.0,0.0009192271635857611,13875097.0,290484.0,1252169630.8645,47350265.196,XLE,VDE,Energy
2015-04-10,4.383775105207999,4.729774349212622,80.14,113.27,0.004387,0.004612,0.0,0.0,0.004386514600827023,0.004611973392461197,0.0,-0.00022545879163417444,8850492.0,199407.0,1215551487.2094998,46726784.628000006,XLE,VDE,Energy
2015-04-13,4.373742415086184,4.721796997919811,79.34,112.37,-0.009983,-0.007946,0.0,0.0,-0.009982530571499875,-0.007945616668138077,0.0,-0.002036913903361798,9940267.0,337781.0,1176578722.2990003,45758931.2015,XLE,VDE,Energy
2015-04-14,4.391605609454205,4.739875888840383,80.77,114.42,0.018024,0.018243,0.0,0.0,0.018023695487774136,0.018243303372786332,0.0,-0.0002196078850121956,13720118.0,237379.0,1167888082.164,44401174.84550001,XLE,VDE,Energy
2015-04-15,4.415219602029645,4.763540521959532,82.7,117.16,0.023895,0.023947,0.0,0.0,0.0238950105237093,0.02394686243663695,0.0,-5.1851912927652205e-05,20006910.0,358960.0,1198111629.694,44316047.81200001,XLE,VDE,Energy
2015-04-16,4.412919498116252,4.760206188087624,82.51,116.77,-0.002297,-0.003329,0.0,0.0,-0.002297460701330109,-0.003328781153977467,0.0,0.001031320452647358,21277482.0,318734.0,1178290651.0900002,44009102.953,XLE,VDE,Energy
2015-04-17,4.40562108352751,4.751259891859986,81.91,115.73,-0.007272,-0.008906,0.0,0.0,-0.007271845836868259,-0.008906397191059347,0.0,0.0016345513541910885,16917429.0,307086.0,1158900327.6095002,44634765.8185,XLE,VDE,Energy
2015-04-20,4.409398581469732,4.755743044467466,82.22,116.25,0.003785,0.004493,0.0,0.0,0.003784641679892565,0.0044932169705348655,0.0,-0.0007085752906423005,12710449.0,213407.0,1124203840.3930001,44167084.198,XLE,VDE,Energy
2015-04-21,4.3987608336650466,4.74406218485471,81.35,114.9,-0.010581,-0.011613,0.0,0.0,-0.010581367063974702,-0.011612903225806452,0.0,0.0010315361618317507,11820391.0,263562.0,1125685651.1295002,44344431.71300001,XLE,VDE,Energy
2015-04-22,4.405376883282097,4.750481917148146,81.89,115.64,0.006638,0.00644,0.0,0.0,0.006637984019668101,0.006440382941688425,0.0,0.00019760107797967604,10129467.0,221415.0,1110897193.2005,44313197.543000005,XLE,VDE,Energy
2015-04-23,4.412192049005608,4.758148750585172,82.45,116.53,0.006838,0.007696,0.0,0.0,0.00683844181218708,0.007696298858526462,0.0,-0.0008578570463393812,12575757.0,264181.0,1101436104.585,44123534.5625,XLE,VDE,Energy
2015-04-24,4.406475315076191,4.750827758410455,81.98,115.68,-0.0057,-0.007294,0.0,0.0,-0.005700424499696786,-0.007294258989101403,0.0,0.0015938344894046172,11507638.0,280335.0,1089606448.0949998,43992063.166499995,XLE,VDE,Energy
2015-04-27,4.405376883282097,4.750049447306176,81.89,115.59,-0.001098,-0.000778,0.0,0.0,-0.0010978287387167602,-0.0007780082987553032,0.0,-0.000319820439961457,11325603.0,421166.0,1090264207.8385,44678843.139000006,XLE,VDE,Energy
2015-04-28,4.410371107683024,4.755484946646959,82.3,116.22,0.005007,0.00545,0.0,0.0,0.005006716326779827,0.005450298468725669,0.0,-0.0004435821419458419,11125407.0,257290.0,1065076286.4535,33267684.979999997,XLE,VDE,Energy
2015-04-29,4.418117454818235,4.76473475565943,82.94,117.3,0.007776,0.009293,0.0,0.0,0.007776427703523694,0.009292720702116675,0.0,-0.0015162929985929807,15903097.0,337477.0,1094549392.0744998,32823353.889,XLE,VDE,Energy
2015-04-30,4.414977734813568,4.76208846105951,82.68,116.99,-0.003135,-0.002643,1368354000.0,342195750.0,0.09881620684076155,0.07987551396439597,1026158250.0,0.018940692876365572,16552143.0,304296.0,1111424444.6425002,33362820.226000004,XLE,VDE,Energy
2015-05-01,4.417273114860951,4.764308407326388,82.87,117.25,0.002298,0.002222,0.0,0.0,0.0022980164489597157,0.002222412171980511,0.0,7.560427697920471e-05,11354599.0,259639.0,1104621331.637,33264314.091500003,XLE,VDE,Energy
2015-05-04,4.414735809083586,4.761233321619679,82.66,116.89,-0.002534,-0.00307,0.0,0.0,-0.0025340895378303365,-0.003070362473347548,0.0,0.0005362729355172114,14434247.0,631983.0,1102788973.532,35169859.163,XLE,VDE,Energy
2015-05-05,4.40231321347409,4.750481917148146,81.6395,115.64,-0.012346,-0.010694,0.0,0.0,-0.012345753689813695,-0.010693814697578921,0.0,-0.0016519389922347739,16076343.0,249341.0,1112430847.3639252,35226596.981,XLE,VDE,Energy
2015-05-06,4.398391988760146,4.746756550049962,81.32,115.21,-0.003914,-0.003718,0.0,0.0,-0.003913546751266369,-0.003718436527153234,0.0,-0.0001951102241131348,16388582.0,295019.0,1131769239.3719249,35004431.86049999,XLE,VDE,Energy
2015-05-07,4.387511564904451,4.735320870453137,80.44,113.9,-0.010821,-0.011371,0.0,0.0,-0.010821446138711135,-0.011370540751670861,0.0,0.0005490946129597263,17396581.0,307003.0,1146383588.6724248,35115210.3955,XLE,VDE,Energy
2015-05-08,4.403788126455394,4.751000634199631,81.76,115.7,0.01641,0.015803,0.0,0.0,0.016409746394828444,0.015803336259877086,0.0,0.0006064101349513573,14515224.0,185983.0,1170257902.9404252,35061780.506,XLE,VDE,Energy
2015-05-11,4.384772860341907,4.7329475559299174,80.22,113.63,-0.018836,-0.017891,0.0,0.0,-0.018835616438356163,-0.017891097666378565,0.0,-0.0009445187719775983,18144426.0,315969.0,1203602156.437425,34959135.831,XLE,VDE,Energy
2015-05-12,4.38937457233642,4.738389029774314,80.59,114.25,0.004612,0.005456,0.0,0.0,0.004612316130640738,0.005456305553110974,0.0,-0.0008439894224702366,9851538.0,269542.0,1187890232.265425,35140849.246999994,XLE,VDE,Energy
2015-05-13,4.386765389021055,4.734881792509748,80.38,113.85,-0.002606,-0.003501,0.0,0.0,-0.0026057823551309096,-0.00350109409190372,0.0,0.0008953117367728105,12534739.0,240600.0,1155538775.456425,34407677.066999994,XLE,VDE,Energy
2015-05-14,4.386392092183521,4.733915141878653,80.35,113.74,-0.000373,-0.000966,0.0,0.0,-0.0003732271709381773,-0.000966183574879227,0.0,0.0005929564039410497,9617871.0,300552.0,1106398320.2079248,34255987.832,XLE,VDE,Energy
2015-05-15,4.390366758948883,4.737600973168581,80.67,114.16,0.003983,0.003693,0.0,0.0,0.003982576228998266,0.0036926323193247758,0.0,0.0002899439096734906,9780592.0,214593.0,1076563007.570425,33703931.537,XLE,VDE,Energy
2015-05-18,4.391234115424795,4.73795129722191,80.74,114.2,0.000868,0.00035,0.0,0.0,0.0008677327383165985,0.000350385423966363,0.0,0.0005173473143502355,7229827.0,249380.0,1053497163.330425,33887463.1495,XLE,VDE,Energy
2015-05-19,4.376888456817758,4.724196892409732,79.59,112.64,-0.014243,-0.01366,0.0,0.0,-0.014243249938072826,-0.013660245183887917,0.0,-0.0005830047541849088,13919849.0,337985.0,1060811762.033425,34276830.979499996,XLE,VDE,Energy
2015-05-20,4.378771341953209,4.726413893273455,79.74,112.89,0.001885,0.002219,0.0,0.0,0.0018846588767433095,0.0022194602272727275,0.0,-0.000334801350529418,12623812.0,264286.0,1069667797.845925,34488371.7765,XLE,VDE,Energy
2015-05-21,4.388132953105642,4.735935255867644,80.49,113.97,0.009406,0.009567,0.0,0.0,0.009405568096313018,0.009566834972096731,0.0,-0.0001612668757837131,10087322.0,216560.0,1058420667.002425,34183188.339999996,XLE,VDE,Energy
2015-05-22,4.384523514872469,4.731714727313047,80.2,113.49,-0.003603,-0.004212,0.0,0.0,-0.00360293204124736,-0.0042116346406949196,0.0,0.0006087025994475598,6360710.0,187673.0,1036757305.9404252,33626681.138500005,XLE,VDE,Energy
2015-05-26,4.368561383720311,4.715279408668121,78.93,111.64,-0.015835,-0.016301,0.0,0.0,-0.015835411471321562,-0.016300995682438982,0.0,0.0004655842111174202,13183580.0,423194.0,1042413622.926925,33554821.1495,XLE,VDE,Energy
2015-05-27,4.366786085257597,4.7141142729772705,78.79,111.51,-0.001774,-0.001164,0.0,0.0,-0.0017737235525148863,-0.0011644571838050877,0.0,-0.0006092663687097986,11374967.0,289490.0,1041444255.618425,33673760.454500005,XLE,VDE,Energy
2015-05-28,4.362843815257108,4.710070595813461,78.48,111.06,-0.003934,-0.004036,0.0,0.0,-0.003934509455514794,-0.004035512510088781,0.0,0.0001010030545739865,12164179.0,293060.0,1023226350.7554251,33321820.0295,XLE,VDE,Energy
2015-05-29,4.361696368200631,4.709980550340436,78.39,111.05,-0.001147,-9e-05,-619281000.0,0.0,-0.04538496477301635,-9.004141905276428e-05,-619281000.0,-0.04529492335396359,12978090.0,282985.0,1005667415.3484249,33113114.79,XLE,VDE,Energy
2015-06-01,4.359141762136423,4.707185111394821,78.19,110.74,-0.002551,-0.002792,0.0,0.0,-0.0025513458349279245,-0.0027915353444394417,0.0,0.0002401895095115172,8487184.0,251800.0,991800280.2399248,32985197.752499998,XLE,VDE,Energy
2015-06-02,4.3660242771963755,4.714293613006445,78.73,111.53,0.006906,0.007134,0.0,0.0,0.006906253996674766,0.007133826982120282,0.0,-0.00022757298544551566,10183010.0,221564.0,972228956.2539251,30527124.755000003,XLE,VDE,Energy
2015-06-03,4.359141762136423,4.707365698302761,78.19,110.76,-0.006859,-0.006904,0.0,0.0,-0.006858884796138702,-0.006903972025464001,0.0,4.508722932529928e-05,8640272.0,269244.0,940384869.4205,30576508.365000002,XLE,VDE,Energy
2015-06-04,4.345492309945908,4.694004899688582,77.13,109.29,-0.013557,-0.013272,0.0,0.0,-0.013556720808287504,-0.013271939328277244,0.0,-0.0002847814800102603,15946084.0,353199.0,935244967.9545,30807107.351,XLE,VDE,Energy
2015-06-05,4.352469082431556,4.701570680274407,77.67,110.12,0.007001,0.007594,0.0,0.0,0.007001166861143524,0.007594473419342917,0.0,-0.000593306558199393,18956004.0,265447.0,938891560.7065,30520276.448000003,XLE,VDE,Energy
2015-06-08,4.346787982581173,4.696928611227632,77.23,109.61,-0.005665,-0.004631,0.0,0.0,-0.005664992918758852,-0.004631311296767163,0.0,-0.001033681621991689,9707330.0,251976.0,917038179.7895,30825319.261,XLE,VDE,Energy
2015-06-09,4.346658490836091,4.696381066041475,77.22,109.55,-0.00013,-0.000547,0.0,0.0,-0.00012948336138806163,-0.0005473953106468388,0.0,0.00041791194925877714,11033127.0,200965.0,886859790.4504999,30130927.175,XLE,VDE,Energy
2015-06-10,4.358885942232239,4.709440107163888,78.17,110.99,0.012303,0.013145,0.0,0.0,0.012302512302512303,0.013144682793245094,0.0,-0.0008421704907327909,9785399.0,196584.0,885409250.0709999,29682111.408000004,XLE,VDE,Energy
2015-06-11,4.354398467556408,4.70555836001936,77.82,110.56,-0.004477,-0.003874,0.0,0.0,-0.004477421005500974,-0.003874222902964231,0.0,-0.0006031981025367435,8416545.0,170360.0,867780910.625,29254245.988000005,XLE,VDE,Energy
2015-06-12,4.343155860284888,4.69391339582248,76.95,109.28,-0.01118,-0.011577,0.0,0.0,-0.011179645335389218,-0.011577424023154847,0.0,0.00039777868776562884,10504524.0,190805.0,869557269.9725001,28587565.284,XLE,VDE,Energy
2015-06-15,4.3408139388398075,4.690889061390629,76.77,108.95,-0.002339,-0.00302,0.0,0.0,-0.0023391812865497076,-0.003019765739385066,0.0,0.0006805844528353583,8075548.0,250386.0,861105243.1385,28726646.175,XLE,VDE,Energy
2015-06-16,4.348599108561364,4.698569450246641,77.37,109.79,0.007816,0.00771,0.0,0.0,0.007815552950371238,0.007709958696649954,0.0,0.00010559425372128409,9017622.0,189070.0,866803102.2465,28340586.140000004,XLE,VDE,Energy
2015-06-17,4.346140356109473,4.696654876110269,77.18,109.58,-0.002456,-0.001913,0.0,0.0,-0.002455732195941435,-0.0019127425084252887,0.0,-0.0005429896875161462,10413739.0,997634.0,851595681.952,31903091.306,XLE,VDE,Energy
2015-06-18,4.345492309945908,4.696107180980193,77.13,109.52,-0.000648,-0.000548,0.0,0.0,-0.0006478362270019588,-0.0005475451724767294,0.0,-0.00010029105452522946,12672578.0,539718.0,850136340.5649999,33366824.747,XLE,VDE,Energy
2015-06-19,4.3295484280286765,4.686473637052126,75.91,108.47,-0.00922,-0.009587,0.0,0.0,-0.01581745105665759,-0.009587289992695399,0.0,-0.006230161063962193,17234878.0,282262.0,874954892.625,33663605.544,XLE,VDE,Energy
2015-06-22,4.341725337900356,4.696654876110269,76.84,109.58,0.012251,0.010233,0.0,0.0,0.01225135028323014,0.01023324421499032,0.0,0.0020181060682398205,10577416.0,375060.0,890086877.7970002,34653608.8455,XLE,VDE,Energy
2015-06-23,4.344973570471171,4.700843936056374,77.09,110.04,0.003254,0.004198,0.0,0.0,0.0032535137948984903,0.004197846322321705,0.0,-0.0009443325274232145,7117715.0,175802.0,865493111.7945,33258602.541500002,XLE,VDE,Energy
2015-06-24,4.33872761652873,4.694553747122777,76.61,109.35,-0.006226,-0.00627,0.0,0.0,-0.006226488519911791,-0.006270447110141879,0.0,4.3958590230088086e-05,6798255.0,168002.0,846722145.0755,32563101.9815,XLE,VDE,Energy
2015-06-25,4.328493992712844,4.683334206957445,75.83,108.13,-0.010181,-0.011157,0.0,0.0,-0.010181438454509854,-0.011156835848193873,0.0,0.0009753973936840188,8685674.0,353673.0,831921639.6504999,32847872.876000006,XLE,VDE,Energy
2015-06-26,4.331785418237135,4.6851821239574765,76.08,108.33,0.003297,0.00185,0.0,0.0,0.0032968482131082687,0.0018496254508462036,0.0,0.001447222762262065,11772332.0,264884.0,825835966.8235,32711342.8495,XLE,VDE,Energy
2015-06-29,4.312676556539088,4.666923582263574,74.64,106.37,-0.018928,-0.018093,0.0,0.0,-0.01892744479495268,-0.018092864395827565,0.0,-0.0008345803991251163,13897203.0,494548.0,844519682.5715001,33947379.7875,XLE,VDE,Energy
2015-06-30,4.319619174545265,4.672361435528415,75.16,106.95,0.006967,0.005453,15032000.0,157751250.0,0.00814814669509657,0.04419666128574337,-142719250.0,-0.0360485145906468,15170577.0,222613.0,861445292.0725,33902251.158999994,XLE,VDE,Energy
2015-07-01,4.3067641501733345,4.656718447868668,74.2,105.29,-0.012773,-0.015521,0.0,0.0,-0.012772751463544438,-0.015521271622253278,0.0,0.0027485201587088403,13910120.0,777825.0,879272693.8885,36506037.5995,XLE,VDE,Energy
2015-07-02,4.311201728893603,4.660699495780571,74.53,105.71,0.004447,0.003989,0.0,0.0,0.00444743935309973,0.003988982809383379,0.0,0.0004584565437163509,9700239.0,220475.0,853924561.576,35741302.2765,XLE,VDE,Energy
2015-07-06,4.297965447047447,4.646024179996357,73.55,104.17,-0.013149,-0.014568,0.0,0.0,-0.013149067489601502,-0.01456815816857429,0.0,0.0014190906789727873,13509147.0,361060.0,829988808.1344999,36160332.1045,XLE,VDE,Energy
2015-07-07,4.307033655632451,4.656623467577007,74.22,105.28,0.009109,0.010656,0.0,0.0,0.009109449354180829,0.010655659018911395,0.0,-0.0015462096647305655,20686087.0,478052.0,869270022.1965001,37295843.3645,XLE,VDE,Energy
2015-07-08,4.286616449869223,4.635602393108293,72.72,103.09,-0.02021,-0.020802,0.0,0.0,-0.02021018593371059,-0.020801671732522797,0.0,0.0005914857988122066,16521292.0,713317.0,886742536.5615,39871850.053500004,XLE,VDE,Energy
2015-07-09,4.2916915584923006,4.640054587841593,73.09,103.55,0.005088,0.004462,0.0,0.0,0.005088008800880088,0.004462120477252886,0.0,0.0006258883236272021,11956038.0,327399.0,892189645.441,40476015.468,XLE,VDE,Energy
2015-07-10,4.29714934254078,4.644294740672142,73.49,103.99,0.005473,0.004249,0.0,0.0,0.005472704884389109,0.004249154997585707,0.0,0.0012235498868034015,13250366.0,274139.0,908129338.7129999,40959651.1185,XLE,VDE,Energy
2015-07-13,4.304200219209375,4.650334737942465,74.01,104.62,0.007076,0.006058,0.0,0.0,0.007075792624846918,0.006058274834118665,0.0,0.0010175177907282527,14358752.0,379224.0,920847744.3989999,41900813.3425,XLE,VDE,Energy
2015-07-14,4.311335894051113,4.6605102810212555,74.54,105.69,0.007161,0.010228,0.0,0.0,0.007161194433184856,0.010227489963678072,0.0,-0.0030662955304932163,12654247.0,216931.0,937012131.97,41683207.477,XLE,VDE,Energy
2015-07-15,4.2936051730729785,4.641598542601643,73.23,103.71,-0.017574,-0.018734,0.0,0.0,-0.01757445666756119,-0.01873403349418121,0.0,0.0011595768266200214,12708285.0,301340.0,948658846.7905,42207906.282,XLE,VDE,Energy
2015-07-16,4.294969802105708,4.640633850263661,73.33,103.61,0.001366,-0.000964,0.0,0.0,0.0013655605626109518,-0.0009642271719215892,0.0,0.002329787734532541,7860701.0,230202.0,937293488.206,37934431.057,XLE,VDE,Energy
2015-07-17,4.282758633015213,4.628105157270587,72.44,102.32,-0.012137,-0.012451,0.0,0.0,-0.01213691531433247,-0.012450535662580947,0.0,0.0003136203482484775,14096029.0,435925.0,939477508.187,37209127.589,XLE,VDE,Energy
2015-07-20,4.2694176902912275,4.614229030476437,71.48,100.91,-0.013252,-0.01378,0.0,0.0,-0.013252346769740474,-0.013780297107114817,0.0,0.000527950337374343,13833374.0,687848.0,923503007.4140002,39148816.716,XLE,VDE,Energy
2015-07-21,4.2698373000603045,4.6155164780422355,71.51,101.04,0.00042,0.001288,0.0,0.0,0.00041969781757134864,0.0012882766821921711,0.0,-0.0008685788646208225,10619013.0,393541.0,920832856.1234999,39082032.108,XLE,VDE,Energy
2015-07-22,4.261693475213995,4.607168188650764,70.93,100.2,-0.008111,-0.008314,0.0,0.0,-0.008110753740735405,-0.008313539192399168,0.0,0.0002027854516637624,15209285.0,610199.0,947337352.9085001,41171866.494,XLE,VDE,Energy
2015-07-23,4.260847212822164,4.605670061029742,70.87,100.05,-0.000846,-0.001497,0.0,0.0,-0.0008459044128015108,-0.0014970059880239522,0.0,0.0006511015752224414,11284564.0,586527.0,961283489.6650002,43187416.876499996,XLE,VDE,Energy
2015-07-24,4.2414706271123945,4.584763376210429,69.51,97.98,-0.01919,-0.02069,0.0,0.0,-0.019190066318611542,-0.020689655172413793,0.0,0.0014995888538022507,12554077.0,510636.0,971983451.3074999,43776889.566,XLE,VDE,Energy
2015-07-27,4.226979720014808,4.569439376032292,68.51,96.49,-0.014386,-0.015207,0.0,0.0,-0.014386419220256078,-0.015207185139824454,0.0,0.0008207659195683756,17196710.0,825973.0,986108830.4845002,46327052.1185,XLE,VDE,Energy
2015-07-28,4.255187087338931,4.599554447202456,70.47,99.44,0.028609,0.030573,0.0,0.0,0.028608962195299955,0.03057311638511763,0.0,-0.0019641541898176747,18938605.0,683469.0,1000974643.606,47095006.4485,XLE,VDE,Energy
2015-07-29,4.268717949166882,4.614229030476437,71.43,100.91,0.013623,0.014783,0.0,0.0,0.013622818220519528,0.014782783588093323,0.0,-0.001159965367573795,23427257.0,2667106.0,1027634063.6155001,59361466.75399999,XLE,VDE,Energy
2015-07-30,4.261693475213995,4.608365076884611,70.93,100.32,-0.007,-0.005847,0.0,0.0,-0.006999860002799943,-0.005846794173025587,0.0,-0.001153065829774356,12627235.0,439897.0,1020810007.343,57473130.39349999,XLE,VDE,Energy
2015-07-31,4.239598641541604,4.583129055111211,69.38,97.82,-0.021853,-0.02492,-145698000.0,-97820000.0,-0.03388781246211524,-0.04944871202482347,-47878000.0,0.01556089956270823,21789434.0,539822.0,1060249613.2555001,58948079.183000006,XLE,VDE,Energy
2015-08-03,4.218330542003092,4.561949483533528,67.92,95.77,-0.021044,-0.020957,0.0,0.0,-0.021043528394349958,-0.02095685953792668,0.0,-8.66688564232776e-05,16926625.0,903375.0,1068052543.6629999,61393309.3605,XLE,VDE,Energy
2015-08-04,4.214938458520516,4.55744944977668,67.69,95.34,-0.003386,-0.00449,0.0,0.0,-0.003386336866902238,-0.004489923775712645,0.0,0.0011035869088104069,12762505.0,711909.0,1034481172.9785,62270513.8355,XLE,VDE,Energy
2015-08-05,4.207375584184147,4.5490230253650905,67.18,94.54,-0.007534,-0.008391,0.0,0.0,-0.007534347761855351,-0.008391021606880508,0.0,0.0008566738450251571,18473784.0,711213.0,1036463195.7225002,61955625.21,XLE,VDE,Energy
2015-08-06,4.223177434065069,4.566948973167894,68.25,96.25,0.015927,0.018088,0.0,0.0,0.015927359333134692,0.01808758197588309,0.0,-0.0021602226427483995,23259648.0,1035059.0,1072143403.6515,65241738.325,XLE,VDE,Energy
2015-08-07,4.205140280369866,4.547117254539474,67.03,94.36,-0.017876,-0.019636,0.0,0.0,-0.017875457875457877,-0.019636363636363636,0.0,0.0017609057609057586,17081652.0,483281.0,1080704090.4625,66096472.3525,XLE,VDE,Energy
2015-08-10,4.236567242612494,4.580160022983923,69.17,97.53,0.031926,0.033595,0.0,0.0,0.03192600328211249,0.033594743535396356,0.0,-0.001668740253283868,19444368.0,474868.0,1094817875.4145,66428445.410500005,XLE,VDE,Energy
2015-08-11,4.238444906195857,4.5807750291533695,69.3,97.59,0.00188,0.000615,0.0,0.0,0.0018794274974700015,0.0006151953245155337,0.0,0.0012642321729544677,21053854.0,502249.0,1120607100.9555001,67732797.53649999,XLE,VDE,Energy
2015-08-12,4.256463411698536,4.598246270915268,70.56,99.31,0.018182,0.017625,0.0,0.0,0.01818181818181818,0.017624756634901116,0.0,0.0005570615469170648,23483011.0,497154.0,1156923778.236,68638817.15349999,XLE,VDE,Energy
2015-08-13,4.241182857326236,4.5826177815175795,69.49,97.77,-0.015164,-0.015507,0.0,0.0,-0.015164399092970522,-0.0155069982881885,0.0,0.0003425991952179779,19813575.0,462992.0,1196944784.357,69709592.0845,XLE,VDE,Energy
2015-08-14,4.239021940256878,4.580570069119859,69.34,97.57,-0.002159,-0.002046,0.0,0.0,-0.0021585839689163906,-0.0020456172650098426,0.0,-0.000112966703906548,12121178.0,492567.0,1187913091.4450002,69882387.894,XLE,VDE,Energy
2015-08-17,4.241182857326236,4.581492058633514,69.49,97.66,0.002163,0.000922,0.0,0.0,0.002163253533314104,0.0009224146766425368,0.0,0.0012408388566715674,9532053.0,399171.0,1171591730.9175,68361002.803,XLE,VDE,Energy
2015-08-18,4.237434294689934,4.577696208987336,69.23,97.29,-0.003741,-0.003789,0.0,0.0,-0.003741545546121744,-0.0037886545156664724,0.0,4.710896954472849e-05,11063398.0,388157.0,1171919402.1130002,68261023.39750001,XLE,VDE,Energy
2015-08-19,4.209457369322605,4.548705649006965,67.32,94.51,-0.027589,-0.028574,0.0,0.0,-0.027589195435505004,-0.028574365299619816,0.0,0.000985169864114812,20183041.0,764132.0,1185915788.8665,68814832.17349999,XLE,VDE,Energy
2015-08-20,4.186619838331271,4.525369115784536,65.8,92.33,-0.022579,-0.023066,0.0,0.0,-0.02257872846108124,-0.023066342186012063,0.0,0.000487613724930825,25336591.0,677501.0,1229286320.7224998,69008414.2225,XLE,VDE,Energy
2015-08-21,4.151039905898646,4.490881039585964,63.5,89.2,-0.034955,-0.0339,0.0,0.0,-0.034954407294832825,-0.03390014079930683,0.0,-0.0010542664955259934,25420233.0,760572.0,1266363865.884,69898959.5785,XLE,VDE,Energy
2015-08-24,4.095843438345836,4.436396441739405,60.09,84.47,-0.053701,-0.053027,0.0,0.0,-0.0537007874015748,-0.05302690582959641,0.0,-0.0006738815719783894,43001115.0,1648630.0,1336653385.7965,72877041.64500001,XLE,VDE,Energy
2015-08-25,4.0812593226734455,4.423648309364701,59.22,83.4,-0.014478,-0.012667,0.0,0.0,-0.014478282576135796,-0.012667219131052445,0.0,-0.0018110634450833503,27696557.0,2123531.0,1351932716.3560002,78333958.04699999,XLE,VDE,Energy
2015-08-26,4.115127101404629,4.456670177669648,61.26,86.2,0.034448,0.033573,0.0,0.0,0.034447821681864235,0.03357314148681055,0.0,0.0008746801950536842,39732247.0,713820.0,1389962140.5414999,67953638.924,XLE,VDE,Energy
2015-08-27,4.163404098153595,4.508328834538536,64.29,90.77,0.049461,0.053016,0.0,0.0,0.04946131243878569,0.05301624129930394,0.0,-0.0035549288605182527,32241447.0,1836782.0,1448819782.9955,74083350.679,XLE,VDE,Energy
2015-08-28,4.185859671057874,4.528289141652134,65.75,92.6,0.02271,0.020161,0.0,0.0,0.0227095971379684,0.020160846094524624,0.0,0.0025487510434437748,31463423.0,966373.0,1476668239.562,75917388.26699999,XLE,VDE,Energy
2015-08-31,4.19614876167715,4.541271460137859,66.43,93.81,0.010342,0.013067,959913500.0000001,56286000.0,0.09694776055069151,0.028751938329696095,903627500.0000001,0.06819582222099542,36193519.0,1238118.0,1539402194.4205003,77398969.55849999,XLE,VDE,Energy
2015-09-01,4.160288345516135,4.503912353913864,64.09,90.37,-0.035225,-0.03667,0.0,0.0,-0.03522504892367921,-0.036669864619976546,0.0,0.0014448156962973344,28712604.0,827161.0,1588217035.766,77742826.334,XLE,VDE,Energy
2015-09-02,4.169452034708907,4.512506501124672,64.68,91.15,0.009206,0.008631,0.0,0.0,0.009205804337650341,0.008631182914684076,0.0,0.0005746214229662653,25528924.0,589172.0,1608724135.526,77066073.873,XLE,VDE,Energy
2015-09-03,4.172231100879172,4.516229676691444,64.86,91.49,0.002783,0.00373,0.0,0.0,0.0027829313543597644,0.003730115194733955,0.0,-0.0009471838403741907,21895034.0,574341.0,1600356181.9880002,74712175.34,XLE,VDE,Energy
2015-09-04,4.1555964382538635,4.498809169996681,63.79,89.91,-0.016497,-0.01727,0.0,0.0,-0.016497070613629355,-0.01726964695595147,0.0,0.0007725763423221156,16684209.0,474812.0,1596321309.9155002,74566572.928,XLE,VDE,Energy
2015-09-08,4.171151270461866,4.513383790357383,64.79,91.23,0.015676,0.014681,0.0,0.0,0.015676438313215402,0.014681348014681348,0.0,0.000995090298534054,15627575.0,512781.0,1579698492.4,74589929.6575,XLE,VDE,Energy
2015-09-09,4.152141660948318,4.492449315923973,63.57,89.34,-0.01883,-0.020717,0.0,0.0,-0.018830066368266864,-0.02071686945083854,0.0,0.0018868030825716746,18477687.0,571121.0,1565478216.4194999,74690403.169,XLE,VDE,Energy
2015-09-10,4.157945143631696,4.496693709652008,63.94,89.72,0.00582,0.004253,0.0,0.0,0.005820355513607048,0.004253413924334005,0.0,0.0015669415892730423,18492803.0,499312.0,1541751644.8025,74461698.614,XLE,VDE,Energy
2015-09-11,4.148990563335426,4.4880744141118445,63.37,88.95,-0.008915,-0.008582,0.0,0.0,-0.0089146074444792,-0.008582255907267054,0.0,-0.0003323515372121461,13344252.0,385808.0,1515190640.927,73914243.302,XLE,VDE,Energy
2015-09-14,4.140273494110501,4.4790399088438795,62.82,88.15,-0.008679,-0.008994,0.0,0.0,-0.00867918573457472,-0.008993816750983699,0.0,0.0003146310164089793,12481263.0,341614.0,1512370163.884,73016918.89750001,XLE,VDE,Energy
2015-09-15,4.1513548169388805,4.490881039585964,63.52,89.2,0.011143,0.011912,0.0,0.0,0.011142948105698823,0.01191151446398185,0.0,-0.0007685663582830266,14816578.0,423041.0,1526308497.4635,72954529.76449999,XLE,VDE,Energy
2015-09-16,4.179298268102264,4.520483377820898,65.32,91.88,0.028338,0.030045,0.0,0.0,0.02833753148614593,0.030044843049327353,0.0,-0.0017073115631814212,17216657.0,486736.0,1544242147.0485,73302405.222,XLE,VDE,Energy
2015-09-17,4.178685710655851,4.520156811661135,65.28,91.85,-0.000612,-0.000327,0.0,0.0,-0.0006123698714021675,-0.000326512842838485,0.0,-0.00028585702856368254,19822670.0,798647.0,1541007225.9225001,73359285.80350001,XLE,VDE,Energy
2015-09-18,4.144720769547168,4.49121730591206,63.1,89.23,-0.026071,-0.028525,0.0,0.0,-0.033394607843137254,-0.028524768644529123,0.0,-0.004869839198608131,21236946.0,907127.0,1524652406.1625001,74278749.54749998,XLE,VDE,Energy
2015-09-21,4.150409786155049,4.496916600547837,63.46,89.74,0.005705,0.005716,0.0,0.0,0.005705229793977813,0.0057155665135044265,0.0,-1.0336719526613317e-05,15689677.0,338768.0,1493726511.5085,72406650.44350001,XLE,VDE,Energy
2015-09-22,4.139795825126018,4.486048755080228,62.79,88.77,-0.010558,-0.010809,0.0,0.0,-0.01055783170501103,-0.010809003788722977,0.0,0.00025117208371194626,17050396.0,292680.0,1418059379.733,66742721.8185,XLE,VDE,Energy
2015-09-23,4.126811752359602,4.4487502667167895,61.98,85.52,-0.0129,-0.014588,0.0,0.0,-0.012900143334925944,-0.03661146783823364,0.0,0.023711324503307693,13984709.0,439191.0,1379388487.6469998,59765578.2645,XLE,VDE,Energy
2015-09-24,4.131158535344817,4.452718062796414,62.25,85.86,0.004356,0.003976,0.0,0.0,0.004356243949661181,0.003975678203928906,0.0,0.00038056574573227565,18911999.0,660082.0,1316552211.9735,59522746.0905,XLE,VDE,Energy
2015-09-25,4.1330843905380314,4.45457982735559,62.37,86.02,0.001928,0.001863,0.0,0.0,0.0019277108433734939,0.0018634987188446308,0.0,6.421212452886304e-05,15833436.0,284603.0,1262288650.758,52410588.486499995,XLE,VDE,Energy
2015-09-28,4.092342559551428,4.416669578117421,59.88,82.82,-0.039923,-0.037201,0.0,0.0,-0.03992303992303992,-0.03720065101139284,0.0,-0.0027223889116470834,16351433.0,621869.0,1207808838.0475001,50511441.0255,XLE,VDE,Energy
2015-09-29,4.090838422892813,4.416790314610172,59.79,82.83,-0.001503,0.000121,0.0,0.0,-0.001503006012024048,0.00012074378169538902,0.0,-0.001623749793719437,18881223.0,865685.0,1144037480.8474998,48289282.974,XLE,VDE,Energy
2015-09-30,4.11414718951828,4.4398237334000985,61.2,84.76,0.023583,0.023301,-275400000.0,112307000.0,-0.001584222986589965,0.05775486893598241,-387707000.0,-0.059339091922572376,16128089.0,710469.0,1101379893.6694999,47562723.6175,XLE,VDE,Energy
2015-10-01,4.116106054003613,4.441356300749876,61.32,84.89,0.001961,0.001534,0.0,0.0,0.00196078431372549,0.0015337423312883436,0.0,0.0004270419824371466,17445508.0,486438.0,1072307280.9814999,46942258.3185,XLE,VDE,Energy
2015-10-02,4.156536582478548,4.482663511495295,63.85,88.47,0.041259,0.042172,0.0,0.0,0.04125896934116112,0.04217222287666392,0.0,-0.0009132535355027976,19929759.0,410078.0,1064927441.327,46128915.447000004,XLE,VDE,Energy
2015-10-05,4.186315840760911,4.513054897080286,65.78,91.2,0.030227,0.030858,0.0,0.0,0.03022709475332811,0.030857917938284164,0.0,-0.000630823184956053,23806985.0,416500.0,1090014330.3865,45893638.100999996,XLE,VDE,Energy
2015-10-06,4.208268308540415,4.537640529194492,67.24,93.47,0.022195,0.02489,0.0,0.0,0.022195196108239588,0.024890350877192984,0.0,-0.0026951547689533957,27466390.0,510857.0,1131730804.354,45942077.758999996,XLE,VDE,Energy
2015-10-07,4.220830359494875,4.550080219670131,68.09,94.64,0.012641,0.012517,0.0,0.0,0.01264128494943486,0.012517385257301807,0.0,0.0001238996921330525,40003076.0,531231.0,1209189948.4665,45904665.344,XLE,VDE,Energy
2015-10-08,4.239742764911457,4.570475216191205,69.39,96.59,0.019092,0.020604,0.0,0.0,0.01909237773535027,0.020604395604395604,0.0,-0.0015120178690453331,27071722.0,451389.0,1243993796.7545,45844734.8875,XLE,VDE,Energy
2015-10-09,4.233236561088719,4.56320170116559,68.94,95.89,-0.006485,-0.007247,0.0,0.0,-0.00648508430609598,-0.007247127031783829,0.0,0.0007620427256878493,25985668.0,377590.0,1291285131.8884997,45939209.0625,XLE,VDE,Energy
2015-10-12,4.220242729097475,4.549234553657788,68.05,94.56,-0.01291,-0.01387,0.0,0.0,-0.012909776617348418,-0.013870059443111898,0.0,0.00096028282576348,21746249.0,390926.0,1326073097.0279999,46281843.48549999,XLE,VDE,Energy
2015-10-13,4.209754413732928,4.539564428890097,67.34,93.65,-0.010434,-0.009623,0.0,0.0,-0.010433504775900073,-0.00962351945854484,0.0,-0.0008099853173552333,20837816.0,327098.0,1349176571.772,45926717.0105,XLE,VDE,Energy
2015-10-14,4.218330542003092,4.548917244437293,67.92,94.53,0.008613,0.009397,0.0,0.0,0.008613008613008613,0.009396689802455954,0.0,-0.0007836811894473411,15176740.0,193156.0,1344487179.05,44603603.6605,XLE,VDE,Energy
2015-10-15,4.236133434493478,4.566013470786897,69.14,96.16,0.017962,0.017243,0.0,0.0,0.017962308598351,0.01724320321591029,0.0,0.0007191053824407087,19508207.0,689444.0,1347225855.769,44250664.065000005,XLE,VDE,Energy
2015-10-16,4.237434294689934,4.566429357671661,69.23,96.2,0.001302,0.000416,0.0,0.0,0.0013017066820943013,0.00041597337770382697,0.0,0.0008857333043904743,20031249.0,938703.0,1349561459.5525,44718678.384500004,XLE,VDE,Energy
2015-10-19,4.2174467593560845,4.545526333060576,67.86,94.21,-0.019789,-0.020686,0.0,0.0,-0.019789108767875197,-0.02068607068607081,0.0,0.0008969619181956115,19500234.0,203083.0,1365942408.3934999,44155248.84,XLE,VDE,Energy
2015-10-20,4.220242729097475,4.549551762225079,68.05,94.59,0.0028,0.004034,0.0,0.0,0.002799882110226938,0.004033542086827426,0.0,-0.0012336599766004878,13756519.0,241535.0,1359219246.049,43998528.4425,XLE,VDE,Energy
2015-10-21,4.2078220459818745,4.536034447153229,67.21,93.32,-0.012344,-0.013426,0.0,0.0,-0.012343864805290384,-0.013426366423512123,0.0,0.001082501618221739,14662111.0,233154.0,1365152656.8735,43208444.2905,XLE,VDE,Energy
2015-10-22,4.225665179549459,4.553876891600541,68.42,95.0,0.018003,0.018003,0.0,0.0,0.01800327332242242,0.018002571795970982,0.0,7.015264514367847e-07,18740747.0,262521.0,1370401155.473,41621687.0145,XLE,VDE,Energy
2015-10-23,4.223323943478561,4.552085814895636,68.26,94.83,-0.002338,-0.001789,0.0,0.0,-0.00233849751534639,-0.0017894736842105263,0.0,-0.0005490238311358635,15631001.0,421467.0,1374373191.72,42395995.292,XLE,VDE,Energy
2015-10-26,4.198554416122531,4.52655978540618,66.59,92.44,-0.024465,-0.025203,0.0,0.0,-0.02446527981248169,-0.0252029948328588,0.0,0.0007377150203771096,11836061.0,323115.0,1364825166.4175,41314273.293,XLE,VDE,Energy
2015-10-27,4.186467851097906,4.5132741712835545,65.79,91.22,-0.012014,-0.013198,0.0,0.0,-0.012013815888271351,-0.013197749891821722,0.0,0.0011839340035503711,21107334.0,415665.0,1377812325.4520001,39624886.9305,XLE,VDE,Energy
2015-10-28,4.208417018481948,4.536784273121627,67.25,93.39,0.022192,0.023789,0.0,0.0,0.022191822465420112,0.023788642841482133,0.0,-0.0015968203760620206,19756479.0,279438.0,1394891533.7494998,37918755.0495,XLE,VDE,Energy
2015-10-29,4.213460043112263,4.541271460137859,67.59,93.81,0.005056,0.004497,0.0,0.0,0.005055762081784387,0.004497269514937359,0.0,0.0005584925668470275,9753598.0,384124.0,1374365890.6625,37655802.5805,XLE,VDE,Energy
2015-10-30,4.219948784356969,4.548599834499697,68.03,94.5,0.00651,0.007355,136060000.0,118314000.0,0.017785743807743826,0.03835998375661731,17746000.0,-0.020574239948873484,14257248.0,364508.0,1359236164.127,37564122.8475,XLE,VDE,Energy
2015-11-02,4.243051882383293,4.571199666416938,69.62,96.66,0.023372,0.022857,0.0,0.0,0.023372041746288402,0.022857142857142857,0.0,0.0005148988891455451,15386861.0,421458.0,1334496653.6030002,37701789.3615,XLE,VDE,Energy
2015-11-03,4.268297869345539,4.596432120044806,71.4,99.13,0.025567,0.025553,0.0,0.0,0.025567365699511787,0.025553486447341196,0.0,1.3879252170591327e-05,21327171.0,755716.0,1318292650.893,39060005.526,XLE,VDE,Energy
2015-11-04,4.259293869291585,4.586802528629907,70.76,98.18,-0.008964,-0.009583,0.0,0.0,-0.008963585434173816,-0.009583375365681313,0.0,0.0006197899315074969,17718800.0,418456.0,1244791293.0509999,38600420.938,XLE,VDE,Energy
2015-11-05,4.250778348063927,4.576667825515379,70.16,97.19,-0.008479,-0.010084,0.0,0.0,-0.008479366873940079,-0.010083520065186508,0.0,0.001604153191246429,16233508.0,454407.0,1207813099.6360002,38628628.579,XLE,VDE,Energy
2015-11-06,4.2456340097683265,4.572337028892851,69.8,96.77,-0.005131,-0.004321,0.0,0.0,-0.005131128848346636,-0.004321432246115855,0.0,-0.0008096966022307812,13761216.0,372437.0,1166267145.88,38620309.748500004,XLE,VDE,Energy
2015-11-09,4.235699438103303,4.561113799791172,69.11,95.69,-0.009885,-0.01116,0.0,0.0,-0.00988538681948424,-0.011160483620956908,0.0,0.0012750968014726676,12686994.0,370211.0,1136115441.4245,38543286.15,XLE,VDE,Energy
2015-11-10,4.237867538974276,4.564452352709533,69.26,96.01,0.00217,0.003344,0.0,0.0,0.0021704529011720448,0.003344132093217682,0.0,-0.0011736791920456372,12685449.0,404497.0,1109884224.8395,38953437.6135,XLE,VDE,Energy
2015-11-11,4.216414691442874,4.54318839363221,67.79,93.99,-0.021224,-0.02104,0.0,0.0,-0.021224371931850845,-0.021039475054681803,0.0,-0.00018489687716904263,14369715.0,365190.0,1107050164.792,39756696.1845,XLE,VDE,Energy
2015-11-12,4.193435464866331,4.51830425296643,66.25,91.68,-0.022717,-0.024577,0.0,0.0,-0.022717214928455676,-0.024577082668368853,0.0,0.001859867739913177,19311471.0,454393.0,1103579540.8805,38524786.9445,XLE,VDE,Energy
2015-11-13,4.1893516658004355,4.514260310628249,65.98,91.31,-0.004075,-0.004036,0.0,0.0,-0.004075471698113208,-0.004035776614310769,0.0,-3.969508380243826e-05,17779635.0,366758.0,1092896388.332,35684059.163499996,XLE,VDE,Energy
2015-11-16,4.222151266709757,4.54775291511814,68.18,94.42,0.033343,0.03406,0.0,0.0,0.033343437405274484,0.03405979629832439,0.0,-0.0007163588930499051,17363094.0,473029.0,1085922881.8160002,36960606.600999996,XLE,VDE,Energy
2015-11-17,4.2110900227464905,4.5348550120730655,67.43,93.21,-0.011,-0.012815,0.0,0.0,-0.011000293341155763,-0.012815081550519079,0.0,0.001814788209363316,15228861.0,336605.0,1090460430.7800002,37387014.421,XLE,VDE,Energy
2015-11-18,4.2274175164464625,4.552296696381023,68.54,94.85,0.016462,0.017595,0.0,0.0,0.01646151564585496,0.017594678682544915,0.0,-0.0011331630366899562,20951510.0,375406.0,1112989231.5345,38079480.812,XLE,VDE,Energy
2015-11-19,4.21390379727974,4.538496052720099,67.62,93.55,-0.013423,-0.013706,0.0,0.0,-0.013422818791946461,-0.013705851344227728,0.0,0.00028303255228126663,18912499.0,530899.0,1112820295.1665,39315786.134500004,XLE,VDE,Energy
2015-11-20,4.203198967134183,4.526884267589547,66.9,92.47,-0.010648,-0.011545,0.0,0.0,-0.010647737355811733,-0.011544628540887227,0.0,0.0008968911850754935,14213981.0,416267.0,1107017455.1985002,39242010.8285,XLE,VDE,Energy
2015-11-23,4.2103482379784065,4.533781589900438,67.38,93.11,0.007175,0.006921,0.0,0.0,0.007174887892376523,0.006921163620633719,0.0,0.0002537242717428039,16407325.0,465515.0,1122885568.0240002,39915778.381,XLE,VDE,Energy
2015-11-24,4.231494400369335,4.557239652230542,68.82,95.32,0.021371,0.023735,0.0,0.0,0.021371326803205543,0.023735366770486398,0.0,-0.0023640399672808544,18943055.0,547177.0,1118636045.086,40627775.898,XLE,VDE,Energy
2015-11-25,4.223323943478561,4.54944603721573,68.26,94.58,-0.008137,-0.007763,0.0,0.0,-0.008137169427491856,-0.007763323541753973,0.0,-0.0003738458857378826,11100621.0,310046.0,1090091303.9215,40789147.691,XLE,VDE,Energy
2015-11-27,4.216119619148022,4.541271460137859,67.77,93.81,-0.007179,-0.008141,0.0,0.0,-0.007178435394081454,-0.00814125607950941,0.0,0.0009628206854279571,8376368.0,194963.0,1085512342.4485002,39901888.020500004,XLE,VDE,Energy
2015-11-30,4.21980177957905,4.546056921495585,68.02,94.26,0.003689,0.004797,23807000.0,77764500.0,0.0056349004267860405,0.024566962572048334,-53957500.0,-0.018932062145262295,17605334.0,464389.0,1096892054.3105,40368253.0775,XLE,VDE,Energy
2015-12-01,4.227709274289524,4.552085814895636,68.56,94.83,0.007939,0.006047,0.0,0.0,0.007938841517200824,0.0060471037555697,0.0,0.0018917377616311237,13797038.0,1731496.0,1090626637.4334998,46541234.8475,XLE,VDE,Energy
2015-12-02,4.196299284745094,4.520156811661135,66.44,91.85,-0.030922,-0.031425,0.0,0.0,-0.030921820303383897,-0.03142465464515461,0.0,0.0005028343417707096,25428080.0,695977.0,1098960718.7235,45991802.866000004,XLE,VDE,Energy
2015-12-03,4.176078147248771,4.500809170663349,65.11,90.09,-0.020018,-0.019162,0.0,0.0,-0.020018061408789884,-0.01916167664670647,0.0,-0.0008563847620834154,24219152.0,598672.0,1115117053.6595001,46634320.386,XLE,VDE,Energy
2015-12-04,4.169761201506855,4.492785055393301,64.7,89.37,-0.006297,-0.007992,0.0,0.0,-0.0062970357855936104,-0.007992007992007992,0.0,0.0016949722064143816,32839278.0,889353.0,1164404971.9255,48400203.45,XLE,VDE,Energy
2015-12-07,4.130997879870137,4.452485098322443,62.24,85.84,-0.038022,-0.039499,0.0,0.0,-0.03802163833075734,-0.0394987132147253,0.0,0.0014770748839679562,32800384.0,1198132.0,1218453123.0935,51740549.5695,XLE,VDE,Energy
2015-12-08,4.120661870539474,4.440177611315912,61.6,84.79,-0.010283,-0.012232,0.0,0.0,-0.010282776349614395,-0.01223205964585262,0.0,0.0019492832962382245,27336929.0,959465.0,1258810956.6465,54036926.907500006,XLE,VDE,Energy
2015-12-09,4.133725518945951,4.453067407778134,62.41,85.89,0.013149,0.012973,0.0,0.0,0.013149350649350649,0.012973227974996919,0.0,0.00017612267435372989,28756918.0,1084884.0,1304617209.3785002,56754173.397,XLE,VDE,Energy
2015-12-10,4.140114296466289,4.460953335227682,62.81,86.57,0.006409,0.007917,0.0,0.0,0.006409229290177856,0.007917103271626369,0.0,-0.0015078739814485126,38914867.0,789601.0,1378123200.1995,58455750.9205,XLE,VDE,Energy
2015-12-11,4.101981989351312,4.424726864205909,60.46,83.49,-0.037415,-0.035578,0.0,0.0,-0.037414424454704664,-0.03557814485387535,0.0,-0.001836279600829313,29003987.0,1030022.0,1401833005.213,60672640.2475,XLE,VDE,Energy
2015-12-14,4.107260787488647,4.429387206033719,60.78,83.88,0.005293,0.004671,0.0,0.0,0.005292755540853457,0.004671218109953288,0.0,0.000621537430900169,39116610.0,929952.0,1462053367.138,62898425.2865,XLE,VDE,Energy
2015-12-15,4.132121926556131,4.457018144964233,62.31,86.23,0.025173,0.028016,0.0,0.0,0.025172754195459033,0.028016213638531236,0.0,-0.0028434594430722035,29070331.0,906203.0,1493431195.9225001,64572349.612,XLE,VDE,Energy
2015-12-16,4.12552017969055,4.450152463721482,61.9,85.64,-0.00658,-0.006842,0.0,0.0,-0.0065800032097576636,-0.006842166299431752,0.0,0.0002621630896740886,28751201.0,648054.0,1531072058.156,65778569.2375,XLE,VDE,Energy
2015-12-17,4.100657924278693,4.423408472452651,60.38,83.38,-0.024556,-0.02639,0.0,0.0,-0.02455573505654281,-0.026389537599252687,0.0,0.001833802542709876,29074782.0,691112.0,1547048000.244,66879452.21049999,XLE,VDE,Energy
2015-12-18,4.073971772414164,4.405132623388357,58.79,81.87,-0.017353,-0.01811,0.0,0.0,-0.026333222921497184,-0.01810985847925162,0.0,-0.008223364442245563,27139177.0,922162.0,1562880451.9165,68171042.285,XLE,VDE,Energy
2015-12-21,4.074991833706286,4.404277243608702,58.85,81.8,0.001021,-0.000855,0.0,0.0,0.0010205817315870045,-0.0008550140466593379,0.0,0.0018755957782463425,24015013.0,1383480.0,1585998861.224,71904865.0105,XLE,VDE,Energy
2015-12-22,4.086648355587631,4.418479096676194,59.54,82.97,0.011725,0.014303,0.0,0.0,0.011724723874256585,0.01430317848410758,0.0,-0.002578454609850995,25291533.0,1251458.0,1606015477.04,74929333.441,XLE,VDE,Energy
2015-12-23,4.129228964075603,4.453998398186353,62.13,85.97,0.0435,0.04439,0.0,0.0,0.043500167954316424,0.03615764734241292,0.0,0.007342520611903505,30210492.0,1177014.0,1634681318.183,77380882.53800002,XLE,VDE,Energy
2015-12-24,4.120174738923119,4.444884056054749,61.57,85.19,-0.009013,-0.009073,0.0,0.0,-0.009013359085787865,-0.009072932418285449,0.0,5.957333249758355e-05,7215631.0,345473.0,1619008218.7435002,77386217.2475,XLE,VDE,Energy
2015-12-28,4.101816577060802,4.424487285862646,60.45,83.47,-0.018191,-0.02019,0.0,0.0,-0.018190677277895077,-0.020190163164690692,0.0,0.001999485886795615,12553910.0,1160737.0,1628569088.7505002,81316079.16550002,XLE,VDE,Energy
2015-12-29,4.108740442505833,4.431411859854625,60.87,84.05,0.006948,0.006949,0.0,0.0,0.006947890818858561,0.0069486042889660956,0.0,-7.134701075347735e-07,15106314.0,862154.0,1614669414.4755,82750615.9935,XLE,VDE,Energy
2015-12-30,4.095177548525992,4.4157031610332655,60.05,82.74,-0.013471,-0.015586,0.0,0.0,-0.013471332347626088,-0.015585960737656158,0.0,0.0021146283900300693,15051209.0,1060108.0,1612564423.234,78926394.50549999,XLE,VDE,Energy
2015-12-31,4.099663723699701,4.420285346790972,60.32,83.12,0.004496,0.004593,681616000.0,126758000.0,0.06725158368556959,0.04042485690727028,554858000.0,0.02682672677829931,19202410.0,1078340.0,1586006810.034,80211701.17300001,XLE,VDE,Energy
2016-01-04,4.09933210373314,4.420165031564935,60.3,83.11,-0.000332,-0.00012,0.0,0.0,-0.0003315649867374005,-0.00012030798845043312,0.0,-0.0002112569982869674,21808669.0,772496.0,1572914497.733,80725090.27700001,XLE,VDE,Energy
2016-01-05,4.103139109903596,4.42376820625352,60.53,83.41,0.003814,0.00361,0.0,0.0,0.0038142620232172473,0.003609673926122007,0.0,0.00020458809709524017,15529203.0,424199.0,1513678566.2825,78520138.326,XLE,VDE,Energy
2016-01-06,4.063885354737392,4.38414938005486,58.2,80.17,-0.038493,-0.038844,0.0,0.0,-0.03849330910292417,-0.03884426327778444,0.0,0.0003509541748602657,26962077.0,770503.0,1490063415.3445,76466317.0575,XLE,VDE,Energy
2016-01-07,4.039184151044825,4.358885942232239,56.78,78.17,-0.024399,-0.024947,0.0,0.0,-0.024398625429553265,-0.024946987651241113,0.0,0.0005483622216878488,28081892.0,992550.0,1485590165.4125,76278046.865,XLE,VDE,Energy
2016-01-08,4.026244149518169,4.346140356109473,56.05,77.18,-0.012857,-0.012665,0.0,0.0,-0.012856639661852765,-0.012664705129845072,0.0,-0.00019193453200769262,19227115.0,814634.0,1449738192.5809999,74762685.13299999,XLE,VDE,Energy
2016-01-11,4.00460218672124,4.323205073865539,54.85,75.43,-0.02141,-0.022674,0.0,0.0,-0.021409455842997322,-0.022674267945063484,0.0,0.0012648121020661617,28444737.0,856669.0,1405535743.99,74575824.338,XLE,VDE,Energy
2016-01-12,4.0069694827371,4.3255885495701785,54.98,75.61,0.00237,0.002386,0.0,0.0,0.0023701002734731083,0.0023863184409384755,0.0,-1.621816746536723e-05,35594136.0,973367.0,1415704971.1529999,73955811.44250001,XLE,VDE,Energy
2016-01-13,3.982667844997478,4.304605487705297,53.66,74.04,-0.024009,-0.020764,0.0,0.0,-0.02400873044743543,-0.020764449146938094,0.0,-0.003244281300497337,33958440.0,1430392.0,1387940087.883,75350903.9385,XLE,VDE,Energy
2016-01-14,4.024815832903268,4.347228129131186,55.97,77.264,0.043049,0.043544,0.0,0.0,0.043048825941110695,0.04354403025391665,0.0,-0.0004952043128059538,38074323.0,1009023.0,1403922464.5679998,75341867.3576,XLE,VDE,Energy
2016-01-15,3.9954446135672184,4.318421011584911,54.35,75.07,-0.028944,-0.028396,0.0,0.0,-0.028944077184205823,-0.02839614827086367,0.0,-0.0005479289133421515,36880246.0,927449.0,1415159565.9780002,76048079.9511,XLE,VDE,Energy
2016-01-19,3.9736823858148735,4.293332023658551,53.18,73.21,-0.021527,-0.024777,0.0,0.0,-0.02152713891444342,-0.024776874916744376,0.0,0.003249736002300954,35872301.0,890969.0,1422767247.479,76428226.0476,XLE,VDE,Energy
2016-01-20,3.94681083091381,4.264087336809195,51.77,71.1,-0.026514,-0.028821,0.0,0.0,-0.026513726965024444,-0.028821199289714525,0.0,0.0023074723246900818,51307352.0,1299080.0,1475800717.3395,77271585.3006,XLE,VDE,Energy
2016-01-21,3.9774361439763783,4.295787686556971,53.38,73.39,0.031099,0.032208,0.0,0.0,0.031099092138304037,0.032208157524613375,0.0,-0.001109065386309338,43670722.0,1067277.0,1521693698.605,75529525.0521,XLE,VDE,Energy
2016-01-22,4.020698022053802,4.338858139272503,55.74,76.62,0.044211,0.044012,0.0,0.0,0.04421131509928812,0.04401144570104919,0.0,0.00019986939823893324,38622508.0,918747.0,1554041734.66,73857571.2961,XLE,VDE,Energy
2016-01-25,3.9729299403316674,4.290048397777529,53.14,72.97,-0.046645,-0.047638,0.0,0.0,-0.04664513814137065,-0.047637692508483424,0.0,0.0009925543671127773,29120008.0,1031102.0,1537564702.5180001,72560152.26409999,XLE,VDE,Energy
2016-01-26,4.0100567456995115,4.3292849234158215,55.15,75.89,0.037825,0.040016,0.0,0.0,0.037824614226571324,0.04001644511443059,0.0,-0.002191830887859264,25354906.0,642905.0,1585267535.7795,73528113.0431,XLE,VDE,Energy
2016-01-27,4.005331182561798,4.323602714536165,54.89,75.46,-0.004714,-0.005666,0.0,0.0,-0.00471441523118767,-0.00566609566477811,0.0,0.0009516804335904395,36494474.0,670306.0,1647482426.6975,71212841.71159999,XLE,VDE,Energy
2016-01-28,4.0353020215883175,4.354783898280007,56.56,77.85,0.030425,0.031672,0.0,0.0,0.030424485334304974,0.031672409223429634,0.0,-0.0012479238891246608,38171909.0,768008.0,1709456518.6904998,70579110.6666,XLE,VDE,Energy
2016-01-29,4.064057161283644,4.381814112092558,58.21,79.983,0.029173,0.027399,401649000.0,139970250.0,0.06612496087902658,0.06800290844912317,261678750.0,-0.0018779475700965859,31498155.0,704284.0,1755940643.7955003,69009981.2292,XLE,VDE,Energy
2016-02-01,4.04716559937044,4.361441201064773,57.235,78.37,-0.01675,-0.020167,0.0,0.0,-0.016749699364370384,-0.020166785441906403,0.0,0.003417086077536019,27685093.0,494453.0,1777253990.1282501,66465914.269700006,XLE,VDE,Energy
2016-02-02,4.013315256910018,4.327966357823938,55.33,75.79,-0.033284,-0.032921,0.0,0.0,-0.03328382982440814,-0.03292076049508728,0.0,-0.00036306932932086283,25231222.0,458117.0,1781303028.75625,64991841.5132,XLE,VDE,Energy
2016-02-03,4.048300623720694,4.364880475838911,57.3,78.64,0.035605,0.037604,0.0,0.0,0.03560455449123441,0.037603905528433686,0.0,-0.001999351037199275,36440662.0,720509.0,1838706392.5067496,66055760.9717,XLE,VDE,Energy
2016-02-04,4.047776926405766,4.36665915754276,57.27,78.78,-0.000524,0.00178,0.0,0.0,-0.0005235602094240838,0.001780264496439471,0.0,-0.002303824705863555,37056132.0,568904.0,1866356982.41875,65208112.5522,XLE,VDE,Energy
2016-02-05,4.024279687773814,4.345103280569283,55.94,77.1,-0.023223,-0.021325,0.0,0.0,-0.02322332809498865,-0.021325209444021456,0.0,-0.001898118650967194,30240956.0,492630.0,1871216444.96275,63227819.5272,XLE,VDE,Energy
2016-02-08,4.019082077721554,4.341725337900356,55.65,76.84,-0.005184,-0.003372,0.0,0.0,-0.005184125849124061,-0.0033722438391697754,0.0,-0.001811882009954286,34806733.0,572935.0,1914182189.74775,62285363.1912,XLE,VDE,Energy
2016-02-09,3.994708372046754,4.317621437981545,54.31,75.01,-0.024079,-0.023816,0.0,0.0,-0.02407906558849955,-0.02381572097865695,0.0,-0.0002633446098426022,37411318.0,541687.0,1937762932.5542502,61086033.1512,XLE,VDE,Energy
2016-02-10,3.9906493258833358,4.312140507209715,54.09,74.6,-0.004051,-0.005466,0.0,0.0,-0.004050819370281716,-0.005465937874950145,0.0,0.0014151185046684294,30215826.0,710749.0,1921633354.1072497,60057312.977699995,XLE,VDE,Energy
2016-02-11,3.9864066538653833,4.307707101681205,53.861,74.27,-0.004234,-0.004424,0.0,0.0,-0.004233684599741172,-0.0044235924932974485,0.0,0.0001899078935562763,47986947.0,674238.0,1959754107.2056,57265784.6067,XLE,VDE,Energy
2016-02-12,4.012411179459415,4.333098961050458,55.28,76.18,0.026346,0.025717,0.0,0.0,0.02634559328642246,0.025716978591625292,0.0,0.0006286146947971673,25782048.0,469316.0,1924464694.9620998,55155351.597100005,XLE,VDE,Energy
2016-02-16,4.022311359322269,4.3419855851366975,55.83,76.86,0.009949,0.008926,0.0,0.0,0.009949348769898697,0.008926227356261349,0.0,0.0010231214136373484,33800213.0,5786681.0,1918595921.0465999,73912386.85859999,XLE,VDE,Energy
2016-02-17,4.054563692210256,4.372985890021733,57.66,79.28,0.032778,0.031486,0.0,0.0,0.03277807630306287,0.031485818371064275,0.0,0.0012922579319985944,29280045.0,741786.0,1907625842.4225998,73591434.5381,XLE,VDE,Energy
2016-02-18,4.041998081849892,4.363480717386783,56.94,78.53,-0.012487,-0.00946,0.0,0.0,-0.012486992715920915,-0.009460141271442986,0.0,-0.003026851444477929,28832298.0,543558.0,1856902314.1766,71107485.6251,XLE,VDE,Energy
2016-02-19,4.039712366569035,4.358630056867486,56.81,78.15,-0.002283,-0.004839,0.0,0.0,-0.00228310502283105,-0.004838915064306503,0.0,0.002555810041475453,25128752.0,434573.0,1811723377.2146,68889206.67109999,XLE,VDE,Energy
2016-02-22,4.064915751531289,4.382901252084542,58.26,80.07,0.025524,0.024568,0.0,0.0,0.025523675409258935,0.024568138195777082,0.0,0.0009555372134818531,24708265.0,515507.0,1776057623.3636003,67433319.18859999,XLE,VDE,Energy
2016-02-23,4.030161533445187,4.349374302398632,56.27,77.43,-0.034157,-0.032971,0.0,0.0,-0.03415722622725712,-0.032971150243536654,0.0,-0.001186075983720468,21455029.0,545462.0,1759049486.1991,65783099.674600005,XLE,VDE,Energy
2016-02-24,4.0402403032289,4.359013860364809,56.84,78.18,0.01013,0.009686,0.0,0.0,0.010129731650968544,0.009686168151879115,0.0,0.00044356349908942876,25279831.0,856323.0,1760978612.6061,66690963.259100005,XLE,VDE,Energy
2016-02-25,4.041119578762556,4.360930671379148,56.89,78.33,0.00088,0.001919,0.0,0.0,0.0008796622097114708,0.0019186492709131443,0.0,-0.0010389870612016734,18588937.0,663820.0,1713695760.0096,66761749.7511,XLE,VDE,Energy
2016-02-26,4.047078236421011,4.368307962532944,57.23,78.91,0.005976,0.007405,0.0,0.0,0.005976445772543505,0.0074045704072513725,0.0,-0.0014281246347078672,21155074.0,489760.0,1666280845.6086001,65704626.6911,XLE,VDE,Energy
2016-02-29,4.035655565873421,4.35939751661352,56.58,78.21,-0.011358,-0.008871,393231000.0,-391049999.99999994,0.023157446129168827,-0.11653207936628869,784281000.0,0.13968952549545752,22983290.0,495449.0,1639625192.8911,64825542.647,XLE,VDE,Energy
2016-03-01,4.061476958596484,4.380024632003209,58.06,79.84,0.026158,0.020841,0.0,0.0,0.026157652880876636,0.020841324638793145,0.0,0.005316328242083491,23642993.0,389459.0,1629032986.67735,64442748.8945,XLE,VDE,Energy
2016-03-02,4.085640121591954,4.408425108528412,59.48,82.14,0.024457,0.028808,0.0,0.0,0.02445745780227351,0.028807615230460923,0.0,-0.004350157428187413,26794967.0,393983.0,1638919042.8723502,64324802.703999996,XLE,VDE,Energy
2016-03-03,4.100657924278693,4.428552332110815,60.38,83.81,0.015131,0.020331,0.0,0.0,0.015131136516476126,0.020331141952763573,0.0,-0.005200005436287448,24395607.0,356855.0,1608166883.77535,62987162.1935,XLE,VDE,Energy
2016-03-04,4.110217911378391,4.442533602510535,60.96,84.99,0.009606,0.01408,0.0,0.0,0.009605829744948658,0.014079465457582627,0.0,-0.004473635712633969,30551608.0,509540.0,1595177950.97735,62911539.56750001,XLE,VDE,Energy
2016-03-07,4.133405006122695,4.468892167695464,62.39,87.26,0.023458,0.026709,0.0,0.0,0.02345800524934383,0.026709024591128366,0.0,-0.0032510193417845355,33360502.0,354802.0,1614662083.03435,62560452.043500006,XLE,VDE,Energy
2016-03-08,4.0905038628361625,4.417152436649256,59.77,82.86,-0.041994,-0.050424,0.0,0.0,-0.041993909280333384,-0.05042402016960807,0.0,0.008430110889274686,29817592.0,444992.0,1606922222.15385,62202837.629499994,XLE,VDE,Energy
2016-03-09,4.106602459617603,4.437224795138644,60.74,84.54,0.016229,0.020275,0.0,0.0,0.0162288773632257,0.020275162925416507,0.0,-0.004046285562190808,25467590.0,217142.0,1582676858.95485,61089099.77,XLE,VDE,Energy
2016-03-10,4.107425301760631,4.43473767358655,60.79,84.33,0.000823,-0.002484,0.0,0.0,0.0008231807704972012,-0.002484031227821287,0.0,0.0033072119983184878,28773815.0,257845.0,1588416168.23035,59525209.442499995,XLE,VDE,Energy
2016-03-11,4.132924044189576,4.46118433545971,62.36,86.59,0.025827,0.026799,0.0,0.0,0.025826616219772988,0.02679947824024665,0.0,-0.0009728620204736624,24783649.0,257998.0,1536460338.194,58138428.97050001,XLE,VDE,Energy
2016-03-14,4.126327608075152,4.452834524684393,61.95,85.87,-0.006575,-0.008315,0.0,0.0,-0.0065747273893521484,-0.008315047927012357,0.0,0.001740320537660208,21766057.0,262066.0,1532619119.0795002,57475984.69749999,XLE,VDE,Energy
2016-03-15,4.124388683570477,4.448048430215879,61.83,85.46,-0.001937,-0.004775,0.0,0.0,-0.001937046004842615,-0.004774659368813458,0.0,0.0028376133639708427,21719596.0,230860.0,1505411955.524,36224234.3945,XLE,VDE,Energy
2016-03-16,4.141546163706395,4.468777561082536,62.9,87.25,0.017306,0.020946,0.0,0.0,0.017305515122109007,0.020945471565644885,0.0,-0.003639956443535878,26970370.0,291064.0,1505819399.439,34553561.3905,XLE,VDE,Energy
2016-03-17,4.155133876358364,4.484696032520217,63.7605,88.65,0.013681,0.016046,0.0,0.0,0.013680445151033387,0.016045845272206302,0.0,-0.0023654001211729156,28160813.0,469611.0,1513511222.897325,34500831.661,XLE,VDE,Energy
2016-03-18,4.150882413182359,4.4850343847481104,63.49,88.68,0.002853,0.000338,0.0,0.0,-0.004242438500325437,0.0003384094754654441,0.0,-0.004580847975790881,30474007.0,398243.0,1538872738.0628252,34568547.1255,XLE,VDE,Energy
2016-03-21,4.147411283158793,4.473237514727265,63.27,87.64,-0.003465,-0.004116,0.0,0.0,-0.003465112616160025,-0.011727559765448934,0.0,0.008262447149288909,16698510.0,208973.0,1519723298.502825,33420434.537,XLE,VDE,Energy
2016-03-22,4.1418640781900775,4.469694046425642,62.92,87.33,-0.005532,-0.003537,0.0,0.0,-0.005531847637110795,-0.003537197626654496,0.0,-0.001994650010456299,14180119.0,194701.0,1503970228.785325,32158840.320499998,XLE,VDE,Energy
2016-03-23,4.119687369893896,4.442180557493629,61.54,84.96,-0.021933,-0.027139,0.0,0.0,-0.021932612841703752,-0.027138440398488624,0.0,0.005205827556784871,18873756.0,253110.0,1490199496.295325,29886684.9935,XLE,VDE,Energy
2016-03-24,4.124550404279167,4.448399410038142,61.84,85.49,0.004875,0.006238,0.0,0.0,0.004874878128046799,0.006238229755179046,0.0,-0.0013633516271322468,15516028.0,244030.0,1485298823.574825,28329940.1985,XLE,VDE,Energy
2016-03-28,4.119199763220277,4.443709519861466,61.51,85.09,-0.005336,-0.004679,0.0,0.0,-0.005336351875808538,-0.004678909814013335,0.0,-0.0006574420617952029,11564874.0,227963.0,1460331349.310825,27367460.702,XLE,VDE,Energy
2016-03-29,4.123903364463645,4.447697327163527,61.8,85.43,0.004715,0.003996,0.0,0.0,0.0047146805397496345,0.003995769185568358,0.0,0.0007189113541812764,14366942.0,418850.0,1439705472.680825,27219125.1625,XLE,VDE,Energy
2016-03-30,4.125830309301368,4.450852825603734,61.9192,85.7,0.001929,0.00316,0.0,0.0,0.001928802588996704,0.003160482266182703,0.0,-0.0012316796771859992,15744847.0,268595.0,1419815280.519945,26815334.4095,XLE,VDE,Energy
2016-03-31,4.12535861575127,4.452252079563379,61.89,85.82,-0.000472,0.0014,92835000.0,-8496180.0,0.006805689388546661,-0.0010160138396615268,101331180.0,0.007821703228208188,14046407.0,210053.0,1383593655.123445,26098583.651499998,XLE,VDE,Energy
2016-04-01,4.111856987306732,4.436278049505797,61.06,84.46,-0.013411,-0.015847,0.0,0.0,-0.013410890289222814,-0.015847121883010955,0.0,0.0024362315937881407,14804794.0,248484.0,1355142353.6724448,25652530.706,XLE,VDE,Energy
2016-04-04,4.104446696734028,4.428313668625195,60.6092,83.79,-0.007383,-0.007933,0.0,0.0,-0.007382902063543965,-0.007932749230404651,0.0,0.0005498471668606867,15809530.0,318141.0,1309931200.772245,24820092.1955,XLE,VDE,Energy
2016-04-05,4.097672352314776,4.421127148295796,60.2,83.19,-0.006751,-0.007161,0.0,0.0,-0.006751450274875852,-0.007160759040458427,0.0,0.0004093087655825745,16048846.0,241497.0,1254170141.243245,24276597.841,XLE,VDE,Energy
2016-04-06,4.119037174812473,4.444414407108697,61.5,85.15,0.021595,0.023561,0.0,0.0,0.02159468438538206,0.0235605241014545,0.0,-0.0019658397160724414,18218791.0,345924.0,1221083049.876245,23905767.415,XLE,VDE,Energy
2016-04-07,4.113166316462689,4.437816056315923,61.14,84.59,-0.005854,-0.006577,0.0,0.0,-0.005853658536585366,-0.006576629477392836,0.0,0.00072297094080747,13927061.0,203645.0,1186313004.523245,23849224.7085,XLE,VDE,Energy
2016-04-08,4.1330843905380314,4.461068842013835,62.37,86.58,0.020118,0.023525,0.0,0.0,0.020117762512266928,0.023525239389998818,0.0,-0.00340747687773189,17666506.0,198646.0,1153947992.791745,23621959.8,XLE,VDE,Energy
2016-04-11,4.128907006571212,4.458292990127331,62.11,86.34,-0.004169,-0.002772,0.0,0.0,-0.004168670835337502,-0.002772002772002772,0.0,-0.0013966680633347296,16235725.0,237985.0,1127092619.1972451,23532338.704,XLE,VDE,Energy
2016-04-12,4.158257887965753,4.492673154760945,63.96,89.36,0.029786,0.034978,0.0,0.0,0.02978586379004991,0.03497799397729905,0.0,-0.005192130187249143,27630418.0,356498.0,1148034334.403745,23999991.397,XLE,VDE,Energy
2016-04-13,4.162937353687712,4.495578509357997,64.26,89.62,0.00469,0.00291,0.0,0.0,0.004690431519699956,0.002909579230080573,0.0,0.001780852289619383,18702915.0,318221.0,1140980669.2647452,24439474.918,XLE,VDE,Energy
2016-04-14,4.165268900558799,4.496582245571192,64.41,89.71,0.002334,0.001004,0.0,0.0,0.00233426704014925,0.0010042401249719744,0.0,0.0013300269151772755,17435536.0,295574.0,1112309999.302745,24495505.395000003,XLE,VDE,Energy
2016-04-15,4.151657038267932,4.4836802884003815,63.5392,88.56,-0.01352,-0.012819,0.0,0.0,-0.013519639807483224,-0.01281908371419004,0.0,-0.0007005560932931837,14221157.0,212083.0,1067712670.38114,23353058.1615,XLE,VDE,Energy
2016-04-18,4.168059600044382,4.500142948120385,64.59,90.03,0.016538,0.016599,0.0,0.0,0.01653782232070902,0.01659891598915989,0.0,-6.109366845087269e-05,20685801.0,372464.0,1037777729.4891399,23263895.395499997,XLE,VDE,Energy
2016-04-19,4.1878349053094395,4.522114610850766,65.88,92.03,0.019972,0.022215,0.0,0.0,0.019972131908964234,0.022214817283127845,0.0,-0.002242685374163611,17341382.0,281612.0,1042074505.4121401,23644013.3275,XLE,VDE,Energy
2016-04-20,4.19675071805349,4.532061714167453,66.47,92.95,0.008956,0.009997,0.0,0.0,0.008955676988463874,0.00999674019341519,0.0,-0.0010410632049513164,21088333.0,287323.0,1067550925.7636398,24129185.053500004,XLE,VDE,Energy
2016-04-21,4.190866129212723,4.526451601276686,66.08,92.43,-0.005867,-0.005594,0.0,0.0,-0.005867308560252746,-0.0055944055944054695,0.0,-0.0002729029658472765,19335063.0,210935.0,1073359426.70364,24028809.876,XLE,VDE,Energy
2016-04-22,4.205289456173828,4.543294782270004,67.04,94.0,0.014528,0.016986,0.0,0.0,0.014527845036319752,0.016985827112409264,0.0,-0.0024579820760895123,15764509.0,401538.0,1078226502.29564,24872932.241000004,XLE,VDE,Energy
2016-04-25,4.1940390562533,4.530015512387331,66.29,92.76,-0.011187,-0.013192,0.0,0.0,-0.011187350835322194,-0.013191489361702127,0.0,0.0020041385263799335,17234253.0,252597.0,1099781663.8771398,25074608.5435,XLE,VDE,Energy
2016-04-26,4.209902902856373,4.545844719903276,67.35,94.24,0.01599,0.015955,0.0,0.0,0.015990345451802404,0.015955153083225527,0.0,3.5192368576877214e-05,13585695.0,234547.0,1101137641.00964,24390676.232499998,XLE,VDE,Energy
2016-04-27,4.2287297569205435,4.566325402164524,68.63,96.19,0.019005,0.020692,0.0,0.0,0.01900519673348195,0.020691850594227505,0.0,-0.0016866538607455545,21962444.0,386010.0,1127756351.07752,25096261.7525,XLE,VDE,Energy
2016-04-28,4.213755901102586,4.551030739887443,67.61,94.73,-0.014862,-0.015178,0.0,0.0,-0.014862305114381465,-0.015178292961846345,0.0,0.00031598784746487973,15555187.0,235073.0,1136874054.26952,25308347.594,XLE,VDE,Energy
2016-04-29,4.212127597878484,4.550080219670131,67.5,94.64,-0.001627,-0.00095,195750000.0,-33124000.0,0.012324573192071154,-0.009492920634936928,228874000.0,0.02181749382700808,24107385.0,263952.0,1173037442.56252,25508020.526,XLE,VDE,Energy
2016-05-02,4.2110900227464905,4.547435135336853,67.43,94.39,-0.001037,-0.002642,0.0,0.0,-0.0010370370370369028,-0.0026415891800507184,0.0,0.0016045521430138156,15065966.0,390422.0,1175922198.6477199,26017765.4355,XLE,VDE,Energy
2016-05-03,4.187227556368814,4.519394408966687,65.84,91.78,-0.02358,-0.027651,0.0,0.0,-0.023580008898116695,-0.02765123424091535,0.0,0.004071225342798655,16158058.0,251372.0,1180807499.1237202,26166804.772,XLE,VDE,Energy
2016-05-04,4.1726935286330775,4.504686647409769,64.89,90.44,-0.014429,-0.0146,0.0,0.0,-0.014428918590522479,-0.01460013074743953,0.0,0.00017121215691705098,18605357.0,277660.0,1185149797.58522,25949611.862,XLE,VDE,Energy
2016-05-05,4.180828022110238,4.511628441579727,65.42,91.07,0.008168,0.006966,0.0,0.0,0.00816766836184312,0.00696594427244569,0.0,0.001201724089397429,14352026.0,196475.0,1189520249.15422,25982944.247,XLE,VDE,Energy
2016-05-06,4.178532512647126,4.510419849442281,65.27,90.96,-0.002293,-0.001208,0.0,0.0,-0.0022928767960868237,-0.0012078620841111235,0.0,-0.0010850147119757002,12545475.0,163477.0,1175369407.85572,25866499.109,XLE,VDE,Energy
2016-05-09,4.163870624870711,4.492337377713747,64.32,89.33,-0.014555,-0.01792,0.0,0.0,-0.014554925693274231,-0.017919964819700842,0.0,0.0033650391264266107,16020841.0,268031.0,1176472388.52422,26036278.325500004,XLE,VDE,Energy
2016-05-10,4.181286492355909,4.5127258955968115,65.45,91.17,0.017568,0.020598,0.0,0.0,0.017568407960199147,0.020597783499384306,0.0,-0.003029375539185159,10351379.0,165084.0,1121985199.5377202,25195980.675499998,XLE,VDE,Energy
2016-05-11,4.184337600748806,4.515683019486556,65.65,91.44,0.003056,0.002962,0.0,0.0,0.003055767761650253,0.0029615004935834156,0.0,9.426726806683727e-05,14214778.0,264365.0,1108552742.4277198,24978709.1545,XLE,VDE,Energy
2016-05-12,4.187087813919995,4.51830425296643,65.8308,91.68,0.002754,0.002625,0.0,0.0,0.002753998476770533,0.002624671916010627,0.0,0.00012932656075990588,12477167.0,188748.0,1093470693.0069,24518132.8095,XLE,VDE,Energy
2016-05-13,4.174233411906258,4.504244267398131,64.99,90.4,-0.012772,-0.013962,0.0,0.0,-0.012772137054387973,-0.01396160558464236,0.0,0.001189468530254388,12371851.0,246755.0,1088492975.88868,24694361.8855,XLE,VDE,Energy
2016-05-16,4.191017449482361,4.522657764413627,66.09,92.08,0.016926,0.018584,0.0,0.0,0.016925680873980754,0.018584070796460177,0.0,-0.0016583899224794224,13727687.0,229916.0,1067051323.25068,24076248.4535,XLE,VDE,Energy
2016-05-17,4.1956970564823886,4.528181144459956,66.4,92.59,0.004691,0.005539,0.0,0.0,0.00469057346043288,0.0055386620330147695,0.0,-0.0008480885725818893,15837339.0,207637.0,1062508776.4226801,23741666.327,XLE,VDE,Energy
2016-05-18,4.186011750747925,4.515573652176335,65.76,91.43,-0.009639,-0.012528,0.0,0.0,-0.009638554216867469,-0.0125283507938221,0.0,0.0028897965769546317,22951773.0,248337.0,1067887131.3211801,23541605.279999997,XLE,VDE,Energy
2016-05-19,4.186163807313259,4.5148077459077,65.77,91.36,0.000152,-0.000766,0.0,0.0,0.0001520681265205434,-0.0007656130372964207,0.0,0.0009176811638169641,16854850.0,199022.0,1059431257.39418,23475901.673499998,XLE,VDE,Energy
2016-05-20,4.1920760507154355,4.52124495105033,66.16,91.95,0.00593,0.006458,0.0,0.0,0.005929755207541432,0.0064579684763572676,0.0,-0.0005282132688158355,9833512.0,192152.0,1039117880.9221799,22472091.8935,XLE,VDE,Energy
2016-05-23,4.18950321539533,4.518740457989703,65.99,91.72,-0.00257,-0.002501,0.0,0.0,-0.002569528415961443,-0.002501359434475258,0.0,-6.816898148618482e-05,10272532.0,159468.0,1015889168.68768,22031867.2555,XLE,VDE,Energy
2016-05-24,4.1944915108270395,4.522331907679087,66.32,92.05,0.005001,0.003598,0.0,0.0,0.0050007576905591765,0.003597906672481465,0.0,0.0014028510180777113,11302905.0,195910.0,1007619773.75518,21828357.5665,XLE,VDE,Energy
2016-05-25,4.210199814972569,4.542230386214217,67.37,93.9,0.015832,0.020098,0.0,0.0,0.015832328106152267,0.020097772949483977,0.0,-0.00426544484333171,14268102.0,239929.0,980317748.75618,21098309.1265,XLE,VDE,Energy
2016-05-26,4.206035001574797,4.5364629879783,67.09,93.36,-0.004156,-0.005751,0.0,0.0,-0.004156152590173802,-0.005750798722044728,0.0,0.0015946461318709264,10716801.0,207936.0,963682948.05718,20955531.110000003,XLE,VDE,Energy
2016-05-27,4.20663103795066,4.5369984058847574,67.13,93.41,0.000596,0.000536,0.0,0.0,0.0005962140408405267,0.0005355612682090831,0.0,6.065277263144354e-05,9258701.0,171059.0,913397353.58868,20505441.3055,XLE,VDE,Energy
2016-05-31,4.202750436065887,4.532922021780467,66.87,93.03,-0.003873,-0.004068,-66870000.00000001,93030.0,-0.008606985616788264,-0.004043545100816064,-66963030.00000001,-0.0045634405159722,15406124.0,355017.0,914112824.8136799,20314206.252,XLE,VDE,Energy
2016-06-01,4.203049479130317,4.535927283245931,66.89,93.31,0.000299,0.00301,0.0,0.0,0.0002990877822640945,0.0030097817908201654,0.0,-0.002710694008556071,16695658.0,234433.0,916759126.0586799,20254407.3055,XLE,VDE,Energy
2016-06-02,4.2017030805426,4.533674184283021,66.8,93.1,-0.001345,-0.002251,0.0,0.0,-0.001345492599790701,-0.002250562640660165,0.0,0.0009050700408694639,12849991.0,204803.0,899313015.2121799,19952186.7505,XLE,VDE,Energy
2016-06-03,4.197803270590331,4.531092982591776,66.54,92.86,-0.003892,-0.002578,0.0,0.0,-0.003892215568862139,-0.0025778732545649837,0.0,-0.0013143423142971552,12157730.0,243244.0,892816305.87618,20186919.73,XLE,VDE,Energy
2016-06-06,4.219666516094397,4.554508271185863,68.0108,95.06,0.022104,0.023692,0.0,0.0,0.022103997595431236,0.02369157872065475,0.0,-0.0015875811252235132,18223802.0,223304.0,913844915.86676,20504790.246,XLE,VDE,Energy
2016-06-07,4.242045918369452,4.576667825515379,69.55,97.19,0.022632,0.022407,0.0,0.0,0.022631699671228633,0.022406900904691773,0.0,0.00022479876653686004,15618287.0,254144.0,916634484.25326,20542642.5525,XLE,VDE,Energy
2016-06-08,4.239742764911457,4.575432367724135,69.39,97.07,-0.002301,-0.001235,0.0,0.0,-0.0023005032350826744,-0.001234694927461794,0.0,-0.0010658083076208805,18129711.0,280630.0,945660628.79026,21152144.8435,XLE,VDE,Energy
2016-06-09,4.232075457910378,4.56954300834494,68.86,96.5,-0.007638,-0.005872,0.0,0.0,-0.0076379881827352645,-0.005872051097146269,0.0,-0.0017659370855889955,12340597.0,164380.0,941489295.47626,20736601.5635,XLE,VDE,Energy
2016-06-10,4.210199814972569,4.545844719903276,67.37,94.24,-0.021638,-0.02342,0.0,0.0,-0.021638106302643043,-0.023419689119170986,0.0,0.0017815828165279428,14490191.0,282420.0,949230409.5925801,21202143.7715,XLE,VDE,Energy
2016-06-13,4.207226719278773,4.540738325828703,67.17,93.76,-0.002969,-0.005093,0.0,0.0,-0.0029686804215526197,-0.0050933786078098476,0.0,0.002124698186257228,11587863.0,191675.0,947945917.65358,20985383.5715,XLE,VDE,Energy
2016-06-14,4.20663103795066,4.539884719289462,67.13,93.68,-0.000596,-0.000853,0.0,0.0,-0.000595503945213637,-0.0008532423208189873,0.0,0.0002577383756053503,12202474.0,238699.0,943540379.94308,21044916.4235,XLE,VDE,Energy
2016-06-15,4.204256703497915,4.537640529194492,66.9708,93.47,-0.002371,-0.002242,0.0,0.0,-0.002371517950245873,-0.0022416737830915,0.0,-0.00012984416715437286,16829530.0,200534.0,947314768.84928,21020856.581,XLE,VDE,Energy
2016-06-16,4.199455046624718,4.532169293103601,66.65,92.96,-0.00479,-0.005456,0.0,0.0,-0.004790147347799123,-0.005456296137798349,0.0,0.0006661487899992267,19993692.0,349091.0,938478317.81528,21508158.9535,XLE,VDE,Energy
2016-06-17,4.203049479130317,4.5435075255959845,66.89,94.02,0.010149,0.011403,0.0,0.0,0.003600900225056127,0.011402753872633519,0.0,-0.007801853647577392,17435936.0,271510.0,941365631.54228,21875394.9675,XLE,VDE,Energy
2016-06-20,4.211683054639334,4.5525075334047855,67.47,94.87,0.008671,0.009041,0.0,0.0,0.008670952309762297,0.009040629653265263,0.0,-0.0003696773435029662,10913235.0,265288.0,945652172.1187799,22250369.775500003,XLE,VDE,Energy
2016-06-21,4.223470431430189,4.557344556505487,68.27,95.33,0.011857,0.010583,0.0,0.0,0.011857121683711279,0.004848740381574786,0.0,0.007008381302136492,11222301.0,188311.0,950065277.2482799,22416633.909,XLE,VDE,Energy
2016-06-22,4.217888748313555,4.5513473792905845,67.89,94.76,-0.005566,-0.005979,0.0,0.0,-0.005566134466090523,-0.005979230043008496,0.0,0.00041309557691797307,10258224.0,190769.0,947406385.6362801,22418821.656,XLE,VDE,Energy
2016-06-23,4.234251421632511,4.5689210533129705,69.01,96.44,0.016497,0.017729,0.0,0.0,0.01649727500368256,0.017728999577880964,0.0,-0.0012317245741984041,9538468.0,127211.0,932256767.88328,21905766.443,XLE,VDE,Energy
2016-06-24,4.201403634515509,4.530554392607302,66.78,92.81,-0.032314,-0.03764,0.0,0.0,-0.032314157368497444,-0.0376399834093737,0.0,0.0053258260408762595,26879900.0,307244.0,986059245.02878,22360886.976999998,XLE,VDE,Energy
2016-06-27,4.16883341421284,4.498697941477575,64.64,89.9,-0.032046,-0.031354,0.0,0.0,-0.03204552261156035,-0.03135437991595733,0.0,-0.0006911426956030184,21824749.0,537472.0,1025520003.89028,23977892.557499997,XLE,VDE,Energy
2016-06-28,4.196299284745094,4.527316746783227,66.44,92.51,0.027847,0.029032,0.0,0.0,0.027846534653465347,0.02903225806451613,0.0,-0.0011857234110507833,14550432.0,293908.0,1022346163.40028,23686002.436,XLE,VDE,Energy
2016-06-29,4.215086179918229,4.547435135336853,67.7,94.39,0.018964,0.020322,0.0,0.0,0.018964479229379893,0.020322127337585125,0.0,-0.0013576481082052325,16354428.0,317538.0,1021867273.99928,24090875.8655,XLE,VDE,Energy
2016-06-30,4.223030903183424,4.555139252382526,68.24,95.12,0.007976,0.007734,122831999.99999999,68962000.0,0.016639926655970527,0.02573709952127888,53869999.999999985,-0.009097172865308353,12132268.0,313524.0,1020343602.47528,24628638.0445,XLE,VDE,Energy
2016-07-01,4.22829253473184,4.562680134367139,68.6,95.84,0.005276,0.007569,0.0,0.0,0.005275498241500587,0.007569386038687973,0.0,-0.002293887797187386,12678827.0,164385.0,1023383211.37528,24286989.072499998,XLE,VDE,Energy
2016-07-05,4.20797082229696,4.5388166854380705,67.22,93.58,-0.020117,-0.023581,0.0,0.0,-0.02011661807580162,-0.023580968280467445,0.0,0.003464350204665824,15069921.0,323159.0,1012062448.2032,24737686.1215,XLE,VDE,Energy
2016-07-06,4.212263884887284,4.544464310870697,67.5092,94.11,0.004302,0.005664,0.0,0.0,0.004302290984826025,0.005663603334045736,0.0,-0.0013613123492197112,15897473.0,462076.0,1011411139.3732799,25676971.9715,XLE,VDE,Energy
2016-07-07,4.201990464393606,4.533459338434091,66.8192,93.08,-0.010221,-0.010945,0.0,0.0,-0.010220829161062626,-0.01094463925193922,0.0,0.0007238100908765945,14097789.0,486802.0,995610256.19622,26580510.7745,XLE,VDE,Energy
2016-07-08,4.215233879497554,4.547541073151455,67.71,94.4,0.013332,0.014181,0.0,0.0,0.013331497533642945,0.014181349376880103,0.0,-0.0008498518432371576,11567902.0,336903.0,992284712.94622,27377559.4345,XLE,VDE,Energy
2016-07-11,4.2171519914836475,4.548070593947519,67.84,94.45,0.00192,0.00053,0.0,0.0,0.0019199527396250044,0.0005296610169491525,0.0,0.001390291722675852,9750386.0,256754.0,976547813.87472,27259317.159500003,XLE,VDE,Energy
2016-07-12,4.241614480957137,4.574814065973192,69.52,97.01,0.024764,0.027104,0.0,0.0,0.024764150943396228,0.02710428798305982,0.0,-0.002340137039663591,15524539.0,399715.0,991593273.55322,28299562.367000002,XLE,VDE,Energy
2016-07-13,4.232946411659729,4.564764771353053,68.92,96.04,-0.008631,-0.009999,0.0,0.0,-0.00863060989643268,-0.009998969178435093,0.0,0.0013683592820024123,12546247.0,1436087.0,993870036.7342201,34077586.025000006,XLE,VDE,Energy
2016-07-14,4.238011912034514,4.5689210533129705,69.27,96.44,0.005078,0.004165,0.0,0.0,0.005078351712130006,0.004164931278633782,0.0,0.000913420433496224,10898600.0,197540.0,975262983.44802,34092928.256000005,XLE,VDE,Energy
2016-07-15,4.237434294689934,4.568091177746671,69.23,96.36,-0.000577,-0.00083,0.0,0.0,-0.0005774505557961599,-0.0008295313148071339,0.0,0.000252080759010974,9129529.0,227006.0,940235869.4915199,33564068.196,XLE,VDE,Energy
2016-07-18,4.2381562642541795,4.569024739351738,69.28,96.45,0.000722,0.000934,0.0,0.0,0.0007222302470027445,0.0009339975093399751,0.0,-0.00021176726233723068,9401131.0,214777.0,914486899.32352,33323461.7685,XLE,VDE,Energy
2016-07-19,4.232499416821753,4.562053894914463,68.8892,95.78,-0.005641,-0.006947,0.0,0.0,-0.005640877598152347,-0.006946604458268533,0.0,0.0013057268601161858,6991909.0,111187.0,901754451.92516,32597542.683500003,XLE,VDE,Energy
2016-07-20,4.2310583855379225,4.5612182984589085,68.79,95.7,-0.00144,-0.000835,0.0,0.0,-0.0014399934968035103,-0.0008352474420547087,0.0,-0.0006047460547488016,11554953.0,189409.0,903190388.3051602,32606280.367000002,XLE,VDE,Energy
2016-07-21,4.221124045253227,4.551030739887443,68.11,94.73,-0.009885,-0.010136,0.0,0.0,-0.009885157726413853,-0.010135841170323928,0.0,0.0002506834439100752,9256914.0,168778.0,899893267.56416,32501833.842,XLE,VDE,Energy
2016-07-22,4.224202549480315,4.553350437258295,68.32,94.95,0.003083,0.002322,0.0,0.0,0.003083247687564102,0.0023223899503853054,0.0,0.0007608577371787965,7990615.0,210565.0,894276724.5701599,32888079.7375,XLE,VDE,Energy
2016-07-25,4.20409542618122,4.5324919604901055,66.96,92.99,-0.019906,-0.020642,0.0,0.0,-0.01990632318501171,-0.020642443391258557,0.0,0.0007361202062468458,12771664.0,298703.0,847284269.54216,32851133.554,XLE,VDE,Energy
2016-07-26,4.209902902856373,4.538602941715978,67.35,93.56,0.005824,0.00613,0.0,0.0,0.005824372759856632,0.006129691364662867,0.0,-0.0003053186048062352,12393898.0,334304.0,818483132.28916,31999071.026000004,XLE,VDE,Energy
2016-07-27,4.200055016644215,4.527749039019507,66.69,92.55,-0.0098,-0.010795,0.0,0.0,-0.009799554565701427,-0.010795211628901239,0.0,0.0009956570631998122,16177902.0,373723.0,824091811.4041599,32369002.7545,XLE,VDE,Energy
2016-07-28,4.200204952921578,4.525802250604519,66.7,92.37,0.00015,-0.001945,0.0,0.0,0.000149947518368571,-0.0019448946515397082,0.0,0.0020948421699082793,10863457.0,242812.0,804961701.71916,31991809.385500003,XLE,VDE,Energy
2016-07-29,4.2103482379784065,4.53571292097287,67.38,93.29,0.010195,0.00996,-397542000.0,51775950.0,-0.01802229779326903,0.023529744676803785,-449317950.0,-0.04155204247007281,16501788.0,505581.0,819160927.0751599,32858971.816000003,XLE,VDE,Energy
2016-08-01,4.176845783733844,4.501031146246946,65.16,90.11,-0.032947,-0.034087,0.0,0.0,-0.03294746215494212,-0.034087254796870095,0.0,0.0011397926419279766,30648522.0,621563.0,875525435.14116,34871690.9925,XLE,VDE,Energy
2016-08-02,4.185859671057874,4.508879525669805,65.75,90.82,0.009055,0.007879,0.0,0.0,0.00905463474524248,0.007879258683830747,0.0,0.0011753760614117321,25600076.0,441879.0,909035680.5101601,35366202.5705,XLE,VDE,Energy
2016-08-03,4.2049910823091645,4.528936879988502,67.02,92.66,0.019316,0.02026,0.0,0.0,0.01931558935361217,0.020259854657564542,0.0,-0.0009442653039523734,23905616.0,336813.0,935482115.51358,34752358.58150001,XLE,VDE,Energy
2016-08-04,4.2034978761186235,4.529799878963315,66.92,92.74,-0.001492,0.000863,0.0,0.0,-0.0014920919128618322,0.0008633714655730628,0.0,-0.002355463378434895,16790222.0,215598.0,944562049.1881402,33486509.9995,XLE,VDE,Energy
2016-08-05,4.212571943586751,4.539671203755396,67.53,93.66,0.009115,0.00992,0.0,0.0,0.009115361625821878,0.009920207030407592,0.0,-0.0008048454045857141,11426779.0,189631.0,943981436.2606399,32784369.8125,XLE,VDE,Energy
2016-08-08,4.225811324964407,4.553771622902091,68.43,94.99,0.013327,0.0142,0.0,0.0,0.013327410039982368,0.014200298953662182,0.0,-0.0008728889136798146,21663404.0,387134.0,985029463.7346401,33410541.9805,XLE,VDE,Energy
2016-08-09,4.22053658745986,4.547646999744425,68.07,94.41,-0.005261,-0.006106,0.0,0.0,-0.005260850504165111,-0.006105905884829982,0.0,0.0008450553806648711,11128358.0,149500.0,968941532.6236398,32177439.123000003,XLE,VDE,Energy
2016-08-10,4.20960590255719,4.53571292097287,67.33,93.29,-0.010871,-0.011863,0.0,0.0,-0.010871162039077285,-0.011863150090032715,0.0,0.00099198805095543,18036793.0,168589.0,986428029.0961401,26067732.739499997,XLE,VDE,Energy
2016-08-11,4.224202549480315,4.549868870203002,68.32,94.62,0.014704,0.014257,0.0,0.0,0.014703698202881192,0.014256619144602727,0.0,0.0004470790582784649,17429739.0,182938.0,1008220716.42014,25980674.5375,XLE,VDE,Energy
2016-08-12,4.229749199228304,4.555349491004136,68.7,95.14,0.005562,0.005496,0.0,0.0,0.0055620608899298795,0.00549566687803847,0.0,6.639401189140973e-05,10189672.0,148613.0,1011620375.1066399,25593911.6705,XLE,VDE,Energy
2016-08-15,4.237723145067448,4.564452352709533,69.25,96.01,0.008006,0.009144,0.0,0.0,0.008005822416302766,0.009144418751313853,0.0,-0.001138596335011087,10703381.0,208988.0,1016115314.0351398,25561396.482,XLE,VDE,Energy
2016-08-16,4.239310332472287,4.566948973167894,69.36,96.25,0.001588,0.0025,0.0,0.0,0.001588447653429603,0.002499739610457244,0.0,-0.0009112919570276412,10242759.0,218735.0,1027553851.3729999,26081584.1265,XLE,VDE,Energy
2016-08-17,4.24233343993555,4.5693357329788755,69.57,96.48,0.003028,0.00239,0.0,0.0,0.00302768166089952,0.0023896103896103894,0.0,0.0006380712712891305,14719471.0,203584.0,1039012270.4029999,26157351.2775,XLE,VDE,Energy
2016-08-18,4.2626798770413155,4.589040804058207,71.0,98.4,0.020555,0.019901,0.0,0.0,0.020554836854966358,0.01990049751243781,0.0,0.0006543393425285475,24148544.0,282186.0,1093215180.9759998,26746289.4005,XLE,VDE,Energy
2016-08-19,4.254335298531042,4.580877493419047,70.41,97.6,-0.00831,-0.00813,0.0,0.0,-0.008309859154929577,-0.008130081300813009,0.0,-0.00017977785411656816,11045741.0,228491.0,1104805771.3265,26861668.143,XLE,VDE,Energy
2016-08-22,4.242764567340374,4.569853840860524,69.6,96.53,-0.011504,-0.010963,0.0,0.0,-0.01150404772049438,-0.010963114754098361,0.0,-0.0005409329663960179,14136701.0,156430.0,1111241959.7345002,26227857.9395,XLE,VDE,Energy
2016-08-23,4.249768716550675,4.57532934397707,70.0892,97.06,0.007029,0.005491,0.0,0.0,0.007028735632184122,0.005490521081529059,0.0,0.0015382145506550636,12456241.0,234660.0,1113157906.55436,25802788.8075,XLE,VDE,Energy
2016-08-24,4.24577726598231,4.570992734186505,69.81,96.64,-0.003984,-0.004327,0.0,0.0,-0.003983495317395626,-0.004327220276117865,0.0,0.00034372495872223886,16452642.0,197173.0,1116640639.23636,25026125.560999997,XLE,VDE,Energy
2016-08-25,4.243051882383293,4.5689210533129705,69.62,96.44,-0.002722,-0.00207,0.0,0.0,-0.002721673112734565,-0.0020695364238410598,0.0,-0.0006521366888935054,11895847.0,93465.0,1121820453.5483599,24355386.569,XLE,VDE,Energy
2016-08-26,4.239598641541604,4.566429357671661,69.38,96.2,-0.003447,-0.002489,0.0,0.0,-0.0034472852628555013,-0.002488593944421402,0.0,-0.0009586913184340992,14575065.0,136816.0,1116786830.26136,22655188.954499997,XLE,VDE,Energy
2016-08-29,4.246350085702971,4.572853584511548,69.85,96.82,0.006774,0.006445,0.0,0.0,0.006774286537907044,0.0064449064449063264,0.0,0.00032938009300071715,7393983.0,100385.0,1042757431.2128599,20340700.643,XLE,VDE,Energy
2016-08-30,4.242908235180575,4.568609930676289,69.61,96.41,-0.003436,-0.004235,0.0,0.0,-0.0034359341445954292,-0.0042346622598635475,0.0,0.0007987281152681183,7132867.0,153830.0,983423124.9563601,19075665.619,XLE,VDE,Energy
2016-08-31,4.226979720014808,4.554508271185863,68.51,95.06,-0.015802,-0.014003,743333500.0,-35647500.0,0.03620593651332808,-0.022835265462525477,778981000.0,0.05904120197585356,13232792.0,286024.0,948644334.73636,18874683.062,XLE,VDE,Energy
2016-09-01,4.224056168743758,4.5511362974956056,68.31,94.74,-0.002919,-0.003366,0.0,0.0,-0.0029192818566633892,-0.003366294971596886,0.0,0.00044701311493349676,16668518.0,201971.0,949395575.15336,18831691.763000004,XLE,VDE,Energy
2016-09-02,4.235265253278478,4.561740628060756,69.08,95.75,0.011272,0.010661,0.0,0.0,0.011272141706924315,0.010660755752586026,0.0,0.0006113859543382897,10794394.0,172362.0,948096892.7358601,18768832.865000002,XLE,VDE,Energy
2016-09-06,4.250208060053033,4.577284982498556,70.12,97.25,0.015055,0.015666,0.0,0.0,0.015055008685582062,0.015665796344647518,0.0,-0.0006107876590654565,12844055.0,169472.0,919006812.7798599,17754197.532,XLE,VDE,Energy
2016-09-07,4.25589635752967,4.5810823904590015,70.52,97.62,0.005704,0.003805,0.0,0.0,0.005704506560182418,0.0038046272493573265,0.0,0.001899879310825091,15094546.0,152468.0,934354815.5228599,17792679.09,XLE,VDE,Energy
2016-09-08,4.274441423993944,4.598850257243272,71.84,99.37,0.018718,0.017927,0.0,0.0,0.01871809415768576,0.01792665437410367,0.0,0.000791439783582093,18005348.0,309524.0,938309161.9043598,18544165.6935,XLE,VDE,Energy
2016-09-09,4.244200317766478,4.568609930676289,69.7,96.41,-0.029788,-0.029788,0.0,0.0,-0.029788418708240536,-0.02978766227231559,0.0,-7.56435924946508e-07,21771832.0,149981.0,954644008.0003599,18401669.426000003,XLE,VDE,Energy
2016-09-12,4.25405120762004,4.577490616881349,70.39,97.27,0.0099,0.00892,0.0,0.0,0.009899569583931133,0.008920236489990664,0.0,0.0009793330939404689,21972895.0,189303.0,996976088.63286,18615392.525500003,XLE,VDE,Energy
2016-09-13,4.2250803842111555,4.547117254539474,68.38,94.36,-0.028555,-0.029917,0.0,0.0,-0.028555192498934633,-0.029916726637195436,0.0,0.0013615341382608032,24580364.0,265947.0,1043955896.43636,18866883.577499997,XLE,VDE,Energy
2016-09-14,4.213164097564083,4.534425781462334,67.57,93.17,-0.011846,-0.012611,0.0,0.0,-0.011845568879789414,-0.012611275964391691,0.0,0.0007657070846022775,26470159.0,242261.0,1097863440.40586,18942794.2585,XLE,VDE,Energy
2016-09-15,4.2255190127729065,4.545844719903276,68.41,94.24,0.012432,0.011484,0.0,0.0,0.012431552464111425,0.011484383385209832,0.0,0.000947169078901593,17233999.0,174816.0,1105610654.11186,18784438.0345,XLE,VDE,Energy
2016-09-16,4.211386582653765,4.537854478703224,67.45,93.49,-0.008032,-0.007958,0.0,0.0,-0.01403303610583248,-0.007958404074702887,0.0,-0.006074632031129594,17394405.0,201405.0,1078545953.77436,18337550.587,XLE,VDE,Energy
2016-09-19,4.210793374865347,4.537319519079917,67.41,93.44,-0.000593,-0.000535,0.0,0.0,-0.0005930318754633062,-0.0005348165579206332,0.0,-5.821531754267295e-05,11797513.0,232727.0,1079422940.15036,18309815.051,XLE,VDE,Energy
2016-09-20,4.2034978761186235,4.522005944727322,66.92,92.02,-0.007269,-0.008647,0.0,0.0,-0.007268951194184839,-0.015196917808219178,0.0,0.007927966614034339,14132935.0,660117.0,1077516021.18036,20592003.972999997,XLE,VDE,Energy
2016-09-21,4.226395693132972,4.544570563859161,68.47,94.12,0.023162,0.022821,0.0,0.0,0.02316198445905559,0.022821125842208214,0.0,0.0003408586168473747,20260887.0,352152.0,1103226769.49,21110426.305,XLE,VDE,Energy
2016-09-22,4.227563406008323,4.548494008794535,68.55,94.49,0.001168,0.003931,0.0,0.0,0.0011683949174821088,0.00393115172120697,0.0,-0.002762756803724861,13315915.0,305989.0,1091439121.2515,21603331.3995,XLE,VDE,Energy
2016-09-23,4.21419952403038,4.532707014254376,67.64,93.01,-0.013275,-0.015663,0.0,0.0,-0.013274981765134938,-0.015663033125198435,0.0,0.002388051360063497,23075178.0,228696.0,1128069929.8405,22216193.917499997,XLE,VDE,Energy
2016-09-26,4.209754413732928,4.5290447955986,67.34,92.67,-0.004435,-0.003656,0.0,0.0,-0.004435245416913069,-0.0036555209117299214,0.0,-0.0007797245051831478,13240154.0,246430.0,1122088627.8735,22699942.3625,XLE,VDE,Energy
2016-09-27,4.203049479130317,4.522549157299754,66.89,92.07,-0.006682,-0.006475,0.0,0.0,-0.006682506682506683,-0.006474587245063251,0.0,-0.0002079194374434313,19410216.0,303303.0,1161182609.658,23610233.938,XLE,VDE,Energy
2016-09-28,4.245347435758628,4.567156743789875,69.78,96.27,0.043205,0.045617,0.0,0.0,0.04320526237105696,0.04561746497230381,0.0,-0.002412202601246853,41143437.0,456753.0,1279906117.7575,25067276.9885,XLE,VDE,Energy
2016-09-29,4.243626264937855,4.568091177746671,69.66,96.36,-0.00172,0.000935,0.0,0.0,-0.0017196904557179708,0.0009348706762231225,0.0,-0.002654561131941093,27001560.0,392651.0,1328623622.2415001,25599597.4345,XLE,VDE,Energy
2016-09-30,4.257171777528256,4.581799199664851,70.61,97.69,0.013638,0.013802,-190647000.0,-46207370.0,0.0009773963706637666,0.0022438823454556723,-144439630.0,-0.0012664859747919058,14714527.0,368857.0,1323641936.586,26444542.823999997,XLE,VDE,Energy
2016-10-03,4.256463411698536,4.5800574851730165,70.56,97.52,-0.000708,-0.00174,0.0,0.0,-0.000708114997875655,-0.0017401985873682056,0.0,0.0010320835894925507,13154939.0,281691.0,1332768724.5019999,26992885.064999998,XLE,VDE,Energy
2016-10-04,4.246206911531347,4.570578741218473,69.84,96.6,-0.010204,-0.009434,0.0,0.0,-0.01020408163265306,-0.009433962264150943,0.0,-0.0007701193685021174,11852813.0,211686.0,1329127490.668,27191270.845,XLE,VDE,Energy
2016-10-05,4.261411467315905,4.586293130218402,70.91,98.13,0.015321,0.015839,0.0,0.0,0.015320733104238258,0.015838509316770187,0.0,-0.0005177762125319289,13351152.0,272287.0,1323240630.888,27783050.702499997,XLE,VDE,Energy
2016-10-06,4.262961527514942,4.588329168792065,71.02,98.33,0.001551,0.002038,0.0,0.0,0.0015512621633055987,0.0020381127076327323,0.0,-0.00048685054432713354,11175779.0,145775.0,1298250612.101,26961883.496,XLE,VDE,Energy
2016-10-07,4.257171777528256,4.582515495423285,70.61,97.76,-0.005773,-0.005797,0.0,0.0,-0.005773021684032667,-0.00579680667141259,0.0,2.3784987379923267e-05,11744430.0,172293.0,1263839487.696,27081068.2695,XLE,VDE,Energy
2016-10-10,4.272769648736932,4.599453878991982,71.72,99.43,0.01572,0.017083,0.0,0.0,0.01572015295283954,0.01708265139116215,0.0,-0.0013624984383226076,11534499.0,148274.0,1227868597.1575,26897537.32,XLE,VDE,Energy
2016-10-11,4.2612704335380815,4.587718792374336,70.9,98.27,-0.011433,-0.011667,0.0,0.0,-0.011433351924149345,-0.011666499044554073,0.0,0.00023314712040472738,13712236.0,158860.0,1192438209.2615,26423357.984,XLE,VDE,Energy
2016-10-12,4.257030144499196,4.5826177815175795,70.6,97.77,-0.004231,-0.005088,0.0,0.0,-0.004231311706629307,-0.005088022794342118,0.0,0.0008567110877128114,10439113.0,163725.0,1139858845.97,26095154.778,XLE,VDE,Energy
2016-10-13,4.2514907510291575,4.577079305821566,70.21,97.23,-0.005524,-0.005523,0.0,0.0,-0.0055240793201133155,-0.005523166615526235,0.0,-9.127045870801348e-07,13543379.0,177370.0,1128453984.3700001,26133706.040999997,XLE,VDE,Energy
2016-10-14,4.2456340097683265,4.571820206306537,69.8,96.72,-0.00584,-0.005245,0.0,0.0,-0.005839623985187168,-0.005245294662141314,0.0,-0.0005943293230458542,11372449.0,159226.0,1109481200.5175,25962255.3045,XLE,VDE,Energy
2016-10-17,4.240751047315928,4.566429357671661,69.46,96.2,-0.004871,-0.005376,0.0,0.0,-0.004871060171919898,-0.005376344086021506,0.0,0.0005052839141016074,7425014.0,132563.0,1095504756.573,25512582.7905,XLE,VDE,Energy
2016-10-18,4.2447740412475055,4.569957430232347,69.74,96.54,0.004031,0.003534,0.0,0.0,0.004031097034264326,0.003534303534303655,0.0,0.0004967934999606707,6945066.0,106424.0,1072433401.2050002,22989093.1215,XLE,VDE,Energy
2016-10-19,4.258869811047899,4.584252937732703,70.73,97.93,0.014196,0.014398,0.0,0.0,0.014195583596214641,0.01439817692148332,0.0,-0.00020259332526867922,14315902.0,174587.0,1053698441.9835001,22186731.055,XLE,VDE,Energy
2016-10-20,4.257738109130536,4.583333491378917,70.65,97.84,-0.001131,-0.000919,0.0,0.0,-0.0011310617842498383,-0.000919023792504969,0.0,-0.00021203799174486927,12494518.0,220385.0,1052195028.1560001,21819209.4445,XLE,VDE,Energy
2016-10-21,4.2512058507423305,4.577079305821566,70.19,97.23,-0.006511,-0.006235,0.0,0.0,-0.006510969568294535,-0.006234668847097302,0.0,-0.00027630072119723317,14238481.0,130167.0,1024124725.2295,21388465.567,XLE,VDE,Energy
2016-10-24,4.248209486939542,4.573473099244837,69.98,96.88,-0.002992,-0.0036,0.0,0.0,-0.0029918791850690983,-0.003599712023038157,0.0,0.0006078328379690587,10668445.0,141472.0,1016874015.7664999,20931922.529999997,XLE,VDE,Energy
2016-10-25,4.243626264937855,4.565805462465814,69.66,96.14,-0.004573,-0.007638,0.0,0.0,-0.004572735067162046,-0.00763831544178365,0.0,0.0030655803746216037,13227127.0,97136.0,998026631.6955,20002599.9215,XLE,VDE,Energy
2016-10-26,4.24592050167689,4.567260612914871,69.82,96.28,0.002297,0.001456,0.0,0.0,0.0022968705139246493,0.0014562096941959641,0.0,0.0008406608197286851,17867803.0,237682.0,916853680.2755,18948220.504,XLE,VDE,Energy
2016-10-27,4.242189689486082,4.563827222453709,69.56,95.95,-0.003724,-0.003428,0.0,0.0,-0.003723861357777014,-0.0034275031159119234,0.0,-0.0002963582418650905,14206305.0,136063.0,872216775.5855,17709190.2285,XLE,VDE,Energy
2016-10-28,4.23945449739721,4.556609995372715,69.37,95.26,-0.002731,-0.007191,0.0,0.0,-0.0027314548591143052,-0.007191245440333507,0.0,0.004459790581219202,18558383.0,207536.0,884636889.4474999,16896002.18,XLE,VDE,Energy
2016-10-31,4.228584037430304,4.54403918598386,68.62,94.07,-0.010812,-0.012492,411720000.0,-14110499.999999998,0.0169910016721545,-0.016103727263810052,425830500.0,0.03309472893596455,12973835.0,148196.0,882739492.5404999,16219516.75,XLE,VDE,Energy
2016-11-01,4.2287297569205435,4.544783035972996,68.63,94.14,0.000146,0.000744,0.0,0.0,0.0001457301078400265,0.0007441267141491621,0.0,-0.0005983966063091357,18824788.0,234741.0,905946729.5665,16301999.257,XLE,VDE,Energy
2016-11-02,4.217594110715667,4.533029508210409,67.87,93.04,-0.011074,-0.011685,0.0,0.0,-0.011073874398950644,-0.011684724877841389,0.0,0.0006108504788907444,22982983.0,355909.0,936602972.9609998,16621711.7595,XLE,VDE,Energy
2016-11-03,4.22156441223282,4.5365700944958345,68.14,93.37,0.003978,0.003547,0.0,0.0,0.003978193605422002,0.0035468615649181887,0.0,0.0004313320405038134,12748063.0,188221.0,940350432.3729999,16783718.7105,XLE,VDE,Energy
2016-11-04,4.216119619148022,4.531523645819793,67.77,92.9,-0.00543,-0.005034,0.0,0.0,-0.005429997064866451,-0.005033736746278248,0.0,-0.0003962603185882034,17554079.0,211977.0,958368718.9494998,16926183.6915,XLE,VDE,Energy
2016-11-07,4.237434294689934,4.552823705615882,69.23,94.9,0.021544,0.021529,0.0,0.0,0.021543455806404013,0.021528525296017224,0.0,1.4930510386788193e-05,14799517.0,219615.0,968234533.6309999,17231112.675499998,XLE,VDE,Energy
2016-11-08,4.238733464847405,4.554823811551353,69.32,95.09,0.0013,0.002002,0.0,0.0,0.0013000144446048145,0.0020021074815595365,0.0,-0.000702093036954722,11208708.0,230381.0,958474038.9390001,17545900.53,XLE,VDE,Energy
2016-11-09,4.254903238344689,4.574607880405451,70.45,96.99,0.016301,0.019981,0.0,0.0,0.016301211771494645,0.019981070564728153,0.0,-0.003679858793233508,25993774.0,399405.0,1013187038.964,18682445.415,XLE,VDE,Energy
2016-11-10,4.259152536523347,4.57738780497564,70.75,97.26,0.004258,0.002784,0.0,0.0,0.0042583392476933995,0.0027837921435199505,0.0,0.001474547104173449,20634829.0,389740.0,1038638714.5719999,19715466.78,XLE,VDE,Energy
2016-11-11,4.240751047315928,4.561845061249718,69.46,95.76,-0.018233,-0.015423,0.0,0.0,-0.018233215547703303,-0.015422578655151141,0.0,-0.0028106368925521624,17659713.0,305867.0,1060281050.8110001,20409941.04,XLE,VDE,Energy
2016-11-14,4.246350085702971,4.567260612914871,69.85,96.28,0.005615,0.00543,0.0,0.0,0.00561474229772531,0.005430242272347535,0.0,0.00018450002537777517,12572005.0,184669.0,1078401704.6515,20661309.575999998,XLE,VDE,Energy
2016-11-15,4.274162988797936,4.595321849933277,71.82,99.02,0.028203,0.028459,0.0,0.0,0.02820329277022191,0.028458662235147487,0.0,-0.000255369464925579,19228710.0,276051.0,1123234557.1195,21514329.428999998,XLE,VDE,Energy
2016-11-16,4.267176792994939,4.588125751378833,71.32,98.31,-0.006962,-0.00717,0.0,0.0,-0.0069618490671122255,-0.007170268632599475,0.0,0.00020841956548724953,16609103.0,207123.0,1131834430.9945,21677577.29,XLE,VDE,Energy
2016-11-17,4.260423812914633,4.582515495423285,70.84,97.76,-0.00673,-0.005595,0.0,0.0,-0.0067302299495231544,-0.005594547858813956,0.0,-0.0011356820907091987,10337975.0,206276.0,1124314653.6095,21607730.957999997,XLE,VDE,Energy
2016-11-18,4.264509188745424,4.587413464398832,71.13,98.24,0.004094,0.00491,0.0,0.0,0.004093732354601797,0.004909983633387889,0.0,-0.0008162512787860919,11962308.0,178392.0,1116888652.942,21851185.591500003,XLE,VDE,Energy
2016-11-21,4.287990642747287,4.611251656303959,72.82,100.61,0.023759,0.024125,0.0,0.0,0.023759313932236754,0.024124592833876222,0.0,-0.0003652789016394681,16875395.0,598481.0,1141003077.082,24176553.894,XLE,VDE,Energy
2016-11-22,4.287441192184014,4.610953430743819,72.78,100.58,-0.000549,-0.000298,0.0,0.0,-0.0005492996429551128,-0.0002981810953185568,0.0,-0.000251118547636556,16013243.0,307488.0,1153205185.0180001,25255978.294,XLE,VDE,Energy
2016-11-23,4.291554731509806,4.615714399863762,73.08,101.06,0.004122,0.004772,0.0,0.0,0.004122011541632316,0.004772320540862995,0.0,-0.0006503089992306787,11461958.0,217065.0,1132710679.277,25208606.591,XLE,VDE,Energy
2016-11-25,4.286616449869223,4.610456190417329,72.72,100.53,-0.004926,-0.005244,0.0,0.0,-0.0049261083743842365,-0.0052444092618246585,0.0,0.000318300887440422,8791783.0,87130.0,1115268073.475,24993803.2935,XLE,VDE,Energy
2016-11-28,4.272630207894483,4.59491780952374,71.71,98.98,-0.013889,-0.015418,0.0,0.0,-0.013888888888889008,-0.015418283099572267,0.0,0.001529394210683259,18790091.0,223578.0,1118270193.32,25111796.8475,XLE,VDE,Energy
2016-11-29,4.260282639765531,4.5810823904590015,70.83,97.62,-0.012272,-0.01374,0.0,0.0,-0.012271649700181166,-0.013740149525156597,0.0,0.0014684998249754316,18361744.0,227605.0,1138785081.8109999,25525696.9665,XLE,VDE,Energy
2016-11-30,4.309859086371819,4.637153231841142,74.43,103.25,0.050826,0.057673,193518000.00000003,54206250.0,0.06327453652355541,0.0712610506924634,139311750.00000003,-0.007986514168907985,44854795.0,566767.0,1241114941.3815,27346705.717,XLE,VDE,Energy
2016-12-01,4.312274546483423,4.640440800070011,74.61,103.59,0.002418,0.003293,0.0,0.0,0.0024183796856105254,0.0032929782082324454,0.0,-0.00087459852262192,27382379.0,505232.0,1265272153.4305,28307866.193,XLE,VDE,Energy
2016-12-02,4.315218874092267,4.6417913694437365,74.83,103.73,0.002949,0.001352,0.0,0.0,0.002948666398606085,0.0013514818032628632,0.0,0.001597184595343222,18338849.0,182755.0,1290454306.3230002,28377015.262000002,XLE,VDE,Energy
2016-12-05,4.324000197151533,4.650334737942465,75.49,104.62,0.00882,0.00858,0.0,0.0,0.008819991981825356,0.008579967222597127,0.0,0.00024002475922822904,22535118.0,294567.0,1316031112.5225,28933262.074,XLE,VDE,Energy
2016-12-06,4.3221439250725044,4.6504303173929555,75.35,104.63,-0.001855,9.6e-05,0.0,0.0,-0.001854550271559147,9.558401835213153e-05,0.0,-0.0019501342899112786,16963504.0,170042.0,1328712585.747,28780763.622,XLE,VDE,Energy
2016-12-07,4.330075229041782,4.6557682387511825,75.95,105.19,0.007963,0.005352,0.0,0.0,0.007962840079628516,0.005352193443563032,0.0,0.0026106466360654845,16008265.0,236598.0,1350654590.1564999,28929804.3385,XLE,VDE,Energy
2016-12-08,4.335458998857547,4.662684092188698,76.36,105.92,0.005398,0.00694,0.0,0.0,0.005398288347597103,0.00693982317710809,0.0,-0.0015415348295109866,14600157.0,296444.0,1314834920.6675,28562857.215000004,XLE,VDE,Energy
2016-12-09,4.338597076746545,4.666265285347902,76.6,106.3,0.003143,0.003588,0.0,0.0,0.0031430068098479754,0.0035876132930513596,0.0,-0.00044460648320338416,8974831.0,215968.0,1276212815.81,27815421.514999997,XLE,VDE,Energy
2016-12-12,4.343285806357451,4.671519566529625,76.96,106.86,0.0047,0.005268,0.0,0.0,0.004699738903394256,0.005268109125117592,0.0,-0.0005683702217233353,16130187.0,381682.0,1276949592.1369998,28390257.244999997,XLE,VDE,Energy
2016-12-13,4.354526960971297,4.683611612294654,77.83,108.16,0.011305,0.012166,0.0,0.0,0.011304573804573918,0.012165450121654502,0.0,-0.000860876317080584,16028550.0,384636.0,1295416966.9994998,29581372.167000003,XLE,VDE,Energy
2016-12-14,4.3342796761761475,4.654531615525816,76.27,105.06,-0.020044,-0.023271,0.0,0.0,-0.02004368495438777,-0.028661242603550297,0.0,0.008617557649162527,19851365.0,423138.0,1302069849.817,30437387.579999994,XLE,VDE,Energy
2016-12-15,4.336506119372072,4.658710952916121,76.44,105.5,0.002229,0.004188,0.0,0.0,0.0022289235610331716,0.004188083000190367,0.0,-0.0019591594391571957,20251775.0,340124.0,1320244072.569,31213428.5735,XLE,VDE,Energy
2016-12-16,4.3374214512437606,4.6644762918854985,76.51,106.11,0.00618,0.005782,0.0,0.0,0.0009157509157510281,0.005781990521327014,0.0,-0.0048662396055759866,17864897.0,373786.0,1351969128.5925,32188273.108499996,XLE,VDE,Energy
2016-12-19,4.33283639048311,4.660321030452939,76.16,105.67,-0.004575,-0.004147,0.0,0.0,-0.004574565416285564,-0.0041466402789558,0.0,-0.0004279251373297639,7113208.0,249868.0,1336512276.2545,32632189.182500005,XLE,VDE,Energy
2016-12-20,4.330601752681694,4.658995272682999,75.99,105.53,-0.002232,-0.001325,0.0,0.0,-0.0022321428571429698,-0.0013248793413456988,0.0,-0.000907263515797271,8982113.0,303186.0,1309196501.403,31221291.440999996,XLE,VDE,Energy
2016-12-21,4.3321796622793,4.660321030452939,76.11,105.67,0.001579,0.001327,0.0,0.0,0.0015791551519937965,0.0013266369752676964,0.0,0.0002525181767261001,8102704.0,282899.0,1281759150.198,31169631.155500002,XLE,VDE,Energy
2016-12-22,4.336244442018754,4.664382045619937,76.42,106.1,0.004073,0.004069,0.0,0.0,0.004073052161345421,0.004069272262704647,0.0,3.7798986407744026e-06,10970367.0,179931.0,1281794927.973,31027335.665500004,XLE,VDE,Energy
2016-12-23,4.335328031664641,4.662778498608405,76.35,105.93,-0.000916,-0.001602,0.0,0.0,-0.0009159905783827347,-0.0016022620169651271,0.0,0.0006862714385823924,6398132.0,106961.0,1274252873.895,31155895.657000005,XLE,VDE,Energy
2016-12-27,4.337552144572052,4.665512414994253,76.52,106.22,0.002227,0.002738,0.0,0.0,0.00222658808120509,0.00273765694326442,0.0,-0.0005110688620593301,10008858.0,203938.0,1245174893.3225,31132522.852999996,XLE,VDE,Energy
2016-12-28,4.326646051321076,4.655197679587739,75.69,105.13,-0.010847,-0.010262,0.0,0.0,-0.010846837428123366,-0.010261720956505366,0.0,-0.000585116471618,8093680.0,200450.0,1210777308.9065,31075248.272999994,XLE,VDE,Energy
2016-12-29,4.324662317284311,4.652816839455444,75.54,104.88,-0.001982,-0.002378,0.0,0.0,-0.001981767736821131,-0.0023780081803481405,0.0,0.00039624044352700935,6697449.0,182780.0,1069146454.1869999,29107811.9555,XLE,VDE,Energy
2016-12-30,4.3217457037889515,4.650908077661946,75.32,104.68,-0.002912,-0.001907,903839999.9999999,68146680.0,0.050966305089434165,0.013791881639289995,835693319.9999999,0.03717442345014417,8853288.0,289666.0,1000337971.9354999,28007074.655500002,XLE,VDE,Energy
2017-01-03,4.3329676843846965,4.6625896768555775,76.17,105.91,0.011285,0.01175,0.0,0.0,0.01128518321826872,0.011750095529231945,0.0,-0.00046491231096322527,24623100.0,602512.0,1025500244.7519999,30249818.144,XLE,VDE,Energy
2017-01-04,4.330864910577949,4.662306377358901,76.01,105.88,-0.002101,-0.000283,0.0,0.0,-0.002100564526716555,-0.000283259371164196,0.0,-0.001817305155552359,11185512.0,272271.0,982951980.217,30150340.841000002,XLE,VDE,Energy
2017-01-05,4.328362110088189,4.659563669818423,75.82,105.59,-0.0025,-0.002739,0.0,0.0,-0.0024996710959084333,-0.0027389497544389875,0.0,0.0002392786585305542,11141175.0,310085.0,961278173.3220001,30897859.8755,XLE,VDE,Energy
2017-01-06,4.3292849234158215,4.659279511635123,75.89,105.56,0.000923,-0.000284,0.0,0.0,0.0009232392508572936,-0.00028411781418694954,0.0,0.001207357065044243,7410548.0,198336.0,928606111.3705,30700290.1025,XLE,VDE,Energy
2017-01-09,4.314684186203576,4.64333264708244,74.79,103.89,-0.014495,-0.01582,0.0,0.0,-0.01449466332850178,-0.01582038651004168,0.0,0.001325723181539902,10960921.0,252693.0,913851076.0239999,30442936.466999996,XLE,VDE,Energy
2017-01-10,4.305550475963267,4.634243433473799,74.11,102.95,-0.009092,-0.009048,0.0,0.0,-0.00909212461559032,-0.009048031571854846,0.0,-4.409304373547383e-05,9660843.0,221771.0,915275727.0304998,30436632.7695,XLE,VDE,Energy
2017-01-11,4.316287392959792,4.645640118541804,74.91,104.13,0.010795,0.011462,0.0,0.0,0.010794764539198488,0.011461874696454589,0.0,-0.0006671101572561008,13127044.0,390608.0,902374110.7565,30431006.395499997,XLE,VDE,Energy
2017-01-12,4.312140507209715,4.640440800070011,74.6,103.59,-0.004138,-0.005186,0.0,0.0,-0.004138299292484314,-0.005185825410544511,0.0,0.001047526118060197,10895604.0,151785.0,880639611.3514999,29137065.315000005,XLE,VDE,Energy
2017-01-13,4.309187088496924,4.637153231841142,74.38,103.25,-0.002949,-0.003282,0.0,0.0,-0.0029490616621983914,-0.0032821700936383823,0.0,0.00033310843143999087,9906660.0,153261.0,841779299.464,27705531.3135,XLE,VDE,Energy
2017-01-17,4.315352501405889,4.643525139864555,74.84,103.91,0.006184,0.006392,0.0,0.0,0.006184458187684862,0.006392251815980629,0.0,-0.00020779362829576736,9782959.0,244648.0,800984847.992,27182445.8975,XLE,VDE,Energy
2017-01-18,4.3130784050476105,4.640054587841593,74.67,103.55,-0.002271,-0.003465,0.0,0.0,-0.0022715125601282735,-0.003464536618227312,0.0,0.0011930240580990386,8725161.0,165128.0,765218073.1119999,26054274.4945,XLE,VDE,Energy
2017-01-19,4.307572448748934,4.6339519874135435,74.26,102.92,-0.005491,-0.006084,0.0,0.0,-0.005490826302397215,-0.006084017382906808,0.0,0.0005931910805095936,9000920.0,184149.0,771551393.008,25681727.670500003,XLE,VDE,Energy
2017-01-20,4.311335894051113,4.6392817156168595,74.54,103.47,0.003771,0.005344,0.0,0.0,0.0037705359547535685,0.005343956471045472,0.0,-0.0015734205162919036,9182221.0,127772.0,771645992.3314999,24742995.1835,XLE,VDE,Energy
2017-01-23,4.300680995219929,4.627909672957581,73.75,102.3,-0.010598,-0.011308,0.0,0.0,-0.01059833646364368,-0.01130762539866628,0.0,0.0007092889350225999,15207044.0,202763.0,796887127.0095,24285431.062,XLE,VDE,Energy
2017-01-24,4.311604170377335,4.638701669196884,74.56,103.41,0.010983,0.01085,0.0,0.0,0.010983050847457628,0.010850439882697948,0.0,0.00013261096475968015,11857240.0,250527.0,799173145.4224999,24626246.9605,XLE,VDE,Energy
2017-01-25,4.316821224548606,4.645736147734753,74.95,104.14,0.005231,0.007059,0.0,0.0,0.00523068669527897,0.007059278599748573,0.0,-0.0018285919044696035,9410281.0,245358.0,810013304.5600001,25337307.130000003,XLE,VDE,Energy
2017-01-26,4.317621437981545,4.6459281784602595,75.01,104.16,0.000801,0.000192,0.0,0.0,0.0008005336891260841,0.00019204916458613405,0.0,0.0006084845245399501,8651667.0,232769.0,804167490.9355,25466453.364,XLE,VDE,Energy
2017-01-27,4.307168381129456,4.634923144137439,74.23,103.02,-0.010399,-0.010945,0.0,0.0,-0.010398613518197574,-0.010944700460829493,0.0,0.0005460869426319181,9950921.0,196260.0,810469802.267,25423723.198999997,XLE,VDE,Energy
2017-01-30,4.288677031682191,4.615912282519994,72.87,101.08,-0.018321,-0.018831,0.0,0.0,-0.018321433382729246,-0.018831294894195303,0.0,0.0005098615114660573,13286402.0,309757.0,833582543.0810001,26030736.757,XLE,VDE,Energy
2017-01-31,4.289088639014612,4.61561544384963,72.9,101.05,0.000412,-0.000297,335340000.0,58103750.0,0.020071687540599632,0.013376596035885698,277236250.0,0.006695091504713934,14007376.0,280419.0,851297945.9929999,25931441.9105,XLE,VDE,Energy
2017-02-01,4.281653660527095,4.608464752937522,72.36,100.33,-0.007407,-0.007125,0.0,0.0,-0.007407407407407408,-0.007125185551707076,0.0,-0.0002822218557003318,18424308.0,487332.0,824180015.9870001,25185540.5925,XLE,VDE,Energy
2017-02-02,4.287303782358995,4.614526280912116,72.77,100.94,0.005666,0.00608,0.0,0.0,0.005666113875069099,0.006079936210505332,0.0,-0.00041382233543623293,12880101.0,233560.0,828533725.1194999,24922915.2385,XLE,VDE,Energy
2017-02-03,4.29592393562047,4.624384404911896,73.4,101.94,0.008657,0.009907,0.0,0.0,0.008657413769410472,0.009906875371507827,0.0,-0.001249461602097355,11828580.0,188696.0,829708419.2945,24247604.993,XLE,VDE,Energy
2017-02-06,4.287441192184014,4.614823443016229,72.78,100.97,-0.008447,-0.009515,0.0,0.0,-0.008446866485013624,-0.009515401216401804,0.0,0.0010685347313881804,10521672.0,232207.0,839877459.3165001,24373084.6245,XLE,VDE,Energy
2017-02-07,4.273187854639731,4.599453878991982,71.75,99.43,-0.014152,-0.015252,0.0,0.0,-0.014152239626270954,-0.015252055065861036,0.0,0.0010998154395900819,14157752.0,289753.0,849680030.5370001,24500977.8755,XLE,VDE,Energy
2017-02-08,4.275554390163365,4.600157644164547,71.92,99.5,0.002369,0.000704,0.0,0.0,0.0023693379790940767,0.0007040128733781434,0.0,0.0016653251057159332,16148412.0,329021.0,871951466.3525,24996291.128,XLE,VDE,Energy
2017-02-09,4.286753954166449,4.610953430743819,72.73,100.58,0.011263,0.010854,0.0,0.0,0.011262513904338153,0.010854271356783919,0.0,0.0004082425475542342,9261602.0,632691.0,856463938.7235,26144393.615,XLE,VDE,Energy
2017-02-10,4.294287720365875,4.618579872898009,73.28,101.35,0.007562,0.007656,0.0,0.0,0.0075622164168843665,0.007655597534301054,0.0,-9.33811174166875e-05,10405367.0,180589.0,853948600.4915,26273357.965,XLE,VDE,Energy
2017-02-13,4.2961963780686885,4.619566066271823,73.42,101.45,0.00191,0.000987,0.0,0.0,0.001910480349344978,0.000986679822397632,0.0,0.000923800526947346,7984938.0,217991.0,846418439.3495,26587907.4,XLE,VDE,Energy
2017-02-14,4.299459911016919,4.623501142672815,73.66,101.85,0.003269,0.003943,0.0,0.0,0.003268864069735767,0.003942828979793002,0.0,-0.0006739649100572349,10771687.0,213171.0,849482729.9925001,26402412.0335,XLE,VDE,Energy
2017-02-15,4.295515132725903,4.6194674906889155,73.37,101.44,-0.003937,-0.004025,0.0,0.0,-0.003937007874015748,-0.004025527736867943,0.0,8.851986285219465e-05,8926600.0,193414.0,849654573.499,26528457.6215,XLE,VDE,Energy
2017-02-16,4.281791848878036,4.605470140997089,72.37,100.03,-0.01363,-0.0139,0.0,0.0,-0.01362954886193267,-0.013899842271293376,0.0,0.00027029340936070637,11375435.0,204978.0,857396169.0864999,26606024.3345,XLE,VDE,Energy
2017-02-17,4.276249365519713,4.599152113662528,71.97,99.4,-0.005527,-0.006298,0.0,0.0,-0.005527152134862512,-0.006298110566829839,0.0,0.0007709584319673269,11645027.0,203435.0,865078661.0790001,26956067.8425,XLE,VDE,Energy
2017-02-21,4.283034685466931,4.606569206901798,72.46,100.14,0.006808,0.007445,0.0,0.0,0.0068083923857162705,0.0074446680080481765,0.0,-0.000636275622331906,11802519.0,617119.0,851763212.666,29008849.9305,XLE,VDE,Energy
2017-02-22,4.267737488271754,4.589853481876198,71.36,98.48,-0.015181,-0.016577,0.0,0.0,-0.015180789401048854,-0.016576792490513283,0.0,0.0013960030894644287,11539405.0,357085.0,848732018.9860001,29471786.617000002,XLE,VDE,Energy
2017-02-23,4.271932711876808,4.593805855909042,71.66,98.87,0.004204,0.00396,0.0,0.0,0.004204035874439462,0.003960194963444354,0.0,0.00024384091099510785,17390145.0,363576.0,875775880.4735,29991545.467,XLE,VDE,Energy
2017-02-24,4.262539022051294,4.582515495423285,70.99,97.76,-0.00935,-0.011227,0.0,0.0,-0.009349706949483784,-0.011226863558207748,0.0,0.0018771566087239632,13997642.0,354622.0,893012433.669,30512676.851,XLE,VDE,Energy
2017-02-27,4.2710950739666,4.592591403781231,71.6,98.75,0.008593,0.010127,0.0,0.0,0.008592759543597691,0.01012684124386252,0.0,-0.0015340817002648284,23686442.0,638296.0,940877052.7375,32653328.091,XLE,VDE,Energy
2017-02-28,4.268017718062014,4.588735879524666,71.38,98.37,-0.003073,-0.003848,207002000.0,27051750.0,0.0090405051222718,0.0025801932819162444,179950250.0,0.006460311840355555,14018447.0,285917.0,942499884.3935001,32494098.977500003,XLE,VDE,Energy
2017-03-01,4.2878533084066195,4.609759638321899,72.81,100.46,0.020034,0.021246,0.0,0.0,0.020033622863547214,0.02124631493341466,0.0,-0.0012126920698674465,18997571.0,332799.0,960603656.099,32748931.357,XLE,VDE,Energy
2017-03-02,4.2783313983351166,4.599353300666526,72.12,99.42,-0.009477,-0.010352,0.0,0.0,-0.009476720230737536,-0.010352379056340831,0.0,0.0008756588256032954,10770279.0,209191.0,932782135.8289999,31344118.840000004,XLE,VDE,Energy
2017-03-03,4.276527220481212,4.596028528070808,71.99,99.09,-0.001803,-0.003319,0.0,0.0,-0.00180255130338325,-0.0033192516596258297,0.0,0.0015167003562425797,11166488.0,304463.0,926111661.8965,31673803.453500003,XLE,VDE,Energy
2017-03-06,4.27874728521988,4.598246270915268,72.15,99.31,0.002223,0.00222,0.0,0.0,0.0022225309070704265,0.0022202038550812393,0.0,2.3270519891871455e-06,8374749.0,232752.0,912912680.3139999,31867749.997500002,XLE,VDE,Energy
2017-03-07,4.2698373000603045,4.589548805085134,71.51,98.45,-0.00887,-0.00866,0.0,0.0,-0.00887040887040887,-0.008659752290806566,0.0,-0.0002106565796023037,11461751.0,170966.0,915605806.6064999,31537033.093000002,XLE,VDE,Energy
2017-03-08,4.243482700225814,4.5621582953948,69.65,95.79,-0.02601,-0.027019,0.0,0.0,-0.026010348203048414,-0.027018791264601206,0.0,0.0010084430615527919,25566236.0,458586.0,953849288.1765,32292923.7005,XLE,VDE,Energy
2017-03-09,4.250065437218876,4.566741159368309,70.11,96.23,0.006604,0.004593,0.0,0.0,0.006604450825556239,0.0045933813550473835,0.0,0.0020110694705088557,27770650.0,589204.0,993129612.1994998,33490999.271500003,XLE,VDE,Energy
2017-03-10,4.248638088989106,4.566741159368309,70.01,96.23,-0.001426,0.0,0.0,0.0,-0.0014263300527740993,0.0,0.0,-0.0014263300527740993,17479266.0,214013.0,1020635967.1594999,31338919.782000005,XLE,VDE,Energy
2017-03-13,4.2487809155265195,4.567779796769532,70.02,96.33,0.000143,0.001039,0.0,0.0,0.00014283673760868745,0.001039176971838304,0.0,-0.0008963402342296165,13078803.0,328889.0,1028299591.7745001,32007878.893000007,XLE,VDE,Energy
2017-03-14,4.237434294689934,4.555349491004136,69.23,95.14,-0.011282,-0.012353,0.0,0.0,-0.011282490716937793,-0.012353368628672272,0.0,0.0010708779117344792,26384761.0,700927.0,1090317734.578,34236429.2845,XLE,VDE,Energy
2017-03-15,4.259435182087693,4.576873586832978,70.77,97.21,0.022245,0.021757,0.0,0.0,0.0222446916076843,0.021757410132436292,0.0,0.00048728147524800675,23205014.0,260555.0,1132756553.396,34417283.5445,XLE,VDE,Energy
2017-03-16,4.252344965204106,4.570889252011217,70.27,96.63,-0.007065,-0.005966,0.0,0.0,-0.007065140596297867,-0.0059664643555188655,0.0,-0.0010986762407790016,16277545.0,235925.0,1157200475.6535,34576159.374,XLE,VDE,Energy
2017-03-17,4.2456340097683265,4.570578741218473,69.8,96.6,-0.000725,-0.00031,0.0,0.0,-0.00668848726341244,-0.00031046258925810944,0.0,-0.006378024674154331,14243909.0,137522.0,1165749706.516,34215193.167,XLE,VDE,Energy
2017-03-20,4.244860071386784,4.56912530453854,69.746,96.4597,-0.000774,-0.001452,0.0,0.0,-0.0007736389684814885,-0.0014523809523808375,0.0,0.000678741983899349,12218665.0,212558.0,1166455227.311,34229285.26263,XLE,VDE,Energy
2017-03-21,4.237145360853772,4.559858963278089,69.21,95.57,-0.007685,-0.009224,0.0,0.0,-0.0076850285321022,-0.009223541022831412,0.0,0.0015385124907292122,16717185.0,335782.0,1181544519.6664999,32743904.71663,XLE,VDE,Energy
2017-03-22,4.235699438103303,4.558602550171757,69.11,95.45,-0.001445,-0.001256,0.0,0.0,-0.0014448779078166756,-0.001255624149837699,0.0,-0.00018925375797897658,12419612.0,256257.0,1183287891.8925,32208604.70913,XLE,VDE,Energy
2017-03-23,4.231639696410273,4.555244377218366,68.83,95.13,-0.004051,-0.003353,0.0,0.0,-0.004051512082187817,-0.003352540597171294,0.0,-0.0006989714850165227,11800443.0,174531.0,1161590226.942,31241423.45463,XLE,VDE,Energy
2017-03-24,4.227709274289524,4.544889255103161,68.56,94.15,-0.003923,-0.004142,0.0,0.0,-0.0039227081214586665,-0.010301692420897603,0.0,0.006378984299438936,10442476.0,256324.0,1147702404.391,30714676.348630004,XLE,VDE,Energy
2017-03-27,4.223030903183424,4.54159120434522,68.24,93.84,-0.004667,-0.003293,0.0,0.0,-0.004667444574095798,-0.003292618162506756,0.0,-0.0013748264115890415,11491252.0,312985.0,1102113093.855,29031615.468630005,XLE,VDE,Energy
2017-03-28,4.237145360853772,4.556400021618662,69.21,95.24,0.014215,0.014919,0.0,0.0,0.014214536928487693,0.014919011082693947,0.0,-0.0007044741542062537,27922593.0,290778.0,1148707389.5884998,29010017.54013,XLE,VDE,Energy
2017-03-29,4.250778348063927,4.569957430232347,70.16,96.54,0.013726,0.01365,0.0,0.0,0.013726340124259617,0.013649727005460008,0.0,7.661311879960872e-05,18575200.0,215948.0,1144708533.9629998,28380749.15913,XLE,VDE,Energy
2017-03-30,4.2504932447120325,4.573266636975083,70.14,96.86,-0.000285,0.003315,0.0,0.0,-0.00028506271379703536,0.00331468821213993,0.0,-0.003599750925936965,15912323.0,252541.0,1161675424.65,28563916.761129998,XLE,VDE,Energy
2017-03-31,4.247065649239764,4.571716809728872,69.9,96.71,-0.003422,-0.001549,415905000.00000006,-16924250.0,0.02112412844637121,-0.00562251334476603,432829250.00000006,0.02674664179113724,19861199.0,316686.0,1190896541.599,28586789.98063,XLE,VDE,Energy
2017-04-03,4.245347435758628,4.569128414640826,69.78,96.46,-0.001717,-0.002585,0.0,0.0,-0.0017167381974248926,-0.0025850480818943237,0.0,0.0008683098844694311,13133305.0,254609.0,1206506735.7265,28659039.131630003,XLE,VDE,Energy
2017-04-04,4.252629541187814,4.576770711466393,70.29,97.2,0.007309,0.007672,0.0,0.0,0.007308684436801376,0.007671573709309675,0.0,-0.0003628892725082997,12973967.0,145910.0,1211122252.0475001,28526581.59663,XLE,VDE,Energy
2017-04-05,4.249494742382442,4.5715099844954565,70.07,96.69,-0.00313,-0.005247,0.0,0.0,-0.003129890453834116,-0.005246913580246914,0.0,0.0021170231264127978,22733722.0,560377.0,1201735430.2045,29039326.556130003,XLE,VDE,Energy
2017-04-06,4.257454983420831,4.579954936847027,70.63,97.51,0.007992,0.008481,0.0,0.0,0.007992007992007992,0.008480711552383908,0.0,-0.0004887035603759159,13124705.0,221305.0,1150735312.337,27283344.03763,XLE,VDE,Energy
2017-04-07,4.253624919869357,4.576153236917599,70.36,97.14,-0.003823,-0.003795,0.0,0.0,-0.0038227382132238427,-0.00379448261716747,0.0,-2.8255596056372696e-05,12580298.0,132149.0,1133806630.068,26895468.18113,XLE,VDE,Energy
2017-04-10,4.261129379866926,4.584967478670572,70.89,98.0,0.007533,0.008853,0.0,0.0,0.007532689027856736,0.008853201564751905,0.0,-0.0013205125368951683,10820941.0,207701.0,1126372566.1395,26329109.21263,XLE,VDE,Energy
2017-04-11,4.2612704335380815,4.584559232083967,70.9,97.96,0.000141,-0.000408,0.0,0.0,0.0001410636196924813,-0.00040816326530623636,0.0,0.0005492268849987176,13891468.0,155325.0,1084286969.998,23755581.323629998,XLE,VDE,Energy
2017-04-12,4.257030144499196,4.5782100044053085,70.6,97.34,-0.004231,-0.006329,0.0,0.0,-0.004231311706629055,-0.00632911392405052,0.0,0.0020978022174214647,11453569.0,109033.0,1042607126.529,23019817.35713,XLE,VDE,Energy
2017-04-13,4.238589195929893,4.559335649644292,69.31,95.52,-0.018272,-0.018697,0.0,0.0,-0.018271954674220964,-0.01869734949660982,0.0,0.0004253948223888575,17655959.0,222136.0,1046602698.0860001,22940867.25563,XLE,VDE,Energy
2017-04-17,4.240751047315928,4.560904769690076,69.46,95.67,0.002164,0.00157,0.0,0.0,0.002164189871591401,0.00157035175879397,0.0,0.0005938381127974311,8012191.0,342962.0,1024717795.0189998,23917194.72263,XLE,VDE,Energy
2017-04-18,4.231349083214389,4.551558416539442,68.81,94.78,-0.009358,-0.009303,0.0,0.0,-0.009357903829542182,-0.009302811748719556,0.0,-5.509208082262601e-05,14750282.0,202536.0,1032855989.7854999,23851848.781,XLE,VDE,Energy
2017-04-19,4.216562194946349,4.535820107853298,67.8,93.3,-0.014678,-0.015615,0.0,0.0,-0.014678099113500945,-0.015615108672715762,0.0,0.0009370095592148176,18125404.0,271593.0,1036451290.6530001,23514295.838999998,XLE,VDE,Energy
2017-04-20,4.221417644785577,4.539244035871924,68.13,93.62,0.004867,0.00343,0.0,0.0,0.004867256637168028,0.0034297963558413717,0.0,0.0014374602813266562,16235421.0,352259.0,1048841283.0235001,23940233.6855,XLE,VDE,Energy
2017-04-21,4.216414691442874,4.535391291380175,67.79,93.26,-0.00499,-0.003845,0.0,0.0,-0.004990459415822466,-0.0038453321939756462,0.0,-0.0011451272218468197,14116058.0,293392.0,1056076437.0300001,24478163.880000003,XLE,VDE,Energy
2017-04-24,4.222297926532561,4.540418308758395,68.19,93.73,0.005901,0.00504,0.0,0.0,0.00590057530609223,0.005039674029594682,0.0,0.0008609012764975478,13350678.0,282464.0,1065798765.9430001,24595286.186,XLE,VDE,Energy
2017-04-25,4.230767603331745,4.5511362974956056,68.77,94.74,0.008506,0.010776,0.0,0.0,0.008505645989147857,0.010775632134855436,0.0,-0.0022699861457075796,15590964.0,214739.0,1080200143.833,24143979.209,XLE,VDE,Energy
2017-04-26,4.2274175164464625,4.547541073151455,68.54,94.4,-0.003344,-0.003589,0.0,0.0,-0.0033444816053509467,-0.0035887692632466626,0.0,0.0002442876578957159,18737578.0,269612.0,1047787690.5625,24031863.013,XLE,VDE,Energy
2017-04-27,4.216414691442874,4.535284058523925,67.79,93.25,-0.010943,-0.012182,0.0,0.0,-0.010942515319521446,-0.012182203389830625,0.0,0.0012396880703091796,20547721.0,570404.0,1052272389.2920002,25648990.667,XLE,VDE,Energy
2017-04-28,4.2171519914836475,4.536141599577656,67.84,93.33,0.000738,0.000858,-383296000.0,4666500.0,-0.022105333345662663,0.0020294620589925306,-387962500.0,-0.024134795404655192,14425964.0,387546.0,1045400742.419,26234418.013,XLE,VDE,Energy
2017-05-01,4.214347354616797,4.534103737554231,67.65,93.14,-0.002801,-0.002036,0.0,0.0,-0.002800707547169695,-0.0020357869923925856,0.0,-0.0007649205547771093,9419426.0,216187.0,1007847060.359,25709865.719,XLE,VDE,Energy
2017-05-02,4.209308814022622,4.527640983478854,67.31,92.54,-0.005026,-0.006442,0.0,0.0,-0.005025868440502703,-0.006441915396177677,0.0,0.0014160469556749739,16435642.0,366737.0,1017339112.365,26178778.611,XLE,VDE,Energy
2017-05-03,4.212127597878484,4.5306621338130295,67.5,92.82,0.002823,0.003026,0.0,0.0,0.002822760362501857,0.0030257186081691988,0.0,-0.00020295824566734155,16934781.0,395735.0,1028896991.2184999,27306262.145999998,XLE,VDE,Energy
2017-05-04,4.1935863968717495,4.508769411701737,66.26,90.81,-0.01837,-0.021655,0.0,0.0,-0.018370370370370252,-0.021654815772462713,0.0,0.0032844454020924604,33944538.0,965065.0,1061707650.5855,28978997.172000002,XLE,VDE,Energy
2017-05-05,4.209308814022622,4.528073135603124,67.31,92.58,0.015847,0.019491,0.0,0.0,0.01584666465439167,0.01949124545754873,0.0,-0.0036445808031570597,18743753.0,1056525.0,1078439855.5995002,32790678.869500004,XLE,VDE,Energy
2017-05-08,4.216414691442874,4.534640419797564,67.79,93.19,0.007131,0.006589,0.0,0.0,0.007131184073689019,0.006588896089868222,0.0,0.0005422879838207972,18948732.0,254895.0,1098409094.3495002,33336514.429,XLE,VDE,Energy
2017-05-09,4.208119576480946,4.5255857066452485,67.23,92.35,-0.008261,-0.009014,0.0,0.0,-0.008260805428529281,-0.009013842686983702,0.0,0.0007530372584544209,10719714.0,356821.0,1096088587.586,33966400.4965,XLE,VDE,Energy
2017-05-10,4.221270855794487,4.540204907135732,68.12,93.71,0.013238,0.014727,0.0,0.0,0.013238137736129703,0.014726583649160803,0.0,-0.0014884459130311,18259170.0,340515.0,1109034066.546,34801101.679000005,XLE,VDE,Energy
2017-05-11,4.21921354426797,4.537961436294641,67.98,93.5,-0.002055,-0.002241,0.0,0.0,-0.002055196711685261,-0.0022409561412868304,0.0,0.00018575942960156935,11968679.0,314002.0,1109284507.8969998,35738397.418,XLE,VDE,Energy
2017-05-12,4.21582445975981,4.5345331063886505,67.75,93.18,-0.003383,-0.003422,0.0,0.0,-0.003383348043542334,-0.003422459893048009,0.0,3.91118495056751e-05,10708604.0,221561.0,1084373178.0325,35709728.581,XLE,VDE,Energy
2017-05-15,4.22361689792624,4.541910846348901,68.28,93.87,0.007823,0.007405,0.0,0.0,0.007822878228782288,0.007405022537024992,0.0,0.00041785569175729637,13206867.0,220241.0,1101635082.6275,35102870.9875,XLE,VDE,Energy
2017-05-16,4.218624962732438,4.53753353727228,67.94,93.46,-0.004979,-0.004368,0.0,0.0,-0.00497949619214997,-0.004367742622776298,0.0,-0.0006117535693736719,11693390.0,202277.0,1090609183.2365,35088293.3045,XLE,VDE,Energy
2017-05-17,4.208714372037514,4.527424837363238,67.27,92.52,-0.009862,-0.010058,0.0,0.0,-0.009861642625846451,-0.010057778728867846,0.0,0.00019613610302139477,15606751.0,235189.0,1081657370.665,34909296.2735,XLE,VDE,Energy
2017-05-18,4.208417018481948,4.5263434054421205,67.25,92.42,-0.000297,-0.001081,0.0,0.0,-0.00029730935037895225,-0.00108084738434933,0.0,0.0007835380339703777,14114950.0,255044.0,1073812928.4035,34438930.2185,XLE,VDE,Energy
2017-05-19,4.220683484265119,4.539991459963097,68.08,93.69,0.012342,0.013742,0.0,0.0,0.012342007434944237,0.01374161436918416,0.0,-0.0013996069342399227,15624505.0,143330.0,1079152364.8325,33742272.707499996,XLE,VDE,Energy
2017-05-22,4.218477763203211,4.537319519079917,67.93,93.44,-0.002203,-0.002668,0.0,0.0,-0.002203290246768392,-0.002668374426299498,0.0,0.0004650841795311063,10339245.0,195748.0,1068750473.834,33333039.827499997,XLE,VDE,Energy
2017-05-23,4.220830359494875,4.539137215383653,68.09,93.61,0.002355,0.001819,0.0,0.0,0.0023553658177534534,0.001819349315068493,0.0,0.0005360165026849603,9086831.0,152590.0,1046077060.2595001,33030018.679500002,XLE,VDE,Energy
2017-05-24,4.215529213226812,4.533888983983128,67.73,93.12,-0.005287,-0.005234,0.0,0.0,-0.0052871199882507285,-0.0052344834953530605,0.0,-5.2636492897667995e-05,13591535.0,169146.0,1027891113.731,32544993.815500002,XLE,VDE,Energy
2017-05-25,4.197201947661808,4.514369821661595,66.5,91.32,-0.01816,-0.01933,0.0,0.0,-0.01816034253654227,-0.019329896907216614,0.0,0.0011695543706743451,23329248.0,319332.0,1035814363.0014999,31343555.077500004,XLE,VDE,Energy
2017-05-26,4.198854716425088,4.514260310628249,66.61,91.31,0.001654,-0.00011,0.0,0.0,0.0016541353383458647,-0.00010950503723159058,0.0,0.0017636403755774553,13199144.0,352037.0,1030841242.2055,31142296.591999996,XLE,VDE,Energy
2017-05-30,4.185403293169068,4.500476114873425,65.72,90.06,-0.013361,-0.01369,0.0,0.0,-0.013361357153580543,-0.013689628737268646,0.0,0.00032827158368810283,14529107.0,471486.0,1046722679.3625,32258615.191000003,XLE,VDE,Energy
2017-05-31,4.181133692294492,4.494797128506721,65.44,89.55,-0.00426,-0.005663,199592000.0,8955000.0,0.008295647823274998,-0.003337772479985867,190637000.0,0.011633420303260866,16093028.0,366669.0,1044064913.8275001,32203483.539499998,XLE,VDE,Energy
2017-06-01,4.18737942818929,4.502915951949335,65.85,90.28,0.006265,0.008152,0.0,0.0,0.0062652811735940134,0.008151870463428253,0.0,-0.0018865892898342392,17983673.0,249887.0,1046121271.3050001,31494867.3225,XLE,VDE,Energy
2017-06-02,4.175770927584296,4.489759334476764,65.09,89.1,-0.011541,-0.013071,0.0,0.0,-0.011541381928625548,-0.013070447496677129,0.0,0.001529065568051581,16542548.0,513173.0,987500739.3770001,29399175.404999994,XLE,VDE,Energy
2017-06-05,4.177612831405111,4.492225426971957,65.21,89.32,0.001844,0.002469,0.0,0.0,0.0018436011676139531,0.002469135802469136,0.0,-0.000625534634855183,12552466.0,352032.0,965345954.0485001,26080696.092,XLE,VDE,Energy
2017-06-06,4.1893516658004355,4.504686647409769,65.98,90.44,0.011808,0.012539,0.0,0.0,0.01180800490722306,0.012539184952978183,0.0,-0.0007311800457551233,14835282.0,265385.0,950060822.2524999,26093083.8095,XLE,VDE,Energy
2017-06-07,4.1751562049585145,4.485598050847247,65.05,88.73,-0.014095,-0.018908,0.0,0.0,-0.014095180357684263,-0.018907563025210083,0.0,0.00481238266752582,22942134.0,539022.0,988645794.4765002,26836833.945,XLE,VDE,Energy
2017-06-08,4.172231100879172,4.482437420605795,64.86,88.45,-0.002921,-0.003156,0.0,0.0,-0.0029208301306687164,-0.0031556407077651303,0.0,0.00023481057709641385,19569341.0,352070.0,989918434.3195,26798380.4875,XLE,VDE,Energy
2017-06-09,4.195998215948601,4.508218659911641,66.42,90.76,0.024052,0.026117,0.0,0.0,0.024051803885291396,0.026116449971735442,0.0,-0.002064646086444046,23184200.0,465893.0,1026231622.5985,27444643.571500003,XLE,VDE,Energy
2017-06-12,4.203049479130317,4.514150787600923,66.89,91.3,0.007076,0.00595,0.0,0.0,0.00707618187292984,0.005949757602468048,0.0,0.0011264242704617927,22924386.0,347487.0,1066626835.5255,27998669.027499996,XLE,VDE,Energy
2017-06-13,4.2104966389581255,4.523417684115833,67.39,92.15,0.007475,0.00931,0.0,0.0,0.007474958887726118,0.009309967141292565,0.0,-0.0018350082535664473,15807855.0,327342.0,1074803159.01,28473196.159,XLE,VDE,Energy
2017-06-14,4.192227188023968,4.501142115564043,66.17,90.12,-0.018104,-0.022029,0.0,0.0,-0.018103576198248997,-0.022029300054259477,0.0,0.00392572385601048,30280222.0,313218.0,1135262827.667,28939316.045999996,XLE,VDE,Energy
2017-06-15,4.184642200202881,4.4916654851912705,65.67,89.27,-0.007556,-0.009432,0.0,0.0,-0.00755629439322956,-0.009431868619618287,0.0,0.0018755742263887269,19258894.0,403386.0,1146006099.1275,29651845.143,XLE,VDE,Energy
2017-06-16,4.194189897191817,4.507667604626853,66.3,90.71,0.016433,0.016131,0.0,0.0,0.009593421653723162,0.016130839027668747,0.0,-0.006537417373945585,24621013.0,313493.0,1180163237.8475,29895134.320499998,XLE,VDE,Energy
2017-06-19,4.1878349053094395,4.502472787749749,65.88,90.24,-0.006335,-0.005181,0.0,0.0,-0.006334841628959393,-0.005181347150258945,0.0,-0.001153494478700448,15678381.0,281045.0,1178622009.8414998,30491779.9755,XLE,VDE,Energy
2017-06-20,4.175002465239555,4.48897339158558,65.04,89.03,-0.01275,-0.013409,0.0,0.0,-0.012750455373405958,-0.013408687943262412,0.0,0.0006582325698564536,16063425.0,393119.0,1195743022.299,31327214.548,XLE,VDE,Energy
2017-06-21,4.158726821151369,4.471295877431763,63.99,87.47,-0.016144,-0.017522,0.0,0.0,-0.01614391143911451,-0.017522183533640347,0.0,0.0013782720945258384,27305459.0,595613.0,1252170722.23,33217930.5085,XLE,VDE,Energy
2017-06-22,4.158101528024852,4.471067201464611,63.95,87.45,-0.000625,-0.000229,0.0,0.0,-0.0006250976715111736,-0.00022864982279638732,0.0,-0.0003964478487147863,15431612.0,382224.0,1255485568.3225,34101661.1725,XLE,VDE,Energy
2017-06-23,4.164803025870662,4.4728951466782725,64.38,87.61,0.006724,0.008542,0.0,0.0,0.006724003127443193,0.0018296169239565465,0.0,0.0048943862034866465,14555496.0,238054.0,1224769960.3465,33686386.8075,XLE,VDE,Energy
2017-06-26,4.162626069638506,4.47209583176275,64.24,87.54,-0.002175,-0.000799,0.0,0.0,-0.0021745883814849334,-0.000798995548453246,0.0,-0.0013755928330316874,13603363.0,334424.0,1224504213.2105,33542935.732,XLE,VDE,Energy
2017-06-27,4.161068194265009,4.470609692592396,64.14,87.41,-0.001557,-0.001485,0.0,0.0,-0.001556662515566504,-0.0014850354123830377,0.0,-7.162710318346643e-05,14227469.0,347225.0,1222389060.6915,32937381.136499994,XLE,VDE,Energy
2017-06-28,4.166510173022286,4.477336814478207,64.49,88.0,0.005457,0.00675,0.0,0.0,0.005456813221078769,0.006749799794073905,0.0,-0.001292986572995136,16859906.0,285830.0,1224097439.9725,32553272.689,XLE,VDE,Energy
2017-06-29,4.168678699274804,4.479720335270676,64.63,88.21,0.002171,0.002386,0.0,0.0,0.002170879206078462,0.00238636363636351,0.0,-0.00021548443028504777,19022428.0,309366.0,1226357172.7020001,32789741.514,XLE,VDE,Energy
2017-06-30,4.17315574264639,4.483002552013883,64.92,88.5,0.004487,0.003288,-42198000.0,-13275000.0,0.0018212876402464442,-0.0002232538590763202,-28923000.0,0.0020445414993227645,19643151.0,297996.0,1236281118.382,31822188.099,XLE,VDE,Energy
2017-07-03,4.192227188023968,4.503912353913864,66.17,90.37,0.019255,0.02113,0.0,0.0,0.019254467036352432,0.02112994350282486,0.0,-0.0018754764664724276,18402800.0,263470.0,1256239466.789,31440502.382,XLE,VDE,Energy
2017-07-05,4.171768459186905,4.481532545529913,64.83,88.37,-0.020251,-0.022131,0.0,0.0,-0.02025086897385522,-0.022131238242779683,0.0,0.0018803692689244624,20988215.0,234916.0,1275331170.3934999,31278407.757999998,XLE,VDE,Energy
2017-07-06,4.160600357999166,4.469694046425642,64.11,87.33,-0.011106,-0.011769,0.0,0.0,-0.011105969458583989,-0.011768699784994908,0.0,0.0006627303264109194,20788943.0,395300.0,1267350836.3449998,30613114.105,XLE,VDE,Energy
2017-07-07,4.159039321153912,4.467401256243195,64.01,87.13,-0.00156,-0.00229,0.0,0.0,-0.0015598190609888035,-0.0022901637467078895,0.0,0.0007303446857190861,16036745.0,456518.0,1255213065.8545,31044905.197000004,XLE,VDE,Energy
2017-07-10,4.162314688661368,4.472324272654662,64.22,87.56,0.003281,0.004935,0.0,0.0,0.003280737384783505,0.004935154367037759,0.0,-0.0016544169822542542,14153837.0,351666.0,1223666308.2615,30470276.510999996,XLE,VDE,Energy
2017-07-11,4.167749906638376,4.477564061382945,64.57,88.02,0.00545,0.005254,0.0,0.0,0.00545001557147294,0.005253540429419826,0.0,0.00019647514205311384,11899827.0,203389.0,1185414290.754,29779113.345,XLE,VDE,Energy
2017-07-12,4.1705337005796475,4.481193006168381,64.75,88.34,0.002788,0.003636,0.0,0.0,0.0027876722936349364,0.0036355373778686664,0.0,-0.00084786508423373,14818635.0,302825.0,1180125054.1439998,29608463.104999997,XLE,VDE,Energy
2017-07-13,4.174541104216377,4.486611849863956,65.01,88.82,0.004015,0.005434,0.0,0.0,0.004015444015444136,0.005433552184740648,0.0,-0.0014181081692965112,10056779.0,182126.0,1112632499.7965,29005924.362999998,XLE,VDE,Energy
2017-07-14,4.180522258463153,4.4916654851912705,65.4,89.27,0.005999,0.005066,0.0,0.0,0.005999077065066912,0.005066426480522531,0.0,0.0009326505845443809,10272535.0,158704.0,1082987110.7975001,27913786.256,XLE,VDE,Energy
2017-07-17,4.179298268102264,4.49121730591206,65.32,89.23,-0.001223,-0.000448,0.0,0.0,-0.001223241590214306,-0.0004480788618796908,0.0,-0.0007751627283346151,12214943.0,140697.0,1041262456.5405,27119658.419999998,XLE,VDE,Energy
2017-07-18,4.174541104216377,4.485147143388361,65.01,88.69,-0.004746,-0.006052,0.0,0.0,-0.004745866503367796,-0.006051776308416452,0.0,0.0013059098050486563,14956758.0,157520.0,1038234811.4055,26550105.82,XLE,VDE,Energy
2017-07-19,4.189048497691398,4.501696777511816,65.96,90.17,0.014613,0.016687,0.0,0.0,0.014613136440547366,0.01668733791859285,0.0,-0.0020742014780454846,24802698.0,373012.0,1067795851.3095001,26481861.1935,XLE,VDE,Energy
2017-07-20,4.186011750747925,4.496582245571192,65.76,89.71,-0.003032,-0.005101,0.0,0.0,-0.0030321406913278413,-0.005101474991682502,0.0,0.0020693343003546603,17159291.0,179140.0,1036851784.0470002,24680480.207999997,XLE,VDE,Energy
2017-07-21,4.176078147248771,4.487399650253583,65.11,88.89,-0.009884,-0.009141,0.0,0.0,-0.0098844282238444,-0.0091405640396833,0.0,-0.0007438641841610999,13861342.0,152322.0,1032634803.558,23686200.897,XLE,VDE,Energy
2017-07-24,4.174233411906258,4.484131857611035,64.99,88.6,-0.001843,-0.003262,0.0,0.0,-0.0018430348640762987,-0.0032624592192598847,0.0,0.001419424355183586,10433371.0,255076.0,1019683900.9985001,23773392.03,XLE,VDE,Energy
2017-07-25,4.186771802468027,4.498809169996681,65.81,89.91,0.012617,0.014786,0.0,0.0,0.012617325742422032,0.014785553047404192,0.0,-0.0021682273049821593,15479286.0,210425.0,1026924489.6255001,23255583.7695,XLE,VDE,Energy
2017-07-26,4.1878349053094395,4.4996985530458575,65.88,89.99,0.001064,0.00089,0.0,0.0,0.0010636681355415923,0.0008897786675564454,0.0,0.00017388946798514693,21211410.0,290561.0,1051167381.0825001,23045416.1265,XLE,VDE,Energy
2017-07-27,4.197953544841121,4.5090997172373575,66.55,90.84,0.01017,0.009445,0.0,0.0,0.010170006071645536,0.00944549394377153,0.0,0.0007245121278740049,15815914.0,227857.0,1049430068.0205,22822690.6205,XLE,VDE,Energy
2017-07-28,4.19675071805349,4.506454213048934,66.47,90.6,-0.001202,-0.002642,0.0,0.0,-0.0012021036814425245,-0.002642007926023901,0.0,0.0014399042445813763,14765006.0,154685.0,1037030589.3795,22158954.9275,XLE,VDE,Energy
2017-07-31,4.199004832765533,4.508438997028319,66.62,90.78,0.002257,0.001987,-453016000.00000006,-11165940.0,-0.02564375497465089,-0.0008985165035778033,-441850060.00000006,-0.024745238471073086,13519501.0,237964.0,1018302379.0645001,21920441.2235,XLE,VDE,Energy
2017-08-01,4.198854716425088,4.506454213048934,66.61,90.6,-0.00015,-0.001983,0.0,0.0,-0.00015010507355160658,-0.0019828155981494954,0.0,0.0018327105245978888,12668684.0,209117.0,999609767.3265002,21677252.0385,XLE,VDE,Energy
2017-08-02,4.195094465322244,4.50236196600641,66.36,90.23,-0.003753,-0.004084,0.0,0.0,-0.003753190211679928,-0.004083885209712901,0.0,0.0003306949980329734,15118528.0,170538.0,981739744.308,21408657.879499998,XLE,VDE,Energy
2017-08-03,4.180980868881647,4.487287145331375,65.43,88.88,-0.014015,-0.014962,0.0,0.0,-0.014014466546111994,-0.014961764379917987,0.0,0.0009472978338059927,15327803.0,274224.0,965245695.036,20901231.8855,XLE,VDE,Energy
2017-08-04,4.18418526622189,4.4933443708058345,65.64,89.42,0.00321,0.006076,0.0,0.0,0.0032095369096743383,0.0060756075607560755,0.0,-0.002866070651081737,9370985.0,180427.0,944675665.4334999,19719100.3355,XLE,VDE,Energy
2017-08-07,4.176538799848087,4.483454427303995,65.14,88.54,-0.007617,-0.009841,0.0,0.0,-0.007617306520414382,-0.009841198836949103,0.0,0.002223892316534721,11437264.0,320226.0,936478863.6745001,19597147.089500003,XLE,VDE,Energy
2017-08-08,4.174233411906258,4.480740107609915,64.99,88.3,-0.002303,-0.002711,0.0,0.0,-0.0023027325759902985,-0.002710639259092062,0.0,0.0004079066831017635,10429131.0,224700.0,931949733.3895,19694082.6005,XLE,VDE,Energy
2017-08-09,4.1751562049585145,4.481193006168381,65.05,88.34,0.000923,0.000453,0.0,0.0,0.0009232189567627025,0.00045300113250283127,0.0,0.0004702178242598713,10437867.0,228784.0,917923564.9944999,19367043.5035,XLE,VDE,Energy
2017-08-10,4.1644923221241825,4.469694046425642,64.36,87.33,-0.010607,-0.011433,0.0,0.0,-0.010607225211375864,-0.011433099388725379,0.0,0.0008258741773495143,15262091.0,255421.0,934347413.6930001,19673517.734,XLE,VDE,Energy
2017-08-11,4.157945143631696,4.464182492687114,63.94,86.85,-0.006526,-0.005496,0.0,0.0,-0.006525792417650715,-0.005496392992099064,0.0,-0.0010293994255516515,15990942.0,452052.0,951879265.817,20928178.240000002,XLE,VDE,Energy
2017-08-14,4.154969184038536,4.460028800318421,63.75,86.49,-0.002972,-0.004145,0.0,0.0,-0.0029715358148264,-0.004145077720207125,0.0,0.0011735419053807254,11406699.0,459542.0,948344115.0414999,22287747.9535,XLE,VDE,Energy
2017-08-15,4.151197373814884,4.4557416724961625,63.51,86.12,-0.003765,-0.004278,0.0,0.0,-0.0037647058823529413,-0.004277951208232165,0.0,0.0005132453258792241,12725622.0,443361.0,940137385.8235,23498337.9795,XLE,VDE,Energy
2017-08-16,4.141546163706395,4.445705411337064,62.9,85.26,-0.009605,-0.009986,0.0,0.0,-0.009604786647772005,-0.009986065954482117,0.0,0.00038127930671011216,16583330.0,486192.0,910492660.6695,23889249.873499997,XLE,VDE,Energy
2017-08-17,4.127295662361787,4.431530829576971,62.01,84.06,-0.01415,-0.014075,0.0,0.0,-0.014149443561208267,-0.014074595355383532,0.0,-7.484820582473461e-05,14796925.0,515100.0,899950777.824,25250682.7035,XLE,VDE,Energy
2017-08-18,4.132282401562493,4.438052462936409,62.32,84.61,0.004999,0.006543,0.0,0.0,0.004999193678438961,0.006542945515108256,0.0,-0.001543751836669295,18632664.0,382541.0,912884559.967,26192027.275,XLE,VDE,Energy
2017-08-21,4.127134385045092,4.431173877940127,62.0,84.03,-0.005135,-0.006855,0.0,0.0,-0.005134788189987163,-0.0068549816806524055,0.0,0.0017201934906652429,10375176.0,387675.0,911144366.5024999,26690857.107499998,XLE,VDE,Energy
2017-08-22,4.133725518945951,4.4392336584434595,62.41,84.71,0.006613,0.008092,0.0,0.0,0.0066129032258064515,0.008092347970962617,0.0,-0.0014794447451561658,15171824.0,170402.0,907553452.7114999,26466629.191,XLE,VDE,Energy
2017-08-23,4.13804241748782,4.443827035579329,62.68,85.1,0.004326,0.004604,0.0,0.0,0.004326229770870053,0.004603942863888562,0.0,-0.0002777130930185093,11525968.0,258492.0,873805451.8834999,26259133.4315,XLE,VDE,Energy
2017-08-24,4.138680376042152,4.443709519861466,62.72,85.09,0.000638,-0.000118,0.0,0.0,0.0006381620931716656,-0.00011750881316085553,0.0,0.0007556709063325211,10390508.0,179046.0,853762631.1365001,25985958.1445,XLE,VDE,Energy
2017-08-25,4.143134726391533,4.450035689038101,63.0,85.63,0.004464,0.006346,0.0,0.0,0.004464285714285714,0.006346221647667176,0.0,-0.001881935933381462,8220210.0,121966.0,830584795.1955001,25807432.523500003,XLE,VDE,Energy
2017-08-28,4.138680376042152,4.444179499895966,62.72,85.13,-0.004444,-0.005839,0.0,0.0,-0.0044444444444444444,-0.005839075090505664,0.0,0.0013946306460612193,9956048.0,162257.0,816773503.8925,25417960.847999997,XLE,VDE,Energy
2017-08-29,4.137404051682548,4.443004135397701,62.64,85.03,-0.001276,-0.001175,0.0,0.0,-0.0012755102040816326,-0.0011746740279572419,0.0,-0.00010083617612439066,8727081.0,226253.0,801913669.5225,25432575.4675,XLE,VDE,Energy
2017-08-30,4.137882864236584,4.443709519861466,62.67,85.09,0.000479,0.000706,0.0,0.0,0.0004789272030651341,0.0007056333058920382,0.0,-0.00022670610282690408,8664419.0,219639.0,778900350.5550001,25597647.406,XLE,VDE,Energy
2017-08-31,4.142658422500651,4.451086170605376,62.97,85.72,0.004787,0.007404,-447087000.0,17658320.0,-0.025254151629319686,0.012276324030091795,-464745320.0,-0.03753047565941148,10333681.0,536016.0,761291037.6689999,26676360.526,XLE,VDE,Energy
2017-09-01,4.152298955482657,4.460837815098172,63.58,86.56,0.009687,0.009799,0.0,0.0,0.00968715261235509,0.00979934671021932,0.0,-0.0001121940978642301,11595543.0,176831.0,767397696.096,26634995.977,XLE,VDE,Energy
2017-09-05,4.157788734778635,4.465908118654584,63.93,87.0,0.005505,0.005083,0.0,0.0,0.00550487574709028,0.005083179297597043,0.0,0.00042169644949323695,18114752.0,383264.0,788050332.016,26884553.875,XLE,VDE,Energy
2017-09-06,4.17392562489244,4.482324355989245,64.97,88.44,0.016268,0.016552,0.0,0.0,0.016267792898482715,0.016551724137931035,0.0,-0.00028393123944831997,17052125.0,272907.0,809554698.894,27099298.129,XLE,VDE,Energy
2017-09-07,4.175770927584296,4.482324355989245,65.09,88.44,0.001847,0.0,0.0,0.0,0.0018470063106048947,0.0,0.0,0.0018470063106048947,8640332.0,228226.0,803725496.9705,27097974.573000003,XLE,VDE,Energy
2017-09-08,4.165113633110308,4.470838473192799,64.4,87.43,-0.010601,-0.01142,0.0,0.0,-0.010600706713780791,-0.011420171867932935,0.0,0.0008194651541521443,10264742.0,284530.0,787664557.3725,27226501.671499997,XLE,VDE,Energy
2017-09-11,4.174541104216377,4.480853351480711,65.01,88.31,0.009472,0.010065,0.0,0.0,0.009472049689440992,0.010065195013153252,0.0,-0.0005931453237122599,13551055.0,252041.0,780589220.076,26376352.897,XLE,VDE,Energy
2017-09-12,4.180675151973121,4.48796198508255,65.41,88.94,0.006153,0.007134,0.0,0.0,0.0061528995539146545,0.007133959913939531,0.0,-0.0009810603600248768,9409697.0,183613.0,775004781.052,25205590.529000003,XLE,VDE,Energy
2017-09-13,4.193133532496888,4.502140285668547,66.23,90.21,0.012536,0.014279,0.0,0.0,0.012536309432808439,0.014279289408589935,0.0,-0.001742979975781496,15893275.0,251283.0,787225148.5535,24429890.034500003,XLE,VDE,Energy
2017-09-14,4.197953544841121,4.507447097459476,66.55,90.69,0.004832,0.005321,0.0,0.0,0.004831647289747849,0.005320917858330687,0.0,-0.0004892705685828379,14583401.0,252729.0,783596842.531,23503253.189000003,XLE,VDE,Energy
2017-09-15,4.187227556368814,4.508879525669805,65.84,90.82,0.002335,0.001433,0.0,0.0,-0.010668670172802404,0.0014334546256476884,0.0,-0.012102124798450093,13068128.0,258725.0,780739253.9445001,22513158.114,XLE,VDE,Energy
2017-09-18,4.191471272952824,4.514369821661595,66.12,91.32,0.004253,0.005505,0.0,0.0,0.0042527339003646455,0.005505395287381635,0.0,-0.0012526613870169892,12583545.0,407256.0,764281072.6905,22754349.3095,XLE,VDE,Energy
2017-09-19,4.195546442731068,4.51688527112052,66.39,91.55,0.004083,0.002519,0.0,0.0,0.004083484573502596,0.0025186158563295135,0.0,0.0015648687171730827,10504257.0,265506.0,766986908.2019999,22340886.512000002,XLE,VDE,Energy
2017-09-20,4.202301703727193,4.525802250604519,66.84,92.37,0.006778,0.008957,0.0,0.0,0.006778129236330773,0.008956854178044784,0.0,-0.0021787249417140114,18273771.0,422485.0,780714174.092,23570395.8135,XLE,VDE,Energy
2017-09-21,4.202600880991953,4.525044141508807,66.86,92.3,0.000299,-0.000758,0.0,0.0,0.0002992220227408737,-0.0007578218036158926,0.0,0.0010570438263567663,8874083.0,207944.0,774257849.849,23430173.9135,XLE,VDE,Energy
2017-09-22,4.207673247529104,4.529476341618891,67.2,92.71,0.005085,0.004442,0.0,0.0,0.00508525276697577,0.004442036836402913,0.0,0.0006432159305728574,14647937.0,132790.0,790890285.081,23283970.751500003,XLE,VDE,Energy
2017-09-25,4.222004585374694,4.546163005408059,68.17,94.27,0.014435,0.016827,0.0,0.0,0.01443452380952381,0.016826663790314004,0.0,-0.0023921399807901936,14833769.0,376219.0,815557525.2175,24535081.579,XLE,VDE,Energy
2017-09-26,4.22156441223282,4.544889255103161,68.14,94.15,-0.00044,-0.001273,0.0,0.0,-0.000440076279888514,-0.0012729394292987043,0.0,0.0008328631494101903,10710700.0,280262.0,820826713.5895001,25163768.023500003,XLE,VDE,Energy
2017-09-27,4.225811324964407,4.5369984058847574,68.43,93.41,0.004256,0.003802,0.0,0.0,0.004255943645435989,-0.007859798194370802,0.0,0.012115741839806791,10918244.0,202555.0,830850267.7435,25147886.5215,XLE,VDE,Energy
2017-09-28,4.226687749209813,4.538496052720099,68.49,93.55,0.000877,0.001499,0.0,0.0,0.0008768084173605646,0.0014987688684295042,0.0,-0.0006219604510689396,11799895.0,104002.0,844109051.2345,24699901.751,XLE,VDE,Energy
2017-09-29,4.226541731833486,4.5388166854380705,68.48,93.58,-0.000146,0.000321,746432000.0,-35092500.0,0.04716145214099391,-0.008444217424107267,781524500.0,0.05560566956510118,14287467.0,386386.0,860493743.6140001,24210437.269,XLE,VDE,Energy
2017-10-02,4.226249633102039,4.5380683824473556,68.46,93.51,-0.000292,-0.000748,0.0,0.0,-0.000292056074766586,-0.0007480230818550972,0.0,0.00045596700708851125,12416792.0,322135.0,866134191.433,24951254.8935,XLE,VDE,Energy
2017-10-03,4.225226615110005,4.537319519079917,68.39,93.44,-0.001022,-0.000749,0.0,0.0,-0.0010224948875254471,-0.0007485830392471393,0.0,-0.0002739118482783078,7239789.0,223906.0,832986845.1505,24330145.3255,XLE,VDE,Energy
2017-10-04,4.2244952466871455,4.536355869987732,68.34,93.35,-0.000731,-0.000963,0.0,0.0,-0.0007311010381634742,-0.0009631849315069696,0.0,0.00023208389334349543,10197587.0,156757.0,812438171.8670001,23855013.869,XLE,VDE,Energy
2017-10-05,4.229021132213981,4.5409516136614405,68.65,93.78,0.004536,0.004606,0.0,0.0,0.004536142815335205,0.0046063202999465595,0.0,-7.017748461135478e-05,10161797.0,136937.0,819198579.5755,23487896.09,XLE,VDE,Energy
2017-10-06,4.22053658745986,4.530446639792155,68.07,92.8,-0.008449,-0.01045,0.0,0.0,-0.008448652585579253,-0.010449989336745574,0.0,0.0020013367511663212,11963273.0,146436.0,826863109.991,22923536.235,XLE,VDE,Energy
2017-10-09,4.222591181666628,4.533459338434091,68.21,93.08,0.002057,0.003017,0.0,0.0,0.00205670633171735,0.003017241379310345,0.0,-0.0009605350475929949,5764084.0,163948.0,802473814.1955,22573663.1915,XLE,VDE,Energy
2017-10-10,4.223470431430189,4.5342110970475975,68.27,93.15,0.00088,0.000752,0.0,0.0,0.0008796364169476618,0.0007520412548346717,0.0,0.00012759516211299012,7763702.0,108983.0,798200796.934,22264724.503,XLE,VDE,Energy
2017-10-11,4.225811324964407,4.536677189542791,68.43,93.38,0.002344,0.002469,0.0,0.0,0.0023436355646699256,0.0024691358024690148,0.0,-0.0001255002377990892,10287024.0,132275.0,780767269.3875,21748904.5065,XLE,VDE,Energy
2017-10-12,4.222151266709757,4.532061714167453,68.18,92.95,-0.003653,-0.004605,0.0,0.0,-0.0036533684056700272,-0.004604840436924395,0.0,0.0009514720312543677,10181097.0,163631.0,766948362.233,21363379.9285,XLE,VDE,Energy
2017-10-13,4.22156441223282,4.531846521569248,68.14,92.93,-0.000587,-0.000215,0.0,0.0,-0.0005866823115284233,-0.00021516944593855578,0.0,-0.0003715128655898675,8893702.0,174406.0,754228927.571,20998887.182499997,XLE,VDE,Energy
2017-10-16,4.223763342972998,4.534103737554231,68.29,93.14,0.002201,0.00226,0.0,0.0,0.002201350161432461,0.002259765414828244,0.0,-5.841525339578312e-05,7666914.0,131758.0,738806405.654,19752953.2925,XLE,VDE,Energy
2017-10-17,4.224348908792687,4.5342110970475975,68.33,93.15,0.000586,0.000107,0.0,0.0,0.0005857372968222593,0.00010736525660308395,0.0,0.00047837204021917534,8377136.0,138466.0,732558009.6865001,19182504.9725,XLE,VDE,Energy
2017-10-18,4.217299386280878,4.526018747682654,67.85,92.39,-0.007025,-0.008159,0.0,0.0,-0.007024732913800789,-0.008158883521202481,0.0,0.0011341506074016919,7706312.0,166495.0,697630730.4645,18000381.6525,XLE,VDE,Energy
2017-10-19,4.21419952403038,4.522223265167165,67.64,92.04,-0.003095,-0.003788,0.0,0.0,-0.003095062638172323,-0.0037882887758414197,0.0,0.0006932261376690965,7591879.0,128472.0,693640405.7735001,17631948.236500002,XLE,VDE,Energy
2017-10-20,4.216119619148022,4.524502282920636,67.77,92.25,0.001922,0.002282,0.0,0.0,0.0019219396806622131,0.002281616688396227,0.0,-0.0003596770077340138,9820249.0,196669.0,677699251.19,17923535.954,XLE,VDE,Energy
2017-10-23,4.2109417098059145,4.516120369154581,67.42,91.48,-0.005165,-0.008347,0.0,0.0,-0.0051645270768775585,-0.00834688346883469,0.0,0.0031823563919571307,8655313.0,223631.0,656315409.6765,17173115.8915,XLE,VDE,Energy
2017-10-24,4.212868064406208,4.51852237926242,67.55,91.7,0.001928,0.002405,0.0,0.0,0.001928211213289825,0.002404897245299519,0.0,-0.000476686032009694,9820238.0,202984.0,652991908.6215,16784464.1665,XLE,VDE,Energy
2017-10-25,4.205885936955008,4.511189122517197,67.08,91.03,-0.006958,-0.007306,0.0,0.0,-0.0069578090303478906,-0.007306434023991276,0.0,0.0003486249936433851,13522747.0,263995.0,660990430.2134999,17040004.281500004,XLE,VDE,Energy
2017-10-26,4.20797082229696,4.514369821661595,67.22,91.32,0.002087,0.003186,0.0,0.0,0.0020870602265951103,0.0031857629352959327,0.0,-0.0010987027087008224,9362173.0,196766.0,652047953.2390001,17451968.4825,XLE,VDE,Energy
2017-10-27,4.209754413732928,4.518849479521564,67.34,91.73,0.001785,0.00449,0.0,0.0,0.0017851829812555787,0.004489706526500343,0.0,-0.002704523545244764,16187992.0,240782.0,657632635.295,16748415.0315,XLE,VDE,Energy
2017-10-30,4.214938458520516,4.52406858455105,67.69,92.21,0.005198,0.005233,0.0,0.0,0.005197505197505198,0.005232748283004347,0.0,-3.524308549914933e-05,11614807.0,634905.0,654440270.5705,18169502.3415,XLE,VDE,Energy
2017-10-31,4.2181832991257,4.528073135603124,67.91,92.58,0.00325,0.004013,254662500.0,-48511920.0,0.018843120885263107,-0.008388772868441434,303174420.0,0.027231893753704543,9648980.0,212951.0,662446923.675,18109163.6885,XLE,VDE,Energy
2017-11-01,4.229458036029275,4.540844975431534,68.68,93.77,0.011339,0.012854,0.0,0.0,0.01133853629804164,0.012853748109742925,0.0,-0.001515211811701285,17306253.0,306929.0,687031441.698,18816537.0075,XLE,VDE,Energy
2017-11-02,4.226541731833486,4.537961436294641,68.48,93.5,-0.002912,-0.002879,0.0,0.0,-0.0029120559114735,-0.002879385731044044,0.0,-3.2670180429456366e-05,11328296.0,203080.0,690939158.9995,19123838.414499998,XLE,VDE,Energy
2017-11-03,4.229458036029275,4.54159120434522,68.68,93.84,0.002921,0.003636,0.0,0.0,0.002920560747663551,0.0036363636363636364,0.0,-0.0007158028887000855,11111879.0,197618.0,688380351.83,19371599.0305,XLE,VDE,Energy
2017-11-06,4.2520603082138555,4.566221435849517,70.25,96.18,0.02286,0.024936,0.0,0.0,0.02285963890506686,0.02493606138107429,0.0,-0.0020764224760074293,19099969.0,406750.0,735810584.4605,20564645.7885,XLE,VDE,Energy
2017-11-07,4.250778348063927,4.564244019375446,70.16,95.99,-0.001281,-0.001975,0.0,0.0,-0.001281138790035587,-0.0019754626741527487,0.0,0.0006943238841171616,13410298.0,261506.0,756352513.0675,21312155.513,XLE,VDE,Energy
2017-11-08,4.24592050167689,4.559335649644292,69.82,95.52,-0.004846,-0.004896,0.0,0.0,-0.004846066134549712,-0.004896343369100948,0.0,5.0277234551235686e-05,14246622.0,370837.0,770890417.8535,22465681.05,XLE,VDE,Energy
2017-11-09,4.248923721667427,4.562575788355671,70.03,95.83,0.003008,0.003245,0.0,0.0,0.0030077341735893414,0.003245393634840871,0.0,-0.00023765946125152947,12988863.0,213016.0,781663561.975,22725872.1415,XLE,VDE,Energy
2017-11-10,4.243626264937855,4.557764063590821,69.66,95.37,-0.005283,-0.0048,0.0,0.0,-0.005283449950021419,-0.004800166962329124,0.0,-0.00048328298769229495,10534238.0,126208.0,788053470.2149999,22517317.5105,XLE,VDE,Energy
2017-11-13,4.237867538974276,4.550185877655332,69.26,94.65,-0.005742,-0.00755,0.0,0.0,-0.005742176284811832,-0.007549543881723813,0.0,0.0018073675969119806,7489798.0,151833.0,787811962.8360001,22622270.176999997,XLE,VDE,Energy
2017-11-14,4.22156441223282,4.533351898197619,68.14,93.07,-0.016171,-0.016693,0.0,0.0,-0.016170950043315157,-0.01669307976756483,0.0,0.0005221297242496738,16527694.0,273397.0,815501331.15,23249617.7215,XLE,VDE,Energy
2017-11-15,4.210199814972569,4.521571162111778,67.37,91.98,-0.0113,-0.011712,0.0,0.0,-0.011300264162019258,-0.011711614913505843,0.0,0.00041135075148658433,17693128.0,202907.0,848956969.358,23413663.362,XLE,VDE,Energy
2017-11-16,4.206184043977636,4.517976974285714,67.1,91.65,-0.004008,-0.003588,0.0,0.0,-0.004007718569096267,-0.003587736464448793,0.0,-0.000419982104647474,12513950.0,267023.0,865265536.8299999,24046068.1155,XLE,VDE,Energy
2017-11-17,4.2110900227464905,4.524610678129674,67.43,92.26,0.004918,0.006656,0.0,0.0,0.004918032786885479,0.0066557555919258046,0.0,-0.0017377228050403258,9172427.0,222833.0,862914460.724,24166860.982,XLE,VDE,Energy
2017-11-20,4.208714372037514,4.522223265167165,67.27,92.04,-0.002373,-0.002385,0.0,0.0,-0.002372831084087432,-0.002384565358768574,0.0,1.1734274681141771e-05,7785255.0,215014.0,859923105.7935,24133467.216,XLE,VDE,Energy
2017-11-21,4.2109417098059145,4.523960130562548,67.42,92.2,0.00223,0.001738,0.0,0.0,0.0022298201278431367,0.001738374619730428,0.0,0.0004914455081127087,8464364.0,208516.0,855288622.9925,24164044.336000003,XLE,VDE,Energy
2017-11-22,4.214938458520516,4.530338875365088,67.69,92.79,0.004005,0.006399,0.0,0.0,0.0040047463660634825,0.0063991323210413386,0.0,-0.002394385954977856,9307472.0,215286.0,841434468.5385001,23961290.4905,XLE,VDE,Energy
2017-11-24,4.217741440366026,4.532599493153256,67.88,93.0,0.002807,0.002263,0.0,0.0,0.0028069138720637054,0.002263174911089434,0.0,0.0005437389609742713,4990724.0,61142.0,826906722.3415,23347167.2345,XLE,VDE,Energy
2017-11-27,4.207524426932059,4.520156811661135,67.19,91.85,-0.010165,-0.012366,0.0,0.0,-0.010164997053623928,-0.012365591397849462,0.0,0.0022005943442255337,10595899.0,217469.0,807998675.968,23241546.974,XLE,VDE,Energy
2017-11-28,4.215233879497554,4.527857082885421,67.71,92.56,0.007739,0.00773,0.0,0.0,0.007739246911742703,0.007729994556341862,0.0,9.252355400841093e-06,12113321.0,153808.0,809698009.922,21026140.8955,XLE,VDE,Energy
2017-11-29,4.220683484265119,4.532707014254376,68.08,93.01,0.005465,0.004862,0.0,0.0,0.005464480874317055,0.00486171132238548,0.0,0.0006027695519315755,13599337.0,181604.0,823227041.4799999,20884940.1185,XLE,VDE,Energy
2017-11-30,4.235554730773624,4.548494008794535,69.1,94.49,0.014982,0.015912,-359320000.0,49607250.0,-0.006557999277789751,0.028641782294092425,-408927250.0,-0.03519978157188218,22303582.0,767801.0,840856244.488,23073379.3265,XLE,VDE,Energy
2017-12-01,4.243913332544247,4.559021529962111,69.68,95.49,0.008394,0.010583,0.0,0.0,0.008393632416787497,0.010583130489998942,0.0,-0.0021894980732114454,21188342.0,271506.0,875888342.5120001,23420285.7235,XLE,VDE,Energy
2017-12-04,4.243482700225814,4.557554332046428,69.65,95.35,-0.000431,-0.001466,0.0,0.0,-0.0004305396096440872,-0.0014661221070270316,0.0,0.0010355824973829445,13575949.0,262779.0,885008392.4185,23745860.95,XLE,VDE,Energy
2017-12-05,4.239166146760841,4.553034431567563,69.35,94.92,-0.004307,-0.00451,0.0,0.0,-0.004307250538406545,-0.004509701101205965,0.0,0.00020245056279941977,10689760.0,192235.0,854986494.106,22702147.51,XLE,VDE,Energy
2017-12-06,4.226103551734458,4.537105455073962,68.45,93.42,-0.012978,-0.015803,0.0,0.0,-0.012977649603460593,-0.01580278128950695,0.0,0.0028251316860463584,12061155.0,177331.0,849222471.7095,22275362.564,XLE,VDE,Energy
2017-12-07,4.229021132213981,4.541164856012179,68.65,93.8,0.002922,0.004068,0.0,0.0,0.002921840759678714,0.004067651466495397,0.0,-0.0011458107068166835,8639978.0,174858.0,829144238.7925,21324329.072,XLE,VDE,Energy
2017-12-08,4.2381562642541795,4.5502915244781015,69.28,94.66,0.009177,0.009168,0.0,0.0,0.009176984705025374,0.009168443496801706,0.0,8.541208223668273e-06,10696685.0,124808.0,820717051.838,20894379.172,XLE,VDE,Energy
2017-12-11,4.245347435758628,4.55870731157775,69.78,95.46,0.007217,0.008451,0.0,0.0,0.007217090069284064,0.008451299387280675,0.0,-0.0012342093179966108,11316715.0,146083.0,823510319.519,20989810.483000003,XLE,VDE,Energy
2017-12-12,4.2426208788567585,4.554613462370939,69.59,95.07,-0.002723,-0.004085,0.0,0.0,-0.0027228432215534535,-0.004085480829666877,0.0,0.0013626376081134232,11758230.0,261179.0,838485910.3299999,21512775.187,XLE,VDE,Energy
2017-12-13,4.241182857326236,4.553455750301413,69.49,94.96,-0.001437,-0.001157,0.0,0.0,-0.0014369880729991084,-0.0011570421794467236,0.0,-0.00027994589355238484,9216049.0,183761.0,814197219.1225,21113019.4755,XLE,VDE,Energy
2017-12-14,4.237578730308009,4.542656280598849,69.24,93.94,-0.003598,-0.004426,0.0,0.0,-0.0035976399481939853,-0.010741364785172586,0.0,0.007143724836978602,11782846.0,189692.0,795390130.3065001,21070833.5065,XLE,VDE,Energy
2017-12-15,4.230040277676,4.541271460137859,68.72,93.81,-0.000891,-0.001384,0.0,0.0,-0.007510109763142578,-0.0013838620395997445,0.0,-0.006126247723542833,10153405.0,224468.0,788292927.6365001,20900067.763,XLE,VDE,Energy
2017-12-18,4.237723145067448,4.55081959123801,69.25,94.71,0.007712,0.009594,0.0,0.0,0.007712456344586728,0.009593859929644908,0.0,-0.0018814035850581792,9660685.0,207043.0,790818211.8185,20852591.2605,XLE,VDE,Energy
2017-12-19,4.239166146760841,4.5511362974956056,69.35,94.74,0.001444,0.000317,0.0,0.0,0.0014440433212995242,0.00031675641431750865,0.0,0.0011272869069820154,6764247.0,173939.0,788087533.0985,20687045.8755,XLE,VDE,Energy
2017-12-20,4.2531984503199265,4.566325402164524,70.33,96.19,0.014131,0.015305,0.0,0.0,0.014131218457101774,0.015305045387375977,0.0,-0.0011738269302742025,12254496.0,319602.0,802647097.2385,21262912.934499998,XLE,VDE,Energy
2017-12-21,4.274162988797936,4.5873116676867784,71.82,98.23,0.021186,0.021208,0.0,0.0,0.021185838191383477,0.021208025782305854,0.0,-2.2187590922376904e-05,16803132.0,347126.0,831486005.2665,21969002.886499997,XLE,VDE,Energy
2017-12-22,4.276249365519713,4.59066549978521,71.97,98.56,0.002089,0.003359,0.0,0.0,0.0020885547201336674,0.0033594624860022394,0.0,-0.001270907765868572,10660816.0,272521.0,852910434.3865,23027676.0745,XLE,VDE,Energy
2017-12-26,4.28496492183075,4.600860914399993,72.6,99.57,0.008754,0.010248,0.0,0.0,0.008753647353063776,0.010247564935064821,0.0,-0.0014939175820010454,8631105.0,192320.0,848644422.846,22986414.812,XLE,VDE,Energy
2017-12-27,4.281653660527095,4.596936381060988,72.36,99.18,-0.003306,-0.003917,0.0,0.0,-0.003305785123966942,-0.003916842422416165,0.0,0.0006110572984492227,10855316.0,175965.0,846909307.8885,23147201.823,XLE,VDE,Energy
2017-12-28,4.28317268312119,4.598246270915268,72.47,99.31,0.00152,0.001311,0.0,0.0,0.0015201768933112217,0.001310748134704464,0.0,0.0002094287586067577,7966785.0,143343.0,829484810.188,23014422.0875,XLE,VDE,Energy
2017-12-29,4.280270725719494,4.594614672048575,72.26,98.95,-0.002898,-0.003625,773182000.0,-69265000.0,0.04158901477844711,-0.020065293823630457,842447000.0,0.06165430860207757,7356372.0,238908.0,779004506.414,20568943.593000002,XLE,VDE,Energy
2018-01-02,4.296604902619887,4.612443669954589,73.45,100.73,0.016468,0.017989,0.0,0.0,0.01646830888458345,0.017988883274381,0.0,-0.001520574389797552,14891354.0,442194.0,759872820.451,21499748.277000003,XLE,VDE,Energy
2018-01-03,4.311470041210748,4.627518589651853,74.55,102.26,0.014976,0.015189,0.0,0.0,0.014976174268209666,0.015189119428174327,0.0,-0.00021294515996466042,19299630.0,484718.0,784533948.8835,22725312.528500002,XLE,VDE,Energy
2018-01-04,4.31748811353631,4.632882624554627,75.0,102.81,0.006036,0.005378,0.0,0.0,0.006036217303822937,0.005378447095638568,0.0,0.0006577702081843693,14306843.0,296678.0,801117867.3335,23338038.4775,XLE,VDE,Energy
2018-01-05,4.31708803351497,4.632590781564083,74.97,102.78,-0.0004,-0.000292,0.0,0.0,-0.0004,-0.0002918004085205719,0.0,-0.00010819959147942811,14204426.0,240573.0,813083855.207,23746030.023500003,XLE,VDE,Energy
2018-01-08,4.323072491830211,4.638218040034292,75.42,103.36,0.006002,0.005643,0.0,0.0,0.006002400960384154,0.005643121229811247,0.0,0.00035927973057290653,9779217.0,305402.0,820304558.029,24504263.5395,XLE,VDE,Energy
2018-01-09,4.32055008757213,4.635990328327978,75.23,103.13,-0.002519,-0.002225,0.0,0.0,-0.002519225669583665,-0.002225232198142415,0.0,-0.00029399347144124996,9234491.0,211968.0,817986779.0855,25006560.267500002,XLE,VDE,Energy
2018-01-10,4.319353040145823,4.63443768366866,75.14,102.97,-0.001196,-0.001551,0.0,0.0,-0.0011963312508307855,-0.0015514399301852031,0.0,0.0003551086793544176,10821983.0,889159.0,819160950.5814999,28887141.22,XLE,VDE,Energy
2018-01-11,4.339640918177444,4.655007420835263,76.68,105.11,0.020495,0.020783,0.0,0.0,0.020495075858397657,0.020782752257939206,0.0,-0.00028767639954154975,18089532.0,332486.0,847603454.9845,29393007.016500004,XLE,VDE,Energy
2018-01-12,4.349245145149502,4.663344750039164,77.42,105.99,0.00965,0.008372,0.0,0.0,0.009650495565988524,0.00837218152411759,0.0,0.001278314041870933,19819205.0,367274.0,892302435.2889999,30466878.351499997,XLE,VDE,Energy
2018-01-16,4.336506119372072,4.651003602331263,76.44,104.69,-0.012658,-0.012265,0.0,0.0,-0.012658227848101266,-0.01226530804792905,0.0,-0.0003929198001722152,16894935.0,1475783.0,916082664.007,37300881.141,XLE,VDE,Energy
2018-01-17,4.345232973844869,4.658616161693717,77.11,105.49,0.008765,0.007642,0.0,0.0,0.008765044479330193,0.007641608558601585,0.0,0.0011234359207286078,14007382.0,218565.0,935201025.728,37400835.079500005,XLE,VDE,Energy
2018-01-18,4.337029268743146,4.650239149355669,76.48,104.61,-0.00817,-0.008342,0.0,0.0,-0.008170146543898327,-0.008342022940563087,0.0,0.0001718763966647597,11514622.0,238167.0,945782818.4435002,37666115.4465,XLE,VDE,Energy
2018-01-19,4.3357208817973705,4.6491870714048655,76.38,104.5,-0.001308,-0.001052,0.0,0.0,-0.001307531380753138,-0.0010515247108307045,0.0,-0.00025600666992243353,12962747.0,233872.0,971832522.7639999,38064147.6035,XLE,VDE,Energy
2018-01-22,4.35709336812867,4.670021158307708,78.03,106.7,0.021603,0.021053,0.0,0.0,0.021602513747054203,0.021052631578947368,0.0,0.0005498821681068355,17016724.0,330804.0,995130336.266,38291861.1245,XLE,VDE,Energy
2018-01-23,4.355554314342767,4.669646205172456,77.91,106.66,-0.001538,-0.000375,0.0,0.0,-0.0015378700499807767,-0.00037488284910965324,0.0,-0.0011629872008711234,10184938.0,255347.0,974465715.2330002,37948717.3265,XLE,VDE,Energy
2018-01-24,4.3528552573736015,4.666077120891613,77.7,106.28,-0.002696,-0.003563,0.0,0.0,-0.0026954177897574125,-0.0035627226701668855,0.0,0.0008673048804094729,12919670.0,277347.0,986295686.8070002,38079555.796500005,XLE,VDE,Energy
2018-01-25,4.344973570471171,4.6572881402501976,77.09,105.35,-0.007851,-0.00875,0.0,0.0,-0.007850707850707852,-0.008750470455400828,0.0,0.0008997626046929764,11718449.0,144516.0,1000133537.3275001,37883328.7065,XLE,VDE,Energy
2018-01-26,4.35040696029342,4.663061664403869,77.51,105.96,0.005448,0.00579,0.0,0.0,0.0054481774549228175,0.005790223065970574,0.0,-0.0003420456110477567,7785306.0,145542.0,991030957.4424999,37781799.7875,XLE,VDE,Energy
2018-01-29,4.3351970473170836,4.647271362006727,76.34,104.3,-0.015095,-0.015666,0.0,0.0,-0.015094826474003354,-0.015666289165722914,0.0,0.0005714626917195601,12647167.0,244530.0,1010437548.434,38345254.070999995,XLE,VDE,Energy
2018-01-30,4.314817884980432,4.625364893273611,74.8,102.04,-0.020173,-0.021668,0.0,0.0,-0.020172910662824207,-0.021668264621284645,0.0,0.0014953539584604374,22751839.0,493411.0,1068950854.2580001,39680639.663,XLE,VDE,Energy
2018-01-31,4.3154861108656375,4.625658852415407,74.85,102.07,0.000668,0.000294,976792499.9999999,104825890.0,0.05279408690934603,0.02491536992021742,871966609.9999999,0.027878716989128614,15765547.0,305731.0,1073264916.3404999,39013827.7405,XLE,VDE,Energy
2018-02-01,4.325720798462787,4.637346917683312,75.62,103.27,0.010287,0.011757,0.0,0.0,0.010287241148964597,0.01175663760164593,0.0,-0.001469396452681333,18011557.0,323594.0,1069427242.5324999,38206342.2255,XLE,VDE,Energy
2018-02-02,4.283034685466931,4.593401202388092,72.46,98.83,-0.041788,-0.042994,0.0,0.0,-0.04178788680243322,-0.0429940931538685,0.0,0.001206206351435278,31005405.0,555050.0,1128109163.5975,39424048.5415,XLE,VDE,Energy
2018-02-05,4.24017501043364,4.551452903482104,69.42,94.77,-0.041954,-0.041081,0.0,0.0,-0.04195418161744411,-0.04108064352929273,0.0,-0.0008735380881513821,34767640.0,827635.0,1195542351.1765,42109492.34199999,XLE,VDE,Energy
2018-02-06,4.248066578757805,4.561427263040173,69.97,95.72,0.007923,0.010024,0.0,0.0,0.007922788821665225,0.010024269283528543,0.0,-0.0021014804618633177,32815176.0,858782.0,1273468817.1055,44641305.458,XLE,VDE,Energy
2018-02-07,4.231203744939298,4.542975582394973,68.8,93.97,-0.016721,-0.018283,0.0,0.0,-0.016721452050878948,-0.018282490597576265,0.0,0.0015610385466973166,24603696.0,296447.0,1323369993.449,44941148.6955,XLE,VDE,Energy
2018-02-08,4.200504758050491,4.510089979737821,66.72,90.93,-0.030233,-0.032351,0.0,0.0,-0.030232558139534883,-0.032350750239438,0.0,0.0021181920999031184,27771124.0,470413.0,1375356272.9819999,42502046.288499996,XLE,VDE,Energy
2018-02-09,4.199755076629969,4.508659285607248,66.67,90.8,-0.000749,-0.00143,0.0,0.0,-0.000749400479616307,-0.0014296711756297278,0.0,0.0006802706960134208,35174085.0,740578.0,1423253819.6415,44116890.23549999,XLE,VDE,Energy
2018-02-12,4.215972050343799,4.52655978540618,67.76,92.44,0.016349,0.018062,0.0,0.0,0.016349182540872958,0.018061674008810574,0.0,-0.0017124914679376158,24956856.0,453604.0,1431087505.2145,44267079.36049999,XLE,VDE,Energy
2018-02-13,4.211831257677767,4.522114610850766,67.48,92.03,-0.004132,-0.004435,0.0,0.0,-0.004132231404958678,-0.004435309389874513,0.0,0.0003030779849158352,12284954.0,256159.0,1407964498.4405,37720808.8855,XLE,VDE,Energy
2018-02-14,4.226249633102039,4.53838915229774,68.46,93.54,0.014523,0.016408,0.0,0.0,0.014522821576763486,0.01640769314354027,0.0,-0.001884871566776785,19756920.0,262651.0,1421586974.2995,37796406.519999996,XLE,VDE,Energy
2018-02-15,4.223763342972998,4.536677189542791,68.29,93.38,-0.002483,-0.001711,0.0,0.0,-0.0024832018697049374,-0.0017104981825958,0.0,-0.0007727036871091374,16469372.0,245739.0,1433789730.4654999,37698029.4175,XLE,VDE,Energy
2018-02-16,4.221270855794487,4.53431844501614,68.12,93.16,-0.002489,-0.002356,0.0,0.0,-0.0024893835114950945,-0.0023559648747055045,0.0,-0.00013341863678958997,13791074.0,274813.0,1431257397.7165,37756127.1715,XLE,VDE,Energy
2018-02-20,4.21582445975981,4.528505101052606,67.75,92.62,-0.005432,-0.005796,0.0,0.0,-0.005431591309453905,-0.005796479175611851,0.0,0.0003648878661579461,17808096.0,164748.0,1425191574.2305,36754235.8195,XLE,VDE,Energy
2018-02-21,4.198854716425088,4.5122870585080355,66.61,91.13,-0.016827,-0.016087,0.0,0.0,-0.016826568265682657,-0.01608723817749946,0.0,-0.0007393300881831967,12545399.0,189095.0,1427298599.6209998,36254081.636,XLE,VDE,Energy
2018-02-22,4.209754413732928,4.523092074952484,67.34,92.12,0.010959,0.010864,0.0,0.0,0.01095931541810539,0.010863601448480193,0.0,9.571396962519685e-05,15330257.0,199865.0,1428722656.99,35700837.86799999,XLE,VDE,Energy
2018-02-23,4.231203744939298,4.545314018834726,68.8,94.19,0.021681,0.022471,0.0,0.0,0.02168102168102168,0.022470690403821103,0.0,-0.0007896687227994213,15684833.0,153755.0,1437509720.8395,35663709.0105,XLE,VDE,Energy
2018-02-26,4.237145360853772,4.5513473792905845,69.21,94.76,0.005959,0.006052,0.0,0.0,0.005959302325581396,0.006051597834164986,0.0,-9.229550858359022e-05,12156413.0,208220.0,1449405034.6230001,35879173.8545,XLE,VDE,Energy
2018-02-27,4.224056168743758,4.537426533901572,68.31,93.45,-0.013004,-0.013825,0.0,0.0,-0.013003901170351105,-0.013824398480371465,0.0,0.00082049731002036,13465707.0,199501.0,1447122920.4424999,35536118.327,XLE,VDE,Energy
2018-02-28,4.2008044733232275,4.512067567725767,66.74,91.11,-0.022984,-0.02504,-397102999.99999994,-9111000.0,-0.045038927676952605,-0.027320682951367983,-387991999.99999994,-0.01771824472558462,17621961.0,258682.0,1420835526.4395,34197161.256,XLE,VDE,Energy
2018-03-01,4.1993049978585875,4.512506501124672,66.64,91.15,-0.001498,0.000439,0.0,0.0,-0.0014983518130056938,0.00043902974426529665,0.0,-0.0019373815572709904,22974984.0,567959.0,1438385613.48,35225336.239999995,XLE,VDE,Energy
2018-03-02,4.203946072137182,4.518086079080978,66.95,91.66,0.004652,0.005595,0.0,0.0,0.004651860744297719,0.005595172792100809,0.0,-0.0009433120478030904,14578875.0,495686.0,1419086700.5255,35826187.559,XLE,VDE,Energy
2018-03-05,4.214495163352562,4.5306621338130295,67.66,92.82,0.010605,0.012655,0.0,0.0,0.010604929051530994,0.012655465852061846,0.0,-0.002050536800530852,12831534.0,220532.0,1350163197.7325,34106896.996,XLE,VDE,Energy
2018-03-06,4.215086179918229,4.530015512387331,67.7,92.76,0.000591,-0.000646,0.0,0.0,0.0005911912503694946,-0.0006464124111181731,0.0,0.0012376036614876677,15677944.0,167111.0,1282554559.7324998,30960209.3665,XLE,VDE,Energy
2018-03-07,4.207524426932059,4.52189726679427,67.19,92.01,-0.007533,-0.008085,0.0,0.0,-0.007533234859675037,-0.008085381630012937,0.0,0.0005521467703379001,12362602.0,160726.0,1209282827.9155002,27589498.6775,XLE,VDE,Energy
2018-03-08,4.207226719278773,4.520374534283375,67.17,91.87,-0.000298,-0.001522,0.0,0.0,-0.0002976633427593392,-0.001521573741984567,0.0,0.0012239103992252277,8013317.0,288443.0,1151558838.8200002,27521605.3685,XLE,VDE,Energy
2018-03-09,4.226103551734458,4.539244035871924,68.45,93.62,0.019056,0.019049,0.0,0.0,0.019056126246836384,0.01904865570915424,0.0,7.47053768214434e-06,11393053.0,173149.0,1097907093.0485,26193383.132999998,XLE,VDE,Energy
2018-03-12,4.225811324964407,4.539777967221039,68.43,93.67,-0.000292,0.000534,0.0,0.0,-0.00029218407596785974,0.0005340739158299509,0.0,-0.0008262579917978106,9486031.0,178417.0,1013110735.7674999,23666775.0325,XLE,VDE,Energy
2018-03-13,4.218624962732438,4.532814523795951,67.94,93.02,-0.007161,-0.006939,0.0,0.0,-0.0071606020751132544,-0.00693925483078894,0.0,-0.00022134724432431446,10730854.0,136014.0,965009618.6775001,22202818.4585,XLE,VDE,Energy
2018-03-14,4.212720014957422,4.527100530566169,67.54,92.49,-0.005888,-0.005698,0.0,0.0,-0.0058875478363261706,-0.0056976994194796815,0.0,-0.00018984841684648902,11348152.0,138128.0,961882893.1854999,21662875.756,XLE,VDE,Energy
2018-03-15,4.207524426932059,4.521571162111778,67.19,91.98,-0.005182,-0.005514,0.0,0.0,-0.0051821143026354755,-0.005514109633473889,0.0,0.0003319953308384138,12408513.0,200219.0,935941355.449,21355264.21,XLE,VDE,Energy
2018-03-16,4.209308814022622,4.524719061590464,67.31,92.27,0.008852,0.00959,0.0,0.0,0.0017859800565560352,0.0031528593172428787,0.0,-0.0013668792606868435,14342576.0,744658.0,927976624.283,23643388.501999997,XLE,VDE,Energy
2018-03-19,4.193737306100135,4.507667604626853,66.27,90.71,-0.015451,-0.016907,0.0,0.0,-0.015450898826326064,-0.01690690365232482,0.0,0.0014560048259987558,14524982.0,338186.0,929132754.0960001,23897152.151,XLE,VDE,Energy
2018-03-20,4.2021520815229785,4.516011049668273,66.83,91.47,0.00845,0.008378,0.0,0.0,0.00845027916100811,0.008378348583397765,0.0,7.193057761034453e-05,11259109.0,257216.0,906430141.6194999,24310581.539,XLE,VDE,Energy
2018-03-21,4.228000947034774,4.544145484150317,68.58,94.08,0.026186,0.028534,0.0,0.0,0.026185844680532696,0.028533945555919975,0.0,-0.002348100875387279,16439550.0,416765.0,921018907.2,25409432.7315,XLE,VDE,Energy
2018-03-22,4.207375584184147,4.522874943261261,67.18,92.1,-0.020414,-0.021046,0.0,0.0,-0.020414114902303878,-0.02104591836734706,0.0,0.0006318034650431813,18483779.0,205360.0,931488945.542,25434537.3415,XLE,VDE,Energy
2018-03-23,4.201253877869777,4.516338972281476,66.77,91.5,-0.006103,-0.006515,0.0,0.0,-0.006103006847275975,-0.006514657980455906,0.0,0.0004116511331799305,19214283.0,226572.0,941680003.8175001,25746995.069,XLE,VDE,Energy
2018-03-26,4.219066431358547,4.533351898197619,67.97,93.07,0.017972,0.017159,0.0,0.0,0.017972143178073986,0.017158469945355068,0.0,0.0008136732327189179,15953442.0,216870.0,953830509.268,25769653.254,XLE,VDE,Energy
2018-03-27,4.20960590255719,4.522331907679087,67.33,92.05,-0.009416,-0.01096,0.0,0.0,-0.009415918787700456,-0.010959492854840323,0.0,0.0015435740671398673,13923130.0,384839.0,954710604.1545,26608706.329000004,XLE,VDE,Energy
2018-03-28,4.189957726425047,4.504023003983134,66.02,90.38,-0.019457,-0.018142,0.0,0.0,-0.01945640873310571,-0.018142313959804455,0.0,-0.0013140947733012547,18228748.0,322352.0,956079217.4455,26886989.165999997,XLE,VDE,Energy
2018-03-29,4.210793374865347,4.525802250604519,67.41,92.37,0.021054,0.022018,-13482000.0,-46185000.0,0.02026155587909688,0.010036971126093273,32703000.0,0.010224584753003606,13997923.0,281012.0,926706570.2289999,25596369.9455,XLE,VDE,Energy
2018-04-02,4.190563419962643,4.50413364181032,66.06,90.39,-0.020027,-0.021436,0.0,0.0,-0.020026702269692925,-0.02143553101656382,0.0,0.0014088287468708958,18993110.0,480078.0,940638028.4965,25494353.528500002,XLE,VDE,Energy
2018-04-03,4.211683054639334,4.52515247800206,67.47,92.31,0.021344,0.021241,0.0,0.0,0.02134423251589464,0.02124128775307003,0.0,0.00010294476282460968,14114315.0,310255.0,944843590.6270001,25902846.469,XLE,VDE,Energy
2018-04-04,4.2103482379784065,4.524502282920636,67.38,92.25,-0.001334,-0.00065,0.0,0.0,-0.0013339261894175188,-0.0006499837504062399,0.0,-0.0006839424390112789,12490776.0,273100.0,933855174.5310001,26387459.401,XLE,VDE,Energy
2018-04-05,4.22814675151123,4.54382655574704,68.59,94.05,0.017958,0.019512,0.0,0.0,0.017957850994360345,0.01951219512195122,0.0,-0.0015543441275908745,13528407.0,384965.0,938718684.9185,27458337.3505,XLE,VDE,Energy
2018-04-06,4.209902902856373,4.52320062312084,67.35,92.13,-0.018078,-0.020415,0.0,0.0,-0.018078437089954803,-0.020414673046251993,0.0,0.0023362359562971897,18883891.0,210036.0,975397462.7165,27100905.264,XLE,VDE,Energy
2018-04-09,4.2146429502441345,4.527100530566169,67.67,92.49,0.004751,0.003908,0.0,0.0,0.004751299183370453,0.0039075219798111365,0.0,0.0008437772035593165,10819833.0,153966.0,973013643.7795,27002410.562,XLE,VDE,Energy
2018-04-10,4.247208700523894,4.561531728958262,69.91,95.73,0.033102,0.035031,0.0,0.0,0.03310181764445101,0.03503081414206941,0.0,-0.0019289964976184001,22621829.0,320140.0,1019631791.9825001,27699144.652499996,XLE,VDE,Energy
2018-04-11,4.257596556295705,4.572853584511548,70.64,96.82,0.010442,0.011386,0.0,0.0,0.010441996853096838,0.011386190326961127,0.0,-0.0009441934738642892,21190947.0,282585.0,1058025505.7484999,28434537.523500003,XLE,VDE,Energy
2018-04-12,4.257454983420831,4.57295686362344,70.63,96.83,-0.000142,0.000103,0.0,0.0,-0.00014156285390713478,0.00010328444536264525,0.0,-0.00024484729926978004,14311617.0,219667.0,1070244271.8799999,28859282.368,XLE,VDE,Energy
2018-04-13,4.268437915561019,4.584967478670572,71.41,98.0,0.011044,0.012083,0.0,0.0,0.011043465949313323,0.012083032118145202,0.0,-0.0010395661688318795,13330421.0,177800.0,1076154140.6369998,28809695.187,XLE,VDE,Energy
2018-04-16,4.278608675475393,4.594210345751749,72.14,98.91,0.010223,0.009286,0.0,0.0,0.010222657891051673,0.009285714285714286,0.0,0.000936943605337387,14024342.0,202672.0,1078470002.703,26376529.880000003,XLE,VDE,Energy
2018-04-17,4.282482504337495,4.598950886174174,72.42,99.38,0.003881,0.004752,0.0,0.0,0.0038813418353202105,0.004751794560711758,0.0,-0.0008704527253915479,16105269.0,433570.0,1088658653.895,26997096.607,XLE,VDE,Energy
2018-04-18,4.298101399736121,4.615912282519994,73.56,101.08,0.015742,0.017106,0.0,0.0,0.015741507870753936,0.017106057556852485,0.0,-0.0013645496860985491,17311471.0,296131.0,1114707931.5095,27317365.305,XLE,VDE,Energy
2018-04-19,4.299324142908639,4.616802270217799,73.65,101.17,0.001224,0.00089,0.0,0.0,0.0012234910277324632,0.000890383854372774,0.0,0.00033310717335968915,18150344.0,221581.0,1125175356.3395,26477770.2335,XLE,VDE,Energy
2018-04-20,4.294560608892605,4.612145799724517,73.3,100.7,-0.004752,-0.004646,0.0,0.0,-0.0047522063815342835,-0.004645645942473065,0.0,-0.00010656043906121827,13690420.0,279702.0,1113263731.9785,26940387.003500003,XLE,VDE,Energy
2018-04-23,4.300680995219929,4.618185123065586,73.75,101.31,0.006139,0.006058,0.0,0.0,0.006139154160982265,0.00605759682224429,0.0,8.155733873797463e-05,14844633.0,152024.0,1103856432.3705,26673897.675499998,XLE,VDE,Energy
2018-04-24,4.289911345766076,4.607168188650764,72.96,100.2,-0.010712,-0.010957,0.0,0.0,-0.010711864406779662,-0.010956470239857862,0.0,0.00024460583307820034,22787505.0,343389.0,1132767477.9734998,27385072.020500004,XLE,VDE,Energy
2018-04-25,4.297829475873126,4.6163079303985475,73.54,101.12,0.00795,0.009182,0.0,0.0,0.007949561403508772,0.009181636726546906,0.0,-0.0012320753230381336,13163311.0,877531.0,1134296755.3755002,30050647.258999996,XLE,VDE,Energy
2018-04-26,4.312274546483423,4.630740462099621,74.61,102.59,0.01455,0.014537,0.0,0.0,0.014549904813706827,0.014537183544303797,0.0,1.2721269403029659e-05,12216888.0,606669.0,1119698758.9115,31705847.2065,XLE,VDE,Energy
2018-04-27,4.301629697601852,4.618481200047763,73.82,101.34,-0.010588,-0.012184,0.0,0.0,-0.01058839297681276,-0.012184423433083147,0.0,0.0015960304562703878,10539303.0,155992.0,1111419326.8130002,31198404.7485,XLE,VDE,Energy
2018-04-30,4.301494223781961,4.618283825133474,73.81,101.32,-0.000135,-0.000197,-468693500.0,32928999.999999996,-0.0247995977451961,0.007511497484091575,-501622500.0,-0.03231109522928767,12963191.0,182399.0,1096525740.8685,29952725.5615,XLE,VDE,Energy
2018-05-01,4.295378827948209,4.612344389736092,73.36,100.72,-0.006097,-0.005922,0.0,0.0,-0.006096734859775098,-0.005921831819976312,0.0,-0.00017490303979878549,13800927.0,209764.0,1099532899.4520001,29577115.112999998,XLE,VDE,Energy
2018-05-02,4.299459911016919,4.617790217344194,73.66,101.27,0.004089,0.005461,0.0,0.0,0.004089422028353326,0.005460683081810961,0.0,-0.0013712610534576345,13434737.0,150934.0,1106931611.4789999,29081695.672000002,XLE,VDE,Energy
2018-05-03,4.29714934254078,4.614328123772857,73.49,100.92,-0.002308,-0.003456,0.0,0.0,-0.002307901167526473,-0.0034561074355682828,0.0,0.0011482062680418098,15329576.0,121562.0,1116864466.6845002,27884799.611500002,XLE,VDE,Energy
2018-05-04,4.302036008977389,4.620945105103454,73.85,101.59,0.004899,0.006639,0.0,0.0,0.004898625663355558,0.006638921918351169,0.0,-0.0017402962549956111,13585489.0,128392.0,1103437381.8744998,27569435.941499997,XLE,VDE,Energy
2018-05-07,4.303389189156809,4.62320654847419,73.95,101.82,0.001354,0.002264,0.0,0.0,0.0013540961408259986,0.002264002362437248,0.0,-0.0009099062216112494,17973699.0,408964.0,1133286228.9715,28939455.898500003,XLE,VDE,Energy
2018-05-08,4.311201728893603,4.632979886627359,74.53,102.82,0.007843,0.009821,0.0,0.0,0.00784313725490196,0.009821253191907287,0.0,-0.0019781159370053265,28774057.0,369068.0,1161438149.1125,29304484.3765,XLE,VDE,Energy
2018-05-09,4.331391018705302,4.652149187182086,76.05,104.81,0.020395,0.019354,0.0,0.0,0.020394472024688044,0.01935421124294884,0.0,0.0010402607817392023,24903938.0,387585.0,1181288948.5535,29967629.584,XLE,VDE,Energy
2018-05-10,4.338858139272503,4.65946895939547,76.62,105.58,0.007495,0.007347,0.0,0.0,0.007495069033530572,0.007346627230226123,0.0,0.00014844180330444816,13890093.0,348816.0,1183960419.401,30745511.4675,XLE,VDE,Energy
2018-05-11,4.340292766189574,4.65946895939547,76.73,105.58,0.001436,0.0,0.0,0.0,0.0014356564865570347,0.0,0.0,0.0014356564865570347,12010656.0,292427.0,1182443032.9645,31418013.6005,XLE,VDE,Energy
2018-05-14,4.347176357238135,4.666735541646246,77.26,106.35,0.006907,0.007293,0.0,0.0,0.00690733741691646,0.007293047925743512,0.0,-0.0003857105088270517,10226324.0,214114.0,1171361520.9825,31554250.4195,XLE,VDE,Energy
2018-05-15,4.347435189904263,4.666829566374819,77.28,106.36,0.000259,9.4e-05,0.0,0.0,0.0002588661661920787,9.402914903620122e-05,0.0,0.0001648370171558775,10482690.0,252845.0,1153549456.0935,30744470.7995,XLE,VDE,Energy
2018-05-16,4.350922889622548,4.671706709788335,77.55,106.88,0.003494,0.004889,0.0,0.0,0.0034937888198757765,0.004889056036103798,0.0,-0.0013952672162280215,11997162.0,304396.0,1136396861.4105,30874516.949500002,XLE,VDE,Energy
2018-05-17,4.365897252743998,4.687579322228809,78.72,108.59,0.015087,0.015999,0.0,0.0,0.015087040618955513,0.015999251497005988,0.0,-0.0009122108780504744,16271320.0,372794.0,1133602135.1504998,31777734.484000005,XLE,VDE,Energy
2018-05-18,4.358118089622206,4.680648647163997,78.11,107.84,-0.007749,-0.006907,0.0,0.0,-0.007748983739837398,-0.006906713325352243,0.0,-0.0008422704144851554,14092682.0,230736.0,1138465715.4015,31613563.426,XLE,VDE,Energy
2018-05-21,4.368307962532944,4.690613667805559,78.91,108.92,0.010242,0.010015,0.0,0.0,0.010241966457559851,0.010014836795252226,0.0,0.00022712966230762494,11513109.0,218438.0,1129151102.7735,32033099.202,XLE,VDE,Energy
2018-05-22,4.35491234218231,4.676467067870125,77.86,107.39,-0.013306,-0.014047,0.0,0.0,-0.013306298314535546,-0.014047006977598238,0.0,0.0007407086630626912,16583398.0,254843.0,1110581452.9475,31681099.800499998,XLE,VDE,Energy
2018-05-23,4.354783898280007,4.675255793554779,77.85,107.26,-0.000128,-0.001211,0.0,0.0,-0.00012843565373747752,-0.0012105410187168266,0.0,0.0010821053649793491,16605788.0,434446.0,1126817988.1904998,29574236.9625,XLE,VDE,Energy
2018-05-24,4.338205355125032,4.658995272682999,76.57,105.53,-0.016442,-0.016129,0.0,0.0,-0.016441875401412974,-0.016129032258064516,0.0,-0.00031284314334845825,19154752.0,578126.0,1154576855.5385,29512810.165999997,XLE,VDE,Energy
2018-05-25,4.311872374750675,4.632493481636982,74.58,102.77,-0.025989,-0.026154,0.0,0.0,-0.02598929084497845,-0.026153700369563156,0.0,0.0001644095245847063,32453517.0,456245.0,1236695453.0584998,31066813.634500004,XLE,VDE,Energy
2018-05-29,4.308783672906164,4.630155438682,74.35,102.53,-0.003084,-0.002335,0.0,0.0,-0.003083936712255296,-0.002335311861438163,0.0,-0.0007486248508171331,19327458.0,370998.0,1260704621.7879999,32044701.547499996,XLE,VDE,Energy
2018-05-30,4.338597076746545,4.6619285198067,76.6,105.84,0.030262,0.032283,0.0,0.0,0.03026227303295225,0.03228323417536331,0.0,-0.002020961142411057,23022169.0,283048.0,1298257728.822,32486220.0595,XLE,VDE,Energy
2018-05-31,4.330996463561102,4.653579325195778,76.02,104.96,-0.007572,-0.008314,292677000.0,18368000.0,0.0076462160854618684,-0.0042287185144328,274309000.0,0.011874934599894669,13258724.0,390360.0,1299174002.375,33770575.030499995,XLE,VDE,Energy
2018-06-01,4.3357208817973705,4.657667754945845,76.38,105.39,0.004736,0.004097,0.0,0.0,0.004735595895816891,0.004096798780487805,0.0,0.0006387971153290857,14102548.0,325669.0,1296703106.1749997,34873285.974,XLE,VDE,Energy
2018-06-04,4.327042326341122,4.64736723468788,75.72,104.31,-0.008641,-0.010248,0.0,0.0,-0.00864100549882168,-0.010247651579846286,0.0,0.0016066460810246052,13689210.0,246715.0,1298366037.1025,35507860.8925,XLE,VDE,Energy
2018-06-05,4.324662317284311,4.6450637496497675,75.54,104.07,-0.002377,-0.002301,0.0,0.0,-0.002377179080824089,-0.0023008340523439745,0.0,-7.634502848011433e-05,13707928.0,152480.0,1283683129.106,34219254.8485,XLE,VDE,Energy
2018-06-06,4.3294166844015844,4.648612743830928,75.9,104.44,0.004766,0.003555,0.0,0.0,0.004765687053216839,0.0035552993177668875,0.0,0.0012103877354499516,13479246.0,198267.0,1227610344.2654998,33357226.534500003,XLE,VDE,Energy
2018-06-07,4.344454561766125,4.665229942415754,77.05,106.19,0.015152,0.016756,0.0,0.0,0.015151515151515152,0.01675603217158177,0.0,-0.0016045170200666183,15178860.0,318150.0,1191389678.1705,33015304.767,XLE,VDE,Energy
2018-06-08,4.3425058765115985,4.662117466429842,76.9,105.86,-0.001947,-0.003108,0.0,0.0,-0.001946787800129786,-0.0031076372539787173,0.0,0.0011608494538489313,11236625.0,122358.0,1181381555.0125,31821545.997,XLE,VDE,Energy
2018-06-11,4.3476939555933765,4.666077120891613,77.3,106.28,0.005202,0.003967,0.0,0.0,0.005201560468140442,0.0039675042508974115,0.0,0.0012340562172430307,10717777.0,147703.0,1176726881.3735,31062717.606,XLE,VDE,Energy
2018-06-12,4.3400320779712045,4.65918477429433,76.71,105.55,-0.007633,-0.006869,0.0,0.0,-0.0076326002587322125,-0.006868648852088822,0.0,-0.0007639514066433905,15707225.0,211749.0,1197467653.249,31041671.7585,XLE,VDE,Energy
2018-06-13,4.336244442018754,4.655673168161198,76.42,105.18,-0.00378,-0.003505,0.0,0.0,-0.0037804719071828966,-0.003505447655139744,0.0,-0.0002750242520431524,12502106.0,195125.0,1204733086.115,30723204.4235,XLE,VDE,Energy
2018-06-14,4.334803991301542,4.652530757347929,76.31,104.85,-0.001439,-0.003138,0.0,0.0,-0.0014394137660298351,-0.0031374786081003994,0.0,0.0016980648420705643,10291137.0,155397.0,1197479923.6834998,29911180.972000003,XLE,VDE,Energy
2018-06-15,4.306359755748467,4.630642981961122,74.17,102.58,-0.021329,-0.02165,0.0,0.0,-0.02804350674878784,-0.021649976156413925,0.0,-0.006393530592373915,16089397.0,347463.0,1193103536.9380002,29669233.676,XLE,VDE,Energy
2018-06-18,4.316287392959792,4.642369626977198,74.91,103.79,0.009977,0.011796,0.0,0.0,0.009977079681812053,0.011795671670891012,0.0,-0.001818591989078959,13184372.0,193913.0,1187446632.713,29431416.6775,XLE,VDE,Energy
2018-06-19,4.314015424057338,4.640730361386642,74.74,103.62,-0.002269,-0.001638,0.0,0.0,-0.0022693899345881726,-0.001637922728586569,0.0,-0.0006314672060016035,12607644.0,154920.0,1189136426.7814999,29044443.8495,XLE,VDE,Energy
2018-06-20,4.318421011584911,4.646983688801502,75.07,104.27,0.004415,0.006273,0.0,0.0,0.004415306395504416,0.006272920285659139,0.0,-0.0018576138901547235,11655932.0,207895.0,1168327799.1295,28759924.9435,XLE,VDE,Energy
2018-06-21,4.299731391947051,4.626246511590008,73.68,102.13,-0.018516,-0.020524,0.0,0.0,-0.01851605168509391,-0.020523640548575812,0.0,0.0020075888634819017,15009796.0,163565.0,1158985857.8035,27265235.718000002,XLE,VDE,Energy
2018-06-22,4.319486116198983,4.649569773284776,75.15,104.54,0.019951,0.023597,0.0,0.0,0.019951140065146578,0.023597375893469108,0.0,-0.0036462358283225298,28310942.0,217467.0,1192030254.3365,25351453.888,XLE,VDE,Energy
2018-06-25,4.299188356364877,4.626931677769604,73.64,102.2,-0.020093,-0.022384,0.0,0.0,-0.020093147039254824,-0.02238377654486321,0.0,0.0022906295056083874,18380345.0,213410.0,1138687519.7335,24097564.0555,XLE,VDE,Energy
2018-06-26,4.311738281555703,4.642080540008188,74.57,103.76,0.012629,0.015264,0.0,0.0,0.012629005975013579,0.015264187866927592,0.0,-0.0026351818919140135,13529149.0,166343.0,1117281126.665,23058630.2925,XLE,VDE,Energy
2018-06-27,4.325059379032629,4.656433479925633,75.57,105.26,0.01341,0.014456,0.0,0.0,0.013410218586562961,0.014456437933693137,0.0,-0.0010462193471301763,20583866.0,240539.0,1106882357.076,22826697.033499997,XLE,VDE,Energy
2018-06-28,4.323735226296777,4.6480380862152675,75.47,104.38,-0.001323,-0.002225,0.0,0.0,-0.001323276432446738,-0.008360250807524226,0.0,0.007036974375077488,14285368.0,296740.0,1110391783.3,22326773.8135,XLE,VDE,Energy
2018-06-29,4.3299435548036564,4.654721964817339,75.94,105.08,0.006228,0.006706,75940000.0,-49913000.0,0.010174807278082242,-0.0045053232843103,125853000.0,0.014680130562392542,13167937.0,605236.0,1106532809.277,23790570.962,XLE,VDE,Energy
2018-07-02,4.31508522892,4.637734176861354,74.82,103.31,-0.014749,-0.016844,0.0,0.0,-0.014748485646563076,-0.016844309097830225,0.0,0.0020958234512671488,15296553.0,288415.0,1111929864.9900002,23993636.562,XLE,VDE,Energy
2018-07-03,4.321347323862031,4.6459281784602595,75.29,104.16,0.006282,0.008228,0.0,0.0,0.00628174284950548,0.008227664311296099,0.0,-0.0019459214617906194,9308177.0,228322.0,1095195653.2505002,24389307.858,XLE,VDE,Energy
2018-07-05,4.320284200838311,4.6441985729555695,75.21,103.98,-0.001063,-0.001728,0.0,0.0,-0.0010625581086465667,-0.0017281105990783411,0.0,0.0006655524904317744,9969537.0,251805.0,1081532358.569,24663091.779000003,XLE,VDE,Energy
2018-07-06,4.326381780706431,4.6515765588022475,75.67,104.75,0.006116,0.007405,0.0,0.0,0.0061162079510703364,0.007405270244277746,0.0,-0.0012890622932074094,9310429.0,122620.0,1058281808.5405,23616096.604000002,XLE,VDE,Energy
2018-07-09,4.341204640153626,4.667487492052953,76.8,106.43,0.014933,0.016038,0.0,0.0,0.014933262851856746,0.0160381861575179,0.0,-0.001104923305661155,11059160.0,161599.0,1057544159.8155,23828404.788500004,XLE,VDE,Energy
2018-07-10,4.348599108561364,4.673762977453703,77.37,107.1,0.007422,0.006295,0.0,0.0,0.007421875,0.006295217513858874,0.0,0.0011266574861411253,11003761.0,201242.0,1058688001.1389999,24121161.9565,XLE,VDE,Energy
2018-07-11,4.327174383125731,4.651672019639511,75.73,104.76,-0.021197,-0.021849,0.0,0.0,-0.02119684632286416,-0.021848739495798318,0.0,0.0006518931729341572,19362770.0,176866.0,1071760068.2564999,23930080.717,XLE,VDE,Energy
2018-07-12,4.3288895362607525,4.652530757347929,75.86,104.85,0.001717,0.000859,0.0,0.0,0.0017166248514459263,0.000859106529209622,0.0,0.0008575183222363043,12568031.0,262311.0,1071660062.8135,24279083.7595,XLE,VDE,Energy
2018-07-13,4.334148554429418,4.65757286478114,76.26,105.38,0.005273,0.005055,0.0,0.0,0.005272871078302136,0.005054840247973295,0.0,0.00021803083032884054,11423091.0,108338.0,1075950475.573,24035247.909,XLE,VDE,Energy
2018-07-16,4.3225419878389895,4.645448032486661,75.38,104.11,-0.01154,-0.012052,0.0,0.0,-0.011539470233412012,-0.012051622698804327,0.0,0.0005121524653923151,11390744.0,187657.0,1059214660.9345,23229958.6955,XLE,VDE,Energy
2018-07-17,4.3185542117183084,4.6417913694437365,75.08,103.73,-0.00398,-0.00365,0.0,0.0,-0.003979835500132661,-0.0036499855921621363,0.0,-0.00032984990797052484,9753183.0,245249.0,1046446044.5904999,23495631.120500002,XLE,VDE,Energy
2018-07-18,4.319219946381069,4.643236386794547,75.13,103.88,0.000666,0.001446,0.0,0.0,0.0006659563132658498,0.001446061891448954,0.0,-0.0007801055781831042,15351520.0,259217.0,1056999263.8425001,24039363.6985,XLE,VDE,Energy
2018-07-19,4.319486116198983,4.6437175956003305,75.15,103.93,0.000266,0.000481,0.0,0.0,0.0002662052442433116,0.00048132460531382363,0.0,-0.00021511936107051203,16231809.0,160223.0,1074239745.398,23788101.935500003,XLE,VDE,Energy
2018-07-20,4.316020370261276,4.639088404191552,74.89,103.45,-0.00346,-0.004619,0.0,0.0,-0.0034597471723220225,-0.004618493216588088,0.0,0.0011587460442660656,10861317.0,102527.0,1059613858.4405,23483178.170500003,XLE,VDE,Energy
2018-07-23,4.311604170377335,4.635505385784164,74.56,103.08,-0.004406,-0.003577,0.0,0.0,-0.004406462812124449,-0.0035766070565490574,0.0,-0.0008298557555753918,7623849.0,107361.0,981657202.9475,22899816.7555,XLE,VDE,Energy
2018-07-24,4.324132656254979,4.646599995751231,75.5,104.23,0.012607,0.011156,0.0,0.0,0.012607296137339056,0.01115638339154055,0.0,0.001450912745798505,10168500.0,101399.0,952366860.1574999,22337732.544,XLE,VDE,Energy
2018-07-25,4.332442405318121,4.656148430752721,76.13,105.23,0.008344,0.009594,0.0,0.0,0.008344370860927153,0.009594166746618057,0.0,-0.001249795885690904,11037546.0,243994.0,943937846.96,22758519.491,XLE,VDE,Energy
2018-07-26,4.343285806357451,4.664947390023952,76.96,106.16,0.010902,0.008838,0.0,0.0,0.010902403783002758,0.008837783901929108,0.0,0.00206461988107365,12187385.0,232674.0,913058766.7590001,22727596.326,XLE,VDE,Energy
2018-07-27,4.3389886449823125,4.658426552288523,76.63,105.47,-0.004288,-0.0065,0.0,0.0,-0.004287941787941788,-0.006499623210248681,0.0,0.0022116814223068926,12642806.0,143851.0,907593841.8,21937508.5145,XLE,VDE,Energy
2018-07-30,4.347176357238135,4.668332760945732,77.26,106.52,0.008221,0.009955,0.0,0.0,0.008221323241550307,0.009955437565184412,0.0,-0.0017341143236341058,11394997.0,150222.0,901614058.4219999,19557680.9425,XLE,VDE,Energy
2018-07-31,4.34536265030229,4.665512414994253,77.12,106.22,-0.001812,-0.002816,-374032000.0,5417220.0,-0.020728661425554344,-0.0016105596090869255,-379449220.0,-0.01911810181646742,11290711.0,300209.0,887926635.265,19662283.259,XLE,VDE,Energy
2018-08-01,4.331391018705302,4.653484046266642,76.05,104.95,-0.013875,-0.011956,0.0,0.0,-0.01387448132780083,-0.011956317077763134,0.0,-0.0019181642500376954,11172625.0,189901.0,895369909.511,19469687.780500002,XLE,VDE,Energy
2018-08-02,4.325853029867938,4.649378440652412,75.63,104.52,-0.005523,-0.004097,0.0,0.0,-0.005522682445759369,-0.004097189137684611,0.0,-0.0014254933080747574,9689758.0,208062.0,894521285.4994999,19247885.5975,XLE,VDE,Energy
2018-08-03,4.32068300443283,4.64477544058045,75.24,104.04,-0.005157,-0.004592,0.0,0.0,-0.005156683855612852,-0.004592422502870264,0.0,-0.0005642613527425877,7663337.0,132659.0,888124751.1719999,19295755.4655,XLE,VDE,Energy
2018-08-06,4.324397521837245,4.649091373046019,75.52,104.49,0.003721,0.004325,0.0,0.0,0.003721424774056353,0.004325259515570935,0.0,-0.0006038347415145816,8200093.0,125300.0,876621127.9399999,19090436.237,XLE,VDE,Energy
2018-08-07,4.331785418237135,4.655102554736301,76.08,105.12,0.007415,0.006029,0.0,0.0,0.007415254237288136,0.006029285099052541,0.0,0.0013859691382355948,11798340.0,255309.0,878933963.8715,19354689.431,XLE,VDE,Energy
2018-08-08,4.324529928325356,4.64736723468788,75.53,104.31,-0.007229,-0.007706,0.0,0.0,-0.007229232386961094,-0.007705479452054794,0.0,0.00047624706509370035,9401055.0,119208.0,841119919.474,19049994.647,XLE,VDE,Energy
2018-08-09,4.315218874092267,4.638895055389712,74.83,103.43,-0.009268,-0.008436,0.0,0.0,-0.009267840593141797,-0.00843639152526124,0.0,-0.0008314490678805568,15232467.0,156067.0,850441653.1715,18481929.720000003,XLE,VDE,Energy
2018-08-10,4.321347323862031,4.644487048365042,75.29,104.01,0.006147,0.005608,0.0,0.0,0.006147267138848056,0.005607657352798994,0.0,0.0005396097860490617,16977728.0,130264.0,870798064.2444999,18588534.73,XLE,VDE,Energy
2018-08-13,4.308514638737202,4.63035048451839,74.33,102.55,-0.012751,-0.014037,0.0,0.0,-0.0127506973037588,-0.014037111816171522,0.0,0.001286414512412723,9817144.0,165360.0,864351765.7844999,18459569.616499998,XLE,VDE,Energy
2018-08-14,4.310933344565636,4.633563260489309,74.51,102.88,0.002422,0.003218,0.0,0.0,0.002421633257096731,0.0032179424670892246,0.0,-0.0007963092099924937,10437874.0,220015.0,866624616.3895,18319342.838,XLE,VDE,Energy
2018-08-15,4.275415337114403,4.596532992592428,71.91,99.14,-0.034895,-0.036353,0.0,0.0,-0.03489464501409207,-0.03635303265940902,0.0,0.0014583876453169511,26400448.0,537028.0,903879442.2935,19635017.536000002,XLE,VDE,Energy
2018-08-16,4.282620578207235,4.604269780744927,72.43,99.91,0.007231,0.007767,0.0,0.0,0.00723126129884578,0.007766794432116199,0.0,-0.0005355331332704194,25013734.0,685395.0,933475657.657,22226309.439000003,XLE,VDE,Energy
2018-08-17,4.285102653392156,4.607467545036775,72.61,100.23,0.002485,0.003203,0.0,0.0,0.0024851580836669886,0.0032028825943349014,0.0,-0.0007177245106679128,11532984.0,160509.0,934675954.5625,22500379.384999998,XLE,VDE,Energy
2018-08-20,4.291828366755733,4.615318517039906,73.1,101.02,0.006748,0.007882,0.0,0.0,0.006748381765597025,0.007881871695101267,0.0,-0.0011334899295042415,8345742.0,192124.0,936757932.5005001,22917459.115000002,XLE,VDE,Energy
2018-08-21,4.296877159632186,4.621633912018757,73.47,101.66,0.005062,0.006335,0.0,0.0,0.00506155950752394,0.006335379132844981,0.0,-0.0012738196253210413,9509139.0,248990.0,933303667.117,23654634.3965,XLE,VDE,Energy
2018-08-22,4.308783672906164,4.63463189613771,74.35,102.99,0.011978,0.013083,0.0,0.0,0.011977677963794746,0.013082825103285461,0.0,-0.0011051471394907149,9345383.0,211559.0,926030709.5705,23460283.036000002,XLE,VDE,Energy
2018-08-23,4.30406509320417,4.630155438682,74.0,102.53,-0.004707,-0.004466,0.0,0.0,-0.004707464694014795,-0.004466453053694534,0.0,-0.0002410116403202614,6468894.0,186082.0,903068559.8904998,23179198.816999998,XLE,VDE,Energy
2018-08-24,4.311335894051113,4.637443746538387,74.54,103.28,0.007297,0.007315,0.0,0.0,0.007297297297297297,0.0073149322149614745,0.0,-1.7634917664177165e-05,7753284.0,169002.0,883524138.1695,23293326.8965,XLE,VDE,Energy
2018-08-27,4.318687394111793,4.6441985729555695,75.09,103.98,0.007379,0.006778,0.0,0.0,0.007378588677220284,0.006777691711851278,0.0,0.0006008969653690062,6984879.0,481125.0,865729992.964,24994613.3995,XLE,VDE,Energy
2018-08-28,4.314416735011824,4.639185064575369,74.77,103.46,-0.004262,-0.005001,0.0,0.0,-0.004261552803302703,-0.005000961723408348,0.0,0.0007394089201056449,8393479.0,157828.0,853572032.5895001,24216647.6445,XLE,VDE,Energy
2018-08-29,4.32055008757213,4.646312129319266,75.23,104.2,0.006152,0.007153,0.0,0.0,0.006152200080246088,0.007152522714092403,0.0,-0.0010003226338463154,7760446.0,171140.0,840279043.656,24111781.547,XLE,VDE,Energy
2018-08-30,4.317754744653741,4.6430438384161725,75.02,103.86,-0.002792,-0.003263,0.0,0.0,-0.002791439585271833,-0.0032629558541266796,0.0,0.00047151626885484675,9250541.0,138891.0,838336003.0699999,23745710.498,XLE,VDE,Energy
2018-08-31,4.30999343177405,4.635505385784164,74.44,103.08,-0.007731,-0.00751,-908168000.0,-51540000.0,-0.0559468514729663,-0.01926194970248076,-856628000.0,-0.036684901770485535,8909659.0,229989.0,842668280.0740001,24240981.685999997,XLE,VDE,Energy
2018-09-04,4.307841736484505,4.632006839941651,74.28,102.72,-0.002149,-0.003492,0.0,0.0,-0.0021493820526598604,-0.0034924330616996507,0.0,0.0013430510090397902,15094743.0,252275.0,867766604.408,24882036.235999998,XLE,VDE,Energy
2018-09-05,4.306494572061445,4.629667657588479,74.18,102.48,-0.001346,-0.002336,0.0,0.0,-0.0013462574044157242,-0.002336448598130841,0.0,0.0009901911937151167,9598117.0,174658.0,858485135.0009999,24435079.724,XLE,VDE,Energy
2018-09-06,4.2878533084066195,4.609162207257629,72.81,100.4,-0.018469,-0.020297,0.0,0.0,-0.01846858991641952,-0.02029664324746292,0.0,0.0018280533310434006,14406402.0,158088.0,875428557.2744999,24606952.16,XLE,VDE,Energy
2018-09-07,4.28771595520264,4.609361390606559,72.8,100.42,-0.000137,0.000199,0.0,0.0,-0.0001373437714599643,0.00019920318725099602,0.0,-0.0003365469587109603,10134371.0,182923.0,855325392.4339999,24718308.0525,XLE,VDE,Energy
2018-09-10,4.287303782358995,4.608962984226787,72.77,100.38,-0.000412,-0.000398,0.0,0.0,-0.0004120879120879121,-0.00039832702648874725,0.0,-1.3760885599164833e-05,8911663.0,115760.0,823837821.2035,24621869.5605,XLE,VDE,Energy
2018-09-11,4.296741040391521,4.620846665373099,73.46,101.58,0.009482,0.011955,0.0,0.0,0.009481929366497183,0.011954572624028692,0.0,-0.0024726432575315083,14281571.0,135091.0,839808615.8104999,24460113.3495,XLE,VDE,Energy
2018-09-12,4.301900590194597,4.626638092603332,73.84,102.17,0.005173,0.005808,0.0,0.0,0.0051728832017424444,0.005808229966528845,0.0,-0.0006353467647864002,12689419.0,177712.0,847771651.1715,24236197.9415,XLE,VDE,Energy
2018-09-13,4.302306791540646,4.625658852415407,73.87,102.07,0.000406,-0.000979,0.0,0.0,0.00040628385698808235,-0.000978760888714999,0.0,0.0013850447457030813,11037449.0,283401.0,793615658.2689999,23020487.148999996,XLE,VDE,Energy
2018-09-14,4.307572448748934,4.631032845513819,74.26,102.62,0.00528,0.005388,0.0,0.0,0.0052795451468796535,0.005388458900754497,0.0,-0.00010891375387484317,9494340.0,141973.0,738280905.008,20325059.8895,XLE,VDE,Energy
2018-09-17,4.309187088496924,4.631812116934513,74.38,102.7,0.001616,0.00078,0.0,0.0,0.0016159439806086723,0.0007795751315533034,0.0,0.0008363688490553689,14728899.0,404407.0,751187181.977,21597298.981,XLE,VDE,Energy
2018-09-18,4.315753276242594,4.6398614257780215,74.87,103.53,0.006588,0.008082,0.0,0.0,0.006587792417316483,0.008081791626095423,0.0,-0.0014939992087789405,10223473.0,121661.0,758955066.1425,21256658.8235,XLE,VDE,Energy
2018-09-19,4.318820558770089,4.644487048365042,75.1,104.01,0.003072,0.004636,0.0,0.0,0.003071991451849873,0.004636337293538105,0.0,-0.001564345841688232,10911537.0,93858.0,764996065.461,20479151.182499997,XLE,VDE,Energy
2018-09-20,4.319086834900007,4.644679319082804,75.12,104.03,0.000266,0.000192,0.0,0.0,0.0002663115845539281,0.00019228920296125374,0.0,7.402238159267435e-05,12512374.0,119643.0,777251080.9024999,20012051.1765,XLE,VDE,Energy
2018-09-21,4.318820558770089,4.651003602331263,75.1,104.69,0.006565,0.006344,0.0,0.0,-0.00026624068157614486,0.0063443237527636255,0.0,-0.00661056443433977,13710102.0,184766.0,804797606.1125,20025259.4305,XLE,VDE,Energy
2018-09-24,4.333361462692601,4.660321030452939,76.2,105.67,0.014647,0.015821,0.0,0.0,0.014647137150466045,0.009360970484286942,0.0,0.005286166666179103,12784505.0,260877.0,824610080.6945,20530876.732,XLE,VDE,Energy
2018-09-25,4.339771321776768,4.665700685728123,76.69,106.24,0.006431,0.005394,0.0,0.0,0.006430446194225722,0.005394151604050345,0.0,0.0010362945901753766,13027568.0,173085.0,848339561.9849999,18948935.377,XLE,VDE,Energy
2018-09-26,4.330075229041782,4.655102554736301,75.95,105.12,-0.009649,-0.010542,0.0,0.0,-0.009649237188681705,-0.010542168674698794,0.0,0.000892931486017089,12728563.0,125751.0,865297258.7360001,18793438.389,XLE,VDE,Energy
2018-09-27,4.330075229041782,4.656908381392506,75.95,105.31,0.0,0.001807,0.0,0.0,0.0,0.0018074581430745813,0.0,-0.0018074581430745813,10672146.0,170018.0,876633815.542,18797028.768,XLE,VDE,Energy
2018-09-28,4.327306422473649,4.655007420835263,75.74,105.11,-0.002765,-0.001899,253728999.99999997,-55182750.0,0.011220376521505718,-0.014457041704513963,308911750.0,0.025677418226019683,14833073.0,288548.0,898107883.702,19592231.819,XLE,VDE,Energy
2018-10-01,4.3410744233424525,4.668895876868636,76.79,106.58,0.013863,0.013985,0.0,0.0,0.013863216266173753,0.013985348682332794,0.0,-0.00012213241615904175,12712910.0,224587.0,913757350.849,19603692.636,XLE,VDE,Energy
2018-10-02,4.34211568336104,4.668802046232865,76.87,106.57,0.001042,-9.4e-05,0.0,0.0,0.0010418023180101576,-9.382623381497467e-05,0.0,0.0011356285518251323,9468650.0,133911.0,894088231.622,19021552.9995,XLE,VDE,Energy
2018-10-03,4.350148895775859,4.678513580212301,77.49,107.61,0.008066,0.009759,0.0,0.0,0.00806556524001561,0.0097588439523318,0.0,-0.0016932787123161899,13244803.0,308584.0,909805804.8925002,19786941.6195,XLE,VDE,Energy
2018-10-04,4.346010780469512,4.671519566529625,77.17,106.86,-0.00413,-0.00697,0.0,0.0,-0.004129565105174861,-0.006969612489545581,0.0,0.00284004738437072,15192738.0,153205.0,915980477.9844999,19811914.1745,XLE,VDE,Energy
2018-10-05,4.345881188037528,4.670864289183454,77.16,106.79,-0.00013,-0.000655,0.0,0.0,-0.0001295840352468576,-0.0006550626988583193,0.0,0.0005254786636114617,11983237.0,152739.0,925322695.8905001,19709007.682000004,XLE,VDE,Energy
2018-10-08,4.345103280569283,4.6709579265260945,77.1,106.8,-0.000778,9.4e-05,0.0,0.0,-0.0007776049766718507,9.364172675344133e-05,0.0,-0.000871246703425292,11578674.0,140896.0,937533398.3349998,19880392.882,XLE,VDE,Energy
2018-10-09,4.354012888218683,4.680277658474897,77.79,107.8,0.008949,0.009363,0.0,0.0,0.00894941634241245,0.009363295880149813,0.0,-0.00041387953773736226,16817008.0,176236.0,950486940.6679999,20144177.733,XLE,VDE,Energy
2018-10-10,4.3221439250725044,4.642369626977198,75.35,103.79,-0.031367,-0.037199,0.0,0.0,-0.0313664995500707,-0.037198515769944235,0.0,0.0058320162198735315,26405265.0,295243.0,1003119441.6074998,20768499.5295,XLE,VDE,Energy
2018-10-11,4.28771595520264,4.611251656303959,72.8,100.61,-0.033842,-0.030639,0.0,0.0,-0.0338420703384207,-0.03063878986414887,0.0,-0.003203280474271833,35592112.0,450844.0,1091907911.406,21590133.268,XLE,VDE,Energy
2018-10-12,4.290459441148391,4.615714399863762,73.0,101.06,0.002747,0.004473,0.0,0.0,0.0027472527472527475,0.004472716429778352,0.0,-0.0017254636825256042,23578960.0,307926.0,1142718630.986,22417619.883,XLE,VDE,Energy
2018-10-15,4.28206816830505,4.609759638321899,72.39,100.46,-0.008356,-0.005937,0.0,0.0,-0.008356164383561644,-0.005937067088858218,0.0,-0.002419097294703425,11590374.0,228241.0,1129893214.298,21487444.481,XLE,VDE,Energy
2018-10-16,4.2903224454635405,4.619368905387905,72.99,101.43,0.008288,0.009656,0.0,0.0,0.008288437629506838,0.009655584312164277,0.0,-0.001367146682657439,14571389.0,163010.0,1144799927.2779999,21684371.5295,XLE,VDE,Energy
2018-10-17,4.284000269375321,4.610854002456389,72.53,100.57,-0.006302,-0.008479,0.0,0.0,-0.0063022331826277575,-0.008478753820368954,0.0,0.002176520637741196,15804298.0,200647.0,1161141392.54,22205216.44,XLE,VDE,Energy
2018-10-18,4.279024447084182,4.603969465411573,72.17,99.88,-0.004963,-0.006861,0.0,0.0,-0.004963463394457466,-0.006860892910410545,0.0,0.0018974295159530788,16587091.0,219346.0,1173999433.6694999,22678307.2995,XLE,VDE,Energy
2018-10-19,4.270116942120293,4.595927604621159,71.53,99.08,-0.008868,-0.00801,0.0,0.0,-0.008867950672024387,-0.008009611533840609,0.0,-0.0008583391381837783,13568442.0,261007.0,1171045533.4725,23004178.3505,XLE,VDE,Energy
2018-10-22,4.259011183777335,4.584559232083967,70.74,97.96,-0.011044,-0.011304,0.0,0.0,-0.011044317069761049,-0.011303996770286755,0.0,0.00025967970052570566,12294486.0,284177.0,1165822166.4045,23017733.667000003,XLE,VDE,Energy
2018-10-23,4.232511029605105,4.5560849782976,68.89,95.21,-0.026152,-0.028073,0.0,0.0,-0.02615210630477795,-0.02807268272764394,0.0,0.001920576422865989,26477733.0,307376.0,1207070508.2269998,23561569.595,XLE,VDE,Energy
2018-10-24,4.192227188023968,4.513822146528786,66.17,91.27,-0.039483,-0.041382,0.0,0.0,-0.03948323414138482,-0.041382207751286516,0.0,0.0018989736099016968,28100195.0,777699.0,1251703285.392,26449651.7255,XLE,VDE,Energy
2018-10-25,4.204394067366058,4.5266679578331335,66.98,92.45,0.012241,0.012929,0.0,0.0,0.012241196917032007,0.012928673167524926,0.0,-0.0006874762504929192,25333570.0,379113.0,1296017936.8869998,27306871.788999997,XLE,VDE,Energy
2018-10-26,4.196901150547193,4.518631424570852,66.48,91.71,-0.007465,-0.008004,0.0,0.0,-0.00746491489997014,-0.008004326663061239,0.0,0.000539411763091099,25579939.0,408663.0,1324872806.672,27664331.9615,XLE,VDE,Energy
2018-10-29,4.178072777752813,4.498475447317128,65.24,89.88,-0.018652,-0.019954,0.0,0.0,-0.018652226233453906,-0.019954203467451626,0.0,0.0013019772339977198,24459846.0,385514.0,1355849606.3790002,28200007.7545,XLE,VDE,Energy
2018-10-30,4.200954297280359,4.519830138821076,66.75,91.82,0.023145,0.021584,0.0,0.0,0.023145309625996445,0.02158433466844669,0.0,0.0015609749575497545,26397352.0,422208.0,1407558012.404,29424819.919,XLE,VDE,Energy
2018-10-31,4.20707783220934,4.525910505002459,67.16,92.38,0.006142,0.006099,-302220000.0,-46190000.0,-0.012549634312548907,-0.006110456157316763,-256030000.0,-0.006439178155232144,17287796.0,353124.0,1414293442.1485,29395563.463,XLE,VDE,Energy
2018-11-01,4.215529213226812,4.535820107853298,67.73,93.3,0.008487,0.009959,0.0,0.0,0.008487194758784991,0.009958865555315003,0.0,-0.0014716707965300117,21475811.0,198057.0,1428400096.527,29500925.053000003,XLE,VDE,Energy
2018-11-02,4.2130160919396,4.532384416262439,67.56,92.98,-0.00251,-0.00343,0.0,0.0,-0.002509966041635907,-0.0034297963558413717,0.0,0.0009198303142054646,21212484.0,183306.0,1453824539.133,29537564.7565,XLE,VDE,Energy
2018-11-05,4.2296036282257905,4.549128795104466,68.69,94.55,0.016726,0.016885,0.0,0.0,0.016725873297809356,0.01688535168853517,0.0,-0.0001594783907258139,13231630.0,178694.0,1454632784.098,29629956.0015,XLE,VDE,Energy
2018-11-06,4.234251421632511,4.5512418439625355,69.01,94.75,0.004659,0.002115,0.0,0.0,0.004658611151550561,0.0021152829190904283,0.0,0.002543328232460133,13072117.0,187677.0,1434328371.1905,29569163.748999994,XLE,VDE,Energy
2018-11-07,4.2504932447120325,4.567779796769532,70.14,96.33,0.016374,0.016676,0.0,0.0,0.016374438487175652,0.016675461741424803,0.0,-0.00030102325424915047,16663206.0,209331.0,1393284398.7450001,29045242.962,XLE,VDE,Energy
2018-11-08,4.228584037430304,4.544889255103161,68.62,94.15,-0.021671,-0.022631,0.0,0.0,-0.021670943826632334,-0.02263054084916433,0.0,0.0009595970225319966,15145350.0,171150.0,1315692806.915,27582960.845,XLE,VDE,Energy
2018-11-09,4.22683374526818,4.542230386214217,68.5,93.9,-0.001749,-0.002655,0.0,0.0,-0.0017487612940834743,-0.0026553372278279343,0.0,0.00090657593374446,22917818.0,210810.0,1308123129.565,27016763.717,XLE,VDE,Energy
2018-11-12,4.205885936955008,4.519612297626445,67.08,91.8,-0.02073,-0.022364,0.0,0.0,-0.02072992700729927,-0.022364217252396165,0.0,0.0016342902450968942,18041630.0,173147.0,1326683397.892,26665053.904,XLE,VDE,Energy
2018-11-13,4.182660643270669,4.494797128506721,65.54,89.55,-0.022958,-0.02451,0.0,0.0,-0.022957662492546094,-0.024509803921568627,0.0,0.0015521414290225327,32732140.0,351899.0,1380768336.5165,27413976.4615,XLE,VDE,Energy
2018-11-14,4.180980868881647,4.4933443708058345,65.43,89.42,-0.001678,-0.001452,0.0,0.0,-0.0016783643576441865,-0.0014517029592406477,0.0,-0.00022666139840353886,22542111.0,422357.0,1397200565.9559999,28293381.169,XLE,VDE,Energy
2018-11-15,4.195546442731068,4.5103099049641315,66.39,90.95,0.014672,0.01711,0.0,0.0,0.01467216872994027,0.017110266159695818,0.0,-0.0024380974297555473,15674240.0,369416.0,1389376687.7625003,28877886.505000003,XLE,VDE,Energy
2018-11-16,4.207375584184147,4.519503359231,67.18,91.79,0.011899,0.009236,0.0,0.0,0.011899382437114144,0.009235843870258513,0.0,0.00266353856685563,19755466.0,179021.0,1407207765.2435,28406474.7065,XLE,VDE,Energy
2018-11-19,4.20707783220934,4.518413322061809,67.16,91.69,-0.000298,-0.001089,0.0,0.0,-0.0002977076510867523,-0.00108944329447665,0.0,0.0007917356433898976,15583829.0,224742.0,1416052666.0435002,28044905.459499996,XLE,VDE,Energy
2018-11-20,4.173771695853422,4.483115539980786,64.96,88.51,-0.032758,-0.034682,0.0,0.0,-0.032757593805836926,-0.03468208092485549,0.0,0.0019244871190185614,26324382.0,472860.0,1410351707.461,28674283.9415,XLE,VDE,Energy
2018-11-21,4.1893516658004355,4.500254016038531,65.98,90.04,0.015702,0.017286,0.0,0.0,0.01570197044334988,0.017286182352276712,0.0,-0.0015842119089268317,17330943.0,313788.0,1374556993.2605,26537928.131,XLE,VDE,Energy
2018-11-23,4.157475843662191,4.466942066704648,63.91,87.09,-0.031373,-0.032763,0.0,0.0,-0.03137314337678084,-0.03276321634828978,0.0,0.001390072971508935,14421770.0,261528.0,1335799633.3655,25924301.964500003,XLE,VDE,Energy
2018-11-26,4.172385267224964,4.483454427303995,64.87,88.54,0.015021,0.01665,0.0,0.0,0.01502112345485852,0.016649443104834214,0.0,-0.0016283196499756944,16682750.0,540047.0,1304882415.7545,26441165.847,XLE,VDE,Energy
2018-11-27,4.169606630055894,4.479720335270676,64.69,88.21,-0.002775,-0.003727,0.0,0.0,-0.0027747803298906735,-0.003727128981251676,0.0,0.0009523486513610025,22264294.0,430838.0,1297108257.0455,26608876.93,XLE,VDE,Energy
2018-11-28,4.186619838331271,4.4956900853692705,65.8,89.63,0.017159,0.016098,0.0,0.0,0.017158757149482146,0.01609794807844929,0.0,0.001060809071032856,21148228.0,397713.0,1278584764.8655,26452870.8115,XLE,VDE,Energy
2018-11-29,4.193133532496888,4.502472787749749,66.23,90.24,0.006535,0.006806,0.0,0.0,0.006534954407294833,0.006805757001004128,0.0,-0.00027080259370929494,14414463.0,246900.0,1268265840.122,25935803.8555,XLE,VDE,Energy
2018-11-30,4.191320021345486,4.497139441774387,66.11,89.76,-0.001812,-0.005319,-181802500.0,0.0,-0.013358944863993345,-0.005319148936170213,-181802500.0,-0.008039795927823133,18129018.0,280279.0,1255463475.1694999,26269760.1025,XLE,VDE,Energy
2018-12-03,4.213312081286144,4.522005944727322,67.58,92.02,0.022236,0.025178,0.0,0.0,0.022235667826350024,0.02517825311942959,0.0,-0.002942585293079565,21994116.0,575422.0,1258125822.1815,28065087.1305,XLE,VDE,Energy
2018-12-04,4.18418526622189,4.491105229700119,65.64,89.22,-0.028707,-0.030428,0.0,0.0,-0.028706717963894644,-0.030428167789610956,0.0,0.0017214498257163112,18296515.0,246118.0,1272730951.1764998,28318243.6435,XLE,VDE,Energy
2018-12-06,4.1655793631505516,4.469923036580066,64.43,87.35,-0.018434,-0.02096,0.0,0.0,-0.01843388177940268,-0.0209594261376373,0.0,0.00252554435823462,35356073.0,852493.0,1341525200.6375,31152387.033500005,XLE,VDE,Energy
2018-12-07,4.15997623565093,4.464758032271346,64.07,86.9,-0.005587,-0.005152,0.0,0.0,-0.005587459258109827,-0.005151688609044075,0.0,-0.0004357706490657519,27445717.0,337390.0,1371009691.605,31610103.822000004,XLE,VDE,Energy
2018-12-10,4.14424522067556,4.446994751022215,63.07,85.37,-0.015608,-0.017606,0.0,0.0,-0.01560792882784442,-0.01760644418872267,0.0,0.0019985153608782485,23382779.0,666953.0,1392783589.3315,33651304.0775,XLE,VDE,Energy
2018-12-11,4.144562278382718,4.446877606993498,63.09,85.36,0.000317,-0.000117,0.0,0.0,0.00031710797526557794,-0.00011713716762328687,0.0,0.0004342451428888648,17241615.0,494443.0,1368678737.199,34771833.8515,XLE,VDE,Energy
2018-12-12,4.148517041110494,4.451785879088734,63.34,85.78,0.003963,0.00492,0.0,0.0,0.003962593120938342,0.0049203373945641985,0.0,-0.0009577442736258563,19267357.0,569370.0,1369186829.7979999,36419117.0515,XLE,VDE,Energy
2018-12-13,4.15166962884137,4.445118797839864,63.54,85.21,0.003158,0.001154,0.0,0.0,0.0031575623618566467,-0.006644905572394634,0.0,0.009802467934251281,15298973.0,388076.0,1310528444.2389998,36496887.077,XLE,VDE,Energy
2018-12-14,4.128584945376802,4.419803999007912,62.09,83.08,-0.02282,-0.024997,0.0,0.0,-0.022820270695624804,-0.024997066072057136,0.0,0.002176795376432332,22893814.0,431581.0,1307855773.6655002,36401316.404,XLE,VDE,Energy
2018-12-17,4.110217911378391,4.399989335048054,60.96,81.45,-0.018199,-0.01962,0.0,0.0,-0.0181993879851828,-0.019619643716899376,0.0,0.001420255731716575,20732300.0,2966598.0,1319017184.3855,46802867.499,XLE,VDE,Energy
2018-12-18,4.086312390524837,4.376134308969044,59.52,79.53,-0.023622,-0.023573,0.0,0.0,-0.023622047244094488,-0.023572744014732964,0.0,-4.930322936152337e-05,26616985.0,1011649.0,1331870721.4515002,50004072.868,XLE,VDE,Energy
2018-12-19,4.074481933125849,4.362843815257108,58.82,78.48,-0.011761,-0.013203,0.0,0.0,-0.011760752688172043,-0.013202565069784986,0.0,0.0014418123816129433,45548907.0,966844.0,1413499559.1564999,52767639.025,XLE,VDE,Energy
2018-12-20,4.046379057927225,4.334672938290411,57.19,76.3,-0.027712,-0.027778,0.0,0.0,-0.027711662699761986,-0.027777777777777776,0.0,6.611507801579028e-05,38504384.0,1497747.0,1438101252.4685001,56388901.9,XLE,VDE,Energy
2018-12-21,4.0273140497628805,4.3217457037889515,56.11,75.32,-0.009616,-0.012844,0.0,0.0,-0.018884420353208604,-0.01284403669724786,0.0,-0.006040383655960744,37394111.0,1782446.0,1485835649.9220002,61688919.96,XLE,VDE,Energy
2018-12-24,3.9860166853364722,4.281791848878036,53.84,72.37,-0.040456,-0.039166,0.0,0.0,-0.04045624665834967,-0.03916622411046188,0.0,-0.0012900225478877855,15605923.0,961759.0,1481762028.6030002,64030221.2255,XLE,VDE,Energy
2018-12-26,4.046379057927225,4.344194956364874,57.19,77.03,0.062221,0.064391,0.0,0.0,0.06222139673105498,0.06439132237114827,0.0,-0.002169925640093287,29096971.0,1786931.0,1510854317.5525,68521797.903,XLE,VDE,Energy
2018-12-27,4.0516110196351995,4.349503442968322,57.49,77.44,0.005246,0.005323,0.0,0.0,0.005245672320335723,0.00532260158379852,0.0,-7.69292634627966e-05,24377297.0,1543813.0,1508912998.836,72599230.84,XLE,VDE,Energy
2018-12-28,4.0439280763080845,4.339771321776768,57.05,76.69,-0.007654,-0.009685,0.0,0.0,-0.007653504957383893,-0.009684917355371902,0.0,0.0020314123979880087,19437424.0,1587700.0,1494780580.6759999,76904915.6805,XLE,VDE,Energy
2018-12-31,4.04917284357538,4.345232973844869,57.35,77.11,0.005259,0.005477,0.0,-19277500.0,0.0052585451358457495,-0.0006992485940078651,19277500.0,0.0059577937298536145,18705301.0,1508865.0,1500684537.069,81608331.88800001,XLE,VDE,Energy
2019-01-02,4.068684815441523,4.367166771766858,58.48,78.82,0.019704,0.022176,0.0,0.0,0.01970357454228422,0.022176112047723878,0.0,-0.0024725375054396592,24892646.0,468477.0,1513545164.974,82196707.593,XLE,VDE,Energy
2019-01-03,4.05871738457895,4.357733942104837,57.9,78.08,-0.009918,-0.009388,0.0,0.0,-0.009917920656634747,-0.009388480081197517,0.0,-0.0005294405754372299,18024052.0,423356.0,1491406677.55,81201972.795,XLE,VDE,Energy
2019-01-04,4.092175544937261,4.393831680123644,59.87,80.95,0.034024,0.036757,0.0,0.0,0.03402417962003454,0.03675717213114754,0.0,-0.0027329925111130027,21351479.0,458335.0,1495273167.7065,81959151.30950001,XLE,VDE,Energy
2019-01-07,4.106931677727572,4.410006521180839,60.76,82.27,0.014866,0.016306,0.0,0.0,0.014865542007683313,0.016306361951822113,0.0,-0.0014408199441387996,18056906.0,548992.0,1436230458.965,80494166.724,XLE,VDE,Energy
2019-01-08,4.114637265489863,4.418479096676194,61.23,82.97,0.007735,0.008509,0.0,0.0,0.007735352205398289,0.00850856934484016,0.0,-0.0007732171394418718,18692311.0,417515.0,1405534614.6820002,80760268.1515,XLE,VDE,Energy
2019-01-09,4.130354999745133,4.434144588935989,62.2,84.28,0.015842,0.015789,0.0,0.0,0.015841907561652786,0.01578883933952031,0.0,5.306822213247547e-05,18756783.0,339762.0,1390130616.2354999,79345136.339,XLE,VDE,Energy
2019-01-10,4.133244711179657,4.436633184164753,62.38,84.49,0.002894,0.002492,0.0,0.0,0.0028938906752411574,0.0024916943521594683,0.0,0.00040219632308168907,19167596.0,273300.0,1395525673.642,78389409.465,XLE,VDE,Energy
2019-01-11,4.127295662361787,4.430340494952432,62.01,83.96,-0.005931,-0.006273,0.0,0.0,-0.005931388265469702,-0.006272931707894565,0.0,0.00034154344242486295,14105948.0,204078.0,1378241445.797,76804100.979,XLE,VDE,Energy
2019-01-14,4.124873767256924,4.4275973362163406,61.86,83.73,-0.002419,-0.002739,0.0,0.0,-0.0024189646831156266,-0.002739399714149455,0.0,0.0003204350310338283,13191739.0,248304.0,1370438657.303,76190227.877,XLE,VDE,Energy
2019-01-15,4.128423875874963,4.432600920636815,62.08,84.15,0.003556,0.005016,0.0,0.0,0.003556417717426447,0.005016123253314225,0.0,-0.0014597055358877777,9821467.0,299171.0,1329850645.308,75656202.3855,XLE,VDE,Energy
2019-01-16,4.127134385045092,4.431054865741236,62.0,84.02,-0.001289,-0.001545,0.0,0.0,-0.001288659793814433,-0.0015448603683897802,0.0,0.0002562005745753472,12541129.0,228810.0,1305536094.808,64535962.84050001,XLE,VDE,Energy
2019-01-17,4.136285930010272,4.440059665924491,62.57,84.78,0.009194,0.009045,0.0,0.0,0.009193548387096774,0.009045465365389194,0.0,0.00014808302170758042,10174827.0,269159.0,1258155893.7175,61654105.59300001,XLE,VDE,Energy
2019-01-18,4.1563799531415535,4.460028800318421,63.84,86.49,0.020297,0.02017,0.0,0.0,0.020297267060891803,0.020169851380042462,0.0,0.00012741568084934096,14531758.0,351606.0,1170581929.7665,59380729.88399999,XLE,VDE,Energy
2019-01-22,4.134366236571586,4.435093355610574,62.45,84.36,-0.021773,-0.024627,0.0,0.0,-0.021773182957393483,-0.02462712452306625,0.0,0.0028539415656727678,19863168.0,556083.0,1122501385.7985,56012383.173,XLE,VDE,Energy
2019-01-23,4.124065163671182,4.4246070822090005,61.81,83.48,-0.010248,-0.010432,0.0,0.0,-0.010248198558847078,-0.010431484115694643,0.0,0.00018328555684756463,23367653.0,360913.0,1089809938.9845,50806142.399000004,XLE,VDE,Energy
2019-01-24,4.129389903964901,4.430816798843313,62.14,84.0,0.005339,0.006229,0.0,0.0,0.005338941918783369,0.006229036895064686,0.0,-0.0008900949762813172,13049182.0,262437.0,1088342602.7424998,48428252.8575,XLE,VDE,Energy
2019-01-25,4.1420229975388425,4.444296960400006,62.93,85.14,0.012713,0.013571,0.0,0.0,0.012713228194399743,0.013571428571428571,0.0,-0.0008582003770288282,10233586.0,285083.0,1037339792.517,42759486.442,XLE,VDE,Energy
2019-01-28,4.131961425793407,4.43366986782572,62.3,84.24,-0.010011,-0.010571,0.0,0.0,-0.010011123470522803,-0.010570824524312896,0.0,0.0005597010537900932,12022744.0,345783.0,1004718099.8504999,38238280.502,XLE,VDE,Energy
2019-01-29,4.135006543940991,4.436633184164753,62.49,84.49,0.00305,0.002968,0.0,0.0,0.0030497592295345103,0.0029677113010446346,0.0,8.204792848987572e-05,11884145.0,338978.0,986404858.9429998,33582257.413,XLE,VDE,Energy
2019-01-30,4.148990563335426,4.45143608604605,63.37,85.75,0.014082,0.014913,0.0,0.0,0.014082253160505681,0.014913007456503728,0.0,-0.0008307542959980468,12116611.0,521028.0,971158890.2789999,29998735.9555,XLE,VDE,Energy
2019-01-31,4.155439661581911,4.455973879625964,63.78,86.14,0.00647,0.004548,-1591311000.0,51684000.0,-0.10039901285067121,0.019447958189081457,-1642995000.0,-0.11984697103975267,17844177.0,710673.0,955277873.8280001,31213336.709500004,XLE,VDE,Energy
2019-02-01,4.1726935286330775,4.4725526613732525,64.89,87.58,0.017404,0.016717,0.0,0.0,0.017403574788334902,0.016716972370559555,0.0,0.000686602417775347,14772410.0,470623.0,951027327.533,31621413.002499998,XLE,VDE,Energy
2019-02-04,4.175002465239555,4.475858449507752,65.04,87.87,0.002312,0.003311,0.0,0.0,0.0023116042533519662,0.0033112582781456954,0.0,-0.0009996540247937291,10108051.0,382410.0,919983056.9984999,31446420.425,XLE,VDE,Energy
2019-02-05,4.176538799848087,4.47597224751641,65.14,87.88,0.001537,0.000114,0.0,0.0,0.0015375153751536117,0.00011380448389666553,0.0,0.0014237108912569462,7852677.0,328684.0,890702345.5595001,30632379.328999996,XLE,VDE,Energy
2019-02-06,4.169142772297287,4.468548308445127,64.66,87.23,-0.007369,-0.007396,0.0,0.0,-0.00736874424316856,-0.0073964497041420114,0.0,2.7705460973451515e-05,6803809.0,339180.0,855472549.9300001,30379651.921499997,XLE,VDE,Energy
2019-02-07,4.146778872070522,4.444531840025279,63.23,85.16,-0.022116,-0.02373,0.0,0.0,-0.022115682029075164,-0.023730367992663075,0.0,0.001614685963587912,14600475.0,397621.0,843298356.5125,30640965.071499996,XLE,VDE,Energy
2019-02-08,4.142181891636261,4.4398237334000985,62.94,84.76,-0.004586,-0.004697,0.0,0.0,-0.004586430491855132,-0.004697040864255519,0.0,0.00011061037240038714,10634406.0,351126.0,816981100.2705001,30974481.209499996,XLE,VDE,Energy
2019-02-11,4.146937012341271,4.445588116163626,63.24,85.25,0.004766,0.005781,0.0,0.0,0.004766444232602479,0.005781028787163757,0.0,-0.0010145845545612778,12497386.0,211575.0,812762343.0285,31019600.202999998,XLE,VDE,Energy
2019-02-12,4.159507888128514,4.457829598089382,64.04,86.3,0.01265,0.012317,0.0,0.0,0.012650221378874274,0.012316715542521995,0.0,0.00033350583635227866,10677292.0,298153.0,806148983.2855,31266605.702000003,XLE,VDE,Energy
2019-02-13,4.171922696867475,4.470724089435168,64.84,87.42,0.012492,0.012978,0.0,0.0,0.012492192379762505,0.012977983777520278,0.0,-0.0004857913977577722,13061653.0,352703.0,818009028.7435,31549508.532500006,XLE,VDE,Energy
2019-02-14,4.175463613506893,4.474833684260088,65.07,87.78,0.003547,0.004118,0.0,0.0,0.0035471930906846223,0.004118050789293068,0.0,-0.000570857698608446,10213409.0,307182.0,812360855.025,31936499.520499997,XLE,VDE,Energy
2019-02-15,4.191471272952824,4.491777498633001,66.12,89.28,0.016137,0.017088,0.0,0.0,0.016136468418626378,0.017088174982911826,0.0,-0.0009517065642854483,10183838.0,377148.0,814196677.1835,32479123.1915,XLE,VDE,Energy
2019-02-19,4.1944915108270395,4.495578509357997,66.32,89.62,0.003025,0.003808,0.0,0.0,0.0030248033877795194,0.0038082437275985663,0.0,-0.0007834403398190469,8721631.0,517612.0,796732234.0435001,33278022.416499995,XLE,VDE,Energy
2019-02-20,4.198704577546343,4.500254016038531,66.6,90.04,0.004222,0.004686,0.0,0.0,0.004221954161640532,0.004686453916536617,0.0,-0.00046449975489608504,9935693.0,1780554.0,767795349.6535001,38948518.43049999,XLE,VDE,Energy
2019-02-21,4.183118274275528,4.483454427303995,65.57,88.54,-0.015465,-0.016659,0.0,0.0,-0.015465465465465468,-0.016659262549977787,0.0,0.001193797084512319,11866116.0,299515.0,734480679.363,38768020.4735,XLE,VDE,Energy
2019-02-22,4.186011750747925,4.486499256270413,65.76,88.81,0.002898,0.003049,0.0,0.0,0.002897666615830688,0.0030494691664782964,0.0,-0.0001518025506476086,9948258.0,259852.0,726646743.193,38819657.879499994,XLE,VDE,Energy
2019-02-25,4.187683102652602,4.487399650253583,65.87,88.89,0.001673,0.000901,0.0,0.0,0.0016727493917274936,0.0009007994595203243,0.0,0.0007719499322071693,15904458.0,380962.0,746828097.267,39299245.1575,XLE,VDE,Energy
2019-02-26,4.184489912073446,4.482889551279259,65.66,88.49,-0.003188,-0.0045,0.0,0.0,-0.0031880977683316995,-0.004499943750703116,0.0,0.0013118459823714167,10550682.0,298831.0,744015138.713,39164984.921,XLE,VDE,Energy
2019-02-27,4.188290175064629,4.487062097507763,65.91,88.86,0.003807,0.004181,0.0,0.0,0.0038074931465123365,0.004181263419595434,0.0,-0.00037377027308309763,10294013.0,252778.0,740807047.502,38856065.014,XLE,VDE,Energy
2019-02-28,4.178226046202803,4.47745044438572,65.25,88.01,-0.010014,-0.009566,-254475000.0,63807250.0,-0.028397014721823585,0.007925985584309347,-318282250.0,-0.03632300030613293,11249407.0,149736.0,739116755.8859999,37281070.732,XLE,VDE,Energy
2019-03-01,4.196449785159254,4.495466920896128,66.45,89.61,0.018391,0.01818,0.0,0.0,0.01839080459770115,0.018179752300874902,0.0,0.00021105229682624738,20327998.0,708407.0,749751448.788,37394219.6845,XLE,VDE,Energy
2019-03-04,4.198254025612612,4.4978076676595915,66.57,89.82,0.001806,0.002343,0.0,0.0,0.00180586907449196,0.002343488449949655,0.0,-0.0005376193754576951,19780305.0,243429.0,767661109.7355001,36426601.2065,XLE,VDE,Energy
2019-03-05,4.194943760778217,4.49468545281282,66.35,89.54,-0.003305,-0.003117,0.0,0.0,-0.0033047919483250717,-0.0031173458027162902,0.0,-0.0001874461456087815,15807549.0,268205.0,787231271.691,35947236.6565,XLE,VDE,Energy
2019-03-06,4.182202802743785,4.479833694676794,65.51,88.22,-0.01266,-0.014742,0.0,0.0,-0.012660135644310198,-0.014742014742014867,0.0,0.002081879097704669,22690923.0,407707.0,835979220.9884999,36301394.7375,XLE,VDE,Energy
2019-03-07,4.176231721694285,4.47403591796329,65.12,87.71,-0.005953,-0.005781,0.0,0.0,-0.005953289574110963,-0.005781002040353791,0.0,-0.00017228753375717228,23446166.0,648737.0,890323222.9875,37667097.281,XLE,VDE,Energy
2019-03-08,4.157319361383489,4.453649378346849,63.9,85.94,-0.018735,-0.02018,0.0,0.0,-0.018734643734643733,-0.020180139094743914,0.0,0.0014454953601001803,15621533.0,374242.0,894074619.21,37582144.937,XLE,VDE,Energy
2019-03-11,4.1728476237100445,4.470037511996595,64.9,87.36,0.01565,0.016523,0.0,0.0,0.015649452269170725,0.016523155690016292,0.0,-0.0008737034208455667,13212089.0,236188.0,903481372.333,37125742.133,XLE,VDE,Energy
2019-03-12,4.179298268102264,4.478359019121704,65.32,88.09,0.006471,0.008356,0.0,0.0,0.006471494607087541,0.008356227106227106,0.0,-0.0018847324991395648,11013139.0,174127.0,899933549.775,36990846.067,XLE,VDE,Energy
2019-03-13,4.1893516658004355,4.489310299893557,65.98,89.06,0.010104,0.011012,0.0,0.0,0.01010410287813854,0.011011465546600069,0.0,-0.0009073626684615293,13206790.0,109076.0,909314061.001,36190031.3,XLE,VDE,Energy
2019-03-14,4.190412030968334,4.490544660146788,66.05,89.17,0.001061,0.001235,0.0,0.0,0.001060927553804183,0.0012351223894004042,0.0,-0.00017419483559622125,12320420.0,440612.0,907656369.025,36612835.089,XLE,VDE,Energy
2019-03-15,4.182202802743785,4.489085706967289,65.51,89.04,-0.0004,-0.001458,0.0,0.0,-0.00817562452687344,-0.001457889424694276,0.0,-0.006717735102179164,12427359.0,229726.0,915132857.2479999,36287353.443,XLE,VDE,Energy
2019-03-18,4.195998215948601,4.504797211841304,66.42,90.45,0.013891,0.015836,0.0,0.0,0.013891009006258443,0.015835579514824668,0.0,-0.0019445705085662252,10067909.0,165695.0,914900614.6089998,35353120.4085,XLE,VDE,Energy
2019-03-19,4.193284510077004,4.500920164614292,66.24,90.1,-0.00271,-0.00387,0.0,0.0,-0.002710027100271142,-0.003869541182974019,0.0,0.001159514082702877,12525956.0,228999.0,927465652.485,34065341.5315,XLE,VDE,Energy
2019-03-20,4.20200243692861,4.511408806173617,66.82,91.05,0.008756,0.010544,0.0,0.0,0.008756038647342996,0.010543840177580466,0.0,-0.0017878015302374706,13662863.0,238508.0,940027420.0780001,27135095.0935,XLE,VDE,Energy
2019-03-21,4.209011637200227,4.511189122517197,67.29,91.03,0.007034,0.007109,0.0,0.0,0.007033822208919763,-0.00021965952773201537,0.0,0.007253481736651779,17878046.0,263276.0,961275044.5389999,27007442.902499996,XLE,VDE,Energy
2019-03-22,4.181592022453,4.482437420605795,65.47,88.45,-0.027047,-0.028342,0.0,0.0,-0.027047109525932665,-0.028342304734702846,0.0,0.0012951952087701807,19974975.0,301020.0,993953252.8975,27184831.046499997,XLE,VDE,Energy
2019-03-25,4.182050142641207,4.481758841072857,65.5,88.39,0.000458,-0.000678,0.0,0.0,0.00045822514128608525,-0.0006783493499152064,0.0,0.0011365744912012917,12346537.0,232874.0,982006829.1495001,26520832.0805,XLE,VDE,Energy
2019-03-26,4.196299284745094,4.496582245571192,66.44,89.71,0.014351,0.014934,0.0,0.0,0.014351145038167938,0.01493381604253862,0.0,-0.0005826710043706808,11516543.0,226523.0,985626895.9894998,26214723.237499997,XLE,VDE,Energy
2019-03-27,4.1892000932347795,4.489759334476764,65.97,89.1,-0.007074,-0.0068,0.0,0.0,-0.007074051776038531,-0.006799687883179006,0.0,-0.0002743638928595247,9582647.0,172897.0,983311337.2774999,25861886.7185,XLE,VDE,Energy
2019-03-28,4.1929825321191005,4.493568009406789,66.22,89.44,0.00379,0.003816,0.0,0.0,0.0037896013339396694,0.0038159371492704824,0.0,-2.6335815330813007e-05,9149159.0,175951.0,976903012.3889999,25989826.322499998,XLE,VDE,Energy
2019-03-29,4.191471272952824,4.492896943505305,66.12,89.38,-0.00151,-0.000671,158688000.0,-15641500.0,0.01011577593161133,-0.0048569384691519325,174329500.0,0.014972714400763263,10037621.0,132500.0,942547614.0600001,23407951.259,XLE,VDE,Energy
2019-04-01,4.204543354520176,4.50678528406669,66.99,90.63,0.013158,0.013985,0.0,0.0,0.013157894736841967,0.013985231595435221,0.0,-0.0008273368585932535,12411747.0,235682.0,918282015.444,23382704.603,XLE,VDE,Energy
2019-04-02,4.197652973753796,4.499365127091115,66.53,89.96,-0.006867,-0.007393,0.0,0.0,-0.0068666965218688,-0.007392695575416656,0.0,0.0005259990535478555,11152432.0,274604.0,902939036.6845001,23417119.61,XLE,VDE,Energy
2019-04-03,4.187986684925728,4.48863636973214,65.89,89.0,-0.00962,-0.010671,0.0,0.0,-0.009619720426875094,-0.010671409515340026,0.0,0.0010516890884649313,11989787.0,204960.0,868115271.6695,22530796.033,XLE,VDE,Energy
2019-04-04,4.196299284745094,4.4978076676595915,66.44,89.82,0.008347,0.009213,0.0,0.0,0.008347245409015025,0.009213483146067286,0.0,-0.0008662377370522618,10504382.0,213006.0,826670112.1775,20642369.865499996,XLE,VDE,Energy
2019-04-05,4.213755901102586,4.516120369154581,67.61,91.48,0.01761,0.018481,0.0,0.0,0.01760987357013847,0.0184814072589625,0.0,-0.0008715336888240298,17269238.0,260950.0,835137973.3015,20227837.2915,XLE,VDE,Energy
2019-04-08,4.2181832991257,4.520156811661135,67.91,91.85,0.004437,0.004045,0.0,0.0,0.004437213429965981,0.004044599912549191,0.0,0.00039261351741678996,10602138.0,286034.0,828264304.0755,20509779.2525,XLE,VDE,Energy
2019-04-09,4.205885936955008,4.507226541657965,67.08,90.67,-0.012222,-0.012847,0.0,0.0,-0.012222058606979827,-0.012847033206314643,0.0,0.0006249745993348165,14541926.0,169513.0,841069011.9054999,20511324.0665,XLE,VDE,Energy
2019-04-10,4.20960590255719,4.5117382411955385,67.33,91.08,0.003727,0.004522,0.0,0.0,0.0037268932617769827,0.004521892577478769,0.0,-0.0007949993157017866,9375986.0,98245.0,829064068.5645001,20473016.3685,XLE,VDE,Energy
2019-04-11,4.2103482379784065,4.511408806173617,67.38,91.05,0.000743,-0.000329,0.0,0.0,0.0007426110203475419,-0.00032938076416337287,0.0,0.0010719917845109148,10914234.0,185777.0,825145935.8605001,19354297.559,XLE,VDE,Energy
2019-04-12,4.2130160919396,4.515464272903598,67.56,91.42,0.002671,0.004064,0.0,0.0,0.0026714158504007124,0.004063701263042284,0.0,-0.001392285412641572,15426841.0,185731.0,836551990.354,19180533.808000002,XLE,VDE,Energy
2019-04-15,4.20707783220934,4.5090997172373575,67.16,90.84,-0.005921,-0.006344,0.0,0.0,-0.005920663114268798,-0.006344344782323342,0.0,0.0004236816680545444,8300980.0,653621.0,830991155.405,21399924.7525,XLE,VDE,Energy
2019-04-16,4.213607983048918,4.515026636135126,67.6,91.38,0.006551,0.005945,0.0,0.0,0.006551518761167226,0.0059445178335535,0.0,0.0006070009276137253,8130337.0,134806.0,816985728.193,20984212.871499997,XLE,VDE,Energy
2019-04-17,4.21227573505378,4.514150787600923,67.51,91.3,-0.001331,-0.000875,0.0,0.0,-0.0013313609467452917,-0.0008754650908295032,0.0,-0.00045589585591578855,10934622.0,220379.0,808247919.471,20904435.336499996,XLE,VDE,Energy
2019-04-18,4.207524426932059,4.508549147383666,67.19,90.79,-0.00474,-0.005586,0.0,0.0,-0.004740038512813052,-0.0055859802847753395,0.0,0.0008459417719622877,9759653.0,148114.0,780884787.9575,20378498.1255,XLE,VDE,Energy
2019-04-22,4.2284382967028,4.530877581406236,68.61,92.84,0.021134,0.02258,0.0,0.0,0.021134097335913083,0.02257957924881582,0.0,-0.001445481912902738,14164657.0,292712.0,764088563.1335,20406006.2795,XLE,VDE,Energy
2019-04-23,4.22683374526818,4.531308337389636,68.5,92.88,-0.001603,0.000431,0.0,0.0,-0.0016032648301996793,0.00043084877208099956,0.0,-0.002034113602280679,10212221.0,302791.0,758630511.3834999,20782981.0405,XLE,VDE,Energy
2019-04-24,4.209160236650682,4.512396785835737,67.3,91.14,-0.017518,-0.018734,0.0,0.0,-0.017518248175182483,-0.018733850129198967,0.0,0.001215601954016484,11019051.0,145235.0,757451662.1525,20428748.019,XLE,VDE,Energy
2019-04-25,4.206035001574797,4.507447097459476,67.09,90.69,-0.00312,-0.004937,0.0,0.0,-0.00312035661218425,-0.004937458854509546,0.0,0.0018171022423252962,12060913.0,201123.0,766301633.6815001,20570484.127499998,XLE,VDE,Energy
2019-04-26,4.1929825321191005,4.495578509357997,66.22,89.62,-0.012968,-0.011798,0.0,0.0,-0.012967655388284394,-0.01179843422648583,0.0,-0.001169221161798564,16838386.0,381437.0,791760664.2785,21492850.452499997,XLE,VDE,Energy
2019-04-29,4.1920760507154355,4.493679809954728,66.16,89.45,-0.000906,-0.001897,0.0,0.0,-0.000906070673512534,-0.0018968980138361973,0.0,0.0009908273403236635,12974541.0,220161.0,801496070.8805001,21885378.025,XLE,VDE,Energy
2019-04-30,4.191320021345486,4.490993140925692,66.11,89.21,-0.000756,-0.002683,214857500.0,-66907499.99999999,0.014818213461729063,-0.020662672380334854,281765000.0,0.035480885842063915,14327153.0,127258.0,807281328.5455,21385019.351,XLE,VDE,Energy
2019-05-01,4.171151270461866,4.46900676117522,64.79,87.27,-0.019967,-0.021747,0.0,0.0,-0.019966722129783558,-0.021746440981952567,0.0,0.0017797188521690085,22155991.0,207477.0,841957096.342,21055176.4485,XLE,VDE,Energy
2019-05-02,4.1535564218539465,4.451785879088734,63.66,85.78,-0.017441,-0.017073,0.0,0.0,-0.01744096311159143,-0.01707345021198579,0.0,-0.0003675128996056404,28033012.0,408283.0,891685820.2665001,21894230.2355,XLE,VDE,Energy
2019-05-03,4.162781723775329,4.4607222816222185,64.25,86.55,0.009268,0.008977,0.0,0.0,0.00926798617656299,0.00897645138726976,0.0,0.000291534789293231,19624559.0,278233.0,919834159.05,22141673.597,XLE,VDE,Energy
2019-05-06,4.163715140146772,4.4616461759020485,64.31,86.63,0.000934,0.000924,0.0,0.0,0.000933852140077821,0.0009243212016175621,0.0,9.53093846025883e-06,20344657.0,385638.0,926873744.5745001,22618479.294,XLE,VDE,Energy
2019-05-07,4.154969184038536,4.454812304399529,63.75,86.04,-0.008708,-0.006811,0.0,0.0,-0.008707821489659462,-0.0068105737042593595,0.0,-0.001897247785400102,15064718.0,324801.0,938892973.6205,22702162.051,XLE,VDE,Energy
2019-05-08,4.154969184038536,4.453998398186353,63.75,85.97,0.0,-0.000814,0.0,0.0,0.0,-0.0008135750813576437,0.0,0.0008135750813576437,9823707.0,332520.0,921432419.8790001,23363012.0855,XLE,VDE,Energy
2019-05-09,4.154969184038536,4.453067407778134,63.75,85.89,0.0,-0.000931,0.0,0.0,0.0,-0.0009305571711061999,0.0,0.0009305571711061999,14409544.0,337955.0,935798584.51,24366952.103,XLE,VDE,Energy
2019-05-10,4.1596640283427435,4.458871928370793,64.05,86.39,0.004706,0.005821,0.0,0.0,0.004705882352941176,0.005821399464431249,0.0,-0.0011155171114900731,13074954.0,136025.0,940901070.349,24108762.298,XLE,VDE,Energy
2019-05-13,4.142340760490356,4.439469730210373,62.95,84.73,-0.017174,-0.019215,0.0,0.0,-0.01717408274785324,-0.01921518694293321,0.0,0.002041104195079968,14070022.0,330664.0,933074595.6959999,24660643.933,XLE,VDE,Energy
2019-05-14,4.154498485041848,4.45318382899021,63.72,85.9,0.012232,0.013809,0.0,0.0,0.012231930103256553,0.013808568393721233,0.0,-0.00157663829046468,9241956.0,148279.0,934644776.6719999,22328755.656,XLE,VDE,Energy
2019-05-15,4.1596640283427435,4.45898767581001,64.05,86.4,0.005179,0.005821,0.0,0.0,0.005178907721280603,0.005820721769499418,0.0,-0.0006418140482188153,10092343.0,300814.0,939484966.0695,23012343.522,XLE,VDE,Energy
2019-05-16,4.165113633110308,4.465333240800292,64.4,86.95,0.005464,0.006366,0.0,0.0,0.00546448087431708,0.00636574074074074,0.0,-0.00090125986642366,9376619.0,269415.0,932767862.6885,23177595.0995,XLE,VDE,Energy
2019-05-17,4.154969184038536,4.453300236649965,63.75,85.91,-0.010093,-0.011961,0.0,0.0,-0.010093167701863493,-0.011960897067280046,0.0,0.0018677293654165532,10555799.0,115366.0,933626917.7475001,23000786.2495,XLE,VDE,Energy
2019-05-20,4.155439661581911,4.452718062796414,63.78,85.86,0.000471,-0.000582,0.0,0.0,0.00047058823529411766,-0.0005820044232336166,0.0,0.0010525926585277343,8186324.0,117293.0,911141249.1450001,22145555.9945,XLE,VDE,Energy
2019-05-21,4.166975253257008,4.464412748271829,64.52,86.87,0.011602,0.011763,0.0,0.0,0.011602383192223268,0.011763335662706731,0.0,-0.00016095247048346362,18380450.0,146819.0,935459723.9200001,21377102.917000003,XLE,VDE,Energy
2019-05-22,4.1513548169388805,4.445118797839864,63.52,85.21,-0.015499,-0.019109,0.0,0.0,-0.015499070055796652,-0.019109013468401194,0.0,0.0036099434126045417,9637121.0,160685.0,928988113.6010001,21399865.464500003,XLE,VDE,Energy
2019-05-23,4.117246955439405,4.410978456623649,61.39,82.35,-0.033533,-0.033564,0.0,0.0,-0.03353274559193955,-0.03356413566482794,0.0,3.1390072888388965e-05,23963613.0,455474.0,962086091.0459999,22363287.416,XLE,VDE,Energy
2019-05-24,4.120986493168521,4.41267707387264,61.62,82.49,0.003747,0.0017,0.0,0.0,0.0037465385241896073,0.001700060716454159,0.0,0.0020464778077354485,10153381.0,247620.0,937616761.8610001,21675376.909,XLE,VDE,Energy
2019-05-28,4.110545941560109,4.401829261970061,60.98,81.6,-0.010386,-0.010789,0.0,0.0,-0.0103862382343395,-0.010789186568068857,0.0,0.00040294833372935684,12930642.0,258002.0,934122507.691,21743354.996499997,XLE,VDE,Energy
2019-05-29,4.104129862956897,4.396422514957614,60.59,81.16,-0.006396,-0.005392,0.0,0.0,-0.006395539521154477,-0.005392156862745098,0.0,-0.0010033826584093788,16951585.0,423364.0,938118930.207,22893731.7995,XLE,VDE,Energy
2019-05-30,4.091340053201802,4.383400690227026,59.82,80.11,-0.012708,-0.012937,0.0,0.0,-0.012708367717445122,-0.012937407589945786,0.0,0.00022903987250066406,15173861.0,277443.0,911729615.6135,23099703.8465,XLE,VDE,Energy
2019-05-31,4.073631520624559,4.3665322137152325,58.77,78.77,-0.017553,-0.016727,-1372279500.0,6459140.0,-0.12587636832698176,-0.014753329906226681,-1378738640.0,-0.11112303842075508,21898542.0,596015.0,886849404.0845001,23695983.137000002,XLE,VDE,Energy
2019-06-03,4.086312390524837,4.380400312929297,59.52,79.87,0.012762,0.013965,0.0,0.0,0.012761613067891782,0.013964707375904533,0.0,-0.0012030943080127508,18024661.0,387421.0,877446899.433,24039095.593000002,XLE,VDE,Energy
2019-06-04,4.1034694699991014,4.398269010219746,60.55,81.31,0.017305,0.018029,0.0,0.0,0.01730510752688172,0.018029297608614,0.0,-0.0007241900817322802,14743427.0,281898.0,856664380.092,23514760.915,XLE,VDE,Energy
2019-06-05,4.092342559551428,4.384398818818937,59.88,80.19,-0.011065,-0.013774,0.0,0.0,-0.01106523534269199,-0.01377444348788587,0.0,0.002709208145193879,15882054.0,297503.0,856196461.143,23310305.2915,XLE,VDE,Energy
2019-06-06,4.110709916308365,4.400480313332128,60.99,81.49,0.018537,0.016211,0.0,0.0,0.018537074148296594,0.016211497692979176,0.0,0.0023255764553174185,32393915.0,256011.0,923668638.8729999,22924084.891000003,XLE,VDE,Energy
2019-06-07,4.115290326737563,4.404521712501253,61.27,81.82,0.004591,0.00405,0.0,0.0,0.004590916543695688,0.004049576635169817,0.0,0.0005413399085258709,15774071.0,234040.0,926062083.8815,22430194.783499997,XLE,VDE,Energy
2019-06-10,4.118223836012044,4.406597288608086,61.45,81.99,0.002938,0.002078,0.0,0.0,0.002937816223274033,0.0020777316059644546,0.0,0.0008600846173095786,9837825.0,264847.0,914416261.0090001,22928375.072499998,XLE,VDE,Energy
2019-06-11,4.120174738923119,4.408181592150733,61.57,82.12,0.001953,0.001586,0.0,0.0,0.001952807160292921,0.0015855592145383583,0.0,0.0003672479457545628,9522629.0,300699.0,899446280.1404998,22762187.1305,XLE,VDE,Energy
2019-06-12,4.1059436980654525,4.391729410135267,60.7,80.78,-0.01413,-0.016318,0.0,0.0,-0.014130258242650642,-0.01631758402338042,0.0,0.0021873257807297763,13816452.0,250004.0,911934340.1445,23135094.9815,XLE,VDE,Energy
2019-06-13,4.1175726883413075,4.404521712501253,61.41,81.82,0.011697,0.012875,0.0,0.0,0.011696869851729819,0.012874473879673042,0.0,-0.0011776040279432229,12191939.0,269886.0,917048960.3865001,22939682.1275,XLE,VDE,Energy
2019-06-14,4.111037785163761,4.396422514957614,61.01,81.16,-0.006514,-0.008066,0.0,0.0,-0.006513597134017261,-0.008066487411390717,0.0,0.0015528902773734561,7916416.0,109089.0,911005274.2145001,22211083.577,XLE,VDE,Energy
2019-06-17,4.119362325197389,4.405254760793088,61.52,81.88,0.008359,0.008871,0.0,0.0,0.008359285363055236,0.008871365204534253,0.0,-0.000512079841479017,8795248.0,354633.0,904412847.75,23167396.426,XLE,VDE,Energy
2019-06-18,4.1330843905380314,4.419803999007912,62.37,83.08,0.013817,0.014656,0.0,0.0,0.013816644993498049,0.014655593551538837,0.0,-0.000838948558040788,17222144.0,156644.0,932013916.5780001,23314556.753,XLE,VDE,Energy
2019-06-19,4.131961425793407,4.417876287567579,62.3,82.92,-0.001122,-0.001926,0.0,0.0,-0.001122334455667789,-0.0019258545979778526,0.0,0.0008035201423100635,8827665.0,150481.0,900216761.353,23300742.652499996,XLE,VDE,Energy
2019-06-20,4.1538705415361274,4.4405313640464446,63.68,84.82,0.022151,0.022914,0.0,0.0,0.022150882825040127,0.022913651712493828,0.0,-0.0007627688874537013,25953969.0,235829.0,952246702.353,23616294.999,XLE,VDE,Energy
2019-06-21,4.151984341668515,4.4405313640464446,63.56,84.82,0.007168,0.008098,0.0,0.0,-0.0018844221105527637,0.0,0.0,-0.0018844221105527637,16356327.0,231452.0,930670799.4555,22722468.736,XLE,VDE,Energy
2019-06-24,4.142975983633837,4.429625613473161,62.99,83.9,-0.008968,-0.010847,0.0,0.0,-0.008967904342353682,-0.010846498467342472,0.0,0.0018785941249887892,10396671.0,257106.0,932132547.909,22779719.716,XLE,VDE,Energy
2019-06-25,4.135006543940991,4.422088340247728,62.49,83.27,-0.007938,-0.007509,0.0,0.0,-0.007937767899666614,-0.0075089392133492255,0.0,-0.00042882868631738836,11887333.0,171886.0,929848992.4094999,22442718.917000003,XLE,VDE,Energy
2019-06-26,4.150252194160397,4.437816056315923,63.45,84.59,0.015362,0.015852,0.0,0.0,0.015362457993278924,0.015852047556142668,0.0,-0.0004895895628637438,14326784.0,248032.0,923945887.892,21773759.149,XLE,VDE,Energy
2019-06-27,4.142817215672879,4.430578675256047,62.98,83.98,-0.007407,-0.007211,0.0,0.0,-0.007407407407407408,-0.007211254285376522,0.0,-0.00019615312203088552,10608998.0,136931.0,911968604.343,21237434.4815,XLE,VDE,Energy
2019-06-28,4.154341536128396,4.442886522930644,63.71,85.02,0.011591,0.012384,391816500.0,21340020.0,0.04460845533711616,0.018591658761721846,370476480.0,0.026016796575394314,17369740.0,175736.0,902951045.4460001,19637083.139999997,XLE,VDE,Energy
2019-07-01,4.155282860327181,4.44464925915299,63.77,85.17,0.000942,0.001764,0.0,0.0,0.0009417673834562863,0.0017642907551164433,0.0,-0.000822523371660157,14913860.0,192091.0,896862496.9200001,18907936.9,XLE,VDE,Energy
2019-07-02,4.139158578011894,4.426521874560433,62.75,83.64,-0.015995,-0.017964,0.0,0.0,-0.0159949819664419,-0.017964071856287425,0.0,0.001969089889845524,12100515.0,177019.0,890192137.4900001,18502174.038999997,XLE,VDE,Energy
2019-07-03,4.143134726391533,4.431768726568696,63.0,84.08,0.003984,0.005261,0.0,0.0,0.00398406374501992,0.0052606408417025345,0.0,-0.0012765770966826143,6987346.0,134268.0,864651407.7140001,17873798.4325,XLE,VDE,Energy
2019-07-05,4.144562278382718,4.433788569232471,63.09,84.25,0.001429,0.002022,0.0,0.0,0.0014285714285714286,0.002021883920076118,0.0,-0.0005933124915046895,7363356.0,214290.0,789093870.4235001,17733378.237999998,XLE,VDE,Energy
2019-07-08,4.145987795373939,4.4327197489894,63.18,84.16,0.001427,-0.001068,0.0,0.0,0.0014265335235378032,-0.0010682492581602374,0.0,0.0024947827816980406,8628482.0,192029.0,768027378.5530001,17583978.630000003,XLE,VDE,Energy
2019-07-09,4.146778872070522,4.4343818650078095,63.23,84.3,0.000791,0.001663,0.0,0.0,0.0007913896802785691,0.0016634980988593155,0.0,-0.0008721084185807464,7488131.0,290090.0,761474387.3970001,17720967.7035,XLE,VDE,Energy
2019-07-10,4.159507888128514,4.449217884214205,64.04,85.56,0.01281,0.014947,0.0,0.0,0.012810374822078283,0.01494661921708185,0.0,-0.002136244395003567,11767381.0,169382.0,769838127.9825,17210913.805499997,XLE,VDE,Energy
2019-07-11,4.161535811762424,4.448516375942715,64.17,85.5,0.00203,-0.000701,0.0,0.0,0.002029981261711277,-0.0007012622720897616,0.0,0.0027312435338010385,12681342.0,157184.0,768593281.9695,16873109.2495,XLE,VDE,Energy
2019-07-12,4.165734558308774,4.452252079563379,64.44,85.82,0.004208,0.003743,0.0,0.0,0.004207573632538569,0.0037426900584793966,0.0,0.00046488357405917273,8081374.0,125298.0,757196120.2980001,16306659.3415,XLE,VDE,Energy
2019-07-15,4.156693187286636,4.442062848117941,63.86,84.95,-0.009001,-0.010138,0.0,0.0,-0.009000620732464307,-0.010137497086925991,0.0,0.0011368763544616842,9538946.0,171390.0,763504947.868,16591955.204499999,XLE,VDE,Energy
2019-07-16,4.145987795373939,4.429506416858203,63.18,83.89,-0.010648,-0.012478,0.0,0.0,-0.010648293141246476,-0.012477928193054738,0.0,0.0018296350518082621,10587053.0,191881.0,769895265.4469999,15944932.557,XLE,VDE,Energy
2019-07-17,4.134526351854933,4.416790314610172,62.46,82.83,-0.011396,-0.012636,0.0,0.0,-0.011396011396011397,-0.012635594230539993,0.0,0.0012395828345285968,13664662.0,185191.0,758862748.809,16061201.907499999,XLE,VDE,Energy
2019-07-18,4.134686441505479,4.415582293202092,62.47,82.73,0.00016,-0.001207,0.0,0.0,0.0001601024655779699,-0.0012072920439454304,0.0,0.0013673945095234003,12755565.0,191732.0,771206579.6115,16230407.0995,XLE,VDE,Energy
2019-07-19,4.139317927864832,4.421006934314765,62.76,83.18,0.004642,0.005439,0.0,0.0,0.004642228269569394,0.005439381119303899,0.0,-0.0007971528497345056,9965289.0,162950.0,719840219.1975,15907965.360499999,XLE,VDE,Energy
2019-07-22,4.143928062410929,4.425684604013345,63.05,83.57,0.004621,0.004689,0.0,0.0,0.004620777565328234,0.004688627073815542,0.0,-6.784950848730785e-05,7844184.0,199299.0,692588602.0515001,15759148.3,XLE,VDE,Energy
2019-07-23,4.146620706787472,4.429983118094737,63.22,83.93,0.002696,0.004308,0.0,0.0,0.002696272799365583,0.004307765944717282,0.0,-0.0016114931453516989,7268818.0,165289.0,682821020.4350001,15374223.9185,XLE,VDE,Energy
2019-07-24,4.150882413182359,4.4331949212482815,63.49,84.2,0.004271,0.003217,0.0,0.0,0.004270800379626701,0.0032169665197186747,0.0,0.001053833859908026,9907734.0,143270.0,677131150.0595,15261743.257499998,XLE,VDE,Energy
2019-07-25,4.13947725232944,4.420646205638937,62.77,83.15,-0.01134,-0.01247,0.0,0.0,-0.011340368561978264,-0.012470308788598575,0.0,0.0011299402266203105,10070354.0,160846.0,663285233.8485,14881409.1585,XLE,VDE,Energy
2019-07-26,4.134366236571586,4.415461410760119,62.45,82.72,-0.005098,-0.005171,0.0,0.0,-0.0050979767404811215,-0.0051713770294648225,0.0,7.340028898370106e-05,9653823.0,167914.0,660021561.464,15000928.193500001,XLE,VDE,Energy
2019-07-29,4.130354999745133,4.409763389645481,62.2,82.25,-0.004003,-0.005682,0.0,0.0,-0.0040032025620496394,-0.005681818181818182,0.0,0.0016786156197685425,8284938.0,211004.0,630456411.8740001,15121628.407500003,XLE,VDE,Energy
2019-07-30,4.141546163706395,4.423408472452651,62.9,83.38,0.011254,0.013739,0.0,0.0,0.011254019292604502,0.013738601823708207,0.0,-0.0024845825311037052,10801348.0,246243.0,616873808.724,15330195.951,XLE,VDE,Energy
2019-07-31,4.138361447638875,4.418479096676194,62.7,82.97,-0.00318,-0.004917,297825000.0,-51690310.0,0.021155033025308904,-0.0199697303903404,349515310.0,0.0411247634156493,15278042.0,177289.0,626805104.5815,15325385.909500003,XLE,VDE,Energy
2019-08-01,4.1154535254323354,4.392842927107731,61.28,80.87,-0.022648,-0.02531,0.0,0.0,-0.022647527910685805,-0.025310353139689046,0.0,0.0026628252290032406,25190596.0,361446.0,681978950.8255,16222430.1385,XLE,VDE,Energy
2019-08-02,4.100989104940769,4.378771341953209,60.4,79.74,-0.01436,-0.013973,0.0,0.0,-0.014360313315926894,-0.013973043155681958,0.0,-0.0003872701602449357,21699934.0,672114.0,724285045.0035,17999452.0315,XLE,VDE,Energy
2019-08-05,4.070734696582967,4.346787982581173,58.6,77.23,-0.029801,-0.031477,0.0,0.0,-0.029801324503311258,-0.03147730122899423,0.0,0.0016759767256829747,27576891.0,819893.0,777827960.9955001,20357410.819,XLE,VDE,Energy
2019-08-06,4.069539443303129,4.3463994570307305,58.53,77.2,-0.001195,-0.000389,0.0,0.0,-0.0011945392491467576,-0.0003884500841641849,0.0,-0.0008060891649825727,16997506.0,565121.0,803897436.148,21316048.529,XLE,VDE,Energy
2019-08-07,4.061993532004442,4.33768282082183,58.09,76.53,-0.007517,-0.008679,0.0,0.0,-0.0075175123868101825,-0.008678756476683938,0.0,0.0011612440898737557,24802188.0,533322.0,838256237.232,22632188.966000002,XLE,VDE,Energy
2019-08-08,4.090336540824562,4.365643155423357,59.76,78.7,0.028749,0.028355,0.0,0.0,0.028748493716646582,0.028354893505814712,0.0,0.0003936002108318702,23267835.0,573780.0,867092442.4050001,24218051.666,XLE,VDE,Energy
2019-08-09,4.079230924412053,4.353369925424077,59.1,77.74,-0.011044,-0.012198,0.0,0.0,-0.01104417670682731,-0.012198221092757306,0.0,0.0011540443859299962,14593219.0,216473.0,884177217.522,24521828.499,XLE,VDE,Energy
2019-08-12,4.066459358732565,4.340292766189574,58.35,76.73,-0.01269,-0.012992,0.0,0.0,-0.012690355329949238,-0.012992024697710316,0.0,0.00030166936776107774,21918840.0,164549.0,917667578.644,24425141.7125,XLE,VDE,Energy
2019-08-13,4.076519977309548,4.351309662011821,58.94,77.58,0.010111,0.011078,0.0,0.0,0.01011139674378749,0.011077805291281115,0.0,-0.0009664085474936253,14397726.0,340505.0,926653176.739,24941115.753,XLE,VDE,Energy
2019-08-14,4.036538880125714,4.308110951723713,56.63,74.3,-0.039192,-0.042279,0.0,0.0,-0.039192399049881234,-0.042278937870585204,0.0,0.00308653882070397,23649726.0,451868.0,950942636.482,25852836.8465,XLE,VDE,Energy
2019-08-15,4.030339232246188,4.302983427333428,56.28,73.92,-0.006181,-0.005114,0.0,0.0,-0.006180469715698393,-0.0051144010767160165,0.0,-0.0010660686389823764,14306088.0,372588.0,951357960.8364999,26436822.6765,XLE,VDE,Energy
2019-08-16,4.043402083484526,4.318287793706875,57.02,75.06,0.013149,0.015422,0.0,0.0,0.013148542999289269,0.015422077922077922,0.0,-0.0022735349227886534,21450306.0,298812.0,981241706.3605,26880555.0625,XLE,VDE,Energy
2019-08-19,4.065258981327004,4.3419855851366975,58.28,76.86,0.022098,0.023981,0.0,0.0,0.02209750964573834,0.023980815347721823,0.0,-0.0018833057019834835,13881866.0,324734.0,996964673.8244998,27295736.952999998,XLE,VDE,Energy
2019-08-20,4.056815750329687,4.3329676843846965,57.79,76.17,-0.008408,-0.008977,0.0,0.0,-0.008407687028140013,-0.00897736143637783,0.0,0.000569674408237816,9521878.0,158750.0,1001501406.6075001,27206701.039499998,XLE,VDE,Energy
2019-08-21,4.063197833225264,4.340423084818807,58.16,76.74,0.006402,0.007483,0.0,0.0,0.006402491780584876,0.007483261126427727,0.0,-0.0010807693458428514,12037401.0,559374.0,1005054067.1325,28749852.377499998,XLE,VDE,Energy
2019-08-22,4.05871738457895,4.333492687678026,57.9,76.21,-0.00447,-0.006906,0.0,0.0,-0.004470426409903714,-0.006906437320823714,0.0,0.0024360109109199998,9353521.0,185362.0,1000526704.3984998,28787457.033500005,XLE,VDE,Energy
2019-08-23,4.024637149797281,4.298780886070615,55.96,73.61,-0.033506,-0.034116,0.0,0.0,-0.033506044905008636,-0.03411625770896193,0.0,0.0006102128039532917,24409141.0,337552.0,1038679418.599,29335324.865499996,XLE,VDE,Energy
2019-08-26,4.028916756899646,4.302306791540646,56.2,73.87,0.004289,0.003532,0.0,0.0,0.004288777698355968,0.0035321287868496126,0.0,0.0007566489115063556,10806578.0,310103.0,1043279745.5990002,29612936.345999997,XLE,VDE,Energy
2019-08-27,4.02266952551521,4.294424173937759,55.85,73.29,-0.006228,-0.007852,0.0,0.0,-0.006227758007117438,-0.007851631244077274,0.0,0.001623873236959836,11833743.0,383524.0,1042355233.4665,29991772.976999998,XLE,VDE,Energy
2019-08-28,4.036891987474015,4.311604170377335,56.65,74.56,0.014324,0.017328,0.0,0.0,0.01432408236347359,0.017328421339882494,0.0,-0.003004338976408904,15696538.0,347115.0,1038919015.6815001,30550334.280500002,XLE,VDE,Energy
2019-08-29,4.051437061210824,4.327570448877823,57.48,75.76,0.014651,0.016095,0.0,0.0,0.014651368049426301,0.016094420600858368,0.0,-0.001443052551432067,12332306.0,362402.0,997178076.9814999,30461606.155500002,XLE,VDE,Energy
2019-08-30,4.051437061210824,4.327306422473649,57.48,75.74,0.0,-0.000264,-1373772000.0,-17041500.0,-0.11990527984587906,-0.0058095909285520485,-1356730500.0,-0.11409568891732702,13022340.0,211016.0,969070481.4614999,28581005.229500003,XLE,VDE,Energy
2019-09-03,4.046553898385752,4.321347323862031,57.2,75.29,-0.004871,-0.005941,0.0,0.0,-0.0048712595685455815,-0.005941378399788595,0.0,0.0010701188312430138,13964802.0,266149.0,928209524.5515001,26416906.3205,XLE,VDE,Energy
2019-09-04,4.060443010546419,4.335982696172475,58.0,76.4,0.013986,0.014743,0.0,0.0,0.013986013986013986,0.014742993757470952,0.0,-0.0007569797714569657,11191118.0,181963.0,910920565.4425001,24930637.920500003,XLE,VDE,Energy
2019-09-05,4.07278038430626,4.350922889622548,58.72,77.55,0.012414,0.015052,0.0,0.0,0.012413793103448275,0.015052356020942409,0.0,-0.0026385629174941333,14538515.0,942423.0,881567690.4365,26544126.47,XLE,VDE,Energy
2019-09-06,4.078045789252598,4.3538843287276014,59.03,77.78,0.005279,0.002966,0.0,0.0,0.005279291553133515,0.0029658284977433914,0.0,0.0023134630553901235,12234331.0,245922.0,848153027.4030001,25242692.828,XLE,VDE,Energy
2019-09-09,4.097838451476356,4.377265317572172,60.21,79.62,0.01999,0.023657,0.0,0.0,0.019989835676774523,0.023656466958086913,0.0,-0.00366663128131239,24757225.0,475673.0,879561691.1205,26294916.490000002,XLE,VDE,Energy
2019-09-10,4.109561528026961,4.389498649512583,60.92,80.6,0.011792,0.012308,0.0,0.0,0.01179206111941538,0.012308465209746294,0.0,-0.0005164040903309144,25718030.0,580476.0,893950594.8005002,28002942.5315,XLE,VDE,Energy
2019-09-11,4.110545941560109,4.391481793444637,60.98,80.76,0.000985,0.001985,0.0,0.0,0.000984898227183191,0.0019851116625310174,0.0,-0.0010002134353478264,22752016.0,304866.0,920891393.0625,27913172.5445,XLE,VDE,Energy
2019-09-12,4.104294893075269,4.384274107214361,60.6,80.18,-0.006232,-0.007182,0.0,0.0,-0.006231551328304362,-0.007181773155027095,0.0,0.000950221826722733,19059516.0,314265.0,911677527.3735001,27494371.3095,XLE,VDE,Energy
2019-09-13,4.1121844803504315,4.39197696552705,61.08,80.8,0.007921,0.007733,0.0,0.0,0.007920792079207921,0.007732601646295686,0.0,0.0001881904329122351,14061580.0,169226.0,914364261.0615,26800959.101499997,XLE,VDE,Energy
2019-09-16,4.145196092379535,4.431530829576971,63.13,84.06,0.033563,0.040347,0.0,0.0,0.03356254092992796,0.04034653465346535,0.0,-0.006783993723537385,30677809.0,655606.0,950043942.7639999,28435029.6835,XLE,VDE,Energy
2019-09-17,4.131158535344817,4.412555839708705,62.25,82.48,-0.01394,-0.018796,0.0,0.0,-0.01393948994139078,-0.01879609802522008,0.0,0.0048566080838292995,26473181.0,269815.0,991989961.1025,28299793.9815,XLE,VDE,Energy
2019-09-18,4.126327608075152,4.4057431612911975,61.95,81.92,-0.004819,-0.00679,0.0,0.0,-0.004819277108433735,-0.006789524733268671,0.0,0.001970247624834936,11617589.0,202362.0,1000461976.549,28524069.358499996,XLE,VDE,Energy
2019-09-19,4.123741539072888,4.400112102220266,61.79,81.46,-0.002583,-0.005615,0.0,0.0,-0.00258272800645682,-0.005615234375000144,0.0,0.003032506368543324,14029442.0,118622.0,1008801175.5,26860898.726499997,XLE,VDE,Energy
2019-09-20,4.1154535254323354,4.402319337941644,61.28,81.64,0.000817,0.00221,0.0,0.0,-0.008253762744780709,0.002209673459366706,0.0,-0.010463436204147414,20164618.0,231401.0,1043507121.757,27099155.7075,XLE,VDE,Energy
2019-09-23,4.115779842942166,4.402686737370185,61.3,81.67,0.000326,0.000367,0.0,0.0,0.00032637075718015666,0.0003674669279764821,0.0,-4.109617079632545e-05,9337060.0,162612.0,1003828434.1389999,26520821.673499998,XLE,VDE,Energy
2019-09-24,4.09982949245267,4.385769620952716,60.33,80.3,-0.015824,-0.016775,0.0,0.0,-0.015823817292006524,-0.016774825517325825,0.0,0.0009510082253193011,20574893.0,286695.0,1035526114.6935002,26526536.667999998,XLE,VDE,Energy
2019-09-25,4.101485670373467,4.386392092183521,60.43,80.35,0.001658,0.000623,0.0,0.0,0.001657550140891762,0.0006226650062266501,0.0,0.001034885134665112,10143268.0,207784.0,1033128271.628,25955885.19,XLE,VDE,Energy
2019-09-26,4.088326489896538,4.364880475838911,59.64,78.64,-0.013073,-0.0129,0.0,0.0,-0.013072976998179713,-0.021281891723708774,0.0,0.008208914725529062,14088335.0,337530.0,1030679242.713,25989008.43,XLE,VDE,Energy
2019-09-27,4.0881588031350145,4.362971228138722,59.63,78.49,-0.000168,-0.001907,0.0,0.0,-0.00016767270288397049,-0.0019074262461851476,0.0,0.0017397535433011772,15632625.0,283174.0,1041844866.7065,25727546.016999997,XLE,VDE,Energy
2019-09-30,4.0809215418899605,4.35696520407851,59.2,78.02,-0.007211,-0.005988,-71040000.0,-52585480.0,-0.014002376200114741,-0.022597193495103158,-18454520.0,0.008594817294988417,19819471.0,250450.0,1063084295.7064998,25905433.875,XLE,VDE,Energy
2019-10-01,4.057507672170127,4.333098961050458,57.83,76.18,-0.023142,-0.023584,0.0,0.0,-0.02314189189189189,-0.023583696488079824,0.0,0.00044180459618793286,16468129.0,373802.0,1070762556.9900001,26327327.7825,XLE,VDE,Energy
2019-10-02,4.032646447751885,4.306629370201435,56.41,74.19,-0.024555,-0.026122,0.0,0.0,-0.02455472937921494,-0.02612234182200068,0.0,0.001567612442785738,19280673.0,521755.0,1092689452.9865,27567679.294999998,XLE,VDE,Energy
2019-10-03,4.043402083484526,4.319086834900007,57.02,75.12,0.010814,0.012535,0.0,0.0,0.01081368551675235,0.01253538212697129,0.0,-0.0017216966102189413,21186885.0,571719.0,1110408182.0815,26060810.6765,XLE,VDE,Energy
2019-10-04,4.049695810553219,4.324529928325356,57.38,75.53,0.006314,0.005458,0.0,0.0,0.006313574184496668,0.0054579339723109695,0.0,0.0008556402121856982,11061469.0,281851.0,1106033908.696,26168830.32,XLE,VDE,Energy
2019-10-07,4.040767961318708,4.314416735011824,56.87,74.77,-0.008888,-0.010062,0.0,0.0,-0.008888114325548972,-0.01006222692969681,0.0,0.0011741126041478374,12304397.0,369095.0,1066489835.7030001,25655037.7645,XLE,VDE,Energy
2019-10-08,4.023564380161053,4.295651418927136,55.9,73.38,-0.017056,-0.01859,0.0,0.0,-0.017056444522595395,-0.018590343720743613,0.0,0.0015338991981482183,20802273.0,378673.0,1046295069.358,24705070.7215,XLE,VDE,Energy
2019-10-09,4.032646447751885,4.305550475963267,56.41,74.11,0.009123,0.009948,0.0,0.0,0.009123434704830053,0.009948214772417552,0.0,-0.0008247800675874987,8934940.0,208455.0,1002125170.8439999,24246451.816,XLE,VDE,Energy
2019-10-10,4.0451543180313285,4.318021304697969,57.12,75.04,0.012586,0.012549,0.0,0.0,0.012586420847367488,0.012548913776818405,0.0,3.750707054908306e-05,10375027.0,266921.0,974005914.4760001,23988051.023,XLE,VDE,Energy
2019-10-11,4.058544658090914,4.334017415487521,57.89,76.25,0.01348,0.016125,0.0,0.0,0.013480392156862746,0.01612473347547958,0.0,-0.0026443413186168357,24195751.0,297906.0,1001096450.4254999,24440144.608,XLE,VDE,Energy
2019-10-14,4.058026299547989,4.330206885944085,57.86,75.96,-0.000518,-0.003803,0.0,0.0,-0.0005182242183451373,-0.003803278688524748,0.0,0.0032850544701796104,12166831.0,205270.0,939460588.4,22464248.05,XLE,VDE,Energy
2019-10-15,4.062165663857866,4.3351970473170836,58.1,76.34,0.004148,0.005003,0.0,0.0,0.00414794331144141,0.005002632964718432,0.0,-0.0008546896532770215,11267326.0,186700.0,889794394.5675001,22064164.889999997,XLE,VDE,Energy
2019-10-16,4.048126088420487,4.3221439250725044,57.29,75.35,-0.013941,-0.012968,0.0,0.0,-0.013941480206540447,-0.012968299711815562,0.0,-0.0009731804947248849,12005526.0,142495.0,888198741.867,21772140.050499998,XLE,VDE,Energy
2019-10-17,4.048824046920291,4.3225419878389895,57.33,75.38,0.000698,0.000398,0.0,0.0,0.0006982021295164951,0.00039814200398142005,0.0,0.000300060125535075,12289357.0,340925.0,880082222.6485001,22573938.969499998,XLE,VDE,Energy
2019-10-18,4.043577445168448,4.3154861108656375,57.03,74.85,-0.005233,-0.007031,0.0,0.0,-0.0052328623757195184,-0.0070310427169010346,0.0,0.0017981803411815161,10278156.0,193519.0,847605994.9305,22353604.945,XLE,VDE,Energy
2019-10-21,4.061304708143901,4.333492687678026,58.05,76.21,0.017885,0.01817,0.0,0.0,0.01788532351394003,0.018169672678690553,0.0,-0.00028434916475052197,10503489.0,716214.0,849474282.853,24418712.29,XLE,VDE,Energy
2019-10-22,4.074141854904581,4.346269914961763,58.8,77.19,0.01292,0.012859,0.0,0.0,0.012919896640826873,0.01285920482876279,0.0,6.0691812064082515e-05,21108485.0,451851.0,849469064.0185,25011550.7995,XLE,VDE,Energy
2019-10-23,4.0824406577192764,4.3551691805039985,59.29,77.88,0.008333,0.008939,0.0,0.0,0.008333333333333333,0.008938981733385153,0.0,-0.0006056484000518201,12213623.0,240078.0,855028465.14,25111642.311499998,XLE,VDE,Energy
2019-10-24,4.078215180292217,4.349761674086606,59.04,77.46,-0.004217,-0.005393,0.0,0.0,-0.004216562658121099,-0.005392912172573344,0.0,0.0011763495144522448,13205551.0,200712.0,851999836.722,24561831.9275,XLE,VDE,Energy
2019-10-25,4.086312390524837,4.359013860364809,59.52,78.18,0.00813,0.009295,0.0,0.0,0.008130081300813009,0.009295120061967779,0.0,-0.0011650387611547696,11874984.0,238535.0,840731117.6685001,24382948.879499998,XLE,VDE,Energy
2019-10-28,4.080583646972063,4.3528552573736015,59.18,77.7,-0.005712,-0.00614,0.0,0.0,-0.00571236559139785,-0.006139677666922639,0.0,0.00042731207552478955,11756551.0,235251.0,816853117.9175,24319893.564499997,XLE,VDE,Energy
2019-10-29,4.084630870034462,4.356708826689592,59.42,78.0,0.004055,0.003861,0.0,0.0,0.004055424129773572,0.003861003861003861,0.0,0.00019442026876971118,13468418.0,177178.0,809250192.792,23587075.946499996,XLE,VDE,Energy
2019-10-30,4.064057161283644,4.335328031664641,58.21,76.35,-0.020364,-0.021154,0.0,0.0,-0.020363513968360822,-0.021153846153846155,0.0,0.0007903321854853332,15506686.0,258069.0,800001264.1984999,22636804.1815,XLE,VDE,Energy
2019-10-31,4.059753117452481,4.33033852551513,57.96,75.97,-0.004295,-0.004977,426006000.0,0.0,0.03771109000793234,-0.004977079240340537,426006000.0,0.04268816924827287,15032442.0,451009.0,783161471.9795,22202585.304,XLE,VDE,Energy
2019-11-01,4.082271980987832,4.355040769588895,59.28,77.87,0.022774,0.02501,0.0,0.0,0.022774327122153208,0.025009872318020272,0.0,-0.002235545195867064,13310097.0,289838.0,790877244.9265,22266659.2555,XLE,VDE,Energy
2019-11-04,4.114310574862978,4.387387240915977,61.21,80.43,0.032557,0.032875,0.0,0.0,0.03255735492577598,0.032875304995505485,0.0,-0.0003179500697295043,21530212.0,613254.0,821782905.883,23352998.559,XLE,VDE,Energy
2019-11-05,4.11561669749764,4.391234115424795,61.29,80.74,0.001307,0.003854,0.0,0.0,0.0013069759843162881,0.003854283227651224,0.0,-0.002547307243334936,17555060.0,308102.0,817438034.218,23207455.096,XLE,VDE,Energy
2019-11-06,4.095011006765261,4.367166771766858,60.04,78.82,-0.020395,-0.02378,0.0,0.0,-0.02039484418339044,-0.02378003467921739,0.0,0.0033851904958269487,17827895.0,355057.0,845756376.738,23834304.7305,XLE,VDE,Energy
2019-11-07,4.109889773557563,4.382526509715532,60.94,80.04,0.01499,0.015478,0.0,0.0,0.014990006662225183,0.015478304998731594,0.0,-0.0004882983365064111,13241711.0,224345.0,856472793.043,23730645.8285,XLE,VDE,Energy
2019-11-08,4.105778939847764,4.378645926514404,60.69,79.73,-0.004102,-0.003873,0.0,0.0,-0.004102395799146702,-0.0038730634682660166,0.0,-0.00022933233088068532,10389848.0,262727.0,817966185.5295,23642240.389000002,XLE,VDE,Energy
2019-11-11,4.10016094754354,4.371850028222321,60.35,79.19,-0.005602,-0.006773,0.0,0.0,-0.0056022408963585435,-0.006772858397090179,0.0,0.0011706175007316355,14480473.0,199213.0,826462370.724,23651408.802500002,XLE,VDE,Energy
2019-11-12,4.095011006765261,4.366151285515591,60.04,78.74,-0.005137,-0.005683,0.0,0.0,-0.005136702568351284,-0.005682535673696173,0.0,0.000545833105344889,12541246.0,204424.0,831379609.1860001,23743592.1905,XLE,VDE,Energy
2019-11-13,4.090671156855792,4.358885942232239,59.78,78.17,-0.00433,-0.007239,0.0,0.0,-0.0043304463690872754,-0.007239014478028956,0.0,0.0029085681089416806,10793945.0,185735.0,829252881.5639999,23932687.5255,XLE,VDE,Energy
2019-11-14,4.087991088249925,4.35619587463936,59.62,77.96,-0.002676,-0.002686,0.0,0.0,-0.0026764804282368685,-0.0026864526033006527,0.0,9.972175063784235e-06,8116977.0,192275.0,818222148.1605,23397229.1505,XLE,VDE,Energy
2019-11-15,4.09567700745588,4.3644989178056655,60.08,78.61,0.007716,0.008338,0.0,0.0,0.007715531700771553,0.00833760903027209,0.0,-0.0006220773295005366,9183463.0,201332.0,816501109.1784999,23464319.719,XLE,VDE,Energy
2019-11-18,4.083452121055677,4.35040696029342,59.35,77.51,-0.012151,-0.013993,0.0,0.0,-0.01215046604527297,-0.013993130644956112,0.0,0.0018426645996831425,12754805.0,405579.0,823864616.1934999,22307007.6865,XLE,VDE,Energy
2019-11-19,4.068513802187579,4.333755086000182,58.47,76.23,-0.014827,-0.016514,0.0,0.0,-0.014827295703454086,-0.016513998193781448,0.0,0.001686702490327362,15380355.0,421403.0,806770138.1359999,22169266.2865,XLE,VDE,Energy
2019-11-20,4.078553876315777,4.343675543289958,59.06,76.99,0.010091,0.00997,0.0,0.0,0.01009064477509834,0.009969828151646333,0.0,0.00012081662345200805,17147126.0,299874.0,821198315.8305,22388767.517500002,XLE,VDE,Energy
2019-11-21,4.094844437263752,4.35939751661352,60.03,78.21,0.016424,0.015846,0.0,0.0,0.016423975618015577,0.015846213793999066,0.0,0.0005777618240165108,15641682.0,454247.0,829164037.8015001,23387742.835,XLE,VDE,Energy
2019-11-22,4.09150720740194,4.356452383554451,59.83,77.98,-0.003332,-0.002941,0.0,0.0,-0.0033316674995835416,-0.002940800409154686,0.0,-0.0003908670904288554,11491975.0,431863.0,828202328.63,24139143.357,XLE,VDE,Energy
2019-11-25,4.092509546276371,4.360292142527875,59.89,78.28,0.001003,0.003847,0.0,0.0,0.0010028413839211097,0.003847140292382662,0.0,-0.0028442989084615524,12338159.0,421912.0,830361311.3465,24876556.79,XLE,VDE,Energy
2019-11-26,4.083283614862676,4.348081978620944,59.34,77.33,-0.009183,-0.012136,0.0,0.0,-0.009183503088996493,-0.012135922330097087,0.0,0.002952419241100594,13403157.0,322582.0,830113808.2875,25432825.893,XLE,VDE,Energy
2019-11-27,4.085808231199814,4.35182512594076,59.49,77.62,0.002528,0.00375,0.0,0.0,0.0025278058645096056,0.003750161644898487,0.0,-0.0012223557803888816,9668274.0,296640.0,813739879.6975,25598907.3255,XLE,VDE,Energy
2019-11-29,4.07567129695648,4.3410744233424525,58.89,76.79,-0.010086,-0.010693,-521176500.0,-51756460.00000001,-0.05833460408937877,-0.027504577781283065,-469420040.0,-0.03083002630809571,7830226.0,144008.0,793231963.2385,24438668.354999997,XLE,VDE,Energy
2019-12-02,4.07567129695648,4.341855469984605,58.89,76.85,0.0,0.000781,0.0,0.0,0.0,0.0007813517385074588,0.0,-0.0007813517385074588,15390992.0,318290.0,799099611.6745001,24533213.426999997,XLE,VDE,Energy
2019-12-03,4.060615409477973,4.326910252115215,58.01,75.71,-0.014943,-0.014834,0.0,0.0,-0.014943114280862625,-0.01483409238776854,0.0,-0.00010902189309408561,17128314.0,820663.0,782887072.6055,25173632.2525,XLE,VDE,Energy
2019-12-04,4.075501474420621,4.342245764662037,58.88,76.88,0.014998,0.015454,0.0,0.0,0.014997414238924324,0.015453704926694128,0.0,-0.00045629068776980447,17430420.0,536705.0,780404747.7155,25992918.498499997,XLE,VDE,Energy
2019-12-05,4.070734696582967,4.338205355125032,58.6,76.57,-0.004755,-0.004032,0.0,0.0,-0.004755434782608696,-0.0040322580645162885,0.0,-0.0007231767180924074,10894161.0,520269.0,758805298.6555,26585488.727999996,XLE,VDE,Energy
2019-12-06,4.089666972670989,4.35799005684564,59.72,78.1,0.019113,0.019982,0.0,0.0,0.01911262798634812,0.019981716076792642,0.0,-0.0008690880904445204,16729654.0,390910.0,768412552.0825,27214163.588,XLE,VDE,Energy
2019-12-09,4.0884941485439255,4.357221515754911,59.65,78.04,-0.001172,-0.000768,0.0,0.0,-0.001172136637642331,-0.0007682458386682173,0.0,-0.0004038907989741136,8839059.0,566203.0,763247051.794,28376126.5085,XLE,VDE,Energy
2019-12-10,4.0905038628361625,4.360675308762846,59.77,78.31,0.002012,0.00346,0.0,0.0,0.00201173512154233,0.003459764223474984,0.0,-0.0014480291019326537,8786138.0,496552.0,745809597.9295,29531591.990999997,XLE,VDE,Energy
2019-12-11,4.088829381533991,4.358502089626924,59.67,78.14,-0.001673,-0.002171,0.0,0.0,-0.0016730801405387319,-0.002170859404929128,0.0,0.0004977792643903959,12436340.0,377180.0,745264597.8275,30200416.963,XLE,VDE,Energy
2019-12-12,4.107096246147264,4.378896741664954,60.77,79.75,0.018435,0.020604,0.0,0.0,0.01843472431707726,0.02060404402354748,0.0,-0.0021693197064702185,22492370.0,467208.0,781344562.4675001,31337463.615500003,XLE,VDE,Energy
2019-12-13,4.099497927462895,4.370965687314457,60.31,79.12,-0.00757,-0.0079,0.0,0.0,-0.007569524436399539,-0.007899686520376176,0.0,0.00033016208397663657,11372454.0,377128.0,791441489.0675,32079894.033500005,XLE,VDE,Energy
2019-12-16,4.112839144858265,4.374876130645041,61.12,79.43,0.013431,0.013468,0.0,0.0,0.013430608522633062,0.003918099089990044,0.0,0.009512509432643017,11136816.0,489354.0,797888475.9115001,33232028.018500008,XLE,VDE,Energy
2019-12-17,4.113493381060861,4.378520495344594,61.16,79.72,0.000654,0.003651,0.0,0.0,0.0006544502617801048,0.0036510134709805834,0.0,-0.002996563209200479,23154716.0,521273.0,830845713.602,33738000.782,XLE,VDE,Energy
2019-12-18,4.117246955439405,4.382526509715532,61.39,80.04,0.003761,0.004014,0.0,0.0,0.003760627861347286,0.0040140491721025115,0.0,-0.0002534213107552256,12942045.0,466297.0,825606852.887,33997943.8415,XLE,VDE,Energy
2019-12-19,4.116921116401006,4.383775105207999,61.37,80.14,-0.000326,0.001249,0.0,0.0,-0.00032578595862518323,0.001249375312343675,0.0,-0.0015751612709688583,12770101.0,420544.0,814156444.7275001,34528698.6865,XLE,VDE,Energy
2019-12-20,4.116758157059,4.391110253406924,61.36,80.73,0.009505,0.007362,0.0,0.0,-0.00016294606485253382,0.007362116296481158,0.0,-0.007525062361333692,17420045.0,604697.0,820652634.2644999,35193225.233500004,XLE,VDE,Energy
2019-12-23,4.126973081713828,4.403421131528038,61.99,81.73,0.010267,0.012387,0.0,0.0,0.010267275097783572,0.01238696890870804,0.0,-0.002119693810924467,13474589.0,464607.0,828038879.6575,35408007.902,XLE,VDE,Energy
2019-12-24,4.1264890155486675,4.403421131528038,61.96,81.73,-0.000484,0.0,0.0,0.0,-0.00048394902403613486,0.0,0.0,-0.00048394902403613486,5037439.0,223755.0,806698248.554,34671019.1415,XLE,VDE,Energy
2019-12-26,4.126166174545057,4.402686737370185,61.94,81.67,-0.000323,-0.000734,0.0,0.0,-0.00032278889606197545,-0.0007341245564664138,0.0,0.00041133566040443836,10157173.0,302695.0,798387846.516,34659810.871,XLE,VDE,Energy
2019-12-27,4.1219597292550745,4.397038392294319,61.68,81.21,-0.004198,-0.005632,0.0,0.0,-0.004197610590894414,-0.005632423166401521,0.0,0.001434812575507107,10718840.0,303877.0,802686468.063,34742443.5895,XLE,VDE,Energy
2019-12-30,4.089332020398556,4.394202210604015,59.7,80.98,-0.003061,-0.002832,0.0,0.0,-0.032101167315175094,-0.002832163526659128,0.0,-0.029269003788515966,14632973.0,510370.0,823309792.011,36256013.0035,XLE,VDE,Energy
2019-12-31,4.095011006765261,4.400480313332128,60.04,81.49,0.005695,0.006298,756504000.0,4074499.9999999995,0.07905934650751577,0.007588340755925352,752429500.0,0.07147100575159042,10729021.0,599543.0,810199537.109,37475821.632,XLE,VDE,Energy
2020-01-02,4.103964805599091,4.409033640160408,60.58,82.19,0.008994,0.00859,0.0,0.0,0.00899400399733511,0.008590011044299914,0.0,0.0004039929530351965,11946968.0,407831.0,796706228.424,36045183.34,XLE,VDE,Energy
2020-01-03,4.100989104940769,4.40684119104832,60.4,82.01,-0.002971,-0.00219,0.0,0.0,-0.0029712776493892373,-0.0021900474510281056,0.0,-0.0007812301983611317,29515623.0,468836.0,834528253.404,35904551.338,XLE,VDE,Energy
2020-01-06,4.108740442505833,4.416186486320586,60.87,82.78,0.007781,0.009389,0.0,0.0,0.007781456953642384,0.009389098890379222,0.0,-0.0016076419367368382,22460711.0,780571.0,870967535.6025,37143484.840500005,XLE,VDE,Energy
2020-01-07,4.106108429142343,4.41267707387264,60.71,82.49,-0.002629,-0.003503,0.0,0.0,-0.0026285526531953343,-0.0035032616574051704,0.0,0.000874709004209836,11493394.0,352371.0,855900986.2455,37070335.480000004,XLE,VDE,Energy
2020-01-08,4.089499510558901,4.393831680123644,59.71,80.95,-0.016472,-0.018669,0.0,0.0,-0.01647175094712568,-0.018668929567220268,0.0,0.002197178620094588,19038083.0,420061.0,886376689.5745001,36561208.27150001,XLE,VDE,Energy
2020-01-09,4.096841442420688,4.399989335048054,60.15,81.45,0.007369,0.006177,0.0,0.0,0.007368949924635739,0.006176652254478073,0.0,0.0011922976701576665,15367597.0,482094.0,906337364.1390002,36580286.730500005,XLE,VDE,Energy
2020-01-10,4.091172871056465,4.39247189253542,59.81,80.84,-0.005653,-0.007489,0.0,0.0,-0.005652535328345802,-0.007489257213014119,0.0,0.0018367218846683173,9151352.0,432158.0,896600661.905,36853427.1065,XLE,VDE,Energy
2020-01-13,4.09150720740194,4.392966574712216,59.83,80.88,0.000334,0.000495,0.0,0.0,0.00033439224209998327,0.0004948045522018803,0.0,-0.00016041231010189704,8779691.0,355160.0,854522041.2865001,36426702.2465,XLE,VDE,Energy
2020-01-14,4.091674333666222,4.393584583507611,59.84,80.93,0.000167,0.000618,0.0,0.0,0.00016714023065351831,0.0006181998021762143,0.0,-0.000451059571522696,17339872.0,492965.0,872109303.2734998,36929566.751,XLE,VDE,Energy
2020-01-15,4.084294226368599,4.387014176184921,59.4,80.4,-0.007353,-0.006549,0.0,0.0,-0.007352941176470588,-0.0065488693933030044,0.0,-0.0008040717831675837,10830804.0,271236.0,870242681.4574999,36076466.059999995,XLE,VDE,Energy
2020-01-16,4.085976312551584,4.387511564904451,59.5,80.44,0.001683,0.000498,0.0,0.0,0.0016835016835016834,0.0004975124378109452,0.0,0.0011859892456907383,8224487.0,605707.0,823903408.7545,36434825.436000004,XLE,VDE,Energy
2020-01-17,4.079569276639947,4.381026134340298,59.12,79.92,-0.006387,-0.006465,0.0,0.0,-0.006386554621848739,-0.006464445549477871,0.0,7.789092762913209e-05,11909116.0,321280.0,819381148.523,35852539.722,XLE,VDE,Energy
2020-01-21,4.061476958596484,4.359141762136423,58.06,78.19,-0.01793,-0.021647,0.0,0.0,-0.017929634641407306,-0.021646646646646648,0.0,0.0037170120052393424,17354555.0,1029765.0,830576366.7695,38193286.1815,XLE,VDE,Energy
2020-01-22,4.051784947803305,4.349761674086606,57.5,77.46,-0.009645,-0.009336,0.0,0.0,-0.009645194626248708,-0.009336232254764192,0.0,-0.0003089623714845162,14677719.0,756128.0,819330110.8345001,38680910.485,XLE,VDE,Energy
2020-01-23,4.04795152265239,4.344584339198011,57.28,77.06,-0.003826,-0.005164,0.0,0.0,-0.0038260869565217392,-0.00516395558998177,0.0,0.0013378686334600304,13278012.0,651070.0,815593848.597,39290866.6895,XLE,VDE,Energy
2020-01-24,4.036362279683754,4.332311042427949,56.62,76.12,-0.011522,-0.012198,0.0,0.0,-0.011522346368715084,-0.012198287049052686,0.0,0.0006759406803376021,20390559.0,619152.0,857713535.104,40732984.394,XLE,VDE,Energy
2020-01-27,4.008241863168689,4.302848136796795,55.05,73.91,-0.027729,-0.029033,0.0,0.0,-0.027728717767573297,-0.029033105622701,0.0,0.0013043878551277019,21682539.0,950469.0,885937958.9205,43009387.551,XLE,VDE,Energy
2020-01-28,4.012772908528289,4.309187088496924,55.3,74.38,0.004541,0.006359,0.0,0.0,0.004541326067211626,0.00635908537410364,0.0,-0.001817759306892014,14300069.0,547715.0,892420747.1455,43812447.0775,XLE,VDE,Energy
2020-01-29,4.002229273314295,4.2983732496766285,54.72,73.58,-0.010488,-0.010756,0.0,0.0,-0.010488245931283906,-0.010755579456843238,0.0,0.00026733352555933197,13748945.0,760106.0,886358436.2605,44542388.921500005,XLE,VDE,Energy
2020-01-30,4.010238052925101,4.304740540713808,55.16,74.05,0.008041,0.006388,0.0,0.0,0.00804093567251462,0.006387605327534656,0.0,0.0016533303449799636,24430549.0,2028358.0,921529369.3605,49609546.463,XLE,VDE,Energy
2020-01-31,3.97855952922839,4.274858931480352,53.44,71.87,-0.031182,-0.02944,-496992000.0,80853750.0,-0.07979961136288148,-0.001470601283617437,-577845750.0,-0.07832901007926404,33430533.0,927620.0,974668387.4645001,51266967.4385,XLE,VDE,Energy
2020-02-03,3.965374180925141,4.262539022051294,52.74,70.99,-0.013099,-0.012244,0.0,0.0,-0.01309880239520958,-0.012244330040350634,0.0,-0.0008544723548589463,21290433.0,858981.0,941674077.8254999,52393458.480000004,XLE,VDE,Energy
2020-02-04,3.9689702858698963,4.264790324535862,52.93,71.15,0.003603,0.002254,0.0,0.0,0.00360257868790292,0.002253838568812509,0.0,0.001348740119090411,19819836.0,611440.0,925768099.8709999,51337872.911,XLE,VDE,Energy
2020-02-05,4.00587758089977,4.302577500800556,54.92,73.89,0.037597,0.03851,0.0,0.0,0.03759682599659928,0.03851018973998595,0.0,-0.0009133637433866651,34381974.0,520059.0,985292802.9879999,51805876.697000004,XLE,VDE,Energy
2020-02-06,3.995628589282943,4.291281021367136,54.36,73.06,-0.010197,-0.011233,0.0,0.0,-0.010196649672250545,-0.011232913790770063,0.0,0.0010362641185195174,15400630.0,552517.0,970313518.5314999,52124024.4005,XLE,VDE,Energy
2020-02-07,3.9886136075898584,4.282482504337495,53.98,72.42,-0.00699,-0.00876,0.0,0.0,-0.006990434142752024,-0.008759923350670681,0.0,0.001769489207918657,13693685.0,432480.0,961054726.3689998,51726706.6655,XLE,VDE,Energy
2020-02-10,3.983599203917368,4.274580612525034,53.71,71.85,-0.005002,-0.007871,0.0,0.0,-0.005001852537977029,-0.007870753935376968,0.0,0.0028689013973999394,14640594.0,466506.0,973004923.4,51655846.8345,XLE,VDE,Energy
2020-02-11,3.994708372046754,4.28496492183075,54.31,72.6,0.011171,0.010438,0.0,0.0,0.011171104077452988,0.010438413361169102,0.0,0.0007326907162838858,13844593.0,488845.0,984335470.0650002,51994087.1445,XLE,VDE,Energy
2020-02-12,4.008060193625088,4.299324142908639,55.04,73.65,0.013441,0.014463,0.0,0.0,0.013441355183207512,0.014462809917355372,0.0,-0.0010214547341478603,17199814.0,1929734.0,979788461.169,57105549.727,XLE,VDE,Energy
2020-02-13,4.004966751070884,4.29510616264318,54.87,73.34,-0.003089,-0.004209,0.0,0.0,-0.0030886627906976743,-0.004209097080787509,0.0,0.0011204342900898345,11974888.0,955306.0,980474078.517,59518288.10899999,XLE,VDE,Energy
2020-02-14,3.9996675152801924,4.2903224454635405,54.58,72.99,-0.005285,-0.004772,0.0,0.0,-0.005285219609987243,-0.004772293427870194,0.0,-0.0005129261821170492,12520109.0,515760.0,990173607.1529999,58964400.675,XLE,VDE,Energy
2020-02-18,3.9913885608088866,4.281930018135596,54.13,72.38,-0.008245,-0.008357,0.0,0.0,-0.008244778307072188,-0.008357309220441157,0.0,0.00011253091336896857,16314908.0,556453.0,999126558.7590001,59694369.20200001,XLE,VDE,Energy
2020-02-19,4.00460218672124,4.295242504588991,54.85,73.35,0.013301,0.013402,0.0,0.0,0.013301311657121744,0.01340149212489638,0.0,-0.0001001804677746368,12455425.0,312706.0,982905288.6564999,56815352.1895,XLE,VDE,Energy
2020-02-20,4.003507695550324,4.295515132725903,54.79,73.37,-0.001094,0.000273,0.0,0.0,-0.0010938924339106654,0.00027266530334015,0.0,-0.0013665577372508153,13050826.0,487768.0,976459584.3584999,55676245.35350001,XLE,VDE,Energy
2020-02-21,3.9915732841861553,4.281653660527095,54.14,72.36,-0.011864,-0.013766,0.0,0.0,-0.011863478736995801,-0.013765844350551996,0.0,0.001902365613556195,13808205.0,493835.0,975810168.9255002,54954367.6735,XLE,VDE,Energy
2020-02-24,3.944296565978442,4.232511029605105,51.64,68.89,-0.046177,-0.047955,0.0,0.0,-0.046176579239009974,-0.047954671088999444,0.0,0.0017780918499894702,33037501.0,2001998.0,1003387323.9785,59493757.2725,XLE,VDE,Energy
2020-02-25,3.8991403795971324,4.187531276948218,49.36,65.86,-0.044152,-0.043983,0.0,0.0,-0.044151820294345466,-0.04398316156191029,0.0,-0.0001686587324351771,42837329.0,1089717.0,1049428663.3529999,59569737.164,XLE,VDE,Energy
2020-02-26,3.8684890034044175,4.156223299267966,47.87,63.83,-0.030186,-0.030823,0.0,0.0,-0.03018638573743922,-0.030822957789249924,0.0,0.0006365720518107035,48828313.0,1315317.0,1126759539.7335,61730619.2845,XLE,VDE,Energy
2020-02-27,3.813527758679047,4.098834467494953,45.31,60.27,-0.053478,-0.055773,0.0,0.0,-0.05347817004386881,-0.05577314742284192,0.0,0.0022949773789731134,61278725.0,1911656.0,1227969377.701,64694964.666499995,XLE,VDE,Energy
2020-02-28,3.8126445614478675,4.113002744040634,45.27,61.13,-0.000883,0.014269,285201000.0,224652750.0,0.03487617050434729,0.10707459545281965,60548250.0,-0.07219842494847237,68764315.0,3583837.0,1316237950.5615,68138966.96199998,XLE,VDE,Energy
2020-03-02,3.8522730010223722,4.139795825126018,47.1,62.79,0.040424,0.027155,0.0,0.0,0.040424121935056206,0.027155242924914117,0.0,0.01326887901014209,36642667.0,3030829.0,1313205047.1705,74320852.1375,XLE,VDE,Energy
2020-03-03,3.821222641101649,4.107754249132018,45.66,60.81,-0.030573,-0.031534,0.0,0.0,-0.030573248407643423,-0.03153368370759675,0.0,0.0009604352999533286,48595314.0,1418150.0,1368005277.2115002,75583784.153,XLE,VDE,Energy
2020-03-04,3.844600329110712,4.127779338308338,46.74,62.04,0.023653,0.020227,0.0,0.0,0.02365308804205005,0.020226936359151456,0.0,0.003426151682898594,24484539.0,989467.0,1372772448.8804998,76477912.987,XLE,VDE,Energy
2020-03-05,3.8073289343134804,4.088829381533991,45.03,59.67,-0.036585,-0.038201,0.0,0.0,-0.036585365853658534,-0.03820116054158607,0.0,0.0016157946879275381,29387322.0,1227573.0,1344525103.7595,78219019.057,XLE,VDE,Energy
2020-03-06,3.7495040759303713,4.027848570933736,42.5,56.14,-0.056185,-0.059159,0.0,0.0,-0.05618476571174772,-0.05915870621752975,0.0,0.0029739405057820287,61517408.0,2054047.0,1433390683.4194999,81966384.385,XLE,VDE,Energy
2020-03-09,3.52459425980608,3.806884687304841,33.94,45.01,-0.201412,-0.198254,0.0,0.0,-0.20141176470588235,-0.19825436408977556,0.0,-0.0031574006161067814,66556947.0,5234740.0,1509378566.6635,92181156.675,XLE,VDE,Energy
2020-03-10,3.5709401562492498,3.8282065193350356,35.55,45.98,0.047437,0.036481,0.0,0.0,0.04743665291691204,0.02155076649633403,0.0,0.025885886420578014,48431137.0,2713233.0,1556147597.494,96742956.537,XLE,VDE,Energy
2020-03-11,3.516607233172983,3.7669972333778885,33.67,43.25,-0.052883,-0.059374,0.0,0.0,-0.05288326300984515,-0.05937364071335352,0.0,0.006490377703508368,43492869.0,2674551.0,1591772850.164,100752165.7245,XLE,VDE,Energy
2020-03-12,3.3833727967496032,3.6399517804905126,29.47,38.09,-0.12474,-0.119306,0.0,0.0,-0.12474012474012475,-0.11930635838150276,0.0,-0.005433766358621986,38829069.0,2968063.0,1601653595.2075,99298596.25299999,XLE,VDE,Energy
2020-03-13,3.4716558453107167,3.727378753264546,32.19,41.57,0.092297,0.091363,0.0,0.0,0.09229725144214455,0.09136256235232329,0.0,0.000934689089821264,34098421.0,2498859.0,1623681898.579,100989367.58250001,XLE,VDE,Energy
2020-03-16,3.3253956682458736,3.5876769486047735,27.81,36.15,-0.136067,-0.130382,0.0,0.0,-0.13606710158434296,-0.13038248737070002,0.0,-0.005684614213642941,40233594.0,1694687.0,1645459333.575,102170248.215,XLE,VDE,Energy
2020-03-17,3.332204510175204,3.588506479967149,28.0,36.18,0.006832,0.00083,0.0,0.0,0.0068320747932398415,0.0008298755186721991,0.0,0.006002199274567643,45443564.0,1254463.0,1664924024.6729999,102425768.37499999,XLE,VDE,Energy
2020-03-18,3.177220149599368,3.443298557680791,23.98,31.29,-0.143571,-0.135158,0.0,0.0,-0.14357142857142857,-0.1351575456053068,0.0,-0.008413882966121777,52135809.0,3035373.0,1693275856.6015,106027760.1785,XLE,VDE,Energy
2020-03-19,3.242982900211434,3.506157817298642,25.61,33.32,0.067973,0.064877,0.0,0.0,0.06797331109257715,0.06487695749440715,0.0,0.0030963535981699958,52226458.0,2789221.0,1724399098.2435002,108885225.45649998,XLE,VDE,Energy
2020-03-20,3.2526973733437115,3.5172010574184616,25.86,33.69,0.009762,0.011104,0.0,0.0,0.009761811792268645,0.011104441776710685,0.0,-0.0013426299844420397,58357226.0,2048285.0,1762476180.5265,110548866.50899999,XLE,VDE,Energy
2020-03-23,3.1599747169480397,3.4468078929142076,23.57,31.4,-0.066676,-0.067973,0.0,0.0,-0.088553750966744,-0.06797269219352924,0.0,-0.02058105877321477,48260209.0,2504128.0,1734048009.251,107584465.358,XLE,VDE,Energy
2020-03-24,3.3087165288679903,3.592919062968025,27.35,36.34,0.160373,0.157325,0.0,0.0,0.16037335596096733,0.15732484076433137,0.0,0.003048515196635959,44511075.0,2284643.0,1689194376.3415,108147223.608,XLE,VDE,Energy
2020-03-25,3.3548043420924447,3.632309102625542,28.64,37.8,0.047166,0.040176,0.0,0.0,0.04716636197440585,0.04017611447440806,0.0,0.006990247499997791,52434902.0,2084792.0,1647410588.84,107889646.2825,XLE,VDE,Energy
2020-03-26,3.414113606928702,3.6876286722122837,30.39,39.95,0.061103,0.056878,0.0,0.0,0.061103351955307264,0.056878306878307174,0.0,0.0042250450770000905,46918069.0,2086123.0,1579875643.198,106295901.619,XLE,VDE,Energy
2020-03-27,3.3439213138424253,3.618188713491167,28.33,37.27,-0.067785,-0.067084,0.0,0.0,-0.0677854557420204,-0.06708385481852315,0.0,-0.0007016009234972476,36528419.0,2749109.0,1475970121.709,100464868.45,XLE,VDE,Energy
2020-03-30,3.3541057741283047,3.6270040503958487,28.62,37.6,0.010237,0.008854,0.0,0.0,0.010236498411577833,0.008854306412664194,0.0,0.001382191998913639,42127400.0,4263118.0,1449960950.324,98964242.64449999,XLE,VDE,Energy
2020-03-31,3.369362658142137,3.643358938812127,29.06,38.22,0.015374,0.016489,1271375000.0,348757500.0,0.25902037596396343,0.22806958537355984,922617500.0,0.030950790590403593,34350607.0,2269324.0,1388929280.433,98989035.7335,XLE,VDE,Energy
2020-04-01,3.318540147981146,3.5956670723917576,27.62,36.44,-0.049553,-0.046573,0.0,0.0,-0.04955264969029594,-0.046572475143903835,0.0,-0.0029801745463921073,23826458.0,1531323.0,1364613251.288,98709779.6055,XLE,VDE,Energy
2020-04-02,3.4061849231731944,3.6798387094617873,30.15,39.64,0.0916,0.087816,0.0,0.0,0.09160028964518464,0.08781558726673998,0.0,0.0037847023784446654,73128147.0,2156340.0,1408688377.4075,99321181.43999998,XLE,VDE,Energy
2020-04-03,3.395514598526657,3.6681664125163946,29.83,39.18,-0.010614,-0.011604,0.0,0.0,-0.010613598673300166,-0.01160443995963673,0.0,0.0009908412863365648,63834325.0,1107243.0,1373172781.145,95724560.548,XLE,VDE,Energy
2020-04-06,3.447126313550555,3.718923575462313,31.41,41.22,0.052967,0.052067,0.0,0.0,0.05296681193429433,0.05206738131699847,0.0,0.0008994306172958599,38020723.0,1483019.0,1319937187.5575001,87000280.337,XLE,VDE,Energy
2020-04-07,3.4682327829983137,3.7379076851812907,32.08,42.01,0.021331,0.019165,0.0,0.0,0.021330786373766317,0.019165453663270257,0.0,0.0021653327104960603,51509497.0,2426625.0,1316472074.728,85859683.48249999,XLE,VDE,Energy
2020-04-08,3.5328102684640474,3.803546529092062,34.22,44.86,0.066708,0.067841,0.0,0.0,0.06670822942643391,0.06784099024041895,0.0,-0.0011327608139850426,41905812.0,1829976.0,1314952674.0984998,84180603.113,XLE,VDE,Energy
2020-04-09,3.523709956137547,3.799078246412012,33.91,44.66,-0.009059,-0.004458,0.0,0.0,-0.009059029807130456,-0.004458314757021846,0.0,-0.00460071505010861,91381541.0,3359098.0,1412675443.6924999,86028792.9635,XLE,VDE,Energy
2020-04-13,3.520460802488973,3.796163119333611,33.8,44.53,-0.003244,-0.002911,0.0,0.0,-0.00324388086110292,-0.002910882221227049,0.0,-0.0003329986398758712,33842840.0,2038379.0,1414988434.693,85373365.3755,XLE,VDE,Energy
2020-04-14,3.5157158351047473,3.7923381624821664,33.64,44.36,-0.004734,-0.003818,0.0,0.0,-0.004733727810650764,-0.0038176510217830676,0.0,-0.000916076788867696,36324070.0,1740068.0,1420140707.976,86169689.447,XLE,VDE,Energy
2020-04-15,3.467609147181407,3.745732265706719,32.06,42.34,-0.046968,-0.045537,0.0,0.0,-0.04696789536266337,-0.045536519386834985,0.0,-0.001431375975828382,36710536.0,1394433.0,1415366707.5839999,86852380.54100001,XLE,VDE,Energy
2020-04-16,3.4239368686316447,3.7049988359938197,30.69,40.65,-0.042732,-0.039915,0.0,0.0,-0.04273237679351229,-0.03991497401983939,0.0,-0.0028174027736729,32302898.0,1450710.0,1402424669.574,85052107.5575,XLE,VDE,Energy
2020-04-17,3.5248888540047054,3.8013148834437245,33.95,44.76,0.106224,0.101107,0.0,0.0,0.10622352557836442,0.1011070110701107,0.0,0.0051165145082537195,45853438.0,1870300.0,1413384901.1100001,84590996.7715,XLE,VDE,Energy
2020-04-20,3.4931686602009657,3.7736800558064014,32.89,43.54,-0.031222,-0.027256,0.0,0.0,-0.03122238586156124,-0.027256478999106343,0.0,-0.003965906862454897,56394974.0,4538316.0,1430670542.635,91020574.621,XLE,VDE,Energy
2020-04-21,3.475376779836407,3.758871825933971,32.31,42.9,-0.017635,-0.014699,0.0,0.0,-0.01763453937366968,-0.014699127239320165,0.0,-0.0029354121343495142,60430757.0,2528345.0,1471421774.2619998,92512393.686,XLE,VDE,Energy
2020-04-22,3.510350695558678,3.7921127087555884,33.46,44.35,0.035593,0.0338,0.0,0.0,0.03559269575982654,0.0337995337995338,0.0,0.0017931619602927426,36894144.0,2719338.0,1472276782.1115,94391329.36999999,XLE,VDE,Energy
2020-04-23,3.5421180727185324,3.824284091120139,34.54,45.8,0.032277,0.032695,0.0,0.0,0.032277346084877465,0.03269447576099211,0.0,-0.00041712967611464563,41603647.0,2551459.0,1469039500.8165002,96293913.6,XLE,VDE,Energy
2020-04-24,3.544431549748063,3.825375198702474,34.62,45.85,0.002316,0.001092,0.0,0.0,0.0023161551823970986,0.001091703056768559,0.0,0.0012244521256285397,32441516.0,1893861.0,1453903759.167,96468559.25,XLE,VDE,Energy
2020-04-27,3.5658640032173894,3.846951008684431,35.37,46.85,0.021664,0.02181,0.0,0.0,0.021663778162911613,0.021810250817884406,0.0,-0.00014647265497279294,23288037.0,1585608.0,1443346147.0879998,95059881.36850001,XLE,VDE,Energy
2020-04-28,3.588506479967149,3.868906714354518,36.18,47.89,0.022901,0.022199,0.0,0.0,0.022900763358778747,0.022198505869797224,0.0,0.0007022574889815232,29569013.0,1717315.0,1436552182.205,91157330.296,XLE,VDE,Energy
2020-04-29,3.659965443949294,3.940804806853598,38.86,51.46,0.074074,0.074546,0.0,0.0,0.07407407407407407,0.07454583420338275,0.0,-0.0004717601293086765,35537494.0,2350399.0,1455690101.0759997,92868228.75899999,XLE,VDE,Energy
2020-04-30,3.6375861597263857,3.9225672193038172,38.0,50.53,-0.022131,-0.018072,1320500000.0,286757750.0,0.1281782761606153,0.08713954829968618,1033742250.0,0.04103872786092913,42020062.0,1698093.0,1502623880.3779998,94368390.2175,XLE,VDE,Energy
2020-05-01,3.5793435670456293,3.8611506750543896,35.85,47.52,-0.056579,-0.059569,0.0,0.0,-0.056578947368421055,-0.05956857312487631,0.0,0.0029896257564552553,29265931.0,1922516.0,1444842380.093,94662422.35350001,XLE,VDE,Energy
2020-05-04,3.6133473915014993,3.894673367093033,37.09,49.14,0.034589,0.034091,0.0,0.0,0.034588563458856345,0.03409090909090909,0.0,0.0004976543679472561,26390227.0,1411593.0,1398574160.3270001,95961617.31750001,XLE,VDE,Energy
2020-05-05,3.6141559079179997,3.8965031937701093,37.12,49.23,0.000809,0.001832,0.0,0.0,0.0008088433540037746,0.0018315018315018315,0.0,-0.0010226584774980568,34366717.0,1521406.0,1402647241.6074998,96650056.0275,XLE,VDE,Energy
2020-05-06,3.5876769486047735,3.8686978806897723,36.15,47.88,-0.026131,-0.027422,0.0,0.0,-0.026131465517241378,-0.027422303473491772,0.0,0.0012908379562503944,23675053.0,1474863.0,1362818666.717,95083752.237,XLE,VDE,Energy
2020-05-07,3.6133473915014993,3.891412051524022,37.09,48.98,0.026003,0.022974,0.0,0.0,0.02600276625172891,0.02297410192147034,0.0,0.0030286643302585674,24240499.0,770602.0,1336071827.7805,92866320.367,XLE,VDE,Energy
2020-05-08,3.6579046498145056,3.936325297951111,38.78,51.23,0.045565,0.045937,0.0,0.0,0.04556484227554597,0.045937117190690074,0.0,-0.00037227491514410516,24840580.0,1499903.0,1229300309.635,89207456.06750001,XLE,VDE,Energy
2020-05-11,3.6402142821326553,3.920586236088634,38.1,50.43,-0.017535,-0.015616,0.0,0.0,-0.017534811758638472,-0.015615850087839157,0.0,-0.0019189616707993157,23265662.0,1460843.0,1216426996.145,88352520.8485,XLE,VDE,Energy
2020-05-12,3.6224725219163374,3.9021746693733315,37.43,49.51,-0.017585,-0.018243,0.0,0.0,-0.01758530183727034,-0.018243109260360896,0.0,0.0006578074230905555,28064487.0,1464518.0,1207852597.8255,88118464.3335,XLE,VDE,Energy
2020-05-13,3.5759906720353185,3.8546057345581954,35.73,47.21,-0.045418,-0.046455,0.0,0.0,-0.04541811381244991,-0.04645526156332054,0.0,0.0010371477508706317,34497444.0,1462525.0,1210635292.3235002,88618739.93499999,XLE,VDE,Energy
2020-05-14,3.587123545159549,3.8636727444870993,36.13,47.64,0.011195,0.009108,0.0,0.0,0.01119507416736636,0.00910823977970769,0.0,0.00208683438765867,30984194.0,771001.0,1217039441.8035,87506696.242,XLE,VDE,Energy
2020-05-15,3.5832411220909393,3.8645120227570944,35.99,47.68,-0.003875,0.00084,0.0,0.0,-0.0038748962081372822,0.0008396305625524769,0.0,-0.004714526770689759,27213861.0,983073.0,1188174573.668,85664610.87399998,XLE,VDE,Energy
2020-05-18,3.6617651616223643,3.9417759635774936,38.93,51.51,0.081689,0.080327,0.0,0.0,0.08168935815504307,0.0803271812080537,0.0,0.0013621769469893685,36597396.0,2273715.0,1166669870.2389998,81640649.9245,XLE,VDE,Energy
2020-05-19,3.6333667441836774,3.9130225057612296,37.84,50.05,-0.027999,-0.028344,0.0,0.0,-0.0279989725147701,-0.0283440108716754,0.0,0.0003450383569053028,26970315.0,1986478.0,1120071818.2855,81188511.09449999,XLE,VDE,Energy
2020-05-20,3.6724959748634123,3.9514360077849813,39.35,52.01,0.039905,0.039161,0.0,0.0,0.039904862579281185,0.039160839160839164,0.0,0.0007440234184420205,27260646.0,1299838.0,1111983236.3785,78538607.7985,XLE,VDE,Energy
2020-05-21,3.656356262408376,3.9361300807713793,38.72,51.22,-0.01601,-0.015189,0.0,0.0,-0.016010165184243964,-0.015189386656412228,0.0,-0.0008207785278317361,28120869.0,1805523.0,1094575740.3935,77319711.0915,XLE,VDE,Energy
2020-05-22,3.6501386257975055,3.93123722435195,38.48,50.97,-0.006198,-0.004881,0.0,0.0,-0.006198347107438017,-0.004880905896134323,0.0,-0.001317441211303694,19247501.0,812896.0,1075451668.1215,75049700.20500001,XLE,VDE,Energy
2020-05-26,3.677565694213663,3.9594789465844413,39.55,52.43,0.027807,0.028644,0.0,0.0,0.027806652806652808,0.028644300568962135,0.0,-0.0008376477623093272,37444281.0,2076741.0,1108312840.3645,76779589.99649999,XLE,VDE,Energy
2020-05-27,3.6903783302376723,3.971423348709594,40.06,53.06,0.012895,0.012016,0.0,0.0,0.012895069532237674,0.012016021361815754,0.0,0.00087904817042192,35612830.0,1259562.0,1126154994.3375,76009097.215,XLE,VDE,Energy
2020-05-28,3.6620219999440535,3.9437154521606357,38.94,51.61,-0.027958,-0.027328,0.0,0.0,-0.027958062905641536,-0.027327553712777987,0.0,-0.0006305091928635494,27179408.0,756841.0,1110023950.8715,71914548.7885,XLE,VDE,Energy
2020-05-29,3.6573887870225654,3.9390543444791764,38.76,51.37,-0.004623,-0.00465,263568000.0,95188610.0,0.02132821017586223,0.026802919160817677,168379390.0,-0.005474708984955445,35754826.0,1272487.0,1099478685.8595002,70892699.6835,XLE,VDE,Energy
2020-06-01,3.6747805297344347,3.9569963710708773,39.44,52.3,0.017544,0.018104,0.0,0.0,0.017543859649122806,0.018103951722795407,0.0,-0.0005600920736726009,23869771.0,790289.0,1094090692.954,68391407.4025,XLE,VDE,Energy
2020-06-02,3.702289141023854,3.984157603187345,40.54,53.74,0.027891,0.027534,0.0,0.0,0.027890466531440162,0.027533460803059275,0.0,0.00035700572838088737,25159234.0,950112.0,1096147784.3005,67476074.34549999,XLE,VDE,Energy
2020-06-03,3.731220294603461,4.014399072045013,41.73,55.39,0.029354,0.030703,0.0,0.0,0.029353724716329552,0.030703386676590994,0.0,-0.0013496619602614418,27300871.0,1061646.0,1089326424.8899999,66671362.0735,XLE,VDE,Energy
2020-06-04,3.7314599016490546,4.016923415253516,41.74,55.53,0.00024,0.002528,0.0,0.0,0.00023963575365444525,0.002527532045495577,0.0,-0.0022878962918411313,27424720.0,933697.0,1103769157.2325,65732949.772,XLE,VDE,Energy
2020-06-05,3.8031005982039594,4.092175544937261,44.84,59.87,0.074269,0.078156,0.0,0.0,0.07426928605654048,0.07815595173779939,0.0,-0.003886665681258908,50196696.0,1477599.0,1171356144.269,68268938.08049999,XLE,VDE,Energy
2020-06-08,3.8471644330796497,4.14424522067556,46.86,63.07,0.045049,0.053449,0.0,0.0,0.04504906333630687,0.0534491398029063,0.0,-0.008400076466599425,47534714.0,1502939.0,1234564094.551,69166454.68249999,XLE,VDE,Energy
2020-06-09,3.8088822465086327,4.103799720992856,45.1,60.57,-0.037559,-0.039639,0.0,0.0,-0.03755868544600939,-0.03963849690819724,0.0,0.0020798114621878513,43699499.0,1521492.0,1288785378.6859999,70090777.58,XLE,VDE,Energy
2020-06-10,3.7584055167625467,4.04917284357538,42.88,57.35,-0.049224,-0.053162,0.0,0.0,-0.049223946784922396,-0.053161631170546474,0.0,0.003937684385624078,40488452.0,1905232.0,1323069932.3535,71928616.031,XLE,VDE,Energy
2020-06-11,3.659450643423124,3.948354934675536,38.84,51.85,-0.094216,-0.095902,0.0,0.0,-0.09421641791044776,-0.0959023539668701,0.0,0.001685936056422338,48152242.0,2147719.0,1354951902.6115,74044287.276,XLE,VDE,Energy
2020-06-12,3.6843692986360503,3.975936331171799,39.82,53.3,0.025232,0.027965,0.0,0.0,0.025231719876416064,0.027965284474445518,0.0,-0.002733564598029453,42817532.0,951358.0,1384228662.3625002,74743131.964,XLE,VDE,Energy
2020-06-15,3.6873783279876693,3.9821086129948338,39.94,53.63,0.003014,0.006191,0.0,0.0,0.0030135610246107484,0.006191369606003753,0.0,-0.0031778085813930043,32852798.0,1548354.0,1400864357.099,76551397.183,XLE,VDE,Energy
2020-06-16,3.7157647828953184,4.007878491071668,41.09,55.03,0.028793,0.026105,0.0,0.0,0.028793189784677015,0.02610479209397725,0.0,0.0026883976906997634,32046700.0,773300.0,1395467470.935,72823179.1505,XLE,VDE,Energy
2020-06-17,3.681099266794974,3.973118104787957,39.69,53.15,-0.034072,-0.034163,0.0,0.0,-0.034071550255536626,-0.034163183717972015,0.0,9.163346243538928e-05,23368029.0,567700.0,1390813488.5055,69360680.7055,XLE,VDE,Energy
2020-06-18,3.6933693593867885,3.9830404926634264,40.18,53.68,0.012346,0.009972,0.0,0.0,0.012345679012345678,0.009971777986829727,0.0,0.0023739010255159516,18468934.0,1447546.0,1374282255.9065,69865665.4505,XLE,VDE,Energy
2020-06-19,3.678071255397333,3.967646909176143,39.57,52.86,-0.015182,-0.015276,0.0,0.0,-0.015181682429069188,-0.015275707898658718,0.0,9.402546958952977e-05,26967088.0,582115.0,1373194637.1305,66780250.99250001,XLE,VDE,Energy
2020-06-22,3.6699514442284173,3.958524839079566,39.25,52.38,0.004575,0.003063,0.0,0.0,-0.008086934546373515,-0.009080590238365494,0.0,0.0009936556919919789,19448200.0,666994.0,1374329537.7065,66455442.822500005,XLE,VDE,Energy
2020-06-23,3.6709700335703683,3.9577608971019997,39.29,52.34,0.001019,-0.000764,0.0,0.0,0.001019108280254777,-0.0007636502481863307,0.0,0.0017827585284411077,14805831.0,645141.0,1329369527.0285,62699600.288,XLE,VDE,Energy
2020-06-24,3.613886475072506,3.8995454839170334,37.11,49.38,-0.055485,-0.056553,0.0,0.0,-0.055484856197505726,-0.05655330531142529,0.0,0.0010684491139195673,32362974.0,1129175.0,1318086526.7955,62145915.377,XLE,VDE,Energy
2020-06-25,3.6328380632303117,3.9180050771056933,37.82,50.3,0.019132,0.018631,0.0,0.0,0.019132309350579357,0.01863102470635885,0.0,0.000501284644220508,24017220.0,1969450.0,1310584782.4395,65146053.9265,XLE,VDE,Energy
2020-06-26,3.5975861956675455,3.8823882002984553,36.51,48.54,-0.034638,-0.03499,0.0,0.0,-0.034637757800105765,-0.03499005964214712,0.0,0.0003523018420413526,33861103.0,962020.0,1303105373.178,64212493.60700001,XLE,VDE,Energy
2020-06-29,3.6109179126442243,3.89630004496291,37.0,49.22,0.013421,0.014009,0.0,0.0,0.013420980553273076,0.014009064688916358,0.0,-0.0005880841356432822,19452815.0,632957.0,1292021892.516,63703595.049,XLE,VDE,Energy
2020-06-30,3.6336309798834576,3.9180050771056933,37.85,50.3,0.022973,0.021942,261165000.0,-9858800.0,0.04934771333076418,0.018631106814947715,271023800.0,0.030716606515816466,20943436.0,575521.0,1280659577.828,62598079.42,XLE,VDE,Energy
2020-07-01,3.6090242288644716,3.893655348069961,36.93,49.09,-0.024306,-0.024056,0.0,0.0,-0.02430647291941876,-0.024055666003976142,0.0,-0.0002508069154426168,24573415.0,750393.0,1269071121.284,61499690.44149999,XLE,VDE,Energy
2020-07-02,3.6200651381135764,3.906004933102583,37.34,49.7,0.011102,0.012426,0.0,0.0,0.011102085025724344,0.012426156039926665,0.0,-0.0013240710142023212,20779169.0,432271.0,1250630439.167,59981474.155999996,XLE,VDE,Energy
2020-07-06,3.6230067099632284,3.910622024512518,37.45,49.93,0.002946,0.004628,0.0,0.0,0.0029459025174076057,0.004627766599597585,0.0,-0.0016818640821899796,22542171.0,1000757.0,1180299661.9325001,58056671.4,XLE,VDE,Energy
2020-07-07,3.590715205326705,3.8807387153883797,36.26,48.46,-0.031776,-0.029441,0.0,0.0,-0.03177570093457944,-0.0294412177047867,0.0,-0.0023344832297927387,20910910.0,501438.0,1106837306.8604999,54532137.5375,XLE,VDE,Energy
2020-07-08,3.5898875049069856,3.880119456415138,36.23,48.43,-0.000827,-0.000619,0.0,0.0,-0.000827357970215113,-0.0006190672719768881,0.0,-0.00020829069823822492,20650858.0,483609.0,1045703965.8825,51095358.209,XLE,VDE,Energy
2020-07-09,3.53921867955953,3.8314634975697293,34.44,46.13,-0.049407,-0.047491,0.0,0.0,-0.049406569141595365,-0.04749122444765641,0.0,-0.0019153446939389543,30543584.0,1115586.0,1011492776.4424999,48205204.558000006,XLE,VDE,Energy
2020-07-10,3.570658822726505,3.861571461932048,35.54,47.54,0.03194,0.030566,0.0,0.0,0.03193960511033682,0.030565792326035117,0.0,0.001373812784301702,25227968.0,628145.0,962811221.6145,44130343.7155,XLE,VDE,Energy
2020-07-13,3.565298392342582,3.853121897507985,35.35,47.14,-0.005346,-0.008414,0.0,0.0,-0.005346088913899831,-0.008413967185527976,0.0,0.003067878271628145,37223780.0,695860.0,943354546.5525,43235116.6655,XLE,VDE,Energy
2020-07-14,3.5997749790311153,3.888549649242504,36.59,48.84,0.035078,0.036063,0.0,0.0,0.03507779349363508,0.03606279168434451,0.0,-0.0009849981907094282,34221117.0,585853.0,940355042.4979999,40513858.440500006,XLE,VDE,Energy
2020-07-15,3.6211358020274167,3.911222685257377,37.38,49.96,0.021591,0.022932,0.0,0.0,0.021590598524186936,0.02293202293202293,0.0,-0.001341424407835995,25902534.0,576209.0,922926933.394,39825493.572500005,XLE,VDE,Energy
2020-07-16,3.6165775423585313,3.9064072666425105,37.21,49.72,-0.004548,-0.004804,0.0,0.0,-0.00454788657035848,-0.004803843074459567,0.0,0.00025595650410108715,18822756.0,324984.0,911572817.3815,39124741.046500005,XLE,VDE,Energy
2020-07-17,3.6025042383671906,3.8899818745512658,36.69,48.91,-0.013975,-0.016291,0.0,0.0,-0.013974737973662993,-0.016291230893000806,0.0,0.0023164929193378123,17716903.0,390257.0,906970387.5289999,36193901.076,XLE,VDE,Energy
2020-07-20,3.585738695194423,3.8732821771117156,36.08,48.1,-0.016626,-0.016561,0.0,0.0,-0.016625783592259472,-0.016561030464117766,0.0,-6.47531281417063e-05,20076519.0,817070.0,889834044.1970001,36620424.481000006,XLE,VDE,Energy
2020-07-21,3.644404964012107,3.9341758100692794,38.26,51.12,0.060421,0.062786,0.0,0.0,0.06042128603104213,0.06278586278586279,0.0,-0.0023645767548206575,36188840.0,1236372.0,920896202.617,38033734.027,XLE,VDE,Energy
2020-07-22,3.6320445173613978,3.921180943212912,37.79,50.46,-0.012284,-0.012911,0.0,0.0,-0.012284370099320438,-0.012910798122065728,0.0,0.0006264280227452901,19621693.0,1622875.0,928885336.541,40439913.654999994,XLE,VDE,Energy
2020-07-23,3.6301904577652566,3.9203879217597737,37.72,50.42,-0.001852,-0.000793,0.0,0.0,-0.0018523418893887271,-0.0007927070947284979,0.0,-0.0010596347946602294,21043891.0,389062.0,908524616.71,38632805.882,XLE,VDE,Energy
2020-07-24,3.624607564093796,3.914021008090819,37.51,50.1,-0.005567,-0.006347,0.0,0.0,-0.005567338282078473,-0.006346687822292741,0.0,0.0007793495402142678,19950569.0,434676.0,900525345.8495001,34768502.512,XLE,VDE,Energy
2020-07-27,3.6256733782101436,3.9144201300278674,37.55,50.12,0.001066,0.000399,0.0,0.0,0.0010663822980538523,0.0003992015968063872,0.0,0.0006671807012474651,18230986.0,443014.0,872940578.5379999,33543873.056,XLE,VDE,Energy
2020-07-28,3.608482517041907,3.897112392692392,36.91,49.26,-0.017044,-0.017159,0.0,0.0,-0.017043941411451397,-0.017158818834796488,0.0,0.00011487742334509096,17776886.0,428074.0,869760113.901,33040512.141000003,XLE,VDE,Energy
2020-07-29,3.629129449708162,3.9189986191645714,37.68,50.35,0.020862,0.022128,0.0,0.0,0.020861555134109998,0.022127486804709703,0.0,-0.0012659316705997056,17215023.0,370084.0,862557764.603,32524763.295999996,XLE,VDE,Energy
2020-07-30,3.5890591188317256,3.882182163417125,36.2,48.53,-0.039278,-0.036147,0.0,0.0,-0.03927813163481953,-0.03614697120158888,0.0,-0.0031311604332306536,32833724.0,1114694.0,876611994.2455,33387728.6685,XLE,VDE,Energy
2020-07-31,3.5843519247600018,3.8751515306522415,36.03,48.19,-0.004696,-0.007006,527839500.0,-96380000.0,0.04841835523482897,-0.03994328576590667,624219500.0,0.08836164100073565,24774420.0,728497.0,882448403.3525,34068848.755,XLE,VDE,Energy
2020-08-03,3.5879535355239756,3.8807387153883797,36.16,48.46,0.003608,0.005603,0.0,0.0,0.0036081043574796947,0.005602822162274331,0.0,-0.001994717804794636,21105539.0,551467.0,878397002.667,32906663.445499998,XLE,VDE,Energy
2020-08-04,3.6119984097779785,3.906206120106581,37.04,49.71,0.024336,0.025795,0.0,0.0,0.024336283185840895,0.025794469665703673,0.0,-0.0014581864798627782,22572126.0,549036.0,882289100.1889999,33056308.1495,XLE,VDE,Energy
2020-08-05,3.6224725219163374,3.919594270924464,37.43,50.38,0.010529,0.013478,0.0,0.0,0.010529157667386609,0.01347817340575337,0.0,-0.002949015738366761,30763500.0,870307.0,902453961.1719999,34077552.289,XLE,VDE,Energy
2020-08-06,3.6144252681889886,3.9102213834815176,37.13,49.91,-0.008015,-0.009329,0.0,0.0,-0.008014961261020572,-0.009329098848749504,0.0,0.0013141375877289314,19190742.0,455091.0,885485522.0469999,32640132.770499997,XLE,VDE,Energy
2020-08-07,3.6157709822932977,3.9134220263418533,37.18,50.07,0.001347,0.003206,0.0,0.0,0.00134661998384056,0.003205770386696053,0.0,-0.0018591504028554928,18376577.0,620915.0,874817479.5539999,32701492.808,XLE,VDE,Energy
2020-08-10,3.6462328793924637,3.9446837876676946,38.33,51.66,0.030931,0.031756,0.0,0.0,0.030930607853684778,0.03175554224086279,0.0,-0.0008249343871780147,26308068.0,618491.0,859443860.7260001,32658913.041,XLE,VDE,Energy
2020-08-11,3.6428355156125294,3.9406104622800586,38.2,51.45,-0.003392,-0.004065,0.0,0.0,-0.0033915992695016956,-0.0040650406504065045,0.0,0.0006734413809048089,26513139.0,728851.0,847476422.6645,33103229.2125,XLE,VDE,Energy
2020-08-12,3.652734007477583,3.9518204753022124,38.58,52.03,0.009948,0.011273,0.0,0.0,0.009947643979057591,0.011273080660835762,0.0,-0.0013254366817781714,25533871.0,414093.0,848319423.7774999,32741122.07,XLE,VDE,Energy
2020-08-13,3.6331024386449378,3.93123722435195,37.83,50.97,-0.01944,-0.020373,0.0,0.0,-0.019440124416796267,-0.020372861810493945,0.0,0.0009327373936976781,15761049.0,399046.0,843111710.423,32950180.577,XLE,VDE,Energy
2020-08-14,3.6425737012374246,3.942552210462969,38.19,51.55,0.009516,0.011379,0.0,0.0,0.00951625693893735,0.011379242691779479,0.0,-0.0018629857528421282,13279662.0,435505.0,835967566.4585,33118321.221000005,XLE,VDE,Energy
2020-08-17,3.636796374243711,3.9365204770285334,37.97,51.24,-0.005761,-0.006014,0.0,0.0,-0.005760670332547788,-0.0060135790494665374,0.0,0.00025290871691874967,14255817.0,352135.0,826814194.757,32055437.741000004,XLE,VDE,Energy
2020-08-18,3.6240742307478206,3.9221713364799613,37.49,50.51,-0.012642,-0.014247,0.0,0.0,-0.012641559125625495,-0.014246682279469165,0.0,0.0016051231538436704,14348766.0,360138.0,784481705.704,29804799.427999996,XLE,VDE,Energy
2020-08-19,3.6125382208572137,3.9110225050945626,37.06,49.95,-0.01147,-0.011087,0.0,0.0,-0.011469725260069352,-0.011086913482478717,0.0,-0.0003828117775906345,14793943.0,378653.0,774819693.1595,26655971.670500003,XLE,VDE,Energy
2020-08-20,3.590715205326705,3.888754378488792,36.26,48.85,-0.021587,-0.022022,0.0,0.0,-0.021586616297895305,-0.022022022022022022,0.0,0.00043540572412671674,19107685.0,519846.0,769773147.6385,26944870.223500002,XLE,VDE,Energy
2020-08-21,3.5843519247600018,3.879499813722586,36.03,48.4,-0.006343,-0.009212,0.0,0.0,-0.0063430777716492,-0.009211873080859774,0.0,0.002868795309210574,17347787.0,547008.0,763607893.7595,27179766.203500003,XLE,VDE,Energy
2020-08-24,3.6114583071453517,3.9078141606540915,37.02,49.79,0.027477,0.028719,0.0,0.0,0.027477102414654453,0.02871900826446281,0.0,-0.0012419058498083571,24826985.0,2251923.0,775333966.7795,31675735.428000003,XLE,VDE,Energy
2020-08-25,3.597312260588446,3.895283681423848,36.5,49.17,-0.014047,-0.012452,0.0,0.0,-0.014046461372231226,-0.012452299658565978,0.0,-0.0015941617136652486,20118545.0,474851.0,779243068.2915,31788810.3495,XLE,VDE,Energy
2020-08-26,3.5759906720353185,3.872033997211783,35.73,48.04,-0.021096,-0.022981,0.0,0.0,-0.021095890410958905,-0.0229814927801505,0.0,0.001885602369191594,18001223.0,556406.0,778969149.849,32193611.091500003,XLE,VDE,Energy
2020-08-27,3.5779478934066544,3.875773872753025,35.8,48.22,0.001959,0.003747,0.0,0.0,0.0019591379792891126,0.003746877601998335,0.0,-0.0017877396227092223,22259652.0,736863.0,759384886.489,31265382.7935,XLE,VDE,Energy
2020-08-28,3.5956670723917576,3.892432355663142,36.44,49.03,0.017877,0.016798,0.0,0.0,0.017877094972067038,0.016798009124844464,0.0,0.0010790858472225738,14575050.0,450549.0,741309509.9589999,30614590.145500004,XLE,VDE,Energy
2020-08-31,3.573749146860305,3.868906714354518,35.65,47.89,-0.021679,-0.023251,-181815000.0,-81413000.0,-0.03893356471622337,-0.0517345547116181,-100402000.0,0.01280098999539473,18791540.0,530899.0,736646615.497,30549623.259999998,XLE,VDE,Energy
2020-09-01,3.566994266123812,3.8622023104441903,35.41,47.57,-0.006732,-0.006682,0.0,0.0,-0.0067321178120619,-0.00668197953643767,0.0,-5.0138275624229955e-05,18260946.0,922495.0,727174043.038,31379148.639500003,XLE,VDE,Energy
2020-09-02,3.562181801067979,3.856510295497887,35.24,47.3,-0.004801,-0.005676,0.0,0.0,-0.004800903699519721,-0.005675846121505151,0.0,0.0008749424219854293,23850473.0,843385.0,711624686.214,31181450.831500005,XLE,VDE,Energy
2020-09-03,3.554776469590456,3.849083205654272,34.98,46.95,-0.007378,-0.0074,0.0,0.0,-0.0073779795686719635,-0.007399577167019027,0.0,2.1597598347063672e-05,39442315.0,910302.0,744981682.626,32182705.186,XLE,VDE,Energy
2020-09-04,3.5516268606875596,3.846096855311979,34.87,46.81,-0.003145,-0.002982,0.0,0.0,-0.0031446540880503146,-0.002981895633652822,0.0,-0.00016275845439749255,34341015.0,926310.0,770693185.6355,32796273.038500004,XLE,VDE,Energy
2020-09-08,3.5145260669691587,3.8053282667571833,33.6,44.94,-0.036421,-0.039949,0.0,0.0,-0.0364209922569544,-0.03994872890408033,0.0,0.003527736647125926,49218848.0,1836212.0,802961437.9535,35324679.1495,XLE,VDE,Energy
2020-09-09,3.521347982792617,3.8126445614478675,33.83,45.27,0.006845,0.007343,0.0,0.0,0.006845238095238095,0.007343124165554072,0.0,-0.0004978860703159765,24977619.0,623486.0,794570985.002,34860970.513,XLE,VDE,Energy
2020-09-10,3.4840054928494704,3.773450355564206,32.59,43.53,-0.036654,-0.038436,0.0,0.0,-0.036653857522908465,-0.038436050364479786,0.0,0.0017821928415713215,37003339.0,1049232.0,805613088.7435,36067361.0215,XLE,VDE,Energy
2020-09-11,3.4849255971928677,3.763290951627747,32.62,43.09,0.00092,0.002582,0.0,0.0,0.0009205277692541663,-0.01010797151389846,0.0,0.011028499283152627,25397272.0,897278.0,817224015.192,36983577.741500005,XLE,VDE,Energy
2020-09-14,3.4925603876761278,3.7709201644501458,32.87,43.42,0.007664,0.007658,0.0,0.0,0.007664009809932557,0.00765838941749826,0.0,5.620392434297315e-06,19444213.0,559327.0,823823064.6685001,37075362.521,XLE,VDE,Energy
2020-09-15,3.4852321106052293,3.764218810659752,32.63,43.13,-0.007301,-0.006679,0.0,0.0,-0.007301490721022209,-0.006678949792722248,0.0,-0.0006225409282999608,25610440.0,719608.0,838541828.954,37725027.303,XLE,VDE,Energy
2020-09-16,3.52459425980608,3.803992261214441,33.94,44.88,0.040147,0.040575,0.0,0.0,0.040147103892123816,0.0405750057964294,0.0,-0.00042790190430558317,35899018.0,1120920.0,872565700.633,39330843.264,XLE,VDE,Energy
2020-09-17,3.5260663637080247,3.8048831298702424,33.99,44.92,0.001473,0.000891,0.0,0.0,0.0014731879787860931,0.00089126559714795,0.0,0.0005819223816381431,22356743.0,608345.0,883147808.9825001,39751500.2665,XLE,VDE,Energy
2020-09-18,3.5148236417370144,3.7954891891721947,33.61,44.5,-0.01118,-0.00935,0.0,0.0,-0.011179758752574287,-0.009349955476402494,0.0,-0.0018298032761717934,26406373.0,740436.0,892881485.9039999,40129246.5115,XLE,VDE,Energy
2020-09-21,3.4647979630717503,3.761665123839584,31.97,43.02,-0.032622,-0.033258,0.0,0.0,-0.048795001487652485,-0.03325842696629214,0.0,-0.015536574521360348,30719575.0,1150695.0,910734688.2609999,41280632.0965,XLE,VDE,Energy
2020-09-22,3.4544221428994533,3.751619483935122,31.64,42.59,-0.010322,-0.009995,0.0,0.0,-0.010322177040975915,-0.0099953509995351,0.0,-0.00032682604144081487,22348723.0,568879.0,900135618.8119999,36885897.6185,XLE,VDE,Energy
2020-09-23,3.4081729953985804,3.7045067099996354,30.21,40.63,-0.045196,-0.04602,0.0,0.0,-0.04519595448798989,-0.04602019253345856,0.0,0.0008242380454686685,26484596.0,829903.0,903424256.4449999,37404424.3795,XLE,VDE,Energy
2020-09-24,3.407841924380824,3.7049988359938197,30.2,40.65,-0.000331,0.000492,0.0,0.0,-0.00033101621979476995,0.0004922471080482402,0.0,-0.0008232633278430102,35243784.0,1270232.0,924483185.3955,38649683.707499996,XLE,VDE,Energy
2020-09-25,3.407179453339703,3.703028877218356,30.18,40.57,-0.000662,-0.001968,0.0,0.0,-0.0006622516556291391,-0.0019680196801968018,0.0,0.0013057680245676627,27558431.0,990479.0,926224080.6945,38882293.66599999,XLE,VDE,Energy
2020-09-28,3.43043250693049,3.727378753264546,30.89,41.57,0.023526,0.024649,0.0,0.0,0.02352551358515573,0.02464875523786049,0.0,-0.0011232416527047588,26375971.0,574017.0,940406026.8039999,38970867.127,XLE,VDE,Energy
2020-09-29,3.402529826895934,3.7020424406402173,30.04,40.53,-0.027517,-0.025018,0.0,0.0,-0.02751699579151829,-0.025018041857108493,0.0,-0.0024989539344097977,23801491.0,614737.0,942659946.2359998,38945394.002000004,XLE,VDE,Energy
2020-09-30,3.3995293245614584,3.6965995771290743,29.95,40.31,-0.002996,-0.005428,-149750000.0,96744000.0,-0.020544320108185837,0.0367475636487123,-246494000.0,-0.05729188375689814,24574493.0,591847.0,947129244.6105,37944107.272999994,XLE,VDE,Energy
2020-10-01,3.3683297780365384,3.66714496196793,29.03,39.14,-0.030718,-0.029025,0.0,0.0,-0.030717863105175294,-0.029025055817415032,0.0,-0.001692807287760261,28365245.0,1240010.0,946276864.302,38376201.318,XLE,VDE,Energy
2020-10-02,3.377928754722801,3.6788291182604347,29.31,39.6,0.009645,0.011753,0.0,0.0,0.009645194626248708,0.011752682677567705,0.0,-0.002107488051318997,28705210.0,853875.0,919359740.6220001,37929939.873,XLE,VDE,Energy
2020-10-05,3.4075107437187473,3.708191765146309,30.19,40.78,0.030024,0.029798,0.0,0.0,0.03002388263391334,0.0297979797979798,0.0,0.00022590283593354119,31572227.0,902206.0,907144457.626,37601509.352,XLE,VDE,Energy
2020-10-06,3.392492941032009,3.6913763343125234,29.74,40.1,-0.014906,-0.016675,0.0,0.0,-0.014905597880092747,-0.016674840608141245,0.0,0.001769242728048499,31111551.0,866304.0,870719669.323,35212480.508,XLE,VDE,Energy
2020-10-07,3.4065165431397553,3.70721041079866,30.16,40.74,0.014122,0.01596,0.0,0.0,0.014122394082044385,0.01596009975062344,0.0,-0.0018377056685790552,21043019.0,581460.0,860202899.4365,34985653.96699999,XLE,VDE,Energy
2020-10-08,3.443298557680791,3.7462045207332055,31.29,42.36,0.037467,0.039764,0.0,0.0,0.03746684350132626,0.039764359351988215,0.0,-0.0022975158506619575,30563066.0,757477.0,847721875.293,34306336.805,XLE,VDE,Energy
2020-10-09,3.427189961936409,3.7300213974451113,30.79,41.68,-0.01598,-0.016053,0.0,0.0,-0.01597954618088846,-0.016052880075542966,0.0,7.333389465450507e-05,25517943.0,1165961.0,845583797.9095,34803014.077999994,XLE,VDE,Energy
2020-10-12,3.429784838514068,3.7340917969354845,30.87,41.85,0.002598,0.004079,0.0,0.0,0.0025982461838259174,0.004078694817658349,0.0,-0.0014804486338324315,16684603.0,656062.0,839379918.5745,34961524.896000005,XLE,VDE,Energy
2020-10-13,3.414113606928702,3.717952701599643,30.39,41.18,-0.015549,-0.01601,0.0,0.0,-0.015549076773566569,-0.016009557945041816,0.0,0.00046048117147524763,25383766.0,838707.0,836167118.1515,35136587.957,XLE,VDE,Energy
2020-10-14,3.4183822064162563,3.721346644251438,30.52,41.32,0.004278,0.0034,0.0,0.0,0.0042777229351760445,0.003399708596406022,0.0,0.0008780143387700223,27245479.0,646192.0,816823085.5595,33956276.149000004,XLE,VDE,Energy
2020-10-15,3.43043250693049,3.734569580031052,30.89,41.87,0.012123,0.013311,0.0,0.0,0.012123197903014417,0.013310745401742497,0.0,-0.0011875474987280803,20360584.0,596419.0,810274722.819,33838536.45549999,XLE,VDE,Energy
2020-10-16,3.4075107437187473,3.711130063048756,30.19,40.9,-0.022661,-0.023167,0.0,0.0,-0.022661055357720946,-0.023166945306902317,0.0,0.0005058899491813713,18711488.0,697945.0,794143804.1285,33618363.880499996,XLE,VDE,Energy
2020-10-19,3.386083743852107,3.6908774567766094,29.55,40.08,-0.021199,-0.020049,0.0,0.0,-0.02119907254057635,-0.020048899755501223,0.0,-0.0011501727850751278,25186046.0,657353.0,782250946.456,32460554.347499996,XLE,VDE,Energy
2020-10-20,3.3978584803966405,3.7042605561522386,29.9,40.62,0.011844,0.013473,0.0,0.0,0.011844331641285956,0.01347305389221557,0.0,-0.001628722250929613,22993784.0,624683.0,781270973.75,32517857.689999998,XLE,VDE,Energy
2020-10-21,3.3786108829893595,3.684118137012226,29.33,39.81,-0.019064,-0.019941,0.0,0.0,-0.01906354515050167,-0.019940915805022157,0.0,0.0008773706545204853,24657633.0,609240.0,777426410.2865001,32044601.965499997,XLE,VDE,Energy
2020-10-22,3.4190372997904865,3.7249702742582897,30.54,41.47,0.041255,0.041698,0.0,0.0,0.04125468803273099,0.041698065812609895,0.0,-0.00044337777987890625,32827709.0,883601.0,774336208.0895,31295002.099,XLE,VDE,Energy
2020-10-23,3.414113606928702,3.720862499966987,30.39,41.3,-0.004912,-0.004099,0.0,0.0,-0.004911591355599214,-0.004099348926935134,0.0,-0.0008122424286640803,24987726.0,605263.0,770719385.3675001,30535683.5425,XLE,VDE,Energy
2020-10-26,3.3775875160230218,3.6843692986360503,29.3,39.82,-0.035867,-0.035835,0.0,0.0,-0.03586706153339914,-0.03583535108958838,0.0,-3.171044381076321e-05,30400969.0,1283932.0,774519117.743,31898897.82,XLE,VDE,Energy
2020-10-27,3.3645333972905638,3.670206188848315,28.92,39.26,-0.012969,-0.014063,0.0,0.0,-0.012969283276450512,-0.014063284781516826,0.0,0.0010940015050663141,21596759.0,733814.0,769998191.775,32093610.171499997,XLE,VDE,Energy
2020-10-28,3.321793358874887,3.6264719939853194,27.71,37.58,-0.04184,-0.042792,0.0,0.0,-0.04183955739972337,-0.04279164544065207,0.0,0.0009520880409286947,40549086.0,1978683.0,789378647.1604999,34618687.9,XLE,VDE,Energy
2020-10-29,3.3520071374713836,3.656356262408376,28.56,38.72,0.030675,0.030335,0.0,0.0,0.03067484662576687,0.03033528472591804,0.0,0.0003395618998488295,37252105.0,1045762.0,801402499.983,34216583.56199999,XLE,VDE,Energy
2020-10-30,3.3575937441800234,3.661251286996462,28.72,38.91,0.005602,0.004907,539936000.0,24318749.999999996,0.07334528442191643,0.015552948084727975,515617250.0,0.05779233633718846,37903718.0,1111495.0,813764753.776,34688324.5845,XLE,VDE,Energy
2020-11-02,3.391147045808654,3.6926224403927708,29.7,40.15,0.034123,0.031869,0.0,0.0,0.034122562674094706,0.03186841428938576,0.0,0.0022541483847089427,41893111.0,1746758.0,828317746.9545,36355343.2355,XLE,VDE,Energy
2020-11-03,3.3854066957558313,3.687878953780353,29.53,39.96,-0.005724,-0.004732,0.0,0.0,-0.005723905723905724,-0.004732254047322541,0.0,-0.0009916516765831832,34877454.0,915342.0,833551431.4484999,36447257.0315,XLE,VDE,Energy
2020-11-04,3.3867603338643857,3.686376323895818,29.57,39.9,0.001355,-0.001501,0.0,0.0,0.0013545546901456147,-0.0015015015015015015,0.0,0.002856056191647116,43613651.0,1015993.0,866301341.8,37289729.046500005,XLE,VDE,Energy
2020-11-05,3.3867603338643857,3.6888794541139363,29.57,40.0,0.0,0.002506,0.0,0.0,0.0,0.002506265664160401,0.0,-0.002506265664160401,31795761.0,659566.0,865495457.6815001,37004524.7605,XLE,VDE,Energy
2020-11-06,3.3648791189880436,3.667400422436812,28.93,39.15,-0.021644,-0.02125,0.0,0.0,-0.021643557659790327,-0.02125,0.0,-0.0003935576597903258,33223222.0,639737.0,874267975.056,35826947.214,XLE,VDE,Energy
2020-11-09,3.498324092392878,3.799525974201,33.06,44.68,0.142758,0.141252,0.0,0.0,0.14275838230210855,0.14125159642401022,0.0,0.0015067858780983268,99356706.0,2377058.0,1012751925.3434999,39764485.051,XLE,VDE,Energy
2020-11-10,3.530176762918616,3.8279890098181366,34.13,45.97,0.032365,0.028872,0.0,0.0,0.0323653962492438,0.028871978513876455,0.0,0.003493417735367342,73338096.0,1712317.0,1099332753.7305,41973347.96249999,XLE,VDE,Energy
2020-11-11,3.519868911379654,3.822098297900159,33.78,45.7,-0.010255,-0.005873,0.0,0.0,-0.010254907705830648,-0.005873395692843159,0.0,-0.004381512012987489,46542504.0,1146655.0,1136366442.0325,43258421.9655,XLE,VDE,Energy
2020-11-12,3.487069220736119,3.7871398232814557,32.69,44.13,-0.032268,-0.034355,0.0,0.0,-0.03226761397276495,-0.03435448577680525,0.0,0.0020868718040402967,38598610.0,910110.0,1168008948.0895,44017976.504,XLE,VDE,Energy
2020-11-13,3.522824869783854,3.8238473145244205,33.88,45.78,0.036403,0.03739,0.0,0.0,0.03640256959314775,0.037389530931339225,0.0,-0.0009869613381914763,39440989.0,911262.0,1206576992.3195,44676557.697000004,XLE,VDE,Energy
2020-11-16,3.5865698352893665,3.885679030088544,36.11,48.7,0.065821,0.063783,0.0,0.0,0.06582054309327037,0.06378331148973351,0.0,0.00203723160353686,47932662.0,1683687.0,1255907030.5955,47459000.13,XLE,VDE,Energy
2020-11-17,3.5967641652061304,3.897112392692392,36.48,49.26,0.010246,0.011499,0.0,0.0,0.010246469122126834,0.011498973305954825,0.0,-0.0012525041838279908,39010057.0,1258313.0,1292685667.4835,49289493.876,XLE,VDE,Energy
2020-11-18,3.5672766323546874,3.8693242508950307,35.42,47.91,-0.029057,-0.027406,0.0,0.0,-0.02905701754385965,-0.027405602923264313,0.0,-0.0016514146205953359,41000176.0,1490204.0,1329136560.385,51646585.338,XLE,VDE,Energy
2020-11-19,3.58351893845611,3.8862948568554145,36.0,48.73,0.016375,0.017115,0.0,0.0,0.01637492941840768,0.017115424754748487,0.0,-0.0007404953363408066,32936212.0,1806219.0,1338293830.342,54215291.257999994,XLE,VDE,Energy
2020-11-20,3.5782271840103412,3.880119456415138,35.81,48.43,-0.005278,-0.006156,0.0,0.0,-0.005277777777777778,-0.00615637184485943,0.0,0.0008785940670816518,19753247.0,757613.0,1335693169.4385,54799983.0425,XLE,VDE,Energy
2020-11-23,3.6464937376174986,3.949318790171843,38.34,51.9,0.070651,0.07165,0.0,0.0,0.07065065624127356,0.07164980384059468,0.0,-0.0009991475993211124,38162335.0,2044088.0,1364312946.0484998,57548082.7905,XLE,VDE,Energy
2020-11-24,3.6965995771290743,3.9987510089379703,40.31,54.53,0.051382,0.050674,0.0,0.0,0.051382368283776556,0.05067437379576108,0.0,0.0007079944880154787,53466025.0,1900063.0,1440844805.922,61288127.677999996,XLE,VDE,Energy
2020-11-25,3.673004104955646,3.976873977747762,39.37,53.35,-0.023319,-0.02164,0.0,0.0,-0.023319275613991566,-0.021639464514945903,0.0,-0.0016798110990456638,35676170.0,1286572.0,1454892587.914,61002113.131,XLE,VDE,Energy
2020-11-27,3.661251286996462,3.965374180925141,38.91,52.74,-0.011684,-0.011434,0.0,0.0,-0.011684023368046898,-0.011433926897844424,0.0,-0.0002500964702024742,18755356.0,611910.0,1438185127.072,60591124.56899999,XLE,VDE,Energy
2020-11-30,3.6044102974874863,3.9084165098340344,36.76,49.82,-0.055256,-0.055366,1115666000.0,98394500.0,0.04100306541931308,-0.0240740816006546,1017271500.0,0.06507714701996768,41543555.0,1243556.0,1460112442.1139998,61526409.042500004,XLE,VDE,Energy
2020-12-01,3.6090242288644716,3.914220588971633,36.93,50.11,0.004625,0.005821,0.0,0.0,0.004624591947769314,0.005820955439582497,0.0,-0.0011963634918131828,34479474.0,1191091.0,1461567521.02,61004070.858,XLE,VDE,Energy
2020-12-02,3.6410013738694724,3.9446837876676946,38.13,51.66,0.032494,0.030932,0.0,0.0,0.03249390739236393,0.0309319497106366,0.0,0.00156195768172733,37741795.0,1404067.0,1482025692.3565001,62801922.603,XLE,VDE,Energy
2020-12-03,3.6514371586380663,3.955848484968176,38.53,52.24,0.01049,0.011227,0.0,0.0,0.01049042748492001,0.011227255129694155,0.0,-0.0007368276447741445,36487667.0,1250104.0,1487836399.8285,64040288.216000006,XLE,VDE,Energy
2020-12-04,3.7045067099996354,4.008968211484625,40.63,55.09,0.054503,0.054556,0.0,0.0,0.054502984687256686,0.05455589586523737,0.0,-5.291117798068151e-05,51850225.0,1304445.0,1546160099.2775,66314249.9685,XLE,VDE,Energy
2020-12-07,3.6808472824166723,3.9847156908215866,39.68,53.77,-0.023382,-0.023961,0.0,0.0,-0.02338173763229141,-0.023960791432201853,0.0,0.000579053799910443,34656603.0,939061.0,1566861409.0065,67586630.2895,XLE,VDE,Energy
2020-12-08,3.695606774863363,4.001680877358681,40.27,54.69,0.014869,0.01711,0.0,0.0,0.014868951612903372,0.01710991259066394,0.0,-0.002240960977760567,28927347.0,931474.0,1460869987.1729999,64823398.370500006,XLE,VDE,Energy
2020-12-09,3.6978391954854084,4.003872659058025,40.36,54.81,0.002235,0.002194,0.0,0.0,0.002234914328283938,0.0021941854086670325,0.0,4.072891961690549e-05,43345886.0,1210562.0,1423190524.2970002,64205182.907000005,XLE,VDE,Energy
2020-12-10,3.728100167267218,4.036362279683754,41.6,56.62,0.030723,0.033023,0.0,0.0,0.030723488602576808,0.033023170954205434,0.0,-0.0022996823516286263,38802190.0,1254512.0,1425288790.241,65136599.703999996,XLE,VDE,Energy
2020-12-11,3.7164946211469094,4.024458434757935,41.12,55.95,-0.011539,-0.011833,0.0,0.0,-0.011538461538461539,-0.011833274461321088,0.0,0.0002948129228595494,28076100.0,1015118.0,1419923823.796,65968234.594000004,XLE,VDE,Energy
2020-12-14,3.6808472824166723,3.9889840465642745,39.68,54.0,-0.035019,-0.034853,0.0,0.0,-0.03501945525291829,-0.03485254691689008,0.0,-0.0001669083360282056,39942167.0,1299066.0,1432356047.758,67389834.076,XLE,VDE,Energy
2020-12-15,3.7003138317395994,4.008968211484625,40.46,55.09,0.019657,0.020185,0.0,0.0,0.01965725806451613,0.020185185185185184,0.0,-0.0005279271206690556,29345761.0,927130.0,1405180101.02,65843835.816,XLE,VDE,Energy
2020-12-16,3.695358420211645,4.00460218672124,40.26,54.85,-0.004943,-0.004357,0.0,0.0,-0.004943153732081068,-0.00435650753312761,0.0,-0.0005866461989534584,23814426.0,836802.0,1381964196.59,65039540.38199999,XLE,VDE,Energy
2020-12-17,3.6906279246480533,3.9887988442301956,40.07,53.99,-0.004719,-0.004687,0.0,0.0,-0.004719324391455539,-0.015679124886052873,0.0,0.010959800494597334,23181694.0,883312.0,1355797408.823,63854257.44399999,XLE,VDE,Energy
2020-12-18,3.673765816303888,3.971423348709594,39.4,53.06,-0.016721,-0.017225,0.0,0.0,-0.01672073870726229,-0.017225412113354325,0.0,0.0005046734060920356,36570153.0,1251688.0,1368555428.633,62774133.1145,XLE,VDE,Energy
2020-12-21,3.6410013738694724,3.953548752256644,38.13,52.12,-0.019032,-0.017716,0.0,0.0,-0.032233502538071064,-0.017715793441387108,0.0,-0.014517709096683956,40079448.0,1350249.0,1409598707.4915,64458322.12900001,XLE,VDE,Energy
2020-12-22,3.6240742307478206,3.937690752176724,37.49,51.3,-0.016785,-0.015733,0.0,0.0,-0.016784683975872017,-0.015732924021488872,0.0,-0.0010517599543831448,25104196.0,937759.0,1383499326.6985002,61559265.603999995,XLE,VDE,Energy
2020-12-23,3.6459719531026598,3.9627161197436642,38.32,52.6,0.022139,0.025341,0.0,0.0,0.022139237129901308,0.025341130604288498,0.0,-0.00320189347438719,26965905.0,1006403.0,1327405227.291,59025583.7245,XLE,VDE,Energy
2020-12-24,3.6407390787860012,3.9543159176183975,38.12,52.16,-0.005219,-0.008365,0.0,0.0,-0.005219206680584551,-0.008365019011406844,0.0,0.0031458123308222927,11451452.0,500239.0,1279003154.158,56898276.2265,XLE,VDE,Energy
2020-12-28,3.6344232683178777,3.947003974323392,37.88,51.78,-0.006296,-0.007285,0.0,0.0,-0.0062959076600209865,-0.0072852760736196315,0.0,0.000989368413598645,18912276.0,929035.0,1278334459.8040001,57689941.171500005,XLE,VDE,Energy
2020-12-29,3.627801604605346,3.941193382727926,37.63,51.48,-0.0066,-0.005794,0.0,0.0,-0.006599788806758183,-0.005793742757821553,0.0,-0.0008060460489366303,18984254.0,897776.0,1237696279.6150002,56903118.5995,XLE,VDE,Energy
2020-12-30,3.643358938812127,3.9575698203841165,38.22,52.33,0.015679,0.016511,0.0,0.0,0.015678979537602975,0.016511266511266512,0.0,-0.0008322869736635367,28218307.0,994305.0,1227955115.551,56520439.13149999,XLE,VDE,Energy
2020-12-31,3.634951112088381,3.9485477801105184,37.9,51.86,-0.008373,-0.008981,1023300000.0,133228340.0,0.07319957928949698,0.032351197741329135,890071660.0,0.04084838154816785,18154851.0,932467.0,1190403826.0285,55311621.001499996,XLE,VDE,Energy
2021-01-04,3.636532973741727,3.9537405987800147,37.96,52.13,0.001583,0.005206,0.0,0.0,0.0015831134564643799,0.00520632472040108,0.0,-0.0036232112639367,33858830.0,1752291.0,1184374394.8930001,56613695.845000006,XLE,VDE,Energy
2021-01-05,3.68034312309165,3.9996675152801924,39.66,54.58,0.044784,0.046998,0.0,0.0,0.04478398314014738,0.04699788989065797,0.0,-0.0022139067505105928,47736719.0,2150625.0,1173702576.5825,58889657.71750001,XLE,VDE,Energy
2021-01-06,3.7103962975761857,4.029983803061711,40.87,56.26,0.030509,0.03078,0.0,0.0,0.030509329299041994,0.030780505679736166,0.0,-0.0002711763806941721,43131366.0,1690444.0,1193082822.6515,61120211.191,XLE,VDE,Energy
2021-01-07,3.7249702742582897,4.046728708280438,41.47,57.21,0.014681,0.016886,0.0,0.0,0.014680694886224614,0.0168858869534305,0.0,-0.0022051920672058866,25728595.0,1991967.0,1188185851.1994998,64271117.14150001,XLE,VDE,Energy
2021-01-08,3.723763855967438,4.043577445168448,41.42,57.03,-0.001206,-0.003146,0.0,0.0,-0.0012056908608632747,-0.003146303093864709,0.0,0.0019406122330014343,31371973.0,939868.0,1165685209.3344998,63633605.5825,XLE,VDE,Energy
2021-01-11,3.7393348976024297,4.059235385108533,42.07,57.93,0.015693,0.015781,0.0,0.0,0.015692901979719943,0.015781167806417674,0.0,-8.826582669773167e-05,23451593.0,959994.0,1134307080.0099998,62862704.73150001,XLE,VDE,Energy
2021-01-12,3.7736800558064014,4.095344062555184,43.54,60.06,0.034942,0.036769,0.0,0.0,0.03494176372712146,0.03676851372345935,0.0,-0.0018267499963378897,43973639.0,3394290.0,1172313230.513,70215964.9965,XLE,VDE,Energy
2021-01-13,3.765840495250065,4.086312390524837,43.2,59.52,-0.007809,-0.008991,0.0,0.0,-0.007808911345888714,-0.008991008991008992,0.0,0.0011820976451202775,27382210.0,1028617.0,1152213544.785,69769650.9885,XLE,VDE,Energy
2021-01-14,3.7950396499423267,4.117409835153096,44.48,61.4,0.02963,0.031586,0.0,0.0,0.029629629629629377,0.031586021505376344,0.0,-0.0019563918757469663,41657302.0,1170929.0,1185492909.9299998,70810623.4335,XLE,VDE,Energy
2021-01-15,3.755369195382769,4.078215180292217,42.75,59.04,-0.038894,-0.038437,0.0,0.0,-0.038893884892086214,-0.038436482084690554,0.0,-0.00045740280739565986,47748499.0,1585263.0,1239616887.0045,73195390.3245,XLE,VDE,Energy
2021-01-19,3.775286481854675,4.09717388923226,43.61,60.17,0.020117,0.01914,0.0,0.0,0.020116959064327485,0.019139566395663957,0.0,0.0009773926686635279,27809736.0,1050576.0,1253811492.4234998,73971547.4765,XLE,VDE,Energy
2021-01-20,3.778948651202804,4.098834467494953,43.77,60.27,0.003669,0.001662,0.0,0.0,0.003668883283650662,0.0016619577862722287,0.0,0.0020069254973784333,25362807.0,1090772.0,1237274794.133,73937860.6345,XLE,VDE,Energy
2021-01-21,3.7445506514843974,4.063885354737392,42.29,58.2,-0.033813,-0.034345,0.0,0.0,-0.033813114005026394,-0.03434544549527128,0.0,0.0005323314902448834,29995048.0,1773080.0,1224287855.517,75578774.5405,XLE,VDE,Energy
2021-01-22,3.7393348976024297,4.060615409477973,42.07,58.01,-0.005202,-0.003265,0.0,0.0,-0.005202175455190352,-0.0032646048109965637,0.0,-0.0019375706441937886,25222345.0,899053.0,1230285242.8225,75781125.932,XLE,VDE,Energy
2021-01-25,3.7290612437467683,4.05126307251965,41.64,57.47,-0.010221,-0.009309,0.0,0.0,-0.010221060137865463,-0.009308739872435787,0.0,-0.000912320265429676,40911640.0,1181630.0,1263796603.3224998,76529699.847,XLE,VDE,Energy
2021-01-26,3.7074558396868715,4.029806041084529,40.75,56.25,-0.021374,-0.021229,0.0,0.0,-0.021373679154658983,-0.021228467026274577,0.0,-0.000145212128384406,27499841.0,810226.0,1298001061.848,77503837.16,XLE,VDE,Energy
2021-01-27,3.6938669956249757,4.018542848805819,40.2,55.62,-0.013497,-0.0112,0.0,0.0,-0.013496932515337292,-0.0112,0.0,-0.0022969325153372917,49933611.0,1517303.0,1362547769.214,79318185.188,XLE,VDE,Energy
2021-01-28,3.7054907199191334,4.0285608216760975,40.67,56.18,0.011692,0.010068,0.0,0.0,0.011691542288557078,0.010068320747932399,0.0,0.0016232215406246798,28624097.0,805821.0,1385035996.5624998,79270860.953,XLE,VDE,Energy
2021-01-29,3.671733295278966,3.9969154724461085,39.32,54.43,-0.033194,-0.03115,1380132000.0,70759000.0,0.0623369618946161,-0.011520713677139057,1309373000.0,0.07385767557175515,31534480.0,1047222.0,1393107599.5655,79519276.59349999,XLE,VDE,Energy
2021-02-01,3.6788291182604347,4.007333185232471,39.6,55.0,0.007121,0.010472,0.0,0.0,0.007121057985757884,0.010472166084879662,0.0,-0.003351108099121778,30510700.0,897316.0,1419115342.9205,79569008.6625,XLE,VDE,Energy
2021-02-02,3.6896291730044823,4.018183201256536,40.03,55.6,0.010859,0.010909,0.0,0.0,0.010858585858585859,0.01090909090909091,0.0,-5.050505050505083e-05,31964506.0,827848.0,1418828242.3395,77303079.61099999,XLE,VDE,Energy
2021-02-03,3.7314599016490546,4.059235385108533,41.74,57.93,0.042718,0.041907,0.0,0.0,0.04271796152885336,0.04190647482014388,0.0,0.0008114867087094801,37192842.0,1074784.0,1401787789.8165,74547135.842,XLE,VDE,Energy
2021-02-04,3.742420221041966,4.069197679800145,42.2,58.51,0.011021,0.010012,0.0,0.0,0.011020603737422254,0.010012083549110996,0.0,0.0010085201883112578,24163900.0,972330.0,1364634672.3955,72636468.285,XLE,VDE,Energy
2021-02-05,3.750914845033389,4.079569276639947,42.56,59.12,0.008531,0.010426,0.0,0.0,0.008530805687203675,0.01042556827892668,0.0,-0.0018947625917230052,24098229.0,1276376.0,1362567461.975,70711414.1375,XLE,VDE,Energy
2021-02-08,3.7918872041881655,4.120824195026479,44.34,61.61,0.041823,0.042118,0.0,0.0,0.04182330827067669,0.04211772665764547,0.0,-0.00029441838696877415,31184121.0,1449528.0,1366731302.149,72496651.5395,XLE,VDE,Energy
2021-02-09,3.7812307151781224,4.110709916308365,43.87,60.99,-0.0106,-0.010063,0.0,0.0,-0.010599909788001915,-0.010063301412108424,0.0,-0.0005366083758934909,32399363.0,827047.0,1388468879.0140002,72238108.74499999,XLE,VDE,Energy
2021-02-10,3.800197190245889,4.128907006571212,44.71,62.11,0.019148,0.018364,0.0,0.0,0.019147481194438227,0.01836366617478275,0.0,0.0007838150196554754,29225494.0,1069986.0,1358071858.748,65367897.398,XLE,VDE,Energy
2021-02-11,3.7846440760983158,4.11414718951828,44.02,61.2,-0.015433,-0.014651,0.0,0.0,-0.015432789085215835,-0.014651424891321848,0.0,-0.0007813641938939873,24816343.0,839021.0,1353547056.091,64874137.466,XLE,VDE,Energy
2021-02-12,3.7993021353640275,4.130033404630607,44.67,62.18,0.014766,0.016013,0.0,0.0,0.014766015447523853,0.016013071895424835,0.0,-0.0012470564479009818,23700434.0,681564.0,1313836135.782,63398367.912,XLE,VDE,Energy
2021-02-16,3.824065726669004,4.155439661581911,45.79,63.78,0.025073,0.025732,0.0,0.0,0.025072755764495188,0.025731746542296558,0.0,-0.0006589907778013701,38296698.0,891882.0,1299454009.2405,61562883.234000005,XLE,VDE,Energy
2021-02-17,3.8388069430968867,4.168678699274804,46.47,64.63,0.01485,0.013327,0.0,0.0,0.014850404018344617,0.013327061774850936,0.0,0.0015233422434936805,34535375.0,1011596.0,1319057823.7050002,61671197.812,XLE,VDE,Energy
2021-02-18,3.8159525366774125,4.141705133581938,45.42,62.91,-0.022595,-0.026613,0.0,0.0,-0.022595222724338282,-0.02661302800557006,0.0,0.004017805281231777,30680058.0,840539.0,1333225732.3035,61028071.8145,XLE,VDE,Energy
2021-02-19,3.8325468039263493,4.159195534541717,46.18,64.02,0.016733,0.017644,0.0,0.0,0.01673271686481726,0.017644253695755726,0.0,-0.0009115368309384649,27202087.0,463358.0,1332610822.1905,57351617.972500004,XLE,VDE,Energy
2021-02-22,3.8666071418976635,4.19010918420648,47.78,66.03,0.034647,0.031397,0.0,0.0,0.0346470333477696,0.03139643861293358,0.0,0.003250594734836021,37822251.0,1222838.0,1369912977.122,58781114.40300001,XLE,VDE,Energy
2021-02-23,3.8830060563576536,4.205885936955008,48.57,67.08,0.016534,0.015902,0.0,0.0,0.016534114692339893,0.01590186278964107,0.0,0.0006322519026988223,49185420.0,1412445.0,1404181735.112,60123041.128,XLE,VDE,Energy
2021-02-24,3.9178062501838733,4.2426208788567585,50.29,69.59,0.035413,0.037418,0.0,0.0,0.03541280625900762,0.037418008348240904,0.0,-0.002005202089233285,38874435.0,1560673.0,1445900575.882,63274642.206499994,XLE,VDE,Energy
2021-02-25,3.8983296782961436,4.222444564849416,49.32,68.2,-0.019288,-0.019974,0.0,0.0,-0.019288128852654605,-0.019974134214686017,0.0,0.0006860053620314117,37943918.0,1701110.0,1439103719.56,64855807.663499996,XLE,VDE,Energy
2021-02-26,3.8743211382441345,4.199455046624718,48.15,66.65,-0.023723,-0.022727,1668397500.0,130234100.00000001,0.06294386202231991,0.006442373787520049,1538163400.0,0.05650148823479986,45154407.0,2082798.0,1489605853.163,69533180.80950001,XLE,VDE,Energy
2021-03-01,3.899950424193877,4.226979720014808,49.4,68.51,0.025961,0.027907,0.0,0.0,0.02596053997923157,0.027906976744186046,0.0,-0.0019464367649544775,34695790.0,1350879.0,1513307666.783,71310602.151,XLE,VDE,Energy
2021-03-02,3.894469846180557,4.220242729097475,49.13,68.05,-0.005466,-0.006714,0.0,0.0,-0.005465587044534413,-0.0067143482703255,0.0,0.0012487612257910874,37234094.0,1317428.0,1544362032.694,73325531.921,XLE,VDE,Energy
2021-03-03,3.9090184964078474,4.234686046775173,49.85,69.04,0.014655,0.014548,0.0,0.0,0.014654996946875637,0.014548126377663484,0.0,0.00010687056921215334,41287218.0,1496801.0,1583293464.8,76191071.53299999,XLE,VDE,Energy
2021-03-04,3.9326096390365346,4.260564966136689,51.04,70.85,0.023872,0.026217,0.0,0.0,0.023871614844533602,0.026216685979142527,0.0,-0.0023450711346089254,53786915.0,2107430.0,1642936210.626,80543530.45199999,XLE,VDE,Energy
2021-03-05,3.9693480720474157,4.296604902619887,52.95,73.45,0.037422,0.036697,0.0,0.0,0.03742163009404389,0.03669724770642202,0.0,0.0007243823876218677,56197882.0,2559136.0,1740734274.221,87097405.99700001,XLE,VDE,Energy
2021-03-08,3.971234865059992,4.298237333944173,53.05,73.57,0.001889,0.001634,0.0,0.0,0.0018885741265344666,0.0016337644656228727,0.0,0.00025480966091159384,50305048.0,2000542.0,1822887382.729,90683432.288,XLE,VDE,Energy
2021-03-09,3.953548752256644,4.277499105319947,52.12,72.06,-0.017531,-0.020525,0.0,0.0,-0.0175306314797361,-0.020524670381949165,0.0,0.0029940389022130656,59444769.0,1409992.0,1908665254.486,91298362.46000001,XLE,VDE,Energy
2021-03-10,3.97855952922839,4.307303088477945,53.44,74.24,0.025326,0.030253,0.0,0.0,0.02532617037605526,0.03025256730502359,0.0,-0.004926396928968332,39208269.0,1742641.0,1942361746.5135002,95244966.0255,XLE,VDE,Energy
2021-03-11,3.978933710710773,4.309724722918476,53.46,74.42,0.000374,0.002425,0.0,0.0,0.00037425149700598805,0.0024245689655172415,0.0,-0.0020503174685112535,25398699.0,1452412.0,1944918877.1035,97326549.5545,XLE,VDE,Energy
2021-03-12,3.980989209892869,4.310396359722554,53.57,74.47,0.002058,0.000672,0.0,0.0,0.00205761316872428,0.0006718624025799516,0.0,0.0013857507661443284,29893370.0,1137220.0,1970367497.7054996,98993583.9645,XLE,VDE,Energy
2021-03-15,3.9695369116287527,4.300274132801622,52.96,73.72,-0.011387,-0.010071,0.0,0.0,-0.011386970319208512,-0.010071169598496039,0.0,-0.001315800720712473,30245850.0,1325792.0,1997523589.1664996,101761470.8005,XLE,VDE,Energy
2021-03-16,3.9406104622800586,4.271374364570287,51.45,71.62,-0.028512,-0.028486,0.0,0.0,-0.028512084592145014,-0.028486163863266415,0.0,-2.592072887859856e-05,38643535.0,1146776.0,2009253792.883,103023863.9585,XLE,VDE,Energy
2021-03-17,3.948354934675536,4.27957854046309,51.85,72.21,0.007774,0.008238,0.0,0.0,0.007774538386783284,0.008237922368053617,0.0,-0.0004633839812703327,32276128.0,873542.0,2012686710.9105,102908814.8755,XLE,VDE,Energy
2021-03-18,3.9023766283763406,4.2296036282257905,49.52,68.69,-0.044937,-0.048747,0.0,0.0,-0.04493731918997107,-0.04874671098185847,0.0,0.003809391791887398,43603550.0,2345274.0,2050974688.9924998,108319743.004,XLE,VDE,Energy
2021-03-19,3.902578546600146,4.234251421632511,49.53,69.01,0.000202,0.004659,0.0,0.0,0.00020193861066235866,0.004658611151550444,0.0,-0.004456672540888085,40579252.0,949081.0,2088659587.6875,110111338.0365,XLE,VDE,Energy
2021-03-22,3.8823882002984553,4.222151266709757,48.54,68.18,-0.00949,-0.012027,0.0,0.0,-0.019987886129618413,-0.012027242428633532,0.0,-0.007960643700984881,29780870.0,903704.0,2070580401.5384998,109154865.31549999,XLE,VDE,Energy
2021-03-23,3.8676530576922055,4.20200243692861,47.83,66.82,-0.014627,-0.019947,0.0,0.0,-0.014627111660486197,-0.01994719859196245,0.0,0.005320086931476254,51598108.0,1412750.0,2074530484.3505,109137522.5355,XLE,VDE,Energy
2021-03-24,3.892432355663142,4.226249633102039,49.03,68.46,0.025089,0.024544,0.0,0.0,0.025088856366297305,0.02454354983537863,0.0,0.000545306530918676,40815358.0,1280223.0,2076839567.6799998,108089364.16100001,XLE,VDE,Energy
2021-03-25,3.8960968548778867,4.230331271421687,49.21,68.74,0.003671,0.00409,0.0,0.0,0.003671221700999388,0.00408997955010225,0.0,-0.0004187578491028619,40335130.0,1218755.0,2082514453.257,106477439.996,XLE,VDE,Energy
2021-03-26,3.920586236088634,4.247923650150401,50.43,69.96,0.024792,0.027752,0.0,0.0,0.024791709002235318,0.01774803607797498,0.0,0.007043672924260339,36174313.0,1211872.0,2065018748.634,103775643.91700001,XLE,VDE,Energy
2021-03-29,3.908617212293313,4.232511029605105,49.83,68.89,-0.011898,-0.015294,0.0,0.0,-0.01189767995240928,-0.015294453973699256,0.0,0.0033967740212899767,23643070.0,1058761.0,2038226856.2390003,102795110.16700001,XLE,VDE,Energy
2021-03-30,3.899950424193877,4.224787858247391,49.4,68.36,-0.008629,-0.007693,0.0,0.0,-0.00862933975516757,-0.007693424299608071,0.0,-0.0009359154555594997,26696132.0,1023261.0,2012700750.368,101810067.495,XLE,VDE,Energy
2021-03-31,3.893044038830343,4.219507705176107,49.06,68.0,-0.006883,-0.005266,1682758000.0,141100000.0,0.07327272929237928,0.02534935384091059,1541658000.0,0.04792337545146869,24048696.0,1484162.0,1968783810.791,101689261.243,XLE,VDE,Energy
2021-04-01,3.9182038645032273,4.246063716857944,50.31,69.83,0.025479,0.026912,0.0,0.0,0.025479005299633102,0.026911764705882354,0.0,-0.0014327594062492517,32519753.0,1423325.0,1913323042.3825002,99193229.7055,XLE,VDE,Energy
2021-04-05,3.894062680051153,4.219360635538369,49.11,67.99,-0.023852,-0.02635,0.0,0.0,-0.02385211687537269,-0.026349706429901188,0.0,0.0024975895545284975,26686143.0,1367537.0,1830066973.9239998,94443744.777,XLE,VDE,Energy
2021-04-06,3.891412051524022,4.21921354426797,48.98,67.98,-0.002647,-0.000147,0.0,0.0,-0.0026471187130930563,-0.00014708045300779526,0.0,-0.002500038260085261,26628902.0,750580.0,1761847015.102,89635972.45,XLE,VDE,Energy
2021-04-07,3.8948768465931756,4.223470431430189,49.15,68.27,0.003471,0.004266,0.0,0.0,0.0034708044099632505,0.004265960576640188,0.0,-0.0007951561666769374,24944345.0,660560.0,1668234674.9255,86810592.834,XLE,VDE,Energy
2021-04-08,3.8817699622571253,4.209457369322605,48.51,67.32,-0.013021,-0.013915,0.0,0.0,-0.013021363173957273,-0.013915336165226307,0.0,0.0008939729912690337,31883327.0,920215.0,1640803189.796,83439353.132,XLE,VDE,Energy
2021-04-09,3.8751515306522415,4.201403634515509,48.19,66.78,-0.006597,-0.008021,0.0,0.0,-0.006596578025149453,-0.008021390374331552,0.0,0.0014248123491820983,22186742.0,869533.0,1626371422.218,80938298.767,XLE,VDE,Energy
2021-04-12,3.867234822638012,4.1920760507154355,47.81,66.16,-0.007885,-0.009284,0.0,0.0,-0.00788545341357128,-0.009284216831386643,0.0,0.001398763417815363,19598134.0,1161214.0,1593151370.0,80545156.009,XLE,VDE,Energy
2021-04-13,3.868280082480227,4.192831508936755,47.86,66.21,0.001046,0.000756,0.0,0.0,0.0010458063166701526,0.0007557436517533253,0.0,0.00029006266491682733,22412666.0,763868.0,1566693868.938,78187071.711,XLE,VDE,Energy
2021-04-14,3.8956903508072482,4.223323943478561,49.19,68.26,0.027789,0.030962,0.0,0.0,0.027789385708315923,0.030962090318682977,0.0,-0.003172704610367054,33383929.0,807235.0,1549391148.526,76835559.91,XLE,VDE,Energy
2021-04-15,3.8875253738277458,4.215233879497554,48.79,67.71,-0.008132,-0.008057,0.0,0.0,-0.008131734092295182,-0.008057427483152652,0.0,-7.43066091425295e-05,24843124.0,645585.0,1526320087.684,75867264.5365,XLE,VDE,Energy
2021-04-16,3.879499813722586,4.205736850111646,48.4,67.07,-0.007993,-0.009452,0.0,0.0,-0.007993441278950604,-0.009452075025845517,0.0,0.001458633746894913,28594505.0,493605.0,1487556399.984,69467725.351,XLE,VDE,Energy
2021-04-19,3.8784662218993033,4.203796695783181,48.35,66.94,-0.001033,-0.001938,0.0,0.0,-0.0010330578512396695,-0.0019382734456537946,0.0,0.0009052155944141251,20413942.0,709259.0,1436412587.191,68566811.2335,XLE,VDE,Energy
2021-04-20,3.851635855413051,4.175002465239555,47.07,65.04,-0.026474,-0.028384,0.0,0.0,-0.026473629782833505,-0.028383627128772036,0.0,0.0019099973459385314,36286963.0,1457009.0,1449535783.1215,70224277.56549999,XLE,VDE,Energy
2021-04-21,3.864302269216734,4.189048497691398,47.67,65.96,0.012747,0.014145,0.0,0.0,0.012746972594008922,0.014145141451414513,0.0,-0.001398168857405591,28495529.0,668641.0,1394058001.211,67709457.8335,XLE,VDE,Energy
2021-04-22,3.85248529271195,4.177152673409416,47.11,65.18,-0.011747,-0.011825,0.0,0.0,-0.011747430249632892,-0.011825348696179502,0.0,7.791844654661019e-05,25031447.0,703668.0,1352960724.4824998,65620508.51650001,XLE,VDE,Energy
2021-04-23,3.861571461932048,4.186771802468027,47.54,65.81,0.009128,0.009666,0.0,0.0,0.00912757376353216,0.009665541577170911,0.0,-0.0005379678136387522,16952371.0,568103.0,1294011922.9845,63300990.503,XLE,VDE,Energy
2021-04-26,3.868280082480227,4.195395806291828,47.86,66.38,0.006731,0.008661,0.0,0.0,0.006731173748422381,0.00866129767512536,0.0,-0.0019301239267029788,17945890.0,829568.0,1245742907.525,61815198.438999996,XLE,VDE,Energy
2021-04-27,3.8803259186848913,4.206779991551889,48.44,67.14,0.012119,0.011449,0.0,0.0,0.01211867948182198,0.011449231696294065,0.0,0.0006694477855279154,21134436.0,643969.0,1238023802.612,60330100.107499994,XLE,VDE,Energy
2021-04-28,3.914220588971633,4.241326752570746,50.11,69.5,0.034476,0.03515,0.0,0.0,0.034475639966969444,0.03515043193327376,0.0,-0.0006747919663043153,32936985.0,857062.0,1254607972.4895,59810884.45949999,XLE,VDE,Energy
2021-04-29,3.9253340194878183,4.252202646837681,50.67,70.26,0.011175,0.010935,0.0,0.0,0.011175414089004191,0.010935251798561151,0.0,0.00024016229044303977,33021248.0,903816.0,1279275853.0095,57939839.2675,XLE,VDE,Energy
2021-04-30,3.8997479745525334,4.223763342972998,49.39,68.29,-0.025262,-0.028039,540820500.0,46095750.00000001,-0.002021803266838765,-0.018597986546825804,494724750.0,0.01657618327998704,29259482.0,753464.0,1269728705.1369998,55543002.858,XLE,VDE,Energy
2021-05-03,3.926911617921897,4.252344965204106,50.75,70.27,0.027536,0.028994,0.0,0.0,0.02753593844907876,0.02899399619270757,0.0,-0.00145805774362881,22870043.0,700826.0,1262233615.113,53356412.97750001,XLE,VDE,Energy
2021-05-04,3.9275025762765323,4.25405120762004,50.78,70.39,0.000591,0.001708,0.0,0.0,0.0005911330049261083,0.0017076988757649069,0.0,-0.0011165658708387986,26958756.0,876689.0,1265467715.599,53890698.49300001,XLE,VDE,Energy
2021-05-05,3.95928819789526,4.2857910267930555,52.42,72.66,0.032296,0.032249,0.0,0.0,0.032296179598267034,0.032248898991334,0.0,4.728060693303532e-05,39810629.0,900173.0,1308510646.3705,54906205.441999994,XLE,VDE,Energy
2021-05-06,3.9644256842211942,4.290048397777529,52.69,72.97,0.005151,0.004266,0.0,0.0,0.005150705837466615,0.004266446462978255,0.0,0.0008842593744883605,29355230.0,883204.0,1308513990.167,55031131.546000004,XLE,VDE,Energy
2021-05-07,3.9821086129948338,4.311470041210748,53.63,74.55,0.01784,0.021653,0.0,0.0,0.017840197380907193,0.021652734000274086,0.0,-0.003812536619366893,31598117.0,855738.0,1339785386.0535,55317524.25400001,XLE,VDE,Energy
2021-05-10,3.9824814690767076,4.307168381129456,53.65,74.23,0.000373,-0.004292,0.0,0.0,0.00037292560134253216,-0.004292421193829644,0.0,0.004665346795172176,34499000.0,1887347.0,1385479614.2265,58481116.7325,XLE,VDE,Energy
2021-05-11,3.9564225927248304,4.2859286446285445,52.27,72.67,-0.025722,-0.021016,0.0,0.0,-0.025722273998136067,-0.021015761821366025,0.0,-0.0047065121767700425,56765912.0,1578498.0,1480203815.5005002,61687804.2015,XLE,VDE,Energy
2021-05-12,3.9611940494345954,4.289088639014612,52.52,72.9,0.004783,0.003165,0.0,0.0,0.004782858236081882,0.0031649924315398374,0.0,0.001617865804542045,41097761.0,1093290.0,1506018762.5110002,62917753.19649999,XLE,VDE,Energy
2021-05-13,3.948933359448243,4.274858931480352,51.88,71.87,-0.012186,-0.014129,0.0,0.0,-0.012185833968012186,-0.014128943758573388,0.0,0.0019431097905612017,39849065.0,1260367.0,1548782436.123,65261253.99350001,XLE,VDE,Energy
2021-05-14,3.979494720543159,4.308245532169378,53.49,74.31,0.031033,0.03395,0.0,0.0,0.031033153430994602,0.03395018783915403,0.0,-0.0029170344081594288,28591832.0,1450768.0,1556052588.707,68996278.13000001,XLE,VDE,Energy
2021-05-17,4.0024120051558265,4.331916850188431,54.73,76.09,0.023182,0.023954,0.0,0.0,0.02318190315946906,0.023953707441797874,0.0,-0.000771804282328814,33702063.0,1011521.0,1598927579.3215,70470719.9015,XLE,VDE,Energy
2021-05-18,3.978933710710773,4.308918162853243,53.46,74.36,-0.023205,-0.022736,0.0,0.0,-0.023204823679883062,-0.022736233407806544,0.0,-0.00046859027207651893,35217682.0,751667.0,1607663075.8869998,68527224.5395,XLE,VDE,Energy
2021-05-19,3.9537405987800147,4.2842759793301965,52.13,72.55,-0.024878,-0.024341,0.0,0.0,-0.024878413767302657,-0.0243410435718128,0.0,-0.0005373701954898558,43984817.0,1027340.0,1654390408.026,70048722.3715,XLE,VDE,Energy
2021-05-20,3.952204795060978,4.283310661734724,52.05,72.48,-0.001535,-0.000965,0.0,0.0,-0.0015346249760214848,-0.0009648518263266712,0.0,-0.0005697731496948136,28261328.0,842838.0,1668978940.7375,70809913.2715,XLE,VDE,Energy
2021-05-21,3.9543159176183975,4.2857910267930555,52.16,72.66,0.002113,0.002483,0.0,0.0,0.0021133525456292026,0.0024834437086092716,0.0,-0.000370091162980069,25269890.0,621804.0,1694587027.9905,71199584.28199999,XLE,VDE,Energy
2021-05-24,3.9642358768750805,4.294287720365875,52.68,73.28,0.009969,0.008533,0.0,0.0,0.009969325153374233,0.00853289292595651,0.0,0.0014364322274177232,24010194.0,655303.0,1714885364.2164998,70847278.282,XLE,VDE,Energy
2021-05-25,3.9437154521606357,4.273605885719461,51.61,71.78,-0.020311,-0.020469,0.0,0.0,-0.020311313591495826,-0.02046943231441048,0.0,0.00015811872291465398,24279253.0,772914.0,1726350372.591,71459462.695,XLE,VDE,Energy
2021-05-26,3.952588967174808,4.284138133854756,52.07,72.54,0.008913,0.010588,0.0,0.0,0.008913001356326293,0.01058790749512399,0.0,-0.0016749061387976959,19777242.0,548037.0,1695316806.2205,70468902.44399999,XLE,VDE,Energy
2021-05-27,3.9533568689211234,4.28606624352797,52.11,72.68,0.000768,0.00193,0.0,0.0,0.0007681966583445362,0.0019299696719053431,0.0,-0.001161773013560807,19526767.0,416124.0,1662534465.831,68805991.45199999,XLE,VDE,Energy
2021-05-28,3.955274047422461,4.287166353649922,52.21,72.76,0.001919,0.001101,-195787500.0,20009000.0,-0.0060712091427427275,0.005024138867877979,-215796500.0,-0.011095348010620707,18565492.0,608688.0,1638743391.8980002,68447695.56799999,XLE,VDE,Energy
2021-06-01,3.9930498440705193,4.327834405590455,54.22,75.78,0.038498,0.041506,0.0,0.0,0.038498371959394755,0.04150632215503024,0.0,-0.0030079501956354823,36285148.0,1144951.0,1679079694.0135,70323562.756,XLE,VDE,Energy
2021-06-02,4.011506283913096,4.347046915777855,55.23,77.25,0.018628,0.019398,0.0,0.0,0.01862781261527112,0.019398258115597783,0.0,-0.0007704455003266636,33946723.0,1083562.0,1704375288.094,71423314.0455,XLE,VDE,Energy
2021-06-03,4.014218517742816,4.350019838538795,55.38,77.48,0.002716,0.002977,0.0,0.0,0.0027159152634437804,0.002977346278317152,0.0,-0.00026143101487337153,29380829.0,842661.0,1681387144.986,71417454.25050001,XLE,VDE,Energy
2021-06-04,4.020877410340228,4.357349646961441,55.75,78.05,0.006681,0.007357,0.0,0.0,0.006681112314915132,0.007356737222509035,0.0,-0.0006756249075939033,26329405.0,845198.0,1677444007.9885,71493469.6515,XLE,VDE,Energy
2021-06-07,4.01656318470207,4.353755752706852,55.51,77.77,-0.004305,-0.003588,0.0,0.0,-0.004304932735426009,-0.003587443946188341,0.0,-0.0007174887892376683,20035194.0,859827.0,1648321338.2,71647143.54599999,XLE,VDE,Energy
2021-06-08,4.025173103360802,4.362716386139382,55.99,78.47,0.008647,0.009001,0.0,0.0,0.008647090614303729,0.009000900090009001,0.0,-0.0003538094757052721,28776500.0,903088.0,1636337582.45,68185520.9235,XLE,VDE,Energy
2021-06-09,4.018902367055242,4.357477761752469,55.64,78.06,-0.006251,-0.005225,0.0,0.0,-0.006251116270762636,-0.005224926723588633,0.0,-0.0010261895471740034,28026119.0,741893.0,1565948534.4959998,65345656.81950001,XLE,VDE,Energy
2021-06-10,4.01764348729183,4.355939299910563,55.57,77.94,-0.001258,-0.001537,0.0,0.0,-0.0012580877066858376,-0.0015372790161414297,0.0,0.00027919130945559204,28676949.0,919576.0,1537704716.9064999,64944202.44150001,XLE,VDE,Energy
2021-06-11,4.014218517742816,4.353627160152183,55.38,77.76,-0.003419,-0.002309,0.0,0.0,-0.0034191110311319055,-0.0023094688221709007,0.0,-0.0011096422089610048,19045746.0,957696.0,1487073912.9705,64138595.675,XLE,VDE,Energy
2021-06-14,4.0098754055956505,4.349245145149502,55.14,77.42,-0.004334,-0.004372,0.0,0.0,-0.004333694474539545,-0.004372427983539095,0.0,3.873350899954997e-05,18872546.0,1107698.0,1462636667.6085,63036166.12899999,XLE,VDE,Energy
2021-06-15,4.028738805124107,4.36906803350949,56.19,78.97,0.019042,0.020021,0.0,0.0,0.019042437431991296,0.02002066649444588,0.0,-0.0009782290624545838,32142515.0,916812.0,1460715368.1015,62807866.66650001,XLE,VDE,Energy
2021-06-16,4.023385473281607,4.365643155423357,55.89,78.7,-0.005339,-0.003419,0.0,0.0,-0.005339028296849973,-0.003419019880967456,0.0,-0.0019200084158825176,30393166.0,970220.0,1451512206.5025,63830984.4605,XLE,VDE,Energy
2021-06-17,3.9887988442301956,4.327306422473649,53.99,75.74,-0.033995,-0.037611,0.0,0.0,-0.03399534800500984,-0.03761118170266836,0.0,0.00361583369765852,53470931.0,1630997.0,1481210559.2265,66280894.2495,XLE,VDE,Energy
2021-06-18,3.9587157334201284,4.298916727950875,52.39,73.62,-0.029635,-0.02799,0.0,0.0,-0.02963511761437303,-0.02799049379456034,0.0,-0.0016446238198126913,56906115.0,1403509.0,1556726021.349,68392765.9665,XLE,VDE,Energy
2021-06-21,3.9902795033939134,4.33165396900921,54.07,76.07,0.042189,0.04222,0.0,0.0,0.03206718839473182,0.033279000271665124,0.0,-0.0012118118769333039,42183379.0,1250591.0,1604864913.3555,70890374.90300001,XLE,VDE,Energy
2021-06-22,3.9969154724461085,4.3389886449823125,54.43,76.63,0.006658,0.007362,0.0,0.0,0.006658035879415572,0.007361640594189742,0.0,-0.0007036047147741696,24172168.0,780839.0,1607406617.5715,71481129.3395,XLE,VDE,Energy
2021-06-23,3.9996675152801924,4.341855469984605,54.58,76.85,0.002756,0.002871,0.0,0.0,0.00275583318023149,0.002870938274827091,0.0,-0.00011510509459560121,20276486.0,633984.0,1600088535.499,71143224.5135,XLE,VDE,Energy
2021-06-24,4.008241863168689,4.350922889622548,55.05,77.55,0.008611,0.009109,0.0,0.0,0.008611212898497618,0.009108653220559532,0.0,-0.0004974403220619136,20878398.0,766389.0,1606066276.447,72127167.662,XLE,VDE,Energy
2021-06-25,4.01349597435878,4.3551691805039985,55.34,77.88,0.005268,0.004255,0.0,0.0,0.005267938237965486,0.00425531914893617,0.0,0.0010126190890293154,19164970.0,576201.0,1608218757.0184999,72858699.74,XLE,VDE,Energy
2021-06-28,3.97912074896064,4.321480134805848,53.47,75.3,-0.033791,-0.033128,0.0,0.0,-0.03379110950487893,-0.03312788906009245,0.0,-0.0006632204447864776,32851447.0,790995.0,1647581883.707,73622388.971,XLE,VDE,Energy
2021-06-29,3.9742463486082777,4.316153890523174,53.21,74.9,-0.004863,-0.005312,0.0,0.0,-0.004862539741911353,-0.005312084993359893,0.0,0.0004495452514485408,15955477.0,1040968.0,1591662394.0375,73182594.79200001,XLE,VDE,Energy
2021-06-30,3.9865737366924425,4.3292849234158215,53.87,75.89,0.012404,0.013218,395944500.0,32708590.0,0.028355627407523516,0.019416828479651364,363235910.0,0.008938798927872152,23517024.0,653419.0,1561261622.617,71476734.9625,XLE,VDE,Energy
2021-07-01,4.003872659058025,4.347176357238135,54.81,77.26,0.01745,0.018053,0.0,0.0,0.017449415258956748,0.018052444327315852,0.0,-0.0006030290683591046,23625827.0,916086.0,1544652686.0095,71751106.4665,XLE,VDE,Energy
2021-07-02,4.001680877358681,4.343935283551159,54.69,77.01,-0.002189,-0.003236,0.0,0.0,-0.0021893814997263274,-0.0032358270774009838,0.0,0.0010464455776746564,15235946.0,481623.0,1512922163.909,70307210.633,XLE,VDE,Energy
2021-07-06,3.9685923569160404,4.310262068444571,52.91,74.46,-0.032547,-0.033113,0.0,0.0,-0.03254708356189431,-0.033112582781456956,0.0,0.0005654992195626429,34223122.0,986258.0,1547851752.213,70635611.8775,XLE,VDE,Energy
2021-07-07,3.952204795060978,4.292375412721235,52.05,73.14,-0.016254,-0.017728,0.0,0.0,-0.016254016254016256,-0.017727639000805803,0.0,0.0014736227467895477,30411932.0,983763.0,1546438993.493,70689967.4005,XLE,VDE,Energy
2021-07-08,3.9464244321454784,4.289225803818339,51.75,72.91,-0.005764,-0.003145,0.0,0.0,-0.005763688760806916,-0.0031446540880503146,0.0,-0.0026190346727566014,24689883.0,884918.0,1532355402.6975,71020327.5905,XLE,VDE,Energy
2021-07-09,3.967457712316247,4.310262068444571,52.85,74.46,0.021256,0.021259,0.0,0.0,0.021256038647342997,0.02125908654505555,0.0,-3.0478977125526774e-06,25603035.0,639386.0,1520332519.8885,69817173.99649999,XLE,VDE,Energy
2021-07-12,3.9659428474175766,4.309187088496924,52.77,74.38,-0.001514,-0.001074,0.0,0.0,-0.0015137180700094607,-0.0010744023636852001,0.0,-0.0004393157063242606,20676528.0,2738269.0,1522149868.3425002,76277274.35949999,XLE,VDE,Energy
2021-07-13,3.9583339082913964,4.300680995219929,52.37,73.75,-0.00758,-0.00847,0.0,0.0,-0.007580064430547659,-0.00847001882226405,0.0,0.0008899543917163903,24893404.0,925126.0,1535301637.3945,75400777.5265,XLE,VDE,Energy
2021-07-14,3.9280931856056407,4.268297869345539,50.81,71.4,-0.029788,-0.031864,0.0,0.0,-0.029788046591560053,-0.031864406779661014,0.0,0.002076360188100961,33499696.0,1097497.0,1530103219.19,75698809.6345,XLE,VDE,Energy
2021-07-15,3.914021008090819,4.25405120762004,50.1,70.39,-0.013974,-0.014146,0.0,0.0,-0.013973627238732533,-0.014145658263305322,0.0,0.00017203102457278956,29835401.0,1247197.0,1519907196.308,76270503.776,XLE,VDE,Energy
2021-07-16,3.8852682681193262,4.225372824628505,48.68,68.4,-0.028343,-0.028271,0.0,0.0,-0.028343313373253493,-0.028271061230288393,0.0,-7.225214296509991e-05,37126896.0,1309753.0,1465929282.9375,74573273.397,XLE,VDE,Energy
2021-07-19,3.849296175519841,4.18737942818929,46.96,65.85,-0.035333,-0.037281,0.0,0.0,-0.03533278553820871,-0.03728070175438596,0.0,0.0019479162161772506,57497409.0,3126733.0,1451867631.027,79701725.17050001,XLE,VDE,Energy
2021-07-20,3.862622655133019,4.2034978761186235,47.59,66.92,0.013416,0.016249,0.0,0.0,0.013415672913117547,0.01624905087319666,0.0,-0.0028333779600791115,41671023.0,3834813.0,1436981065.129,87776386.6,XLE,VDE,Energy
2021-07-21,3.8969093676180977,4.239166146760841,49.25,69.35,0.034881,0.036312,0.0,0.0,0.03488127757932339,0.03631201434548715,0.0,-0.0014307367661637593,41021322.0,1419768.0,1472211515.342,89707647.5115,XLE,VDE,Energy
2021-07-22,3.885679030088544,4.228000947034774,48.7,68.58,-0.011168,-0.011103,0.0,0.0,-0.01116751269035533,-0.01110310021629416,0.0,-6.44124740611686e-05,23635028.0,1725868.0,1474428278.2280002,93189565.3635,XLE,VDE,Energy
2021-07-23,3.8819760840758493,4.222884350827332,48.52,68.23,-0.003696,-0.005104,0.0,0.0,-0.003696098562628337,-0.0051035287255759695,0.0,0.0014074301629476327,23475941.0,1069009.0,1473913120.599,93864816.2195,XLE,VDE,Energy
2021-07-26,3.9064072666425105,4.247923650150401,49.72,69.96,0.024732,0.025355,0.0,0.0,0.0247320692497939,0.025355415506375496,0.0,-0.0006233462565815966,23633103.0,1493547.0,1479635542.667,96845516.93149999,XLE,VDE,Energy
2021-07-27,3.897112392692392,4.235554730773624,49.26,69.1,-0.009252,-0.012293,0.0,0.0,-0.00925181013676589,-0.012292738707833047,0.0,0.003040928571067157,23444182.0,1300691.0,1449550219.3785,98361308.1615,XLE,VDE,Energy
2021-07-28,3.906206120106581,4.245347435758628,49.71,69.78,0.009135,0.009841,0.0,0.0,0.009135200974421437,0.009840810419681621,0.0,-0.000705609445260184,19584641.0,890313.0,1455778298.0255,97569185.05849999,XLE,VDE,Energy
2021-07-29,3.9158158036668422,4.253340627045836,50.19,70.34,0.009656,0.008025,0.0,0.0,0.009656004828002414,0.008025222126683863,0.0,0.0016307827013185509,21897010.0,1124468.0,1447385740.4765,99044540.619,XLE,VDE,Energy
2021-07-30,3.8997479745525334,4.23830059563929,49.39,69.29,-0.015939,-0.014927,-533412000.0,81554330.0,-0.038369391826693064,0.001431310455289225,-614966330.0,-0.03980070228198229,24800341.0,1231621.0,1443883603.6825001,99772651.3555,XLE,VDE,Energy
2021-08-02,3.8922283780999667,4.229894749042985,49.02,68.71,-0.007491,-0.008371,0.0,0.0,-0.007491395019234663,-0.008370616250541203,0.0,0.0008792212313065402,28905400.0,1247331.0,1473068044.7455,102203367.64449999,XLE,VDE,Energy
2021-08-03,3.9092190780954117,4.246206911531347,49.86,69.84,0.017136,0.016446,0.0,0.0,0.017135862913096694,0.016445932178722165,0.0,0.0006899307343745283,32151045.0,1359435.0,1462683330.6795,103278676.1305,XLE,VDE,Energy
2021-08-04,3.8817699622571253,4.21582445975981,48.51,67.75,-0.027076,-0.029926,0.0,0.0,-0.02707581227436823,-0.029925544100801834,0.0,0.0028497318264336033,32261915.0,1272626.0,1461787552.4819999,103992075.4145,XLE,VDE,Energy
2021-08-05,3.893044038830343,4.228584037430304,49.06,68.62,0.011338,0.012841,0.0,0.0,0.011337868480725623,0.012841328413284133,0.0,-0.00150345993255851,22899994.0,1708465.0,1454076165.5015,106627850.2605,XLE,VDE,Energy
2021-08-06,3.9021746693733315,4.238011912034514,49.51,69.27,0.009172,0.009472,0.0,0.0,0.009172441907867916,0.009472457009618187,0.0,-0.00030001510175027037,18107380.0,931561.0,1431244964.704,107473877.706,XLE,VDE,Energy
2021-08-09,3.887935209899056,4.224056168743758,48.81,68.31,-0.014139,-0.013859,0.0,0.0,-0.014138557867097556,-0.013858813339107838,0.0,-0.0002797445279897181,21096707.0,1053429.0,1428176459.0095,100888242.04450001,XLE,VDE,Energy
2021-08-10,3.905401129119259,4.243482700225814,49.67,69.65,0.017619,0.019617,0.0,0.0,0.017619340299119032,0.019616454399063094,0.0,-0.001997114099944061,26641536.0,933919.0,1429157335.2915,100729212.837,XLE,VDE,Energy
2021-08-11,3.913222286003628,4.249637446628136,50.06,70.08,0.007852,0.006174,0.0,0.0,0.007851822025367425,0.006173725771715721,0.0,0.0016780962536517034,23843077.0,1107989.0,1403730579.3345,100693542.003,XLE,VDE,Energy
2021-08-12,3.9122229854308124,4.248066578757805,50.01,69.97,-0.000999,-0.00157,0.0,0.0,-0.000998801438274071,-0.001569634703196347,0.0,0.0005708332649222759,18269054.0,641348.0,1374674669.3565001,98547788.13949999,XLE,VDE,Energy
2021-08-13,3.900355200560464,4.232946411659729,49.42,68.92,-0.011798,-0.015007,0.0,0.0,-0.011797640471905619,-0.015006431327711877,0.0,0.0032087908558062588,16525361.0,758337.0,1325141971.5235,96681662.18149999,XLE,VDE,Energy
2021-08-16,3.8817699622571253,4.213164097564083,48.51,67.57,-0.018414,-0.019588,0.0,0.0,-0.018413597733711047,-0.019587928032501645,0.0,0.0011743302987905976,24129911.0,975207.0,1248665154.322,89681630.6285,XLE,VDE,Energy
2021-08-17,3.8714093225428488,4.206035001574797,48.01,67.09,-0.010307,-0.007104,0.0,0.0,-0.01030715316429602,-0.007103744265206258,0.0,-0.0032034088990897623,25554106.0,1078783.0,1210851586.5465,80469123.904,XLE,VDE,Energy
2021-08-18,3.850360345036039,4.184032908485631,47.01,65.63,-0.020829,-0.021762,0.0,0.0,-0.02082899395959175,-0.021761812490684155,0.0,0.0009328185310924046,28152884.0,1161639.0,1176009934.9635,79357996.74249999,XLE,VDE,Energy
2021-08-19,3.824065726669004,4.1555964382538635,45.79,63.79,-0.025952,-0.028036,0.0,0.0,-0.025951925122314402,-0.028035959165016,0.0,0.0020840340427015977,49628129.0,2666256.0,1232082243.129,81944018.8825,XLE,VDE,Energy
2021-08-20,3.8262472284067424,4.159507888128514,45.89,64.04,0.002184,0.003919,0.0,0.0,0.0021838829438742082,0.003919109578303809,0.0,-0.0017352266344296007,30793775.0,1235894.0,1245785927.0005,82254427.26699999,XLE,VDE,Energy
2021-08-23,3.8630428232064276,4.196600262926448,47.61,66.46,0.037481,0.037789,0.0,0.0,0.03748093266506864,0.037788881948782015,0.0,-0.00030794928371337404,29352209.0,1029353.0,1256906966.467,80450539.88000001,XLE,VDE,Energy
2021-08-24,3.879499813722586,4.214051671586849,48.4,67.63,0.016593,0.017605,0.0,0.0,0.016593152699012813,0.01760457417995787,0.0,-0.0010114214809450565,22691060.0,975701.0,1254076311.401,79255985.4065,XLE,VDE,Energy
2021-08-25,3.887115369721961,4.2227377769905,48.77,68.22,0.007645,0.008724,0.0,0.0,0.007644628099173554,0.008723939080289813,0.0,-0.0010793109811162594,19908774.0,785147.0,1253946231.5945,78827819.76650001,XLE,VDE,Energy
2021-08-26,3.871825815676733,4.208119576480946,48.03,67.23,-0.015173,-0.014512,0.0,0.0,-0.015173262251384047,-0.014511873350923483,0.0,-0.0006613889004605644,20732666.0,716801.0,1248785182.3985,77282592.37200001,XLE,VDE,Energy
2021-08-27,3.8981269002360346,4.237578730308009,49.31,69.24,0.02665,0.029897,0.0,0.0,0.026650010410160317,0.02989736724676484,0.0,-0.0032473568366045216,23101326.0,877114.0,1244497059.552,76052210.0855,XLE,VDE,Energy
2021-08-30,3.8862948568554145,4.2249341319257026,48.73,68.37,-0.011762,-0.012565,0.0,0.0,-0.01176232001622389,-0.012564991334488735,0.0,0.0008026713182648446,15908886.0,692331.0,1212411924.891,74133737.9585,XLE,VDE,Energy
2021-08-31,3.879499813722586,4.219654753187547,48.4,68.01,-0.006772,-0.005265,-343640000.0,-86712750.0,-0.022002145557671438,-0.02286784516482136,-256927250.0,0.0008656996071499216,26936587.0,830739.0,1197445910.2459998,72211518.90799999,XLE,VDE,Energy
2021-09-01,3.864721732310133,4.20707783220934,47.69,67.16,-0.01467,-0.012498,0.0,0.0,-0.014669421487603305,-0.012498162034994854,0.0,-0.0021712594526084508,31725544.0,877922.0,1194844195.0815,70848560.40900001,XLE,VDE,Energy
2021-09-02,3.8897773964808264,4.232801305369117,48.9,68.91,0.025372,0.026057,0.0,0.0,0.02537219542881107,0.02605717689100655,0.0,-0.000684981462195481,30818152.0,1082121.0,1214020891.4394999,68715264.8995,XLE,VDE,Energy
2021-09-03,3.884034968887977,4.22829253473184,48.62,68.6,-0.005726,-0.004499,0.0,0.0,-0.0057259713701431495,-0.0044986213902191265,0.0,-0.001227349979924023,19581873.0,616566.0,1216799605.5125,67603624.756,XLE,VDE,Energy
2021-09-07,3.8780524858569927,4.222444564849416,48.33,68.2,-0.005965,-0.005831,0.0,0.0,-0.005964623611682435,-0.0058309037900874635,0.0,-0.00013371982159497177,21237455.0,726828.0,1216633402.0865,66484121.4865,XLE,VDE,Energy
2021-09-08,3.8651410195280156,4.210051369934071,47.71,67.36,-0.012829,-0.012317,0.0,0.0,-0.012828470929029587,-0.012316715542521995,0.0,-0.0005117553865075924,21894229.0,855434.0,1202697830.71,66112850.281,XLE,VDE,Energy
2021-09-09,3.867234822638012,4.211831257677767,47.81,67.48,0.002096,0.001782,0.0,0.0,0.0020959966464053656,0.0017814726840855108,0.0,0.0003145239623198548,25264730.0,790063.0,1203413946.044,64896129.387,XLE,VDE,Energy
2021-09-10,3.866816412590067,4.210793374865347,47.79,67.41,-0.000418,-0.001037,0.0,0.0,-0.0004183225266680611,-0.001037344398340249,0.0,0.0006190218716721879,18756222.0,616390.0,1202550168.9859998,64729915.904,XLE,VDE,Energy
2021-09-13,3.895080284697834,4.241182857326236,49.16,69.49,0.028667,0.030856,0.0,0.0,0.028667085164260305,0.03085595608960095,0.0,-0.0021888709253406434,34244138.0,1694821.0,1245888093.159,68005342.1665,XLE,VDE,Energy
2021-09-14,3.880532338336775,4.224348908792687,48.45,68.33,-0.014443,-0.016693,0.0,0.0,-0.014442636289666395,-0.01669304935962009,0.0,0.0022504130699536936,29465662.0,764807.0,1258741560.2234998,67323568.4325,XLE,VDE,Energy
2021-09-15,3.917209532115446,4.263806003286451,50.26,71.08,0.037358,0.040246,0.0,0.0,0.03735810113519092,0.04024586565198302,0.0,-0.002887764516792103,38332596.0,912071.0,1293728742.5185,66946291.192999996,XLE,VDE,Energy
2021-09-16,3.905803705614229,4.252629541187814,49.69,70.29,-0.011341,-0.011114,0.0,0.0,-0.011341026661360923,-0.011114237478897018,0.0,-0.0002267891824639049,30319759.0,635311.0,1302884829.9120002,65367173.324,XLE,VDE,Energy
2021-09-17,3.8983296782961436,4.243339114899988,49.32,69.64,-0.007446,-0.009247,0.0,0.0,-0.0074461662306299055,-0.009247403613600796,0.0,0.001801237382970891,32153049.0,682998.0,1268550647.4005,59241348.848000005,XLE,VDE,Energy
2021-09-20,3.8552409913291616,4.212720014957422,47.24,67.54,-0.030172,-0.030155,0.0,0.0,-0.042173560421735604,-0.03015508328546812,0.0,-0.012018477136267483,42830011.0,1181658.0,1299058816.645,59274475.326,XLE,VDE,Energy
2021-09-21,3.8575668196320874,4.215529213226812,47.35,67.73,0.002328,0.002813,0.0,0.0,0.0023285351397121083,0.0028131477642878294,0.0,-0.00048461262457572115,25661747.0,1305730.0,1289940069.1430001,60275789.952,XLE,VDE,Energy
2021-09-22,3.887935209899056,4.245490733029061,48.81,69.79,0.030834,0.030415,0.0,0.0,0.030834213305174236,0.030414882622176287,0.0,0.00041933068299794887,39626065.0,929104.0,1331735115.5755,60218565.42850001,XLE,VDE,Energy
2021-09-23,3.9223692974822906,4.2798554720627555,50.52,72.23,0.035034,0.034962,0.0,0.0,0.03503380454824831,0.03496202894397478,0.0,7.177560427353014e-05,24867147.0,833783.0,1346001983.4985,60551636.316,XLE,VDE,Energy
2021-09-24,3.929862923556477,4.287990642747287,50.9,72.82,0.007522,0.008168,0.0,0.0,0.007521773555027712,0.008168351100650513,0.0,-0.000646577545622801,27751526.0,797039.0,1366840119.7695,61044128.7535,XLE,VDE,Energy
2021-09-27,3.9648051908671156,4.325720798462787,52.71,75.62,0.03556,0.038451,0.0,0.0,0.03555992141453831,0.038450975006866436,0.0,-0.0028910535923281286,40848684.0,1403099.0,1417540507.1985,63312677.40450001,XLE,VDE,Energy
2021-09-28,3.9682142850778885,4.327438444389479,52.89,75.75,0.003415,0.001719,0.0,0.0,0.003414911781445646,0.0017191219254165564,0.0,0.0016957898560290897,66487649.0,1450213.0,1554605094.24,66438625.618499994,XLE,VDE,Energy
2021-09-29,3.9682142850778885,4.31508522892,52.89,74.82,0.0,-9e-05,0.0,0.0,0.0,-0.012277227722772455,0.0,0.012277227722772455,34947178.0,1076842.0,1581836365.921,67642163.57100001,XLE,VDE,Energy
2021-09-30,3.9529729917571004,4.302712827954156,52.09,73.9,-0.015126,-0.012296,1101703500.0,1847500.0000000002,0.0305619055378913,-0.011947298682262934,1099856000.0,0.04250920422015424,44599415.0,1757186.0,1622345982.6205,71186903.765,XLE,VDE,Energy
2021-10-01,3.9860166853364722,4.333098961050458,53.84,76.18,0.033596,0.030853,0.0,0.0,0.033595699750431945,0.030852503382950116,0.0,0.0027431963674818295,41656005.0,1192603.0,1659133566.4405,72001080.6865,XLE,VDE,Energy
2021-10-04,4.002229273314295,4.351438552905858,54.72,77.59,0.016345,0.018509,0.0,0.0,0.01634472511144131,0.018508794959306723,0.0,-0.0021640698478654144,57407887.0,2612294.0,1768598012.0095,80020653.8795,XLE,VDE,Energy
2021-10-05,4.008060193625088,4.356324137321509,55.04,77.97,0.005848,0.004898,0.0,0.0,0.005847953216374269,0.0048975383425699185,0.0,0.0009504148738043502,49014807.0,1474115.0,1852166450.866,83289007.727,XLE,VDE,Energy
2021-10-06,3.9974664872456134,4.343155860284888,54.46,76.95,-0.010538,-0.013082,0.0,0.0,-0.010537790697674418,-0.013081954597922277,0.0,0.0025441639002478592,50087432.0,1439158.0,1936325844.9225,85945066.42,XLE,VDE,Energy
2021-10-07,4.00514898341763,4.353755752706852,54.88,77.77,0.007712,0.010656,0.0,0.0,0.007712082262210797,0.010656270305393113,0.0,-0.0029441880431823157,38798075.0,923294.0,1982392425.6575,86869622.57699999,XLE,VDE,Energy
2021-10-08,4.035478809355064,4.3815265096322,56.57,79.96,0.030794,0.02816,0.0,0.0,0.030794460641399415,0.02815995885302816,0.0,0.0026345017883712546,43100213.0,1568951.0,2059483385.659,91064746.18,XLE,VDE,Energy
2021-10-11,4.03175968703048,4.3778931033922746,56.36,79.67,-0.003712,-0.003627,0.0,0.0,-0.0037122149549231043,-0.0036268134067033516,0.0,-8.540154821975272e-05,43010749.0,1539318.0,2096515585.1370003,91307963.86850001,XLE,VDE,Energy
2021-10-12,4.032646447751885,4.378645926514404,56.41,79.73,0.000887,0.000753,0.0,0.0,0.0008871540099361249,0.0007531065645788879,0.0,0.00013404744535723697,35519131.0,1414764.0,2125316727.9275002,94334957.439,XLE,VDE,Energy
2021-10-13,4.03175968703048,4.378144107409657,56.36,79.69,-0.000886,-0.000502,0.0,0.0,-0.0008863676653075696,-0.0005016932145992726,0.0,-0.00038467445070829696,28951265.0,2041628.0,2110571578.9495003,99228323.871,XLE,VDE,Energy
2021-10-14,4.0439280763080845,4.390490713086011,57.05,80.68,0.012243,0.012423,0.0,0.0,0.012242725337118524,0.01242313966620672,0.0,-0.0001804143290881962,23396112.0,893256.0,2101979547.1940002,100598918.0655,XLE,VDE,Energy
2021-10-15,4.048824046920291,4.395189621200163,57.33,81.06,0.004908,0.00471,0.0,0.0,0.0049079754601227,0.004709965294992395,0.0,0.0001980101651303046,22677414.0,951709.0,2087694935.591,102077995.6065,XLE,VDE,Energy
2021-10-18,4.04952151861378,4.397776944765114,57.37,81.27,0.000698,0.002591,0.0,0.0,0.0006977149834292691,0.0025906735751295338,0.0,-0.0018929585917002647,32628772.0,1473372.0,2080126082.091,104074583.66250001,XLE,VDE,Energy
2021-10-19,4.060787778693258,4.407938016458383,58.02,82.1,0.01133,0.010213,0.0,0.0,0.011329963395502875,0.010212870677986957,0.0,0.0011170927175159183,22276253.0,852628.0,2083995306.0215,103152766.95750001,XLE,VDE,Energy
2021-10-20,4.068855799454934,4.416307281150715,58.49,82.79,0.008101,0.008404,0.0,0.0,0.008100654946570147,0.008404384896467722,0.0,-0.00030372994989757464,25106257.0,1122412.0,2060711142.9854999,104556883.0235,XLE,VDE,Energy
2021-10-21,4.050218504179545,4.397407736712184,57.41,81.24,-0.018465,-0.018722,0.0,0.0,-0.018464694819627286,-0.018722067882594517,0.0,0.00025737306296723036,32120878.0,1080697.0,2090099709.9625,105935466.933,XLE,VDE,Energy
2021-10-22,4.059580569785761,4.40720693320418,57.95,82.04,0.009406,0.009847,0.0,0.0,0.009406026824595019,0.009847365829640572,0.0,-0.0004413390050455532,21502534.0,626574.0,2081775668.5575001,105603654.48200001,XLE,VDE,Energy
2021-10-25,4.074141854904581,4.423048609196803,58.8,83.35,0.014668,0.015968,0.0,0.0,0.014667817083692839,0.015967820575329108,0.0,-0.0013000034916362691,25056090.0,993388.0,2047783866.4755,104438481.65300001,XLE,VDE,Energy
2021-10-26,4.079907514424331,4.427477897577799,59.14,83.72,0.005782,0.004439,0.0,0.0,0.005782312925170068,0.004439112177564487,0.0,0.0013432007476055809,22751590.0,912328.0,1939233730.325,102764804.92349999,XLE,VDE,Energy
2021-10-27,4.050740924739968,4.397653890559581,57.44,81.26,-0.028745,-0.029384,0.0,0.0,-0.02874535001690903,-0.029383659818442428,0.0,0.0006383098015333988,34003784.0,1025297.0,1944474785.752,102902120.7125,XLE,VDE,Energy
2021-10-28,4.0578534536396855,4.403543478136132,57.85,81.74,0.007138,0.005907,0.0,0.0,0.007137883008356546,0.005906965296578882,0.0,0.0012309177117776635,23367503.0,805426.0,1895906111.8119998,99701094.5045,XLE,VDE,Energy
2021-10-29,4.05126307251965,4.397161522258152,57.47,81.22,-0.006569,-0.006362,-258615000.0,196958500.0,-0.01593925175740599,0.02767092164174439,-455573500.0,-0.04361017339915038,21998929.0,912360.0,1846982068.8335,98863563.6375,XLE,VDE,Energy
2021-11-01,4.0683427596831,4.414251781968619,58.46,82.62,0.017226,0.017237,0.0,0.0,0.01722637898033757,0.017237133710908643,0.0,-1.0754730571074095e-05,24828366.0,929412.0,1762487403.8195,92568570.0365,XLE,VDE,Energy
2021-11-02,4.058890081237698,4.405254760793088,57.91,81.88,-0.009408,-0.008957,0.0,0.0,-0.009408142319534725,-0.008956669087388042,0.0,-0.00045147323214668293,17062698.0,800204.0,1677003697.0145001,90097767.885,XLE,VDE,Energy
2021-11-03,4.0505668148762055,4.396792086874355,57.43,81.19,-0.008289,-0.008427,0.0,0.0,-0.008288723881885684,-0.008426966292134831,0.0,0.00013824241024914738,23337358.0,981693.0,1607628843.1755002,88545790.2135,XLE,VDE,Energy
2021-11-04,4.051958845725663,4.396668911410751,57.51,81.18,0.001393,-0.000123,0.0,0.0,0.0013930001741250218,-0.0001231678778173048,0.0,0.0015161680519423266,38181610.0,1174941.0,1610958144.9305,89724647.0135,XLE,VDE,Energy
2021-11-05,4.064915751531289,4.41267707387264,58.26,82.49,0.013041,0.016137,0.0,0.0,0.013041210224308816,0.016136979551613535,0.0,-0.0030957693273047197,22603513.0,934439.0,1554893225.829,87306074.57100001,XLE,VDE,Energy
2021-11-08,4.073971772414164,4.422448549172797,58.79,83.3,0.009097,0.009819,0.0,0.0,0.009097150703741846,0.009819372045096376,0.0,-0.00072222134135453,20011158.0,960492.0,1492511734.088,85174650.498,XLE,VDE,Energy
2021-11-09,4.078045789252598,4.425684604013345,59.03,83.57,0.004082,0.003241,0.0,0.0,0.004082326926348018,0.0032412965186072867,0.0,0.0008410304077407314,19688987.0,940798.0,1450442070.2329998,83465818.255,XLE,VDE,Energy
2021-11-10,4.05126307251965,4.396299293960601,57.47,81.15,-0.026427,-0.028958,0.0,0.0,-0.026427240386244284,-0.028957759961708594,0.0,0.00253051957546431,36016457.0,1041064.0,1472350694.6525,79555068.669,XLE,VDE,Energy
2021-11-11,4.055083848268798,4.400603020246817,57.69,81.5,0.003828,0.004313,0.0,0.0,0.003828084217852793,0.004313000616142945,0.0,-0.0004849163982901519,24498285.0,804359.0,1476278588.2549999,79229436.89,XLE,VDE,Energy
2021-11-12,4.0526541351678915,4.397653890559581,57.55,81.26,-0.002427,-0.002945,0.0,0.0,-0.0024267637372161555,-0.00294478527607362,0.0,0.0005180215388574643,17094986.0,680391.0,1460464603.2389998,78136588.94600001,XLE,VDE,Energy
2021-11-15,4.060960118202517,4.4046439245392905,58.03,81.83,0.008341,0.007015,0.0,0.0,0.008340573414422242,0.0070145212896874235,0.0,0.0013260521247348183,21375656.0,750087.0,1428890436.641,75218522.78449999,XLE,VDE,Energy
2021-11-16,4.062509838702082,4.4057431612911975,58.12,81.92,0.001551,0.0011,0.0,0.0,0.0015509219369291745,0.0010998411340584137,0.0,0.00045108080287076073,20479415.0,856733.0,1423780206.678,75227663.2125,XLE,VDE,Energy
2021-11-17,4.047078236421011,4.388629785807454,57.23,80.53,-0.015313,-0.016968,0.0,0.0,-0.015313145216792843,-0.0169677734375,0.0,0.0016546282207071574,23669489.0,1098118.0,1418087200.855,75003010.8655,XLE,VDE,Energy
2021-11-18,4.041119578762556,4.38414938005486,56.89,80.17,-0.005941,-0.00447,0.0,0.0,-0.005940940066398742,-0.004470383707934931,0.0,-0.0014705563584638112,28955461.0,1070754.0,1408248029.3705,74905337.0605,XLE,VDE,Energy
2021-11-19,4.001315112906908,4.343805421853684,54.67,77.0,-0.039023,-0.039541,0.0,0.0,-0.039022675338372295,-0.03954097542721716,0.0,0.0005183000888448683,45689812.0,4115808.0,1470837538.2075,88180991.3125,XLE,VDE,Energy
2021-11-22,4.018902367055242,4.359653205696989,55.64,78.23,0.017743,0.015974,0.0,0.0,0.01774282055972197,0.015974025974025974,0.0,0.0017687945856959958,33897329.0,1452409.0,1491475002.8855,89722144.626,XLE,VDE,Energy
2021-11-23,4.04917284357538,4.390366758948883,57.35,80.67,0.030733,0.03119,0.0,0.0,0.030733285406182604,0.031190080531765307,0.0,-0.0004567951255827034,33863649.0,1030492.0,1521302564.763,90059629.10000001,XLE,VDE,Energy
2021-11-24,4.058890081237698,4.400971050674819,57.91,81.53,0.009765,0.010661,0.0,0.0,0.00976460331299041,0.01066071649931821,0.0,-0.0008961131863278009,21434324.0,1353718.0,1485706782.257,91412278.81600001,XLE,VDE,Energy
2021-11-26,4.017823424314358,4.356708826689592,55.58,78.0,-0.040235,-0.043297,0.0,0.0,-0.040234847176653425,-0.043296945909481174,0.0,0.003062098732827749,44727231.0,1822282.0,1542413254.7785,95227402.554,XLE,VDE,Energy
2021-11-29,4.023564380161053,4.36373536470163,55.9,78.55,0.005757,0.007051,0.0,0.0,0.0057574667146455556,0.007051282051282051,0.0,-0.0012938153366364958,35441220.0,1362926.0,1578257542.197,96875200.459,XLE,VDE,Energy
2021-11-30,3.9998507157936665,4.337944122103693,54.59,76.55,-0.023435,-0.025462,-403966000.0,155779250.0,-0.038726665844112,0.0016212241040406106,-559745250.0,-0.04034788994815262,46261967.0,2240214.0,1631956267.3055,101610218.572,XLE,VDE,Energy
2021-12-01,3.9891692146047997,4.323470185213858,54.01,75.45,-0.010625,-0.01437,0.0,0.0,-0.010624656530500091,-0.014369693011103853,0.0,0.003745036480603762,44799676.0,1944599.0,1703532750.2845,105670183.1235,XLE,VDE,Energy
2021-12-02,4.017823424314358,4.35182512594076,55.58,77.62,0.029069,0.028761,0.0,0.0,0.02906869098315127,0.02876076872100729,0.0,0.0003079222621439788,50371910.0,2414402.0,1776503064.6775002,111055294.552,XLE,VDE,Energy
2021-12-03,4.0098754055956505,4.344065128386763,55.14,77.02,-0.007917,-0.00773,0.0,0.0,-0.00791651673263764,-0.007729966503478485,0.0,-0.00018655022915915493,37940112.0,2380386.0,1771312733.9064999,115453075.51900001,XLE,VDE,Energy
2021-12-06,4.024637149797281,4.361058328237685,55.96,78.34,0.014871,0.017138,0.0,0.0,0.014871236851650345,0.017138405608932743,0.0,-0.002267168757282398,31969547.0,2466459.0,1794919493.0434997,121260101.7665,XLE,VDE,Energy
2021-12-07,4.047776926405766,4.385146762010125,57.27,80.25,0.02341,0.024381,0.0,0.0,0.023409578270192993,0.024380903752872097,0.0,-0.0009713254826791036,36843346.0,1533744.0,1841597615.3735,123413800.3865,XLE,VDE,Energy
2021-12-08,4.047602299669969,4.386765389021055,57.26,80.38,-0.000175,0.00162,0.0,0.0,-0.00017461148943600488,0.0016199376947040498,0.0,-0.0017945491841400547,23514986.0,1043334.0,1850808975.1609998,123675835.2895,XLE,VDE,Energy
2021-12-09,4.039888376426042,4.376385754783795,56.82,79.55,-0.007684,-0.010326,0.0,0.0,-0.007684247293049249,-0.010325951729285892,0.0,0.002641704436236643,23399407.0,773452.0,1813793401.2584999,122528123.4395,XLE,VDE,Energy
2021-12-10,4.0472529546882505,4.384772860341907,57.24,80.22,0.007392,0.008422,0.0,0.0,0.007391763463569166,0.00842237586423633,0.0,-0.0010306124006671637,19525626.0,1031673.0,1799010439.788,123388400.91749999,XLE,VDE,Energy
2021-12-13,4.019082077721554,4.355040769588895,55.65,77.87,-0.027778,-0.029294,0.0,0.0,-0.027777777777777776,-0.029294440289204686,0.0,0.0015166625114269097,28603968.0,1304841.0,1829410158.5329998,125704370.71800001,XLE,VDE,Energy
2021-12-14,4.014940539434832,4.349245145149502,55.42,77.42,-0.004133,-0.005779,0.0,0.0,-0.004132973944294699,-0.005778862206241171,0.0,0.0016458882619464722,28798849.0,1501560.0,1847190303.228,128447928.51750001,XLE,VDE,Energy
2021-12-15,4.0100567456995115,4.3463994570307305,55.15,77.2,-0.004872,-0.002842,0.0,0.0,-0.004871887405268856,-0.0028416429863084474,0.0,-0.0020302444189604085,33858091.0,2303393.0,1881040809.1704998,133829847.1295,XLE,VDE,Energy
2021-12-16,4.0163830207523885,4.337944122103693,55.5,76.55,0.006346,0.003747,0.0,0.0,0.006346328195829556,-0.008419689119170985,0.0,0.01476601731500054,26865904.0,1579315.0,1887863449.9970002,135453103.16500002,XLE,VDE,Energy
2021-12-17,3.995812531157829,4.319353040145823,54.37,75.14,-0.02036,-0.018419,0.0,0.0,-0.02036036036036036,-0.018419333768778575,0.0,-0.0019410265915817855,34834574.0,2217171.0,1900197430.6015,139490897.203,XLE,VDE,Energy
2021-12-20,3.9704805749997147,4.3054155323020415,53.01,74.1,-0.012231,-0.013841,0.0,0.0,-0.025013794371896266,-0.01384083044982699,0.0,-0.011172963922069276,36330793.0,2078428.0,1871599096.346,131345612.143,XLE,VDE,Energy
2021-12-21,3.998567606828332,4.336506119372072,54.52,76.44,0.028485,0.031579,0.0,0.0,0.028485191473306925,0.031578947368421054,0.0,-0.0030937558951141288,25159686.0,1796407.0,1845882031.104,132530381.8935,XLE,VDE,Energy
2021-12-22,4.004966751070884,4.342375829044089,54.87,76.89,0.00642,0.005887,0.0,0.0,0.006419662509170946,0.005886970172684459,0.0,0.0005326923364864875,21103076.0,997242.0,1806674306.6025002,132207789.28050001,XLE,VDE,Energy
2021-12-23,4.005513348515485,4.342895917470844,54.9,76.93,0.000547,0.00052,0.0,0.0,0.0005467468562055768,0.0005202236961895263,0.0,2.6523160016050516e-05,16685276.0,1006575.0,1790412304.0805001,130561148.591,XLE,VDE,Energy
2021-12-27,4.027135812528651,4.366151285515591,56.1,78.74,0.021858,0.023528,0.0,0.0,0.02185792349726776,0.02352788249057568,0.0,-0.0016699589933079212,21742156.0,754629.0,1727102076.7115002,126425223.164,XLE,VDE,Energy
2021-12-28,4.026422545736642,4.36386266404621,56.06,78.56,-0.000713,-0.002286,0.0,0.0,-0.00071301247771836,-0.002286004572009144,0.0,0.001572992094290784,17940733.0,809542.0,1678331741.4105,124252212.275,XLE,VDE,Energy
2021-12-29,4.019980146933238,4.357733942104837,55.7,78.08,-0.006422,-0.00611,0.0,0.0,-0.006421691045308598,-0.006109979633401222,0.0,-0.00031171141190737637,15109066.0,802536.0,1594138451.294,118810893.73400001,XLE,VDE,Energy
2021-12-30,4.0138573113094145,4.348728349272367,55.36,77.38,-0.006104,-0.008965,0.0,0.0,-0.006104129263913824,-0.008965163934426229,0.0,0.0028610346705124053,13589987.0,791003.0,1510774010.272,114535284.6135,XLE,VDE,Energy
2021-12-31,4.0163830207523885,4.351696284866048,55.5,77.61,0.002529,0.002972,585525000.0,3880500.0,0.02526594188100563,0.003638664824736077,581644500.0,0.021627277056269552,13241176.0,770962.0,1407534735.782,108156708.49249999,XLE,VDE,Energy
2022-01-03,4.0469034876219645,4.383275854074314,57.22,80.1,0.030991,0.032084,0.0,0.0,0.03099099099099099,0.03208349439505218,0.0,-0.0010925034040611924,32527141.0,1338004.0,1395993997.399,104348548.0265,XLE,VDE,Energy
2022-01-04,4.0809215418899605,4.417635062141249,59.2,82.9,0.034603,0.034956,0.0,0.0,0.03460328556448794,0.03495630461922597,0.0,-0.00035301905473802964,39978797.0,3049410.0,1424880444.013,107327232.5735,XLE,VDE,Energy
2022-01-05,4.080752608702634,4.413161863604593,59.19,82.53,-0.000169,-0.004463,0.0,0.0,-0.00016891891891891893,-0.004463208685162847,0.0,0.004294289766243928,45402016.0,2350555.0,1453746789.094,110872649.98099999,XLE,VDE,Energy
2022-01-06,4.10280864063423,4.436514819957951,60.51,84.48,0.022301,0.023628,0.0,0.0,0.022301064368981247,0.023627771719374774,0.0,-0.0013267073503935266,37340673.0,1791462.0,1499397590.3375,114246626.123,XLE,VDE,Energy
2022-01-07,4.116432158686106,4.4487502667167895,61.34,85.52,0.013717,0.012311,0.0,0.0,0.013716741034539745,0.01231060606060606,0.0,0.0014061349739336853,35584587.0,1896004.0,1542057803.3795,119277533.897,XLE,VDE,Energy
2022-01-10,4.113329862133181,4.445470807230416,61.15,85.24,-0.003097,-0.003274,0.0,0.0,-0.0030974894033257254,-0.003274087932647334,0.0,0.0001765985293216087,33236482.0,2279552.0,1587796005.4825,124854944.118,XLE,VDE,Energy
2022-01-11,4.146778872070522,4.479833694676794,63.23,88.22,0.034015,0.03496,0.0,0.0,0.03401471790678659,0.034960112623181605,0.0,-0.0009453947163950149,38443870.0,1928804.0,1629745759.5275,128282500.12850001,XLE,VDE,Energy
2022-01-12,4.148674906767148,4.4835673642288425,63.35,88.55,0.001898,0.003741,0.0,0.0,0.0018978333069745374,0.003740648379052369,0.0,-0.0018428150720778316,30248350.0,1734223.0,1645755797.5735002,130148233.70099998,XLE,VDE,Energy
2022-01-13,4.143610803525019,4.475403127929026,63.03,87.83,-0.005051,-0.008131,0.0,0.0,-0.005051302288871349,-0.008130999435347262,0.0,0.0030796971464759123,29776988.0,1200071.0,1646234289.323,126527248.5175,XLE,VDE,Energy
2022-01-14,4.16682025054415,4.500365071621965,64.51,90.05,0.023481,0.025276,0.0,0.0,0.023480882119625703,0.025276101559831492,0.0,-0.0017952194402057892,32400471.0,1599451.0,1676189124.9334998,127683948.48249999,XLE,VDE,Energy
2022-01-18,4.170842533194826,4.501474949649326,64.77,90.15,0.00403,0.00111,0.0,0.0,0.004030382886374081,0.001110494169905608,0.0,0.002919888716468473,41091165.0,2474121.0,1714565073.367,130506137.44299999,XLE,VDE,Energy
2022-01-19,4.163559631243574,4.493008819099761,64.3,89.39,-0.007256,-0.00843,0.0,0.0,-0.00725644588544079,-0.008430393788130893,0.0,0.001173947902690103,32989028.0,1533309.0,1724330031.5405,129658686.2785,XLE,VDE,Energy
2022-01-20,4.154341536128396,4.480626850913491,63.71,88.29,-0.009176,-0.012306,0.0,0.0,-0.009175738724727838,-0.012305627027631726,0.0,0.0031298883029038885,41990402.0,1579111.0,1789505153.0755,129763804.23400001,XLE,VDE,Energy
2022-01-21,4.134366236571586,4.4591034098533076,62.45,86.41,-0.019777,-0.021293,0.0,0.0,-0.019777115052582013,-0.021293464718541173,0.0,0.0015163496659591595,57269777.0,2692057.0,1910433742.752,137560939.6335,XLE,VDE,Energy
2022-01-24,4.14106910239497,4.4665975361241514,62.87,87.06,0.006725,0.007522,0.0,0.0,0.006725380304243395,0.0075222775141766,0.0,-0.0007968972099332049,62294641.0,2895823.0,2060455864.1155,146294666.41500002,XLE,VDE,Energy
2022-01-25,4.179145163914566,4.503026712319388,65.31,90.29,0.03881,0.037101,0.0,0.0,0.038810243359312865,0.03710084998851367,0.0,0.0017093933707991935,59217211.0,2295611.0,2192842919.0559998,153687227.9015,XLE,VDE,Energy
2022-01-26,4.177459468932607,4.500476114873425,65.2,90.06,-0.001684,-0.002547,0.0,0.0,-0.0016842749961721022,-0.0025473474360394287,0.0,0.0008630724398673265,65362736.0,3162176.0,2355637563.8170004,164746625.4535,XLE,VDE,Energy
2022-01-27,4.188290175064629,4.510639702141858,65.91,90.98,0.01089,0.010216,0.0,0.0,0.010889570552147239,0.010215411947590495,0.0,0.0006741586045567443,54450687.0,2047486.0,2493001054.0155,170927538.72349998,XLE,VDE,Energy
2022-01-28,4.184032908485631,4.508549147383666,65.63,90.79,-0.004248,-0.002088,0.0,0.0,-0.004248217265968867,-0.002088371070564959,0.0,-0.002159846195403908,52651198.0,3111238.0,2628158876.2365,181990613.01749998,XLE,VDE,Energy
2022-01-31,4.188441885601216,4.512835574785296,65.92,91.18,0.004419,0.004296,2590656000.0,175886220.0,0.08739467042039338,0.030019101153805443,2414769780.0,0.057375569266587934,31649182.0,1962879.0,2695730316.7085,187947660.3375,XLE,VDE,Energy
2022-02-01,4.223470431430189,4.548917244437293,68.27,94.53,0.035649,0.036741,0.0,0.0,0.03564927184466019,0.036740513270453905,0.0,-0.0010912414257937125,45222321.0,2368512.0,2757036559.041,193783726.2855,XLE,VDE,Energy
2022-02-02,4.226687749209813,4.552191261197205,68.49,94.84,0.003223,0.003279,0.0,0.0,0.003222498901420829,0.0032793822067068656,0.0,-5.688330528603666e-05,32598533.0,2339308.0,2750332996.1794996,192236920.37150002,XLE,VDE,Energy
2022-02-03,4.2171519914836475,4.54063166485052,67.84,93.75,-0.00949,-0.011493,0.0,0.0,-0.009490436560081764,-0.011493040911008013,0.0,0.0020026043509262497,30981274.0,1807819.0,2721054211.2355,191011506.7265,XLE,VDE,Energy
2022-02-04,4.232656178019613,4.555769835692964,68.9,95.18,0.015625,0.015253,0.0,0.0,0.015625,0.015253333333333466,0.0,0.00037166666666653414,40866724.0,2042894.0,2748865869.254,193166503.7845,XLE,VDE,Energy
2022-02-07,4.245347435758628,4.566533302373173,69.78,96.21,0.012772,0.010822,0.0,0.0,0.012772133526850507,0.010821601176717537,0.0,0.0019505323501329708,32582458.0,1712509.0,2753408136.887,193297215.225,XLE,VDE,Energy
2022-02-08,4.22361689792624,4.545207844815408,68.28,94.18,-0.021496,-0.0211,0.0,0.0,-0.021496130696474634,-0.021099677788171452,0.0,-0.0003964529083031812,37882124.0,1910225.0,2781117164.508,192577014.126,XLE,VDE,Energy
2022-02-09,4.231930225174664,4.5541926312232235,68.85,95.03,0.008348,0.009025,0.0,0.0,0.008347978910369069,0.009025270758122612,0.0,-0.0006772918477535427,35395715.0,1346938.0,2781426618.3905,190469035.589,XLE,VDE,Energy
2022-02-10,4.225665179549459,4.548599834499697,68.42,94.5,-0.006245,-0.005577,0.0,0.0,-0.006245461147421931,-0.0055771861517415556,0.0,-0.0006682749956803758,37821621.0,1460433.0,2815002735.2065,189691309.18150002,XLE,VDE,Energy
2022-02-11,4.254335298531042,4.576976451617309,70.41,97.22,0.029085,0.028783,0.0,0.0,0.029085062847120726,0.028783068783068782,0.0,0.0003019940640519442,46517005.0,2406479.0,2884923673.627,196119091.804,XLE,VDE,Energy
2022-02-14,4.230476736546681,4.555034116494294,68.75,95.11,-0.023576,-0.021703,0.0,0.0,-0.023576196562988212,-0.02170335321950216,0.0,-0.0018728433434860511,49816495.0,2547279.0,2951660155.979,201031148.96100003,XLE,VDE,Energy
2022-02-15,4.219948784356969,4.543932876516902,68.03,94.06,-0.010473,-0.01104,0.0,0.0,-0.010472727272727272,-0.011039848596362107,0.0,0.0005671213236348345,43072396.0,1899287.0,2965097173.1204996,198811395.3145,XLE,VDE,Energy
2022-02-16,4.228000947034774,4.550608397995409,68.58,94.69,0.008085,0.006698,0.0,0.0,0.008084668528590327,0.006697852434616202,0.0,0.0013868160939741253,36722109.0,1836773.0,2984957559.8615,200654472.5075,XLE,VDE,Energy
2022-02-17,4.226395693132972,4.548599834499697,68.47,94.5,-0.001604,-0.002007,0.0,0.0,-0.0016039661708953047,-0.0020065476819093883,0.0,0.00040258151101408364,33811427.0,2052550.0,2966950554.625,203381785.748,XLE,VDE,Energy
2022-02-18,4.220242729097475,4.541804310366271,68.05,93.86,-0.006134,-0.006772,0.0,0.0,-0.006134073316781072,-0.006772486772486773,0.0,0.0006384134557057006,31645770.0,1545552.0,2895800408.3675,199004029.0155,XLE,VDE,Energy
2022-02-22,4.203946072137182,4.524393875960803,66.95,92.24,-0.016165,-0.01726,0.0,0.0,-0.016164584864070537,-0.01725974856168762,0.0,0.0010951636976170818,46501366.0,2013024.0,2855640527.069,195682578.18449998,XLE,VDE,Energy
2022-02-23,4.21419952403038,4.536248740521669,67.64,93.34,0.010306,0.011925,0.0,0.0,0.010306198655713219,0.011925411968777104,0.0,-0.0016192133130638851,33978980.0,1959049.0,2777183634.9085,194461924.00800002,XLE,VDE,Energy
2022-02-24,4.206333064170148,4.532707014254376,67.11,93.01,-0.007836,-0.003535,0.0,0.0,-0.007835600236546423,-0.0035354617527319477,0.0,-0.004300138483814475,61742931.0,3188522.0,2771279520.519,195050867.04099998,XLE,VDE,Energy
2022-02-25,4.232365860119475,4.557868912870078,68.88,95.38,0.026375,0.025481,0.0,0.0,0.02637460885113992,0.025481131061176217,0.0,0.0008934777899637023,39211463.0,2373159.0,2726881560.0825,197054448.498,XLE,VDE,Energy
2022-02-28,4.256746818247124,4.585171539481402,70.58,98.02,0.024681,0.027679,-539937000.0,196138020.0,0.009460329514677917,0.054301733443541125,-736075020.0,-0.04484140392886321,48197133.0,2683246.0,2724194336.2025003,196081572.243,XLE,VDE,Energy
2022-03-01,4.266756065129537,4.594614672048575,71.29,98.95,0.01006,0.009488,0.0,0.0,0.010059506942476622,0.009487859620485616,0.0,0.0005716473219910066,62115463.0,2571924.0,2841289200.1940002,199857400.87199998,XLE,VDE,Energy
2022-03-02,4.289362949810462,4.618579872898009,72.92,101.35,0.022864,0.024255,0.0,0.0,0.02286435685229345,0.02425467407781708,0.0,-0.0013903172255236296,45454101.0,2353713.0,2852648459.7065,200590069.5315,XLE,VDE,Energy
2022-03-03,4.292101927145895,4.6203543213131315,73.12,101.53,0.002743,0.001776,0.0,0.0,0.0027427317608337905,0.0017760236803157376,0.0,0.0009667080805180529,44559875.0,3128091.0,2903925686.4480004,205376824.957,XLE,VDE,Energy
2022-03-04,4.32055008757213,4.651385609785055,75.23,104.73,0.028857,0.031518,0.0,0.0,0.028856673960612693,0.03151777799665124,0.0,-0.0026611040360385446,52625893.0,2639166.0,2996789501.5595,210722666.1535,XLE,VDE,Energy
2022-03-07,4.3351970473170836,4.667017589314171,76.34,106.38,0.014755,0.015755,0.0,0.0,0.014754752093579689,0.015754798052134058,0.0,-0.0010000459585543693,65607361.0,4433324.0,3106426934.3165,224581383.96349996,XLE,VDE,Energy
2022-03-08,4.350793932242783,4.677118685300675,77.54,107.46,0.015719,0.010152,0.0,0.0,0.015719151165837046,0.010152284263959277,0.0,0.005566866901877769,98027181.0,4846743.0,3372798119.0915003,242384909.558,XLE,VDE,Energy
2022-03-09,4.319752215189378,4.649761069315966,75.17,104.56,-0.030565,-0.026987,0.0,0.0,-0.030564869744647925,-0.026986785780755522,0.0,-0.0035780839638924027,87018243.0,3725494.0,3570526614.071,252866542.66499996,XLE,VDE,Energy
2022-03-10,4.349890764643811,4.678606504061274,77.47,107.62,0.030597,0.029266,0.0,0.0,0.0305973127577491,0.029265493496557,0.0,0.0013318192611921006,68901344.0,2720977.0,3715566221.1675005,261108143.99499997,XLE,VDE,Energy
2022-03-11,4.341855469984605,4.669364898030088,76.85,106.63,-0.008003,-0.009199,0.0,0.0,-0.008003097973409062,-0.00919903363687047,0.0,0.0011959356634614077,45918864.0,2982289.0,3762621690.6464996,270107671.8735,XLE,VDE,Energy
2022-03-14,4.311470041210748,4.637056374850413,74.55,103.24,-0.029928,-0.031792,0.0,0.0,-0.02992843201040989,-0.031792178561380474,0.0,0.0018637465509705846,50745013.0,3221280.0,3788010610.5015,275038024.8145,XLE,VDE,Energy
2022-03-15,4.274162988797936,4.602767301371781,71.82,99.76,-0.03662,-0.033708,0.0,0.0,-0.036619718309859155,-0.033707865168539325,0.0,-0.00291185314131983,62362196.0,4236752.0,3840709054.775,284057358.50600004,XLE,VDE,Energy
2022-03-16,4.26955757977876,4.599956618935204,71.49,99.48,-0.004595,-0.002807,0.0,0.0,-0.004594820384294068,-0.0028067361668003207,0.0,-0.0017880842174937475,53768064.0,2643224.0,3886392244.5490007,288272407.921,XLE,VDE,Energy
2022-03-17,4.303389189156809,4.635020207956977,73.95,103.03,0.03441,0.035686,0.0,0.0,0.03441040704993705,0.03568556493767591,0.0,-0.0012751578877388606,38478153.0,1883456.0,3902745103.5055,289278829.7365,XLE,VDE,Energy
2022-03-18,4.302442155331039,4.634826070895602,73.88,103.01,-0.000947,-0.000194,0.0,0.0,-0.0009465855307640297,-0.00019411821799475881,0.0,-0.0007524673127692709,29275387.0,1668736.0,3895134962.7489996,288175355.75450003,XLE,VDE,Energy
2022-03-21,4.332442405318121,4.672735372150515,76.13,106.99,0.039929,0.038637,0.0,0.0,0.030454791553871142,0.0386370255315018,0.0,-0.008182233977630658,34357426.0,2048832.0,3918241772.393,291882307.0025,XLE,VDE,Energy
2022-03-22,4.325059379032629,4.666265285347902,75.57,106.3,-0.007356,-0.006449,0.0,0.0,-0.007355838696965717,-0.006449200859893448,0.0,-0.0009066378370722692,33231054.0,1667652.0,3888141987.247,291461810.69449997,XLE,VDE,Energy
2022-03-23,4.34211568336104,4.683519152399068,76.87,108.15,0.017203,0.017404,0.0,0.0,0.017202593621807597,0.017403574788334902,0.0,-0.00020098116652730522,29331529.0,1558378.0,3885960808.5985003,290745858.0465,XLE,VDE,Energy
2022-03-24,4.344584339198011,4.679442430362679,77.06,107.71,0.002472,0.003515,0.0,0.0,0.0024717054767789777,-0.004068423485899325,0.0,0.006540128962678303,26350284.0,1315582.0,3780310047.88,283002703.3465,XLE,VDE,Energy
2022-03-25,4.366278277705742,4.705467907303455,78.75,110.55,0.021931,0.026367,0.0,0.0,0.021930962886062808,0.026367096834091656,0.0,-0.004436133948028848,28049621.0,1205876.0,3755711151.9955,278350587.6655,XLE,VDE,Energy
2022-03-28,4.341204640153626,4.6799993266087405,76.8,107.77,-0.024762,-0.025147,0.0,0.0,-0.024761904761904763,-0.025146992311171415,0.0,0.00038508754926665223,34880188.0,881606.0,3719563391.5585,269950532.9505,XLE,VDE,Energy
2022-03-29,4.338597076746545,4.676560182074764,76.6,107.4,-0.002604,-0.003433,0.0,0.0,-0.0026041666666666665,-0.003433237450125267,0.0,0.0008290707834586004,36636968.0,1841018.0,3638472411.1349998,267112205.6205,XLE,VDE,Energy
2022-03-30,4.350148895775859,4.686934487790731,77.49,108.52,0.011619,0.010428,0.0,0.0,0.011618798955613577,0.010428305400372439,0.0,0.0011904935552411386,24868234.0,1029938.0,3569098731.5220003,260773208.581,XLE,VDE,Energy
2022-03-31,4.336506119372072,4.673202596379919,76.44,107.04,-0.01355,-0.013638,-1586130000.0,-160131840.0,-0.05389283080767123,-0.03225944556705738,-1425998160.0,-0.021633385240613853,32803294.0,1343293.0,3531562018.19,252082758.7555,XLE,VDE,Energy
2022-04-01,4.344584339198011,4.685551297934904,77.06,108.37,0.008111,0.012425,0.0,0.0,0.008110936682365254,0.012425261584454294,0.0,-0.00431432490208904,24806291.0,691073.0,3429188360.8935,242007345.04700002,XLE,VDE,Energy
2022-04-04,4.345881188037528,4.685551297934904,77.16,108.37,0.001298,0.0,0.0,0.0,0.0012976901116013497,0.0,0.0,0.0012976901116013497,23003669.0,881543.0,3267513218.9585,223203135.4365,XLE,VDE,Energy
2022-04-05,4.330075229041782,4.668895876868636,75.95,106.58,-0.015682,-0.016518,0.0,0.0,-0.01568170036288232,-0.01651748638922211,0.0,0.0008357860263397895,27288559.0,835442.0,2991090141.0239997,201613655.7155,XLE,VDE,Energy
2022-04-06,4.335982696172475,4.673949701382917,76.4,107.12,0.005925,0.005067,0.0,0.0,0.005924950625411455,0.005066616626008632,0.0,0.0008583339994028228,32164186.0,915189.0,2786899265.2285,187038525.3675,XLE,VDE,Energy
2022-04-07,4.3489867805956814,4.686658002834359,77.4,108.49,0.013089,0.012789,0.0,0.0,0.013089005235602094,0.01278939507094847,0.0,0.00029961016465362457,27048693.0,703072.0,2624688351.1545,176210762.1945,XLE,VDE,Energy
2022-04-08,4.376134308969044,4.713127327493184,79.53,111.4,0.027519,0.026823,0.0,0.0,0.02751937984496124,0.02682274864042769,0.0,0.0006966312045335495,26713051.0,1654190.0,2554469563.536,169524526.69099998,XLE,VDE,Energy
2022-04-11,4.345621952780082,4.683056724645162,77.14,108.1,-0.030052,-0.029623,0.0,0.0,-0.030051552873129637,-0.0296229802513465,0.0,-0.00042857262178313746,26230495.0,1186609.0,2466488546.7935,159309900.976,XLE,VDE,Energy
2022-04-12,4.362078996864185,4.699752828474039,78.42,109.92,0.016593,0.016836,0.0,0.0,0.016593207155820584,0.016836262719703978,0.0,-0.0002430555638833938,31964711.0,852889.0,2367879532.7885,142864459.944,XLE,VDE,Energy
2022-04-13,4.376888456817758,4.715458539882214,79.59,111.66,0.01492,0.01583,0.0,0.0,0.014919663351185922,0.015829694323144104,0.0,-0.0009100309719581815,24647942.0,859470.0,2273772073.2095003,134515484.778,XLE,VDE,Energy
2022-04-14,4.380149874661021,4.719569726296587,79.85,112.12,0.003267,0.00412,0.0,0.0,0.0032667420530217363,0.0041196489342647325,0.0,-0.0008529068812429962,25934716.0,788502.0,2235043456.122,129233203.40600002,XLE,VDE,Energy
2022-04-18,4.394696037774544,4.735320870453137,81.02,113.9,0.014653,0.015876,0.0,0.0,0.014652473387601754,0.01587584730645737,0.0,-0.0012233739188556147,30456565.0,1428929.0,2250279721.359,128776129.29300001,XLE,VDE,Energy
2022-04-19,4.386516539946734,4.725439018379036,80.36,112.78,-0.008146,-0.009833,0.0,0.0,-0.008146136756356455,-0.009833187006145742,0.0,0.0016870502497892872,22863926.0,827240.0,2211365433.9579997,122480708.869,XLE,VDE,Energy
2022-04-20,4.390366758948883,4.730303916744857,80.67,113.33,0.003858,0.004877,0.0,0.0,0.0038576406172224987,0.004876751197020748,0.0,-0.0010191105797982495,26039656.0,583475.0,2190832848.895,116923399.57649998,XLE,VDE,Energy
2022-04-21,4.358118089622206,4.696563614417302,78.11,109.57,-0.031734,-0.033178,0.0,0.0,-0.031734225858435605,-0.03317744639548233,0.0,0.0014432205370467216,32578853.0,992160.0,2205333827.575,113932019.1015,XLE,VDE,Energy
2022-04-22,4.333361462692601,4.670302280925873,76.2,106.73,-0.024453,-0.02592,0.0,0.0,-0.024452694917424144,-0.0259195035137354,0.0,0.0014668085963112573,35749637.0,797512.0,2240012300.293,111102875.0285,XLE,VDE,Energy
2022-04-25,4.299731391947051,4.637346917683312,73.68,103.27,-0.033071,-0.032418,0.0,0.0,-0.03307086614173228,-0.03241825166307505,0.0,-0.0006526144786572347,55362197.0,1834465.0,2333521251.3535,113909655.466,XLE,VDE,Energy
2022-04-26,4.3010876921685295,4.637443746538387,73.78,103.28,0.001357,9.7e-05,0.0,0.0,0.0013572204125950054,9.683354313934346e-05,0.0,0.0012603868694556618,44584346.0,1217981.0,2364052981.8275003,115448775.419,XLE,VDE,Energy
2022-04-27,4.315619702476283,4.65224459337402,74.86,104.82,0.014638,0.014911,0.0,0.0,0.014638113309840065,0.014910921766072694,0.0,-0.0002728084562326292,44566257.0,1626579.0,2390544894.3385,114087409.29800001,XLE,VDE,Energy
2022-04-28,4.345492309945908,4.6828716936519434,77.13,108.08,0.030323,0.031101,0.0,0.0,0.030323270104194496,0.031100934936081022,0.0,-0.0007776648318865258,43734848.0,1246469.0,2462856363.0175,115234884.18600002,XLE,VDE,Energy
2022-04-29,4.319486116198983,4.656338472562491,75.15,105.25,-0.025671,-0.026184,-495990000.00000006,-205237500.0,-0.03888560732371684,-0.05060923781427737,-290752500.00000006,0.011723630490560528,39708120.0,1004441.0,2486685434.2495,113331450.8125,XLE,VDE,Energy
2022-05-02,4.335328031664641,4.667675391339489,76.35,106.45,0.015968,0.011401,0.0,0.0,0.015968063872255488,0.01140142517814727,0.0,0.004566638694108218,52070620.0,1289600.0,2589886386.8765,116450767.76200001,XLE,VDE,Energy
2022-05-03,4.362971228138722,4.697840520829399,78.49,109.71,0.028029,0.030625,0.0,0.0,0.02802881466928618,0.030624706434945984,0.0,-0.0025958917656598024,41649436.0,1064572.0,2664591443.4565,117513836.7225,XLE,VDE,Energy
2022-05-04,4.403665809777363,4.738301498591274,81.75,114.24,0.041534,0.041291,0.0,0.0,0.04153395336985603,0.041290675417008475,0.0,0.00024327795284755788,45383728.0,1443451.0,2746469128.8539996,121306758.4165,XLE,VDE,Energy
2022-05-05,4.388505600771591,4.721708002236043,80.52,112.36,-0.015046,-0.016457,0.0,0.0,-0.015045871559633028,-0.016456582633053222,0.0,0.0014107110734201938,46596959.0,1082076.0,2811201295.2679996,122484109.10049999,XLE,VDE,Energy
2022-05-06,4.417876287567579,4.746582938938415,82.92,115.19,0.029806,0.025187,0.0,0.0,0.029806259314456036,0.02518689925240299,0.0,0.004619360062053046,47122824.0,921238.0,2901894081.6619997,123976165.29750001,XLE,VDE,Energy
2022-05-09,4.331522502500114,4.657667754945845,76.06,105.39,-0.08273,-0.085077,0.0,0.0,-0.08273034249879402,-0.08507682958590156,0.0,0.0023464870871075377,53021957.0,1309332.0,2997312136.8315,121661851.97150001,XLE,VDE,Energy
2022-05-10,4.340553386467307,4.665041583025482,76.75,106.17,0.009072,0.007401,0.0,0.0,0.009071785432553247,0.00740108169655565,0.0,0.001670703735997597,56863902.0,4441383.0,3114356341.5414996,138825311.982,XLE,VDE,Energy
2022-05-11,4.3538843287276014,4.67702562308852,77.78,107.45,0.01342,0.012056,0.0,0.0,0.013420195439739414,0.012056136385042856,0.0,0.0013640590546965588,49852542.0,918618.0,3182899245.5485,139073109.24299997,XLE,VDE,Energy
2022-05-12,4.358118089622206,4.680184889793537,78.11,107.79,0.004243,0.003164,0.0,0.0,0.0042427359218308045,0.00316426244765007,0.0,0.0010784734741807345,45021768.0,877219.0,3260645275.2834997,139002460.03350002,XLE,VDE,Energy
2022-05-13,4.391729410135267,4.713576059831878,80.78,111.45,0.034183,0.033955,0.0,0.0,0.034182563052106006,0.03395491232952964,0.0,0.0002276507225763627,29718696.0,707110.0,3277134734.7974997,138522488.2965,XLE,VDE,Energy
2022-05-16,4.417755682128127,4.738651577362572,82.91,114.28,0.026368,0.025393,0.0,0.0,0.026367912849715278,0.025392552714221625,0.0,0.0009753601354936525,28259397.0,1079217.0,3270904520.246,136551383.57950002,XLE,VDE,Energy
2022-05-17,4.42926798099632,4.752900298012427,83.87,115.92,0.011579,0.014351,0.0,0.0,0.011578820407670968,0.014350717535876793,0.0,-0.002771897128205825,28164650.0,1025084.0,3297145725.3529997,137827964.0835,XLE,VDE,Energy
2022-05-18,4.403298769949421,4.726413893273455,81.72,112.89,-0.025635,-0.026139,0.0,0.0,-0.025634911172051984,-0.02613871635610766,0.0,0.0005038051840556765,33230686.0,829189.0,3327895355.873,139202060.30650002,XLE,VDE,Energy
2022-05-19,4.399620943074833,4.723308714005133,81.42,112.54,-0.003671,-0.0031,0.0,0.0,-0.003671071953010279,-0.0031003631854017184,0.0,-0.0005707087676085605,35720504.0,751547.0,3346076817.2655,137995466.7155,XLE,VDE,Energy
2022-05-20,4.4039104281738854,4.727741738376272,81.77,113.04,0.004299,0.004443,0.0,0.0,0.004298698108572832,0.00444286475919673,0.0,-0.0001441666506238979,31919998.0,654794.0,3340375612.1185,137440439.6155,XLE,VDE,Energy
2022-05-23,4.429983118094737,4.755829062273205,83.93,116.26,0.026416,0.028486,0.0,0.0,0.026415555827320532,0.02848549186128804,0.0,-0.0020699360339675073,26644672.0,871655.0,3248235644.4185,133035110.103,XLE,VDE,Energy
2022-05-24,4.433788569232471,4.759006530702958,84.25,116.63,0.003813,0.003182,0.0,0.0,0.0038127010604074823,0.00318252193359711,0.0,0.0006301791268103723,26563838.0,815954.0,3195664159.5994997,131503691.97,XLE,VDE,Energy
2022-05-25,4.454231010422805,4.78130598369496,85.99,119.26,0.020653,0.02255,0.0,0.0,0.020652818991097922,0.022549944268198577,0.0,-0.0018971252771006544,26323997.0,796912.0,3142032684.75,127730777.68699999,XLE,VDE,Energy
2022-05-26,4.465218225560646,4.794467356518472,86.94,120.84,0.011048,0.013248,0.0,0.0,0.011047796255378533,0.013248364916988093,0.0,-0.0022005686616095605,21339145.0,921108.0,3066130506.7530003,126560193.74700001,XLE,VDE,Energy
2022-05-27,4.483341477622957,4.813890216636577,88.53,123.21,0.018288,0.019613,0.0,0.0,0.01828847481021394,0.01961271102284012,0.0,-0.00132423621262618,18667247.0,748289.0,2999557814.6985,125884157.369,XLE,VDE,Energy
2022-05-31,4.468204330914934,4.797772052189602,87.2,121.24,-0.015023,-0.015989,793520000.0,-254119040.0,0.0036494297127080467,-0.043199990693476055,1047639040.0,0.0468494204061841,39340576.0,1347616.0,2972303134.2085004,127189509.56099999,XLE,VDE,Energy
2022-06-01,4.484357565771344,4.816645932434619,88.62,123.55,0.016285,0.019053,0.0,0.0,0.01628440366972477,0.01905311778290993,0.0,-0.0027687141131851577,29648579.0,878709.0,2940222776.1755,126778024.70250002,XLE,VDE,Energy
2022-06-02,4.481193006168381,4.814539303880461,88.34,123.29,-0.00316,-0.002104,0.0,0.0,-0.00315955766192733,-0.002104411169566977,0.0,-0.0010551464923603533,26302723.0,713985.0,2870895915.4665003,122934393.123,XLE,VDE,Energy
2022-06-03,4.494350350882848,4.8271931096335985,89.51,124.86,0.013244,0.012734,0.0,0.0,0.013244283450305637,0.01273420390948171,0.0,0.0005100795408239274,20525334.0,702272.0,2775157690.8495,121239574.251,XLE,VDE,Energy
2022-06-06,4.493232532747227,4.827833622065424,89.41,124.94,-0.001117,0.000641,0.0,0.0,-0.0011171936096525529,0.0006407176037161621,0.0,-0.001757911213368715,16692311.0,569584.0,2654409438.871,119491895.23799999,XLE,VDE,Energy
2022-06-07,4.522657764413627,4.859734959502432,92.08,128.99001,0.029862,0.032416,0.0,0.0,0.02986243149535846,0.03241563950696334,0.0,-0.0025532080116048815,25689374.0,1033968.0,2571040814.2960005,119260947.39698398,XLE,VDE,Energy
2022-06-08,4.524827433305553,4.858649014707995,92.28,128.85001,0.002172,-0.001085,0.0,0.0,0.002172024326672459,-0.001085355369768558,0.0,0.003257379696441017,28492681.0,1146842.0,2484290820.505,103072395.89990501,XLE,VDE,Energy
2022-06-09,4.502472787749749,4.835646784669093,90.24,125.92,-0.022107,-0.02274,0.0,0.0,-0.022106631989596878,-0.02273969555764877,0.0,0.0006330635680518934,24588142.0,866135.0,2401355981.371,103590306.65490499,XLE,VDE,Energy
2022-06-10,4.485372622532496,4.819151895509915,88.71,123.86,-0.016955,-0.01636,0.0,0.0,-0.01695478723404255,-0.016359593392630243,0.0,-0.0005951938414123087,31271763.0,1258956.0,2364229371.2335,106659249.362405,XLE,VDE,Energy
2022-06-13,4.431768726568696,4.763455164953805,84.08,117.15,-0.052193,-0.054174,0.0,0.0,-0.052192537481681886,-0.0541740674955595,0.0,0.0019815300138776165,44731346.0,2135830.0,2432246136.6735,115229503.11240502,XLE,VDE,Energy
2022-06-14,4.43366986782572,4.7626866238630745,84.24,117.06,0.001903,-0.000768,0.0,0.0,0.0019029495718363464,-0.0007682458386683739,0.0,0.0026711954105047204,34756409.0,988605.0,2461490801.1179996,114849162.23940499,XLE,VDE,Energy
2022-06-15,4.411342689007935,4.74371399543615,82.38,114.86,-0.02208,-0.018794,0.0,0.0,-0.02207977207977208,-0.018793780967025456,0.0,-0.003285991112746623,43223150.0,1354607.0,2521418496.193,116687283.376405,XLE,VDE,Energy
2022-06-16,4.353369925424077,4.685828089005546,77.74,108.4,-0.056324,-0.056242,0.0,0.0,-0.05632435057052683,-0.05624238203029775,0.0,-8.196854022907846e-05,57979147.0,1971868.0,2611002857.586,122694450.625905,XLE,VDE,Energy
2022-06-17,4.29714934254078,4.628398312107299,73.49,102.35,-0.054669,-0.055812,0.0,0.0,-0.05466941085670183,-0.05581180811808118,0.0,0.001142397261379352,64234188.0,2591435.0,2701613209.608,131727164.269405,XLE,VDE,Energy
2022-06-21,4.336506119372072,4.677769878402435,76.44,107.53,0.051232,0.050611,0.0,0.0,0.04014151585249694,0.05061064973131412,0.0,-0.010469133878817184,35006746.0,1572532.0,2704904080.9969997,136480986.87940502,XLE,VDE,Energy
2022-06-22,4.295651418927136,4.632298853376344,73.38,102.75,-0.040032,-0.044453,0.0,0.0,-0.040031397174254316,-0.04445271087138473,0.0,0.004421313697130412,41212617.0,2379008.0,2744298806.722,143636209.964405,XLE,VDE,Energy
2022-06-23,4.257879641930999,4.584355046274172,70.66,97.94,-0.037067,-0.037001,0.0,0.0,-0.03706732079585718,-0.04681265206812652,0.0,0.009745331272269342,56921148.0,1743558.0,2833501055.0309997,147416177.739405,XLE,VDE,Energy
2022-06-24,4.270955399408094,4.601162164590552,71.59,99.6,0.013162,0.016949,0.0,0.0,0.013161619020662327,0.01694915254237288,0.0,-0.003787533521710554,47398507.0,1439064.0,2889983985.736,149830730.203405,XLE,VDE,Energy
2022-06-27,4.299867104778908,4.631422557132157,73.69,102.66,0.029334,0.030723,0.0,0.0,0.02933370582483587,0.03072289156626506,0.0,-0.00138918574142919,33979401.0,1357114.0,2922419825.4055,151231461.829405,XLE,VDE,Energy
2022-06-28,4.326513924743623,4.657667754945845,75.68,105.39,0.027005,0.026593,0.0,0.0,0.02700502103406161,0.026592635885447108,0.0,0.0004123851486145004,39800401.0,1425138.0,2990393973.9440002,154131392.13590497,XLE,VDE,Energy
2022-06-29,4.291144138196708,4.623108331119105,73.05,101.81,-0.034752,-0.033969,0.0,0.0,-0.034751585623678645,-0.03396906727393491,0.0,-0.0007825183497437369,35591959.0,1265266.0,2948868692.8315,152402980.516905,XLE,VDE,Energy
2022-06-30,4.2698373000603045,4.599856091164322,71.51,99.47,-0.021082,-0.022984,-1058348000.0000001,-161539280.0,-0.050701740648625766,-0.04451280933156009,-896808720.0000001,-0.006188931317065674,37766738.0,1357220.0,2952530811.0015,153724889.339405,XLE,VDE,Energy
2022-07-01,4.284689401784925,4.612046489927524,72.58,100.69,0.014963,0.012265,0.0,0.0,0.014962942245839628,0.012265004523977078,0.0,0.00269793772186255,34601989.0,942073.0,2961922301.5915003,154066395.32540503,XLE,VDE,Energy
2022-07-05,4.244200317766478,4.56954300834494,69.7,96.5,-0.03968,-0.041613,0.0,0.0,-0.03968035271424635,-0.0416128711887973,0.0,0.0019325184745509483,44932941.0,1873291.0,3026652468.6594996,158720740.30440503,XLE,VDE,Energy
2022-07-06,4.226979720014808,4.549974550520141,68.51,94.63,-0.017073,-0.019378,0.0,0.0,-0.0170731707317072,-0.01937823834196891,0.0,0.00230506761026171,48209505.0,2066458.0,3117171151.7115,164939995.08340502,XLE,VDE,Energy
2022-07-07,4.2623981472183505,4.589447225522855,70.98,98.44,0.036053,0.040262,0.0,0.0,0.03605313092979115,0.04026207333826482,0.0,-0.004208942408473672,33793561.0,1512186.0,3118830621.8044996,165714397.44242102,XLE,VDE,Energy
2022-07-08,4.261975403606051,4.589040804058207,70.95,98.4,-0.000423,-0.000406,0.0,0.0,-0.00042265426880811494,-0.0004063388866314506,0.0,-1.631538217666432e-05,21970314.0,732826.0,3065305080.5855,161931371.204,XLE,VDE,Energy
2022-07-11,4.252344965204106,4.579031528378397,70.27,97.42,-0.009584,-0.009959,0.0,0.0,-0.009584214235377026,-0.009959349593495936,0.0,0.0003751353581189099,22754116.0,645682.0,3034309970.4475,159623302.266,XLE,VDE,Energy
2022-07-12,4.232656178019613,4.559021529962111,68.9,95.49,-0.019496,-0.019811,0.0,0.0,-0.019496228831649236,-0.01981112707862862,0.0,0.00031489824697938235,32345148.0,980852.0,3007033100.521,156509665.632,XLE,VDE,Energy
2022-07-13,4.2310583855379225,4.559021529962111,68.79,95.49,-0.001597,0.0,0.0,0.0,-0.0015965166908563132,0.0,0.0,-0.0015965166908563132,29489039.0,880670.0,2920410071.5775003,148203800.322,XLE,VDE,Energy
2022-07-14,4.211979438755315,4.540844975431534,67.49,93.77,-0.018898,-0.018012,0.0,0.0,-0.01889809565343823,-0.018012357314902083,0.0,-0.0008857383385361475,36636771.0,1226767.0,2897646860.609,148169192.3365,XLE,VDE,Energy
2022-07-15,4.22814675151123,4.559649670686282,68.59,95.55,0.016299,0.018983,0.0,0.0,0.016298710920136437,0.01898261704169777,0.0,-0.0026839061215613337,29960251.0,784079.0,2822359386.5635004,144135621.75800002,XLE,VDE,Energy
2022-07-18,4.250778348063927,4.5810823904590015,70.16,97.62,0.02289,0.021664,0.0,0.0,0.022889634057442775,0.021664050235478807,0.0,0.001225583821963968,25726762.0,990837.0,2687243923.2705,138284372.59499997,XLE,VDE,Energy
2022-07-19,4.281100716083921,4.612542940317504,72.32,100.74,0.030787,0.031961,0.0,0.0,0.030786773090079704,0.03196066379840197,0.0,-0.0011738907083222658,24388176.0,1028044.0,2539403043.8805,130200961.61050001,XLE,VDE,Energy
2022-07-20,4.29073337622749,4.626246511590008,73.02,102.13,0.009679,0.013798,0.0,0.0,0.009679203539823121,0.013797895572761565,0.0,-0.004118692032938444,20924706.0,1101227.0,2482003362.2745004,127369658.98799999,XLE,VDE,Energy
2022-07-21,4.273048472104136,4.607966273290093,71.74,100.28,-0.017529,-0.018114,0.0,0.0,-0.017529443987948617,-0.018114168216978362,0.0,0.0005847242290297448,21579587.0,967553.0,2408200249.0705,119998816.13000003,XLE,VDE,Energy
2022-07-22,4.264790324535862,4.598044861045503,71.15,99.29,-0.008224,-0.009872,0.0,0.0,-0.008224142737663562,-0.00987235739928201,0.0,0.0016482146616184478,20418165.0,594575.0,2279735455.1740003,114412380.1915,XLE,VDE,Energy
2022-07-25,4.300816579248338,4.637056374850413,73.76,103.24,0.036683,0.039782,0.0,0.0,0.03668306394940255,0.039782455433578404,0.0,-0.003099391484175852,19556000.0,603895.0,2182195027.3675,110363147.4615,XLE,VDE,Energy
2022-07-26,4.2916915584923006,4.630155438682,73.09,102.53,-0.009084,-0.006877,0.0,0.0,-0.00908351409978308,-0.0068771793878341725,0.0,-0.0022063347119489077,18614370.0,1783719.0,2125024139.5480003,112541316.75299999,XLE,VDE,Energy
2022-07-27,4.314015424057338,4.65434122999454,74.74,105.04,0.022575,0.024481,0.0,0.0,0.022574907648105075,0.024480639812737737,0.0,-0.001905732164632662,22405348.0,654114.0,2058148207.6399999,108466958.79,XLE,VDE,Energy
2022-07-28,4.319619174545265,4.6580472255888585,75.16,105.43,0.00562,0.003713,0.0,0.0,0.00561948086700562,0.003712871287128839,0.0,0.0019066095798767808,23332670.0,802475.0,2015832751.2525,106256369.1795,XLE,VDE,Energy
2022-07-29,4.362078996864185,4.700207601322843,78.42,109.97,0.043374,0.043062,-690096000.0,-252821030.0,0.02401670778779181,0.009791324845241981,-437274970.0,0.014225382942549828,25833814.0,991697.0,1982092164.2275002,104959081.464,XLE,VDE,Energy
2022-08-01,4.341204640153626,4.678606504061274,76.8,107.62,-0.020658,-0.021369,0.0,0.0,-0.020657995409334353,-0.02136946439938165,0.0,0.0007114689900472974,25665504.0,913327.0,1955077081.5064998,105130827.5325,XLE,VDE,Energy
2022-08-02,4.338858139272503,4.67702562308852,76.62,107.45,-0.002344,-0.00158,0.0,0.0,-0.00234375,-0.0015796320386545252,0.0,-0.0007641179613454747,19932173.0,486808.0,1874845936.8845,98707574.4375,XLE,VDE,Energy
2022-08-03,4.309724722918476,4.649282760606412,74.42,104.51,-0.028713,-0.027362,0.0,0.0,-0.028713129731140694,-0.02736156351791531,0.0,-0.0013515662132253838,28506573.0,753095.0,1815777235.64,92865426.333,XLE,VDE,Energy
2022-08-04,4.271932711876808,4.611748501348214,71.66,100.66,-0.037087,-0.036839,0.0,0.0,-0.03708680462241333,-0.036838580040187544,0.0,-0.0002482245822257867,27995502.0,1033083.0,1796151771.3170002,90621953.58000001,XLE,VDE,Energy
2022-08-05,4.291554731509806,4.632493481636982,73.08,102.77,0.019816,0.020962,0.0,0.0,0.01981579681830868,0.020961653089608585,0.0,-0.0011458562712999033,22589765.0,786903.0,1800755083.712,91059950.7255,XLE,VDE,Energy
2022-08-08,4.296741040391521,4.636571949127623,73.46,103.19,0.0052,0.004087,0.0,0.0,0.0051997810618499155,0.004086795757516785,0.0,0.0011129853043331302,18882650.0,1262362.0,1790164470.596,94427990.4425,XLE,VDE,Energy
2022-08-09,4.314149212270796,4.655102554736301,74.75,105.12,0.017561,0.018703,0.0,0.0,0.017560577184862623,0.018703362728946602,0.0,-0.0011427855440839796,17341547.0,619435.0,1743549467.6485,93000662.9285,XLE,VDE,Energy
2022-08-10,4.321347323862031,4.663156035186745,75.29,105.97,0.007224,0.008086,0.0,0.0,0.007224080267558528,0.008085996955859969,0.0,-0.0008619166883014409,17394167.0,702417.0,1707602259.6795,92517660.488,XLE,VDE,Energy
2022-08-11,4.3551691805039985,4.69811393163083,77.88,109.74,0.0344,0.035576,0.0,0.0,0.034400318767432596,0.03557610644522034,0.0,-0.0011757876777877471,30265776.0,1051391.0,1701826407.684,92534945.8255,XLE,VDE,Energy
2022-08-12,4.362716386139382,4.707185111394821,78.47,110.74,0.007576,0.009112,0.0,0.0,0.007575757575757576,0.00911244760342628,0.0,-0.0015366900276687044,19190468.0,594079.0,1674371528.0774999,92078423.826,XLE,VDE,Energy
2022-08-15,4.343025897324149,4.6862892372728835,76.94,108.45,-0.019498,-0.020679,0.0,0.0,-0.01949789728558685,-0.020679068087411955,0.0,0.001181170801825105,21012209.0,733053.0,1664956015.0045,91217128.32149999,XLE,VDE,Energy
2022-08-16,4.340683671139499,4.685274430229753,76.76,108.34,-0.002339,-0.001014,0.0,0.0,-0.002339485313231089,-0.0010142923005993546,0.0,-0.0013251930126317345,19678778.0,706792.0,1652295520.5525,89867562.95750001,XLE,VDE,Energy
2022-08-17,4.3489867805956814,4.692997896353612,77.4,109.18,0.008338,0.007753,0.0,0.0,0.008337675872850442,0.007753369023444711,0.0,0.0005843068494057312,22736164.0,544185.0,1663888373.6265001,87214853.197,XLE,VDE,Energy
2022-08-18,4.375505417683616,4.722152901473706,79.48,112.41,0.026873,0.029584,0.0,0.0,0.026873385012919897,0.02958417292544422,0.0,-0.0027107879125243227,23432974.0,770778.0,1679605033.7335,86695700.20400001,XLE,VDE,Energy
2022-08-19,4.375253750386452,4.719837260966218,79.46,112.15,-0.000252,-0.002313,0.0,0.0,-0.0002516356316054353,-0.0023129614802953474,0.0,0.002061325848689912,19744227.0,518717.0,1685411225.617,86652638.194,XLE,VDE,Energy
2022-08-22,4.373364224095228,4.718677426781686,79.31,112.02,-0.001888,-0.001159,0.0,0.0,-0.001887742260256733,-0.0011591618368256798,0.0,-0.0007285804234310532,22848067.0,589488.0,1703892707.3055,86837054.492,XLE,VDE,Energy
2022-08-23,4.408790271943096,4.752123598944254,82.17,115.83,0.036061,0.034012,0.0,0.0,0.036061026352288486,0.03401178361006963,0.0,0.0020492427422188556,27183512.0,886310.0,1747549951.1924999,82825883.40349999,XLE,VDE,Energy
2022-08-24,4.421006934314765,4.76490524410925,83.18,117.32,0.012292,0.012864,0.0,0.0,0.012291590604843618,0.012863679530346197,0.0,-0.0005720889255025792,24546602.0,664509.0,1765910483.4345002,83288486.4695,XLE,VDE,Energy
2022-08-25,4.4286716424969255,4.771531723203316,83.82,118.1,0.007694,0.006648,0.0,0.0,0.007694157249338783,0.006648482782134334,0.0,0.0010456744672044495,19899277.0,832820.0,1761624179.4815,83976041.60700001,XLE,VDE,Energy
2022-08-26,4.416911036527384,4.760719886729057,82.84,116.83,-0.011692,-0.010754,0.0,0.0,-0.011691720353137676,-0.010753598645215919,0.0,-0.0009381217079217578,19317554.0,913570.0,1740343103.4555001,83859814.8075,XLE,VDE,Energy
2022-08-29,4.431887653844806,4.774490930604794,84.09,118.45,0.015089,0.013866,0.0,0.0,0.01508932882665379,0.013866301463665154,0.0,0.0012230273629886355,26062525.0,974087.0,1751367454.4580002,84714232.47800002,XLE,VDE,Energy
2022-08-30,4.397407736712184,4.738213959745856,81.24,114.23,-0.033892,-0.035627,0.0,0.0,-0.033892258294684265,-0.03562684677078936,0.0,0.001734588476105095,28820855.0,1434219.0,1792077612.705,90290398.3165,XLE,VDE,Energy
2022-08-31,4.388257184424518,4.731714727313047,80.5,113.49,-0.009109,-0.006478,12075000.0,53907750.0,-0.008789530867797666,0.0002851431992353334,-41832750.0,-0.009074674067032999,29152256.0,877462.0,1803342484.9720001,91334258.513,XLE,VDE,Energy
2022-09-01,4.3633533694082605,4.706281687356503,78.52,110.64,-0.024596,-0.025112,0.0,0.0,-0.024596273291925465,-0.025112344699973567,0.0,0.0005160714080481021,28302095.0,961750.0,1814148626.2760003,91455152.774,XLE,VDE,Energy
2022-09-02,4.3815265096322,4.726856704244691,79.96,112.94,0.018339,0.020788,0.0,0.0,0.018339276617422313,0.020788141720896602,0.0,-0.0024488651034742896,28594084.0,637693.0,1845924772.7980003,91012704.07949999,XLE,VDE,Energy
2022-09-06,4.372228792193771,4.715727176552735,79.22,111.69,-0.009255,-0.011068,0.0,0.0,-0.009254627313656828,-0.011067823623162741,0.0,0.0018131963095059135,22784132.0,594639.0,1866816746.2,87820308.836,XLE,VDE,Energy
2022-09-07,4.360547602996758,4.703928958011355,78.3,110.38,-0.011613,-0.011729,0.0,0.0,-0.011613228982580156,-0.0117288924702301,0.0,0.00011566348764994495,30270666.0,957406.0,1920512371.6775002,89848482.19,XLE,VDE,Energy
2022-09-08,4.364880475838911,4.709800435066175,78.64,111.03,0.004342,0.005889,0.0,0.0,0.004342273307790549,0.0058887479615872445,0.0,-0.0015464746537966955,26840760.0,697937.0,1960569898.3260002,90001322.971,XLE,VDE,Energy
2022-09-09,4.389498649512583,4.734969623522936,80.6,113.86,0.024924,0.025489,0.0,0.0,0.024923702950152594,0.0254886066828785,0.0,-0.0005649037327259063,19339380.0,531842.0,1920652667.9819999,87260117.06,XLE,VDE,Energy
2022-09-12,4.407694381422459,4.752123598944254,82.08,115.83,0.018362,0.017302,0.0,0.0,0.01836228287841191,0.01730194976286668,0.0,0.0010603331155452297,20865906.0,1000929.0,1930992545.008,89767581.94049999,XLE,VDE,Energy
2022-09-13,4.382151626862033,4.726591041192431,80.01,112.91,-0.025219,-0.025209,0.0,0.0,-0.025219298245614034,-0.025209358542691875,0.0,-9.939702922158455e-06,30573038.0,1033494.0,1972466015.5040002,91627192.425,XLE,VDE,Energy
2022-09-14,4.410006521180839,4.75720434184359,82.27,116.42,0.028246,0.031087,0.0,0.0,0.02824646919135108,0.031086706226197858,0.0,-0.002840237034846777,27192149.0,768968.0,2008793770.4515,92274662.889,XLE,VDE,Energy
2022-09-15,4.383899879055562,4.731185906570952,80.15,113.43,-0.025769,-0.025683,0.0,0.0,-0.02576881001580163,-0.025682872358701137,0.0,-8.593765710049328e-05,27943150.0,459004.0,2032786989.3965,91907198.16,XLE,VDE,Energy
2022-09-16,4.362334001328145,4.707546252604958,78.44,110.78,-0.021335,-0.023362,0.0,0.0,-0.02133499688084841,-0.023362426165917424,0.0,0.0020274292850690143,35201836.0,1049100.0,2077725951.5125,93386005.311,XLE,VDE,Energy
2022-09-19,4.35208275830081,4.709530201312334,77.64,111.0,0.00059,0.001986,0.0,0.0,-0.010198878123406425,0.001985918035746525,0.0,-0.01218479615915295,18812925.0,658721.0,2072313912.4915001,94133201.2835,XLE,VDE,Energy
2022-09-20,4.345103280569283,4.7018430732483525,77.1,110.15,-0.006955,-0.007658,0.0,0.0,-0.006955177743431221,-0.0076576576576576575,0.0,0.0007024799142264365,21149842.0,631650.0,2063242543.7129998,94310291.3705,XLE,VDE,Energy
2022-09-21,4.33033852551513,4.6862892372728835,75.97,108.45,-0.014656,-0.015434,0.0,0.0,-0.014656290531776913,-0.015433499773036768,0.0,0.000777209241259855,34352932.0,653440.0,2082048696.8630002,92720505.40550001,XLE,VDE,Energy
2022-09-22,4.3267781604434035,4.680184889793537,75.7,107.79,-0.003554,-0.006086,0.0,0.0,-0.0035540344872976174,-0.006085753803596127,0.0,0.00253171931629851,28874033.0,738622.0,2089247594.05,92803298.88049999,XLE,VDE,Energy
2022-09-23,4.255328981627924,4.60816569496789,70.48,100.3,-0.068956,-0.069487,0.0,0.0,-0.06895640686922061,-0.06948696539567678,0.0,0.0005305585264561707,52737815.0,1130830.0,2191697784.203,93556609.2305,XLE,VDE,Energy
2022-09-26,4.230476736546681,4.581696829802449,68.75,97.68,-0.024546,-0.026122,0.0,0.0,-0.024545970488081725,-0.02612163509471572,0.0,0.001575664606633994,36079816.0,1111630.0,2235708843.0350003,93649190.9955,XLE,VDE,Energy
2022-09-27,4.241614480957137,4.594715728084233,69.52,98.96,0.0112,0.013104,0.0,0.0,0.0112,0.013104013104012963,0.0,-0.0019040131040129627,33835551.0,1829917.0,2243741331.9485,96934590.05399999,XLE,VDE,Energy
2022-09-28,4.28496492183075,4.628105157270587,72.6,102.32,0.044304,0.046448,0.0,0.0,0.04430379746835431,0.03395311236863365,0.0,0.01035068509972066,31573751.0,982564.0,2241283735.0684996,93769845.6595,XLE,VDE,Energy
2022-09-29,4.28496492183075,4.626246511590008,72.6,102.13,0.0,-0.001857,0.0,0.0,0.0,-0.001856919468334504,0.0,0.001856919468334504,24281497.0,1184582.0,2212087738.7785,94839755.5235,XLE,VDE,Energy
2022-09-30,4.276943858220729,4.620846665373099,72.02,101.58,-0.007989,-0.005385,234065000.0,-40022520.0,-0.0010656055381841744,-0.01096347173200356,274087520.0,0.009897866193819384,21684701.0,907260.0,2179060322.1095,94127328.0635,XLE,VDE,Energy
2022-10-03,4.331916850188431,4.6740430502744665,76.09,107.13,0.056512,0.054637,0.0,0.0,0.05651207997778395,0.05463673951565269,0.0,0.00187534046213126,34775311.0,1559401.0,2197043844.9769998,98879207.149,XLE,VDE,Energy
2022-10-04,4.373994462976618,4.715995741076976,79.36,111.72,0.042976,0.042845,0.0,0.0,0.04297542384018925,0.04284514141697004,0.0,0.00013028242321921207,33165429.0,1072077.0,2238396320.3970003,101547067.7755,XLE,VDE,Energy
2022-10-05,4.394449154672439,4.736549264044472,81.0,114.04,0.020665,0.020766,0.0,0.0,0.02066532258064516,0.020766201217329038,0.0,-0.00010087863668387792,30636847.0,1759142.0,2243965893.357,106293771.7455,XLE,VDE,Energy
2022-10-06,4.412070756022258,4.752900298012427,82.44,115.92,0.017778,0.016485,0.0,0.0,0.017777777777777778,0.016485443703963522,0.0,0.001292334073814256,26335115.0,2047585.0,2246981369.067,114286977.15,XLE,VDE,Energy
2022-10-07,4.404277243608702,4.744758200195145,81.8,114.98,-0.007763,-0.008109,0.0,0.0,-0.0077632217370208634,-0.00810904071773637,0.0,0.00034581898071550654,28457658.0,1295216.0,2285435488.887,118705397.428,XLE,VDE,Energy
2022-10-10,4.383525510797617,4.724019319826472,80.12,112.62,-0.020538,-0.020525,0.0,0.0,-0.020537897310513448,-0.02052530874934771,0.0,-1.2588561165736284e-05,23165843.0,711701.0,2292604177.721,116916105.45549998,XLE,VDE,Energy
2022-10-11,4.375505417683616,4.716532653841552,79.48,111.78,-0.007988,-0.007459,0.0,0.0,-0.00798801797304044,-0.007458710708577517,0.0,-0.0005293072644629226,26921104.0,712651.0,2277281206.498,115064521.5175,XLE,VDE,Energy
2022-10-12,4.383525510797617,4.724463192176074,80.12,112.67,0.008052,0.007962,0.0,0.0,0.00805234021137393,0.007962068348541778,0.0,9.027186283215236e-05,20551213.0,499183.0,2247754460.8645,113400506.22,XLE,VDE,Energy
2022-10-13,4.423528398098894,4.763881877142913,83.39,117.2,0.040814,0.040206,0.0,0.0,0.0408137793310035,0.04020591106771989,0.0,0.0006078682632836077,35067421.0,828330.0,2281985899.099,115651278.83400002,XLE,VDE,Energy
2022-10-14,4.385520523928138,4.725616339063959,80.28,112.8,-0.037295,-0.037543,0.0,0.0,-0.03729463964504137,-0.03754266211604096,0.0,0.0002480224709995871,26755306.0,575045.0,2251320096.591,113083567.73400001,XLE,VDE,Energy
2022-10-17,4.397899983830172,4.738826570800765,81.28,114.3,0.012456,0.013298,0.0,0.0,0.01245640259093174,0.013297872340425532,0.0,-0.0008414697494937926,18994191.0,513771.0,2255480713.9649997,112363867.449,XLE,VDE,Energy
2022-10-18,4.406597288608086,4.746756550049962,81.99,115.21,0.008735,0.007961,0.0,0.0,0.008735236220472441,0.007961504811898513,0.0,0.0007737314085739279,25187907.0,583964.0,2277205897.8015,112248979.69600001,XLE,VDE,Energy
2022-10-19,4.4356858779956285,4.774322068733404,84.41,118.43,0.029516,0.027949,0.0,0.0,0.029515794609098672,0.02794896276364899,0.0,0.0015668318454496837,31263774.0,496555.0,2278665043.7665,111646051.72850001,XLE,VDE,Energy
2022-10-20,4.436633184164753,4.7748285688286485,84.49,118.49,0.000948,0.000507,0.0,0.0,0.0009477550053311219,0.0005066283880773453,0.0,0.00044112661725377665,25261846.0,768438.0,2276095497.2885003,112217859.3905,XLE,VDE,Energy
2022-10-21,4.465103197090973,4.801476827348709,86.93,121.69,0.028879,0.027007,0.0,0.0,0.028879157296721504,0.02700649843868681,0.0,0.0018726588580346946,25274182.0,818217.0,2200101669.2914996,111525188.277,XLE,VDE,Energy
2022-10-24,4.469808548057415,4.804184965723707,87.34,122.02,0.004716,0.002712,0.0,0.0,0.004716438513746693,0.002711808694223026,0.0,0.0020046298195236668,22496039.0,720741.0,2174317504.1045,110493228.198,XLE,VDE,Energy
2022-10-25,4.470838473192799,4.805331660910377,87.43,122.16,0.001031,0.001147,0.0,0.0,0.0010304556904053126,0.0011473528929683658,0.0,-0.00011689720256305327,18841826.0,440942.0,2139072171.1875,104132072.618,XLE,VDE,Energy
2022-10-26,4.484357565771344,4.819797577533961,88.62,123.94,0.013611,0.014571,0.0,0.0,0.013610888710968775,0.014571054354944336,0.0,-0.000960165643975561,22706462.0,1133454.0,2125071788.1795,106129289.632,XLE,VDE,Energy
2022-10-27,4.48796198508255,4.822939320964847,88.94,124.33,0.003611,0.003147,0.0,0.0,0.003610923042202663,0.003146683879296434,0.0,0.0004642391629062293,25010642.0,637864.0,2148152279.0435,104045503.20500001,XLE,VDE,Energy
2022-10-28,4.491441420659749,4.827353276207177,89.25,124.88,0.003485,0.004424,0.0,0.0,0.003485495839892062,0.004423711091450173,0.0,-0.0009382152515581112,24663964.0,699466.0,2180128610.0924997,103804995.36899999,XLE,VDE,Energy
2022-10-31,4.499809670330265,4.836123164193783,90.0,125.98,0.008403,0.008809,819000000.0,-18771020.0,0.02797256784332076,0.0066567704131355035,837771020.0,0.021315797430185256,29760433.0,1415818.0,2181747887.893,104370301.49450001,XLE,VDE,Energy
2022-11-01,4.5094299137072555,4.845367491868129,90.87,127.15,0.009667,0.009287,0.0,0.0,0.009666666666666667,0.009287188442609938,0.0,0.00037947822405672883,21755430.0,1076191.0,2148993261.826,105223563.655,XLE,VDE,Energy
2022-11-02,4.4850343847481104,4.8234217912218735,88.68,124.39,-0.0241,-0.021707,0.0,0.0,-0.024100363156157146,-0.02170664569406213,0.0,-0.002393717462095015,28249565.0,918244.0,2150172602.686,100903954.529,XLE,VDE,Energy
2022-11-03,4.503358919841406,4.84245330085602,90.32,126.78,0.018494,0.019214,0.0,0.0,0.01849345963013081,0.019213763164241497,0.0,-0.0007203035341106882,26817245.0,814745.0,2162725937.076,94200820.424,XLE,VDE,Energy
2022-11-04,4.515464272903598,4.853825526471025,91.42,128.23,0.012179,0.011437,0.0,0.0,0.012178919397697077,0.011437135194825683,0.0,0.0007417842028713938,30295307.0,998336.0,2184813964.153,93155454.90400001,XLE,VDE,Energy
2022-11-07,4.5324919604901055,4.87351652213313,92.99,130.78,0.017174,0.019886,0.0,0.0,0.017173485014220082,0.019886142088434845,0.0,-0.002712657074214763,19387719.0,801591.0,2182154796.5855,94389470.12200001,XLE,VDE,Energy
2022-11-08,4.533459338434091,4.873592907042613,93.08,130.78999,0.000968,7.6e-05,0.0,0.0,0.0009678460049467684,7.638782688482804e-05,0.0,0.0008914581780619404,21859253.0,716307.0,2176903292.7515,95090752.9513465,XLE,VDE,Energy
2022-11-09,4.483341477622957,4.821087692210561,88.53,124.1,-0.048883,-0.051151,0.0,0.0,-0.04888268156424581,-0.051150627047222785,0.0,0.0022679454829769782,31513956.0,938053.0,2234071659.7075,98099224.38584651,XLE,VDE,Energy
2022-11-10,4.505349850705881,4.844187086458591,90.5,127.0,0.022252,0.023368,0.0,0.0,0.02225234383824692,0.023368251410153102,0.0,-0.0011159075719061815,29244107.0,615923.0,2220187632.023,97156321.63584651,XLE,VDE,Energy
2022-11-11,4.533996366533566,4.873057631111693,93.13,130.72,0.029061,0.029291,0.0,0.0,0.029060773480662983,0.029291338582677167,0.0,-0.00023056510201418384,25541289.0,919157.0,2231724845.9674997,99920677.98784651,XLE,VDE,Energy
2022-11-14,4.533674184283021,4.869685980408033,93.1,130.28,-0.000322,-0.003366,0.0,0.0,-0.0003221303554171588,-0.0033659730722154224,0.0,0.0030438427167982637,23122640.0,595839.0,2262168342.9435,100865771.9688465,XLE,VDE,Energy
2022-11-15,4.544145484150317,4.88189241820353,94.08,131.88,0.010526,0.012281,0.0,0.0,0.010526315789473684,0.012281240405280933,0.0,-0.0017549246158072487,25771076.0,551326.0,2280137659.701,101137290.9908465,XLE,VDE,Energy
2022-11-16,4.523526196947581,4.861361591348501,92.16,129.2,-0.020408,-0.020322,0.0,0.0,-0.02040816326530612,-0.02032150439793752,0.0,-8.665886736860043e-05,23638603.0,539146.0,2257115584.158,101679823.7183465,XLE,VDE,Energy
2022-11-17,4.525693984486295,4.8621352857778115,92.36,129.3,0.00217,0.000774,0.0,0.0,0.002170138888888889,0.0007739938080495357,0.0,0.0013961450808393533,21429904.0,439786.0,2249360212.403,99970429.2773465,XLE,VDE,Energy
2022-11-18,4.517758728977122,4.853981484050879,91.63,128.25,-0.007904,-0.008121,0.0,0.0,-0.00790385448245994,-0.008120649651972157,0.0,0.0002167951695122173,23683055.0,520799.0,2248009896.8225,98331611.52834651,XLE,VDE,Energy
2022-11-21,4.50413364181032,4.838818369947386,90.39,126.32,-0.013533,-0.015049,0.0,0.0,-0.013532685801593364,-0.015048732943469785,0.0,0.0015160471418764216,42576772.0,1051944.0,2342195415.5635004,100578448.9913465,XLE,VDE,Energy
2022-11-22,4.534962290944595,4.871832891215797,93.22,130.56,0.031309,0.033566,0.0,0.0,0.031308773094368844,0.03356554781507283,0.0,-0.0022567747207039857,26877457.0,659960.0,2385104200.2815,102193394.1353465,XLE,VDE,Energy
2022-11-23,4.52406858455105,4.8595798191763,92.21,128.97,-0.010835,-0.012178,0.0,0.0,-0.010834584853035829,-0.012178308823529412,0.0,0.0013437239704935829,20598650.0,433393.0,2379461942.9845,97964114.45784649,XLE,VDE,Energy
2022-11-25,4.520374534283375,4.857950128766734,91.87,128.75999,-0.003687,-0.001628,0.0,0.0,-0.0036872356577377723,-0.0016283631852368938,0.0,-0.0020588724725008785,7591311.0,278655.0,2303110305.0889997,95792813.652519,XLE,VDE,Energy
2022-11-28,4.492561241605437,4.829273276797001,89.35,125.12,-0.02743,-0.02827,0.0,0.0,-0.027430064221182104,-0.02826957349095785,0.0,0.0008395092697757456,29150244.0,650529.0,2323276080.809,95495057.372519,XLE,VDE,Energy
2022-11-29,4.507557357121091,4.842611042003125,90.7,126.8,0.015109,0.013427,0.0,0.0,0.01510912143256855,0.013427109974424553,0.0,0.0016820114581439973,19024193.0,403516.0,2275628847.564,89135111.230519,XLE,VDE,Energy
2022-11-30,4.512506501124672,4.8491354529946,91.15,127.63,0.004961,0.006546,104822500.0,192721300.0,0.00737908404667203,0.02834901019121718,-87898800.0,-0.020969926144545147,21915127.0,598382.0,2276661242.6615,86111801.681019,XLE,VDE,Energy
2022-12-01,4.50920979484218,4.843556966714995,90.85,126.92,-0.003291,-0.005563,0.0,0.0,-0.0032912781130005485,-0.005562955418005171,0.0,0.0022716773050046224,19451019.0,597874.0,2239758925.259,84194891.527019,XLE,VDE,Energy
2022-12-02,4.503248196262708,4.838501663689791,90.31,126.28,-0.005944,-0.005043,0.0,0.0,-0.005943863511282334,-0.005042546485975417,0.0,-0.0009013170253069167,18384965.0,576494.0,2201669556.2965,82670206.08801898,XLE,VDE,Energy
2022-12-05,4.473123405067759,4.805577210328431,87.63,122.19,-0.029676,-0.032388,0.0,0.0,-0.02967556195327206,-0.03238834336395312,0.0,0.002712781410681056,25876919.0,1155162.0,2176569428.598,83326837.06301899,XLE,VDE,Energy
2022-12-06,4.44640889360315,4.778366904449488,85.32,118.91,-0.026361,-0.026843,0.0,0.0,-0.026360835330366313,-0.026843440543415992,0.0,0.0004826052130496791,32465110.0,820626.0,2224922388.3675,82964265.397019,XLE,VDE,Energy
2022-12-07,4.444062025593334,4.775587838279222,85.12,118.58,-0.002344,-0.002775,0.0,0.0,-0.0023441162681669013,-0.0027752081406105457,0.0,0.00043109187244364444,24447088.0,893137.0,2227236231.4335,83575385.4016725,XLE,VDE,Energy
2022-12-08,4.439587745198413,4.769667157869494,84.74,117.88,-0.004464,-0.005903,0.0,0.0,-0.004464285714285714,-0.0059031877213695395,0.0,0.0014389020070838254,25640362.0,569261.0,2196377918.9934998,81109990.8706725,XLE,VDE,Energy
2022-12-09,4.414977734813568,4.7472772026129215,82.68,115.27,-0.02431,-0.022141,0.0,0.0,-0.024309653056407837,-0.02214116050220563,0.0,-0.002168492554202206,24048943.0,560710.0,2163466665.1805,80430531.90567249,XLE,VDE,Energy
2022-12-12,4.440884991680235,4.772801027372043,84.85,118.25,0.026246,0.025852,0.0,0.0,0.026245766811804547,0.025852346664353258,0.0,0.00039342014745128925,21092424.0,543736.0,2134018261.772,77637760.85367249,XLE,VDE,Energy
2022-12-13,4.4596818792394854,4.791483764051583,86.46,120.48,0.018975,0.018858,0.0,0.0,0.01897466116676488,0.018858350951374208,0.0,0.00011631021539067199,27278688.0,692479.0,2144308140.796,77927959.10367249,XLE,VDE,Energy
2022-12-14,4.453533011325132,4.785656726836316,85.93,119.78,-0.00613,-0.00581,0.0,0.0,-0.00613000231320842,-0.005810092961487384,0.0,-0.00031990935172103614,26337755.0,469358.0,2136241163.6495,77103500.5216725,XLE,VDE,Energy
2022-12-15,4.4474631899580555,4.7691580360935415,85.41,117.82,-0.006051,-0.005,0.0,0.0,-0.006051437216338881,-0.0163633327767575,0.0,0.01031189556041862,20207545.0,399622.0,2113610801.948,75974790.5636725,XLE,VDE,Energy
2022-12-16,4.435093355610574,4.756087071304952,84.36,116.29,-0.012294,-0.012986,0.0,0.0,-0.012293642430628733,-0.012985910711254343,0.0,0.0006922682806256106,29550525.0,353780.0,2139291619.7259998,75188627.8836725,XLE,VDE,Energy
2022-12-19,4.424726864205909,4.754107298762462,83.49,116.06,-0.000123,-0.001978,0.0,0.0,-0.010312944523470839,-0.0019778140854759653,0.0,-0.008335130437994873,18418305.0,375780.0,2107674917.466,74029655.6361725,XLE,VDE,Energy
2022-12-20,4.43970574626056,4.769242907725249,84.75,117.83,0.015092,0.015251,0.0,0.0,0.015091627739849083,0.01525073237980355,0.0,-0.00015910463995446635,14296507.0,635560.0,1975830644.8244998,71129979.0721725,XLE,VDE,Energy
2022-12-21,4.458524605646606,4.7890738239646975,86.36,120.19,0.018997,0.020029,0.0,0.0,0.018997050147492624,0.020028855130272426,0.0,-0.0010318049827798027,17029113.0,580389.0,1924086527.6815002,70309607.8876725,XLE,VDE,Energy
2022-12-22,4.435211888177536,4.763796549270511,84.37,117.19,-0.023043,-0.024961,0.0,0.0,-0.0230430754979157,-0.02496047924120143,0.0,0.0019174037432857297,18679664.0,564854.0,1907916614.4405003,70824635.1401725,XLE,VDE,Energy
2022-12-23,4.4665975361241514,4.796203683384068,87.06,121.05,0.031883,0.032938,0.0,0.0,0.03188337086642171,0.03293796399010154,0.0,-0.0010545931236798298,14814960.0,550966.0,1937535448.242,72365376.1045,XLE,VDE,Energy
2022-12-27,4.477223171657469,4.806231714156099,87.99,122.27,0.010682,0.010078,0.0,0.0,0.010682288077188146,0.010078479966955803,0.0,0.0006038081102323432,16374639.0,519004.0,1879346957.4525,71468597.6345,XLE,VDE,Energy
2022-12-28,4.45457982735559,4.7802992722005415,86.02,119.14,-0.022389,-0.025599,0.0,0.0,-0.022388907830435276,-0.025599083994438537,0.0,0.003210176164003261,15918974.0,496164.0,1861539749.3715,71865955.1425,XLE,VDE,Energy
2022-12-29,4.464988155388229,4.791815714262101,86.92,120.52,0.010463,0.011583,0.0,0.0,0.010462683096954197,0.011583011583011582,0.0,-0.0011203284860573856,13457907.0,442841.0,1820149621.891,70715940.2755,XLE,VDE,Energy
2022-12-30,4.471295877431763,4.7981019218940615,87.47,121.28,0.006328,0.006306,-1058387000.0,-269848000.0,-0.01908391449989265,-0.02513266589290802,-788539000.0,0.006048751393015372,11330914.0,466012.0,1781349120.4625,69747728.63949999,XLE,VDE,Energy
2023-01-03,4.4355674016019115,4.75763372911456,84.4,116.47,-0.035098,-0.03966,0.0,0.0,-0.03509774779924545,-0.03966029023746702,0.0,0.004562542438221566,26541416.0,1032470.0,1810336586.525,72120334.56850001,XLE,VDE,Energy
2023-01-04,4.435448911169876,4.759435144999521,84.39,116.68,-0.000119,0.001803,0.0,0.0,-0.00011848341232227489,0.0018030394092899459,0.0,-0.0019215228216122207,22852575.0,555342.0,1793383306.139,68302737.5575,XLE,VDE,Energy
2023-01-05,4.453533011325132,4.776009405673012,85.93,118.63,0.018249,0.016712,0.0,0.0,0.01824860765493542,0.016712375728488174,0.0,0.0015362319264472443,19361852.0,439553.0,1738075343.9970002,66030914.29400001,XLE,VDE,Energy
2023-01-06,4.472324272654662,4.792810904259646,87.56,120.64,0.018969,0.016944,0.0,0.0,0.018968928197369953,0.016943437579027228,0.0,0.0020254906183427256,22211189.0,516779.0,1731269122.911,63852715.949,XLE,VDE,Energy
2023-01-09,4.468777561082536,4.791068671272389,87.25,120.43,-0.00354,-0.001741,0.0,0.0,-0.003540429419826405,-0.0017407161803713528,0.0,-0.001799713239455052,23001610.0,486874.0,1722975432.742,63429203.405999996,XLE,VDE,Energy
2023-01-10,4.475858449507752,4.799337965065727,87.87,121.43,0.007106,0.008304,0.0,0.0,0.0071060171919770775,0.00830357884248111,0.0,-0.0011975616505040323,15799501.0,268383.0,1692972210.0235,61827038.70550001,XLE,VDE,Energy
2023-01-11,4.478926459413841,4.8027907800712155,88.14,121.85,0.003073,0.003459,0.0,0.0,0.0030727210652099694,0.0034587828378489665,0.0,-0.0003860617726389971,16451492.0,831032.0,1675989326.4475,63675262.065500006,XLE,VDE,Energy
2023-01-12,4.4978076676595915,4.822697998516666,89.82,124.3,0.019061,0.020107,0.0,0.0,0.01906058543226685,0.020106688551497744,0.0,-0.0010461031192308956,18358035.0,643519.0,1640509493.4085002,63503239.15450001,XLE,VDE,Energy
2023-01-13,4.499253960396542,4.824867806898001,89.95,124.57,0.001447,0.002172,0.0,0.0,0.0014473391226898242,0.002172164119066774,0.0,-0.0007248249963769499,15904159.0,401431.0,1598878284.1535,63192567.076,XLE,VDE,Energy
2023-01-17,4.501364017262502,4.825910852685991,90.14,124.7,0.002112,0.001044,0.0,0.0,0.002112284602556976,0.0010435899494260256,0.0,0.0010686946531309504,16966599.0,445943.0,1589050424.924,63618848.47900001,XLE,VDE,Energy
2023-01-18,4.482889551279259,4.806967519282702,88.49,122.36,-0.018305,-0.018765,0.0,0.0,-0.01830485910805414,-0.01876503608660786,0.0,0.00046017697855372033,19037646.0,470719.0,1548638375.201,64441653.511,XLE,VDE,Energy
2023-01-19,4.495243706609487,4.818182590102842,89.59,123.74,0.012431,0.011278,0.0,0.0,0.012430783139337778,0.011278195488721804,0.0,0.0011525876506159743,17146862.0,321889.0,1548560529.3075,64252529.414,XLE,VDE,Energy
2023-01-20,4.505128831807865,4.831030044796529,90.48,125.34,0.009934,0.01293,0.0,0.0,0.00993414443576292,0.012930337805075158,0.0,-0.002996193369312238,14280030.0,234783.0,1552581936.6150002,61979512.735,XLE,VDE,Energy
2023-01-23,4.506454213048934,4.831747834036584,90.6,125.43,0.001326,0.000718,0.0,0.0,0.001326259946949602,0.0007180469123982767,0.0,0.0006082130345513254,14652544.0,305872.0,1545426251.001,60409941.2875,XLE,VDE,Energy
2023-01-24,4.502583597212991,4.828393734102471,90.25,125.01,-0.003863,-0.003348,0.0,0.0,-0.003863134657836645,-0.0033484812245874193,0.0,-0.0005146534332492255,14886444.0,393362.0,1533801166.967,59558888.45550001,XLE,VDE,Energy
2023-01-25,4.502694394398855,4.827753580443738,90.26,124.93,0.000111,-0.00064,0.0,0.0,0.00011080332409972299,-0.0006399488040956723,0.0,0.0007507521281953953,13430617.0,468894.0,1529924020.608,59153113.1115,XLE,VDE,Energy
2023-01-26,4.533781589900438,4.857484114602081,93.11,128.7,0.031575,0.030177,0.0,0.0,0.031575448703744735,0.030176899063475548,0.0,0.0013985496402691873,18331505.0,401160.0,1543226117.855,58561646.75749999,XLE,VDE,Energy
2023-01-27,4.513383790357383,4.83929324134531,91.23,126.38,-0.020191,-0.018026,0.0,0.0,-0.020191171732359573,-0.018026418026418026,0.0,-0.0021647537059415467,17420541.0,388071.0,1554222408.4524999,58058218.458500005,XLE,VDE,Energy
2023-01-30,4.49020816751841,4.816484041548723,89.14,123.53,-0.022909,-0.022551,0.0,0.0,-0.022909130768387593,-0.022551036556417155,0.0,-0.0003580942119704375,13762454.0,568962.0,1557073602.1085,58903852.3855,XLE,VDE,Energy
2023-01-31,4.499031589926425,4.827353276207177,89.93,124.88,0.008862,0.010929,485622000.00000006,13112400.0,0.020526262645390873,0.012467022656921085,472509600.00000006,0.008059239988469788,13924137.0,362722.0,1570127731.75,58342791.785500005,XLE,VDE,Energy
2023-02-01,4.479153345404605,4.808845454106903,88.16,122.59,-0.019682,-0.018338,0.0,0.0,-0.01968197486934282,-0.01833760409993594,0.0,-0.001344370769406883,23483596.0,709198.0,1561638647.3980002,56677231.88149999,XLE,VDE,Energy
2023-02-02,4.456089962973938,4.785072151263279,86.15,119.71,-0.0228,-0.023493,0.0,0.0,-0.0227994555353902,-0.02349294395953993,0.0,0.0006934884241497283,24901506.0,1257119.0,1572475444.2805,60961852.427999996,XLE,VDE,Energy
2023-02-03,4.453882071774309,4.782814153230935,85.96,119.44,-0.002205,-0.002255,0.0,0.0,-0.00220545560069646,-0.0022554506724584414,0.0,4.99950717619815e-05,22727409.0,490221.0,1586969651.0444999,61282243.62049999,XLE,VDE,Energy
2023-02-06,4.449334754429963,4.777441406928545,85.57,118.8,-0.004537,-0.005358,0.0,0.0,-0.004536993950674732,-0.0053583389149363695,0.0,0.0008213449642616374,15857170.0,334982.0,1557573967.4475,60154825.7725,XLE,VDE,Energy
2023-02-07,4.481306198765705,4.807947751349428,88.35,122.48,0.032488,0.030976,0.0,0.0,0.03248802150286315,0.030976430976430977,0.0,0.0015115905264321758,20507016.0,431614.0,1547819187.0025,59866318.11749999,XLE,VDE,Energy
2023-02-08,4.472324272654662,4.800078858287518,87.56,121.52,-0.008942,-0.007838,0.0,0.0,-0.0089417091114884,-0.007838014369693011,0.0,-0.0011036947417953878,13483580.0,274350.0,1537435192.599,59903781.33299999,XLE,VDE,Energy
2023-02-09,4.463721822403716,4.790570332391644,86.81,120.37,-0.008566,-0.009463,0.0,0.0,-0.008565555047967108,-0.00946346280447663,0.0,0.0008979077565095216,16075156.0,322689.0,1534707681.973,56782822.6195,XLE,VDE,Energy
2023-02-10,4.502140285668547,4.829273276797001,90.21,125.12,0.039166,0.039462,0.0,0.0,0.03916599470107131,0.0394616598820304,0.0,-0.00029566518095909544,20001627.0,398144.0,1542479085.3715,55274140.8985,XLE,VDE,Energy
2023-02-13,4.499587423413026,4.825269107116076,89.98,124.62,-0.00255,-0.003996,0.0,0.0,-0.0025496064737833943,-0.00399616368286445,0.0,0.001446557209081056,12372446.0,418496.0,1526613764.823,55381476.491,XLE,VDE,Energy
2023-02-14,4.499920775268994,4.826952811662959,90.01,124.83,0.000333,0.001685,0.0,0.0,0.00033340742387197157,0.001685122773230621,0.0,-0.0013517153493586495,13511305.0,203415.0,1510952931.2825,53870636.608500004,XLE,VDE,Energy
2023-02-15,4.482776537774025,4.812021740525323,88.48,122.98,-0.016998,-0.01482,0.0,0.0,-0.016998111320964338,-0.014820155411359448,0.0,-0.00217795590960489,15972123.0,314099.0,1497381538.7075,52922172.5175,XLE,VDE,Energy
2023-02-16,4.4728951466782725,4.802051894113376,87.61,121.76,-0.009833,-0.00992,0.0,0.0,-0.009832730560578661,-0.009920312245893641,0.0,8.758168531497988e-05,12657087.0,204959.0,1476016539.9819999,52178435.666499995,XLE,VDE,Energy
2023-02-17,4.436633184164753,4.764649500533414,84.49,117.29,-0.035612,-0.036712,0.0,0.0,-0.03561237301677891,-0.03671156373193167,0.0,0.0010991907151527633,22340234.0,383462.0,1505790002.7949998,52955863.504499994,XLE,VDE,Energy
2023-02-21,4.431649785147205,4.758148750585172,84.07,116.53,-0.004971,-0.00648,0.0,0.0,-0.004971002485501243,-0.006479665785659477,0.0,0.0015086633001582337,16811279.0,292303.0,1510080189.7515001,52740690.686000004,XLE,VDE,Energy
2023-02-22,4.424966385165138,4.7510870608882465,83.51,115.71,-0.006661,-0.007037,0.0,0.0,-0.006661115736885929,-0.007036814554192054,0.0,0.0003756988173061254,20135213.0,409340.0,1526979693.083,52650218.075,XLE,VDE,Energy
2023-02-23,4.439941706620314,4.76703390087965,84.77,117.57,0.015088,0.016075,0.0,0.0,0.015088013411567477,0.01607466943220119,0.0,-0.0009866560206337142,17511674.0,264106.0,1540590548.811,51273818.825,XLE,VDE,Energy
2023-02-24,4.438643235092778,4.769582322238478,84.66,117.87,-0.001298,0.002552,0.0,0.0,-0.0012976288781408518,0.0025516713447307987,0.0,-0.0038493002228716508,18748388.0,248243.0,1534610153.6875,50155374.3455,XLE,VDE,Energy
2023-02-27,4.441591872011272,4.773392818402544,84.91,118.32,0.002953,0.003818,0.0,0.0,0.002952988424285377,0.003817765334690761,0.0,-0.0008647769104053842,15338191.0,255634.0,1520264645.8065,49215484.440500006,XLE,VDE,Energy
2023-02-28,4.427119496044782,4.758749273916392,83.69,116.6,-0.014368,-0.014537,-368236000.0,75090400.0,-0.023547030222145958,-0.0053523708783218705,-443326400.0,-0.01819465934382409,19003820.0,255577.0,1538446873.1185,47191304.5575,XLE,VDE,Energy
2023-03-01,4.446643277759854,4.778535084739154,85.34,118.93,0.019716,0.019983,0.0,0.0,0.019715617158561356,0.019982847341337907,0.0,-0.0002672301827765511,18546968.0,331722.0,1554976903.554,46899053.2625,XLE,VDE,Energy
2023-03-02,4.455393260669863,4.788574489733284,86.09,120.13,0.008788,0.01009,0.0,0.0,0.008788375908132176,0.010089968889262592,0.0,-0.0013015929811304155,16402487.0,310201.0,1522065717.6775,44415246.427999996,XLE,VDE,Energy
2023-03-03,4.468892167695464,4.802872844820349,87.26,121.86,0.013591,0.014401,0.0,0.0,0.01359042862121036,0.014401065512361609,0.0,-0.0008106368911512483,25337598.0,249230.0,1525350420.6565,38409319.0435,XLE,VDE,Energy
2023-03-06,4.469350462845557,4.800243426707209,87.3,121.54,0.000458,-0.002626,0.0,0.0,0.00045840018336007336,-0.0026259642212374855,0.0,0.003084364404597559,16949157.0,339528.0,1501651087.0795,37545030.8875,XLE,VDE,Energy
2023-03-07,4.451785879088734,4.783148993347909,85.78,119.48,-0.017411,-0.016949,0.0,0.0,-0.01741122565864834,-0.01694915254237288,0.0,-0.00046207311627545836,18500179.0,314651.0,1513153452.9654999,37434962.8815,XLE,VDE,Energy
2023-03-08,4.441474093317302,4.772378104971998,84.9,118.2,-0.010259,-0.010713,0.0,0.0,-0.010258801585451154,-0.010713090056913292,0.0,0.0004542884714621373,19699517.0,247644.0,1506188159.4505,36255334.785500005,XLE,VDE,Energy
2023-03-09,4.4272389774954295,4.7561730595246186,83.7,116.3,-0.014134,-0.016074,0.0,0.0,-0.014134275618374558,-0.016074450084602367,0.0,0.0019401744662278092,18944056.0,359265.0,1526437920.5705001,36677510.160500005,XLE,VDE,Energy
2023-03-10,4.414372810713093,4.741447804280639,82.63,114.6,-0.012784,-0.014617,0.0,0.0,-0.012783751493428913,-0.014617368873602751,0.0,0.0018336173801738378,28312371.0,412666.0,1573636266.739,37099982.594000004,XLE,VDE,Energy
2023-03-13,4.393831680123644,4.719391330078114,80.95,112.1,-0.020332,-0.021815,0.0,0.0,-0.020331598692968654,-0.02181500872600349,0.0,0.0014834100330348363,41663451.0,744819.0,1652051746.0779998,38783904.225,XLE,VDE,Energy
2023-03-14,4.403665809777363,4.727564794201697,81.75,113.02,0.009883,0.008207,0.0,0.0,0.009882643607164917,0.008206958073148973,0.0,0.001675685534015944,30533190.0,594325.0,1721192525.6490002,39534786.224,XLE,VDE,Energy
2023-03-15,4.348469851145039,4.672641901103104,77.36,106.98,-0.0537,-0.053442,0.0,0.0,-0.05370030581039755,-0.053441868695806055,0.0,-0.00025843711459149626,57673510.0,1082071.0,1883466034.1764998,44053169.2805,XLE,VDE,Energy
2023-03-16,4.359269647551265,4.683056724645162,78.2,108.1,0.010858,0.010469,0.0,0.0,0.010858324715615306,0.010469246588147317,0.0,0.0003890781274679886,44401829.0,1625647.0,1986416513.4145,50908396.5645,XLE,VDE,Energy
2023-03-17,4.343415735546226,4.665512414994253,76.97,106.22,-0.015729,-0.017391,0.0,0.0,-0.015728900255754477,-0.017391304347826087,0.0,0.00166240409207161,33675782.0,1208064.0,2060573390.8379998,56076634.0765,XLE,VDE,Energy
2023-03-20,4.3528552573736015,4.686934487790731,77.7,108.52,0.019817,0.021653,0.0,0.0,0.009484214629076263,0.02165317266051591,0.0,-0.012168958031439648,26144360.0,833629.0,2067767910.9050002,58351092.131500006,XLE,VDE,Energy
2023-03-21,4.386889790339869,4.720550337028165,80.39,112.23,0.03462,0.034187,0.0,0.0,0.03462033462033462,0.03418724659049023,0.0,0.000433088029844389,29856229.0,615959.0,2117108812.0940003,60104442.630499996,XLE,VDE,Energy
2023-03-22,4.365388993520859,4.698569450246641,78.68,109.79,-0.021271,-0.021741,0.0,0.0,-0.021271302400796117,-0.02174106745077074,0.0,0.0004697650499746221,24604696.0,583804.0,2129829104.2765,60940998.118499994,XLE,VDE,Energy
2023-03-23,4.351438552905858,4.684350983862532,77.59,108.24,-0.013854,-0.014118,0.0,0.0,-0.013853584138281647,-0.014117861371709627,0.0,0.00026427723342798033,24743111.0,409474.0,2151596773.152,61604524.285500005,XLE,VDE,Energy
2023-03-24,4.355297574931857,4.677955855713739,77.89,107.55,0.003867,0.002956,0.0,0.0,0.0038664776388709883,-0.006374722838137472,0.0,0.01024120047700846,20649609.0,603970.0,2152654748.9985,63389352.84000001,XLE,VDE,Energy
2023-03-27,4.376385754783795,4.700207601322843,79.55,109.97,0.021312,0.022501,0.0,0.0,0.02131210681730646,0.022501162250116225,0.0,-0.001189055432809765,20111926.0,413822.0,2167531644.7730002,64152422.363,XLE,VDE,Energy
2023-03-28,4.391729410135267,4.7153689782861665,80.78,111.65,0.015462,0.015277,0.0,0.0,0.015461973601508486,0.015276893698281349,0.0,0.00018507990322713663,16298354.0,358870.0,2153839211.789,64665800.228,XLE,VDE,Energy
2023-03-29,4.405498990859024,4.729686060685659,81.9,113.26,0.013865,0.01442,0.0,0.0,0.01386481802426343,0.014420062695924765,0.0,-0.0005552446716613341,18102274.0,1232145.0,2148828111.363,69670852.49,XLE,VDE,Energy
2023-03-30,4.409884962802278,4.732331331604771,82.26,113.56,0.004396,0.002649,0.0,0.0,0.004395604395604396,0.002648772735299311,0.0,0.0017468316603050844,13730400.0,666565.0,2134696741.2715,71592386.2535,XLE,VDE,Energy
2023-03-31,4.416790314610172,4.738213959745856,82.83,114.23,0.006929,0.0059,-757894500.0,-334122750.0,-0.012754396652642969,-0.036287170806750535,-423771750.0,0.023532774154107566,16147327.0,478979.0,2091022955.968,72809516.422,XLE,VDE,Energy
2023-04-03,4.461068842013835,4.784821514226167,86.58,119.68,0.045273,0.047711,0.0,0.0,0.04527345164795364,0.047710758995010066,0.0,-0.002437307347056425,31226124.0,645112.0,2152217776.459,74606554.974,XLE,VDE,Energy
2023-04-04,4.442768896629268,4.765075703497714,85.01,117.34,-0.018134,-0.019552,0.0,0.0,-0.018133518133518132,-0.019552139037433153,0.0,0.0014186209039150216,24681487.0,764985.0,2177779169.2215,77214996.895,XLE,VDE,Energy
2023-04-05,4.4577137165202165,4.778619164278448,86.29,118.94,0.015057,0.013636,0.0,0.0,0.015057052111516292,0.013635588886995058,0.0,0.0014214632245212345,20276134.0,479088.0,2181636099.6995,78600557.191,XLE,VDE,Energy
2023-04-06,4.442415934686665,4.7637112141166424,84.98,117.18,-0.015181,-0.014797,0.0,0.0,-0.015181365163981922,-0.014797376828653102,0.0,-0.0003839883353288203,16689270.0,340468.0,2173267933.5695,78506233.228,XLE,VDE,Energy
2023-04-10,4.450385972187225,4.771277668919018,85.66,118.07,0.008002,0.007595,0.0,0.0,0.008001882795951988,0.007595152756443079,0.0,0.0004067300395089093,13488647.0,322344.0,2114067247.8840003,78044614.85200001,XLE,VDE,Energy
2023-04-11,4.459797532972339,4.7802992722005415,86.47,119.14,0.009456,0.009062,0.0,0.0,0.009455988792902171,0.009062420597950368,0.0,0.00039356819495180335,12787580.0,622762.0,2000721532.0915,77579697.59099999,XLE,VDE,Energy
2023-04-12,4.460491174618648,4.780383203544751,86.53,119.15,0.000694,8.4e-05,0.0,0.0,0.0006938822713079681,8.393486654356219e-05,0.0,0.0006099474047644059,16667178.0,791964.0,1948027663.5835,78939292.546,XLE,VDE,Energy
2023-04-13,4.466712392840524,4.786574655719562,87.07,119.89,0.006241,0.006211,0.0,0.0,0.006240610192996649,0.0062106588334032735,0.0,2.9951359593375325e-05,15692262.0,523070.0,1793262789.5205002,76286837.882,XLE,VDE,Energy
2023-04-14,4.468548308445127,4.787408405976297,87.23,119.99,0.001838,0.000834,0.0,0.0,0.001837601929482026,0.0008340979230961714,0.0,0.0010035040063858546,11780079.0,590817.0,1671030452.6890001,71044822.4385,XLE,VDE,Energy
2023-04-17,4.456670177669648,4.775672165976704,86.2,118.59,-0.011808,-0.011668,0.0,0.0,-0.011807864266880661,-0.011667638969914159,0.0,-0.0001402252969665025,11880993.0,330457.0,1592636285.492,66588239.31600001,XLE,VDE,Energy
2023-04-18,4.460606734796738,4.778282803696737,86.54,118.9,0.003944,0.002614,0.0,0.0,0.00394431554524362,0.002614048402057509,0.0,0.0013302671431861105,12246759.0,295483.0,1544057173.085,63821614.79700001,XLE,VDE,Energy
2023-04-19,4.457134107160687,4.774575350848819,86.24,118.46,-0.003467,-0.003701,0.0,0.0,-0.0034666050381326552,-0.003700588730025231,0.0,0.0002339836918925759,17123070.0,400818.0,1497884738.4594998,62739205.88250001,XLE,VDE,Energy
2023-04-20,4.448282430450947,4.76490524410925,85.48,117.32,-0.008813,-0.009624,0.0,0.0,-0.008812615955473098,-0.009623501603916933,0.0,0.0008108856484438359,15198120.0,406204.0,1466046629.2755,61917206.488500014,XLE,VDE,Energy
2023-04-21,4.442415934686665,4.75892078579401,84.98,116.62,-0.005849,-0.005967,0.0,0.0,-0.00584932147870847,-0.0059665871121718375,0.0,0.00011726563346336778,16878782.0,246866.0,1441773674.869,61140608.8465,XLE,VDE,Energy
2023-04-24,4.457597821520956,4.774744169959543,86.28,118.48,0.015298,0.015949,0.0,0.0,0.015297717109908213,0.015949236837592178,0.0,-0.0006515197276839649,12625917.0,348463.0,1415821978.5565,59957054.98349999,XLE,VDE,Energy
2023-04-25,4.438643235092778,4.7534177624482945,84.66,115.98,-0.018776,-0.021101,0.0,0.0,-0.018776077885952713,-0.02110060769750169,0.0,0.002324529811548976,15332606.0,351334.0,1400729714.0895,59719040.5825,XLE,VDE,Energy
2023-04-26,4.425205848767815,4.740225416980956,83.53,114.46,-0.013348,-0.013106,0.0,0.0,-0.013347507677769902,-0.01310570788066908,0.0,-0.000241799797100822,20035011.0,372061.0,1418576885.725,59844953.910500005,XLE,VDE,Energy
2023-04-27,4.428790938649766,4.745540638835367,83.83,115.07,0.003592,0.005329,0.0,0.0,0.003591524003352089,0.005329372706622401,0.0,-0.001737848703270312,17057343.0,276859.0,1415943926.8795,54460225.03199999,XLE,VDE,Energy
2023-04-28,4.444179499895966,4.761660982747524,85.13,116.94,0.015508,0.016251,-659757500.0,35315880.0,-0.0016416343945394824,0.020844168052416904,-695073380.0,-0.022485802446956388,19114270.0,384656.0,1440830681.9345002,52924552.594,XLE,VDE,Energy
2023-05-01,4.432838563223485,4.75039543814087,84.17,115.63,-0.011277,-0.011202,0.0,0.0,-0.011276870668389522,-0.011202325979134599,0.0,-7.454468925492327e-05,13910686.0,274403.0,1432499649.1950002,51775324.980000004,XLE,VDE,Energy
2023-05-02,4.388381400311889,4.706552800276694,80.51,110.67,-0.043483,-0.042895,0.0,0.0,-0.0434834263989545,-0.04289544235924933,0.0,-0.0005879840397051694,33823986.0,610794.0,1433480214.0420003,51294803.37100001,XLE,VDE,Energy
2023-05-03,4.369321262176328,4.686842334632116,78.99,108.51,-0.01888,-0.019517,0.0,0.0,-0.018879642280462055,-0.01951748441312009,0.0,0.0006378421326580334,29683773.0,532500.0,1445807615.012,49695715.126,XLE,VDE,Energy
2023-05-04,4.358118089622206,4.676746384477314,78.11,107.42,-0.011141,-0.010045,0.0,0.0,-0.011140650715280415,-0.010045157128375264,0.0,-0.0010954935869051507,26430480.0,880710.0,1461550474.509,51576872.2,XLE,VDE,Energy
2023-05-05,4.3848975097655645,4.704472387061954,80.23,110.44,0.027141,0.028114,0.0,0.0,0.027141211112533606,0.028113945261590022,0.0,-0.0009727341490564159,19536652.0,396008.0,1469009045.777,51768826.36400001,XLE,VDE,Energy
2023-05-08,4.3848975097655645,4.705106014600691,80.23,110.51,0.0,0.000634,0.0,0.0,0.0,0.0006338283230713509,0.0,-0.0006338283230713509,16355949.0,384899.0,1476849060.0895,51992627.984500006,XLE,VDE,Energy
2023-05-09,4.385271364838771,4.70555836001936,80.26,110.56,0.000374,0.000452,0.0,0.0,0.0003739249657235448,0.000452447742285766,0.0,-7.852277656222119e-05,20710621.0,348457.0,1504673680.0325,50209105.0465,XLE,VDE,Energy
2023-05-10,4.373868446972418,4.6958332208853335,79.35,109.49,-0.011338,-0.009678,0.0,0.0,-0.011338151009220036,-0.009678002894356006,0.0,-0.00166014811486403,18026000.0,530575.0,1504081289.4155002,48395612.354,XLE,VDE,Energy
2023-05-11,4.361823927356363,4.682501528924415,78.4,108.04,-0.011972,-0.013243,0.0,0.0,-0.011972274732199117,-0.013243218558772491,0.0,0.001270943826573374,19084137.0,680724.0,1510574843.8385,48937340.287,XLE,VDE,Energy
2023-05-12,4.3633533694082605,4.6848128136402885,78.52,108.29,0.001531,0.002314,0.0,0.0,0.001530612244897959,0.0023139577934098484,0.0,-0.0007833455485118893,18956635.0,806018.0,1533619778.29,49756918.156500004,XLE,VDE,Energy
2023-05-15,4.368434681154414,4.691714787388277,78.92,109.04,0.005094,0.006926,0.0,0.0,0.005094243504839531,0.006925847261981716,0.0,-0.0018316037571421842,16272278.0,467446.0,1546623107.4480002,50345988.967,XLE,VDE,Energy
2023-05-16,4.3435456478556,4.665794807804526,76.98,106.25,-0.024582,-0.025587,0.0,0.0,-0.0245818550430816,-0.02558694057226706,0.0,0.0010050855291854587,22260859.0,395090.0,1579313427.546,50688258.157,XLE,VDE,Energy
2023-05-17,4.362588940781406,4.685551297934904,78.46,108.37,0.019226,0.019953,0.0,0.0,0.019225772928033256,0.01995294117647059,0.0,-0.0007271682484373335,23100333.0,476013.0,1596101356.065,50893489.583500005,XLE,VDE,Energy
2023-05-18,4.369827527216884,4.693364196724008,79.03,109.22,0.007265,0.007843,0.0,0.0,0.007264848330359419,0.007843499123373628,0.0,-0.000578650793014209,16577126.0,420441.0,1596649104.574,50806725.22050001,XLE,VDE,Energy
2023-05-19,4.377516479195996,4.700298531079668,79.64,109.98,0.007719,0.006958,0.0,0.0,0.007718587878021005,0.006958432521516206,0.0,0.000760155356504799,18061094.0,427359.0,1596850436.164,51717296.7155,XLE,VDE,Energy
2023-05-22,4.373364224095228,4.70002571700077,79.31,109.95,-0.004144,-0.000273,0.0,0.0,-0.004143646408839779,-0.00027277686852154935,0.0,-0.0038708695403182293,13471766.0,306172.0,1595804518.299,51336182.4735,XLE,VDE,Energy
2023-05-23,4.384024637336554,4.709620287344555,80.16,111.01,0.010718,0.009641,0.0,0.0,0.010717437901903921,0.009640745793542519,0.0,0.001076692108361402,21401872.0,548677.0,1616680300.0770001,52344228.296000004,XLE,VDE,Energy
2023-05-24,4.388381400311889,4.713576059831878,80.51,111.45,0.004366,0.003964,0.0,0.0,0.00436626746506986,0.003963606882262859,0.0,0.00040266058280700144,16737145.0,381467.0,1600379453.833,52340648.0505,XLE,VDE,Energy
2023-05-25,4.370459998302416,4.694462293466853,79.08,109.34,-0.017762,-0.018932,0.0,0.0,-0.017761768724382065,-0.01893225661731718,0.0,0.001170487892935116,19125452.0,382706.0,1604505637.8565001,52839993.496,XLE,VDE,Energy
2023-05-26,4.3665322137152325,4.69024635834321,78.77,108.88,-0.00392,-0.004207,0.0,0.0,-0.003920080930703085,-0.004207060545088714,0.0,0.0002869796143856289,14392873.0,369289.0,1579832077.912,52601319.18,XLE,VDE,Energy
2023-05-30,4.35619587463936,4.680277658474897,77.96,107.8,-0.010283,-0.009919,0.0,0.0,-0.010283102704075156,-0.009919177075679648,0.0,-0.00036392562839550856,20165805.0,482294.0,1599895263.771,53614422.8955,XLE,VDE,Energy
2023-05-31,4.338466519921502,4.662211926355289,76.59,105.87,-0.017573,-0.017904,-1175656500.0,-142924500.0,-0.050997586336885385,-0.037656657364430225,-1032732000.0,-0.01334092897245516,22398812.0,455371.0,1549513058.682,52645100.685,XLE,VDE,Energy
2023-06-01,4.350793932242783,4.67609452432479,77.54,107.35,0.012404,0.013979,0.0,0.0,0.012403708055882083,0.013979408708793804,0.0,-0.0015757006529117205,25811840.0,598464.0,1532349500.8985,52968277.455,XLE,VDE,Energy
2023-06-02,4.380775852772229,4.706823839714591,79.9,110.7,0.030436,0.031206,0.0,0.0,0.030435904049522712,0.0312063344201211,0.0,-0.0007704303705983878,27639389.0,611549.0,1539544620.3135,51622907.76,XLE,VDE,Energy
2023-06-05,4.374120463102784,4.699661849080809,79.37,109.91,-0.006633,-0.007136,0.0,0.0,-0.006633291614518148,-0.007136404697380307,0.0,0.0005031130828621593,21753877.0,431946.0,1547503601.69,51809910.827,XLE,VDE,Energy
2023-06-06,4.382151626862033,4.707546252604958,80.01,110.78,0.008063,0.007916,0.0,0.0,0.008063500062996094,0.0079155672823219,0.0,0.00014793278067419362,17375360.0,445625.0,1551401839.9565,52151468.277499996,XLE,VDE,Energy
2023-06-07,4.408303357752101,4.735496447663666,82.13,113.92,0.026497,0.028345,0.0,0.0,0.026496687914010747,0.028344466510200398,0.0,-0.001847778596189651,30327137.0,441378.0,1592828505.9740002,52739287.0695,XLE,VDE,Energy
2023-06-08,4.404032714936497,4.731538484802898,81.78,113.47,-0.004262,-0.00395,0.0,0.0,-0.004261536588335566,-0.003950140449438202,0.0,-0.00031139613889736347,23081137.0,487544.0,1615689120.1670003,52600735.116000004,XLE,VDE,Energy
2023-06-09,4.398514952178684,4.725172978382788,81.33,112.75,-0.005503,-0.006345,0.0,0.0,-0.005502567865003668,-0.0063452895038336125,0.0,0.0008427216388299441,19194061.0,369959.0,1618931952.1835,51009107.9305,XLE,VDE,Energy
2023-06-12,4.388878109622984,4.713755496401532,80.55,111.47,-0.009591,-0.011353,0.0,0.0,-0.009590556990040576,-0.011352549889135255,0.0,0.0017619928990946793,18196130.0,442914.0,1617793116.7485,49113504.6485,XLE,VDE,Energy
2023-06-13,4.393584583507611,4.719302120033004,80.93,112.09,0.004718,0.005562,0.0,0.0,0.004717566728739913,0.005562034628151072,0.0,-0.000844467899411159,20068212.0,449937.0,1634788727.6185,49086660.973000005,XLE,VDE,Energy
2023-06-14,4.383275854074314,4.709350004897755,80.1,110.98,-0.010256,-0.009903,0.0,0.0,-0.010255776597059186,-0.009902756713355339,0.0,-0.0003530198837038475,23802686.0,515902.0,1644436438.7575002,49850485.546000004,XLE,VDE,Energy
2023-06-15,4.394202210604015,4.721262904974945,80.98,112.31,0.010986,0.011984,0.0,0.0,0.010986267166042446,0.011984141286718328,0.0,-0.0009978741206758818,23388539.0,419049.0,1648514026.8095,49624378.765,XLE,VDE,Energy
2023-06-16,4.392719264212625,4.720639435794205,80.86,112.24,-0.001482,-0.000623,0.0,0.0,-0.0014818473697209187,-0.0006232748642151189,0.0,-0.0008585725055057998,23730882.0,427663.0,1678953469.3465,49728395.22,XLE,VDE,Energy
2023-06-20,4.36131359307634,4.698751599609622,78.36,109.81,-0.022188,-0.02165,0.0,0.0,-0.030917635419243136,-0.021650035637918747,0.0,-0.009267599781324388,21283660.0,678754.0,1690423572.9185002,51105046.916,XLE,VDE,Energy
2023-06-21,4.369194655858504,4.707997495787562,78.98,110.83,0.007912,0.009289,0.0,0.0,0.007912200102092905,0.009288771514434023,0.0,-0.001376571412341118,17236870.0,363902.0,1705069684.4755,51438429.279,XLE,VDE,Energy
2023-06-22,4.3556826593342794,4.694736629347134,77.92,109.37,-0.013421,-0.013173,0.0,0.0,-0.013421119270701443,-0.013173328521158531,0.0,-0.0002477907495429116,16755381.0,410516.0,1684569945.8755002,50637904.336500004,XLE,VDE,Energy
2023-06-23,4.348469851145039,4.685920335673201,77.36,108.41,-0.007187,-0.008778,0.0,0.0,-0.007186858316221766,-0.008777544116302459,0.0,0.0015906858000806932,17452556.0,482224.0,1684701055.286,51126074.671,XLE,VDE,Energy
2023-06-26,4.366278277705742,4.702296896718814,78.75,110.2,0.017968,0.016511,0.0,0.0,0.01796794208893485,0.016511391938013098,0.0,0.0014565501509217517,16244304.0,416443.0,1673040965.078,51328421.899000004,XLE,VDE,Energy
2023-06-27,4.368561383720311,4.706010500914163,78.93,110.61,0.002286,0.003721,0.0,0.0,0.002285714285714286,0.003720508166969147,0.0,-0.001434793881254861,14194194.0,386083.0,1672372021.3885,51453244.6145,XLE,VDE,Energy
2023-06-28,4.378645926514404,4.715279408668121,79.73,111.64,0.010136,0.009312,0.0,0.0,0.010135563157227924,0.009311997106952356,0.0,0.000823566050275568,16451630.0,408431.0,1659350136.4935002,51133541.796500005,XLE,VDE,Energy
2023-06-29,4.390118804571218,4.71965891247279,80.65,112.13,0.011539,0.013176,0.0,0.0,0.011538943935783268,0.004389107846649946,0.0,0.007149836089133322,14217892.0,341092.0,1630907535.4295,50635367.70599999,XLE,VDE,Energy
2023-06-30,4.3965457207730845,4.726413893273455,81.17,112.89,0.006448,0.006778,-1801974000.0,-103633020.0,-0.04481880865040091,-0.00727448771728432,-1698340980.0,-0.03754432093311659,17985293.0,407348.0,1603828343.39,49722387.971999995,XLE,VDE,Energy
2023-07-03,4.398883751740304,4.7295977643631435,81.36,113.25,0.002341,0.003189,0.0,0.0,0.0023407662929653813,0.0031889449906989105,0.0,-0.0008481786977335292,9769891.0,242466.0,1533152900.9229999,47710427.982,XLE,VDE,Energy
2023-07-05,4.393337425819748,4.724551943008172,80.91,112.68,-0.005531,-0.005033,0.0,0.0,-0.0055309734513274336,-0.005033112582781457,0.0,-0.0004978608685459766,16280342.0,997920.0,1512684763.6095,50958950.019,XLE,VDE,Energy
2023-07-06,4.370586444531326,4.701207374185033,79.09,110.08,-0.022494,-0.023074,0.0,0.0,-0.022494129279446298,-0.023074192403265886,0.0,0.0005800631238195887,20983885.0,513478.0,1526155409.1620002,51316816.056,XLE,VDE,Energy
2023-07-07,4.391853195491617,4.72384171570559,80.79,112.6,0.021495,0.022892,0.0,0.0,0.021494499936781,0.022892441860465115,0.0,-0.001397941923684115,24458027.0,374931.0,1500415221.138,50913588.498,XLE,VDE,Energy
2023-07-10,4.399620943074833,4.730921391293652,81.42,113.4,0.007798,0.007105,0.0,0.0,0.0077979948013366844,0.007104795737122558,0.0,0.0006931990642141264,15462510.0,289902.0,1468984330.1550002,49791251.953999996,XLE,VDE,Energy
2023-07-11,4.421367532912338,4.753331536968612,83.21,115.97,0.021985,0.022663,0.0,0.0,0.021984770326701056,0.022663139329805997,0.0,-0.0006783690031049415,19821023.0,825954.0,1473397047.2900002,52494902.36049999,XLE,VDE,Energy
2023-07-12,4.430578675256047,4.761318868478023,83.98,116.9,0.009254,0.008019,0.0,0.0,0.009253695469294556,0.008019315340174183,0.0,0.0012343801291203726,21538759.0,536222.0,1490553382.756,53160538.77150001,XLE,VDE,Energy
2023-07-13,4.426760966014053,4.757376118877422,83.66,116.44,-0.00381,-0.003935,0.0,0.0,-0.0038104310550130982,-0.003934987168520102,0.0,0.0001245561135070042,26613237.0,472993.0,1520670533.269,53392632.100999996,XLE,VDE,Energy
2023-07-14,4.399989335048054,4.730833203983749,81.45,113.39,-0.026417,-0.026194,0.0,0.0,-0.026416447525699258,-0.02619374785297149,0.0,-0.00022269967272776914,21994088.0,1897790.0,1514911699.219,61289412.30799999,XLE,VDE,Energy
2023-07-17,4.398023007758481,4.730833203983749,81.29,113.39,-0.001964,0.0,0.0,0.0,-0.0019643953345609673,0.0,0.0,-0.0019643953345609673,16232309.0,1770803.0,1486187724.7385,68975810.257,XLE,VDE,Energy
2023-07-18,4.4080598117206975,4.743539855252863,82.11,114.84,0.010087,0.012788,0.0,0.0,0.010087341616434872,0.01278772378516624,0.0,-0.0027003821687313686,21607291.0,689493.0,1478952502.013,70534834.307,XLE,VDE,Energy
2023-07-19,4.413888607822626,4.747970984619762,82.59,115.35,0.005846,0.004441,0.0,0.0,0.005845816587504567,0.004440961337513062,0.0,0.001404855249991505,18760482.0,1335449.0,1473034532.552,74510337.5775,XLE,VDE,Energy
2023-07-20,4.425564936688365,4.759092268260348,83.56,116.64,0.011745,0.011183,0.0,0.0,0.011744763288533721,0.01118335500650195,0.0,0.0005614082820317706,17724904.0,499970.0,1479020781.834,75409599.6845,XLE,VDE,Energy
2023-07-21,4.4343818650078095,4.76703390087965,84.3,117.57,0.008856,0.007973,0.0,0.0,0.008855911919578746,0.007973251028806584,0.0,0.0008826608907721613,15764505.0,396676.0,1480189206.033,75496552.80450001,XLE,VDE,Energy
2023-07-24,4.450385972187225,4.7829815873041595,85.66,119.46,0.016133,0.016076,0.0,0.0,0.01613285883748517,0.01607552947180403,0.0,5.732936568113994e-05,22269803.0,517071.0,1508064285.674,75971122.69549999,XLE,VDE,Energy
2023-07-25,4.455625548708074,4.788907406923208,86.11,120.17,0.005253,0.005943,0.0,0.0,0.005253327107167873,0.005943412020760087,0.0,-0.0006900849135922137,16803262.0,483899.0,1516448783.2150002,76584028.907,XLE,VDE,Energy
2023-07-26,4.455973879625964,4.788740962182478,86.14,120.15,0.000348,-0.000166,0.0,0.0,0.00034839159214957615,-0.00016643088957310476,0.0,0.0005148224817226809,16394005.0,686164.0,1531040376.1290002,78570927.1055,XLE,VDE,Energy
2023-07-27,4.4495684538935185,4.781557503293855,85.59,119.29,-0.006385,-0.007158,0.0,0.0,-0.006384954724866497,-0.007157719517270079,0.0,0.0007727647924035824,17775303.0,1179389.0,1541525362.3225,83325530.954,XLE,VDE,Energy
2023-07-28,4.4526015873434845,4.786407822219008,85.85,119.87,0.003038,0.004862,0.0,0.0,0.0030377380535109243,0.004862100762846844,0.0,-0.0018243627093359198,17318288.0,282585.0,1558530464.0725,83106871.8535,XLE,VDE,Energy
2023-07-31,4.471410195808567,4.8060681283549815,87.48,122.25,0.018987,0.019855,188082000.0,345356250.0,0.02428325367285537,0.06428045692564487,-157274250.0,-0.03999720325278949,18133239.0,398073.0,1564851939.818,83240817.28,XLE,VDE,Energy
2023-08-01,4.466712392840524,4.801230268892559,87.07,121.66,-0.004687,-0.004826,0.0,0.0,-0.004686785550983082,-0.004826175869120654,0.0,0.00013939031813757236,17904641.0,410327.0,1603055877.8235002,84363872.696,XLE,VDE,Energy
2023-08-02,4.453533011325132,4.788324729085938,85.93,120.1,-0.013093,-0.012823,0.0,0.0,-0.013092913747559436,-0.012822620417557126,0.0,-0.0002702933300023098,22961517.0,347873.0,1635847912.053,80830568.781,XLE,VDE,Energy
2023-08-03,4.463606621666305,4.799337965065727,86.8,121.43,0.010125,0.011074,0.0,0.0,0.010124519958105435,0.011074104912572855,0.0,-0.0009495849544674199,20816983.0,419209.0,1643212845.0405002,80549613.3125,XLE,VDE,Energy
2023-08-04,4.464988155388229,4.800654729308327,86.92,121.59,0.001382,0.001318,0.0,0.0,0.0013824884792626728,0.0013176315572757968,0.0,6.485692198687602e-05,21604149.0,327831.0,1638306276.528,80431800.347,XLE,VDE,Energy
2023-08-07,4.466137977292534,4.802462453711867,87.02,121.81,0.00115,0.001809,0.0,0.0,0.001150483202945237,0.0018093593223126902,0.0,-0.0006588761193674533,13410765.0,270869.0,1633708636.833,80437783.6515,XLE,VDE,Energy
2023-08-08,4.471067201464611,4.808192659306079,87.45,122.51,0.004941,0.005747,0.0,0.0,0.004941392783268214,0.005746654626056974,0.0,-0.0008052618427887596,18618558.0,352644.0,1632652915.4965,77808610.2045,XLE,VDE,Energy
2023-08-09,4.4835673642288425,4.82084592245478,88.55,124.07,0.012579,0.012734,0.0,0.0,0.012578616352201259,0.012733654395559546,0.0,-0.00015503804335828715,26042805.0,517511.0,1657516185.593,77884772.10300002,XLE,VDE,Energy
2023-08-10,4.483454427303995,4.819555495628402,88.54,123.91,-0.000113,-0.00129,0.0,0.0,-0.00011293054771315641,-0.0012895945837027485,0.0,0.0011766640359895922,19613252.0,426092.0,1633020881.826,77770859.843,XLE,VDE,Energy
2023-08-11,4.498697941477575,4.833738993947366,89.9,125.68,0.01536,0.014285,0.0,0.0,0.015360289134854304,0.01428456137519167,0.0,0.0010757277596626334,23344603.0,513693.0,1648383948.931,70239386.25,XLE,VDE,Energy
2023-08-14,4.494462064003669,4.82903347822665,89.52,125.09,-0.004227,-0.004694,0.0,0.0,-0.004226918798665183,-0.004694462126034373,0.0,0.00046754332736918987,15094733.0,540348.0,1649971753.9085,63579425.2075,XLE,VDE,Energy
2023-08-15,4.473465694990663,4.808111029984782,87.66,122.5,-0.020777,-0.020705,0.0,0.0,-0.020777479892761394,-0.020705092333519866,0.0,-7.238755924152823e-05,22491233.0,436917.0,1659842094.947,62296473.02650001,XLE,VDE,Energy
2023-08-16,4.464758032271346,4.800161145882709,86.9,121.53,-0.00867,-0.007918,0.0,0.0,-0.008669860825918321,-0.007918367346938775,0.0,-0.0007514934789795459,18997729.0,383243.0,1664915817.033,56923047.0085,XLE,VDE,Energy
2023-08-17,4.476654763752664,4.8122656528806935,87.94,123.01,0.011968,0.012178,0.0,0.0,0.011967779056386652,0.0121780630297046,0.0,-0.00021028397331794742,20232149.0,417854.0,1679821927.2740002,56577232.995500006,XLE,VDE,Energy
2023-08-18,4.486499256270413,4.822537084524846,88.81,124.28,0.009893,0.010324,0.0,0.0,0.009893108937912213,0.010324363872855865,0.0,-0.0004312549349436527,17653648.0,376421.0,1691765562.6430001,56584453.2235,XLE,VDE,Energy
2023-08-21,4.480173695813406,4.816564990267753,88.25,123.54,-0.006306,-0.005954,0.0,0.0,-0.00630559621664227,-0.005954296749275828,0.0,-0.0003512994673664418,15244236.0,571083.0,1663649187.744,57023567.83150001,XLE,VDE,Energy
2023-08-22,4.472438473534133,4.809334770704498,87.57,122.65,-0.007705,-0.007204,0.0,0.0,-0.007705382436260623,-0.007204144406669904,0.0,-0.000501238029590719,12869736.0,313896.0,1647652882.2789998,56041027.90999999,XLE,VDE,Energy
2023-08-23,4.469923036580066,4.80614992460058,87.35,122.26,-0.002512,-0.00318,0.0,0.0,-0.0025122758935708575,-0.0031797798613942114,0.0,0.0006675039678233539,19399283.0,267269.0,1661770271.2465,53552713.077,XLE,VDE,Energy
2023-08-24,4.4630304188269685,4.798514106063782,86.75,121.33,-0.006869,-0.007607,0.0,0.0,-0.006868918145392101,-0.0076067397349910025,0.0,0.0007378215895989014,16727513.0,325858.0,1658256449.6955,48495064.943500005,XLE,VDE,Energy
2023-08-25,4.472666836174998,4.808682295353074,87.59,122.57,0.009683,0.01022,0.0,0.0,0.00968299711815562,0.010220060990686557,0.0,-0.0005370638725309372,19018407.0,336514.0,1667208811.9120002,48863717.795,XLE,VDE,Energy
2023-08-28,4.479380179929792,4.8158362157911885,88.18,123.45,0.006736,0.00718,0.0,0.0,0.006735928758990753,0.007179570857469201,0.0,-0.00044364209847844865,12859097.0,276079.0,1644589783.199,48134594.21,XLE,VDE,Energy
2023-08-29,4.482098188398097,4.818909657227008,88.42,123.83,0.002722,0.003078,0.0,0.0,0.0027217056021773644,0.0030781692993114623,0.0,-0.00035646369713409785,13509662.0,396029.0,1626368144.3075001,48090588.622499995,XLE,VDE,Energy
2023-08-30,4.487062097507763,4.824145060430081,88.86,124.48,0.004976,0.005249,0.0,0.0,0.0049762497172585385,0.005249131874343858,0.0,-0.0002728821570853199,13945062.0,285918.0,1589671896.983,47781164.88950001,XLE,VDE,Energy
2023-08-31,4.487737089095996,4.825349347838285,88.92,124.63,0.000675,0.001205,662454000.0,146440250.0,0.018605706645796416,0.018587814840893457,516013750.0,1.7891804902959302e-05,14808692.0,313000.0,1565165635.395,47186396.946,XLE,VDE,Energy
2023-09-01,4.507998274235818,4.845839264168119,90.74,127.21,0.020468,0.020701,0.0,0.0,0.02046783625730994,0.02070127577629784,0.0,-0.00023343951898789975,17882080.0,533095.0,1552405000.801,48584099.129,XLE,VDE,Energy
2023-09-05,4.5132741712835545,4.849996948133443,91.22,127.74,0.00529,0.004166,0.0,0.0,0.005289839100727353,0.004166339124282682,0.0,0.0011234999764446708,24368698.0,388224.0,1605200393.864,49413958.1725,XLE,VDE,Energy
2023-09-06,4.513712575499256,4.849840367846581,91.26,127.72,0.000439,-0.000157,0.0,0.0,0.0004385003288752467,-0.0001565680288085173,0.0,0.0005950683576837639,20162145.0,413377.0,1615790616.644,49893662.8725,XLE,VDE,Energy
2023-09-07,4.5127258955968115,4.848351631038809,91.17,127.53,-0.000986,-0.001488,0.0,0.0,-0.0009861932938856016,-0.0014876291888506108,0.0,0.0005014358949650092,15364572.0,320160.0,1570525498.9685,48724783.624,XLE,VDE,Energy
2023-09-08,4.522331907679087,4.858649014707995,92.05,128.85001,0.009652,0.010351,0.0,0.0,0.009652297905012614,0.010350584176272302,0.0,-0.0006982862712596877,17375861.0,416920.0,1563670032.617,48770937.94646,XLE,VDE,Energy
2023-09-11,4.5090997172373575,4.845052853306577,90.84,127.11,-0.013145,-0.013504,0.0,0.0,-0.013145029875067897,-0.013504151066810213,0.0,0.0003591211917423152,22047498.0,1879900.0,1558875778.0479999,57490595.58446,XLE,VDE,Energy
2023-09-12,4.532384416262439,4.867918991894661,92.98,130.05,0.023558,0.02313,0.0,0.0,0.023557904007045355,0.023129572810951144,0.0,0.00042833119609421086,26799673.0,464499.0,1615903432.917,57131393.76596,XLE,VDE,Energy
2023-09-13,4.524827433305553,4.859812404361672,92.28,129.0,-0.007529,-0.008074,0.0,0.0,-0.007528500752850075,-0.008073817762399077,0.0,0.0005453170095490014,18157686.0,403818.0,1601103921.8820002,57059903.24096,XLE,VDE,Energy
2023-09-14,4.5364629879783,4.87152647172512,93.36,130.52,0.011704,0.011783,0.0,0.0,0.011703511053315995,0.011782945736434108,0.0,-7.943468311811218e-05,18549904.0,544542.0,1605149741.249,58284808.24346,XLE,VDE,Energy
2023-09-15,4.52189726679427,4.858959327416688,92.01,128.89,-0.01446,-0.012489,0.0,0.0,-0.014460154241645245,-0.012488507508427827,0.0,-0.001971646733217418,24806371.0,464801.0,1630310691.8814998,58710207.26096,XLE,VDE,Energy
2023-09-18,4.522983515000144,4.864684238611951,92.11,129.63,0.008408,0.005741,0.0,0.0,0.0010868383871318334,0.005741329816122275,0.0,-0.0046544914289904414,16873326.0,506632.0,1629629770.8305001,59654862.47496001,XLE,VDE,Energy
2023-09-19,4.513602992462601,4.855539723555893,91.25,128.45,-0.009337,-0.009103,0.0,0.0,-0.00933666268591901,-0.009102831134768187,0.0,-0.00023383155115082321,18135903.0,361388.0,1645109636.918,58448297.21396001,XLE,VDE,Energy
2023-09-20,4.504244267398131,4.846467947882343,90.4,127.29,-0.009315,-0.009031,0.0,0.0,-0.009315068493150684,-0.00903075126508369,0.0,-0.00028431722806699505,17970995.0,792244.0,1669988395.242,61565566.93196,XLE,VDE,Energy
2023-09-21,4.490432508517668,4.8319072728124315,89.16,125.45,-0.013717,-0.014455,0.0,0.0,-0.013716814159292035,-0.014455181082567365,0.0,0.0007383669232753302,21723105.0,684875.0,1682103628.8295,64227629.972459994,XLE,VDE,Energy
2023-09-22,4.4921134636957945,4.834057211929367,89.31,125.72,0.001682,0.002152,0.0,0.0,0.0016823687752355316,0.002152251893184536,0.0,-0.00046988311794900423,21036026.0,378904.0,1703484415.295,64632602.959460005,XLE,VDE,Energy
2023-09-25,4.504576070752389,4.847959489549136,90.43,127.48,0.012541,0.013999,0.0,0.0,0.012540588959802933,0.013999363665287942,0.0,-0.0014587747054850084,17536880.0,1125522.0,1699486304.7585,69744354.13846001,XLE,VDE,Energy
2023-09-26,4.498809169996681,4.84245330085602,89.91,126.78,-0.00575,-0.005491,0.0,0.0,-0.0057503041026208115,-0.005491057420771886,0.0,-0.0002592466818489257,16729981.0,509800.0,1718000175.671,71271878.71096,XLE,VDE,Energy
2023-09-27,4.523417684115833,4.867765193063229,92.15,130.03,0.024914,0.025635,0.0,0.0,0.02491380269158047,0.025634958195298943,0.0,-0.0007211555037184743,23144708.0,1021550.0,1764913202.079,75461472.48245999,XLE,VDE,Energy
2023-09-28,4.524502282920636,4.8621352857778115,92.25,129.3,0.001085,0.001046,0.0,0.0,0.0010851871947911015,-0.005614089056371606,0.0,0.0066992762511627075,24231374.0,398439.0,1814722504.1880002,76257826.98546001,XLE,VDE,Energy
2023-09-29,4.50413364181032,4.842137743895371,90.39,126.74,-0.020163,-0.019799,677925000.0,-85549500.0,-0.0027987931279044374,-0.029408452639417257,763474500.0,0.02660965951151282,24184570.0,522536.0,1858185223.671,77618678.11746,XLE,VDE,Energy
2023-10-02,4.484018984423941,4.821490511954176,88.59,124.15,-0.019914,-0.020436,0.0,0.0,-0.019913707268503153,-0.02043553732049866,0.0,0.000521830051995506,25299903.0,563265.0,1889120147.0495,77724394.85745999,XLE,VDE,Energy
2023-10-03,4.483341477622957,4.820442842921731,88.53,124.02,-0.000677,-0.001047,0.0,0.0,-0.0006772773450728074,-0.0010471204188481676,0.0,0.0003698430737753603,20733283.0,515481.0,1869750392.671,78441305.85046001,XLE,VDE,Energy
2023-10-04,4.45143608604605,4.785990616655779,85.75,119.82,-0.031402,-0.033866,0.0,0.0,-0.03140178470574946,-0.033865505563618774,0.0,0.002463720857869313,29786159.0,996672.0,1905458681.7485,81772542.28046,XLE,VDE,Energy
2023-10-05,4.445236148071766,4.782144136455451,85.22,119.36,-0.006181,-0.003839,0.0,0.0,-0.006180758017492711,-0.003839091971290269,0.0,-0.002341666046202442,23518463.0,481601.0,1935631451.1295,82605236.80846,XLE,VDE,Energy
2023-10-06,4.451202822690664,4.788074906042627,85.73,120.07,0.005985,0.005948,0.0,0.0,0.005984510678244543,0.005948391420911528,0.0,3.6119257333015395e-05,25740547.0,551703.0,1965995905.5925002,83231378.4605,XLE,VDE,Energy
2023-10-09,4.484018984423941,4.823100170249414,88.59,124.35,0.033361,0.035646,0.0,0.0,0.03336055056572962,0.035645873240609645,0.0,-0.0022853226748800262,30744526.0,513337.0,2002039047.5935001,74475346.808,XLE,VDE,Energy
2023-10-10,4.485259889315534,4.823180585190553,88.7,124.36,0.001242,8e-05,0.0,0.0,0.0012416751326334802,8.041817450743868e-05,0.0,0.0011612569581260414,20850253.0,336330.0,1969918239.8715,73546242.0005,XLE,VDE,Energy
2023-10-11,4.472324272654662,4.811940423184356,87.56,122.97,-0.012852,-0.011177,0.0,0.0,-0.012852311161217588,-0.011177227404310068,0.0,-0.0016750837569075201,23572661.0,397831.0,1989339786.5255,73387679.80399999,XLE,VDE,Energy
2023-10-12,4.473465694990663,4.812509505757334,87.66,123.04,0.001142,0.000569,0.0,0.0,0.0011420740063956144,0.0005692445311864683,0.0,0.0005728294752091461,19993223.0,295174.0,1990379131.0625,71649909.16,XLE,VDE,Energy
2023-10-13,4.495243706609487,4.834534349115358,89.59,125.78,0.022017,0.022269,0.0,0.0,0.022016883413187315,0.022269180754226268,0.0,-0.00025229734103895257,24266126.0,312476.0,1984957532.6939998,70619660.6795,XLE,VDE,Energy
2023-10-16,4.501918556177617,4.839530592507466,90.19,126.41,0.006697,0.005009,0.0,0.0,0.006697176024109834,0.005008745428525998,0.0,0.001688430595583836,19182636.0,450172.0,1993751526.843,70181237.49749999,XLE,VDE,Energy
2023-10-17,4.5122870585080355,4.850231772603232,91.13,127.77,0.010422,0.010759,0.0,0.0,0.01042244151236279,0.010758642512459457,0.0,-0.000336201000096667,20211959.0,1075409.0,2003102260.589,74730473.464,XLE,VDE,Energy
2023-10-18,4.521353699894981,4.858105522110037,91.96,128.78,0.009108,0.007905,0.0,0.0,0.00910786788104905,0.00790482898959067,0.0,0.0012030388914583794,23808386.0,1196173.0,2031344322.0169997,77390394.473,XLE,VDE,Energy
2023-10-19,4.519612297626445,4.857328624658669,91.8,128.67999,-0.00174,-0.000777,0.0,0.0,-0.0017398869073510222,-0.0007765957446809032,0.0,-0.0009632911626701189,31648532.0,665752.0,2079769481.807,77377964.070624,XLE,VDE,Energy
2023-10-20,4.502694394398855,4.839767887347417,90.26,126.44,-0.016776,-0.017407,0.0,0.0,-0.016775599128540306,-0.01740744617714062,0.0,0.0006318470486003161,23274777.0,988591.0,2090872176.3050003,81246045.828624,XLE,VDE,Energy
2023-10-23,4.486386649998124,4.823502180305079,88.8,124.4,-0.016176,-0.016134,0.0,0.0,-0.01617549302016397,-0.016134134767478645,0.0,-4.135825268532581e-05,25944068.0,476608.0,2126770835.3050003,77036470.36062399,XLE,VDE,Energy
2023-10-24,4.472210058731861,4.81112688587948,87.55,122.87,-0.014077,-0.012299,0.0,0.0,-0.014076576576576577,-0.012299035369774919,0.0,-0.001777541206801658,22135798.0,450007.0,2148460661.4645,76569466.165124,XLE,VDE,Energy
2023-10-25,4.4703808596394525,4.808600705992281,87.39,122.56,-0.001828,-0.002523,0.0,0.0,-0.0018275271273557967,-0.0025229917799300073,0.0,0.0006954646525742106,20706324.0,483550.0,2132297702.0724998,72891053.240124,XLE,VDE,Energy
2023-10-26,4.462569217389069,4.801230268892559,86.71,121.66,-0.007781,-0.007343,0.0,0.0,-0.007781210664835793,-0.007343342036553525,0.0,-0.00043786862828226834,22385166.0,441586.0,2117581376.6904998,73001312.743124,XLE,VDE,Energy
2023-10-27,4.438288813682014,4.780383203544751,84.63,119.15,-0.023988,-0.020631,0.0,0.0,-0.0239880059970015,-0.020631267466710505,0.0,-0.003356738530290993,26904713.0,2760073.0,2122126505.6349998,86133137.008624,XLE,VDE,Energy
2023-10-30,4.441591872011272,4.7832326858616625,84.91,119.49,0.003309,0.002854,0.0,0.0,0.0033085194375516956,0.002853545950482585,0.0,0.00045497348706911075,22765336.0,566009.0,2106710819.2845001,86018290.291624,XLE,VDE,Energy
2023-10-31,4.444884056054749,4.786991617740363,85.19,119.94,0.003298,0.003766,1644167000.0,-131814060.0,0.04825364571653595,-0.012414507553813743,1775981060.0,0.060668153270349696,18602849.0,583761.0,2094173777.4005,86322607.327624,XLE,VDE,Energy
2023-11-01,4.442533602510535,4.784821514226167,84.99,119.68,-0.002348,-0.002168,0.0,0.0,-0.0023476933912431035,-0.0021677505419376354,0.0,-0.00017994284930546818,23041252.0,445597.0,2064379421.0619998,83017997.82362399,XLE,VDE,Energy
2023-11-02,4.472324272654662,4.814620410170298,87.56,123.3,0.030239,0.030247,0.0,0.0,0.03023885162960348,0.030247326203208556,0.0,-8.474573605074531e-06,22661491.0,547748.0,2063379257.8170002,83520669.475624,XLE,VDE,Energy
2023-11-03,4.462223176668158,4.805577210328431,86.68,122.19,-0.01005,-0.009002,0.0,0.0,-0.010050251256281407,-0.00900243309002433,0.0,-0.0010478181662570765,23617502.0,357405.0,2055400656.7695,82392086.362624,XLE,VDE,Energy
2023-11-06,4.450852825603734,4.791483764051583,85.7,120.48,-0.011306,-0.013995,0.0,0.0,-0.011305952930318412,-0.013994598575988216,0.0,0.002688645645669804,20517697.0,919741.0,2007136110.4975,84740933.34912398,XLE,VDE,Energy
2023-11-07,4.428433007488037,4.766948841550716,83.8,117.56,-0.02217,-0.024236,0.0,0.0,-0.022170361726954493,-0.024236387782204515,0.0,0.002066026055250022,23775148.0,586258.0,2014283108.5625,86095657.93312399,XLE,VDE,Energy
2023-11-08,4.415824014257172,4.754796359943904,82.75,116.14,-0.01253,-0.012079,0.0,0.0,-0.012529832935560859,-0.012078938414426676,0.0,-0.000450894521134183,25371001.0,620381.0,2016054515.3419998,87252146.49662401,XLE,VDE,Energy
2023-11-09,4.412798293340635,4.7525551729011495,82.5,115.88,-0.003021,-0.002239,0.0,0.0,-0.0030211480362537764,-0.002238677458240055,0.0,-0.0007824705780137215,19116124.0,674986.0,2007278230.4329998,89347104.932624,XLE,VDE,Energy
2023-11-10,4.42376820625352,4.762430312186675,83.41,117.03,0.01103,0.009924,0.0,0.0,0.011030303030303031,0.009924059371763893,0.0,0.001106243658539138,17291783.0,453935.0,1970693500.0175,90038144.021124,XLE,VDE,Energy
2023-11-13,4.4309358393767555,4.769921621588582,84.01,117.91,0.007193,0.007519,0.0,0.0,0.007193382088478599,0.0075194394599675295,0.0,-0.00032605737148893015,14223684.0,486525.0,1943935987.6174998,90061140.032624,XLE,VDE,Energy
2023-11-14,4.4398237334000985,4.779795536147575,84.76,119.08,0.008928,0.009923,0.0,0.0,0.008927508629925009,0.009922822491730982,0.0,-0.0009953138618059732,17361991.0,552076.0,1925420314.2919998,86477950.140124,XLE,VDE,Energy
2023-11-15,4.437934266612178,4.776852007677701,84.6,118.73,-0.001888,-0.002939,0.0,0.0,-0.0018876828692779614,-0.0029392005374538127,0.0,0.0010515176681758513,16521763.0,477212.0,1885836412.954,81608761.231124,XLE,VDE,Energy
2023-11-16,4.418238016636454,4.756860699228524,82.95,116.38,-0.019504,-0.019793,0.0,0.0,-0.01950354609929078,-0.019792807209635308,0.0,0.00028926111034452764,26582958.0,725136.0,1850822469.3790002,81544879.58000001,XLE,VDE,Energy
2023-11-17,4.4389975309335075,4.777188849786149,84.69,118.77,0.020977,0.020536,0.0,0.0,0.020976491862567812,0.02053617460044681,0.0,0.0004403172621210011,24429670.0,482369.0,1849230838.3930001,78159555.58449998,XLE,VDE,Energy
2023-11-20,4.440413460373609,4.778282803696737,84.81,118.9,0.001417,0.001095,0.0,0.0,0.0014169323414806943,0.0010945524964216552,0.0,0.00032237984505903905,14549488.0,807573.0,1795736280.337,79996075.30950001,XLE,VDE,Energy
2023-11-21,4.438170645291922,4.775925106410581,84.62,118.62,-0.00224,-0.002355,0.0,0.0,-0.002240301851196793,-0.002354920100925147,0.0,0.00011461824972835424,13486888.0,542824.0,1755899847.72,80450946.44899999,XLE,VDE,Energy
2023-11-22,4.437697832044343,4.775166093091409,84.58,118.53,-0.000473,-0.000759,0.0,0.0,-0.0004727014890096904,-0.0007587253414264037,0.0,0.0002860238524167133,18275119.0,459305.0,1742709043.2529998,80209823.13149999,XLE,VDE,Energy
2023-11-24,4.441827387791918,4.780215333811269,84.93,119.13,0.004138,0.005062,0.0,0.0,0.004138094112083235,0.005062009617818274,0.0,-0.0009239155057350389,9576297.0,193495.0,1686323901.2705,78676208.461,XLE,VDE,Energy
2023-11-27,4.438288813682014,4.775419161547776,84.63,118.56,-0.003532,-0.004785,0.0,0.0,-0.0035323207347227126,-0.004784688995215311,0.0,0.0012523682604925982,12250905.0,469760.0,1624316312.7185,65017810.8435,XLE,VDE,Energy
2023-11-28,4.438525108579144,4.775334812511415,84.65,118.55,0.000236,-8.4e-05,0.0,0.0,0.00023632281696797826,-8.434547908232118e-05,0.0,0.00032066829605029943,14460898.0,437955.0,1588871829.5155,64232168.3355,XLE,VDE,Energy
2023-11-29,4.431054865741236,4.768223972424389,84.02,117.71,-0.007442,-0.007086,0.0,0.0,-0.007442409923213231,-0.007085617882749895,0.0,-0.00035679204046333655,22633990.0,699580.0,1604718386.19,64848731.70849999,XLE,VDE,Energy
2023-11-30,4.437697832044343,4.775081722705364,84.58,118.52,0.006665,0.006881,-655495000.0,63526720.0,-0.010671005372559082,0.014927002425448711,-719021720.0,-0.02559800779800779,29182290.0,539532.0,1630216490.226,65379545.892500006,XLE,VDE,Energy
2023-12-01,4.442886522930644,4.781138268809871,85.02,119.24,0.005202,0.006075,0.0,0.0,0.005202175455190352,0.006074924063449207,0.0,-0.0008727486082588543,21523970.0,553163.0,1622502879.098,65300637.2785,XLE,VDE,Energy
2023-12-04,4.438288813682014,4.774153178342865,84.63,118.41,-0.004587,-0.006961,0.0,0.0,-0.0045871559633027525,-0.006960751425696075,0.0,0.0023735954623933225,18535141.0,545235.0,1598576074.5715,66345135.24849999,XLE,VDE,Energy
2023-12-05,4.420646205638937,4.756345013785209,83.15,116.32,-0.017488,-0.017651,0.0,0.0,-0.01748788845563039,-0.0176505362722743,0.0,0.00016264781664391062,18873576.0,835230.0,1589124635.1464999,65662313.1445,XLE,VDE,Energy
2023-12-06,4.40562108352751,4.738213959745856,81.91,114.23,-0.014913,-0.017968,0.0,0.0,-0.014912808177991581,-0.01796767537826685,0.0,0.0030548672002752696,31153298.0,826181.0,1617095096.9854999,66935021.401999995,XLE,VDE,Energy
2023-12-07,4.3987608336650466,4.7331235502985525,81.35,113.65,-0.006837,-0.005077,0.0,0.0,-0.006836772066902698,-0.005077475269193732,0.0,-0.0017592967977089662,20454412.0,918322.0,1595320901.158,68550833.7,XLE,VDE,Energy
2023-12-08,4.409520198982804,4.74493212836325,82.23,115.0,0.010818,0.011879,0.0,0.0,0.010817455439459127,0.011878574571051475,0.0,-0.0010611191315923474,17063628.0,1291829.0,1586623996.1799998,72067981.56600001,XLE,VDE,Energy
2023-12-11,4.410735561310335,4.745540638835367,82.33,115.07,0.001216,0.000609,0.0,0.0,0.0012161011796181442,0.000608695652173913,0.0,0.0006074055274442312,14672064.0,713805.0,1574906166.6345,73518657.98099999,XLE,VDE,Energy
2023-12-12,4.396915247167632,4.730656806029507,81.2,113.37,-0.013725,-0.014774,0.0,0.0,-0.013725252034495324,-0.014773616059789694,0.0,0.0010483640252943703,22693343.0,667869.0,1607294554.5724998,74436165.27,XLE,VDE,Energy
2023-12-13,4.410735561310335,4.744410253079596,82.33,114.94,0.013916,0.013849,0.0,0.0,0.013916256157635467,0.013848460792096675,0.0,6.779536553879265e-05,23222819.0,717398.0,1629311171.1279998,75271991.072,XLE,VDE,Energy
2023-12-14,4.43970574626056,4.77423762710363,84.75,118.42,0.029394,0.030277,0.0,0.0,0.029393902587149277,0.030276666086653907,0.0,-0.0008827634995046303,30358689.0,860770.0,1688069058.2754998,77535641.204,XLE,VDE,Energy
2023-12-15,4.4343818650078095,4.768223972424389,84.3,117.71,-0.00531,-0.005996,0.0,0.0,-0.005309734513274336,-0.005995608849856443,0.0,0.0006858743365821072,23183183.0,611373.0,1675533356.3155,76914310.6115,XLE,VDE,Energy
2023-12-18,4.432957363342425,4.7776939003019345,84.18,118.83,0.008092,0.009515,0.0,0.0,-0.0014234875444839859,0.009514909523404978,0.0,-0.010938397067888964,21223566.0,526693.0,1661415907.9945,77179108.76449999,XLE,VDE,Energy
2023-12-19,4.444884056054749,4.780970525791781,85.19,119.22,0.011998,0.012202,0.0,0.0,0.011998099311000238,0.003281999495077001,0.0,0.008716099815923237,18431226.0,554261.0,1678226611.2775,75682037.1005,XLE,VDE,Energy
2023-12-20,4.4355674016019115,4.770006428441026,84.4,117.92,-0.009273,-0.010904,0.0,0.0,-0.009273388895410259,-0.010904210702902198,0.0,0.001630821807491939,19909087.0,387486.0,1705179935.2895,74747165.41250001,XLE,VDE,Energy
2023-12-21,4.439469730210373,4.775672165976704,84.73,118.59,0.00391,0.005682,0.0,0.0,0.003909952606635071,0.005681818181818182,0.0,-0.0017718655751831113,13031439.0,424896.0,1683102148.362,74544515.162,XLE,VDE,Energy
2023-12-22,4.442415934686665,4.778450998129897,84.98,118.92,0.002951,0.002783,0.0,0.0,0.0029505488020771862,0.0027826966860612194,0.0,0.00016785211601596682,12519124.0,397806.0,1695630161.0275002,75757316.67050001,XLE,VDE,Energy
2023-12-26,4.450969504910791,4.788074906042627,85.71,120.07,0.00859,0.00967,0.0,0.0,0.008590256530948458,0.009670366633030609,0.0,-0.0010801101020821505,12991727.0,523579.0,1699466502.5785,76115885.917,XLE,VDE,Energy
2023-12-27,4.446526092548494,4.782227913106947,85.33,119.37,-0.004434,-0.00583,0.0,0.0,-0.004433555011083888,-0.005829932539352044,0.0,0.0013963775282681565,10119096.0,588254.0,1681433874.8775,77030901.65349999,XLE,VDE,Energy
2023-12-28,4.431173877940127,4.767969076293182,84.03,117.68,-0.015235,-0.014158,0.0,0.0,-0.015234970116020157,-0.01415766105386613,0.0,-0.001077309062154027,13099049.0,518407.0,1641384137.2610002,75963830.3515,XLE,VDE,Energy
2023-12-29,4.428910220572732,4.764564238138341,83.84,117.28,-0.002261,-0.003399,-821632000.0,26622560.0,-0.024369204977520216,-5.316699864872574e-05,-848254560.0,-0.02431603797887149,12172730.0,582664.0,1569000317.011,76183305.4155,XLE,VDE,Energy
2024-01-02,4.439587745198413,4.774490930604794,84.74,118.45,0.010735,0.009976,0.0,0.0,0.010734732824427481,0.00997612551159618,0.0,0.0007586073128313022,19650895.0,551105.0,1560762762.6560001,76149266.972,XLE,VDE,Energy
2024-01-03,4.4557416724961625,4.787491742782046,86.12,120.0,0.016285,0.013086,0.0,0.0,0.016285107387302336,0.013085690164626424,0.0,0.003199417222675912,18967999.0,482123.0,1564007517.2085,75813941.15450001,XLE,VDE,Energy
2024-01-04,4.438052462936409,4.77144704561319,84.61,118.09,-0.017534,-0.015917,0.0,0.0,-0.017533673943334882,-0.015916666666666666,0.0,-0.0016170072766682163,21024516.0,813276.0,1574484839.9265,75758231.61649999,XLE,VDE,Energy
2024-01-05,4.4388794462666645,4.772631879875022,84.68,118.23,0.000827,0.001186,0.0,0.0,0.0008273253752511524,0.0011855364552459987,0.0,-0.00035821107999484635,17014649.0,315388.0,1518936531.8335001,72903914.99700001,XLE,VDE,Energy
2024-01-08,4.4272389774954295,4.761147767442444,83.7,116.88,-0.011573,-0.011419,0.0,0.0,-0.011572980632971186,-0.011418421720375539,0.0,-0.00015455891259564744,23609342.0,853848.0,1534543307.2935002,72675437.94399999,XLE,VDE,Energy
2024-01-09,4.411099882159589,4.745540638835367,82.36,115.07,-0.01601,-0.015486,0.0,0.0,-0.016009557945041816,-0.015485968514715948,0.0,-0.0005235894303258683,16875228.0,431843.0,1533878389.6755002,67732029.89449999,XLE,VDE,Energy
2024-01-10,4.401216329067023,4.735320870453137,81.55,113.9,-0.009835,-0.010168,0.0,0.0,-0.009834871296745993,-0.010167723994090553,0.0,0.00033285269734456037,16579879.0,637617.0,1541085294.842,67256381.642,XLE,VDE,Energy
2024-01-11,4.403788126455394,4.736373871603436,81.76,114.02,0.002575,0.001054,0.0,0.0,0.002575107296137339,0.0010535557506584723,0.0,0.0015215515454788668,19294285.0,603803.0,1527825359.342,66912847.11850001,XLE,VDE,Energy
2024-01-12,4.414977734813568,4.749530236494927,82.68,115.53,0.011252,0.013243,0.0,0.0,0.011252446183953033,0.013243290650763025,0.0,-0.001990844466809992,19384595.0,596815.0,1512364540.6585002,66237462.660000004,XLE,VDE,Energy
2024-01-16,4.390862483336281,4.725616339063959,80.71,112.8,-0.023827,-0.02363,0.0,0.0,-0.02382680212868892,-0.023630225915346664,0.0,-0.00019657621334225744,18015626.0,669831.0,1456421654.744,64918690.330000006,XLE,VDE,Energy
2024-01-17,4.382526509715532,4.717426868333759,80.04,111.88,-0.008301,-0.008156,0.0,0.0,-0.008301325734109776,-0.008156028368794326,0.0,-0.0001452973653154506,19642135.0,569278.0,1437312362.6690001,64504995.670499995,XLE,VDE,Energy
2024-01-18,4.380901001386372,4.71644318839752,79.91,111.77,-0.001624,-0.000983,0.0,0.0,-0.0016241879060469764,-0.0009831962817304254,0.0,-0.000640991624316551,17852797.0,730633.0,1419313223.7885,65458791.73150001,XLE,VDE,Energy
2024-01-19,4.38414938005486,4.718945200246936,80.17,112.05,0.003254,0.002505,0.0,0.0,0.003253660367913903,0.0025051444931555875,0.0,0.0007485158747583156,19970105.0,505085.0,1420855582.534,64984580.623,XLE,VDE,Energy
2024-01-22,4.387884444158042,4.722953221644475,80.47,112.5,0.003742,0.004016,0.0,0.0,0.003742048147686167,0.004016064257028112,0.0,-0.000274016109341945,15068363.0,660327.0,1397466793.9245,66414302.541999996,XLE,VDE,Energy
2024-01-23,4.3899948043230586,4.725970886133796,80.64,112.84,0.002113,0.003022,0.0,0.0,0.002112588542313906,0.003022222222222222,0.0,-0.0009096336799083162,12354612.0,517562.0,1392072898.185,66814966.514,XLE,VDE,Energy
2024-01-24,4.4041549867468825,4.740312779930385,81.79,114.47,0.014261,0.014445,0.0,0.0,0.014260912698412698,0.01444523218716767,0.0,-0.00018431948875497275,16920485.0,713556.0,1408075463.7164998,68533649.80399999,XLE,VDE,Energy
2024-01-25,4.426402307393435,4.760120545985914,83.63,116.76,0.022497,0.020005,0.0,0.0,0.022496637730773934,0.020005241548003844,0.0,0.0024913961827700906,18804724.0,528560.0,1431031371.064,68476076.5575,XLE,VDE,Energy
2024-01-26,4.433788569232471,4.7678840964758376,84.25,117.67,0.007414,0.007794,0.0,0.0,0.007413607557096736,0.0077937649880095924,0.0,-0.0003801574309128565,18234763.0,638455.0,1464672187.1174998,68721432.551,XLE,VDE,Energy
2024-01-29,4.432363221562722,4.7673740658629455,84.13,117.61,-0.001424,-0.00051,0.0,0.0,-0.00142433234421365,-0.0005099005693889691,0.0,-0.0009144317748246808,14840315.0,657069.0,1472062317.7914999,69535020.01750001,XLE,VDE,Energy
2024-01-30,4.442651256490317,4.776683544065443,85.0,118.71,0.010341,0.009353,0.0,0.0,0.010341138713895161,0.009352946178046084,0.0,0.0009881925358490775,17670559.0,1272763.0,1496134109.3815,73672763.108,XLE,VDE,Energy
2024-01-31,4.42376820625352,4.756688833627001,83.41,116.36,-0.018706,-0.019796,166820000.0,-97742400.0,-0.014167833278790782,-0.03193292110447428,264562400.0,0.0177650878256835,19290372.0,1508245.0,1493323763.6924999,79183813.1555,XLE,VDE,Energy
2024-02-01,4.423648309364701,4.755657019262028,83.4,116.24,-0.00012,-0.001031,0.0,0.0,-0.00011988970147464332,-0.0010312822275696115,0.0,0.0009113925260949682,25550688.0,778439.0,1518193928.9585001,80815362.6235,XLE,VDE,Energy
2024-02-02,4.425086124134329,4.753848778359454,83.52,116.03,0.001439,-0.001807,0.0,0.0,0.0014388489208633094,-0.0018066070199587061,0.0,0.0032454559408220153,19037512.0,633981.0,1508750364.1325002,79691415.25299999,XLE,VDE,Energy
2024-02-05,4.422568589986818,4.750135956238277,83.31,115.6,-0.002514,-0.003706,0.0,0.0,-0.002514367816091954,-0.0037059381194518657,0.0,0.0011915703033599117,15796807.0,663621.0,1502511939.825,81662728.471,XLE,VDE,Energy
2024-02-06,4.425804257019769,4.755570986655616,83.58,116.23,0.003241,0.00545,0.0,0.0,0.0032409074540871445,0.005449826989619377,0.0,-0.002208919535532233,14028149.0,522021.0,1462330478.226,79706565.8005,XLE,VDE,Energy
2024-02-07,4.427836170705175,4.7572902340489245,83.75,116.43,0.002034,0.001721,0.0,0.0,0.0020339794209140944,0.001720726146433795,0.0,0.00031325327448029927,13460228.0,397393.0,1449202994.072,79535380.4495,XLE,VDE,Energy
2024-02-08,4.438052462936409,4.767969076293182,84.61,117.68,0.010269,0.010736,0.0,0.0,0.01026865671641791,0.010736064588164562,0.0,-0.00046740787174665184,18100539.0,556201.0,1458172867.689,79176838.31850001,XLE,VDE,Energy
2024-02-09,4.422568589986818,4.753676394287315,83.31,116.01,-0.015365,-0.014191,0.0,0.0,-0.015364614111807114,-0.014191026512576478,0.0,-0.0011735875992306358,19036669.0,431504.0,1458595075.3285,78237496.36749999,XLE,VDE,Energy
2024-02-12,4.433551152327272,4.764990477435532,84.23,117.33,0.011043,0.011378,0.0,0.0,0.011043092065778418,0.011378329454357383,0.0,-0.0003352373885789645,12946927.0,571823.0,1432985142.659,78144594.14949998,XLE,VDE,Energy
2024-02-13,4.423408472452651,4.754193457380532,83.38,116.07,-0.010092,-0.010739,0.0,0.0,-0.010091416359966758,-0.010738941447200204,0.0,0.0006475250872334457,20578407.0,720350.0,1446074462.719,78547298.53449999,XLE,VDE,Energy
2024-02-14,4.422448549172797,4.753245304053455,83.3,115.96,-0.000959,-0.000948,0.0,0.0,-0.000959462700887503,-0.0009477039717411907,0.0,-1.175872914631229e-05,20447286.0,792288.0,1452629584.639,79956443.2265,XLE,VDE,Energy
2024-02-15,4.4499189007168,4.78105440081804,85.62,119.23,0.027851,0.028199,0.0,0.0,0.027851140456182474,0.028199379096240082,0.0,-0.0003482386400576083,21682213.0,721776.0,1474120288.0785003,80176168.33,XLE,VDE,Energy
2024-02-16,4.449334754429963,4.781473670456483,85.57,119.28,-0.000584,0.000419,0.0,0.0,-0.000583975706610605,0.00041935754424222093,0.0,-0.0010033332508528258,13480383.0,543863.0,1451745940.8515,80590028.5495,XLE,VDE,Energy
2024-02-20,4.440177611315912,4.772124265650924,84.79,118.17,-0.009115,-0.009306,0.0,0.0,-0.009115344162673834,-0.009305835010060362,0.0,0.00019049084738652876,14497788.0,516035.0,1452581754.547,79924681.972,XLE,VDE,Energy
2024-02-21,4.458756167532555,4.791898684600252,86.38,120.53,0.018752,0.019971,0.0,0.0,0.018752211345677557,0.019971227892019973,0.0,-0.0012190165463424156,14378315.0,418478.0,1464867901.448,79526554.83500001,XLE,VDE,Energy
2024-02-22,4.460491174618648,4.792810904259646,86.53,120.64,0.001737,0.000913,0.0,0.0,0.0017365130817318824,0.0009126358582925413,0.0,0.0008238772234393411,17603416.0,434020.0,1471832757.3645,78060525.709,XLE,VDE,Energy
2024-02-23,4.453882071774309,4.786407822219008,85.96,119.87,-0.006587,-0.006383,0.0,0.0,-0.006587310759274241,-0.00638262599469496,0.0,-0.0002046847645792802,14476197.0,445020.0,1455419498.6644998,77642019.799,XLE,VDE,Energy
2024-02-26,4.457365991219697,4.789656065611423,86.26,120.26,0.00349,0.003254,0.0,0.0,0.003489995346672871,0.003253524651706015,0.0,0.0002364706949668561,11688172.0,288421.0,1429016645.3630002,75619945.27950001,XLE,VDE,Energy
2024-02-27,4.453067407778134,4.785990616655779,85.89,119.82,-0.004289,-0.003659,0.0,0.0,-0.0042893577556225365,-0.0036587393979710626,0.0,-0.0006306183576514739,13158684.0,370814.0,1423100828.7535,73977597.69899999,XLE,VDE,Energy
2024-02-28,4.451086170605376,4.7839019739314885,85.72,119.57,-0.001979,-0.002086,0.0,0.0,-0.0019792758179066248,-0.002086463027875146,0.0,0.00010718720996852121,13339812.0,572009.0,1405175387.2355,69842868.71900001,XLE,VDE,Energy
2024-02-29,4.455973879625964,4.788158187325206,86.14,120.08,0.0049,0.004265,-1572055000.0,114076000.0,-0.03731095153551844,0.018504653790329062,-1686131000.0,-0.0558156053258475,13667657.0,365528.0,1383591489.5085,63262529.421000004,XLE,VDE,Energy
2024-03-01,4.467516020689296,4.801394647951038,87.14,121.68,0.011609,0.013324,0.0,0.0,0.011609008590666357,0.013324450366422385,0.0,-0.0017154417757560287,16229844.0,419015.0,1347758550.8565001,61287529.213,XLE,VDE,Energy
2024-03-04,4.456786180221833,4.7900717450454335,86.21,120.31,-0.010673,-0.011259,0.0,0.0,-0.010672481064952949,-0.011259040105193952,0.0,0.0005865590402410036,16599023.0,465700.0,1339807989.386,60410906.79150001,XLE,VDE,Energy
2024-03-05,4.464182492687114,4.796781789689138,86.85,121.12,0.007424,0.006733,0.0,0.0,0.007423732745621157,0.006732607430803757,0.0,0.0006911253148174003,16087126.0,432439.0,1343864734.4825,59194027.99549999,XLE,VDE,Energy
2024-03-06,4.467286478624705,4.799749640177548,87.12,121.48,0.003109,0.002972,0.0,0.0,0.0031088082901554403,0.00297225891677675,0.0,0.00013654937337869008,14004382.0,477171.0,1346244187.8035,59058639.608,XLE,VDE,Energy
2024-03-07,4.475744638547633,4.808192659306079,87.86,122.51,0.008494,0.008479,0.0,0.0,0.008494031221303948,0.008478761936121171,0.0,1.5269285182776746e-05,12284598.0,404948.0,1343845722.0674999,59225725.2325,XLE,VDE,Energy
2024-03-08,4.479266769098936,4.811452380226889,88.17,122.91,0.003528,0.003265,0.0,0.0,0.003528340541770999,0.003265039588605012,0.0,0.0002633009531659873,14125993.0,589937.0,1329545831.9685001,59578496.38199999,XLE,VDE,Energy
2024-03-11,4.489534842389167,4.821571056434909,89.08,124.16,0.010321,0.01017,0.0,0.0,0.01032097085176364,0.010170043120982833,0.0,0.000150927730780806,12491860.0,337139.0,1305887331.6890001,59168516.34199999,XLE,VDE,Energy
2024-03-12,4.48796198508255,4.820200917191751,88.94,123.99,-0.001572,-0.001369,0.0,0.0,-0.001571621014818141,-0.001369201030927835,0.0,-0.00020241998389030594,11890452.0,431172.0,1304238188.6725,58486967.52650001,XLE,VDE,Energy
2024-03-13,4.5038016915998025,4.835408509778168,90.36,125.89,0.015966,0.015324,0.0,0.0,0.015965819653699122,0.01532381643680942,0.0,0.000642003216889701,21362595.0,488809.0,1314963014.0995,57383224.55200001,XLE,VDE,Energy
2024-03-14,4.514041252576989,4.845603405839261,91.29,127.18,0.010292,0.010247,0.0,0.0,0.010292164674634794,0.010247041067598698,0.0,4.512360703609608e-05,17973014.0,442188.0,1311837890.3125,55601412.220000006,XLE,VDE,Energy
2024-03-15,4.516994495084366,4.848821997933652,91.56,127.59,0.002958,0.003224,0.0,0.0,0.0029576076240552087,0.0032237773234785345,0.0,-0.0002661696994233258,18876683.0,529160.0,1305433791.2335,54674320.81600001,XLE,VDE,Energy
2024-03-18,4.512396785835737,4.852108307749118,91.14,128.00999,0.003429,0.003292,0.0,0.0,-0.0045871559633027525,0.003291715651696815,0.0,-0.007878871614999568,15248355.0,367370.0,1317244726.303,53782073.385315,XLE,VDE,Energy
2024-03-19,4.523743187292363,4.863758021021378,92.18,129.50999,0.011411,0.011718,0.0,0.0,0.01141101601931095,0.011717835459560618,0.0,-0.00030681944024966816,14272893.0,369319.0,1321565117.914,53124605.5876555,XLE,VDE,Energy
2024-03-20,4.522331907679087,4.8635264290580436,92.05,129.48,-0.00141,-0.000232,0.0,0.0,-0.0014102842265133434,-0.00023156514798585524,0.0,-0.001178719078527488,16329668.0,511645.0,1334622472.399,53915037.65065549,XLE,VDE,Energy
2024-03-21,4.528289141652134,4.86845710160515,92.6,130.12,0.005975,0.004943,0.0,0.0,0.005975013579576317,0.004942848316342292,0.0,0.0010321652632340247,11667097.0,467352.0,1312479952.185,54337621.122655496,XLE,VDE,Energy
2024-03-22,4.526126978647638,4.85903683236562,92.4,128.89999,-0.00216,-0.00203,0.0,0.0,-0.0021598272138228943,-0.009376037503842633,0.0,0.007216210290019738,8974404.0,297148.0,1291723003.959,53585512.4640815,XLE,VDE,Energy
2024-03-25,4.535391291380175,4.867534450455582,93.26,130.0,0.009307,0.008534,0.0,0.0,0.009307359307359308,0.008533825332337135,0.0,0.0007735339750221722,17537190.0,374952.0,1323087835.093,54288424.9910815,XLE,VDE,Energy
2024-03-26,4.527640983478854,4.859967431104096,92.54,129.02,-0.00772,-0.007538,0.0,0.0,-0.007720351704911001,-0.007538461538461538,0.0,-0.00018189016644946324,17686925.0,540649.0,1348415268.63,55554605.0160815,XLE,VDE,Energy
2024-03-27,4.536891345234797,4.869685980408033,93.4,130.28,0.009293,0.009766,0.0,0.0,0.009293278582234709,0.009765927763137498,0.0,-0.0004726491809027896,16980041.0,453867.0,1370537625.868,55091338.847581506,XLE,VDE,Energy
2024-03-28,4.547646999744425,4.880526608749236,94.41,131.7,0.010814,0.0109,585342000.0,-147899100.0,0.025870608874911532,-0.005807147411353014,733241100.0,0.03167775628626455,17307570.0,475730.0,1393371411.3539999,56029390.78558149,XLE,VDE,Energy
2024-04-01,4.555034116494294,4.8871108832426025,95.11,132.57001,0.007414,0.006606,0.0,0.0,0.007414468806270522,0.006605998481397193,0.0,0.0008084703248733291,21449514.0,658010.0,1424661144.873,57841723.13958649,XLE,VDE,Energy
2024-04-02,4.5689210533129705,4.900299459074922,96.44,134.33,0.013984,0.013276,0.0,0.0,0.013983808222058669,0.013275928696090388,0.0,0.0007078795259682809,19335599.0,528766.0,1446347314.6095002,58591761.62858649,XLE,VDE,Energy
2024-04-03,4.575741375297279,4.908233286622928,97.1,135.39999,0.006844,0.007965,0.0,0.0,0.0068436333471588555,0.007965383756420679,0.0,-0.0011217504092618236,14574431.0,616516.0,1447247832.4594998,60146724.0563285,XLE,VDE,Energy
2024-04-04,4.575123264635795,4.906977032485268,97.04,135.23,-0.000618,-0.001256,0.0,0.0,-0.0006179196704428424,-0.0012554653807580764,0.0,0.000637545710315234,18470645.0,537661.0,1475864314.0075,60883782.2538285,XLE,VDE,Energy
2024-04-05,4.585783472187901,4.917788743729904,98.08,136.7,0.010717,0.01087,0.0,0.0,0.010717230008244023,0.010870369000961324,0.0,-0.0001531389927173013,15597269.0,427846.0,1498387082.1694999,61327600.68982849,XLE,VDE,Energy
2024-04-08,4.57944203741536,4.911698546236233,97.46,135.87,-0.006321,-0.006072,0.0,0.0,-0.00632137030995106,-0.006071689831748354,0.0,-0.0002496804782027061,17017279.0,737446.0,1519037842.596,62711982.25732851,XLE,VDE,Energy
2024-04-09,4.57974980864118,4.911256850115977,97.49,135.81,0.000308,-0.000442,0.0,0.0,0.0003078185922429715,-0.00044159858688452196,0.0,0.0007494171791274935,17666552.0,551710.0,1549514705.8799999,64365410.100328505,XLE,VDE,Energy
2024-04-10,4.5828223223241835,4.9147848950664645,97.79,136.28999,0.003077,0.003534,0.0,0.0,0.00307723869114781,0.0035342758265222715,0.0,-0.0004570371353744616,19599825.0,499575.0,1592471210.1735,65096712.874041,XLE,VDE,Energy
2024-04-11,4.5821062463895395,4.912360798378957,97.72,135.96001,-0.000716,-0.002421,0.0,0.0,-0.0007158196134574087,-0.002421160937791392,0.0,0.0017053413243339835,19602346.0,451801.0,1591732068.5195003,65091248.0474415,XLE,VDE,Energy
2024-04-12,4.565701442077724,4.897989042545024,96.13,134.02,-0.016271,-0.014269,0.0,0.0,-0.016270978305362258,-0.014268975119963659,0.0,-0.0020020031853985997,23286215.0,884951.0,1621619438.514,68209431.20644149,XLE,VDE,Energy
2024-04-15,4.5562950182059545,4.887864841928826,95.23,132.67,-0.009362,-0.010073,0.0,0.0,-0.009362321855820243,-0.010073123414415758,0.0,0.0007108015585955158,24345363.0,675034.0,1651122429.6645,69311493.0254415,XLE,VDE,Energy
2024-04-16,4.547541073151455,4.8795391053829125,94.4,131.57001,-0.008716,-0.008291,0.0,0.0,-0.008715740837971227,-0.008291173588603224,0.0,-0.00042456724936800264,18248809.0,865460.0,1667770054.4095,72653570.56685649,XLE,VDE,Energy
2024-04-17,4.544676805559129,4.874968289341312,94.13,130.97,-0.00286,-0.00456,0.0,0.0,-0.0028601694915254237,-0.004560385759642416,0.0,0.0017002162681169922,13710457.0,400797.0,1666514556.443,72886664.721516,XLE,VDE,Energy
2024-04-18,4.54159120434522,4.872751510210063,93.84,130.67999,-0.003081,-0.002214,0.0,0.0,-0.0030808456390098798,-0.0022143238909674754,0.0,-0.0008665217480424044,12777824.0,443564.0,1651310809.681,72472521.945734,XLE,VDE,Energy
2024-04-19,4.553561052254861,4.8846940707384086,94.97,132.25,0.012042,0.012014,0.0,0.0,0.012041773231031543,0.01201415763805928,0.0,2.7615592972263237e-05,17725720.0,537970.0,1681462731.991,72989256.458734,XLE,VDE,Energy
2024-04-22,4.560068212075671,4.891851758106289,95.59,133.2,0.006528,0.007183,0.0,0.0,0.006528377382331262,0.007183364839319471,0.0,-0.0006549874569882087,15122166.0,395036.0,1712277377.908,73705077.50730799,XLE,VDE,Energy
2024-04-23,4.565597410868269,4.895673350415294,96.12,133.71001,0.005545,0.003829,0.0,0.0,0.005544513024374934,0.003828903903903981,0.0,0.0017156091204709534,14328745.0,650644.0,1699365409.408,75617770.29462999,XLE,VDE,Energy
2024-04-24,4.566325402164524,4.897093178014525,96.19,133.89999,0.000728,0.001421,0.0,0.0,0.0007282563462338743,0.0014208360316477384,0.0,-0.0006925796854138641,10651892.0,643332.0,1668758282.007,76437151.01396401,XLE,VDE,Energy
2024-04-25,4.570889252011217,4.902010196224638,96.63,134.56,0.004574,0.004929,0.0,0.0,0.004574280070693419,0.004929126581712294,0.0,-0.0003548465110188746,13250097.0,366044.0,1653479334.1924999,75943405.40796399,XLE,VDE,Energy
2024-04-26,4.561636183964363,4.8940266435796165,95.74,133.49001,-0.00921,-0.007952,0.0,0.0,-0.009210390147987168,-0.007951768727705037,0.0,-0.0012586214202821317,16183299.0,407476.0,1649248402.3205,75530422.12370199,XLE,VDE,Energy
2024-04-29,4.568402461795877,4.901118002856905,96.39,134.44,0.006789,0.007117,0.0,0.0,0.006789220806350533,0.00711656250531399,0.0,-0.0003273416989634575,11118164.0,313067.0,1600829229.8915,73273238.883697,XLE,VDE,Energy
2024-04-30,4.538175317163813,4.870299853969361,93.52,130.36,-0.029775,-0.030348,1019368000.0,22943360.000000004,-0.004739709461997597,-0.027794409650039348,996424640.0,0.02305470018804175,17699467.0,594736.0,1590355679.2055001,73598271.292697,XLE,VDE,Energy
2024-05-01,4.522114610850766,4.853825526471025,92.03,128.23,-0.015932,-0.016339,0.0,0.0,-0.015932420872540633,-0.01633936790426511,0.0,0.00040694703172447846,25471850.0,713339.0,1636805534.4755,73998031.27945499,XLE,VDE,Energy
2024-05-02,4.527857082885421,4.8603549703244315,92.56,129.07001,0.005759,0.006551,0.0,0.0,0.005758991633163099,0.006550807143414062,0.0,-0.0007918155102509634,17308397.0,382979.0,1627289226.2515001,72834191.5959445,XLE,VDE,Energy
2024-05-03,4.52796511507912,4.861129366243924,92.57,129.17,0.000108,0.000775,0.0,0.0,0.000108038029386344,0.0007746958414275695,0.0,-0.0006666578120412255,19043868.0,467859.0,1638944762.1135,72931531.5374445,XLE,VDE,Energy
2024-05-06,4.535820107853298,4.869532376348714,93.3,130.25999,0.007886,0.008438,0.0,0.0,0.007885924165496381,0.00843841449252912,0.0,-0.0005524903270327387,16722753.0,636436.0,1634031204.2915,72066799.4862265,XLE,VDE,Energy
2024-05-07,4.5348550120730655,4.869378979035554,93.21,130.24001,-0.000965,-0.000153,0.0,0.0,-0.0009646302250803858,-0.00015338554839419745,0.0,-0.0008112446766861883,10471146.0,399737.0,1596716372.5005002,70923500.275095,XLE,VDE,Energy
2024-05-08,4.533674184283021,4.867842018536286,93.1,130.03999,-0.00118,-0.001536,0.0,0.0,-0.001180130887243858,-0.0015357799803610835,0.0,0.0003556490931172255,9905941.0,261327.0,1546995183.5180001,69218294.710719,XLE,VDE,Energy
2024-05-09,4.547011271814559,4.881513213769878,94.35,131.83,0.013426,0.013765,0.0,0.0,0.01342642320085929,0.013765073343976832,0.0,-0.0003386501431175415,11244746.0,265809.0,1504265210.2169998,67899031.3103185,XLE,VDE,Energy
2024-05-10,4.541484634301958,4.874968289341312,93.83,130.97,-0.005511,-0.006524,0.0,0.0,-0.005511393746687864,-0.006523553060760069,0.0,0.0010121593140722052,10284205.0,271074.0,1440588365.5770001,63744102.74831851,XLE,VDE,Energy
2024-05-13,4.5388166854380705,4.871909558007215,93.58,130.57001,-0.002664,-0.003054,0.0,0.0,-0.0026643930512629224,-0.003054058181262998,0.0,0.00038966513000007535,10489028.0,906631.0,1373746081.6644998,65185205.646134004,XLE,VDE,Energy
2024-05-14,4.540098189244376,4.87534998330373,93.7,131.02,0.001282,0.003446,0.0,0.0,0.0012823252831801668,0.003446350352581078,0.0,-0.002164025069400911,12176776.0,410949.0,1344659898.7445,62183903.50240401,XLE,VDE,Energy
2024-05-15,4.542336876816522,4.877484781308751,93.91,131.3,0.002241,0.002137,0.0,0.0,0.00224119530416222,0.002137078308655167,0.0,0.00010411699550705268,19396118.0,475217.0,1371206104.943,62679083.952904,XLE,VDE,Energy
2024-05-16,4.539564428890097,4.874357275803628,93.65,130.89,-0.002769,-0.003123,0.0,0.0,-0.0027686082419337665,-0.0031226199543031227,0.0,0.0003540117123693562,12290068.0,307061.0,1368800798.145,61790397.713186,XLE,VDE,Energy
2024-05-17,4.553455750301413,4.888392403053018,94.96,132.74001,0.013988,0.014134,0.0,0.0,0.01398825413774693,0.014134082053632925,0.0,-0.00014582791588599493,14500791.0,324165.0,1353479972.3930001,60384554.3552685,XLE,VDE,Energy
2024-05-20,4.546905277856116,4.883710600522589,94.34,132.12,-0.006529,-0.004671,0.0,0.0,-0.006529064869418702,-0.004670859976581391,0.0,-0.0018582048928373115,10067334.0,293555.0,1328691194.474,59692838.92526851,XLE,VDE,Energy
2024-05-21,4.542017370982823,4.879387007486302,93.88,131.55,-0.004876,-0.004314,0.0,0.0,-0.004875980496078016,-0.004314259763851045,0.0,-0.0005617207322269708,11233839.0,353998.0,1312558886.27,57671379.9829465,XLE,VDE,Energy
2024-05-22,4.522657764413627,4.859502356301739,92.08,128.96001,-0.019173,-0.019688,0.0,0.0,-0.019173412867490414,-0.019688255416191458,0.0,0.0005148425487010444,17433983.0,480480.0,1341594669.428,56462407.84485249,XLE,VDE,Energy
2024-05-23,4.5134933974161875,4.84960545143659,91.24,127.69,-0.009123,-0.009848,0.0,0.0,-0.009122502172024326,-0.00984809166810714,0.0,0.0007255894960828142,13465690.0,545999.0,1339007303.5525,57485594.4283525,XLE,VDE,Energy
2024-05-24,4.514917197010529,4.851248708584797,91.37,127.9,0.001425,0.001645,0.0,0.0,0.001424813678211311,0.0016446080350849715,0.0,-0.00021979435687366055,9520699.0,378538.0,1305033164.6209998,57186646.1726145,XLE,VDE,Energy
2024-05-28,4.52515247800206,4.862599215268851,92.31,129.36,0.010288,0.011415,0.0,0.0,0.01028784064791507,0.011415168100078187,0.0,-0.0011273274521631169,14452061.0,499242.0,1318152660.7684999,58311307.05461451,XLE,VDE,Energy
2024-05-29,4.507336825639328,4.845052853306577,90.68,127.11,-0.017658,-0.017393,0.0,0.0,-0.017657891886036184,-0.017393320964749538,0.0,-0.00026457092128664636,15026778.0,265668.0,1303521364.5284998,56123270.78061451,XLE,VDE,Energy
2024-05-30,4.510199948396864,4.848586842141857,90.94,127.56,0.002867,0.00354,0.0,0.0,0.002867225408028231,0.003540240736370073,0.0,-0.0006730153283418419,11366388.0,217591.0,1237995612.9895,52937493.1801145,XLE,VDE,Energy
2024-05-31,4.534747721691546,4.871832891215797,93.2,130.56,0.024852,0.023518,-1570420000.0,372487680.0,-0.015000266240445377,0.0670992922566283,-1942907680.0,-0.08209955849707368,16251507.0,238413.0,1233624374.2935,52022298.076125,XLE,VDE,Energy
2024-06-03,4.508218659911641,4.844423279035369,90.76,127.03,-0.02618,-0.027037,0.0,0.0,-0.026180257510729613,-0.027037377450980393,0.0,0.00085711994025078,20398294.0,371836.0,1238047289.4275,51362347.078625,XLE,VDE,Energy
2024-06-04,4.4985867005853075,4.832943005685963,89.89,125.58,-0.009586,-0.011415,0.0,0.0,-0.009585720581754076,-0.01141462646618909,0.0,0.0018289058844350135,17360705.0,380202.0,1238063335.305,49604528.086843,XLE,VDE,Energy
2024-06-05,4.498475447317128,4.834216282954915,89.88,125.74,-0.000111,0.001274,0.0,0.0,-0.00011124707976415619,0.0012740882306099697,0.0,-0.0013853353103741258,10520075.0,203917.0,1236539776.422,48283466.72197451,XLE,VDE,Energy
2024-06-06,4.503691017038237,4.838422471450589,90.35,126.27,0.005229,0.004215,0.0,0.0,0.00522919448153093,0.004215046922220455,0.0,0.0010141475593104755,12753253.0,197970.0,1248040441.4945,47834202.293638006,XLE,VDE,Energy
2024-06-07,4.4996985530458575,4.8338981155962015,89.99,125.7,-0.003985,-0.004514,0.0,0.0,-0.003984504703929165,-0.004514136374435733,0.0,0.0005296316705065678,10044889.0,169622.0,1240190330.295,47148196.540138,XLE,VDE,Energy
2024-06-10,4.507226541657965,4.845446136042602,90.67,127.16,0.007556,0.011615,0.0,0.0,0.007556395155017224,0.011614956245027844,0.0,-0.00405856109001062,11274191.0,201835.0,1243053527.436,46656335.381138004,XLE,VDE,Energy
2024-06-11,4.505239347363042,4.843872076218154,90.49,126.96,-0.001985,-0.001573,0.0,0.0,-0.001985221131576045,-0.0015728216420257944,0.0,-0.0004123994895502505,9295563.0,190214.0,1236033140.2175002,41944872.91632251,XLE,VDE,Energy
2024-06-12,4.494462064003669,4.835011258750022,89.52,125.84,-0.010719,-0.008822,0.0,0.0,-0.010719416510111615,-0.008821676118462508,0.0,-0.0018977403916491074,16280287.0,257600.0,1251855509.2695,40873565.217322506,XLE,VDE,Energy
2024-06-13,4.485259889315534,4.824626949444306,88.7,124.54,-0.00916,-0.010331,0.0,0.0,-0.009159964253798034,-0.010330578512396695,0.0,0.0011706142585986602,14247820.0,435479.0,1223970118.9004998,40465493.345322505,XLE,VDE,Energy
2024-06-14,4.477791256658261,4.813565514953393,88.04,123.17,-0.007441,-0.011001,0.0,0.0,-0.007440811724915446,-0.011000481772924361,0.0,0.0035596700480089154,12905668.0,277171.0,1223232626.0265,40162890.2343225,XLE,VDE,Energy
2024-06-17,4.480400299032142,4.816484041548723,88.27,123.53,0.002612,0.002923,0.0,0.0,0.0026124488868696045,0.002922789640334497,0.0,-0.00031034075346489257,14773860.0,253968.0,1219587301.4685,39580040.319240004,XLE,VDE,Energy
2024-06-18,4.484583222998974,4.822134686225586,88.64,124.23,0.004192,0.005667,0.0,0.0,0.004191684604055738,0.005666639682668177,0.0,-0.0014749550786124395,14642890.0,244850.0,1236996975.4705,39161701.764240004,XLE,VDE,Energy
2024-06-20,4.502805179310063,4.837550942654783,90.27,126.16,0.018389,0.015536,0.0,0.0,0.01838898916967509,0.01553569991145456,0.0,0.002853289258220532,17036926.0,285602.0,1261161500.7055001,38634857.33524,XLE,VDE,Energy
2024-06-21,4.497028027368389,4.8307108619020225,89.75,125.3,-0.00576,-0.006817,0.0,0.0,-0.005760496288911045,-0.006816740646797717,0.0,0.0010562443578866721,19993179.0,242805.0,1270614833.736,37057895.379999995,XLE,VDE,Energy
2024-06-24,4.51393170555382,4.857173265982854,91.28,128.66,0.025012,0.026816,0.0,0.0,0.017047353760445683,0.026815642458100558,0.0,-0.009768288697654875,15594111.0,369053.0,1280355878.56,35946082.7135,XLE,VDE,Energy
2024-06-25,4.516229676691444,4.859114486455013,91.49,128.91,0.002301,0.001943,0.0,0.0,0.0023006134969325155,0.001943105860407275,0.0,0.00035750763652524047,13835130.0,254763.0,1300149367.3635,35167407.12,XLE,VDE,Energy
2024-06-26,4.506343831681196,4.8507012561799305,90.59,127.83,-0.009837,-0.008378,0.0,0.0,-0.009837140671111596,-0.008377938096346288,0.0,-0.001459202574765308,11563699.0,472496.0,1285823654.4385002,34958268.04799999,XLE,VDE,Energy
2024-06-27,4.508659285607248,4.85265506868846,90.8,128.08,0.002318,0.001956,0.0,0.0,0.0023181366596754607,0.0019557224438707657,0.0,0.000362414215804695,7815787.0,291676.0,1253175915.9665,35137708.178,XLE,VDE,Energy
2024-06-28,4.512506501124672,4.848665233550198,91.15,127.57,0.003855,0.003423,-104822500.0,-398656250.0,0.0010827050481005854,-0.04853800246183296,293833750.0,0.04962070750993354,12835016.0,339128.0,1259988535.1505,35913040.728,XLE,VDE,Energy
2024-07-01,4.513054897080286,4.848586842141857,91.2,127.56,0.000548,-7.8e-05,0.0,0.0,0.0005485463521667581,-7.838833581563063e-05,0.0,0.0006269346879823887,12281643.0,303035.0,1240260804.6104999,36289437.894,XLE,VDE,Energy
2024-07-02,4.5122870585080355,4.84960545143659,91.13,127.69,-0.000768,0.001019,0.0,0.0,-0.0007675438596491228,0.0010191282533709627,0.0,-0.0017866721130200855,12613385.0,338764.0,1205166235.191,36090560.298,XLE,VDE,Energy
2024-07-03,4.516666787396688,4.854215374824954,91.53,128.28,0.004389,0.004621,0.0,0.0,0.004389333918577856,0.004620565431905396,0.0,-0.00023123151332754034,8140047.0,176558.0,1164391471.664,34835714.95200001,XLE,VDE,Energy
2024-07-05,4.500920164614292,4.837471675087067,90.1,126.15,-0.015623,-0.016604,0.0,0.0,-0.015623292909428602,-0.016604303086997195,0.0,0.0009810101775685927,11725246.0,256363.0,1169936487.844,35170698.3955,XLE,VDE,Energy
2024-07-08,4.494797128506721,4.833420674670446,89.55,125.64,-0.006104,-0.004043,0.0,0.0,-0.006104328523862375,-0.004042806183115339,0.0,-0.002061522340747036,9797506.0,267821.0,1156192000.5315,35603266.322500005,XLE,VDE,Energy
2024-07-09,4.485936098064394,4.824305715904762,88.76,124.5,-0.008822,-0.009074,0.0,0.0,-0.008821887213847013,-0.009073543457497613,0.0,0.0002516562436505991,9545597.0,220528.0,1153358381.962,35909978.85250001,XLE,VDE,Energy
2024-07-10,4.492673154760945,4.831030044796529,89.36,125.34,0.00676,0.006747,0.0,0.0,0.0067598017124831005,0.006746987951807229,0.0,1.2813760675871658e-05,9660378.0,280993.0,1145409405.9675,36387695.053500004,XLE,VDE,Energy
2024-07-11,4.503026712319388,4.843793308150688,90.29,126.95,0.010407,0.012845,0.0,0.0,0.01040734109221128,0.012845061432902505,0.0,-0.0024377203406912244,11344837.0,266683.0,1154567897.8105,36872986.923999995,XLE,VDE,Energy
2024-07-12,4.505570820765336,4.846703602413892,90.52,127.32,0.002547,0.002915,0.0,0.0,0.0025473474360394287,0.0029145332808192203,0.0,-0.0003671858447797916,9058620.0,310611.0,1122696647.3185,37229517.35,XLE,VDE,Energy
2024-07-15,4.5205922095127935,4.86306292962912,91.89,129.42,0.015135,0.016494,0.0,0.0,0.015134776844896156,0.01649387370405278,0.0,-0.001359096859156625,15395973.0,378959.0,1130244363.567,36970033.306,XLE,VDE,Energy
2024-07-16,4.525044141508807,4.867072805452385,92.3,129.94,0.004462,0.004018,0.0,0.0,0.004461856567635216,0.00401792613197342,0.0,0.00044393043566179607,12064667.0,325106.0,1129112051.236,37375289.384500004,XLE,VDE,Energy
2024-07-17,4.534962290944595,4.874815570953721,93.22,130.95,0.009967,0.007773,0.0,0.0,0.009967497291440953,0.007772818223795598,0.0,0.002194679067645355,14717675.0,240828.0,1132506703.301,37383477.3625,XLE,VDE,Energy
2024-07-18,4.536784273121627,4.875655233611351,93.39,131.06,0.001824,0.00084,0.0,0.0,0.0018236429950654366,0.0008400152730049637,0.0,0.000983627722060473,16433832.0,299642.0,1144347193.345,37826145.6135,XLE,VDE,Energy
2024-07-19,4.525802250604519,4.864529941435284,92.37,129.61,-0.010922,-0.011064,0.0,0.0,-0.01092194025056216,-0.011063634976346711,0.0,0.00014169472578455175,13250136.0,195456.0,1128646780.96,37291220.8055,XLE,VDE,Energy
2024-07-22,4.519503359231,4.859424732327354,91.79,128.95,-0.006279,-0.005092,0.0,0.0,-0.006279094944245968,-0.005092199675950929,0.0,-0.0011868952682950384,10763756.0,318755.0,1088327648.3595002,37825220.343,XLE,VDE,Energy
2024-07-23,4.503469631161752,4.844501997498826,90.33,127.04,-0.015906,-0.014812,0.0,0.0,-0.01590587209935723,-0.014811942613416052,0.0,-0.0010939294859411766,16551898.0,239228.0,1091912773.0724998,36970678.65,XLE,VDE,Energy
2024-07-24,4.503580330226458,4.842768758271886,90.34,126.82,0.000111,-0.001732,0.0,0.0,0.00011070519207350825,-0.0017317380352644836,0.0,0.0018424432273379918,14664250.0,575018.0,1094862388.1375,38974792.8715,XLE,VDE,Energy
2024-07-25,4.520701029361642,4.857095460997474,91.9,128.64999,0.017268,0.01443,0.0,0.0,0.017268098295328757,0.014429821794669647,0.0,0.0028382765006591103,18218702.0,328407.0,1126199549.207,38067312.5507965,XLE,VDE,Energy
2024-07-26,4.523851664810503,4.861361591348501,92.19,129.2,0.003156,0.004275,0.0,0.0,0.0031556039173014144,0.004275243239428121,0.0,-0.0011196393221267068,11865386.0,255497.0,1145409372.994,37849930.0667965,XLE,VDE,Energy
2024-07-29,4.515245478460105,4.852108307749118,91.4,128.00999,-0.008569,-0.009211,0.0,0.0,-0.00856925913873522,-0.009210603715170353,0.0,0.0006413445764351326,13578260.0,282143.0,1148966435.7740002,37492658.249225,XLE,VDE,Energy
2024-07-30,4.5306621338130295,4.866995766930123,92.82,129.92999,0.015536,0.014999,0.0,0.0,0.015536105032822756,0.014998829388237702,0.0,0.000537275644585054,12836601.0,512262.0,1152536808.935,38887810.846094,XLE,VDE,Energy
2024-07-31,4.5348550120730655,4.872675061001055,93.21,130.67,0.004202,0.005695,214383000.0,-44035789.99999999,0.00976279408142951,0.0006166385632330767,258418790.0,0.009146155518196433,18086875.0,344915.0,1179357801.1200001,38978474.24059399,XLE,VDE,Energy
2024-08-01,4.507998274235818,4.845682031463393,90.74,127.19,-0.026499,-0.026632,0.0,0.0,-0.026499302649930265,-0.026631973674140965,0.0,0.0001326710242107003,21279249.0,697231.0,1238648828.7375,42280071.773094,XLE,VDE,Energy
2024-08-02,4.481871969643598,4.815512145465092,88.4,123.41,-0.025788,-0.029719,0.0,0.0,-0.025787965616045846,-0.02971931755641167,0.0,0.003931351940365823,22918104.0,685997.0,1287124615.1875,44896006.639094,XLE,VDE,Energy
2024-08-05,4.4595662121293,4.794136285500715,86.45,120.8,-0.022059,-0.021149,0.0,0.0,-0.022058823529411766,-0.02114901547686573,0.0,-0.000909808052546035,25019550.0,800180.0,1351403286.9475,48046642.317094,XLE,VDE,Energy
2024-08-06,4.465678207169493,4.7981019218940615,86.98,121.28,0.006131,0.003973,0.0,0.0,0.006130711393869288,0.003973509933774834,0.0,0.002157201460094454,15709299.0,424176.0,1377359668.8125,49246058.781094,XLE,VDE,Energy
2024-08-07,4.469694046425642,4.8027907800712155,87.33,121.85,0.004024,0.0047,0.0,0.0,0.004023913543343297,0.004699868073878628,0.0,-0.0006759545305353313,13062974.0,366766.0,1391236575.8795,49719597.505094,XLE,VDE,Energy
2024-08-08,4.490993140925692,4.824626949444306,89.21,124.54,0.021528,0.022076,0.0,0.0,0.021527539219054162,0.022076323348379154,0.0,-0.0005487841293249918,10798420.0,198384.0,1388186661.653,49262164.330594,XLE,VDE,Energy
2024-08-09,4.493232532747227,4.825590031380704,89.41,124.66,0.002242,0.000964,0.0,0.0,0.0022419011321600717,0.0009635458487233017,0.0,0.0012783552834367698,11172786.0,173490.0,1397135287.346,48366177.874594,XLE,VDE,Energy
2024-08-12,4.498141613229568,4.832226074122216,89.85,125.49,0.004921,0.006658,0.0,0.0,0.004921149759534727,0.006658110059361463,0.0,-0.0017369602998267356,14392936.0,295351.0,1391058754.3775,47767114.035094,XLE,VDE,Energy
2024-08-13,4.488411625377895,4.822858886619337,88.98,124.32,-0.009683,-0.009323,0.0,0.0,-0.009682804674457429,-0.009323452067893857,0.0,-0.0003593526065635722,15693195.0,307218.0,1405199340.7275,47564567.441093996,XLE,VDE,Energy
2024-08-14,4.4942386252808095,4.827913657280962,89.5,124.95,0.005844,0.005068,0.0,0.0,0.005844009889862891,0.005067567567567568,0.0,0.0007764423222953228,10828802.0,311461.0,1385059146.5025,47933598.708593994,XLE,VDE,Energy
2024-08-15,4.506123032386857,4.84119047511598,90.57,126.62,0.011955,0.013365,0.0,0.0,0.011955307262569832,0.013365346138455383,0.0,-0.0014100388758855505,9167605.0,197154.0,1349836867.221,47218226.65659399,XLE,VDE,Energy
2024-08-16,4.50501830403765,4.840479434201172,90.47,126.53,-0.001104,-0.000711,0.0,0.0,-0.0011041183614883515,-0.000710788185120834,0.0,-0.0003933301763675175,8876521.0,178634.0,1328794056.8485,47081702.049594,XLE,VDE,Energy
2024-08-19,4.5117382411955385,4.846389384029531,91.08,127.28,0.006743,0.005927,0.0,0.0,0.006742566596661877,0.005927448036038884,0.0,0.0008151185606229934,10881343.0,194311.0,1328947434.7085,46263124.391094,XLE,VDE,Energy
2024-08-20,4.4850343847481104,4.820765319544972,88.68,124.06,-0.026351,-0.025299,0.0,0.0,-0.026350461133069828,-0.02529855436832181,0.0,-0.0010519067647480167,16933237.0,301413.0,1329272760.2495,46613212.974093996,XLE,VDE,Energy
2024-08-21,4.486724430781609,4.820442842921731,88.83,124.02,0.001691,-0.000322,0.0,0.0,0.0016914749661705007,-0.00032242463324197966,0.0,0.00201389959941248,11368866.0,680497.0,1313529161.3384998,47186785.733094,XLE,VDE,Energy
2024-08-22,4.489310299893557,4.822456617817903,89.06,124.27,0.002589,0.002016,0.0,0.0,0.002589215355172802,0.0020158039025963553,0.0,0.0005734114525764466,9797718.0,190028.0,1273443463.9025,46255046.8477975,XLE,VDE,Energy
2024-08-23,4.50413364181032,4.839214111770589,90.39,126.37,0.014934,0.016899,0.0,0.0,0.014933752526386705,0.016898688339905047,0.0,-0.0019649358135183422,10367313.0,235758.0,1265605038.2389998,46094173.1507975,XLE,VDE,Energy
2024-08-26,4.513054897080286,4.848586842141857,91.2,127.56,0.008961,0.009417,0.0,0.0,0.008961168270826419,0.009416791960117117,0.0,-0.0004556236892906979,9757380.0,213281.0,1248046042.839,45648623.238369,XLE,VDE,Energy
2024-08-27,4.503691017038237,4.838976685470555,90.35,126.34,-0.00932,-0.009564,0.0,0.0,-0.00932017543859649,-0.009564126685481343,0.0,0.00024395124688485204,8313563.0,205146.0,1226027898.4505,43616620.6935,XLE,VDE,Energy
2024-08-28,4.497250843768597,4.832066686171609,89.77,125.47,-0.00642,-0.006886,0.0,0.0,-0.006419479800774765,-0.006886180148804813,0.0,0.00046670034803004794,8524501.0,659777.0,1179996240.2515,45502229.5505,XLE,VDE,Energy
2024-08-29,4.510199948396864,4.8448954968939795,90.94,127.09,0.013033,0.012911,0.0,0.0,0.01303330734098251,0.012911452936957042,0.0,0.0001218544040254687,11249528.0,152349.0,1134603891.3545,42036290.7265,XLE,VDE,Energy
2024-08-30,4.51393170555382,4.847567194224188,91.28,127.43,0.003739,0.002675,-684600000.0,-111373820.0,-0.014287152022929754,-0.010523588635887322,-573226180.0,-0.003763563387042432,14042634.0,160702.0,1097396453.2505,38827259.031,XLE,VDE,Energy
2024-09-03,4.48874872297084,4.819878258481199,89.01,123.95,-0.024869,-0.027309,0.0,0.0,-0.024868536371603855,-0.027309110884407125,0.0,0.0024405745128032695,19097080.0,363330.0,1074241002.9155,36245909.506,XLE,VDE,Energy
2024-09-04,4.474833684260088,4.805167927794988,87.78,122.14,-0.013819,-0.014603,0.0,0.0,-0.013818672059319177,-0.014602662363856394,0.0,0.0007839903045372167,15056992.0,258280.0,1072006399.4525001,35251022.202,XLE,VDE,Energy
2024-09-05,4.467056883858457,4.798184372320789,87.1,121.29,-0.007747,-0.006959,0.0,0.0,-0.007746639325586694,-0.006959227116423776,0.0,-0.0007874122091629182,12495645.0,946774.0,1069385457.4565,38758211.269999996,XLE,VDE,Energy
2024-09-06,4.454463568563388,4.785155682984498,86.01,119.72,-0.012514,-0.012944,0.0,0.0,-0.012514351320321469,-0.012944183362189794,0.0,0.00042983204186832456,17956014.0,953778.0,1098438943.2535,43232189.20999999,XLE,VDE,Energy
2024-09-09,4.4616461759020485,4.7900717450454335,86.63,120.31,0.007208,0.004928,0.0,0.0,0.007208464132077665,0.004928165720013365,0.0,0.0022802984120643003,16412161.0,561273.0,1119580278.812,45527163.7715,XLE,VDE,Energy
2024-09-10,4.444296960400006,4.772716457199891,85.14,118.24,-0.0172,-0.017206,0.0,0.0,-0.01719958443957059,-0.017205552323165157,0.0,5.967883594568124e-06,24663410.0,542979.0,1159912150.202,46884075.769999996,XLE,VDE,Energy
2024-09-11,4.434974808991977,4.765927564866206,84.35,117.44,-0.009279,-0.006766,0.0,0.0,-0.00927883486023021,-0.006765899864682003,0.0,-0.002512934995548207,24062862.0,416593.0,1191578246.132,47420642.778,XLE,VDE,Energy
2024-09-12,4.4439445374888695,4.774912960575186,85.11,118.5,0.00901,0.009026,0.0,0.0,0.00901007705986959,0.009025885558583106,0.0,-1.5808498713515765e-05,15884613.0,1084317.0,1210716327.8035,51899368.4055,XLE,VDE,Energy
2024-09-13,4.4495684538935185,4.78105440081804,85.59,119.23,0.00564,0.00616,0.0,0.0,0.005639760310186817,0.006160337552742616,0.0,-0.0005205772425557987,13097731.0,222341.0,1225252568.3755002,51976672.303,XLE,VDE,Energy
2024-09-16,4.460953335227682,4.794467356518472,86.57,120.84,0.01145,0.013503,0.0,0.0,0.01144993574015656,0.013503312924599513,0.0,-0.0020533771844429526,13437719.0,304806.0,1243264792.3235,52688182.154,XLE,VDE,Energy
2024-09-17,4.474377895738068,4.808927023502111,87.74,122.6,0.013515,0.014565,0.0,0.0,0.01351507450617997,0.014564713670969877,0.0,-0.0010496391647899072,12517342.0,234287.0,1248624735.6555,52887766.260000005,XLE,VDE,Energy
2024-09-18,4.476313563863087,4.810231229751535,87.91,122.76,0.001938,0.001305,0.0,0.0,0.0019375427399133803,0.0013050570962479609,0.0,0.0006324856436654195,14104789.0,264664.0,1235540362.847,52642609.053,XLE,VDE,Energy
2024-09-19,4.488186830502272,4.823019748841191,88.96,124.34,0.011944,0.012871,0.0,0.0,0.011944033670799681,0.012870641902899967,0.0,-0.0009266082321002858,18903358.0,290015.0,1269127680.892,50225870.411,XLE,VDE,Energy
2024-09-20,4.485936098064394,4.821651594428751,88.76,124.17,-0.002248,-0.001367,0.0,0.0,-0.0022482014388489208,-0.0013672189158758243,0.0,-0.0008809825229730965,13980802.0,205007.0,1287545241.914,50317917.3925,XLE,VDE,Energy
2024-09-23,4.489983776178974,4.833500263989602,89.12,125.65,0.012252,0.011919,0.0,0.0,0.00405588102748986,0.011919143110252073,0.0,-0.007863262082762213,13315054.0,343395.0,1300022051.4345,50985659.557,XLE,VDE,Energy
2024-09-24,4.487512142519859,4.830631050257462,88.9,125.29,-0.002469,-0.002865,0.0,0.0,-0.002468581687612208,-0.002865101472343812,0.0,0.00039651978473160404,17313654.0,389013.0,1332487590.6645,52062325.277499996,XLE,VDE,Energy
2024-09-25,4.467745510076419,4.810475579172421,87.16,122.79,-0.019573,-0.019954,0.0,0.0,-0.01957255343082115,-0.019953707398834702,0.0,0.0003811539680135534,13816776.0,326741.0,1355144579.6200001,52772444.364999995,XLE,VDE,Energy
2024-09-26,4.4479314095616,4.789406574986818,85.45,120.23,-0.019619,-0.020849,0.0,0.0,-0.019619091326296467,-0.020848603306458182,0.0,0.0012295119801617148,23448157.0,468260.0,1417064607.664,51448278.34550001,XLE,VDE,Energy
2024-09-27,4.468089645439724,4.801805477421505,87.19,121.73,0.020363,0.021228,0.0,0.0,0.020362785254534815,0.012476087498960326,0.0,0.007886697755574488,15244756.0,488007.0,1432372517.6299999,53450431.2305,XLE,VDE,Energy
2024-09-30,4.475061500641071,4.807866102033196,87.8,122.47,0.006996,0.006079,-561920000.0,-266127310.0,-0.008717997556397416,-0.0272875227038047,-295792690.0,0.018569525147407284,11404712.0,425312.0,1418348621.734,55030916.46949999,XLE,VDE,Energy
2024-10-01,4.497584975308154,4.829433110570218,89.8,125.14,0.022779,0.021801,0.0,0.0,0.022779043280182234,0.02180125745080428,0.0,0.0009777858293779536,33057054.0,853873.0,1481783239.654,58121862.155499995,XLE,VDE,Energy
2024-10-02,4.507777839979442,4.840400398437448,90.72,126.52,0.010245,0.011028,0.0,0.0,0.010244988864142539,0.011027649033082947,0.0,-0.0007826601689404078,20962571.0,551136.0,1510784323.822,60031032.5315,XLE,VDE,Energy
2024-10-03,4.52526080275979,4.858338450407997,92.32,128.81,0.017637,0.0181,0.0,0.0,0.01763668430335097,0.01809990515333544,0.0,-0.000463220849984472,22363026.0,576232.0,1559593517.863,58000543.804500006,XLE,VDE,Energy
2024-10-04,4.5345331063886505,4.867918991894661,93.18,130.05,0.009315,0.009627,0.0,0.0,0.009315424610051993,0.009626581787128446,0.0,-0.0003111571770764536,17977892.0,383204.0,1566132678.484,54783012.70650001,XLE,VDE,Energy
2024-10-07,4.5380683824473556,4.8722157835894295,93.51,130.61,0.003542,0.004306,0.0,0.0,0.0035415325177076628,0.004306036139946174,0.0,-0.0007645036222385109,16259706.0,337157.0,1571065658.5154998,53608478.7635,XLE,VDE,Energy
2024-10-08,4.511628441579727,4.846075066880943,91.07,127.24,-0.026094,-0.025802,0.0,0.0,-0.026093465939471715,-0.025802005971977755,0.0,-0.0002914599674939608,19879941.0,907540.0,1556596833.489,56172156.395500004,XLE,VDE,Energy
2024-10-09,4.517649588458596,4.850153503906757,91.62,127.76,0.006039,0.004087,0.0,0.0,0.006039310420555616,0.004086765168186105,0.0,0.0019525452523695115,15759791.0,384622.0,1527307315.575,56182887.6355,XLE,VDE,Energy
2024-10-10,4.524393875960803,4.8577949443004025,92.24,128.74001,0.006767,0.007671,0.0,0.0,0.006767081423270029,0.007670710707576768,0.0,-0.0009036292843067392,13023699.0,199156.0,1519775644.7415001,51040276.682078004,XLE,VDE,Energy
2024-10-11,4.530554392607302,4.864838434853934,92.81,129.64999,0.00618,0.007068,0.0,0.0,0.0061795316565481356,0.007068354274634586,0.0,-0.0008888226180864501,13207250.0,224990.0,1525012148.552,51173288.373083,XLE,VDE,Energy
2024-10-14,4.5301233116651805,4.861748513388538,92.77,129.25,-0.000431,-0.003085,0.0,0.0,-0.0004309880400818877,-0.003085152571164928,0.0,0.0026541645310830405,11099257.0,431282.0,1518330885.4550002,52118810.446083,XLE,VDE,Energy
2024-10-15,4.497362233353786,4.829912458665998,89.78,125.2,-0.03223,-0.031335,0.0,0.0,-0.032230246847041066,-0.031334622823984526,0.0,-0.0008956240230565404,18919576.0,532259.0,1548347282.7649999,54014572.476082996,XLE,VDE,Energy
2024-10-16,4.502140285668547,4.835885002798619,90.21,125.95,0.004789,0.00599,0.0,0.0,0.00478948540877701,0.0059904153354632585,0.0,-0.0012009299266862485,9938549.0,211349.0,1531177507.98,53721035.171583,XLE,VDE,Energy
2024-10-17,4.506895616719751,4.840637486991133,90.64,126.55,0.004767,0.004764,0.0,0.0,0.004766655581421128,0.004763795156808257,0.0,2.860424612871268e-06,10716650.0,250777.0,1495663229.3960001,53504803.384083,XLE,VDE,Energy
2024-10-18,4.503580330226458,4.836202538722539,90.34,125.99,-0.00331,-0.004425,0.0,0.0,-0.0033097969991173876,-0.004425128407743974,0.0,0.0011153314086265868,12007591.0,236556.0,1487854718.667,53722201.946582995,XLE,VDE,Energy
2024-10-21,4.5005871457956514,4.833659423627053,90.07,125.67,-0.002989,-0.00254,0.0,0.0,-0.0029887093203453618,-0.002539884117787126,0.0,-0.00044882520255823573,10581042.0,539739.0,1476174560.69,54956272.865583,XLE,VDE,Energy
2024-10-22,4.502915951949335,4.834852314141884,90.28,125.82,0.002332,0.001194,0.0,0.0,0.0023315199289441545,0.0011936022917164002,0.0,0.0011379176372277543,8978235.0,343512.0,1439743121.45,54680334.919083,XLE,VDE,Energy
2024-10-23,4.497696327682858,4.829592918800682,89.81,125.16,-0.005206,-0.005246,0.0,0.0,-0.0052060256978289764,-0.005245588936576061,0.0,3.9563238747084874e-05,9906637.0,245422.0,1424015365.0904999,54210159.425583005,XLE,VDE,Energy
2024-10-24,4.497584975308154,4.829832583271571,89.8,125.19,-0.000111,0.00024,0.0,0.0,-0.00011134617525887985,0.00023969319271332693,0.0,-0.0003510393679722068,8523606.0,198436.0,1362104105.2480001,52637324.577583,XLE,VDE,Energy
2024-10-25,4.497250843768597,4.830870466083991,89.77,125.32,-0.000334,0.001038,0.0,0.0,-0.00033407572383073496,0.0010384215991692627,0.0,-0.0013724973229999977,9552256.0,220964.0,1338519892.5219998,51051630.396083,XLE,VDE,Energy
2024-10-28,4.490881039585964,4.823662939086874,89.2,124.42,-0.00635,-0.007182,0.0,0.0,-0.006349559986632505,-0.0071816150654324925,0.0,0.0008320550787999873,12113963.0,311321.0,1342481481.822,50383960.305083,XLE,VDE,Energy
2024-10-29,4.47551697776122,4.8103126861927485,87.84,122.77,-0.015247,-0.013262,0.0,0.0,-0.015246636771300448,-0.013261533515511976,0.0,-0.001985103255788472,11895782.0,228666.0,1246301583.906,46444943.185082994,XLE,VDE,Energy
2024-10-30,4.477791256658261,4.812428228072077,88.04,123.03,0.002277,0.002118,0.0,0.0,0.002276867030965392,0.0021177812169096686,0.0,0.00015908581405572322,9682076.0,256509.0,1193835860.402,44536371.962583,XLE,VDE,Energy
2024-10-31,4.484018984423941,4.817374117263916,88.59,123.64,0.006247,0.004958,-642277500.0,-147749800.0,-0.011822837717965235,-0.013999442863142498,-494527700.0,0.0021766051451772624,15811606.0,239387.0,1160645641.163,42305040.200582996,XLE,VDE,Energy
2024-11-01,4.4776776654728145,4.809905337618946,88.03,122.72,-0.006321,-0.007441,0.0,0.0,-0.006321255220679535,-0.007440957618893562,0.0,0.001119702398214027,13152292.0,251759.0,1134776455.573,41358049.414583005,XLE,VDE,Energy
2024-11-04,4.495020442487104,4.827913657280962,89.57,124.95,0.017494,0.018171,0.0,0.0,0.01749403612404862,0.018171447196870926,0.0,-0.0006774110728223065,12905941.0,197437.0,1116553456.9385,40389733.283583,XLE,VDE,Energy
2024-11-05,4.501696777511816,4.834852314141884,90.17,125.82,0.006699,0.006963,0.0,0.0,0.00669867143016635,0.006962785114045618,0.0,-0.00026411368387926817,10438333.0,180960.0,1073091369.9254999,35754383.163583,XLE,VDE,Energy
2024-11-06,4.538602941715978,4.874968289341312,93.56,130.97,0.037596,0.040932,0.0,0.0,0.03759565265609405,0.04093148942934351,0.0,-0.0033358367732494593,25026633.0,1082298.0,1117970356.5285,40384846.280583,XLE,VDE,Energy
2024-11-07,4.533996366533566,4.872292344474511,93.13,130.62,-0.004596,-0.002672,0.0,0.0,-0.004595981188542112,-0.002672367717797969,0.0,-0.0019236134707441431,13069002.0,602527.0,1118760864.5535,43037982.846005,XLE,VDE,Energy
2024-11-08,4.54063166485052,4.877256270815316,93.75,131.27,0.006657,0.004976,0.0,0.0,0.006657360678621282,0.004976267034144965,0.0,0.0016810936444763168,11168410.0,615545.0,1109824542.8035,45619614.890999995,XLE,VDE,Energy
2024-11-11,4.5462690780679305,4.884920888113592,94.28,132.28,0.005653,0.007694,0.0,0.0,0.005653333333333333,0.007694065666184083,0.0,-0.0020407323328507495,10454743.0,363486.0,1107624297.711,45236551.37,XLE,VDE,Energy
2024-11-12,4.5409516136614405,4.878702698904194,93.78,131.46001,-0.005303,-0.006199,0.0,0.0,-0.005303351718285956,-0.00619889628061679,0.0,0.0008955445623308337,9250175.0,350802.0,1066068391.622,44210431.751401,XLE,VDE,Energy
2024-11-13,4.548705649006965,4.8838619666017395,94.51,132.14,0.007784,0.005173,0.0,0.0,0.0077841757304329285,0.005172599636954033,0.0,0.0026115760934788956,11838119.0,513676.0,1077181597.692,46273318.755901,XLE,VDE,Energy
2024-11-14,4.5525075334047855,4.888015580548345,94.87,132.69,0.003809,0.004162,0.0,0.0,0.003809120727965295,0.004162252156803507,0.0,-0.0003531314288382119,9005536.0,298738.0,1071331499.908,46668504.549401,XLE,VDE,Energy
2024-11-15,4.551030739887443,4.883256364766425,94.73,132.06,-0.001476,-0.004748,0.0,0.0,-0.0014757035943923262,-0.004747908659281031,0.0,0.003272205064888705,14040246.0,286373.0,1083594836.54,47069240.946401,XLE,VDE,Energy
2024-11-18,4.564244019375446,4.897317200733157,95.99,133.92999,0.013301,0.01416,0.0,0.0,0.013300960624934023,0.01416015447523856,0.0,-0.0008591938503045363,12617780.0,258895.0,1096502149.003,45411481.1779535,XLE,VDE,Energy
2024-11-19,4.557868912870078,4.892602227184663,95.38,133.3,-0.006355,-0.004704,0.0,0.0,-0.006354828627982081,-0.00470387550988385,0.0,-0.001650953118098231,11898209.0,214983.0,1112716954.934,44683308.880953506,XLE,VDE,Energy
2024-11-20,4.567883601202075,4.903272775767756,96.34,134.73,0.010065,0.010728,0.0,0.0,0.010065003145313483,0.010727681920479888,0.0,-0.0006626787751664049,8958788.0,216823.0,1111385683.2815,44608086.144453496,XLE,VDE,Energy
2024-11-21,4.575947327311188,4.913389983132803,97.12,136.10001,0.008096,0.010169,0.0,0.0,0.008096325513805272,0.010168559340904113,0.0,-0.0020722338270988405,16770514.0,370078.0,1154552308.3255,45884356.9774925,XLE,VDE,Energy
2024-11-22,4.577490616881349,4.91837379566995,97.27,136.78,0.001544,0.004996,0.0,0.0,0.0015444810543657332,0.004996252388225425,0.0,-0.0034517713338596922,10777825.0,247475.0,1164094959.157,46192278.0784925,XLE,VDE,Energy
2024-11-25,4.557554332046428,4.897839799950911,95.35,134.0,-0.019739,-0.020325,0.0,0.0,-0.019738871183304203,-0.020324608860944584,0.0,0.0005857376776403807,16475341.0,488718.0,1188612872.3945,47529960.7374925,XLE,VDE,Energy
2024-11-26,4.556190003766373,4.895299262082924,95.22,133.66,-0.001363,-0.002537,0.0,0.0,-0.0013633980073413739,-0.002537313432835821,0.0,0.001173915425494447,12466369.0,234479.0,1195718980.6595,47693317.6534925,XLE,VDE,Energy
2024-11-27,4.555139252382526,4.895374075983382,95.12,133.67,-0.00105,7.5e-05,0.0,0.0,-0.0010501995379122034,7.481669908712147e-05,0.0,-0.0011250162369993248,7798222.0,235589.0,1190186825.9395,47689961.621492505,XLE,VDE,Energy
2024-11-29,4.559440334281917,4.8991821076079844,95.53,134.17999,0.00431,0.003815,57318000.0,10063499.25,0.005830207938147181,0.005026594895978803,47254500.75,0.0008036130421683781,6818187.0,95390.0,1152716387.3679998,46850042.6497975,XLE,VDE,Energy
2024-12-02,4.548811452318707,4.889596890474652,94.52,132.89999,-0.010573,-0.009539,0.0,0.0,-0.01057259499633623,-0.009539425364393006,0.0,-0.001033169631943224,11094978.0,334340.0,1147261440.158,47526938.5586275,XLE,VDE,Energy
2024-12-03,4.548705649006965,4.890123538868615,94.51,132.97,-0.000106,0.000527,0.0,0.0,-0.00010579771476936098,0.0005267870975761226,0.0,-0.0006325848123454836,8943277.0,214290.0,1131723638.8530002,47718157.9661275,XLE,VDE,Energy
2024-12-04,4.524285457247627,4.866764846694257,92.23,129.89999,-0.024124,-0.023088,0.0,0.0,-0.024124431277113532,-0.02308798977212902,0.0,-0.0010364415049845116,16259026.0,324947.0,1159640912.9215,48690269.208654,XLE,VDE,Energy
2024-12-05,4.528181144459956,4.869993041027979,92.59,130.32001,0.003903,0.003233,0.0,0.0,0.0039032852650981243,0.0032334105645427024,0.0,0.0006698747005554218,11331201.0,270241.0,1095024118.777,43363731.2467745,XLE,VDE,Energy
2024-12-06,4.5110792625884955,4.851874001711314,91.02,127.98,-0.016957,-0.017956,0.0,0.0,-0.016956474781293876,-0.017955876461335413,0.0,0.0009994016800415374,13103314.0,478468.0,1093801492.978,42490344.1417745,XLE,VDE,Energy
2024-12-09,4.5094299137072555,4.84944880983226,90.87,127.67,-0.001648,-0.002422,0.0,0.0,-0.0016479894528675016,-0.0024222534771057977,0.0,0.000774264024238296,11813899.0,336047.0,1095126021.2094998,40595370.5587745,XLE,VDE,Energy
2024-12-10,4.502583597212991,4.844187086458591,90.25,127.0,-0.006823,-0.005248,0.0,0.0,-0.006822933861560471,-0.005247904754445054,0.0,-0.0015750291071154176,11649914.0,327109.0,1098412599.6325002,40268416.3047745,XLE,VDE,Energy
2024-12-11,4.504244267398131,4.848273215041905,90.4,127.52,0.001662,0.004094,0.0,0.0,0.0016620498614958448,0.004094488188976378,0.0,-0.0024324383274805335,11573751.0,725629.0,1107351883.5775,42589205.0873735,XLE,VDE,Energy
2024-12-12,4.4961362649639565,4.841032509710076,89.67,126.6,-0.008075,-0.007215,0.0,0.0,-0.008075221238938054,-0.007214554579673777,0.0,-0.0008606666592642772,10873147.0,600438.0,1100160606.8174999,42996120.2953735,XLE,VDE,Energy
2024-12-13,4.491105229700119,4.8338185579367465,89.22,125.69,-0.005018,-0.007188,0.0,0.0,-0.005018400802944129,-0.007187993680884676,0.0,0.0021695928779405472,11173030.0,379884.0,1107285733.6315,43401524.0323735,XLE,VDE,Energy
2024-12-16,4.468892167695464,4.812997033190408,87.26,123.1,-0.021968,-0.020606,0.0,0.0,-0.02196816857206904,-0.02060625348078606,0.0,-0.0013619150912829794,12518076.0,550342.0,1095400474.0405002,44897958.12337349,XLE,VDE,Energy
2024-12-17,4.461415282342953,4.804840381116659,86.61,122.1,-0.007449,-0.008123,0.0,0.0,-0.0074490029796011915,-0.008123476848090982,0.0,0.0006744738684897906,16005837.0,525237.0,1104154716.059,46370839.770321,XLE,VDE,Energy
2024-12-18,4.431411859854625,4.768478803600115,84.05,117.74,-0.029558,-0.027797,0.0,0.0,-0.029557787784320517,-0.03570843570843571,0.0,0.006150647924115193,19620612.0,755916.0,1129867779.268,49388055.567321,XLE,VDE,Energy
2024-12-19,4.422688616392771,4.759349436835766,83.32,116.67,-0.008685,-0.009088,0.0,0.0,-0.00868530636525889,-0.00908782062170885,0.0,0.0004025142564499599,24994225.0,1747665.0,1190839238.822,58122431.205321,XLE,VDE,Energy
2024-12-20,4.432482078162375,4.768478803600115,84.14,117.74,0.009842,0.009171,0.0,0.0,0.009841574651944428,0.00917116653809891,0.0,0.0006704081138455172,17852405.0,679162.0,1184506690.6729999,59602276.924282,XLE,VDE,Energy
2024-12-23,4.429983118094737,4.774575350848819,83.93,118.46,0.005824,0.006115,0.0,0.0,-0.0024958402662228476,0.006115169016476983,0.0,-0.008611009282699832,17222682.0,487941.0,1204363723.7985,60799869.942282,XLE,VDE,Energy
2024-12-24,4.438406968109989,4.782227913106947,84.64,119.37,0.008459,0.007682,0.0,0.0,0.008459430477778987,0.007681917946986324,0.0,0.0007775125307926626,7512092.0,307241.0,1157608708.925,59359227.250782,XLE,VDE,Energy
2024-12-26,4.437579593794131,4.781222129768451,84.57,119.25,-0.000827,-0.001005,0.0,0.0,-0.0008270321361059736,-0.0010052777079668257,0.0,0.00017824557186085213,7693227.0,568465.0,1130787136.4855,61181676.65628201,XLE,VDE,Energy
2024-12-27,4.437461341561982,4.7813898305905775,84.56,119.27,-0.000118,0.000168,0.0,0.0,-0.0001182452406289511,0.00016771488469601676,0.0,-0.0002859601253249679,10184850.0,590372.0,1136760338.4535,63127800.99678199,XLE,VDE,Energy
2024-12-30,4.4373430753445895,4.784570814354383,84.55,119.65,-0.000118,0.003186,0.0,0.0,-0.00011825922421948912,0.0031860484614739666,0.0,-0.003304307685693456,11772651.0,669344.0,1153962150.3505,66492180.014477,XLE,VDE,Energy
2024-12-31,4.450385972187225,4.798349252782828,85.66,121.31,0.013128,0.013874,-449715000.0,-32875010.0,-0.0002669694397009691,0.009458426087465957,-416839990.0,-0.009725395527166926,10582535.0,647002.0,1146852281.7275,68194881.512647,XLE,VDE,Energy
