date,log_price_A,log_price_B,price_A,price_B,returns_A,returns_B,flow_A,flow_B,flow_pct_A,flow_pct_B,flow_diff,flow_diff_pct,volume_A,volume_B,adv_A,adv_B,symbol_A,symbol_B,sector
2010-01-04,2.8960615044342704,4.65586330030361,18.10270735,105.2,0.020139,0.015836,0.0,0.0,0.0,0.0,0.0,0.0,75511500.0,1161600.0,1366962586.059525,122200320.0,XLF,IYF,Financials
2010-01-05,2.914274486794816,4.667017589314171,18.435432400000003,106.38,0.01838,0.011217,0.0,0.0,0.018379850238257566,0.011216730038022813,0.0,0.007163120200234753,78614600.0,1386600.0,1408128365.0062828,134853414.0,XLF,IYF,Financials
2010-01-06,2.9162778263629905,4.6694586758704535,18.47240185,106.64,0.002005,0.002444,0.0,0.0,0.002005347593582818,0.0024440684339161497,0.0,-0.00043872084033333165,61330200.0,1707600.0,1316390943.3178117,150601764.0,XLF,IYF,Financials
2010-01-07,2.937400723918077,4.688223741123377,18.866742650000003,108.66,0.021348,0.018942,0.0,0.0,0.021347565043362222,0.01894223555888972,0.0,0.0024053294844725015,95757300.0,2047200.0,1438950291.4780703,168563511.0,XLF,IYF,Financials
2010-01-08,2.9315048666820243,4.684720464746101,18.7558343,108.28,-0.005879,-0.003497,0.0,0.0,-0.005878510777269767,-0.0034971470642370696,0.0,-0.002381363713032697,90883200.0,1480600.0,1492078281.1532083,166914682.4,XLF,IYF,Financials
2010-01-11,2.932161681155555,4.684905154006945,18.76815745,108.3,0.000657,0.000185,0.0,0.0,0.0006570302233901823,0.0001847063169560399,0.0,0.0004723239064341424,59106000.0,2016400.0,1428283686.6676235,175491588.66666666,XLF,IYF,Financials
2010-01-12,2.917611159893855,4.671145174911624,18.49704815,106.82,-0.014445,-0.013666,0.0,0.0,-0.014445173998686658,-0.013665743305632617,0.0,-0.0007794306930540406,111794600.0,1846000.0,1519653174.15939,178591321.7142857,XLF,IYF,Financials
2010-01-13,2.928873286215968,4.68268662841592,18.7065417,108.06,0.011326,0.011608,0.0,0.0,0.011325782811458922,0.011608313049990757,0.0,-0.0002825302385318345,81923800.0,2100600.0,1521260400.0047739,184641261.0,XLF,IYF,Financials
2010-01-14,2.933474017301905,4.687487228477305,18.79280375,108.58,0.004611,0.004812,0.0,0.0,0.004611330698287203,0.004812141402924301,0.0,-0.00020081070463709872,57567800.0,1277900.0,1472438174.1952713,179542718.8888889,XLF,IYF,Financials
2010-01-15,2.9129366939531556,4.670583324536324,18.4107861,106.76,-0.020328,-0.016762,0.0,0.0,-0.020327868852459092,-0.016761834592005895,0.0,-0.0035660342604531964,95911800.0,2058600.0,1501775520.202342,183566060.6,XLF,IYF,Financials
2010-01-19,2.925574042048749,4.682501528924415,18.64492595,108.04,0.012718,0.01199,0.0,0.0,0.012717536813922495,0.011989509179468082,0.0,0.0007280276344544135,81590300.0,1855000.0,1503545482.160155,185097709.63636363,XLF,IYF,Financials
2010-01-20,2.9229267870282416,4.680463170023523,18.59563335,107.82,-0.002644,-0.002036,0.0,0.0,-0.0026437541308658805,-0.0020362828582008974,0.0,-0.0006074712726649831,80714400.0,1894300.0,1503327974.3522453,186693186.0,XLF,IYF,Financials
2010-01-21,2.89401721070699,4.656053396302661,18.065737900000002,105.22,-0.028496,-0.024114,0.0,0.0,-0.028495692511596886,-0.02411426451493218,0.0,-0.004381427996664706,251833900.0,4998200.0,1737653917.2278275,212786833.53846154,XLF,IYF,Financials
2010-01-22,2.8608680691302895,4.625560875635825,17.47669133,102.06,-0.032606,-0.030032,0.0,0.0,-0.032605729877217056,-0.030032313248431856,0.0,-0.0025734166287851995,211975200.0,3876800.0,1878151861.7126267,225849646.0,XLF,IYF,Financials
2010-01-25,2.866352929234634,4.63044799317236,17.5728119,102.56,0.0055,0.004899,0.0,0.0,0.005499929488083547,0.004899078973153047,0.0,0.0006008505149305001,145733300.0,2923900.0,1923671328.8295362,230784681.86666667,XLF,IYF,Financials
2010-01-26,2.8486658745974,4.6155164780422355,17.26473315,101.04,-0.017532,-0.014821,0.0,0.0,-0.017531556802244035,-0.014820592823712828,0.0,-0.0027109639785312077,123314100.0,2278500.0,1936503435.1609662,230749366.75,XLF,IYF,Financials
2010-01-27,2.8726444564541143,4.635505385784164,17.68372025,103.08,0.024268,0.02019,0.0,0.0,0.02426837972876506,0.020190023752968994,0.0,0.004078355975796064,206884400.0,2535200.0,2037796518.6037974,232548134.3529412,XLF,IYF,Financials
2010-01-28,2.8677544711599223,4.629862798578463,17.5974582,102.5,-0.004878,-0.005627,0.0,0.0,-0.004878048780487899,-0.005626697710516104,0.0,0.0007486489300282048,223771900.0,3018600.0,2143353192.936063,236818043.55555555,XLF,IYF,Financials
2010-01-29,2.8607270353524656,4.623991940228679,17.4742267,101.9,-0.007003,-0.005854,-1690631433.225,71330000.0,-0.2081174734913852,0.06701570680628273,-1761961433.225,-0.2751331802976679,181023400.0,2552700.0,2197031652.7607327,238044469.15789473,XLF,IYF,Financials
2010-02-01,2.8775106461052875,4.637250079451503,17.769982300000002,103.26,0.016925,0.013346,0.0,0.0,0.01692524682651632,0.013346418056918547,0.0,0.003578828769597772,126066400.0,1554300.0,2199189954.953932,234167096.6,XLF,IYF,Financials
2010-02-02,2.8870351849445504,4.646504049481068,17.94004177,104.22,0.00957,0.009297,0.0,0.0,0.009570041608876477,0.009296920395119116,0.0,0.0002731212137573602,109793100.0,2017200.0,2229326465.653845,238568709.8,XLF,IYF,Financials
2010-02-03,2.8761227208304394,4.634923144137439,17.745336,103.02,-0.010853,-0.011514,0.0,0.0,-0.010853139167467928,-0.011514104778353483,0.0,0.0006609656108855552,106733300.0,1288400.0,2251562672.000633,237829932.8,XLF,IYF,Financials
2010-02-04,2.832112779833997,4.595321849933277,16.9813007,99.02,-0.043056,-0.038827,0.0,0.0,-0.04305555555555581,-0.03882741215298,0.0,-0.00422814340257581,216808200.0,3108000.0,2379001128.924876,244112717.6,XLF,IYF,Financials
2010-02-05,2.843656919580862,4.605770006060059,17.1784711,100.06,0.011611,0.010503,0.0,0.0,0.011611030478955174,0.01050292870127247,0.0,0.0011081017776827032,256065000.0,3844400.0,2508609972.2380095,252223813.2,XLF,IYF,Financials
2010-02-08,2.8233663683911283,4.58700621536042,16.833422900000002,98.2,-0.020086,-0.018589,0.0,0.0,-0.020086083213773163,-0.01858884669198481,0.0,-0.0014972365217883546,107391600.0,1885600.0,2513768871.180703,253466140.8,XLF,IYF,Financials
2010-02-09,2.8335631064116433,4.595725727160092,17.005947000000003,99.06,0.010249,0.008758,0.0,0.0,0.010248901903367417,0.008757637474541752,0.0,0.001491264428825665,154486000.0,2499100.0,2589662371.8808184,254925377.1,XLF,IYF,Financials
2010-02-10,2.8415025201838358,4.602767301371781,17.141501650000002,99.76,0.007971,0.007066,0.0,0.0,0.0079710144927537,0.007066424389259035,0.0,0.0009045901034946645,126093100.0,2338000.0,2594340121.0104995,256727835.1,XLF,IYF,Financials
2010-02-11,2.843656919580862,4.6061696863211745,17.1784711,100.1,0.002157,0.003408,0.0,0.0,0.002156721782889855,0.003408179631114675,0.0,-0.0012514578482248203,74908400.0,1642200.0,2582055161.1917386,253597504.3,XLF,IYF,Financials
2010-02-12,2.8443740225158587,4.607367769531579,17.19079425,100.22,0.000717,0.001199,0.0,0.0,0.0007173601147775193,0.0011988011988011988,0.0,-0.0004814410840236795,101870200.0,2285300.0,2615523625.226094,258111423.5,XLF,IYF,Financials
2010-02-16,2.864949420232314,4.629277261331325,17.5481656,102.44,0.020789,0.022151,0.0,0.0,0.02078853046595001,0.022151267212133306,0.0,-0.0013627367461832955,109513600.0,1525300.0,2623321182.9254026,254935203.3,XLF,IYF,Financials
2010-02-17,2.86845450619026,4.632979886627359,17.60978135,102.82,0.003511,0.003709,0.0,0.0,0.0035112359550559798,0.0037094884810619714,0.0,-0.0001982525260059917,65864800.0,1707700.0,2605252164.171562,253693779.0,XLF,IYF,Financials
2010-02-18,2.874732866541385,4.638411519767893,17.7206897,103.38,0.006298,0.005446,0.0,0.0,0.006298110566830077,0.00544641120404602,0.0,0.0008516993627840572,59802900.0,1099600.0,2583192826.451307,249165440.1,XLF,IYF,Financials
2010-02-19,2.880280730979103,4.6430438384161725,17.819274900000003,103.86,0.005563,0.004643,0.0,0.0,0.005563282336578801,0.0046430644225188625,0.0,0.0009202179140599389,59006300.0,1510500.0,2408287038.89116,230713936.4,XLF,IYF,Financials
2010-02-22,2.8933348497115605,4.653007515402251,18.05341475,104.9,0.01314,0.010014,0.0,0.0,0.013139695712309689,0.010013479684190255,0.0,0.0031262160281194332,69951700.0,1328000.0,2286199134.5187874,217895986.0,XLF,IYF,Financials
2010-02-23,2.874732866541385,4.638024522859038,17.7206897,103.34,-0.01843,-0.014871,0.0,0.0,-0.01843003412969292,-0.014871306005719733,0.0,-0.003558728123973188,117400200.0,1870100.0,2262172566.841371,212565033.5,XLF,IYF,Financials
2010-02-24,2.891968729280517,4.6524353784552055,18.02876845,104.84,0.017385,0.014515,0.0,0.0,0.017385257301808066,0.014515192568221405,0.0,0.0028700647335866605,70915800.0,2432300.0,2219649542.2170763,213804168.1,XLF,IYF,Financials
2010-02-25,2.8892308767831785,4.650717000944062,17.97947585,104.66,-0.002734,-0.001717,0.0,0.0,-0.002734107997265931,-0.0017169019458222053,0.0,-0.0010172060514437255,105936200.0,1738500.0,2131959117.0096595,209835317.8,XLF,IYF,Financials
2010-02-26,2.895380537434854,4.6549122778829055,18.0903842,105.1,0.006169,0.004204,146532112.01999998,-126120000.0,0.02756240238838701,-0.11336126737915574,272652112.02,0.14092366976754275,105495100.0,1379600.0,2030490628.6913013,201614790.8,XLF,IYF,Financials
2010-03-01,2.8981016275492144,4.658710952916121,18.1396768,105.5,0.002725,0.003806,0.0,0.0,0.0027247956403270734,0.003805899143672693,0.0,-0.0010811035033456195,53180600.0,744100.0,1920562377.0125663,192533911.8,XLF,IYF,Financials
2010-03-02,2.901492610791773,4.6619285198067,18.20129255,105.84,0.003397,0.003223,0.0,0.0,0.0033967391304348367,0.0032227488151658767,0.0,0.00017399031526895998,57799700.0,1433600.0,1861153954.6314423,192095672.1,XLF,IYF,Financials
2010-03-03,2.90216942976854,4.661739537475985,18.2136157,105.82,0.000677,-0.000189,0.0,0.0,0.0006770480704128215,-0.00018896447467888484,0.0,0.0008660125450917064,56629500.0,1228300.0,1814240712.1427104,188082978.2,XLF,IYF,Financials
2010-03-04,2.912267125799583,4.669083511731744,18.39846295,106.6,0.010149,0.007371,0.0,0.0,0.010148849797023032,0.007371007371007496,0.0,0.002777842426015536,52883900.0,1197800.0,1768188922.3383458,187830703.8,XLF,IYF,Financials
2010-03-05,2.9315048666820243,4.688959711717774,18.7558343,108.74,0.019424,0.020075,0.0,0.0,0.019423978566644438,0.0200750469043152,0.0,-0.0006510683376707606,80944100.0,1459700.0,1660013366.7751899,180379384.7,XLF,IYF,Financials
2010-03-08,2.933474017301905,4.6926314617580855,18.79280375,109.14,0.001971,0.003679,0.0,0.0,0.001971090670170833,0.0036784991723376862,0.0,-0.0017074085021668533,53746500.0,890200.0,1490575478.0015838,166003672.9,XLF,IYF,Financials
2010-03-09,2.936747342646874,4.695924549256556,18.854419500000002,109.5,0.003279,0.003299,0.0,0.0,0.0032786885245903465,0.003298515667949423,0.0,-1.9827143359076385e-05,89852100.0,1614700.0,1484892526.3839993,165585859.4,XLF,IYF,Financials
2010-03-10,2.947797178833459,4.706100904566532,19.06391305,110.62,0.011111,0.010228,0.0,0.0,0.011111111111110922,0.010228310502283105,0.0,0.0008828006088278176,100596200.0,1483900.0,1449421350.4699197,161415268.0,XLF,IYF,Financials
2010-03-11,2.956165428503976,4.714562562759288,19.224114,111.56,0.008403,0.008498,0.0,0.0,0.008403361344537794,0.008497559211715784,0.0,-9.419786717798986e-05,61161600.0,964300.0,1400138974.925859,155132189.4,XLF,IYF,Financials
2010-03-12,2.9523118591879856,4.711690029365764,19.1501751,111.24,-0.003846,-0.002868,0.0,0.0,-0.0038461538461538563,-0.0028684116170670493,0.0,-0.000977742229086807,101692500.0,1722600.0,1433169844.7663345,156494079.6,XLF,IYF,Financials
2010-03-15,2.9523118591879856,4.711330381816482,19.1501751,111.2,0.0,-0.00036,0.0,0.0,0.0,-0.0003595828838547285,0.0,0.0003595828838547285,70248400.0,1717700.0,1412871820.370759,154592853.3,XLF,IYF,Financials
2010-03-16,2.9644006565069896,4.7236640800358805,19.383082635,112.58,0.012162,0.01241,0.0,0.0,0.012162162162162258,0.012410071942446043,0.0,-0.0002479097802837848,75415100.0,1491300.0,1389872536.7194905,155174794.4,XLF,IYF,Financials
2010-03-17,2.9764706946647213,4.73444252169223,19.618454800000002,113.8,0.012143,0.010837,0.0,0.0,0.012143175027020165,0.010836738319417304,0.0,0.001306436707602861,92338500.0,1804700.0,1422456234.8139064,156664251.7,XLF,IYF,Financials
2010-03-18,2.970801388141405,4.730215674962316,19.50754645,113.32,-0.005653,-0.004218,0.0,0.0,-0.005653266331658431,-0.0042179261862918555,0.0,-0.0014353401453665758,74718700.0,1851900.0,1442347728.6575809,161473284.7,XLF,IYF,Financials
2010-03-19,2.9619180809934256,4.7236640800358805,19.33502235,112.58,-0.006547,-0.00653,0.0,0.0,-0.008843967150979093,-0.006530180021178847,0.0,-0.0023137871298002464,89474000.0,1376900.0,1476274344.1181822,161379828.3,XLF,IYF,Financials
2010-03-22,2.9670039152234313,4.729862629945409,19.43360755,113.28,0.005099,0.006218,0.0,0.0,0.005098789037603625,0.0062178006750755015,0.0,-0.0011190116374718761,64101700.0,1838700.0,1475417355.5441952,164828865.1,XLF,IYF,Financials
2010-03-23,2.97521362347467,4.735496447663666,19.5938085,113.92,0.008243,0.00565,0.0,0.0,0.008243500317057685,0.005649717514124294,0.0,0.002593782802933391,64989900.0,1779100.0,1435066712.5500057,165299812.0,XLF,IYF,Financials
2010-03-24,2.97584235659818,4.737600973168581,19.606131650000002,114.16,0.000629,0.002107,0.0,0.0,0.000628930817610148,0.002106741573033708,0.0,-0.0014778107554235598,70157100.0,1894300.0,1439915952.606791,163362359.8,XLF,IYF,Financials
2010-03-25,2.980232454586613,4.739001533621612,19.6923937,114.32,0.0044,0.003563,0.0,0.0,0.004399748585794942,0.0014015416958653366,0.0,0.0029982068899296055,122588700.0,4282100.0,1465385332.308312,178741272.9,XLF,IYF,Financials
2010-03-26,2.9814832364882657,4.739701078945697,19.71704,114.4,0.001252,0.0007,0.0,0.0,0.0012515644555695067,0.000699790062981221,0.0,0.0005517743925882858,177883400.0,2771900.0,1545329693.454241,187346742.9,XLF,IYF,Financials
2010-03-29,2.9827324558886974,4.741971227480237,19.7416863,114.66,0.00125,0.002273,0.0,0.0,0.0012500000000000447,0.0022727272727272726,0.0,-0.001022727272727228,61800900.0,3431700.0,1558098447.6956203,203095551.5,XLF,IYF,Financials
2010-03-30,2.9764706946647213,4.736198448394496,19.618454800000002,114.0,-0.006242,-0.005756,0.0,0.0,-0.006242197253433183,-0.0057561486132914706,0.0,-0.0004860486401417124,48081100.0,1877800.0,1552660829.5997226,206212400.3,XLF,IYF,Financials
2010-03-31,2.9783533434793377,4.73707525686803,19.65542425,114.1,0.001884,0.000877,1348362103.55,228200000.0,0.17854364677777762,0.22206552292333043,1120162103.55,-0.04352187614555281,58871700.0,1439400.0,1558946844.0765014,207925242.0,XLF,IYF,Financials
2010-04-01,2.9864707779993047,4.744584241770769,19.8156252,114.96,0.00815,0.007537,0.0,0.0,0.008150470219435942,0.007537248028045574,0.0,0.0006132221913903672,48325100.0,1218800.0,1558177323.8040524,208546630.4,XLF,IYF,Financials
2010-04-05,2.996371848982016,4.755829062273205,20.0127956,116.26,0.00995,0.011308,0.0,0.0,0.009950248756218846,0.011308281141266528,0.0,-0.0013580323850476816,44923300.0,1447000.0,1527220658.4747946,209021652.5,XLF,IYF,Financials
2010-04-06,3.006785419350484,4.766778701184505,20.22228915,117.54,0.010468,0.01101,0.0,0.0,0.010467980295566635,0.011009805608119731,0.0,-0.0005418253125530955,51480000.0,1212800.0,1528770459.409426,211291456.7,XLF,IYF,Financials
2010-04-07,3.0031224115917468,4.761660982747524,20.148350250000004,116.94,-0.003656,-0.005105,0.0,0.0,-0.0036563071297988038,-0.005104645227156712,0.0,0.0014483380973579086,74373700.0,1968000.0,1518990367.9410498,213957870.2,XLF,IYF,Financials
2010-04-08,3.01104203872981,4.7683089233652725,20.3085512,117.72,0.007951,0.00667,0.0,0.0,0.00795107033639122,0.006670087224217547,0.0,0.0012809831121736726,70225500.0,1287100.0,1494411415.5578094,213326289.9,XLF,IYF,Financials
2010-04-09,3.0147366615085684,4.773392818402544,20.383722415,118.32,0.003702,0.005097,0.0,0.0,0.0037014563106796345,0.0050968399592252805,0.0,-0.001395383648545646,52786000.0,1581900.0,1489421295.5865989,217305944.9,XLF,IYF,Financials
2010-04-12,3.0188994378736878,4.7764307954226215,20.46875215,118.68,0.004171,0.003043,0.0,0.0,0.004171452753763344,0.0030425963488843813,0.0,0.001128856404878963,46075000.0,1086700.0,1439204724.2843237,214173321.5,XLF,IYF,Financials
2010-04-13,3.0195013036757863,4.778282803696737,20.4810753,118.9,0.000602,0.001854,0.0,0.0,0.0006020469596628374,0.0018537243006403776,0.0,-0.0012516773409775401,69279600.0,1254200.0,1442887301.4772758,212079128.5,XLF,IYF,Financials
2010-04-14,3.0450447179780102,4.802216138180428,21.010970750000002,121.78,0.025872,0.024222,0.0,0.0,0.02587244283995198,0.024222035323801513,0.0,0.0016504075161504657,126214300.0,1475300.0,1502392693.9925225,212667702.5,XLF,IYF,Financials
2010-04-15,3.0409306951316855,4.797607076523139,20.9247087,121.22,-0.004106,-0.004598,0.0,0.0,-0.004105571847507418,-0.004598456232550501,0.0,0.0004928843850430832,82556200.0,1636200.0,1498188981.3839796,212315967.7,XLF,IYF,Financials
2010-04-16,3.0037338454230853,4.7633698006616365,20.1606734,117.14,-0.036514,-0.033658,0.0,0.0,-0.03651354534746762,-0.03365781224220426,0.0,-0.0028557331052633597,380618700.0,7689200.0,1808986520.8689277,246858746.7,XLF,IYF,Financials
2010-04-19,3.0134662823413163,4.7720396382231245,20.3578438,118.16,0.00978,0.008708,0.0,0.0,0.009779951100244441,0.008707529451937852,0.0,0.0010724216483065895,259707100.0,6182400.0,1986841260.159282,275633795.8,XLF,IYF,Financials
2010-04-20,3.0266955793098136,4.785656726836316,20.6289531,119.78,0.013317,0.01371,0.0,0.0,0.013317191283293027,0.013710223425863236,0.0,-0.00039303214257020887,122808200.0,2614800.0,2051225126.0096612,280879436.2,XLF,IYF,Financials
2010-04-21,3.020703949641547,4.782311682740504,20.5057216,119.38,-0.005974,-0.003339,0.0,0.0,-0.005973715651135046,-0.0033394556687259976,0.0,-0.0026342599824090485,170708900.0,3509000.0,2162580602.1600657,291690903.6,XLF,IYF,Financials
2010-04-22,3.026098029247217,4.789822358120328,20.61662995,120.28,0.005409,0.007539,0.0,0.0,0.005408653846153903,0.007538951248115262,0.0,-0.002130297401961359,189772000.0,2953700.0,2289428090.164525,298641791.0,XLF,IYF,Financials
2010-04-23,3.0290822152875445,4.793970708879755,20.6782457,120.78,0.002989,0.004157,0.0,0.0,0.002988643156007294,0.004156967076820751,0.0,-0.0011683239208134574,88591400.0,1724300.0,2260320579.791314,284578355.1,XLF,IYF,Financials
2010-04-26,3.013314939170388,4.779795536147575,20.354763012499998,119.08,-0.015644,-0.014075,0.0,0.0,-0.0156436233611445,-0.01407517800960424,0.0,-0.0015684453515402586,104720100.0,2925600.0,2191531515.0417795,286142109.5,XLF,IYF,Financials
2010-04-27,2.9789174476655336,4.747537427275013,19.666515085,115.3,-0.033813,-0.031743,0.0,0.0,-0.03381262297563183,-0.03174336580450118,0.0,-0.002069257171130656,235485900.0,4561200.0,2362088166.231636,292763491.4,XLF,IYF,Financials
2010-04-28,2.993288281938028,4.758406161886949,19.951179850000003,116.56,0.014475,0.010928,0.0,0.0,0.014474591139795887,0.010928013876843019,0.0,0.0035465772629528682,158340400.0,3035900.0,2472878211.773469,299753256.6,XLF,IYF,Financials
2010-04-29,3.015884663205598,4.7808027546312495,20.4071364,119.2,0.022854,0.022649,0.0,0.0,0.022853613341568667,0.022649279341111873,0.0,0.00020433400045679478,124433300.0,1784900.0,2541987166.0726385,302179483.6,XLF,IYF,Financials
2010-04-30,2.991371684238595,4.756860699228524,19.912978085,116.38,-0.024215,-0.023658,-1146987537.6959999,-133837000.0,-0.1470276435856146,-0.1252680008503143,-1013150537.6959999,-0.02175964273530029,167462700.0,2785800.0,2660841616.3627596,311384391.4,XLF,IYF,Financials
2010-05-03,3.0104350584380333,4.773392818402544,20.29622805,118.32,0.019246,0.01667,0.0,0.0,0.019246240485178662,0.01666953084722461,0.0,0.002576709637954054,90026100.0,2092700.0,2707249088.1364903,315353393.6,XLF,IYF,Financials
2010-05-04,2.9827324558886974,4.747363951691266,19.7416863,115.28,-0.027322,-0.025693,0.0,0.0,-0.027322404371584653,-0.025693035835023664,0.0,-0.0016293685365609892,158555800.0,2760400.0,2811704859.0966673,324136713.6,XLF,IYF,Financials
2010-05-05,2.9772555624547965,4.741447804280639,19.6338587375,114.6,-0.005462,-0.005899,0.0,0.0,-0.005461922596754202,-0.005898681471200555,0.0,0.00043675887444635363,184566400.0,2736200.0,2917967022.5116925,328308243.6,XLF,IYF,Financials
2010-05-06,2.934129540104795,4.697749367281185,18.8051269,109.7,-0.042209,-0.042757,0.0,0.0,-0.04220932057115947,-0.04275741710296684,0.0,0.0005480965318073738,312811200.0,5721500.0,3140780829.9839764,352114800.5,XLF,IYF,Financials
2010-05-07,2.9229267870282416,4.686012573832192,18.59563335,108.42,-0.01114,-0.011668,0.0,0.0,-0.011140235910878208,-0.011668185961713765,0.0,0.0005279500508355572,352635100.0,5019700.0,3414855722.711096,369968073.8,XLF,IYF,Financials
2010-05-10,2.977161410839242,4.74005066818191,19.632010264999998,114.44,0.055732,0.055525,0.0,0.0,0.05573227302849568,0.055524810920494376,0.0,0.00020746210800130088,178860600.0,3876400.0,3543270491.7057366,385700356.8,XLF,IYF,Financials
2010-05-11,2.973325048786802,4.735671994052249,19.55683905,113.94,-0.003829,-0.004369,0.0,0.0,-0.003829012616910306,-0.004369101712687872,0.0,0.0005400890957775657,121808400.0,2643500.0,3591433820.1749434,393304157.3,XLF,IYF,Financials
2010-05-12,2.984603363824509,4.747884288187267,19.778655750000002,115.34,0.011342,0.012287,0.0,0.0,0.011342155009451921,0.01228716868527295,0.0,-0.0009450136758210291,87777400.0,1593700.0,3545645520.7598596,393511923.5,XLF,IYF,Financials
2010-05-13,2.9663695986782175,4.73356340075649,19.4212844,113.7,-0.018069,-0.014219,0.0,0.0,-0.018068535825545302,-0.014218831281428819,0.0,-0.0038497045441164834,95449200.0,1737900.0,3551959601.888537,393474876.8,XLF,IYF,Financials
2010-05-14,2.9400099882816906,4.704472387061954,18.91603525,110.44,-0.026015,-0.028672,0.0,0.0,-0.026015228426395996,-0.02867194371152155,0.0,0.002656715285125552,150783900.0,3011600.0,3310894815.233531,365069287.6,XLF,IYF,Financials
2010-05-17,2.9406612419680105,4.703928958011355,18.9283584,110.38,0.000651,-0.000543,0.0,0.0,0.0006514657980456379,-0.0005432814197754436,0.0,0.0011947472178210814,174793100.0,1915600.0,3211968308.588334,339115864.8,XLF,IYF,Financials
2010-05-18,2.911597109024099,4.674509664066704,18.386139800000002,107.18,-0.028646,-0.028991,0.0,0.0,-0.02864583333333325,-0.028990759195506324,0.0,0.0003449258621730754,199270700.0,2285300.0,3268489026.095756,335702750.3,XLF,IYF,Financials
2010-05-19,2.9129366939531556,4.677676876774839,18.4107861,107.52,0.00134,0.003172,0.0,0.0,0.0013404825737263547,0.0031722336256763193,0.0,-0.0018317510519499647,229447900.0,2905500.0,3304679377.5933537,330377497.3,XLF,IYF,Financials
2010-05-20,2.865300482198356,4.629667657588479,17.554327175,102.48,-0.046519,-0.046875,0.0,0.0,-0.04651941097724217,-0.046875,0.0,0.0003555890227578268,215082700.0,2744100.0,3297838026.923902,326674713.9,XLF,IYF,Financials
2010-05-21,2.900137597034313,4.661550519424199,18.17664625,105.8,0.035451,0.032397,0.0,0.0,0.0354510354510354,0.03239656518345043,0.0,0.0030544702675849716,208559600.0,3024900.0,3395787993.6806283,332263387.2,XLF,IYF,Financials
2010-05-24,2.871249756088565,4.6368626327205815,17.65907395,103.22,-0.028475,-0.024386,0.0,0.0,-0.028474576271186408,-0.02438563327032136,0.0,-0.004088943000865049,107772400.0,3032300.0,3384368391.841812,330494065.1,XLF,IYF,Financials
2010-05-25,2.880280730979103,4.642658630399083,17.819274900000003,103.82,0.009072,0.005813,0.0,0.0,0.009071877180739927,0.005812826971517031,0.0,0.0032590502092228963,164779400.0,2297000.0,3299621512.9319253,316122474.1,XLF,IYF,Financials
2010-05-26,2.8733410778685626,4.6378309682276395,17.6960434,103.32,-0.006916,-0.004816,0.0,0.0,-0.0069156293222685655,-0.004816027740319785,0.0,-0.0020996015819487804,125043900.0,2116000.0,3252306737.1011415,309360504.9,XLF,IYF,Financials
2010-05-27,2.917611159893855,4.6797209172523875,18.49704815,107.74,0.045265,0.04278,0.0,0.0,0.04526462395543178,0.04277971351142095,0.0,0.002484910444010828,121991300.0,1522300.0,3238164318.31009,306923131.0,XLF,IYF,Financials
2010-05-28,2.895380537434854,4.661739537475985,18.0903842,105.82,-0.021985,-0.017821,1155071031.1699998,-31745999.999999996,0.13411073449263197,-0.04758368912814812,1186817031.1699998,0.1816944236207801,127495400.0,1486200.0,3186752303.0389776,298576045.0,XLF,IYF,Financials
2010-06-01,2.8740372143394177,4.639378357317828,17.70836655,103.48,-0.021117,-0.022113,0.0,0.0,-0.021117166212533952,-0.022113022113021998,0.0,0.0009958559004880456,83080200.0,1548400.0,3168953521.9687376,294207053.4,XLF,IYF,Financials
2010-06-02,2.904872134116425,4.666829566374819,18.2629083,106.36,0.031315,0.027831,0.0,0.0,0.031315240083507286,0.027831465017394665,0.0,0.0034837750661126203,78847000.0,2028200.0,3084444355.272966,289082075.4,XLF,IYF,Financials
2010-06-03,2.8993915561031054,4.663250397064616,18.163090785,105.98,-0.005466,-0.003573,0.0,0.0,-0.0054655870445342895,-0.0035727717186912374,0.0,-0.0018928153258430521,102451100.0,1404200.0,2996298255.5246754,280844505.2,XLF,IYF,Financials
2010-06-04,2.858609138337731,4.622813621160686,17.437257250000002,101.78,-0.039962,-0.03963,0.0,0.0,-0.0399620055634711,-0.03963011889035667,0.0,-0.00033188667311442877,119345700.0,2340400.0,2806228623.566678,261372373.3,XLF,IYF,Financials
2010-06-07,2.8386227485752245,4.604970165985424,17.09220905,99.98,-0.019788,-0.017685,0.0,0.0,-0.01978798586572444,-0.01768520337983887,0.0,-0.0021027824858855723,104119900.0,1717900.0,2567336927.1229033,242748361.7,XLF,IYF,Financials
2010-06-08,2.8593156025140583,4.621830626881199,17.449580400000002,101.68,0.020908,0.017003,0.0,0.0,0.02090843547224241,0.01700340068013615,0.0,0.0039050347921062607,147007700.0,2929000.0,2520028404.3911543,235458636.9,XLF,IYF,Financials
2010-06-09,2.8486658745974,4.6141299273595635,17.26473315,100.9,-0.010593,-0.007671,0.0,0.0,-0.01059322033898312,-0.0076711250983478784,0.0,-0.0029220952406352413,124648600.0,2303700.0,2508520281.5303082,232020783.9,XLF,IYF,Financials
2010-06-10,2.8809720548918767,4.647271362006727,17.83159805,104.3,0.032834,0.033697,0.0,0.0,0.03283369022127047,0.03369672943508424,0.0,-0.0008630392138137682,112693100.0,1616400.0,2522189235.779228,231259442.0,XLF,IYF,Financials
2010-06-11,2.8837325811445806,4.650908077661946,17.88089065,104.68,0.002764,0.003643,0.0,0.0,0.0027643400138217416,0.0036433365292426884,0.0,-0.0008789965154209468,53944900.0,1032400.0,2477731075.7328634,226783062.1,XLF,IYF,Financials
2010-06-14,2.8795889288069256,4.646312129319266,17.80695175,104.2,-0.004135,-0.004585,0.0,0.0,-0.004135079255685853,-0.0045854031333589255,0.0,0.0004503238776730721,90681400.0,1664900.0,2415857363.0773625,218827135.9,XLF,IYF,Financials
2010-06-15,2.9030148098171966,4.6703959709057985,18.229019637500002,106.74,0.023702,0.024376,0.0,0.0,0.023702422145328896,0.02437619961612284,0.0,-0.0006737774707939459,101161200.0,3566000.0,2342633516.012664,227286681.5,XLF,IYF,Financials
2010-06-16,2.903521695018554,4.6703959709057985,18.238262000000002,106.74,0.000507,0.0,0.0,0.0,0.0005070136893695993,0.0,0.0,0.0005070136893695993,62449000.0,1059000.0,2216390629.7823706,220691641.8,XLF,IYF,Financials
2010-06-17,2.90216942976854,4.668708206792079,18.2136157,106.56,-0.001351,-0.001686,0.0,0.0,-0.0013513513513515405,-0.0016863406408094434,0.0,0.0003349892894579029,72075700.0,973800.0,2070812774.4380856,210260080.2,XLF,IYF,Financials
2010-06-18,2.905546670398325,4.673202596379919,18.27523145,107.04,0.005451,0.004505,0.0,0.0,0.003382949932341024,0.004504504504504621,0.0,-0.0011215545721635968,66767700.0,520900.0,1943040928.7081752,198987168.6,XLF,IYF,Financials
2010-06-21,2.904197142528192,4.671145174911624,18.250585150000003,106.82,-0.001349,-0.002055,0.0,0.0,-0.001348617666891288,-0.0020553064275039687,0.0,0.0007066887606126807,85736100.0,907800.0,1831731924.820046,187834007.4,XLF,IYF,Financials
2010-06-22,2.8882022464850405,4.655482999861681,17.960991125,105.16,-0.015868,-0.01554,0.0,0.0,-0.015867656988521408,-0.015540161018535741,0.0,-0.000327495969985667,83187800.0,1116000.0,1811280652.6270108,178052235.1,XLF,IYF,Financials
2010-06-23,2.8837325811445806,4.651481088851342,17.88089065,104.74,-0.00446,-0.003994,0.0,0.0,-0.004459691252143964,-0.00399391403575504,0.0,-0.0004657772163889238,119750400.0,1417000.0,1771530371.6888454,173549337.1,XLF,IYF,Financials
2010-06-24,2.865651420963144,4.630252966355554,17.56048875,102.54,-0.017919,-0.019358,0.0,0.0,-0.01791867677463816,-0.02100439182738197,0.0,0.0030857150527438086,146579400.0,1823600.0,1789591552.8576703,171967678.3,XLF,IYF,Financials
2010-06-25,2.8923104343923334,4.653388758258566,18.034930025,104.94,0.027018,0.023406,0.0,0.0,0.0270175438596491,0.02340550029256863,0.0,0.0036120435670804717,141626400.0,1406300.0,1804478716.0432484,171145904.3,XLF,IYF,Financials
2010-06-28,2.883043163675013,4.645448032486661,17.8685675,104.11,-0.009224,-0.007909,0.0,0.0,-0.009224461906388775,-0.007909281494187155,0.0,-0.0013151804122016192,79579500.0,694900.0,1760255260.9249268,166899722.05,XLF,IYF,Financials
2010-06-29,2.8465222510541484,4.607168188650764,17.2277637,100.2,-0.035862,-0.037557,0.0,0.0,-0.035862068965517316,-0.03755643069829988,0.0,0.0016943617327825622,154566200.0,1640100.0,1819836027.6729083,167105201.45,XLF,IYF,Financials
2010-06-30,2.8342874816696852,4.595927604621159,17.018270150000003,99.08,-0.01216,-0.011178,-584577579.6525002,-89172000.0,-0.08530594163250484,-0.10387974051896208,-495405579.65250015,0.018573798886457243,123954500.0,1060500.0,1853311809.5018125,161572950.85,XLF,IYF,Financials
2010-07-01,2.824829426442889,4.588837531367194,16.8580692,98.38,-0.009413,-0.007065,0.0,0.0,-0.00941346850108633,-0.007064997981429148,0.0,-0.002348470519657182,133658000.0,1746100.0,1872931168.6423364,162721160.95,XLF,IYF,Financials
2010-07-02,2.8130645848633025,4.578620850754555,16.660898800000002,97.38,-0.011696,-0.010165,0.0,0.0,-0.011695906432748364,-0.010164667615368977,0.0,-0.0015312388173793871,66890000.0,1447800.0,1824600461.0498703,157860203.55,XLF,IYF,Financials
2010-07-06,2.8189643069904906,4.580877493419047,16.759484,97.6,0.005917,0.002259,0.0,0.0,0.005917159763313454,0.002259190798932019,0.0,0.003657968964381435,106945300.0,1207800.0,1825235908.4078755,155166485.45,XLF,IYF,Financials
2010-07-07,2.862136478855699,4.622813621160686,17.498873,101.78,0.044118,0.042828,0.0,0.0,0.044117647058823505,0.04282786885245902,0.0,0.0012897782063644864,109890400.0,1027700.0,1793122682.0553813,145505414.75,XLF,IYF,Financials
2010-07-08,2.869853107816844,4.630642981961122,17.634427650000003,102.58,0.007747,0.00786,0.0,0.0,0.0077464788732396,0.007860090391039498,0.0,-0.00011361151779989802,80731700.0,880400.0,1756704307.364902,138398819.85,XLF,IYF,Financials
2010-07-09,2.8837325811445806,4.647079589065301,17.88089065,104.28,0.013976,0.016572,0.0,0.0,0.013976240391334679,0.016572431273152662,0.0,-0.002596190881817983,81083700.0,813400.0,1728721842.9143498,134210361.45,XLF,IYF,Financials
2010-07-12,2.8851099918306757,4.647079589065301,17.90553695,104.28,0.001378,0.0,0.0,0.0,0.0013783597518951154,0.0,0.0,0.0013783597518951154,54489600.0,834700.0,1729275977.3226266,133158905.65,XLF,IYF,Financials
2010-07-13,2.909584360944402,4.671519566529625,18.34917035,106.86,0.024776,0.024741,0.0,0.0,0.02477632484514813,0.02474108170310702,0.0,3.5243142041112285e-05,84352200.0,1302100.0,1725927655.9613674,131441896.95,XLF,IYF,Financials
2010-07-14,2.90216942976854,4.664193526437552,18.2136157,106.08,-0.007388,-0.007299,0.0,0.0,-0.007387508394896058,-0.0072992700729927005,0.0,-8.82383219033573e-05,77336900.0,890800.0,1704153409.6951807,117134958.15,XLF,IYF,Financials
2010-07-15,2.900137597034313,4.661550519424199,18.17664625,105.8,-0.00203,-0.00264,0.0,0.0,-0.0020297699594045327,-0.0026395173453996985,0.0,0.0006097473859951658,96087700.0,1215400.0,1734532955.107087,117912541.15,XLF,IYF,Financials
2010-07-16,2.857123937032155,4.619073091157083,17.411378635,101.4,-0.042102,-0.041588,0.0,0.0,-0.04210169491525431,-0.04158790170132325,0.0,-0.0005137932139310589,141668200.0,1294000.0,1792226933.5886078,119284714.75,XLF,IYF,Financials
2010-07-19,2.8564867463135806,4.6188758330442035,17.4002878,101.38,-0.000637,-0.000197,0.0,0.0,-0.0006369877556796331,-0.0001972386587771203,0.0,-0.00043974909690251284,71335100.0,587900.0,1793279738.5564885,119476923.05,XLF,IYF,Financials
2010-07-20,2.8670539457372293,4.630252966355554,17.58513505,102.54,0.010623,0.011442,0.0,0.0,0.010623229461756398,0.01144209903333991,0.0,-0.0008188695715835113,92304300.0,1013600.0,1796202217.9423287,119825090.45,XLF,IYF,Financials
2010-07-21,2.8507336852382985,4.6133367486544845,17.300470285,100.82,-0.016188,-0.016774,0.0,0.0,-0.01618780658724608,-0.01677394187634094,0.0,0.0005861352890948607,102502500.0,1438000.0,1810162523.8363252,121206120.45,XLF,IYF,Financials
2010-07-22,2.8795889288069256,4.642273273939594,17.80695175,103.78,0.029276,0.029359,0.0,0.0,0.02927558942944648,0.029359254116246777,0.0,-8.366468680029784e-05,84052600.0,1167400.0,1777936363.0847397,119842930.05,XLF,IYF,Financials
2010-07-23,2.887172557017024,4.651290121601645,17.942506400000003,104.72,0.007613,0.009058,0.0,0.0,0.007612456747405004,0.00905762189246483,0.0,-0.0014451651450598253,69813600.0,1452500.0,1711867616.0910044,118098622.85,XLF,IYF,Financials
2010-07-26,2.9008153334208107,4.66814498514948,18.1889694,106.5,0.013736,0.016998,0.0,0.0,0.013736263736263686,0.016997708174178762,0.0,-0.0032614444379150762,79270600.0,1149600.0,1656249031.2923532,116841386.75,XLF,IYF,Financials
2010-07-27,2.903521695018554,4.669833699313814,18.238262000000002,106.68,0.00271,0.00169,0.0,0.0,0.002710027100271115,0.0016901408450704226,0.0,0.0010198862552006924,93386500.0,1170400.0,1670310820.6371906,119466998.4,XLF,IYF,Financials
2010-07-28,2.8946991064033747,4.660604892876192,18.078061050000002,105.7,-0.008784,-0.009186,0.0,0.0,-0.008783783783783812,-0.009186351706036745,0.0,0.00040256792225293325,49420800.0,1038200.0,1581840934.1338358,116736984.4,XLF,IYF,Financials
2010-07-29,2.8981016275492144,4.661739537475985,18.1396768,105.82,0.003408,0.001135,0.0,0.0,0.0034083162917518004,0.0011352885525070956,0.0,0.002273027739244705,69882300.0,1248600.0,1539748492.570459,118089610.0,XLF,IYF,Financials
2010-07-30,2.8974220488618307,4.6611723761033765,18.127353650000003,105.76,-0.000679,-0.000567,-461341150.3925001,-5288000.0,-0.05988714807710792,-0.006310868379833897,-456053150.3925001,-0.05357627969727402,59130700.0,1099100.0,1480681857.4373817,115312584.9,XLF,IYF,Financials
2010-08-02,2.9222638768282945,4.683611612294654,18.5833102,108.16,0.025153,0.022693,0.0,0.0,0.025152957171991647,0.0226928895612708,0.0,0.0024600676107208452,97491300.0,824600.0,1515545034.8858447,112722683.5,XLF,IYF,Financials
2010-08-03,2.9109266430251313,4.674136390452814,18.373816650000002,107.14,-0.011273,-0.009431,0.0,0.0,-0.011273209549071532,-0.009430473372781065,0.0,-0.0018427361762904677,66486700.0,1047800.0,1487008354.4477625,112441684.1,XLF,IYF,Financials
2010-08-04,2.914942712680021,4.678048831400664,18.44775555,107.56,0.004024,0.00392,0.0,0.0,0.004024144869215261,0.003920104536120963,0.0,0.00010404033309429749,66639100.0,1020100.0,1452327538.1154027,112697816.6,XLF,IYF,Financials
2010-08-05,2.9109266430251313,4.672080891270718,18.373816650000002,106.92,-0.004008,-0.00595,0.0,0.0,-0.004008016032064098,-0.005950167348456675,0.0,0.0019421513163925775,41087600.0,878100.0,1418891473.4292545,112876567.6,XLF,IYF,Financials
2010-08-06,2.90216942976854,4.665888921022797,18.2136157,106.26,-0.008719,-0.006173,0.0,0.0,-0.008718980549966655,-0.006172839506172839,0.0,-0.002546141043793816,82807600.0,1710500.0,1421810324.9413502,117723386.5,XLF,IYF,Financials
2010-08-09,2.9075675535380974,4.672641901103104,18.3122009,106.98,0.005413,0.006776,0.0,0.0,0.00541271989174582,0.006775832862789385,0.0,-0.0013631129710435647,40278900.0,739600.0,1409906813.0733647,117327381.1,XLF,IYF,Financials
2010-08-10,2.898780744723023,4.662684092188698,18.15199995,105.92,-0.008748,-0.009908,0.0,0.0,-0.008748317631224826,-0.00990839409235371,0.0,0.0011600764611288845,65942200.0,1662200.0,1392366309.2686458,119173272.0,XLF,IYF,Financials
2010-08-11,2.862840456357494,4.628300603376946,17.511196150000004,102.34,-0.035302,-0.033799,0.0,0.0,-0.035302104548540256,-0.03379909365558913,0.0,-0.0015030108929511288,95379200.0,1995200.0,1405447274.4586833,124657907.2,XLF,IYF,Financials
2010-08-12,2.855778280113207,4.621928969803046,17.38796465,101.69,-0.007037,-0.006351,0.0,0.0,-0.007037297677691846,-0.006351377760406488,0.0,-0.000685919917285358,72157300.0,1573600.0,1380853096.9468493,126229410.4,XLF,IYF,Financials
2010-08-13,2.852939385374782,4.618678536012884,17.33867205,101.36,-0.002835,-0.003245,0.0,0.0,-0.0028348688873140755,-0.0032451568492477137,0.0,0.0004102879619336383,52025500.0,1748100.0,1302623817.5467677,128528201.2,XLF,IYF,Financials
2010-08-16,2.850092408362854,4.617691466541763,17.28937945,101.26,-0.002843,-0.000987,0.0,0.0,-0.002842928216062659,-0.0009865824782951855,0.0,-0.0018563457377674733,55487000.0,1039000.0,1288528043.911786,130808593.1,XLF,IYF,Financials
2010-08-17,2.857902174716911,4.6261485923732835,17.4249341,102.12,0.00784,0.008493,0.0,0.0,0.007840342124020171,0.008492988346829943,0.0,-0.0006526462228097722,64833500.0,1266800.0,1263854838.100618,132080146.7,XLF,IYF,Financials
2010-08-18,2.862136478855699,4.628691381029437,17.498873,102.38,0.004243,0.002546,0.0,0.0,0.00424328147100421,0.0025460242851547197,0.0,0.0016972571858494905,55550800.0,955500.0,1223791585.0436273,129722393.2,XLF,IYF,Financials
2010-08-19,2.8386227485752245,4.605570106009418,17.09220905,100.04,-0.023239,-0.022856,0.0,0.0,-0.023239436619718265,-0.022856026567689,0.0,-0.00038341005202926354,101114400.0,2274900.0,1235368978.548791,135043804.4,XLF,IYF,Financials
2010-08-20,2.835734659925151,4.603368564041463,17.04291645,99.82,-0.002884,-0.002199,0.0,0.0,-0.002883922134102495,-0.0021991203518592563,0.0,-0.0006848017822432386,65920300.0,1336000.0,1228911138.5713856,134106490.4,XLF,IYF,Financials
2010-08-23,2.8292058010426877,4.596532992592428,16.9320081,99.14,-0.006508,-0.006812,0.0,0.0,-0.006507592190889321,-0.006812262071729113,0.0,0.00030466988083979133,53818600.0,944300.0,1202381461.2419367,132665765.5,XLF,IYF,Financials
2010-08-24,2.812324666220592,4.581696829802449,16.64857565,97.68,-0.016739,-0.014727,0.0,0.0,-0.01673944687045111,-0.014726649182973573,0.0,-0.002012797687477535,94332700.0,1563300.0,1195746343.1397243,134058009.1,XLF,IYF,Financials
2010-08-25,2.8152810615741943,4.585783472187901,16.697868250000003,98.08,0.002961,0.004095,0.0,0.0,0.0029607698001480154,0.004095004095004095,0.0,-0.0011342342948560797,73747100.0,1577600.0,1212645699.143711,136307672.5,XLF,IYF,Financials
2010-08-26,2.8071298493434877,4.577798989191959,16.5623136,97.3,-0.008118,-0.007953,0.0,0.0,-0.008118081180811886,-0.007952691680261012,0.0,-0.00016538950055087348,71715400.0,1491400.0,1208652229.579151,136956990.9,XLF,IYF,Financials
2010-08-27,2.828477734028364,4.598548309679204,16.91968495,99.34,0.021577,0.020966,0.0,0.0,0.021577380952380928,0.020966084275436794,0.0,0.0006112966769441334,87403200.0,1865500.0,1228999804.4366403,140410888.6,XLF,IYF,Financials
2010-08-30,2.8071298493434877,4.5782100044053085,16.5623136,97.34,-0.021122,-0.020133,0.0,0.0,-0.02112163146394754,-0.020132876988121603,0.0,-0.0009887544758259356,63792800.0,1021400.0,1191242068.9026814,140922605.6,XLF,IYF,Financials
2010-08-31,2.815613109761126,4.584559232083967,16.7034136675,97.96,0.008519,0.006369,-418420512.37087506,-19592000.0,-0.05399837215416973,-0.016899230514340415,-398828512.37087506,-0.03709914163982932,106608900.0,1605100.0,1219197974.9963605,143171320.8,XLF,IYF,Financials
2010-09-01,2.8537563933949364,4.620846665373099,17.3528436725,101.58,0.03888,0.036954,0.0,0.0,0.038880076727286036,0.03695385871784402,0.0,0.001926218009442017,132414700.0,1587100.0,1272619463.1048095,145746103.9,XLF,IYF,Financials
2010-09-02,2.8635439386235793,4.629862798578463,17.5235193,102.5,0.009836,0.009057,0.0,0.0,0.009835599900578798,0.009056900964756842,0.0,0.0007786989358219559,66779000.0,1090700.0,1293382816.4221177,146641618.8,XLF,IYF,Financials
2010-09-03,2.884352650750035,4.649952328759984,17.891981485000002,104.58,0.021027,0.020293,0.0,0.0,0.021026722925457222,0.02029268292682927,0.0,0.0007340399986279535,88526400.0,1225200.0,1297167161.736837,143960303.1,XLF,IYF,Financials
2010-09-07,2.861079582509299,4.628691381029437,17.480388275000003,102.38,-0.023004,-0.021037,0.0,0.0,-0.023004339141814132,-0.021036527060623447,0.0,-0.0019678120811906855,56569300.0,915500.0,1309730062.7175343,144690627.2,XLF,IYF,Financials
2010-09-08,2.871249756088565,4.635893358630932,17.65907395,103.12,0.010222,0.007228,0.0,0.0,0.010222065562213369,0.007227974213713616,0.0,0.0029940913484997524,51651800.0,814200.0,1295487069.9549203,140085631.2,XLF,IYF,Financials
2010-09-09,2.8837325811445806,4.645736147734753,17.88089065,104.14,0.012561,0.009891,0.0,0.0,0.012561060711793618,0.009891388673390225,0.0,0.002669672038403393,81408700.0,1007000.0,1284759879.096349,135119641.8,XLF,IYF,Financials
2010-09-10,2.8851099918306757,4.647079589065301,17.90553695,104.28,0.001378,0.001344,0.0,0.0,0.0013783597518950137,0.0013443441521029385,0.0,3.401559979207525e-05,39752000.0,499000.0,1257615495.2561965,129720458.6,XLF,IYF,Financials
2010-09-13,2.9062207519877186,4.667205576907544,18.2875546,106.4,0.021335,0.02033,0.0,0.0,0.02133516861665535,0.02032988108937476,0.0,0.0010052875272805913,76273500.0,1055000.0,1282255630.9084878,126473687.8,XLF,IYF,Financials
2010-09-14,2.8974220488618307,4.660037087428932,18.127353650000003,105.64,-0.00876,-0.007143,0.0,0.0,-0.00876010781671143,-0.007142857142857143,0.0,-0.001617250673854288,66063900.0,1428600.0,1294167024.9712923,128759096.0,XLF,IYF,Financials
2010-09-15,2.9008153334208107,4.664947390023952,18.1889694,106.16,0.003399,0.004922,0.0,0.0,0.0033990482664853004,0.004922377887163953,0.0,-0.0015233296206786525,74546100.0,1125200.0,1305476888.3121417,128263376.8,XLF,IYF,Financials
2010-09-16,2.8977618959339204,4.660983250807304,18.133515225,105.74,-0.003049,-0.003956,0.0,0.0,-0.0030487804878049553,-0.003956292388847023,0.0,0.000907511901042068,53202800.0,908600.0,1305110757.7903533,128175940.5,XLF,IYF,Financials
2010-09-17,2.8906349625603336,4.657762636107262,18.004738307500002,105.4,-0.004837,-0.003215,0.0,0.0,-0.007101597009853732,-0.003215434083601286,0.0,-0.0038861629262524457,65745800.0,1376000.0,1277884130.8429487,124048410.7,XLF,IYF,Financials
2010-09-20,2.909248508716224,4.677490847567717,18.343008775,107.5,0.018788,0.019924,0.0,0.0,0.01878785804729467,0.019924098671726755,0.0,-0.001136240624432086,52302800.0,1129100.0,1269679958.5478556,123449347.2,XLF,IYF,Financials
2010-09-21,2.900137597034313,4.668332760945732,18.17664625,106.52,-0.00907,-0.009116,0.0,0.0,-0.009069533087000429,-0.009116279069767442,0.0,4.674598276701268e-05,84257200.0,1613400.0,1300692775.9120975,127361420.5,XLF,IYF,Financials
2010-09-22,2.8836981215570585,4.653007515402251,17.8802744925,104.9,-0.016305,-0.015208,0.0,0.0,-0.016305084745762727,-0.015208411565903118,0.0,-0.0010966731798596092,93301500.0,941100.0,1305580342.8292594,124662332.8,XLF,IYF,Financials
2010-09-23,2.8642469263502455,4.632396172241683,17.53584245,102.76,-0.019263,-0.017691,0.0,0.0,-0.019263241324649263,-0.020400381315538608,0.0,0.001137139990889345,103461100.0,1089900.0,1334723252.3134654,122525688.6,XLF,IYF,Financials
2010-09-24,2.8902584500881887,4.657762636107262,17.997960575,105.4,0.026353,0.025691,0.0,0.0,0.026352775825720307,0.025690930323082912,0.0,0.0006618455026373947,76856600.0,1104200.0,1344497707.9124207,121089161.6,XLF,IYF,Financials
2010-09-27,2.8792428481666827,4.648421227982406,17.800790175,104.42,-0.010955,-0.009298,0.0,0.0,-0.010955152345087421,-0.009297912713472486,0.0,-0.0016572396316149353,62330600.0,979500.0,1326032674.1354213,116937192.6,XLF,IYF,Financials
2010-09-28,2.8816629012060546,4.651481088851342,17.8439212,104.74,0.002423,0.003065,0.0,0.0,0.002422983731395071,0.0030645470216433632,0.0,-0.0006415632902482924,82325000.0,1420600.0,1346654896.8238173,119405721.0,XLF,IYF,Financials
2010-09-29,2.8740372143394177,4.645736147734753,17.70836655,104.14,-0.007597,-0.005728,0.0,0.0,-0.0075966850828729955,-0.005728470498376934,0.0,-0.0018682145844960618,66800300.0,887900.0,1316764478.8594584,116167236.5,XLF,IYF,Financials
2010-09-30,2.8722611077240545,4.645544080126364,17.676942517500002,104.12,-0.001775,-0.000192,85733171.20987502,-20824000.0,0.010997910114259548,-0.023856142675483503,106557171.20987502,0.03485405278974305,107539800.0,1347300.0,1296924642.5545816,115120399.4,XLF,IYF,Financials
2010-10-01,2.883043163675013,4.653198154998673,17.8685675,104.92,0.01084,0.007683,0.0,0.0,0.010840391787793047,0.00768344218209758,0.0,0.0031569496056954678,132131800.0,1084100.0,1356464787.1476715,115217750.5,XLF,IYF,Financials
2010-10-04,2.8761227208304394,4.648421227982406,17.745336,104.42,-0.006897,-0.004766,0.0,0.0,-0.006896551724137848,-0.004765535646206634,0.0,-0.002131016077931214,85547600.0,1077800.0,1353172696.9606664,114438373.5,XLF,IYF,Financials
2010-10-05,2.898780744723023,4.669083511731744,18.15199995,106.6,0.022917,0.020877,0.0,0.0,0.022916666666666627,0.020877226584945414,0.0,0.002039440081721213,133006600.0,1265900.0,1424446820.365902,116499176.0,XLF,IYF,Financials
2010-10-06,2.8981016275492144,4.668520501488853,18.1396768,106.54,-0.000679,-0.000563,0.0,0.0,-0.0006788866259334472,-0.0005628517823639775,0.0,-0.0001160348435694697,64754400.0,961800.0,1437571866.9422674,117424669.4,XLF,IYF,Financials
2010-10-07,2.89401721070699,4.664758977399749,18.065737900000002,106.14,-0.004076,-0.003754,0.0,0.0,-0.004076086956521744,-0.0037544584193730055,0.0,-0.0003216285371487387,71795600.0,1169700.0,1429640888.4079967,118388818.3,XLF,IYF,Financials
2010-10-08,2.8967420080331747,4.666265285347902,18.1150305,106.3,0.002729,0.001507,0.0,0.0,0.002728512960436474,0.0015074429998115696,0.0,0.0012210699606249045,62422700.0,906500.0,1450591298.8857942,120605079.8,XLF,IYF,Financials
2010-10-11,2.895380537434854,4.665700685728123,18.0903842,106.24,-0.001361,-0.000564,0.0,0.0,-0.0013605442176871682,-0.0005644402634054562,0.0,-0.000796103954281712,41265800.0,490900.0,1418174217.9126573,117600140.6,XLF,IYF,Financials
2010-10-12,2.9065576224642076,4.675442238973423,18.293716175,107.28,0.01124,0.009789,0.0,0.0,0.011239782016348962,0.009789156626506024,0.0,0.001450625389842938,65831100.0,843100.0,1418510806.9171476,114576663.8,XLF,IYF,Financials
2010-10-13,2.907500256522695,4.678792325858705,18.310968585,107.64,0.000943,0.003356,0.0,0.0,0.0009430784776019371,0.003355704697986577,0.0,-0.00241262622038464,112666900.0,721700.0,1453866973.6511474,112488291.6,XLF,IYF,Financials
2010-10-14,2.8895735185545623,4.664758977399749,17.985637425,106.14,-0.017767,-0.013935,0.0,0.0,-0.017767009892994193,-0.013935340022296544,0.0,-0.0038316698706976487,169232700.0,1242200.0,1557817183.5932057,114276878.8,XLF,IYF,Financials
2010-10-15,2.8722959636818124,4.650334737942465,17.677558675,104.62,-0.017129,-0.014321,0.0,0.0,-0.0171291538198013,-0.014320708498209912,0.0,-0.0028084453215913886,132860200.0,1353300.0,1616062586.455956,114104471.1,XLF,IYF,Financials
2010-10-18,2.8946991064033747,4.670021158307708,18.078061050000002,106.7,0.022656,0.019881,0.0,0.0,0.02265597769257592,0.019881475817243355,0.0,0.0027745018753325655,78307700.0,970200.0,1638875619.5523567,113211575.6,XLF,IYF,Financials
2010-10-19,2.8806610182734476,4.658521361485086,17.8260526325,105.48,-0.01394,-0.011434,0.0,0.0,-0.013940013633265236,-0.011433926897844424,0.0,-0.002506086735420812,146739500.0,1644900.0,1693089256.1449184,113293809.8,XLF,IYF,Financials
2010-10-20,2.8906007400110925,4.6694586758704535,18.00412215,106.64,0.009989,0.010997,0.0,0.0,0.009989284850160655,0.010997345468335229,0.0,-0.0010080606181745739,96600900.0,1307100.0,1696637154.7868156,115327197.5,XLF,IYF,Financials
2010-10-21,2.890292684353268,4.667393529168224,17.9985767325,106.42,-0.000308,-0.002063,0.0,0.0,-0.0003080082135524618,-0.0020630157539384846,0.0,0.0017550075403860229,73597000.0,897300.0,1672155339.910721,114501824.6,XLF,IYF,Financials
2010-10-22,2.8900187774114383,4.66814498514948,17.9936474725,106.5,-0.000274,0.000752,0.0,0.0,-0.0002738694327478734,0.0007517383950385266,0.0,-0.0010256078277864,41264300.0,449300.0,1640117000.444268,111075213.1,XLF,IYF,Financials
2010-10-25,2.886485507865986,4.665324108807838,17.930183250000002,106.2,-0.003527,-0.002817,0.0,0.0,-0.0035270348936751383,-0.0028169014084507044,0.0,-0.0007101334852244339,45766900.0,941400.0,1625670749.0293965,110960077.6,XLF,IYF,Financials
2010-10-26,2.887859134455598,4.666265285347902,17.95482955,106.3,0.001375,0.000942,0.0,0.0,0.001374570446735212,0.0009416195856873823,0.0,0.0004329508610478298,47408900.0,629000.0,1594781644.3225462,106863530.4,XLF,IYF,Financials
2010-10-27,2.8885452408289964,4.666829566374819,17.9671527,106.36,0.000686,0.000564,0.0,0.0,0.0006863417982154892,0.0005644402634054562,0.0,0.00012190153481003295,62701100.0,1253800.0,1591963446.3279464,108907943.5,XLF,IYF,Financials
2010-10-28,2.8882022464850405,4.664193526437552,17.960991125,106.08,-0.000343,-0.002633,0.0,0.0,-0.0003429355281207023,-0.0026325686348251222,0.0,0.0022896331067044197,57911200.0,1293200.0,1548921830.642679,108753032.5,XLF,IYF,Financials
2010-10-29,2.887103873339673,4.66362775555966,17.941274085,106.02,-0.001098,-0.000566,399193348.39125,53010000.0,0.05679640701172455,0.060006170300287945,346183348.39125,-0.003209763288563393,39827100.0,567900.0,1466598977.138389,106076281.8,XLF,IYF,Financials
2010-11-01,2.887172557017024,4.663061664403869,17.942506400000003,105.96,6.9e-05,-0.000566,0.0,0.0,6.86860361290309e-05,-0.0005659309564233164,0.0,0.0006346169925523473,65746600.0,557700.0,1449678371.402621,103403782.6,XLF,IYF,Financials
2010-11-02,2.8895735185545623,4.667111587528274,17.985637425,106.39,0.002404,0.004058,0.0,0.0,0.002403846153845897,0.004058135145337863,0.0,-0.0016542889914919665,54588000.0,583500.0,1378051580.3629327,99760463.85,XLF,IYF,Financials
2010-11-03,2.899459401009675,4.675069313367758,18.1643231,107.24,0.009935,0.007989,0.0,0.0,0.00993490921548487,0.007989472694802144,0.0,0.0019454365206827261,108189500.0,1360400.0,1417579837.6954093,101931420.05,XLF,IYF,Financials
2010-11-04,2.932227338881851,4.7066431549187255,18.769389765,110.68,0.033311,0.032078,0.0,0.0,0.03331071913161451,0.03207758299142124,0.0,0.0012331361401932694,166478200.0,1315400.0,1508962524.2555282,103003245.75,XLF,IYF,Financials
2010-11-05,2.9548825546910864,4.724906867590425,19.1994677,112.72,0.022914,0.018432,0.0,0.0,0.022913794235440887,0.018431514275388382,0.0,0.004482279960052505,165603000.0,1365100.0,1611397541.012066,105878901.85,XLF,IYF,Financials
2010-11-08,2.9471182153582416,4.717963013463214,19.050973742500002,111.94,-0.007734,-0.00692,0.0,0.0,-0.007734274711168037,-0.006919801277501774,0.0,-0.0008144734336662631,89971000.0,747000.0,1659773590.1253712,107452200.05,XLF,IYF,Financials
2010-11-09,2.928214307608925,4.698478363121743,18.694218550000002,109.78,-0.018726,-0.019296,0.0,0.0,-0.01872634949383875,-0.019296051456137216,0.0,0.0005697019622984655,122185800.0,1148800.0,1713767219.6262984,109235574.85,XLF,IYF,Financials
2010-11-10,2.939358310187594,4.710070595813461,18.9037121,111.06,0.011206,0.01166,0.0,0.0,0.011206328279498945,0.011659683002368373,0.0,-0.0004533547228694288,121829400.0,1313400.0,1725766611.4486187,112644695.65,XLF,IYF,Financials
2010-11-11,2.9295318308561655,4.7019338544204,18.71886485,110.16,-0.009778,-0.008104,0.0,0.0,-0.00977835723598443,-0.008103727714748784,0.0,-0.0016746295212356453,59776600.0,617400.0,1629526217.1455543,109452979.45,XLF,IYF,Financials
2010-11-12,2.9129366939531556,4.686012573832192,18.4107861,108.42,-0.016458,-0.015795,0.0,0.0,-0.016458196181698487,-0.01579520697167756,0.0,-0.000662989210020927,88750700.0,1004500.0,1593792525.788206,107819261.65,XLF,IYF,Financials
2010-11-15,2.917277993140815,4.688407784558147,18.490886575,108.68,0.004351,0.002398,0.0,0.0,0.004350736278447296,0.002398081534772308,0.0,0.0019526547436749878,71508900.0,745100.0,1589123104.6741028,106692118.05,XLF,IYF,Financials
2010-11-16,2.900476522643387,4.669646205172456,18.182807825,106.66,-0.016661,-0.018587,0.0,0.0,-0.016661112962345882,-0.018586676481413447,0.0,0.001925563519067565,135727600.0,1885700.0,1581729245.5281894,108073353.55,XLF,IYF,Financials
2010-11-17,2.89371020587778,4.665324108807838,18.0601924825,106.2,-0.006743,-0.004313,0.0,0.0,-0.0067434767875297445,-0.004312769548096756,0.0,-0.002430707239432989,90511700.0,785300.0,1576501461.5541077,105273839.35,XLF,IYF,Financials
2010-11-18,2.9075675535380974,4.6778628713815325,18.3122009,107.54,0.013954,0.012618,0.0,0.0,0.013953805738459944,0.012617702448210923,0.0,0.001336103290249021,85442900.0,995000.0,1588501776.478948,105849421.05,XLF,IYF,Financials
2010-11-19,2.9071973638958144,4.6778628713815325,18.3054231675,107.54,-0.00037,0.0,0.0,0.0,-0.0003701211305518672,0.0,0.0,-0.0003701211305518672,43616900.0,707600.0,1591298303.6967003,107261663.75,XLF,IYF,Financials
2010-11-22,2.89265202278165,4.666077120891613,18.0410916,106.28,-0.01444,-0.011717,0.0,0.0,-0.0144400686660607,-0.011716570578389436,0.0,-0.002723498087671264,97215600.0,993000.0,1637961635.7349272,107539631.75,XLF,IYF,Financials
2010-11-23,2.876816924259915,4.651290121601645,17.757659150000002,104.72,-0.01571,-0.014678,0.0,0.0,-0.015710382513661088,-0.014678208505833647,0.0,-0.0010321740078274404,84870900.0,1414600.0,1670756125.4999642,111603342.35,XLF,IYF,Financials
2010-11-24,2.891968729280517,4.667017589314171,18.02876845,106.38,0.015267,0.015852,0.0,0.0,0.01526717557251904,0.01585179526355997,0.0,-0.0005846196910409308,58754500.0,641400.0,1667391677.386842,108347240.55,XLF,IYF,Financials
2010-11-26,2.8775106461052875,4.657383057435026,17.769982300000002,105.36,-0.014354,-0.009588,0.0,0.0,-0.014354066985645833,-0.009588268471517203,0.0,-0.00476579851412863,31717900.0,383500.0,1643565876.0045955,103508385.75,XLF,IYF,Financials
2010-11-29,2.8857979863538574,4.661455996998683,17.9178601,105.79,0.008322,0.004081,0.0,0.0,0.008321775312066345,0.004081245254365983,0.0,0.004240530057700362,82156300.0,1006800.0,1681441684.6357417,105823416.45,XLF,IYF,Financials
2010-11-30,2.880280730979103,4.654150808209713,17.819274900000003,105.02,-0.005502,-0.007279,771574603.1700002,-36757000.0,0.1005222150969425,-0.04698742792324416,808331603.1700002,0.14750964302018665,76702600.0,781400.0,1690797980.8190668,106971853.25,XLF,IYF,Financials
2010-12-01,2.9003070741976713,4.674509664066704,18.1797270375,107.18,0.020228,0.020568,0.0,0.0,0.02022821576763475,0.020567510950295183,0.0,-0.0003392951826604318,83037200.0,923700.0,1717187663.5291867,108818033.3,XLF,IYF,Financials
2010-12-02,2.925574042048749,4.69811393163083,18.64492595,109.74,0.025589,0.023885,0.0,0.0,0.025588883240128847,0.023885053181563726,0.0,0.0017038300585651214,113647400.0,1046300.0,1724875579.6983154,107264616.6,XLF,IYF,Financials
2010-12-03,2.928906223749938,4.701207374185033,18.7071578575,110.08,0.003338,0.003098,0.0,0.0,0.003337739590218029,0.0030982321851649353,0.0,0.00023950740505309384,90952000.0,880300.0,1653713539.6123013,104830364.2,XLF,IYF,Financials
2010-12-06,2.9272250247582505,4.700662167447312,18.675733825,110.02,-0.00168,-0.000545,0.0,0.0,-0.0016797865682950217,-0.0005450581395348837,0.0,-0.0011347284287601378,52725600.0,807400.0,1543973530.7043173,101578168.0,XLF,IYF,Financials
2010-12-07,2.928873286215968,4.699570861409576,18.7065417,109.9,0.00165,-0.001091,0.0,0.0,0.0016496205872650201,-0.0010907107798582077,0.0,0.002740331367123228,107214100.0,929000.0,1558552024.3988924,102502064.0,XLF,IYF,Financials
2010-12-08,2.944884084039936,4.714562562759288,19.008458875000002,111.56,0.01614,0.015105,0.0,0.0,0.01613965744400539,0.01510464058234759,0.0,0.0010350168616578004,97264100.0,1056200.0,1536785654.1967573,102087784.4,XLF,IYF,Financials
2010-12-09,2.9571265049835262,4.725616339063959,19.242598725,112.8,0.012318,0.011115,0.0,0.0,0.012317666126418093,0.011115095016134816,0.0,0.0012025711102832768,77731200.0,745200.0,1496421773.5516064,98997402.2,XLF,IYF,Financials
2010-12-10,2.966020552997287,4.733739286782799,19.4145066675,113.72,0.008934,0.008156,0.0,0.0,0.00893371757925063,0.008156028368794326,0.0,0.000777689210456305,56608700.0,555900.0,1495425767.901406,98757610.4,XLF,IYF,Financials
2010-12-13,2.9653856121841846,4.733739286782799,19.402183517500003,113.72,-0.000635,0.0,0.0,0.0,-0.0006347392808401676,0.0,0.0,-0.0006347392808401676,50523500.0,739400.0,1462740571.1524634,97516444.3,XLF,IYF,Financials
2010-12-14,2.956485889971227,4.725970886133796,19.230275575,112.84,-0.00886,-0.007738,0.0,0.0,-0.008860236908126776,-0.007738304607808653,0.0,-0.0011219323003181228,69771400.0,765400.0,1463713585.6649902,97785957.7,XLF,IYF,Financials
2010-12-15,2.9484433824100655,4.7170692784855,19.0762362,111.84,-0.00801,-0.008862,0.0,0.0,-0.008010253123998718,-0.008862105636299186,0.0,0.0008518525123004678,82481700.0,763400.0,1418990161.8664436,91998452.4,XLF,IYF,Financials
2010-12-16,2.9497345381736855,4.715637639014062,19.1008825,111.68,0.001292,-0.001431,0.0,0.0,0.0012919896640826696,-0.001430615164520744,0.0,0.0027226048286034133,87886600.0,877400.0,1421192806.6667538,92727911.0,XLF,IYF,Financials
2010-12-17,2.95166815140908,4.718855950391908,19.13785195,112.04,0.005561,0.003224,0.0,0.0,0.0019354838709679375,0.0032234957020057307,0.0,-0.0012880118310377932,61905600.0,536900.0,1402197439.5366194,90385509.8,XLF,IYF,Financials
2010-12-20,2.9523118591879856,4.722419746038331,19.1501751,112.44,0.000644,0.00357,0.0,0.0,0.0006439150032193443,0.003570153516601214,0.0,-0.00292623851338187,40524300.0,291000.0,1401078520.9891393,88216746.6,XLF,IYF,Financials
2010-12-21,2.9695371654698652,4.737600973168581,19.482900150000003,114.16,0.017375,0.015297,0.0,0.0,0.01737451737451758,0.015297047314123088,0.0,0.002077470060394491,48169600.0,391900.0,1360308919.1149633,85176909.8,XLF,IYF,Financials
2010-12-22,2.980545296760289,4.744584241770769,19.698555275,114.96,0.011069,0.011352,0.0,0.0,0.011068943706514818,0.00700770847932726,0.0,0.0040612352271875585,71406100.0,503500.0,1355283343.8083854,80664182.2,XLF,IYF,Financials
2010-12-23,2.973325048786802,4.73795129722191,19.55683905,114.2,-0.007194,-0.006611,0.0,0.0,-0.007194244604316555,-0.006610995128740431,0.0,-0.0005832494755761237,29456500.0,349300.0,1331123581.4874253,79247078.6,XLF,IYF,Financials
2010-12-27,2.9821080412571077,4.746669748261791,19.72936315,115.2,0.008822,0.008757,0.0,0.0,0.008821676118462385,0.008756567425569177,0.0,6.510869289320757e-05,24158200.0,354300.0,1326773550.4502835,79267568.6,XLF,IYF,Financials
2010-12-28,2.9822329553788114,4.747363951691266,19.73182778,115.28,0.000125,0.000694,0.0,0.0,0.0001249219237977108,0.0006944444444444445,0.0,-0.0005695225206467337,34133800.0,342700.0,1286846409.1174502,75917422.8,XLF,IYF,Financials
2010-12-29,2.980232454586613,4.7461487792476635,19.6923937,115.14,-0.001998,-0.001214,0.0,0.0,-0.0019985011241569406,-0.0012144344205412907,0.0,-0.0007840667036156498,25212300.0,305200.0,1243331700.2543387,73571327.8,XLF,IYF,Financials
2010-12-30,2.977098638170441,4.74406218485471,19.63077795,114.9,-0.003129,-0.002084,0.0,0.0,-0.0031289111389238267,-0.0020844189682126106,0.0,-0.0010444921707112162,36862300.0,387800.0,1204033800.0577383,70849130.5,XLF,IYF,Financials
2010-12-31,2.9783533434793377,4.744584241770769,19.65542425,114.96,0.001255,0.000522,507109945.65,-51732000.0,0.05873105561048091,-0.053077209996270046,558841945.65,0.11180826560675096,21999500.0,215100.0,1119706907.4766304,66344477.2,XLF,IYF,Financials
2011-01-03,3.000059622061201,4.7637112141166424,20.086734500000002,117.18,0.021944,0.019311,0.0,0.0,0.021943573667711803,0.019311064718162838,0.0,0.002632508949548966,92255600.0,595100.0,1127289923.5707736,64985996.9,XLF,IYF,Financials
2011-01-04,2.998524702343117,4.760120545985914,20.055926624999998,116.76,-0.001534,-0.003584,0.0,0.0,-0.0015337423312887428,-0.0035842293906810036,0.0,0.002050487059392261,53427900.0,701500.0,1131632762.1089942,64639846.5,XLF,IYF,Financials
2011-01-05,3.0104350584380333,4.771362360852162,20.29622805,118.08,0.011982,0.011305,0.0,0.0,0.01198156682027678,0.011305241521068859,0.0,0.0006763252992079208,97199200.0,795100.0,1129991366.958974,64229261.9,XLF,IYF,Financials
2011-01-06,3.0038560873399907,4.7664383335842135,20.16313803,117.5,-0.006557,-0.004912,0.0,0.0,-0.006557377049180438,-0.004911924119241192,0.0,-0.0016454529299392458,66951600.0,621600.0,1105047052.322247,61989678.3,XLF,IYF,Financials
2011-01-07,2.9948312540077655,4.758062932091234,19.981987725,116.52,-0.008984,-0.00834,0.0,0.0,-0.008984231756508993,-0.008340425531914894,0.0,-0.0006438062245940988,178120400.0,685700.0,1208219520.1402154,61781638.5,XLF,IYF,Financials
2011-01-10,2.9923304422565837,4.755657019262028,19.932078967499997,116.24,-0.002498,-0.002403,0.0,0.0,-0.002497687326549684,-0.002403020940611054,0.0,-9.466638593863021e-05,86952600.0,689900.0,1239925325.442262,62630489.9,XLF,IYF,Financials
2011-01-11,2.996371848982016,4.760120545985914,20.0127956,116.76,0.00405,0.004474,0.0,0.0,0.004049584222078156,0.004473503097040606,0.0,-0.0004239188749624494,50065900.0,498100.0,1241009945.656443,61334169.3,XLF,IYF,Financials
2011-01-12,3.013042463729336,4.774575350848819,20.349217595000002,118.46,0.01681,0.01456,0.0,0.0,0.01681034482758628,0.014559780746831107,0.0,0.0022505640807551717,81872500.0,411900.0,1257225849.0710976,59455466.2,XLF,IYF,Financials
2011-01-13,3.0095542820830876,4.771023550074739,20.2783594825,118.04,-0.003482,-0.003545,0.0,0.0,-0.0034821050081754556,-0.003545500590916765,0.0,6.339558274130958e-05,60686500.0,421600.0,1240084962.6389575,57674816.6,XLF,IYF,Financials
2011-01-14,3.02550012190504,4.785823685681349,20.6043068,119.8,0.016074,0.01491,0.0,0.0,0.016073653185865035,0.014910199932226365,0.0,0.0011634532536386709,92087400.0,799100.0,1251019233.7434483,57562024.0,XLF,IYF,Financials
2011-01-18,3.0195013036757863,4.78164132910387,20.4810753,119.3,-0.005981,-0.004174,0.0,0.0,-0.005980861244019138,-0.004173622704507512,0.0,-0.0018072385395116256,61314400.0,645100.0,1254571465.5283685,58402331.7,XLF,IYF,Financials
2011-01-19,2.9969874230242306,4.7597779042145305,20.02511875,116.72,-0.022262,-0.021626,0.0,0.0,-0.022262334536702844,-0.02162615255658005,0.0,-0.000636181980122795,117419900.0,644300.0,1333336465.5437782,60526464.5,XLF,IYF,Financials
2011-01-20,3.001898421230858,4.763199050213001,20.12370395,117.12,0.004923,0.003427,0.0,0.0,0.004923076923076843,0.003427004797806717,0.0,0.0014960721252701256,93813800.0,765000.0,1380806347.0717316,62769339.3,XLF,IYF,Financials
2011-01-21,3.0099188353574715,4.769836807543325,20.2857533725,117.9,0.008053,0.00666,0.0,0.0,0.008052663808940617,0.00665983606557377,0.0,0.0013928277433668474,75822800.0,706700.0,1387382627.7212424,64041217.8,XLF,IYF,Financials
2011-01-24,3.0088247765946425,4.769836807543325,20.263571702500002,117.9,-0.001093,0.0,0.0,0.0,-0.0010934604987392377,0.0,0.0,-0.0010934604987392377,44576000.0,434000.0,1403742274.857958,64605144.8,XLF,IYF,Financials
2011-01-25,3.006785419350484,4.770006428441026,20.22228915,117.92,-0.002037,0.00017,0.0,0.0,-0.00203727916806047,0.00016963528413910093,0.0,-0.002206914452199571,68999000.0,844200.0,1449676866.268484,67541780.0,XLF,IYF,Financials
2011-01-26,3.005870924545096,4.769497479409767,20.203804425,117.86,-0.000914,-0.000509,0.0,0.0,-0.0009140767824496861,-0.0005088195386702849,0.0,-0.0004052572437794012,55419300.0,608100.0,1471984788.0431561,69149990.5,XLF,IYF,Financials
2011-01-27,3.0145855104933017,4.777104649895559,20.3806416275,118.76,0.008753,0.007636,0.0,0.0,0.008752668496492817,0.007636178516884439,0.0,0.001116489979608378,71692900.0,573100.0,1520217626.2658403,70796021.9,XLF,IYF,Financials
2011-01-28,2.9969874230242306,4.759435144999521,20.02511875,116.68,-0.017444,-0.017514,0.0,0.0,-0.017444145478731507,-0.017514314584035028,0.0,7.016910530352125e-05,113115000.0,1533100.0,1597292910.3348384,77512216.3,XLF,IYF,Financials
2011-01-31,3.006175849078637,4.768139014266231,20.209965999999998,117.7,0.009231,0.008742,844776578.8,94160000.0,0.0979963581920446,0.11025047272225492,750616578.8,-0.01225411453021033,63232500.0,1160700.0,1639568768.800195,83106541.0,XLF,IYF,Financials
2011-02-01,3.0266955793098136,4.786491242448462,20.6289531,119.88,0.020732,0.018522,0.0,0.0,0.020731707317073203,0.018521665250637212,0.0,0.002210042066435991,63888000.0,733600.0,1612810209.4159245,84017048.5,XLF,IYF,Financials
2011-02-02,3.0188994378736878,4.780467127845082,20.46875215,119.16,-0.007766,-0.006006,0.0,0.0,-0.007765830346475529,-0.006006006006006006,0.0,-0.0017598243404695233,46620800.0,550400.0,1606946387.321269,83200974.7,XLF,IYF,Financials
2011-02-03,3.019200416055042,4.780718858494617,20.474913725,119.19,0.000301,0.000252,0.0,0.0,0.0003010234798314485,0.00025176233635448137,0.0,4.926114347696711e-05,51680700.0,847800.0,1561215424.5347714,83559168.4,XLF,IYF,Financials
2011-02-04,3.0187489148057436,4.779795536147575,20.465671362500004,119.08,-0.000451,-0.000923,0.0,0.0,-0.0004513993379473999,-0.0009228962161255138,0.0,0.00047149687817811395,62266800.0,674400.0,1557434300.2080295,83922646.0,XLF,IYF,Financials
2011-02-07,3.0332451710468553,4.793970708879755,20.764507750000003,120.78,0.014602,0.014276,0.0,0.0,0.014601836519644794,0.014276116896204233,0.0,0.0003257196234405617,50200200.0,613500.0,1431593439.9870026,83632684.3,XLF,IYF,Financials
2011-02-08,3.0403415934946194,4.800736969532067,20.91238555,121.6,0.007122,0.006789,0.0,0.0,0.007121661721068049,0.006789203510514986,0.0,0.0003324582105530627,48669800.0,695700.0,1395826216.6176,83852841.5,XLF,IYF,Financials
2011-02-09,3.0333045164668895,4.794963757620747,20.765740065,120.9,-0.007012,-0.005757,0.0,0.0,-0.0070123747790218835,-0.005756578947368421,0.0,-0.0012557958316534628,55870300.0,676400.0,1403737691.8137767,85033771.7,XLF,IYF,Financials
2011-02-10,3.0332451710468553,4.794467356518472,20.764507750000003,120.84,-5.9e-05,-0.000496,0.0,0.0,-5.9343659129741995e-05,-0.0004962779156327543,0.0,0.00043693425650301234,43596500.0,444200.0,1365698619.0425885,85277944.4,XLF,IYF,Financials
2011-02-11,3.046861248904408,4.807621114077212,21.049172515,122.44,0.013709,0.013241,0.0,0.0,0.013709198813056012,0.013240648791790799,0.0,0.0004685500212652134,73843400.0,680100.0,1381884609.1905591,86953233.4,XLF,IYF,Financials
2011-02-14,3.047388011375984,4.808600705992281,21.06026335,122.56,0.000527,0.00098,0.0,0.0,0.0005269012352908169,0.0009800718719372753,0.0,-0.00045317063664645845,35035000.0,339000.0,1323907073.4132056,84244016.4,XLF,IYF,Financials
2011-02-15,3.0460705845587825,4.8064770426931265,21.0325362625,122.3,-0.001317,-0.002121,0.0,0.0,-0.0013165593914569993,-0.0021214099216710185,0.0,0.0008048505302140191,49278400.0,327900.0,1312940317.9923885,82401103.4,XLF,IYF,Financials
2011-02-16,3.0514756083083006,4.812509505757334,21.1465254,123.04,0.00542,0.006051,0.0,0.0,0.005419657243298793,0.006050695012264923,0.0,-0.0006310377689661296,35808300.0,385100.0,1233234002.2107735,81010103.8,XLF,IYF,Financials
2011-02-17,3.050309427418118,4.811696431478864,21.1218791,122.94,-0.001166,-0.000813,0.0,0.0,-0.001165501165501249,-0.000812743823146944,0.0,-0.00035275734235430494,35456400.0,444600.0,1176285235.03561,79263220.0,XLF,IYF,Financials
2011-02-18,3.052553116166239,4.81380905109942,21.1693232275,123.2,0.002246,0.002115,0.0,0.0,0.0022462077012835166,0.0021148527737107534,0.0,0.00013135492757276315,32238700.0,348400.0,1133502677.0317106,77243367.5,XLF,IYF,Financials
2011-02-22,3.021454869553682,4.786157519768909,20.5211255375,119.84,-0.03062,-0.027273,0.0,0.0,-0.030619669936257535,-0.02727272727272727,0.0,-0.003346942663530264,102200300.0,1107000.0,1193202487.7346866,81318081.5,XLF,IYF,Financials
2011-02-23,3.0170916639556333,4.779795536147575,20.4317827,119.08,-0.004354,-0.006342,0.0,0.0,-0.00435370064554876,-0.006341789052069426,0.0,0.001988088406520666,115693900.0,804700.0,1241628232.5074205,81131862.1,XLF,IYF,Financials
2011-02-24,3.0146762038440293,4.776599301615622,20.3824901,118.7,-0.002412,-0.003191,0.0,0.0,-0.0024125452352231533,-0.0031911320120927107,0.0,0.0007785867768695573,80352600.0,804900.0,1267533501.2793634,82325410.3,XLF,IYF,Financials
2011-02-25,3.028545718597975,4.791649752930709,20.667154865,120.5,0.013966,0.015164,0.0,0.0,0.013966142684401441,0.015164279696714406,0.0,-0.001198137012312965,49694900.0,484800.0,1245828745.887588,81843262.5,XLF,IYF,Financials
2011-02-28,3.0332451710468553,4.795955821194175,20.764507750000003,121.02,0.004711,0.004315,-662387797.2250001,60510000.0,-0.057276269237485786,0.06170480142264374,-722897797.2250001,-0.11898107066012953,55401600.0,429600.0,1190091028.1453958,75498666.7,XLF,IYF,Financials
2011-03-01,3.011648650819992,4.775756486563625,20.32087435,118.6,-0.021365,-0.019997,0.0,0.0,-0.021364985163204956,-0.019996694761196497,0.0,-0.001368290402008459,106230800.0,861800.0,1234129831.3356445,73778421.2,XLF,IYF,Financials
2011-03-02,3.0055659070042227,4.770176020572358,20.19764285,117.94,-0.006064,-0.005565,0.0,0.0,-0.0060642813826561935,-0.005564924114671164,0.0,-0.0004993572679850298,66850600.0,877400.0,1235743930.7084153,74555250.6,XLF,IYF,Financials
2011-03-03,3.0257991202627768,4.789489745444719,20.610468375000004,120.24,0.020439,0.019501,0.0,0.0,0.020439292251373045,0.019501441410886892,0.0,0.0009378508404861534,84041400.0,606500.0,1274637081.5412154,74922245.4,XLF,IYF,Financials
2011-03-04,3.0134662823413163,4.778450998129897,20.3578438,118.92,-0.012257,-0.010978,0.0,0.0,-0.012257100149477087,-0.010978043912175649,0.0,-0.0012790562373014378,104954400.0,749900.0,1328561451.919971,74328686.7,XLF,IYF,Financials
2011-03-07,3.006785419350484,4.771362360852162,20.22228915,118.08,-0.006659,-0.007064,0.0,0.0,-0.006658595641646319,-0.007063572149344097,0.0,0.0004049765076977775,69327400.0,782100.0,1334942795.0811307,74930827.5,XLF,IYF,Financials
2011-03-08,3.028486090083602,4.79081953287472,20.66592255,120.4,0.021938,0.019648,0.0,0.0,0.021937842778793244,0.01964769647696477,0.0,0.0022901463018284753,79706100.0,744400.0,1365183677.4516811,75707189.0,XLF,IYF,Financials
2011-03-09,3.0282773622788097,4.790321069792205,20.661609447500002,120.34,-0.000209,-0.000498,0.0,0.0,-0.00020870602265937255,-0.0004983388704318936,0.0,0.0002896328477725211,70840600.0,473900.0,1387477636.85094,74328789.3,XLF,IYF,Financials
2011-03-10,3.008003446297661,4.769667157869494,20.24693545,117.88,-0.02007,-0.020442,0.0,0.0,-0.020069782005785537,-0.020442080771148414,0.0,0.0003722987653628773,93144000.0,589500.0,1423762258.2710013,73714464.3,XLF,IYF,Financials
2011-03-11,3.0146762038440293,4.775925106410581,20.3824901,118.62,0.006695,0.006278,0.0,0.0,0.006695069993913597,0.006277570410587038,0.0,0.0004174995833265589,87753900.0,529700.0,1467931415.0641773,74172258.6,XLF,IYF,Financials
2011-03-14,3.0055659070042227,4.76745908903181,20.19764285,117.62,-0.009069,-0.00843,0.0,0.0,-0.009068923821039866,-0.008430281571404486,0.0,-0.0006386422496353801,70160600.0,446200.0,1461068228.8265553,72632788.6,XLF,IYF,Financials
2011-03-15,2.9939057564868228,4.755829062273205,19.963503,116.26,-0.011592,-0.011563,0.0,0.0,-0.011592434411226451,-0.011562659411664683,0.0,-2.9774999561768198e-05,103478700.0,910300.0,1527465779.3974977,75846970.5,XLF,IYF,Financials
2011-03-16,2.9751821764393367,4.739001533621612,19.5931923425,114.32,-0.018549,-0.016687,0.0,0.0,-0.018549382716049286,-0.01668673662480658,0.0,-0.0018626460912427069,174397500.0,1106300.0,1646493480.727156,80165472.8,XLF,IYF,Financials
2011-03-17,2.9870924752527763,4.749789875598035,19.82794835,115.56,0.011982,0.010847,0.0,0.0,0.011981508852479714,0.010846745976207252,0.0,0.0011347628762724618,97746300.0,1259000.0,1705537853.843295,85070839.6,XLF,IYF,Financials
2011-03-18,2.9982174354794306,4.760291822855391,20.04976505,116.78,0.013789,0.010557,0.0,0.0,0.011187072715972565,0.010557286258220838,0.0,0.0006297864577517274,168679300.0,697800.0,1837191580.8271565,86412337.6,XLF,IYF,Financials
2011-03-21,3.0028165544246583,4.7683089233652725,20.142188675,117.72,0.00461,0.008049,0.0,0.0,0.004609711124769593,0.008049323514300395,0.0,-0.0034396123895308016,77995000.0,457700.0,1881617508.0757675,86960215.8,XLF,IYF,Financials
2011-03-22,2.9975411158619023,4.763028270603671,20.036209585,117.1,-0.005261,-0.005267,0.0,0.0,-0.0052615478739675954,-0.0052667346245327895,0.0,5.186750565194104e-06,46277600.0,490900.0,1823115633.3967996,83201291.3,XLF,IYF,Financials
2011-03-23,2.9948312540077655,4.759949239775645,19.981987725,116.74,-0.002706,-0.003074,0.0,0.0,-0.002706193492834708,-0.0030742954739538856,0.0,0.0003681019811191777,64920900.0,523300.0,1769786433.5158203,81464609.6,XLF,IYF,Financials
2011-03-24,2.999752826538009,4.76490524410925,20.080572925000002,117.32,0.004934,0.004968,0.0,0.0,0.0049337033610854855,0.004968305636457084,0.0,-3.4602275371598684e-05,62476500.0,393200.0,1750625325.5327954,78994039.3,XLF,IYF,Financials
2011-03-25,3.0025106036803413,4.76473475565943,20.1360271,117.3,0.002762,0.002281,0.0,0.0,0.0027615833077630466,-0.00017047391749062393,0.0,0.0029320572252536704,45201300.0,252100.0,1744781445.9055226,77551685.8,XLF,IYF,Financials
2011-03-28,2.9991696556063636,4.762857461823685,20.0688659325,117.08,-0.003335,-0.001876,0.0,0.0,-0.0033353733170135933,-0.0018755328218243818,0.0,-0.0014598404951892115,31904100.0,229300.0,1719276053.557256,76294498.4,XLF,IYF,Financials
2011-03-29,3.0012858637844455,4.765075703497714,20.111380800000003,117.34,0.002118,0.002221,0.0,0.0,0.0021184489269597266,0.002220703792278784,0.0,-0.00010225486531905727,38118000.0,384700.0,1649671197.2789772,73441059.3,XLF,IYF,Financials
2011-03-30,3.009219991459865,4.774068722449905,20.27158175,118.4,0.007966,0.009034,0.0,0.0,0.0079656862745096,0.009033577637634226,0.0,-0.0010678913631246255,61627800.0,345100.0,1644624619.412199,70310023.5,XLF,IYF,Financials
2011-03-31,3.0055659070042227,4.772885590392684,20.19764285,118.26,-0.003648,-0.001182,175719492.79500002,0.0,0.014219774099258722,-0.0011824324324324325,175719492.79500002,0.015402206531691155,49532800.0,279200.0,1608040278.755687,68314655.1,XLF,IYF,Financials
2011-04-01,3.014071426081417,4.780970525791781,20.37016695,119.22,0.008542,0.008118,0.0,0.0,0.008541793776693282,0.008117706747843734,0.0,0.0004240870288495478,65742400.0,383800.0,1568167197.874235,66143581.5,XLF,IYF,Financials
2011-04-04,3.012648756975208,4.781138268809871,20.341207547499998,119.24,-0.001422,0.000168,0.0,0.0,-0.0014216575922567322,0.00016775708773695687,0.0,-0.0015894146799936891,38323700.0,346500.0,1537046778.2177558,63591896.1,XLF,IYF,Financials
2011-04-05,3.0122548951550194,4.780970525791781,20.3331975,119.22,-0.000394,-0.000168,0.0,0.0,-0.00039378426680391647,-0.0001677289500167729,0.0,-0.00022605531678714357,38496000.0,350100.0,1493824112.297628,61197554.2,XLF,IYF,Financials
2011-04-06,3.023704251922228,4.7919816480548985,20.567337350000003,120.54,0.011515,0.011072,0.0,0.0,0.011515151515151575,0.011071967790639155,0.0,0.0004431837245124203,66477400.0,367000.0,1489003227.383844,60558006.9,XLF,IYF,Financials
2011-04-07,3.0188994378736878,4.786658062033468,20.46875215,119.9,-0.004793,-0.005309,0.0,0.0,-0.004793289394847259,-0.005309440849510536,0.0,0.0005161514546632769,49498100.0,390000.0,1445367416.6458995,59421543.9,XLF,IYF,Financials
2011-04-08,3.0098277094974084,4.7777780505944065,20.283904900000003,118.84,-0.009031,-0.008841,0.0,0.0,-0.009030704394942654,-0.00884070058381985,0.0,-0.0001900038111228037,59549100.0,216600.0,1416329680.8106096,57566930.4,XLF,IYF,Financials
2011-04-11,3.0098277094974084,4.777441406928545,20.283904900000003,118.8,0.0,-0.000337,0.0,0.0,0.0,-0.0003365870077415012,0.0,0.0003365870077415012,40324700.0,434400.0,1386372862.7595756,57523164.2,XLF,IYF,Financials
2011-04-12,3.006175849078637,4.773223770984341,20.209965999999998,118.3,-0.003645,-0.004209,0.0,0.0,-0.0036452004860270506,-0.004208754208754209,0.0,0.0005635537227271581,64092800.0,268200.0,1347848661.3075109,53817993.3,XLF,IYF,Financials
2011-04-13,2.9986783003773643,4.767289035464526,20.0590074125,117.6,-0.007469,-0.005917,0.0,0.0,-0.0074695121951217,-0.005917159763313609,0.0,-0.001552352431808091,76950600.0,539300.0,1254176106.0197697,50665466.5,XLF,IYF,Financials
2011-04-14,2.989575406385602,4.761660982747524,19.87724095,116.94,-0.009062,-0.005612,0.0,0.0,-0.009061588081707855,-0.005612244897959183,0.0,-0.0034493431837486713,58870000.0,463000.0,1215779335.3659143,46098125.5,XLF,IYF,Financials
2011-04-15,2.9901951770902873,4.7626866238630745,19.8895641,117.06,0.00062,0.001026,0.0,0.0,0.0006199628022317261,0.001026167265264238,0.0,-0.0004062044630325119,52276700.0,385000.0,1098668357.4553146,44277076.3,XLF,IYF,Financials
2011-04-18,2.9764706946647213,4.750135956238277,19.618454800000002,115.6,-0.013631,-0.012472,0.0,0.0,-0.013630731102849899,-0.012472236459935076,0.0,-0.0011584946429148233,83851000.0,486900.0,1102370209.8417234,44397336.1,XLF,IYF,Financials
2011-04-19,2.9796064764754053,4.752900298012427,19.68007055,115.92,0.003141,0.002768,0.0,0.0,0.003140703517587821,0.002768166089965398,0.0,0.0003725374276224232,58703100.0,248500.0,1113772882.6823688,42963422.6,XLF,IYF,Financials
2011-04-20,2.9821080412571077,4.757032535297338,19.72936315,116.4,0.002505,0.004141,0.0,0.0,0.0025046963055729726,0.004140786749482402,0.0,-0.0016360904439094294,63748500.0,376800.0,1111796316.67596,42101896.5,XLF,IYF,Financials
2011-04-21,2.987713786238902,4.762173934797756,19.840271500000004,117.0,0.005622,0.005155,0.0,0.0,0.005621486570893293,0.005154639175257732,0.0,0.00046684739563556104,44159100.0,322000.0,1092874547.6183043,41679085.3,XLF,IYF,Financials
2011-04-25,2.9864707779993047,4.76200298001488,19.8156252,116.98,-0.001242,-0.000171,0.0,0.0,-0.0012422360248448294,-0.00017094017094017094,0.0,-0.0010712958539046585,30036300.0,139800.0,1077125220.6902807,41018209.0,XLF,IYF,Financials
2011-04-26,2.99267042587883,4.768139014266231,19.9388567,117.7,0.006219,0.006155,0.0,0.0,0.006218905472636776,0.006154898273209096,0.0,6.400719942768057e-05,50282400.0,260700.0,1095239943.8170311,41210106.3,XLF,IYF,Financials
2011-04-27,2.9988318748228786,4.774406503233391,20.0620882,118.44,0.00618,0.006287,0.0,0.0,0.006180469715698548,0.006287170773152081,0.0,-0.0001067010574535331,56680900.0,241100.0,1113766523.9030802,40380865.6,XLF,IYF,Financials
2011-04-28,3.006785419350484,4.782144136455451,20.22228915,119.36,0.007985,0.007768,0.0,0.0,0.007985257985257914,0.007767646065518406,0.0,0.000217611919739508,43695800.0,263300.0,1095483329.7264762,39909248.0,XLF,IYF,Financials
2011-04-29,3.0049555926734075,4.779795536147575,20.1853197,119.08,-0.001828,-0.002346,-339113370.96000004,-11908000.0,-0.035784389304718674,-0.013131294833707702,-327205370.96000004,-0.022653094471010972,24795100.0,186900.0,1070485890.5631256,39371141.0,XLF,IYF,Financials
2011-05-02,3.000672930881407,4.776936228842529,20.09905765,118.74,-0.004273,-0.002855,0.0,0.0,-0.004273504273504408,-0.0028552233792408467,0.0,-0.0014182808942635617,41557900.0,308800.0,1045290438.7740883,38916654.8,XLF,IYF,Financials
2011-05-03,3.0049555926734075,4.779795536147575,20.1853197,119.08,0.004292,0.002863,0.0,0.0,0.004291845493562368,0.0028633990230756273,0.0,0.0014284464704867406,69328600.0,282300.0,1076283919.757353,38531636.0,XLF,IYF,Financials
2011-05-04,2.996371848982016,4.771701056875722,20.0127956,118.12,-0.008547,-0.008062,0.0,0.0,-0.008547008547008617,-0.008061807188444743,0.0,-0.0004852013585638741,91421000.0,549700.0,1128626070.5367332,39691218.1,XLF,IYF,Financials
2011-05-05,2.9833564808699458,4.761318868478023,19.75400945,116.9,-0.012931,-0.010329,0.0,0.0,-0.01293103448275843,-0.010328479512360312,0.0,-0.0026025549703981177,83986000.0,342800.0,1143215926.8225737,39482975.1,XLF,IYF,Financials
2011-05-06,2.9883347114373673,4.763540521959532,19.85259465,117.16,0.004991,0.002224,0.0,0.0,0.004990642545227479,0.0022241231822070144,0.0,0.0027665193630204642,83182500.0,260100.0,1175127132.5064592,38668590.9,XLF,IYF,Financials
2011-05-09,2.9858486939979056,4.7626866238630745,19.803302050000003,117.06,-0.002483,-0.000854,0.0,0.0,-0.0024829298572313237,-0.0008535336292249915,0.0,-0.001629396228006332,38919600.0,273900.0,1153269548.1656888,38984690.4,XLF,IYF,Financials
2011-05-10,2.9951395629357513,4.772208885917529,19.9881493,118.18,0.009334,0.009568,0.0,0.0,0.009334163036714293,0.009567743037758415,0.0,-0.00023358000104412198,56299600.0,325900.0,1168638669.686151,38330097.5,XLF,IYF,Financials
2011-05-11,2.9814832364882657,4.760634288612163,19.71704,116.82,-0.013564,-0.011508,0.0,0.0,-0.013563501849568489,-0.011507869351836293,0.0,-0.0020556324977321957,78932600.0,450700.0,1181688865.8191113,39376233.2,XLF,IYF,Financials
2011-05-12,2.9814832364882657,4.760634288612163,19.71704,116.82,0.0,0.0,0.0,0.0,0.0,0.0,0.0,0.0,64076300.0,309600.0,1167680981.536895,38013522.8,XLF,IYF,Financials
2011-05-13,2.9670039152234313,4.746843344304237,19.43360755,115.22,-0.014375,-0.013696,0.0,0.0,-0.014374999999999903,-0.013696284882725451,0.0,-0.0006787151172744522,66808500.0,268200.0,1174088831.3007789,36851462.0,XLF,IYF,Financials
2011-05-16,2.9657348795201264,4.745975062579112,19.40896125,115.12,-0.001268,-0.000868,0.0,0.0,-0.0012682308180089763,-0.0008679048776254123,0.0,-0.000400325940383564,73040700.0,383700.0,1192982998.3200989,36806634.2,XLF,IYF,Financials
2011-05-17,2.973325048786802,4.751346296145693,19.55683905,115.74,0.007619,0.005386,0.0,0.0,0.007619047619047595,0.005385684503127172,0.0,0.002233363115920423,80190000.0,452300.0,1189144791.819334,36609812.3,XLF,IYF,Financials
2011-05-18,2.9777261876105534,4.756516938482616,19.6431011,116.34,0.004411,0.005184,0.0,0.0,0.004410838059231189,0.005184033177812338,0.0,-0.0007731951185811492,48867200.0,218000.0,1179375901.8478446,36437612.3,XLF,IYF,Financials
2011-05-19,2.9777261876105534,4.757891273005756,19.6431011,116.5,0.0,0.001375,0.0,0.0,0.0,0.0013752793536187038,0.0,-0.0013752793536187038,52286000.0,221400.0,1167842995.7151859,35534291.3,XLF,IYF,Financials
2011-05-20,2.9638283012495448,4.744758200195145,19.3719918,114.98,-0.013802,-0.013047,0.0,0.0,-0.013801756587201862,-0.013047210300429185,0.0,-0.0007545462867726768,72649100.0,350700.0,1194404457.5292726,35666765.6,XLF,IYF,Financials
2011-05-23,2.9497345381736855,4.731450351898421,19.1008825,113.46,-0.013995,-0.01322,0.0,0.0,-0.013994910941475884,-0.013219690380935815,0.0,-0.0007752205605400693,76029900.0,885500.0,1237256963.688872,39872516.9,XLF,IYF,Financials
2011-05-24,2.9484433824100655,4.730215674962316,19.0762362,113.32,-0.00129,-0.001234,0.0,0.0,-0.0012903225806450524,-0.0012339150361361981,0.0,-5.640754450885431e-05,64635300.0,385900.0,1248778197.765161,40524806.8,XLF,IYF,Financials
2011-05-25,2.949089168677262,4.731274062783817,19.08855935,113.44,0.000646,0.001059,0.0,0.0,0.0006459948320411843,0.0010589481115426496,0.0,-0.00041295327950146524,69637200.0,310700.0,1258385028.270783,40859303.0,XLF,IYF,Financials
2011-05-26,2.954240500094391,4.736899956665986,19.187144550000003,114.08,0.005165,0.005642,0.0,0.0,0.005164622336991801,0.005641748942172073,0.0,-0.0004771266051802727,68764700.0,262300.0,1280173485.1006236,40784087.8,XLF,IYF,Financials
2011-05-27,2.961280529170746,4.74493212836325,19.3226992,115.0,0.007065,0.008065,0.0,0.0,0.0070648683365443525,0.008064516129032258,0.0,-0.0009996477924879054,50343300.0,240800.0,1303787056.2077184,41055885.2,XLF,IYF,Financials
2011-05-31,2.971432900634764,4.754796359943904,19.5198696,116.14,0.010204,0.009913,-363069574.56,-29035000.0,-0.029183395399874426,-0.017680209075789974,-334034574.56,-0.011503186324084452,65106800.0,241300.0,1325567137.1157355,40623768.7,XLF,IYF,Financials
2011-06-01,2.9370740866458602,4.722241857573929,18.860581075,112.42,-0.033775,-0.03203,0.0,0.0,-0.03377525252525264,-0.0320303082486654,0.0,-0.0017449442765872375,120929300.0,394300.0,1369635982.6977143,41159314.8,XLF,IYF,Financials
2011-06-02,2.9380536785609297,4.723308714005133,18.8790658,112.54,0.00098,0.001067,0.0,0.0,0.0009800718719373284,0.0010674257249599715,0.0,-8.735385302264306e-05,134746600.0,592700.0,1405350989.7566485,41247909.5,XLF,IYF,Financials
2011-06-03,2.9315048666820243,4.716761648912002,18.7558343,111.8056,-0.006527,-0.006526,0.0,0.0,-0.0065274151436032655,-0.006525679758308157,0.0,-1.7353852951084228e-06,97245600.0,316400.0,1413594095.8734674,41013008.092,XLF,IYF,Financials
2011-06-06,2.912267125799583,4.69866052907543,18.39846295,109.8,-0.019054,-0.017938,0.0,0.0,-0.019053876478317924,-0.017938278583541432,0.0,-0.001115597894776492,118146000.0,439500.0,1439709913.3343213,41902197.292,XLF,IYF,Financials
2011-06-07,2.90992010041373,4.6982961639775755,18.355331925,109.76,-0.002344,-0.000364,0.0,0.0,-0.0023442732752845625,-0.00036429872495446266,0.0,-0.0019799745503301,79447300.0,393900.0,1474087161.7133148,42460783.792,XLF,IYF,Financials
2011-06-08,2.9008153334208107,4.68914361976427,18.1889694,108.76,-0.009063,-0.009111,0.0,0.0,-0.009063444108761365,-0.009110787172011662,0.0,4.73430632502974e-05,83028200.0,365300.0,1493330790.6536548,42521542.092,XLF,IYF,Financials
2011-06-09,2.912267125799583,4.697384669975903,18.39846295,109.66,0.011518,0.008275,0.0,0.0,0.011517615176151698,0.008275101140125045,0.0,0.0032425140360266523,59587500.0,312300.0,1470330849.630111,41601344.292,XLF,IYF,Financials
2011-06-10,2.905546670398325,4.688407784558147,18.27523145,108.68,-0.006698,-0.008937,0.0,0.0,-0.006697923643670485,-0.008936713478022858,0.0,0.0022387898343523734,147498100.0,957900.0,1541939196.9192731,44998199.292,XLF,IYF,Financials
2011-06-13,2.915610492337558,4.697200447281152,18.4600787,109.6398,0.010115,0.008831,0.0,0.0,0.010114632501685863,0.008831431726168444,0.0,0.0012832007755174193,95591000.0,354100.0,1565253557.5696495,45394271.751,XLF,IYF,Financials
2011-06-14,2.9206046761821813,4.704291276855899,18.552502325,110.42,0.005007,0.007116,0.0,0.0,0.0050066755674231635,0.007116029033252523,0.0,-0.00210935346582936,85254100.0,496800.0,1573455196.194295,45928527.350999996,XLF,IYF,Financials
2011-06-15,2.898780744723023,4.683796506443281,18.15199995,108.18,-0.021588,-0.020286,0.0,0.0,-0.021587512454334042,-0.020286180039847734,0.0,-0.0013013324144863087,153314900.0,872600.0,1634190652.8800325,48030960.651,XLF,IYF,Financials
2011-06-16,2.904197142528192,4.688407784558147,18.250585150000003,108.68,0.005431,0.004622,0.0,0.0,0.005431093007467817,0.00462192641893141,0.0,0.0008091665885364072,134780200.0,762800.0,1709186361.2080383,50907909.850999996,XLF,IYF,Financials
2011-06-17,2.9096515178565525,4.696472344394877,18.350402665,109.56,0.00904,0.008097,0.0,0.0,0.005469277515192322,0.00809716599190271,0.0,-0.0026278884767103874,81589600.0,368500.0,1732693502.6661224,51636897.850999996,XLF,IYF,Financials
2011-06-20,2.90891254365343,4.697019839617971,18.3368472,109.62,-0.000739,0.000548,0.0,0.0,-0.0007387012289301982,0.000547645125958379,0.0,-0.0012863463548885771,53683500.0,297400.0,1711544921.0253134,51250772.951,XLF,IYF,Financials
2011-06-21,2.9229267870282416,4.709530201312334,18.59563335,111.0,0.014113,0.012589,0.0,0.0,0.01411290322580642,0.012588943623426382,0.0,0.0015239596023800383,77632500.0,465200.0,1711114287.0081697,48809191.451,XLF,IYF,Financials
2011-06-22,2.916944715350694,4.704110133842995,18.484725,110.4,-0.005964,-0.005405,0.0,0.0,-0.005964214711729609,-0.005405405405405406,0.0,-0.0005588093063242034,86293900.0,280200.0,1729220325.0591514,48169386.051,XLF,IYF,Financials
2011-06-23,2.906894379497193,4.694279361059867,18.29987775,109.32,-0.01,-0.009783,0.0,0.0,-0.009999999999999978,-0.009782608695652294,0.0,-0.00021739130434768328,103365400.0,527600.0,1757335342.979753,49290957.251,XLF,IYF,Financials
2011-06-24,2.9008153334208107,4.6845357413688316,18.1889694,108.26,-0.006061,-0.006563,0.0,0.0,-0.006060606060606047,-0.00969630442736907,0.0,0.0036356983667630233,74354900.0,216400.0,1758987381.079887,48966171.251,XLF,IYF,Financials
2011-06-27,2.9109266430251313,4.694462293466853,18.373816650000002,109.34,0.010163,0.009976,0.0,0.0,0.010162601626016352,0.009975983742841308,0.0,0.00018661788317504355,49793800.0,332500.0,1756094066.5234573,49399348.751,XLF,IYF,Financials
2011-06-28,2.915610492337558,4.699206827914474,18.4600787,109.86,0.004695,0.004756,0.0,0.0,0.004694835680751087,0.004755807572708981,0.0,-6.097189195789377e-05,47639700.0,222200.0,1736521884.782013,49218664.251,XLF,IYF,Financials
2011-06-29,2.936093534189455,4.722241857573929,18.84209635,112.42,0.020694,0.023302,0.0,0.0,0.020694259012015898,0.023302384853449844,0.0,-0.002608125841433946,90670900.0,433400.0,1707903533.1294236,49438445.350999996,XLF,IYF,Financials
2011-06-30,2.9400099882816906,4.724551943008172,18.91603525,112.68,0.003924,0.002313,197672568.3625,-28170000.0,0.02680777873462652,-0.02584209695183991,225842568.3625,0.05264987568646643,75308300.0,243400.0,1651935759.6139884,47474638.051,XLF,IYF,Financials
2011-07-01,2.9580866586818697,4.742145641015169,19.26108345,114.68,0.018241,0.017749,0.0,0.0,0.01824104234527682,0.01774937877174299,0.0,0.0004916635735338314,63131900.0,291500.0,1621539081.3266373,47377334.459,XLF,IYF,Financials
2011-07-05,2.949089168677262,4.735847509629708,19.08855935,113.96,-0.008957,-0.006278,0.0,0.0,-0.008957133717210467,-0.006278339727938612,0.0,-0.002678793989271855,82024900.0,265300.0,1591140699.733493,46476158.859,XLF,IYF,Financials
2011-07-06,2.9439111635805086,4.732859547128981,18.989974150000002,113.62,-0.005165,-0.002983,0.0,0.0,-0.005164622336991471,-0.0029835029835029833,0.0,-0.0021811193534884876,53819800.0,363000.0,1569328452.169149,46376638.658999994,XLF,IYF,Financials
2011-07-07,2.9600042048111415,4.747884288187267,19.298052900000002,115.34,0.016223,0.015138,0.0,0.0,0.016223231667748212,0.015138179897905299,0.0,0.0010850517698429134,45429200.0,259100.0,1537653337.9525287,45884366.959,XLF,IYF,Financials
2011-07-08,2.9471505574077606,4.73707525686803,19.051589900000003,114.1,-0.012771,-0.010751,0.0,0.0,-0.012771392081736992,-0.010750823651812035,0.0,-0.002020568429924957,62210300.0,343700.0,1542097673.5586712,46132834.559,XLF,IYF,Financials
2011-07-11,2.9196078327701778,4.710070595813461,18.5340176,111.06,-0.027167,-0.026643,0.0,0.0,-0.027166882276843603,-0.026643295354951798,0.0,-0.0005235869218918054,87500700.0,490300.0,1488406553.4525247,43650241.859,XLF,IYF,Financials
2011-07-12,2.915610492337558,4.707726774313183,18.4600787,110.8,-0.003989,-0.002341,0.0,0.0,-0.003989361702127554,-0.002341076895371871,0.0,-0.0016482848067556834,64798200.0,250400.0,1459984677.8828568,43096285.2,XLF,IYF,Financials
2011-07-13,2.9162778263629905,4.708989514627088,18.47240185,110.94,0.000668,0.001264,0.0,0.0,0.0006675567423230798,0.001263537906137184,0.0,-0.0005959811638141043,86046600.0,286400.0,1460375202.1108782,41942113.2,XLF,IYF,Financials
2011-07-14,2.90891254365343,4.700116663297045,18.3368472,109.96,-0.007338,-0.008834,0.0,0.0,-0.007338225483655797,-0.008833603749774653,0.0,0.0014953782661188556,122482200.0,451200.0,1433523468.5601575,39702917.4,XLF,IYF,Financials
2011-07-15,2.906894379497193,4.699570861409576,18.29987775,109.9,-0.002016,-0.000546,0.0,0.0,-0.002016129032258011,-0.0005456529647144416,0.0,-0.0014704760675435696,107559000.0,391300.0,1408948420.2740686,37708055.7,XLF,IYF,Financials
2011-07-18,2.8933348497115605,4.686750172980514,18.05341475,108.5,-0.013468,-0.012739,0.0,0.0,-0.013468013468013445,-0.012738853503184714,0.0,-0.0007291599648287309,111403900.0,349600.0,1434649360.1836305,37585992.7,XLF,IYF,Financials
2011-07-19,2.90561409900831,4.699024761459715,18.276463765,109.84,0.012355,0.01235,0.0,0.0,0.012354948805460649,0.012350230414746545,0.0,4.718390714104209e-06,109322200.0,249000.0,1485331214.7010748,37323451.3,XLF,IYF,Financials
2011-07-20,2.916944715350694,4.708809220747577,18.484725,110.92,0.011395,0.009833,0.0,0.0,0.011395050906884262,0.009832483612527313,0.0,0.0015625672943569494,96294400.0,242700.0,1502148714.550881,36087605.5,XLF,IYF,Financials
2011-07-21,2.9406612419680105,4.72862598991501,18.9283584,113.14,0.024,0.020014,0.0,0.0,0.024000000000000025,0.02001442481067436,0.0,0.003985575189325664,153746800.0,509600.0,1567901490.679662,37423708.7,XLF,IYF,Financials
2011-07-22,2.9380536785609297,4.727210811897116,18.8790658,112.98,-0.002604,-0.001414,0.0,0.0,-0.0026041666666668127,-0.0014141771256849921,0.0,-0.0011899895409818206,49003400.0,162500.0,1519579702.1518555,35457809.6,XLF,IYF,Financials
2011-07-25,2.930847620519686,4.719569726296587,18.743511150000003,112.12,-0.00718,-0.007612,0.0,0.0,-0.007180156657963043,-0.007611966719773411,0.0,0.0004318100618103688,63749500.0,259300.0,1511702225.3126988,35740072.2,XLF,IYF,Financials
2011-07-26,2.9295318308561655,4.719034442137138,18.71886485,112.06,-0.001315,-0.000535,0.0,0.0,-0.0013149243918478676,-0.0005351409204423831,0.0,-0.0007797834714054845,91831200.0,206900.0,1551905908.8280263,35081555.4,XLF,IYF,Financials
2011-07-27,2.905546670398325,4.69519368863568,18.27523145,109.42,-0.0237,-0.023559,0.0,0.0,-0.02369980250164574,-0.0235588077815456,0.0,-0.00014099472010014116,123457600.0,387100.0,1620745088.9788828,35978834.9,XLF,IYF,Financials
2011-07-28,2.9062207519877186,4.694828057918627,18.2875546,109.38,0.000674,-0.000366,0.0,0.0,0.0006743088334457003,-0.0003655638822884299,0.0,0.0010398727157341302,65043000.0,294100.0,1594797467.9742122,35151126.4,XLF,IYF,Financials
2011-07-29,2.9031838001006576,4.691714787388277,18.232100425000002,109.04,-0.003032,-0.003108,911605.0212500001,-49068000.0,-0.002926035815888257,-0.054969840519924706,49979605.02125,0.052043804704036446,79707100.0,417800.0,1596232137.692609,36057656.4,XLF,IYF,Financials
2011-08-01,2.900137597034313,4.688591794127164,18.17664625,108.7,-0.003042,-0.003118,0.0,0.0,-0.0030415680973302946,-0.0031181217901687453,0.0,7.655369283845071e-05,74647100.0,457500.0,1603274394.494175,36872707.9,XLF,IYF,Financials
2011-08-02,2.8725747676147537,4.660983250807304,17.682487935,105.74,-0.027186,-0.027231,0.0,0.0,-0.027186440677966002,-0.027230910763569458,0.0,4.4470085603456194e-05,115519000.0,510000.0,1627120702.0909476,38057398.5,XLF,IYF,Financials
2011-08-03,2.8775106461052875,4.668332760945732,17.769982300000002,106.52,0.004948,0.007377,0.0,0.0,0.0049480800055753185,0.007376584074144127,0.0,-0.0024285040685688083,122246400.0,828500.0,1684634689.764975,40407786.5,XLF,IYF,Financials
2011-08-04,2.825560153548842,4.617888958395866,16.87039235,101.28,-0.050624,-0.049193,0.0,0.0,-0.050624133148405186,-0.04919263987983477,0.0,-0.0014314932685704149,185899800.0,823100.0,1797610062.7140675,43081735.2,XLF,IYF,Financials
2011-08-05,2.8063855247836305,4.599152113662528,16.54999045,99.4,-0.018992,-0.018562,0.0,0.0,-0.0189919649379109,-0.018562401263823063,0.0,-0.000429563674087835,178976900.0,1109700.0,1886453105.8447995,46636135.7,XLF,IYF,Financials
2011-08-08,2.706799649822141,4.499365127091115,14.981253455000001,89.96,-0.094788,-0.09497,0.0,0.0,-0.09478778853313469,-0.09496981891348089,0.0,0.00018203038034619867,260041200.0,1720700.0,2000153286.4513004,51653208.4,XLF,IYF,Financials
2011-08-09,2.7815067444555903,4.573060132069858,16.1433265,96.84,0.077569,0.076478,0.0,0.0,0.07756847906555897,0.07647843485993774,0.0,0.0010900442056212267,165540700.0,891600.0,2073963171.327311,54583119.6,XLF,IYF,Financials
2011-08-10,2.7095104577416644,4.510639702141858,15.02191985,90.98,-0.069466,-0.060512,0.0,0.0,-0.06946564885496181,-0.060512185047501034,0.0,-0.00895346380746078,270624500.0,1325500.0,2197753780.098317,59024158.3,XLF,IYF,Financials
2011-08-11,2.7637935358565198,4.565181177771728,15.85989405,96.08,0.055784,0.056056,0.0,0.0,0.055783429040196765,0.05605627610463838,0.0,-0.0002728470644416184,277931100.0,689200.0,2305854800.7523227,59854377.5,XLF,IYF,Financials
2011-08-12,2.756775963197873,4.556400021618662,15.7489857,95.24,-0.006993,-0.008743,0.0,0.0,-0.006993006993006876,-0.008742714404662781,0.0,0.0017497074116559052,135733600.0,1167100.0,2314322299.477186,63261914.2,XLF,IYF,Financials
2011-08-15,2.7883534809777073,4.587820547652979,16.25423485,98.28,0.032081,0.031919,0.0,0.0,0.03208137715179968,0.031919361612767747,0.0,0.00016201553903193167,113930600.0,293200.0,2306353995.3538804,62806119.0,XLF,IYF,Financials
2011-08-16,2.7684447070322507,4.571613402459248,15.933832950000001,96.7,-0.019712,-0.016077,0.0,0.0,-0.019711902956785456,-0.016076516076516077,0.0,-0.003635386880269379,104218400.0,524500.0,2289482762.7991905,63974568.5,XLF,IYF,Financials
2011-08-17,2.774612806772898,4.57532934397707,16.03241815,97.06,0.006187,0.003723,0.0,0.0,0.006187161639597957,0.003722854188210962,0.0,0.0024643074513869953,95854300.0,221800.0,2277322798.600968,63704949.7,XLF,IYF,Financials
2011-08-18,2.7249767815049344,4.525910505002459,15.256059700000002,92.38,-0.048424,-0.048218,0.0,0.0,-0.0484242890084551,-0.04821759736245621,0.0,-0.00020669164599888823,169264100.0,792700.0,2260929232.67165,64483623.8,XLF,IYF,Financials
2011-08-19,2.704576237204443,4.506012614454873,14.947980950000002,90.56,-0.020194,-0.019701,0.0,0.0,-0.020193861066235864,-0.01970123403334055,0.0,-0.0004926270328953139,126356200.0,901500.0,2309110815.5461836,67647653.3,XLF,IYF,Financials
2011-08-22,2.6921331069357874,4.496916600547837,14.763133700000001,89.74,-0.012366,-0.009055,0.0,0.0,-0.012366034624896922,-0.009054770318021202,0.0,-0.0033112643068757205,103528000.0,807500.0,2325786227.628017,69817270.0,XLF,IYF,Financials
2011-08-23,2.7240070060935504,4.529368472571809,15.24127192,92.7,0.032387,0.032984,0.0,0.0,0.0323873121869783,0.03298417650991754,0.0,-0.0005968643229392404,138505700.0,809300.0,2345387588.3458486,72409114.8,XLF,IYF,Financials
2011-08-24,2.75049650771303,4.554087395758775,15.6504005,95.02,0.026843,0.025027,0.0,0.0,0.02684346701164289,0.025026968716289105,0.0,0.0018164982953537863,131566900.0,562100.0,2335530511.509945,72961827.8,XLF,IYF,Financials
2011-08-25,2.7473419309645144,4.545844719903276,15.6011079,94.24,-0.00315,-0.008209,0.0,0.0,-0.003149606299212661,-0.008208798147758366,0.0,0.005059191848545705,190598500.0,735700.0,2424734029.0214624,74820013.3,XLF,IYF,Financials
2011-08-26,2.755993184292932,4.555769835692964,15.73666255,95.18,0.008689,0.009975,0.0,0.0,0.0086887835703002,0.009974533106960951,0.0,-0.0012857495366607515,98461800.0,597400.0,2429545642.4654665,75385194.3,XLF,IYF,Financials
2011-08-29,2.7966585494761924,4.594715728084233,16.389789500000003,98.96,0.041504,0.039714,0.0,0.0,0.04150352388410354,0.039714225677663376,0.0,0.0017892982064401652,97264300.0,458300.0,2441411016.09429,75166350.2,XLF,IYF,Financials
2011-08-30,2.7898686327827185,4.59127408079598,16.27888115,98.62,-0.006767,-0.003436,0.0,0.0,-0.006766917293233215,-0.0034357316087308,0.0,-0.003331185684502415,86962100.0,803800.0,2410060134.4288473,76433518.0,XLF,IYF,Financials
2011-08-31,2.8026555689485666,4.601362947645137,16.4883747,99.62,0.012869,0.01014,-1365237425.16,-39848000.0,-0.16596784463559486,-0.03913518753926132,-1325389425.16,-0.12683265709633354,87065900.0,419300.0,2373223075.356548,74109460.3,XLF,IYF,Financials
2011-09-01,2.779978860277537,4.57944203741536,16.1186802,97.46,-0.022422,-0.021682,0.0,0.0,-0.022421524663677306,-0.021682393093756275,0.0,-0.000739131569921031,100293700.0,570400.0,2297243050.9859586,72720841.1,XLF,IYF,Financials
2011-09-02,2.7378180494532587,4.542017370982823,15.453230099999999,93.88,-0.041284,-0.036733,0.0,0.0,-0.04128440366972474,-0.036733018674327926,0.0,-0.004551384995396812,106909100.0,603300.0,2231744297.8016233,70037522.3,XLF,IYF,Financials
2011-09-06,2.720118472353858,4.5263434054421205,15.182120800000002,92.42,-0.017544,-0.015552,0.0,0.0,-0.017543859649122598,-0.015551768214742225,0.0,-0.0019920914343803733,112618300.0,838600.0,2122446373.2490382,66172984.3,XLF,IYF,Financials
2011-09-07,2.7668967191070353,4.570578741218473,15.90918665,96.6,0.04789,0.045228,0.0,0.0,0.04788961038961021,0.04522830556156676,0.0,0.0026613048280434495,114588800.0,363100.0,2079978225.152087,63609630.1,XLF,IYF,Financials
2011-09-08,2.744969450610884,4.550925171135695,15.564138450000002,94.72,-0.021689,-0.019462,0.0,0.0,-0.021688613477923984,-0.019461697722567287,0.0,-0.0022269157553566968,85243200.0,339700.0,1943050096.0658226,59188749.8,XLF,IYF,Financials
2011-09-09,2.712786463947565,4.520265678897648,15.07121245,91.86,-0.031671,-0.030194,0.0,0.0,-0.03167062549485362,-0.030194256756756757,0.0,-0.0014763687380968601,128804700.0,632100.0,1819714356.0187504,58781068.3,XLF,IYF,Financials
2011-09-12,2.7241687006528807,4.5306621338130295,15.24373655,92.82,0.011447,0.010451,0.0,0.0,0.011447260834014743,0.010450685826257348,0.0,0.000996575007757395,117516800.0,973600.0,1802400786.7182267,57741815.7,XLF,IYF,Financials
2011-09-13,2.730615137159201,4.536677189542791,15.34232175,93.38,0.006467,0.006033,0.0,0.0,0.0064672594987873104,0.006033182503770739,0.0,0.0004340769950165711,98551800.0,1733400.0,1785408721.5002384,64394275.5,XLF,IYF,Financials
2011-09-14,2.7425913282059167,4.5502915244781015,15.527169,94.66,0.012048,0.013708,0.0,0.0,0.012048192771084435,0.01370743199828657,0.0,-0.0016592392272021354,101255200.0,787400.0,1780989122.8308647,65585082.2,XLF,IYF,Financials
2011-09-15,2.76767101260294,4.572026967394837,15.9215098,96.74,0.025397,0.021973,0.0,0.0,0.025396825396825407,0.021973378406930064,0.0,0.003423446989895343,104364600.0,334500.0,1787232411.9607415,66126663.3,XLF,IYF,Financials
2011-09-16,2.7665093474190616,4.574298522321004,15.903025075,96.96,0.002733,0.002274,0.0,0.0,-0.001160990712074328,0.0022741368616911307,0.0,-0.003435127573765459,79508700.0,273100.0,1721338693.7164352,63789170.8,XLF,IYF,Financials
2011-09-19,2.739411675288537,4.549868870203002,15.477876400000001,94.62,-0.026734,-0.024134,0.0,0.0,-0.02673382409918631,-0.024133663366336634,0.0,-0.0026001607328496774,103833000.0,451600.0,1707255907.202776,61843698.4,XLF,IYF,Financials
2011-09-20,2.736221879920437,4.547329186298241,15.4285838,94.38,-0.003185,-0.002537,0.0,0.0,-0.0031847133757962995,-0.0025364616360177552,0.0,-0.0006482517397785443,55364300.0,355500.0,1673545659.022013,59898050.4,XLF,IYF,Financials
2011-09-21,2.685432914365968,4.4978076676595915,14.6645485,89.82,-0.049521,-0.048315,0.0,0.0,-0.049520766773162826,-0.04831532104259377,0.0,-0.001205445730569056,119874300.0,769300.0,1655890631.5261931,59601871.2,XLF,IYF,Financials
2011-09-22,2.656445377492716,4.469350462845557,14.245561400000001,87.3,-0.028571,-0.028056,0.0,0.0,-0.02857142857142856,-0.028056112224448898,0.0,-0.0005153163469796621,204256500.0,1270500.0,1698424323.2539756,62477066.6,XLF,IYF,Financials
2011-09-23,2.6667724916485653,4.474833684260088,14.3934392,87.78,0.010381,0.010278,0.0,0.0,0.010380622837370117,0.005498281786941581,0.0,0.004882341050428536,119172200.0,515000.0,1635511825.8015802,61270783.2,XLF,IYF,Financials
2011-09-26,2.710330465987695,4.510419849442281,15.034243,90.96,0.044521,0.036227,0.0,0.0,0.044520547945205456,0.036226930963773066,0.0,0.00829361698143239,111138800.0,570100.0,1641583206.0647206,61020571.4,XLF,IYF,Financials
2011-09-27,2.71523644475655,4.5172129072289495,15.1081819,91.58,0.004918,0.006816,0.0,0.0,0.004918032786885351,0.006816182937554969,0.0,-0.0018981501506696178,140545000.0,547100.0,1668045107.1782532,61258073.9,XLF,IYF,Financials
2011-09-28,2.6858529941873104,4.489310299893557,14.670710075,89.06,-0.028956,-0.027517,0.0,0.0,-0.02895595432300165,-0.027516925092815024,0.0,-0.0014390292301866246,102686500.0,589500.0,1672587016.1613567,59919579.6,XLF,IYF,Financials
2011-09-29,2.7136037913326643,4.512616204377483,15.083535600000001,91.16,0.028139,0.02358,0.0,0.0,0.028139437211255815,0.023579609252189535,0.0,0.00455982795906628,103129700.0,723900.0,1678586282.0900865,61130582.5,XLF,IYF,Financials
2011-09-30,2.6778411444577555,4.4802870038414015,14.553640150000001,88.26,-0.035131,-0.031812,-319452401.2925,-48543000.0,-0.0899769722727885,-0.10008185101427752,-270909401.2925,0.01010487874148902,96295700.0,643700.0,1667828826.560967,61191671.4,XLF,IYF,Financials
2011-10-03,2.631925760318397,4.4331949212482815,13.900513199999999,84.2,-0.044877,-0.046001,0.0,0.0,-0.04487722269263346,-0.04600045320643553,0.0,0.0011232305138020732,160378800.0,1038200.0,1696691661.7767797,62730603.2,XLF,IYF,Financials
2011-10-04,2.6710441769138686,4.471867338673671,14.455054950000001,87.52,0.039894,0.03943,0.0,0.0,0.039893617021276674,0.039429928741092635,0.0,0.00046368828018403946,224038500.0,1525400.0,1773126871.4530263,65530583.0,XLF,IYF,Financials
2011-10-05,2.685432914365968,4.483002552013883,14.6645485,88.5,0.014493,0.011198,0.0,0.0,0.014492753623188376,0.011197440585009141,0.0,0.003295313038179235,120662700.0,1220100.0,1770449341.9075978,69175752.5,XLF,IYF,Financials
2011-10-06,2.7160517729713045,4.514588807756853,15.12050505,91.34,0.031093,0.03209,0.0,0.0,0.03109243697478996,0.03209039548022599,0.0,-0.00099795850543603,139313600.0,916900.0,1809437093.1882298,71754415.6,XLF,IYF,Financials
2011-10-07,2.6795331922387797,4.478926459413841,14.57828645,88.14,-0.03586,-0.035034,0.0,0.0,-0.03585982070089647,-0.03503393912853076,0.0,-0.0008258815723657109,154105200.0,805600.0,1824704430.727031,72401459.5,XLF,IYF,Financials
2011-10-10,2.7298116015595175,4.5263434054421205,15.3299986,92.42,0.051564,0.048559,0.0,0.0,0.051563820794589973,0.04855911050601316,0.0,0.003004710288576816,98811200.0,522000.0,1810873451.640295,70295143.9,XLF,IYF,Financials
2011-10-11,2.729007419771104,4.5263434054421205,15.31767545,92.42,-0.000804,0.0,0.0,0.0,-0.0008038585209004103,0.0,0.0,-0.0008038585209004103,96027900.0,736500.0,1808818990.7254653,65605265.8,XLF,IYF,Financials
2011-10-12,2.754033552076563,4.54775291511814,15.705854675,94.42,0.025342,0.02164,0.0,0.0,0.02534191472244585,0.02164033758926639,0.0,0.003701577133179458,127096800.0,656400.0,1830016854.1219025,64977366.0,XLF,IYF,Financials
2011-10-13,2.730615137159201,4.530446639792155,15.34232175,92.8,-0.023146,-0.017157,0.0,0.0,-0.023146331894860702,-0.017157381910612158,0.0,-0.005988949984248544,116498900.0,491100.0,1836302934.4043021,65638093.5,XLF,IYF,Financials
2011-10-14,2.7425913282059167,4.543932876516902,15.527169,94.06,0.012048,0.013578,0.0,0.0,0.012048192771084302,0.013577586206896551,0.0,-0.0015293934358122496,121108400.0,434800.0,1867105021.6212494,66358969.1,XLF,IYF,Financials
2011-10-17,2.711149802371098,4.512396785835737,15.046566150000002,91.14,-0.030952,-0.031044,0.0,0.0,-0.03095238095238083,-0.03104401445885605,0.0,9.163350647522009e-05,87862200.0,513100.0,1852850524.828416,66560646.2,XLF,IYF,Financials
2011-10-18,2.7575581298392358,4.555769835692964,15.761308849999999,95.18,0.047502,0.044327,0.0,0.0,0.04750204750204735,0.04432740838270792,0.0,0.003174639119339427,183973100.0,967800.0,1955123730.1840954,69488801.9,XLF,IYF,Financials
2011-10-19,2.7433846642253124,4.541164856012179,15.53949215,93.8,-0.014074,-0.014499,0.0,0.0,-0.014073494917904673,-0.014498844295019962,0.0,0.00042534937711528886,132416300.0,443500.0,1970112708.5905204,68113890.6,XLF,IYF,Financials
2011-10-20,2.758339685174056,4.554718642491993,15.773632000000001,95.08,0.015067,0.013646,0.0,0.0,0.015067406819984289,0.013646055437100213,0.0,0.0014213513828840764,123664000.0,586300.0,1922156804.3679652,65355428.3,XLF,IYF,Financials
2011-10-21,2.783794202563189,4.578620850754555,16.18029595,97.38,0.025781,0.02419,0.0,0.0,0.025781250000000023,0.024190155658392932,0.0,0.001591094341607091,171210200.0,463000.0,1974903498.8993878,65349440.3,XLF,IYF,Financials
2011-10-24,2.8056406457920198,4.601965055039143,16.5376673,99.68,0.022087,0.023619,0.0,0.0,0.022086824067021935,0.023618812897925653,0.0,-0.0015319888309037188,101646300.0,501500.0,1975408747.1867676,65256101.5,XLF,IYF,Financials
2011-10-25,2.7753811510289075,4.573060132069858,16.044741300000002,96.84,-0.029806,-0.028491,0.0,0.0,-0.029806259314455845,-0.028491171749598716,0.0,-0.0013150875648571293,137942900.0,430800.0,1979902683.1635811,64836864.2,XLF,IYF,Financials
2011-10-26,2.7928920666807158,4.588634217347992,16.32817375,98.36,0.017665,0.015696,0.0,0.0,0.017665130568356203,0.01569599339116068,0.0,0.001969137177195525,136213200.0,424900.0,2015784129.4899316,64301478.9,XLF,IYF,Financials
2011-10-27,2.8508049128461495,4.643236386794547,17.3017026,103.88,0.059623,0.05612,0.0,0.0,0.05962264150943381,0.05612037413582757,0.0,0.0035022673736062396,232701700.0,787200.0,2139312884.8172867,65090659.5,XLF,IYF,Financials
2011-10-28,2.851516910028239,4.642273273939594,17.314025750000003,103.78,0.000712,-0.000963,0.0,0.0,0.0007122507122509424,-0.0009626492106276473,0.0,0.0016748999228785896,136007300.0,477400.0,2186981931.2470675,64727240.0,XLF,IYF,Financials
2011-10-31,2.811213760718452,4.608365076884611,16.630090925,100.32,-0.039502,-0.03334,1326249751.2687502,-30095999.999999996,0.17082148559412622,-0.07333949136435829,1356345751.2687502,0.2441609769584845,110355800.0,487900.0,2167275899.3321157,62803724.4,XLF,IYF,Financials
2011-11-01,2.7630162330579577,4.563722996073918,15.8475709,95.94,-0.047055,-0.04366,0.0,0.0,-0.04705446461652478,-0.04366028708133971,0.0,-0.003394177535185068,214423800.0,737200.0,2175256276.5687075,59664922.4,XLF,IYF,Financials
2011-11-02,2.7921370647573465,4.590056548178043,16.3158506,98.5,0.029549,0.026683,0.0,0.0,0.02954898911353054,0.026683343756514488,0.0,0.002865645357016052,115261900.0,443300.0,2180812872.767767,56449232.4,XLF,IYF,Financials
2011-11-03,2.809359504670757,4.607766811835357,16.59928305,100.26,0.017372,0.017868,0.0,0.0,0.01737160120845918,0.01786802030456853,0.0,-0.0004964190961093476,111812900.0,463600.0,2168288971.9381504,54585776.9,XLF,IYF,Financials
2011-11-04,2.795530093460261,4.596331237320887,16.371304775000002,99.12,-0.013734,-0.01137,0.0,0.0,-0.013734224201930177,-0.011370436864153202,0.0,-0.0023637873377769757,92679900.0,246000.0,2131824028.9572494,52254673.7,XLF,IYF,Financials
2011-11-07,2.801159682356984,4.601764392853259,16.4637284,99.66,0.005645,0.005448,0.0,0.0,0.005645464809935939,0.005447941888619854,0.0,0.0001975229213160845,82412300.0,264800.0,2123925937.2749996,51162010.1,XLF,IYF,Financials
2011-11-08,2.819699330911859,4.6196646321385435,16.77180715,101.46,0.018713,0.018061,0.0,0.0,0.0187125748502994,0.018061408789885613,0.0,0.0006511660604137867,114055300.0,440900.0,2146025401.7595165,49995329.3,XLF,IYF,Financials
2011-11-09,2.7637935358565198,4.569128414640826,15.85989405,96.46,-0.054372,-0.049281,0.0,0.0,-0.05437178545187373,-0.04928050463236743,0.0,-0.0050912808195063,117094100.0,430700.0,2139072209.2306447,48973731.0,XLF,IYF,Financials
2011-11-10,2.7684447070322507,4.573266636975083,15.933832950000001,96.86,0.004662,0.004147,0.0,0.0,0.00466200466200476,0.004146796599626789,0.0,0.0005152080623779714,142358300.0,508800.0,2163119697.4268904,49159145.4,XLF,IYF,Financials
2011-11-11,2.791759349927549,4.59491780952374,16.309689025,98.98,0.023589,0.021887,0.0,0.0,0.023588553750966766,0.021887259962832955,0.0,0.0017012937881338112,92576800.0,364000.0,2144591108.6673913,48915717.0,XLF,IYF,Financials
2011-11-14,2.771687702693556,4.576359104133972,15.98559018,97.16,-0.019872,-0.018388,0.0,0.0,-0.019871552701171143,-0.018387553041018388,0.0,-0.0014839996601527551,63139400.0,255700.0,2128955917.0787194,47819710.9,XLF,IYF,Financials
2011-11-15,2.776148905385238,4.581287245524759,16.05706445,97.64,0.004471,0.00494,0.0,0.0,0.004471168670983535,0.004940304652120214,0.0,-0.0004691359811366787,90124100.0,366900.0,2056329498.729035,45005156.5,XLF,IYF,Financials
2011-11-16,2.751283599449847,4.5582882000879605,15.662723650000002,95.42,-0.024559,-0.022737,0.0,0.0,-0.024558710667689793,-0.02273658336747235,0.0,-0.0018221273002174444,91206200.0,388300.0,2024872271.298264,44777720.8,XLF,IYF,Financials
2011-11-17,2.7314180276077913,4.538602941715978,15.354644900000002,93.56,-0.01967,-0.019493,0.0,0.0,-0.01966955153422502,-0.019492768811569902,0.0,-0.00017678272265511663,145010200.0,1620900.0,2038669756.3097634,49573020.8,XLF,IYF,Financials
2011-11-18,2.7346231585567398,4.542869159790712,15.403937500000001,93.96,0.00321,0.004275,0.0,0.0,0.0032102728731942883,0.004275331338178709,0.0,-0.001065058464984421,85049100.0,495900.0,1965662722.068391,49648412.0,XLF,IYF,Financials
2011-11-21,2.7095104577416644,4.520047932571257,15.02191985,91.84,-0.0248,-0.022563,0.0,0.0,-0.024800000000000096,-0.022562792677735206,0.0,-0.00223720732226489,97762400.0,440000.0,1955042034.3417733,49169416.0,XLF,IYF,Financials
2011-11-22,2.7004457067551533,4.512177319138927,14.8863652,91.12,-0.009024,-0.00784,0.0,0.0,-0.0090237899917966,-0.0078397212543554,0.0,-0.0011840687374412,66213500.0,349900.0,1893663044.216695,48677626.8,XLF,IYF,Financials
2011-11-23,2.6727477548386522,4.482776537774025,14.47970125,88.48,-0.027318,-0.028973,0.0,0.0,-0.02731788079470198,-0.02897278314310799,0.0,0.0016549023484060087,82556600.0,527400.0,1842227149.5953076,48921186.2,XLF,IYF,Financials
2011-11-25,2.675297692471925,4.4868369990262265,14.5166707,88.84,0.002553,0.004069,0.0,0.0,0.0025531914893617553,0.00406871609403255,0.0,-0.0015155246046707946,31766100.0,178800.0,1663977269.85575,45626699.0,XLF,IYF,Financials
2011-11-28,2.704576237204443,4.515683019486556,14.947980950000002,91.44,0.029711,0.029266,0.0,0.0,0.029711375212224136,0.029266096352994146,0.0,0.0004452788592299896,68526000.0,569300.0,1597451842.2653365,45752310.0,XLF,IYF,Financials
2011-11-29,2.6992032133254793,4.509539954972841,14.867880475,90.88,-0.005359,-0.006124,0.0,0.0,-0.005358615004122051,-0.006124234470691163,0.0,0.0007656194665691118,63631600.0,284600.0,1552993844.0219312,44598226.0,XLF,IYF,Financials
2011-11-30,2.759120630157127,4.567675981560511,15.785955150000001,96.32,0.061749,0.059859,-1449150682.7700002,77056000.0,-0.1577996144415594,0.1818573310365792,-1526206682.7700002,-0.3396569454781386,137127300.0,590900.0,1491323295.7465897,43907652.0,XLF,IYF,Financials
2011-12-01,2.753641164392502,4.561636183964363,15.699693100000001,95.74,-0.005465,-0.006022,0.0,0.0,-0.005464480874316988,-0.0060215946843853825,0.0,0.0005571138100683949,68474700.0,315300.0,1451045087.4887114,43233740.6,XLF,IYF,Financials
2011-12-02,2.7668967191070353,4.573060132069858,15.90918665,96.84,0.013344,0.011489,0.0,0.0,0.01334379905808489,0.01148945059536244,0.0,0.0018543484627224494,128136800.0,211600.0,1460172002.09833,41934281.0,XLF,IYF,Financials
2011-12-05,2.786836030003674,4.589447225522855,16.22958855,98.44,0.020139,0.016522,0.0,0.0,0.020139426800929346,0.016522098306484923,0.0,0.0036173284944444224,100744600.0,469600.0,1466059627.9592204,43026476.2,XLF,IYF,Financials
2011-12-06,2.7875950433228454,4.589650374330055,16.2419117,98.46,0.000759,0.000203,0.0,0.0,0.0007593014426727478,0.0002031694433157253,0.0,0.0005561319993570226,56679600.0,323300.0,1444248194.6778204,43298583.7,XLF,IYF,Financials
2011-12-07,2.799661554735962,4.600157644164547,16.4390821,99.5,0.01214,0.010563,0.0,0.0,0.012139605462822566,0.010562665041641276,0.0,0.0015769404211812901,91595100.0,251000.0,1423889488.318936,42310623.0,XLF,IYF,Financials
2011-12-08,2.7599009657410085,4.567260612914871,15.798278300000002,96.28,-0.038981,-0.032362,0.0,0.0,-0.03898050974512745,-0.032361809045226134,0.0,-0.006618700699901316,122080600.0,344400.0,1427467652.01648,41891298.5,XLF,IYF,Financials
2011-12-09,2.7815067444555903,4.5872098606110985,16.1433265,98.22,0.021841,0.02015,0.0,0.0,0.021840873634945416,0.0201495637723307,0.0,0.0016913098626147142,98189600.0,381100.0,1393307322.0394006,41298762.2,XLF,IYF,Financials
2011-12-12,2.7575581298392358,4.5666372362713075,15.761308849999999,96.22,-0.023664,-0.020363,0.0,0.0,-0.023664122137404788,-0.020362451639177357,0.0,-0.003301670498227431,97757900.0,425800.0,1394852003.8142905,41545850.0,XLF,IYF,Financials
2011-12-13,2.7433846642253124,4.550925171135695,15.53949215,94.72,-0.014074,-0.015589,0.0,0.0,-0.014073494917904567,-0.015589274579089585,0.0,0.0015157796611850183,121142700.0,430900.0,1438510776.9677262,42344401.8,XLF,IYF,Financials
2011-12-14,2.739411675288537,4.5490230253650905,15.477876400000001,94.54,-0.003965,-0.0019,0.0,0.0,-0.003965107057890424,-0.001900337837837838,0.0,-0.002064769220052586,95822200.0,376200.0,1440310561.2566178,42331493.4,XLF,IYF,Financials
2011-12-15,2.7402075368506407,4.552402120449436,15.490199550000002,94.86,0.000796,0.003385,0.0,0.0,0.0007961783439490516,0.0033848106621535857,0.0,-0.0025886323182045343,61614100.0,310700.0,1416604421.172969,41952564.2,XLF,IYF,Financials
2011-12-16,2.7378180494532587,4.556400021618662,15.453230099999999,95.24,0.004013,0.004006,0.0,0.0,-0.002386634844868931,0.004005903436643475,0.0,-0.006392538281512405,99468700.0,364000.0,1382131050.2214637,36103362.0,XLF,IYF,Financials
2011-12-19,2.7148285312285605,4.537319519079917,15.102020325000002,93.44,-0.022727,-0.0189,0.0,0.0,-0.022727272727272492,-0.01889962200755985,0.0,-0.003827650719712642,66562600.0,279500.0,1366887986.0841432,35079447.8,XLF,IYF,Financials
2011-12-20,2.7520700721604605,4.571613402459248,15.675046800000002,96.7,0.037944,0.034889,0.0,0.0,0.03794369645042846,0.03488869863013699,0.0,0.0030549978202914704,102861600.0,369500.0,1374077058.9231052,34845500.3,XLF,IYF,Financials
2011-12-21,2.7575581298392358,4.578004517915322,15.761308849999999,97.32,0.005503,0.006412,0.0,0.0,0.0055031446540877525,0.006411582213029989,0.0,-0.0009084375589422369,79653900.0,413300.0,1387565627.764946,35262473.7,XLF,IYF,Financials
2011-12-22,2.7780657163995763,4.589244035437832,16.087872325,98.42,0.020719,0.017471,0.0,0.0,0.02071931196247078,0.011302918207973694,0.0,0.009416393754497087,64955000.0,506000.0,1380045269.8976772,35419282.1,XLF,IYF,Financials
2011-12-23,2.785316272872258,4.596331237320887,16.204942250000002,99.12,0.007277,0.007112,0.0,0.0,0.007276905400229946,0.007112375533428165,0.0,0.0001645298668017806,30659300.0,252300.0,1381829978.537785,35875451.3,XLF,IYF,Financials
2011-12-27,2.7795965241994707,4.592895155112479,16.112518625,98.78,-0.005703,-0.00343,0.0,0.0,-0.005703422053232072,-0.003430185633575464,0.0,-0.002273236419656608,27033100.0,296500.0,1352392277.7708745,34737025.2,XLF,IYF,Financials
2011-12-28,2.763404959982192,4.579236803961587,15.853732475000001,97.44,-0.016061,-0.013566,0.0,0.0,-0.016061185468451217,-0.01356549908888439,0.0,-0.002495686379566828,42927900.0,225800.0,1339117298.7249017,34543900.4,XLF,IYF,Financials
2011-12-29,2.779214041884615,4.592692664476979,16.10635705,98.76,0.015935,0.013547,0.0,0.0,0.015934706568208373,0.013546798029556651,0.0,0.0023879085386517215,37696700.0,238300.0,1261240853.8332086,32874851.4,XLF,IYF,Financials
2011-12-30,2.773843871710021,4.585987366571318,16.020095,98.1,-0.005356,-0.006683,267535586.50000003,-19620000.0,0.041813209727848535,-0.03231685807235527,287155586.5,0.07413006780020381,27731300.0,356100.0,1229702168.101155,33112180.8,XLF,IYF,Financials
2012-01-03,2.799661554735962,4.608564419056107,16.4390821,100.34,0.026154,0.022834,0.0,0.0,0.026153846153845996,0.022833843017329256,0.0,0.003320003136516741,83969000.0,490800.0,1196793218.9472141,34549957.2,XLF,IYF,Financials
2012-01-04,2.7966585494761924,4.603969465411573,16.389789500000003,99.88,-0.002999,-0.004584,0.0,0.0,-0.002998500749625068,-0.004584412995814232,0.0,0.0015859122461891638,56729400.0,332200.0,1161530194.8385625,33897592.8,XLF,IYF,Financials
2012-01-05,2.810101619732645,4.61512051684126,16.6116062,101.0,0.013534,0.011214,0.0,0.0,0.013533834586466018,0.011213456147376852,0.0,0.0023203784390891657,73058700.0,452900.0,1176182059.6131935,34593131.9,XLF,IYF,Financials
2012-01-06,2.8037760172450565,4.611152257665639,16.506859425000002,100.6,-0.006306,-0.00396,0.0,0.0,-0.006305637982195653,-0.0039603960396039604,0.0,-0.0023452419425916927,68140700.0,284000.0,1157134538.9713628,34772926.9,XLF,IYF,Financials
2012-01-09,2.8089882405120465,4.6147243987929025,16.593121475,100.96,0.005226,0.003579,0.0,0.0,0.005225830533781091,0.0035785288270377734,0.0,0.0016473017067433178,56206000.0,400700.0,1107333023.5610065,35137718.9,XLF,IYF,Financials
2012-01-10,2.8270200078227075,4.630642981961122,16.89503865,102.58,0.018195,0.016046,0.0,0.0,0.018195321203119154,0.016045958795562597,0.0,0.0021493624075565564,69890300.0,558900.0,1087117650.9637914,36132734.9,XLF,IYF,Financials
2012-01-11,2.8382621933162255,4.640344260995746,17.086047475,103.58,0.011306,0.009748,0.0,0.0,0.0113056163384392,0.009748488984207448,0.0,0.0015571273542317517,65750500.0,574400.0,1066248836.4676697,37059028.7,XLF,IYF,Financials
2012-01-12,2.8422211691547576,4.6430438384161725,17.1538248,103.86,0.003967,0.002703,0.0,0.0,0.003966822935448833,0.0027032245607260088,0.0,0.0012635983747228243,76448600.0,635700.0,1037693329.2139437,38319476.4,XLF,IYF,Financials
2012-01-13,2.8346494726238642,4.6368626327205815,17.024431725,103.22,-0.007543,-0.006162,0.0,0.0,-0.007543103448275844,-0.006162141344117081,0.0,-0.0013809621041587635,77180800.0,522200.0,1029235083.8191836,39236253.2,XLF,IYF,Financials
2012-01-17,2.8270200078227075,4.630837932736669,16.89503865,102.6,-0.0076,-0.006007,0.0,0.0,-0.007600434310532013,-0.006006587870567719,0.0,-0.0015938464399642936,72320100.0,405800.0,1042606892.848094,39844357.1,XLF,IYF,Financials
2012-01-18,2.8422211691547576,4.644583188344926,17.1538248,104.02,0.015317,0.01384,0.0,0.0,0.015317286652078738,0.013840155945419104,0.0,0.0014771307066596337,96251900.0,448200.0,1048305668.8690565,40442077.3,XLF,IYF,Financials
2012-01-19,2.851516910028239,4.65224459337402,17.314025750000003,104.82,0.009339,0.007691,0.0,0.0,0.009339080459770308,0.007690828686791002,0.0,0.0016482517729793063,106724100.0,329300.0,1090435372.742093,40862114.6,XLF,IYF,Financials
2012-01-20,2.857902174716911,4.657762636107262,17.4249341,105.4,0.006406,0.005533,0.0,0.0,0.006405693950177941,0.00553329517267697,0.0,0.0008723987775009715,93280900.0,192900.0,1091088029.8103836,40092165.1,XLF,IYF,Financials
2012-01-23,2.8614320054204354,4.660037087428932,17.48654985,105.64,0.003536,0.002277,0.0,0.0,0.0035360678925033576,0.0022770398481973433,0.0,0.0012590280443060143,80687100.0,306800.0,1098862493.6801295,39701564.9,XLF,IYF,Financials
2012-01-24,2.8600215679510734,4.65946895939547,17.461903550000002,105.58,-0.001409,-0.000568,0.0,0.0,-0.0014094432699082561,-0.0005679666792881485,0.0,-0.0008414765906201077,65518000.0,202200.0,1103816556.1760557,38278952.7,XLF,IYF,Financials
2012-01-25,2.862136478855699,4.66287289611638,17.498873,105.94,0.002117,0.00341,0.0,0.0,0.0021171489061396842,0.0034097366925554084,0.0,-0.0012925877864157242,84293200.0,462400.0,1152726746.9579647,39477886.7,XLF,IYF,Financials
2012-01-26,2.8535788397288746,4.656623467577007,17.349762885,105.28,-0.008521,-0.00623,0.0,0.0,-0.008521126760563436,-0.0062299414763073435,0.0,-0.002291185284256092,84659200.0,276600.0,1204389032.8975797,39469495.6,XLF,IYF,Financials
2012-01-27,2.8571947109449205,4.659090027977522,17.41261095,105.54,0.003622,0.00247,0.0,0.0,0.0036224163647987045,0.0024696048632218844,0.0,0.0011528115015768201,84117100.0,208200.0,1243595577.6090143,39468069.4,XLF,IYF,Financials
2012-01-30,2.847951843863743,4.651099117876491,17.25241,104.7,-0.0092,-0.007959,0.0,0.0,-0.009200283085633445,-0.007959067652075043,0.0,-0.0012412154335584014,58262100.0,166200.0,1263495833.9517274,39161401.0,XLF,IYF,Financials
2012-01-31,2.8518727186069794,4.65434122999454,17.320187325,105.04,0.003929,0.003247,1270349139.352125,47268000.0,0.20355752919305165,0.06304357451438042,1223081139.352125,0.14051395467867123,67089600.0,312700.0,1299383152.9060187,39057030.9,XLF,IYF,Financials
2012-02-01,2.8677544711599223,4.6703959709057985,17.5974582,106.74,0.016009,0.016184,0.0,0.0,0.01600853788687304,0.016184310738766184,0.0,-0.00017577285189314396,71418900.0,128400.0,1293204044.0352726,37279958.1,XLF,IYF,Financials
2012-02-02,2.8726444564541143,4.676560182074764,17.68372025,107.4,0.004902,0.006183,0.0,0.0,0.004901960784313842,0.006183249016301293,0.0,-0.0012812882319874512,53338900.0,230300.0,1293876407.114344,36857662.3,XLF,IYF,Financials
2012-02-03,2.8991201304381424,4.700298531079668,18.158161525,109.98,0.026829,0.024022,0.0,0.0,0.026829268292682947,0.024022346368715083,0.0,0.0028069219239678644,86787400.0,442300.0,1311990270.7968862,37002725.0,XLF,IYF,Financials
2012-02-06,2.8943582166778987,4.696472344394877,18.071899475,109.56,-0.004751,-0.003819,0.0,0.0,-0.004750593824228141,-0.0038188761593016913,0.0,-0.0009317176649264493,44908200.0,171200.0,1296329646.795991,36512038.6,XLF,IYF,Financials
2012-02-07,2.89401721070699,4.695924549256556,18.065737900000002,109.5,-0.000341,-0.000548,0.0,0.0,-0.0003409478349810684,-0.000547645125958379,0.0,0.00020669729097731054,45645400.0,278100.0,1290928889.1518314,36011902.5,XLF,IYF,Financials
2012-02-08,2.901492610791773,4.701389043728634,18.20129255,110.1,0.007503,0.005479,0.0,0.0,0.007503410641200534,0.005479452054794521,0.0,0.0020239585864060133,53730200.0,230600.0,1280786877.612327,34414757.4,XLF,IYF,Financials
2012-02-09,2.8974220488618307,4.699206827914474,18.127353650000003,109.86,-0.004062,-0.00218,0.0,0.0,-0.00406228842247799,-0.0021798365122615805,0.0,-0.0018824519102164095,77872200.0,1136500.0,1295196914.8322544,37682734.3,XLF,IYF,Financials
2012-02-10,2.887515904659882,4.690613667805559,17.948667975,108.92,-0.009857,-0.008556,0.0,0.0,-0.009857239972807777,-0.008556344438376115,0.0,-0.001300895534431662,64638600.0,519200.0,1287636458.7904322,37209107.4,XLF,IYF,Financials
2012-02-13,2.8967420080331747,4.699206827914474,18.1150305,109.86,0.009269,0.00863,0.0,0.0,0.009268795056642683,0.008630187293426368,0.0,0.0006386077632163159,47038200.0,320700.0,1264543417.1696432,36275638.3,XLF,IYF,Financials
2012-02-14,2.887172557017024,4.690430029938915,17.942506400000003,108.9,-0.009524,-0.008738,0.0,0.0,-0.009523809523809391,-0.008738394320043691,0.0,-0.0007854152037656999,80588900.0,322900.0,1275749215.636998,35952074.8,XLF,IYF,Financials
2012-02-15,2.8809720548918767,4.684350983862532,17.83159805,108.24,-0.006181,-0.006061,0.0,0.0,-0.006181318681318792,-0.006060606060606061,0.0,-0.00012071262071273146,75979100.0,396100.0,1260936242.7436795,35764679.8,XLF,IYF,Financials
2012-02-16,2.896401814119365,4.699388861227073,18.108868925,109.88,0.015549,0.015152,0.0,0.0,0.015549412577746979,0.015151515151515152,0.0,0.0003978974262318271,78050500.0,412700.0,1239215365.6679363,36306192.3,XLF,IYF,Financials
2012-02-17,2.9028457909711927,4.704472387061954,18.22593885,110.44,0.006465,0.005097,0.0,0.0,0.006464783940115617,0.005096468875136513,0.0,0.0013683150649791047,61475400.0,325900.0,1213967032.9624665,37089229.1,XLF,IYF,Financials
2012-02-21,2.9018310775406464,4.70247836845509,18.207454125,110.22,-0.001014,-0.001992,0.0,0.0,-0.0010141987829612815,-0.00199203187250996,0.0,0.0009778330895486786,63761200.0,437500.0,1201466539.3401172,37879774.0,XLF,IYF,Financials
2012-02-22,2.888888117568169,4.691714787388277,17.973314275000003,109.04,-0.01286,-0.010706,0.0,0.0,-0.012859560067681757,-0.010705861005262203,0.0,-0.002153699062419554,74650900.0,246400.0,1211349293.831252,38155733.0,XLF,IYF,Financials
2012-02-23,2.8981016275492144,4.700662167447312,18.1396768,110.02,0.009256,0.008987,0.0,0.0,0.009256085018854793,0.008987527512839325,0.0,0.00026855750601546824,51967400.0,270800.0,1184731085.7598882,37196071.0,XLF,IYF,Financials
2012-02-24,2.8946991064033747,4.6982961639775755,18.078061050000002,109.76,-0.003397,-0.002363,0.0,0.0,-0.003396739130434659,-0.002363206689692783,0.0,-0.001033532440741876,51251400.0,138200.0,1157616530.363097,36498490.2,XLF,IYF,Financials
2012-02-27,2.90216942976854,4.705196500055216,18.2136157,110.52,0.007498,0.006924,0.0,0.0,0.007498295841853874,0.006924198250728863,0.0,0.0005740975911250109,61857500.0,405400.0,1140714050.1941223,37640059.2,XLF,IYF,Financials
2012-02-28,2.904872134116425,4.706281687356503,18.2629083,110.64,0.002706,0.001086,0.0,0.0,0.0027063599458729158,0.0010857763300760044,0.0,0.0016205836157969114,52385400.0,529500.0,1138291456.1840134,39699196.2,XLF,IYF,Financials
2012-02-29,2.9008153334208107,4.7019338544204,18.1889694,110.16,-0.004049,-0.004338,0.0,5508000.0,-0.004048582995951411,0.0018844902386117137,-5508000.0,-0.005933073234563125,93929100.0,286600.0,1165614910.4895244,39635488.6,XLF,IYF,Financials
2012-03-01,2.911597109024099,4.71330684459267,18.386139800000002,111.42,0.01084,0.011438,0.0,0.0,0.010840108401084113,0.011437908496732025,0.0,-0.0005978000956479122,66257900.0,306100.0,1163686705.7302463,40655500.9,XLF,IYF,Financials
2012-03-02,2.9079039706985452,4.707907263439203,18.318362475,110.82,-0.003686,-0.005385,0.0,0.0,-0.0036863270777480425,-0.005385029617662897,0.0,0.0016987025399148544,47804000.0,289400.0,1160309746.415855,41022355.3,XLF,IYF,Financials
2012-03-05,2.904197142528192,4.705196500055216,18.250585150000003,110.52,-0.0037,-0.002707,0.0,0.0,-0.0036999663639420816,-0.0027070925825663237,0.0,-0.000992873781375758,51621100.0,277800.0,1128620529.093449,40125270.4,XLF,IYF,Financials
2012-03-06,2.8792428481666827,4.6828716936519434,17.800790175,108.08,-0.024646,-0.022077,0.0,0.0,-0.02464550979068211,-0.022077452044878754,0.0,-0.002568057745803355,93733400.0,411700.0,1171468134.5827565,41412263.6,XLF,IYF,Financials
2012-03-07,2.891968729280517,4.695010889987881,18.02876845,109.4,0.012807,0.012213,0.0,0.0,0.012807199723087616,0.01221317542561066,0.0,0.0005940242974769566,67336600.0,231900.0,1190937041.426237,41158159.1,XLF,IYF,Financials
2012-03-08,2.901492610791773,4.703747749349085,18.20129255,110.36,0.009569,0.008775,0.0,0.0,0.009569377990430727,0.008775137111517367,0.0,0.0007942408789133604,68478200.0,188300.0,1204358674.552607,40927745.5,XLF,IYF,Financials
2012-03-09,2.909584360944402,4.711869804647147,18.34917035,111.26,0.008125,0.008155,0.0,0.0,0.00812457684495598,0.008155128669807901,0.0,-3.055182485192133e-05,74074900.0,241500.0,1201738477.0453913,36028415.5,XLF,IYF,Financials
2012-03-12,2.906894379497193,4.710070595813461,18.29987775,111.06,-0.002686,-0.001798,0.0,0.0,-0.002686366689053169,-0.0017975912277548086,0.0,-0.0008887754612983605,56289900.0,249700.0,1195234552.9849358,34587436.4,XLF,IYF,Financials
2012-03-13,2.944559882383668,4.743539855252863,19.002297300000002,114.84,0.038384,0.034036,0.0,0.0,0.03838383838383845,0.03403565640194489,0.0,0.004348181981893559,184071600.0,387600.0,1327518794.9860148,35051430.5,XLF,IYF,Financials
2012-03-14,2.9458495821402026,4.743365684739491,19.0268203685,114.82,0.001291,-0.000174,0.0,0.0,0.0012905317769130696,-0.00017415534656913968,0.0,0.0014646871234822094,130421300.0,634300.0,1379295584.651379,36934756.3,XLF,IYF,Financials
2012-03-15,2.9631919665160145,4.758749273916392,19.359668650000003,116.6,0.017494,0.015503,0.0,0.0,0.017493636616817583,0.015502525692388086,0.0,0.0019911109244294973,132299900.0,416500.0,1439618257.4027483,37219258.1,XLF,IYF,Financials
2012-03-16,2.9638283012495448,4.76080547751954,19.3719918,116.84,0.003805,0.002058,0.0,0.0,0.0006365372374282772,0.002058319039451115,0.0,-0.001421781802022838,83009100.0,325400.0,1449350523.927482,36852871.1,XLF,IYF,Financials
2012-03-19,2.968910783375301,4.767289035464526,19.4707002315,117.6,0.005095,0.006505,0.0,0.0,0.005095419847328264,0.006504621704895584,0.0,-0.0014092018575673198,112957400.0,464500.0,1503296163.584999,37784511.3,XLF,IYF,Financials
2012-03-20,2.9736400590272396,4.768478803600115,19.563000625,117.74,0.00474,0.00119,0.0,0.0,0.004740476326099223,0.0011904761904761906,0.0,0.003550000135623032,88409100.0,576600.0,1531727071.3150358,38767893.0,XLF,IYF,Financials
2012-03-21,2.9692208599160654,4.76490524410925,19.476738575,117.32,-0.004409,-0.003567,0.0,0.0,-0.004409448818897741,-0.0035671819262782403,0.0,-0.0008422668926195008,75833400.0,495500.0,1538490232.3371263,40331123.2,XLF,IYF,Financials
2012-03-22,2.9558448643082507,4.752382565668478,19.217952425,115.86,-0.013287,-0.012445,0.0,0.0,-0.013286934514394161,-0.012444595976815548,0.0,-0.0008423385375786133,105981400.0,825300.0,1593193915.487055,43622415.3,XLF,IYF,Financials
2012-03-23,2.964464231318671,4.760634288612163,19.38431495,116.82,0.008657,0.008286,0.0,0.0,0.008656620711766636,0.008285862247540134,0.0,0.00037075846422650154,73899700.0,324200.0,1618492371.5576825,44757625.9,XLF,IYF,Financials
2012-03-26,2.980057220210187,4.772885590392684,19.688943218000002,118.26,0.015715,0.015329,0.0,0.0,0.015715193897012057,0.012326656394453005,0.0,0.003388537502559052,77178100.0,374900.0,1638137696.328201,44734169.2,XLF,IYF,Financials
2012-03-27,2.970801388141405,4.76473475565943,19.50754645,117.3,-0.009213,-0.008118,0.0,0.0,-0.009213128708409471,-0.008117706747843734,0.0,-0.0010954219605657373,84939100.0,314400.0,1673149880.43882,43648931.2,XLF,IYF,Financials
2012-03-28,2.973325048786802,4.76745908903181,19.55683905,117.62,0.002527,0.002728,0.0,0.0,0.0025268477574226116,0.0027280477408354645,0.0,-0.00020119998341285288,105370100.0,678100.0,1690761508.474463,46058244.5,XLF,IYF,Financials
2012-03-29,2.9631919665160145,4.75892078579401,19.359668650000003,116.62,-0.010082,-0.008502,0.0,0.0,-0.010081915563957027,-0.008501955449753443,0.0,-0.0015799601142035841,102831400.0,672700.0,1729389249.4025226,48275475.1,XLF,IYF,Financials
2012-03-30,2.968587948502533,4.762515756711869,19.464415425000002,117.04,0.005411,0.003601,-14598311.568750001,76076000.0,0.00370530543448217,0.08463758174077084,-90674311.56875,-0.08093227630628867,59862000.0,418200.0,1743863641.2233453,49119216.1,XLF,IYF,Financials
2012-04-02,2.9764706946647213,4.770515118574929,19.618454800000002,117.98,0.007914,0.008031,0.0,0.0,0.007913896802785736,0.008031442241968558,0.0,-0.0001175454391828222,89522400.0,692100.0,1784572435.068388,51666791.2,XLF,IYF,Financials
2012-04-03,2.970801388141405,4.766948841550716,19.50754645,117.56,-0.005653,-0.00356,0.0,0.0,-0.005653266331658305,-0.003559925411086625,0.0,-0.0020933409205716796,104844700.0,783600.0,1803409148.5432365,54047965.2,XLF,IYF,Financials
2012-04-04,2.9548761361852507,4.752037261797644,19.1993444685,115.82,-0.015799,-0.014801,0.0,0.0,-0.015799115603284907,-0.014800952705001702,0.0,-0.0009981628982832051,84647600.0,322900.0,1823968271.604313,54649386.1,XLF,IYF,Financials
2012-04-05,2.951990057093495,4.7496167903531195,19.144013525000002,115.54,-0.002882,-0.002418,0.0,0.0,-0.0028819183691807812,-0.0024175444655499916,0.0,-0.0004643739036307897,58207900.0,313200.0,1817365325.2725346,55419703.1,XLF,IYF,Financials
2012-04-09,2.936747342646874,4.735671994052249,18.854419500000002,113.94,-0.015127,-0.013848,0.0,0.0,-0.015127132281944008,-0.013848018002423404,0.0,-0.0012791142795206042,88692900.0,252200.0,1833017334.4981513,55513022.0,XLF,IYF,Financials
2012-04-10,2.914942712680021,4.7140245909001735,18.44775555,111.5,-0.021569,-0.021415,0.0,0.0,-0.02156862745098052,-0.021414779708618572,0.0,-0.00015384774236194831,118224200.0,698900.0,1890560977.154881,58022805.4,XLF,IYF,Financials
2012-04-11,2.9305188353778124,4.72809553282539,18.737349575,113.08,0.015698,0.01417,0.0,0.0,0.015698062792251184,0.014170403587443946,0.0,0.0015276592048072378,74287200.0,469100.0,1785269075.5379436,58449497.6,XLF,IYF,Financials
2012-04-12,2.949089168677262,4.746669748261791,19.08855935,115.2,0.018744,0.018748,0.0,0.0,0.0187438342650444,0.01874778917580474,0.0,-3.954910760339131e-06,87454000.0,424700.0,1744662486.6413765,57254253.3,XLF,IYF,Financials
2012-04-13,2.925574042048749,4.727033773744932,18.64492595,112.96,-0.023241,-0.019444,0.0,0.0,-0.023240800516462178,-0.019444444444444445,0.0,-0.003796356072017733,92650400.0,364000.0,1702971367.6818635,56881930.3,XLF,IYF,Financials
2012-04-16,2.9328180645069843,4.733211535868976,18.7804806,113.66,0.00727,0.006197,0.0,0.0,0.0072703238598809975,0.006196883852691218,0.0,0.0010734400071897793,112223200.0,488700.0,1727949068.9790905,57758225.6,XLF,IYF,Financials
2012-04-17,2.945856058845114,4.7464961220785264,19.0269436,115.18,0.013123,0.013373,0.0,0.0,0.013123359580052474,0.01337321837057892,0.0,-0.000249858790526445,66459000.0,344900.0,1681206667.4982285,57013244.7,XLF,IYF,Financials
2012-04-18,2.939358310187594,4.739351367454111,18.9037121,114.36,-0.006477,-0.007119,0.0,0.0,-0.006476683937823825,-0.007119291543670776,0.0,0.0006426076058469506,53135500.0,284600.0,1644952213.284922,55246143.3,XLF,IYF,Financials
2012-04-19,2.9344571404353257,4.735847509629708,18.811288475,113.96,-0.004889,-0.003498,0.0,0.0,-0.004889178617992113,-0.003497726477789437,0.0,-0.0013914521402026763,106649700.0,436500.0,1671413761.555862,54826717.3,XLF,IYF,Financials
2012-04-20,2.9292026127461965,4.733211535868976,18.712703275000003,113.66,-0.005241,-0.002632,0.0,0.0,-0.005240746806419838,-0.0026325026325026324,0.0,-0.0026082441739172057,55963600.0,442400.0,1621937998.4491568,52559913.6,XLF,IYF,Financials
2012-04-23,2.9222638768282945,4.724919287669435,18.5833102,112.7214,-0.006915,-0.008258,0.0,0.0,-0.006914718472176584,-0.008257962343832482,0.0,0.0013432438716558985,74097400.0,365400.0,1619161993.9343047,52725681.378000006,XLF,IYF,Financials
2012-04-24,2.933474017301905,4.735496447663666,18.79280375,113.92,0.011273,0.010633,0.0,0.0,0.011273209549071671,0.010633295895899092,0.0,0.0006399136531725792,61861900.0,395300.0,1601312159.8207548,52760526.478,XLF,IYF,Financials
2012-04-25,2.941962478325982,4.7461487792476635,18.9530047,115.14,0.008525,0.010709,0.0,0.0,0.008524590163934344,0.010709269662921348,0.0,-0.0021846794989870046,74236700.0,360500.0,1588814914.0878196,52991968.978,XLF,IYF,Financials
2012-04-26,2.950379491436932,4.754796359943904,19.11320565,116.14,0.008453,0.008685,0.0,0.0,0.008452535760728252,0.00868507903421921,0.0,-0.00023254327349095903,47601800.0,233700.0,1531270759.4042077,50361158.778000005,XLF,IYF,Financials
2012-04-27,2.951024029003557,4.754968551076486,19.1255288,116.16,0.000645,0.000172,0.0,0.0,0.0006447453255963659,0.00017220595832615808,0.0,0.00047253936727020785,47460900.0,212900.0,1477117408.3546233,47675168.278000005,XLF,IYF,Financials
2012-04-30,2.9452081806235535,4.749443675144516,19.01462045,115.52,-0.005799,-0.00551,138806729.285,46208000.0,0.010641737076445142,0.04021405275323771,92598729.285,-0.029572315676792568,57692400.0,200500.0,1473708420.9885347,46385949.878000006,XLF,IYF,Financials
2012-05-01,2.9555241973181694,4.759092268260348,19.21179085,116.64,0.010369,0.009695,0.0,0.0,0.010369410239792584,0.009695290858725761,0.0,0.000674119381066823,84343700.0,434900.0,1466913539.2849162,44839588.778000005,XLF,IYF,Financials
2012-05-02,2.947473920385517,4.751519082323228,19.057751475,115.76,-0.008018,-0.007545,0.0,0.0,-0.00801796023091719,-0.0075445816186556925,0.0,-0.0004733786122614967,56541000.0,293200.0,1418527612.827999,41930629.578,XLF,IYF,Financials
2012-05-03,2.939358310187594,4.742842991113164,18.9037121,114.76,-0.008083,-0.008639,0.0,0.0,-0.008082767539605606,-0.008638562543192813,0.0,0.0005557950035872065,84803400.0,513700.0,1417423644.221466,43008326.278000005,XLF,IYF,Financials
2012-05-04,2.923589258069363,4.728802746433367,18.6079565,113.16,-0.015645,-0.013942,0.0,0.0,-0.015645371577574983,-0.013942140118508192,0.0,-0.001703231459066791,77246800.0,291200.0,1433577257.6865838,42846579.478,XLF,IYF,Financials
2012-05-07,2.9292026127461965,4.733739286782799,18.712703275000003,113.72,0.005629,0.004949,0.0,0.0,0.005629139072847878,0.00494874513962531,0.0,0.0006803939332225683,82758100.0,1047100.0,1427395988.968145,47363606.678,XLF,IYF,Financials
2012-05-08,2.9225953868595087,4.728272383122075,18.589471775000003,113.1,-0.006585,-0.005452,0.0,0.0,-0.006585446163977576,-0.005451987337319733,0.0,-0.0011334588266578433,82020900.0,474800.0,1394583692.1589344,46152233.178,XLF,IYF,Financials
2012-05-09,2.911597109024099,4.717963013463214,18.386139800000002,111.94,-0.010938,-0.010256,0.0,0.0,-0.010938017898574865,-0.010256410256410256,0.0,-0.0006816076421646087,94332600.0,552100.0,1411707048.9564114,46590045.478,XLF,IYF,Financials
2012-05-10,2.915610492337558,4.723130983621656,18.4600787,112.52,0.004021,0.005181,0.0,0.0,0.004021447721179628,0.0051813471502590676,0.0,-0.0011598994290794393,64929400.0,458000.0,1388168597.1838555,46720481.478,XLF,IYF,Financials
2012-05-11,2.904197142528192,4.714203947012214,18.250585150000003,111.52,-0.011348,-0.008887,0.0,0.0,-0.01134846461949259,-0.008887308922858158,0.0,-0.002461155696634432,99961700.0,500700.0,1393013580.7013993,47456512.678,XLF,IYF,Financials
2012-05-14,2.8833879318218516,4.696107180980193,17.874729075,109.52,-0.020594,-0.017934,0.0,0.0,-0.020594193112761703,-0.017934002869440458,0.0,-0.002660190243321245,91698500.0,975000.0,1369587591.3820977,50018330.578,XLF,IYF,Financials
2012-05-15,2.878203887034264,4.690062653006054,17.78230545,108.86,-0.005171,-0.006026,0.0,0.0,-0.005170630816959792,-0.006026296566837107,0.0,0.000855665749877315,99225700.0,486100.0,1394585094.440981,50677893.778000005,XLF,IYF,Financials
2012-05-16,2.8635439386235793,4.6773047837472905,17.5235193,107.48,-0.014553,-0.012677,0.0,0.0,-0.014553014553014448,-0.012676832629064855,0.0,-0.0018761819239495933,116348700.0,443300.0,1446304119.2254987,51432845.178,XLF,IYF,Financials
2012-05-17,2.8429393020401985,4.65586330030361,17.16614795,105.2,-0.020394,-0.021213,0.0,0.0,-0.020393811533052097,-0.021213248976553776,0.0,0.0008194374435016791,154365900.0,637400.0,1478486599.4936337,52298392.178,XLF,IYF,Financials
2012-05-18,2.831459445993473,4.644967655862158,16.970209865,104.06,-0.011414,-0.010837,0.0,0.0,-0.011414213926776651,-0.010836501901140685,0.0,-0.0005777120256359666,122963900.0,404700.0,1530461246.8845377,51889887.078,XLF,IYF,Financials
2012-05-21,2.8407833543851306,4.656433479925633,17.129178500000002,105.26,0.009367,0.011532,0.0,0.0,0.00936751143707795,0.011531808571977706,0.0,-0.0021642971348997554,86563600.0,228600.0,1535750666.2239938,51033588.9,XLF,IYF,Financials
2012-05-22,2.8486658745974,4.664004971708984,17.26473315,106.06,0.007914,0.0076,0.0,0.0,0.007913669064748125,0.007600228006840205,0.0,0.00031344105790792,98656900.0,737200.0,1562786991.5041995,52691331.7,XLF,IYF,Financials
2012-05-23,2.8522284006310032,4.667769327744611,17.326348900000003,106.46,0.003569,0.003771,0.0,0.0,0.0035688793718772747,0.003771450122572129,0.0,-0.00020257075069485438,111304800.0,641100.0,1588861855.2558107,54028508.5,XLF,IYF,Financials
2012-05-24,2.852939385374782,4.668895876868636,17.33867205,106.58,0.000711,0.001127,0.0,0.0,0.0007112375533426536,0.0011271839188427579,0.0,-0.0004159463655001043,81139100.0,382900.0,1613712917.8869102,54711886.7,XLF,IYF,Financials
2012-05-25,2.8493793958549283,4.665512414994253,17.2770563,106.22,-0.003554,-0.003378,0.0,0.0,-0.0035536602700779797,-0.003377744417339088,0.0,-0.00017591585273889166,41748900.0,199200.0,1604392082.1838677,54533314.7,XLF,IYF,Financials
2012-05-29,2.8635439386235793,4.678792325858705,17.5235193,107.64,0.014265,0.013369,0.0,0.0,0.01426533523537796,0.013368480512144605,0.0,0.0008968547232333559,73376200.0,462000.0,1613832590.5844216,55861710.7,XLF,IYF,Financials
2012-05-30,2.839955673822559,4.65757286478114,17.1150068775,105.38,-0.023312,-0.020996,0.0,0.0,-0.023312236286919814,-0.020995912300260128,0.0,-0.0023163239866596866,85184200.0,692200.0,1605709322.8313813,56972575.7,XLF,IYF,Financials
2012-05-31,2.8486658745974,4.662306377358901,17.26473315,105.88,0.008748,0.004745,-719076135.6975001,-95292000.0,-0.0848781228130235,-0.09462562489702364,-623784135.6975001,0.009747502084000145,89651300.0,575800.0,1629222395.076512,58323819.3,XLF,IYF,Financials
2012-06-01,2.810843184468149,4.627127353340134,16.62392935,102.22,-0.037116,-0.034567,0.0,0.0,-0.037116345467523126,-0.03456743483188515,0.0,-0.0025489106356379743,100738600.0,692000.0,1632801010.6023507,58913020.7,XLF,IYF,Financials
2012-06-04,2.801159682356984,4.618678536012884,16.4637284,101.36,-0.009637,-0.008413,0.0,0.0,-0.00963676797627881,-0.008413226374486401,0.0,-0.0012235416017924092,78808100.0,372100.0,1625804513.6001427,59151213.9,XLF,IYF,Financials
2012-06-05,2.8174926363790345,4.634340563287871,16.7348377,102.96,0.016467,0.015785,0.0,0.0,0.0164670658682634,0.01578531965272297,0.0,0.0006817462155404332,100645800.0,414100.0,1632587681.5643368,55329190.1,XLF,IYF,Financials
2012-06-06,2.846164533289647,4.6613614656378335,17.221602125,105.78,0.029087,0.027389,0.0,0.0,0.029086892488954356,0.027389277389277388,0.0,0.0016976150996769676,97512100.0,313400.0,1640317150.7174926,54301768.7,XLF,IYF,Financials
2012-06-07,2.8458066875173547,4.659279511635123,17.21544055,105.56,-0.000358,-0.00208,0.0,0.0,-0.0003577817531304837,-0.0020797882397428627,0.0,0.001722006486612379,92834500.0,448500.0,1633505872.939567,53578848.0,XLF,IYF,Financials
2012-06-08,2.8576899881333797,4.6703959709057985,17.421237155,106.74,0.011954,0.011179,0.0,0.0,0.011954187544738672,0.011178476695718075,0.0,0.0007757108490205975,60616300.0,404600.0,1626376328.1303096,53161490.2,XLF,IYF,Financials
2012-06-11,2.839343469327143,4.65224459337402,17.1045322,104.82,-0.018179,-0.017988,0.0,0.0,-0.018179245950343006,-0.017987633501967398,0.0,-0.0001916124483756082,103032200.0,599200.0,1623274231.3777137,53509994.2,XLF,IYF,Financials
2012-06-12,2.8540049155768203,4.667017589314171,17.357156775,106.38,0.014769,0.014883,0.0,0.0,0.014769452449567703,0.014882655981682884,0.0,-0.000113203532115181,85467200.0,620100.0,1615493318.6495335,51469206.1,XLF,IYF,Financials
2012-06-13,2.8508049128461495,4.661550519424199,17.3017026,105.8,-0.003195,-0.005452,0.0,0.0,-0.0031948881789138654,-0.005452152660274488,0.0,0.0022572644813606225,96255300.0,593100.0,1610539262.0687191,51960862.8,XLF,IYF,Financials
2012-06-14,2.8624885295546356,4.674509664066704,17.505034575,107.18,0.011752,0.013044,0.0,0.0,0.01175213675213677,0.013043478260869565,0.0,-0.0012913415087327951,103622100.0,743200.0,1599292749.731429,53561377.4,XLF,IYF,Financials
2012-06-15,2.8719473494199588,4.685828089005546,17.6713971,108.4,0.014278,0.011383,0.0,0.0,0.009503695881731897,0.011382720656838962,0.0,-0.0018790247751070653,84893500.0,410700.0,1541808693.3251264,52434647.4,XLF,IYF,Financials
2012-06-18,2.866352929234634,4.683426683953859,17.5728119,108.14,-0.005579,-0.002399,0.0,0.0,-0.005578800557879984,-0.0023985239852398524,0.0,-0.003180276572640131,67978000.0,323300.0,1497200764.2510927,52077076.4,XLF,IYF,Financials
2012-06-19,2.883043163675013,4.693730362967572,17.8685675,109.26,0.01683,0.01488,0.0,0.0,0.01683029453015419,0.010356944701313113,0.0,0.006473349828841077,64666500.0,382900.0,1480837482.4629002,52965737.3,XLF,IYF,Financials
2012-06-20,2.8851099918306757,4.695741884172478,17.90553695,109.48,0.002069,0.002014,0.0,0.0,0.002068965517241287,0.0020135456708768075,0.0,5.54198463644795e-05,88090600.0,661300.0,1474538704.5299718,52676321.9,XLF,IYF,Financials
2012-06-21,2.8624885295546356,4.674136390452814,17.505034575,107.14,-0.022368,-0.021374,0.0,0.0,-0.022367515485203035,-0.021373766898063574,0.0,-0.0009937485871394612,72169000.0,423900.0,1441279456.5898948,51534578.9,XLF,IYF,Financials
2012-06-22,2.8715986135838176,4.683611612294654,17.665235525000003,108.16,0.009152,0.00952,0.0,0.0,0.009151707145371564,0.009520253873436624,0.0,-0.0003685467280650605,44890100.0,186200.0,1410586953.785327,50501074.4,XLF,IYF,Financials
2012-06-25,2.8508049128461495,4.664758977399749,17.3017026,106.14,-0.020579,-0.018676,0.0,0.0,-0.020579002441576788,-0.01867603550295858,0.0,-0.0019029669386182065,50997100.0,326900.0,1418638881.8802965,51177981.5,XLF,IYF,Financials
2012-06-26,2.855778280113207,4.670208582167313,17.38796465,106.72,0.004986,0.005465,0.0,0.0,0.0049857549857551245,0.00546448087431694,0.0,-0.00047872588856181543,53475000.0,261100.0,1400839489.520201,50084727.1,XLF,IYF,Financials
2012-06-27,2.8677544711599223,4.6813902118995,17.5974582,107.92,0.012048,0.011244,0.0,0.0,0.012048192771084114,0.011244377811094454,0.0,0.0008038149599896606,56292600.0,382700.0,1377473414.8509502,48502574.5,XLF,IYF,Financials
2012-06-28,2.8670539457372293,4.681204872264089,17.58513505,107.9,-0.0007,-0.000185,0.0,0.0,-0.0007002801120446093,-0.00018532246108228317,0.0,-0.0005149576509623262,69830700.0,420100.0,1361482240.8052223,47720728.8,XLF,IYF,Financials
2012-06-29,2.8923104343923334,4.70555836001936,18.034930025,110.56,0.025578,0.024652,507683280.20375,-49752000.0,0.09649530399872147,-0.03157847148443681,557435280.20375,0.1280737754831583,62058700.0,351900.0,1333709887.94145,46129220.0,XLF,IYF,Financials
2012-07-02,2.898441243786135,4.7125885827553615,18.145838375,111.34,0.00615,0.007055,0.0,0.0,0.006149641270925819,0.007054992764109986,0.0,-0.0009053514931841667,61390200.0,590900.0,1324534962.585894,47532957.5,XLF,IYF,Financials
2012-07-03,2.904197142528192,4.718320283920748,18.250585150000003,111.98,0.005773,0.005748,0.0,0.0,0.005772495755517961,0.005748158792886654,0.0,2.4336962631306934e-05,32280100.0,168600.0,1269776941.861587,46345162.1,XLF,IYF,Financials
2012-07-05,2.8892308767831785,4.707004491869359,17.97947585,110.72,-0.014855,-0.011252,0.0,0.0,-0.014854827819041376,-0.011252009287372746,0.0,-0.00360281853166863,43927600.0,226600.0,1225300973.6003494,45942047.1,XLF,IYF,Financials
2012-07-06,2.8809720548918767,4.700298531079668,17.83159805,109.98,-0.008225,-0.006684,0.0,0.0,-0.008224811514736105,-0.006683526011560694,0.0,-0.001541285503175411,44799100.0,351300.0,1185333610.0234885,45506662.8,XLF,IYF,Financials
2012-07-09,2.8795889288069256,4.697202271434585,17.80695175,109.64,-0.001382,-0.003092,0.0,0.0,-0.0013821700069108678,-0.0030914711765775596,0.0,0.0017093011696666918,37296000.0,145100.0,1165739466.7589571,44142750.8,XLF,IYF,Financials
2012-07-10,2.8719473494199588,4.688959711717774,17.6713971,108.74,-0.007612,-0.008209,0.0,0.0,-0.007612456747404819,-0.008208682962422473,0.0,0.0005962262150176548,64284200.0,189900.0,1134423168.9049063,42034829.9,XLF,IYF,Financials
2012-07-11,2.880280730979103,4.694096395182493,17.819274900000003,109.3,0.008368,0.00515,0.0,0.0,0.00836820083682019,0.005149898841272761,0.0,0.00321830199554743,79600400.0,287500.0,1131170859.91639,40307705.5,XLF,IYF,Financials
2012-07-12,2.869853107816844,4.687487228477305,17.634427650000003,108.58,-0.010373,-0.006587,0.0,0.0,-0.010373443983402498,-0.006587374199451052,0.0,-0.003786069783951446,54315700.0,228000.0,1095793145.2981565,38408018.5,XLF,IYF,Financials
2012-07-13,2.8970820862544424,4.7102506624385985,18.121192075,111.08,0.027603,0.023025,0.0,0.0,0.027603074772886007,0.023024498065942162,0.0,0.004578576706943845,77960400.0,264400.0,1075734492.2686427,35893687.3,XLF,IYF,Financials
2012-07-16,2.895380537434854,4.709710365262016,18.0903842,111.02,-0.0017,-0.00054,0.0,0.0,-0.0017001020061204494,-0.0005401512423478574,0.0,-0.001159950763772592,49994000.0,171700.0,1045945688.1679401,34620800.0,XLF,IYF,Financials
2012-07-17,2.9008153334208107,4.716174744031003,18.1889694,111.74,0.00545,0.006485,0.0,0.0,0.005449591280654021,0.006485317960727797,0.0,-0.0010357266800737758,63172800.0,153000.0,1043669864.1066462,33727527.9,XLF,IYF,Financials
2012-07-18,2.8960615044342704,4.711510221759418,18.10270735,111.22,-0.004743,-0.004654,0.0,0.0,-0.004742547425474315,-0.0046536602827993555,0.0,-8.888714267495969e-05,55395800.0,134800.0,1036035675.8856652,32385368.0,XLF,IYF,Financials
2012-07-19,2.8895735185545623,4.703566507844284,17.985637425,110.34,-0.006467,-0.007912,0.0,0.0,-0.006466984343090561,-0.007912245998921057,0.0,0.0014452616558304964,49590700.0,190900.0,1001766218.7158791,29818607.1,XLF,IYF,Financials
2012-07-20,2.8743851009318986,4.69024635834321,17.714528125,108.88,-0.015074,-0.013232,0.0,0.0,-0.015073655361425096,-0.013231828892514048,0.0,-0.0018418264689110484,56166100.0,198200.0,988347974.6097982,28626775.6,XLF,IYF,Financials
2012-07-23,2.866352929234634,4.68213122712422,17.5728119,108.0,-0.008,-0.008082,0.0,0.0,-0.007999999999999917,-0.008082292432035268,0.0,8.229243203535137e-05,59165800.0,182400.0,1000683738.8634093,28604766.0,XLF,IYF,Financials
2012-07-24,2.8631922593514476,4.677676876774839,17.517357725,107.52,-0.003156,-0.004444,0.0,0.0,-0.0031556802244040298,-0.0044444444444444444,0.0,0.0012887642200404147,45180900.0,184900.0,996139405.3621588,27863930.1,XLF,IYF,Financials
2012-07-25,2.8670539457372293,4.680648647163997,17.58513505,107.84,0.003869,0.002976,0.0,0.0,0.0038691523039044388,0.002976190476190476,0.0,0.0008929618277139627,44904900.0,180900.0,989131271.4245586,27446113.3,XLF,IYF,Financials
2012-07-26,2.882008145469798,4.694462293466853,17.850082775,109.34,0.015067,0.01391,0.0,0.0,0.01506657323055349,0.013909495548961424,0.0,0.0011570776815920652,56292200.0,131200.0,989841959.1304352,26098334.5,XLF,IYF,Financials
2012-07-27,2.9008153334208107,4.713127327493184,18.1889694,111.4,0.018985,0.01884,0.0,0.0,0.01898515705902664,0.0188403146149625,0.0,0.00014484244406413882,69399400.0,337100.0,991558022.7725518,25709542.0,XLF,IYF,Financials
2012-07-30,2.898780744723023,4.711690029365764,18.15199995,111.24,-0.002033,-0.001436,0.0,0.0,-0.002032520325203278,-0.001436265709156194,0.0,-0.0005962546160470838,36751600.0,215400.0,968952559.2435491,24962293.6,XLF,IYF,Financials
2012-07-31,2.89401721070699,4.707004491869359,18.065737900000002,110.72,-0.004752,-0.004675,77682672.97000001,-55360000.0,0.005080337387054542,-0.06888912087784621,133042672.97000001,0.07396945826490076,46681700.0,211400.0,955420694.7394245,22843063.7,XLF,IYF,Financials
2012-08-01,2.8892308767831785,4.70211539204457,17.97947585,110.18,-0.004775,-0.004877,0.0,0.0,-0.004774897680764111,-0.004877167630057804,0.0,0.00010226994929369258,80954300.0,272000.0,998739953.1445814,23397520.3,XLF,IYF,Financials
2012-08-02,2.8816629012060546,4.695010889987881,17.8439212,109.4,-0.007539,-0.007079,0.0,0.0,-0.007539410555174738,-0.007079324741332365,0.0,-0.00046008581384237267,63440000.0,912300.0,1015851110.0235584,27133343.7,XLF,IYF,Financials
2012-08-03,2.904872134116425,4.715816706075155,18.2629083,111.7,0.023481,0.021024,0.0,0.0,0.023480662983425313,0.02102376599634369,0.0,0.0024568969870816214,80304800.0,164400.0,1049239092.7359626,26119719.0,XLF,IYF,Financials
2012-08-06,2.90891254365343,4.71760561531788,18.3368472,111.9,0.004049,0.001791,0.0,0.0,0.0040485829959515255,0.0017905102954341987,0.0,0.0022580727005173267,41313800.0,133800.0,1053910931.0051308,26072891.8,XLF,IYF,Financials
2012-08-07,2.9129366939531556,4.721351940277501,18.4107861,112.32,0.004032,0.003753,0.0,0.0,0.0040322580645161185,0.0037533512064343165,0.0,0.000278906858081802,35701400.0,231100.0,1029975891.6758667,26338263.1,XLF,IYF,Financials
2012-08-08,2.9129366939531556,4.721173861744398,18.4107861,112.3,0.0,-0.000178,0.0,0.0,0.0,-0.00017806267806267807,0.0,0.00017806267806267807,26311000.0,223600.0,983275130.8422238,26022589.6,XLF,IYF,Financials
2012-08-09,2.912267125799583,4.71992642328628,18.39846295,112.16,-0.000669,-0.001247,0.0,0.0,-0.0006693440428380366,-0.001246660730186999,0.0,0.0005773166873489625,26444500.0,78900.0,959710724.420832,25227248.8,XLF,IYF,Financials
2012-08-10,2.9129366939531556,4.720995751493682,18.4107861,112.28,0.00067,0.00107,0.0,0.0,0.0006697923643670642,0.0010699001426533524,0.0,-0.0004001077782862882,17631800.0,72800.0,905304720.2065395,24167470.4,XLF,IYF,Financials
2012-08-13,2.9136058140851797,4.720639435794205,18.42310925,112.24,0.000669,-0.000356,0.0,0.0,0.0006693440428380366,-0.0003562522265764161,0.0,0.0010255962694144527,16390500.0,64100.0,875182385.4299059,23574092.9,XLF,IYF,Financials
2012-08-14,2.912267125799583,4.720995751493682,18.39846295,112.28,-0.001338,0.000356,0.0,0.0,-0.001337792642140504,0.0003563791874554526,0.0,-0.0016941718295959566,23021100.0,105600.0,838907621.8952022,23312120.3,XLF,IYF,Financials
2012-08-15,2.915610492337558,4.724374433466568,18.4600787,112.66,0.003349,0.003384,0.0,0.0,0.003348961821835203,0.003384396152475953,0.0,-3.543433064075001e-05,20021200.0,74400.0,807246570.4876677,22981592.7,XLF,IYF,Financials
2012-08-16,2.9222638768282945,4.730392150741473,18.5833102,113.34,0.006676,0.006036,0.0,0.0,0.006675567423231036,0.0060358601100656845,0.0,0.0006397073131653511,32580200.0,96600.0,792922951.1439723,22475829.6,XLF,IYF,Financials
2012-08-17,2.925574042048749,4.732859547128981,18.64492595,113.62,0.003316,0.002471,0.0,0.0,0.003315649867374094,0.0024704429151226398,0.0,0.0008452069522514542,24160400.0,65900.0,765698596.6840131,21771206.7,XLF,IYF,Financials
2012-08-20,2.928214307608925,4.734969623522936,18.694218550000002,113.86,0.002644,0.002112,0.0,0.0,0.0026437541308657834,0.002112304171800739,0.0,0.0005314499590650442,25744700.0,107100.0,737776975.3835714,21395967.0,XLF,IYF,Financials
2012-08-21,2.9315048666820243,4.73707525686803,18.7558343,114.1,0.003296,0.002108,0.0,0.0,0.003295978905734975,0.0021078517477604074,0.0,0.0011881271579745676,41321300.0,138600.0,736955248.7947283,21192657.6,XLF,IYF,Financials
2012-08-22,2.930189942100715,4.735320870453137,18.731188,113.9,-0.001314,-0.001753,0.0,0.0,-0.001314060446780587,-0.0017528483786152498,0.0,0.00043878793183466276,46883000.0,208600.0,741381026.599591,21405221.8,XLF,IYF,Financials
2012-08-23,2.920272505443369,4.727033773744932,18.546340750000002,112.96,-0.009868,-0.008253,0.0,0.0,-0.009868421052631495,-0.008252853380158033,0.0,-0.0016155676724734624,40789900.0,83800.0,728965174.3481696,21161253.8,XLF,IYF,Financials
2012-08-24,2.925574042048749,4.7318028369214575,18.64492595,113.5,0.005316,0.00478,0.0,0.0,0.005315614617940224,0.0047804532577903685,0.0,0.0005351613601498554,27618600.0,79500.0,691597333.7913849,19734769.3,XLF,IYF,Financials
2012-08-27,2.924912884999871,4.731979032851787,18.6326028,113.52,-0.000661,0.000176,0.0,0.0,-0.000660938532716475,0.0001762114537444934,0.0,-0.0008371499864609684,18359700.0,96600.0,675346031.604622,19085016.1,XLF,IYF,Financials
2012-08-28,2.923589258069363,4.731979032851787,18.6079565,113.52,-0.001323,0.0,0.0,0.0,-0.001322751322751358,0.0,0.0,-0.001322751322751358,22602000.0,495200.0,654207915.3989505,20725460.9,XLF,IYF,Financials
2012-08-29,2.925574042048749,4.734266759322502,18.64492595,113.78,0.001987,0.00229,0.0,0.0,0.00198675496688747,0.0022903453136011278,0.0,-0.00030359034671365763,18543300.0,70200.0,598719044.0771995,19626380.7,XLF,IYF,Financials
2012-08-30,2.920272505443369,4.7295094602436984,18.546340750000002,113.24,-0.005288,-0.004746,0.0,0.0,-0.005287508261731684,-0.004746001054666901,0.0,-0.000541507207064783,25627000.0,61800.0,565882479.7508119,14986011.3,XLF,IYF,Financials
2012-08-31,2.92755489446271,4.735145262409837,18.681895400000002,113.88,0.007309,0.005652,151323352.74,74022000.0,0.025871808165866525,0.09581359090853725,77301352.74000001,-0.06994178274267072,52714700.0,125800.0,541793045.400439,14784142.5,XLF,IYF,Financials
2012-09-04,2.92755489446271,4.737776150536114,18.681895400000002,114.18,0.0,0.002634,0.0,0.0,0.0,0.0026343519494204425,0.0,-0.0026343519494204425,29392500.0,106400.0,531370184.03509605,14642969.1,XLF,IYF,Financials
2012-09-05,2.92755489446271,4.736373871603436,18.681895400000002,114.02,0.0,-0.001401,0.0,0.0,0.0,-0.0014012961989840604,0.0,0.0014012961989840604,26712500.0,77300.0,523457648.635194,13785798.8,XLF,IYF,Financials
2012-09-06,2.951024029003557,4.757547866408974,19.1255288,116.46,0.023747,0.0214,0.0,0.0,0.02374670184696563,0.021399754429047537,0.0,0.0023469474179180945,52373900.0,119300.0,549321265.622255,13224968.7,XLF,IYF,Financials
2012-09-07,2.961280529170746,4.766268106330419,19.3226992,117.48,0.010309,0.008758,0.0,0.0,0.010309278350515262,0.008758371973209686,0.0,0.0015509063773055769,46917100.0,199400.0,570322608.4800073,13953773.1,XLF,IYF,Financials
2012-09-10,2.9529551528737277,4.759263721325492,19.162498250000002,116.66,-0.008291,-0.00698,0.0,0.0,-0.008290816326530354,-0.006979911474293497,0.0,-0.0013109048522368574,42815300.0,101100.0,595114249.1282694,14134790.2,XLF,IYF,Financials
2012-09-11,2.961280529170746,4.7664383335842135,19.3226992,117.5,0.00836,0.0072,0.0,0.0,0.008360128617363082,0.007200411452082976,0.0,0.0011597171652801058,57234400.0,231600.0,635312205.2747873,15135711.0,XLF,IYF,Financials
2012-09-12,2.9650997572377413,4.7720396382231245,19.3966381,118.16,0.003827,0.005617,0.0,0.0,0.0038265306122450167,0.005617021276595744,0.0,-0.0017904906643507277,50928500.0,147700.0,663526646.6776675,15415484.2,XLF,IYF,Financials
2012-09-13,2.9908145639171497,4.793308128103486,19.901887249999998,120.7,0.026048,0.021496,0.0,0.0,0.02604828462515872,0.02149627623561273,0.0,0.0045520083895459924,140227500.0,267300.0,784586595.0117142,16609544.5,XLF,IYF,Financials
2012-09-14,2.9988318748228786,4.801230268892559,20.0620882,121.66,0.00805,0.007954,0.0,0.0,0.008049535603715456,0.007953603976801988,0.0,9.593162691346781e-05,122193500.0,406900.0,876887035.5861473,18537285.0,XLF,IYF,Financials
2012-09-17,2.989575406385602,4.791649752930709,19.87724095,120.5,-0.009214,-0.009535,0.0,0.0,-0.00921375921375939,-0.009534769028439914,0.0,0.00032100981468052327,49001700.0,320100.0,903064522.0330092,20091509.6,XLF,IYF,Financials
2012-09-18,2.984603363824509,4.787325062224947,19.778655750000002,119.98,-0.00496,-0.004315,0.0,0.0,-0.004959702417854725,-0.004315352697095436,0.0,-0.0006443497207592888,66409900.0,119300.0,944675597.1423962,20197470.0,XLF,IYF,Financials
2012-09-19,2.9839801166868525,4.786157519768909,19.7663326,119.84,-0.000623,-0.001167,0.0,0.0,-0.0006230529595018281,-0.0011668611435239206,0.0,0.0005438081840220925,65567200.0,69800.0,970725978.4919026,19824998.6,XLF,IYF,Financials
2012-09-20,2.9783533434793377,4.780970525791781,19.65542425,119.22,-0.005611,-0.005174,0.0,0.0,-0.005610972568578404,-0.005173564753004005,0.0,-0.0004374078155743987,65893100.0,126000.0,991575105.9240862,19388107.6,XLF,IYF,Financials
2012-09-21,2.970801388141405,4.777273042587714,19.50754645,118.78,-0.003379,-0.003691,0.0,0.0,-0.007523510971786849,-0.0036906559302130517,0.0,-0.003832855041573797,34277500.0,82400.0,987183432.8681589,19404178.8,XLF,IYF,Financials
2012-09-24,2.9711171942390875,4.778282803696737,19.513708025000003,118.9,0.000316,0.00101,0.0,0.0,0.00031585596967785486,0.0010102710894089914,0.0,-0.0006944151197311366,37701300.0,105900.0,998220703.2941719,19582591.8,XLF,IYF,Financials
2012-09-25,2.9558448643082507,4.760120545985914,19.217952425,116.76,-0.015156,-0.013972,0.0,0.0,-0.015156299336911934,-0.017998317914213625,0.0,0.002842018577301691,71942900.0,152500.0,1050246014.8886406,19924585.2,XLF,IYF,Financials
2012-09-26,2.949411905488196,4.753245304053455,19.094720925,115.96,-0.006412,-0.006852,0.0,0.0,-0.006412311638345636,-0.006851661527920521,0.0,0.0004393498895748846,52767000.0,91200.0,1079595720.2004642,17642607.6,XLF,IYF,Financials
2012-09-27,2.9587262493656494,4.76234486036009,19.2734066,117.02,0.009358,0.009141,0.0,0.0,0.009357857373346287,0.009141083132114522,0.0,0.0002167742412317649,46409500.0,104600.0,1107032255.6121676,17855254.4,XLF,IYF,Financials
2012-09-28,2.9555241973181694,4.75892078579401,19.21179085,116.62,-0.003197,-0.003418,1122929175.1825,17493000.0,0.12695785551661803,0.015504219769854336,1105436175.1825,0.1114536357467637,46071800.0,83000.0,1127523991.1763065,17989315.8,XLF,IYF,Financials
2012-10-01,2.9600042048111415,4.762857461823685,19.298052900000002,117.08,0.00449,0.003944,0.0,0.0,0.0044900577293138415,0.003944434916823872,0.0,0.0005456228124899693,53634900.0,163100.0,1130035922.478498,18227798.0,XLF,IYF,Financials
2012-10-02,2.9619180809934256,4.76490524410925,19.33502235,117.32,0.001916,0.00205,0.0,0.0,0.0019157088122603893,0.0020498804236419544,0.0,-0.00013417161138156515,43878400.0,200800.0,1145000034.185385,18798253.2,XLF,IYF,Financials
2012-10-03,2.970801388141405,4.773561837248548,19.50754645,118.34,0.008923,0.008694,0.0,0.0,0.008922880815806212,0.008694169792021821,0.0,0.00022871102378439062,55275500.0,159800.0,1173962496.8316085,19303102.5,XLF,IYF,Financials
2012-10-04,2.985537506816306,4.785489740111373,19.797140475000003,119.76,0.014845,0.011999,0.0,0.0,0.014845230574858016,0.011999323981747507,0.0,0.002845906593110509,77943900.0,100200.0,1201031887.0641606,19208416.2,XLF,IYF,Financials
2012-10-05,2.9852262227671,4.786157519768909,19.7909789,119.84,-0.000311,0.000668,0.0,0.0,-0.000311235605353292,0.0006680026720106881,0.0,-0.0009792382773639802,61807300.0,108500.0,1216864985.040643,18687272.6,XLF,IYF,Financials
2012-10-08,2.984603363824509,4.784821514226167,19.778655750000002,119.68,-0.000623,-0.001335,0.0,0.0,-0.0006226650062265388,-0.0013351134846461949,0.0,0.0007124484784196561,29743600.0,54000.0,1205257000.7327666,18420692.3,XLF,IYF,Financials
2012-10-09,2.9783533434793377,4.777273042587714,19.65542425,118.78,-0.00623,-0.00752,0.0,0.0,-0.0062305295950157965,-0.007520053475935829,0.0,0.0012895238809200321,73197500.0,184800.0,1221897241.8051114,18157569.5,XLF,IYF,Financials
2012-10-10,2.9777261876105534,4.777609742927595,19.6431011,118.82,-0.000627,0.000337,0.0,0.0,-0.0006269592476487909,0.0003367570298029971,0.0,-0.000963716277451788,62504000.0,124600.0,1233893777.189039,18025206.5,XLF,IYF,Financials
2012-10-11,2.9833564808699458,4.782311682740504,19.75400945,119.38,0.005646,0.004713,0.0,0.0,0.005646173149310055,0.0047130112775627,0.0,0.0009331618717473549,61043700.0,97400.0,1154647073.8047185,16993431.6,XLF,IYF,Financials
2012-10-12,2.9695371654698652,4.770345583947075,19.482900150000003,117.96,-0.013724,-0.011895,0.0,0.0,-0.013724266999376197,-0.011894789747026303,0.0,-0.001829477252349894,74144300.0,94700.0,1104301534.7609656,15076799.5,XLF,IYF,Financials
2012-10-15,2.980858041094347,4.779459571084781,19.70471685,119.04,0.011385,0.009156,0.0,0.0,0.011385199240986616,0.009155645981688708,0.0,0.0022295532592979082,55791000.0,119500.0,1110567897.7569022,13859461.0,XLF,IYF,Financials
2012-10-16,2.9870924752527763,4.785990616655779,19.82794835,119.82,0.006254,0.006552,0.0,0.0,0.0062539086929331135,0.00655241935483871,0.0,-0.0002985106619055964,76880400.0,117400.0,1121112000.248673,13847123.7,XLF,IYF,Financials
2012-10-17,2.999752826538009,4.797442073635214,20.080572925000002,121.2,0.012741,0.011517,0.0,0.0,0.0127408328154134,0.011517275913870806,0.0,0.0012235569015425947,57226000.0,766200.0,1113767389.4164395,18072054.1,XLF,IYF,Financials
2012-10-18,3.001898421230858,4.79942031364732,20.12370395,121.44,0.002148,0.00198,0.0,0.0,0.0021478981282601,0.0019801980198019802,0.0,0.00016770010845811988,51546200.0,290500.0,1100874571.0614305,19084884.1,XLF,IYF,Financials
2012-10-19,2.9883347114373673,4.785990616655779,19.85259465,119.82,-0.013472,-0.01334,0.0,0.0,-0.013472137170851222,-0.0133399209486166,0.0,-0.0001322162222346223,61363000.0,135400.0,1128351813.164834,19406691.9,XLF,IYF,Financials
2012-10-22,2.9883347114373673,4.785990616655779,19.85259465,119.82,0.0,0.0,0.0,0.0,0.0,0.0,0.0,0.0,105153500.0,194100.0,1195945695.7231264,19939969.5,XLF,IYF,Financials
2012-10-23,2.971432900634764,4.771701056875722,19.5198696,118.12,-0.01676,-0.014188,0.0,0.0,-0.016759776536312894,-0.014187948589550994,0.0,-0.0025718279467619003,64677300.0,178100.0,1189940557.3513036,20101533.1,XLF,IYF,Financials
2012-10-24,2.971432900634764,4.771192969812543,19.5198696,118.06,0.0,-0.000508,0.0,0.0,0.0,-0.0005079580088046055,0.0,0.0005079580088046055,52593300.0,69300.0,1190892718.2905138,19981833.4,XLF,IYF,Financials
2012-10-25,2.973954970067474,4.773392818402544,19.5691622,118.32,0.002525,0.002202,0.0,0.0,0.0025252525252526534,0.0022022700321870235,0.0,0.00032298249306562986,52828600.0,114800.0,1197859832.220325,20048975.6,XLF,IYF,Financials
2012-10-26,2.9689044542814056,4.7676291136857945,19.470577000000002,117.64,-0.005038,-0.005747,0.0,0.0,-0.005037783375314924,-0.005747126436781609,0.0,0.0007093430614666853,56449700.0,82800.0,1208559154.4600186,20052032.2,XLF,IYF,Financials
2012-10-31,2.9751695973483017,4.771192969812543,19.5929458795,118.06,0.006285,0.00357,233156055.96605,106254000.0,0.029945959200385227,0.11577061083292327,126902055.96605,-0.08582465163253804,43103000.0,554900.0,1199032434.8979125,22372819.5,XLF,IYF,Financials
2012-11-01,2.987403178999256,4.784320051616411,19.834109925,119.62,0.012309,0.013214,0.0,0.0,0.012308717993873862,0.013213620193122142,0.0,-0.0009049021992482802,58608500.0,204700.0,1214735314.2407684,22419237.4,XLF,IYF,Financials
2012-11-02,2.9814894864687345,4.77912349311153,19.7171632315,119.0,-0.005896,-0.005183,0.0,0.0,-0.005896241068654881,-0.0051830797525497406,0.0,-0.0007131613161051407,53583500.0,308600.0,1213646575.8516738,23309870.8,XLF,IYF,Financials
2012-11-05,2.9796064764754053,4.7764307954226215,19.68007055,118.68,-0.001881,-0.002689,0.0,0.0,-0.001881238242260817,-0.002689075630251989,0.0,0.000807837387991172,44338500.0,88200.0,1180122499.3822649,23233252.0,XLF,IYF,Financials
2012-11-06,2.9908145639171497,4.786658062033468,19.901887249999998,119.9,0.011271,0.01028,0.0,0.0,0.011271133375078131,0.010279743849005617,0.0,0.0009913895260725142,40090000.0,75100.0,1158854483.8665912,23033344.5,XLF,IYF,Financials
2012-11-07,2.956806248775825,4.757032535297338,19.23643715,116.4,-0.033437,-0.029191,0.0,0.0,-0.03343653250773989,-0.029190992493744787,0.0,-0.004245540013995103,116875100.0,257100.0,1241853088.3858047,24206530.5,XLF,IYF,Financials
2012-11-08,2.9483270965793626,4.749270529961848,19.074018033,115.5,-0.008443,-0.007732,0.0,0.0,-0.008443305573350329,-0.007731958762886598,0.0,-0.0007113468104637307,92697000.0,566800.0,1258321905.0390859,26382273.3,XLF,IYF,Financials
2012-11-09,2.9497345381736855,4.750654852730072,19.1008825,115.66,0.001408,0.001385,0.0,0.0,0.001408432505071542,0.0013852813852813853,0.0,2.3151119790156644e-05,77198100.0,129200.0,1270660877.3475285,26389188.3,XLF,IYF,Financials
2012-11-12,2.9513461420680267,4.751346296145693,19.131690375,115.74,0.001613,0.000692,0.0,0.0,0.0016129032258066136,0.0006916825177243646,0.0,0.000921220708082249,33840900.0,53000.0,1242739667.0549471,26114518.7,XLF,IYF,Financials
2012-11-13,2.944559882383668,4.74493212836325,19.002297300000002,115.0,-0.006763,-0.006394,0.0,0.0,-0.006763285024154536,-0.006393640919301884,0.0,-0.0003696441048526523,51961500.0,136900.0,1219881760.9330623,26343153.1,XLF,IYF,Financials
2012-11-14,2.926564958727685,4.727564794201697,18.663410675,113.02,-0.017834,-0.017217,0.0,0.0,-0.017833981841763987,-0.017217391304347827,0.0,-0.0006165905374161604,68455500.0,205000.0,1228795123.517268,26790344.1,XLF,IYF,Financials
2012-11-15,2.928873286215968,4.728802746433367,18.7065417,113.16,0.002311,0.001239,0.0,0.0,0.002310993727302459,0.0012387188108299416,0.0,0.0010722749164725175,69668700.0,160400.0,1217739115.5876403,26994543.9,XLF,IYF,Financials
2012-11-16,2.9354392979868584,4.736373871603436,18.829773199999998,114.02,0.006588,0.0076,0.0,0.0,0.006587615283267529,0.007599858607281725,0.0,-0.001012243324014196,63273200.0,138100.0,1219853572.5592499,23138680.0,XLF,IYF,Financials
2012-11-19,2.9541570027100588,4.753072815911587,19.185542540500002,115.94,0.018894,0.016839,0.0,0.0,0.018893979057591784,0.016839151026135767,0.0,0.0020548280314560165,52153800.0,262800.0,1218018496.5593119,22898215.6,XLF,IYF,Financials
2012-11-20,2.9593654312346467,4.75892078579401,19.28572975,116.62,0.005222,0.005865,0.0,0.0,0.005222015967935746,0.005865102639296188,0.0,-0.0006430866713604414,40522900.0,88500.0,1196183443.1882281,22603077.7,XLF,IYF,Financials
2012-11-21,2.9593654312346467,4.759435144999521,19.28572975,116.68,0.0,0.000514,0.0,0.0,0.0,0.0005144915108901845,0.0,-0.0005144915108901845,26236000.0,145500.0,1117103972.8978393,22289071.6,XLF,IYF,Financials
2012-11-23,2.971432900634764,4.771192969812543,19.5198696,118.06,0.012141,0.011827,0.0,0.0,0.012140575079872009,0.011827219746314592,0.0,0.00031335533355741733,20582600.0,40400.0,1074067833.1952834,21475694.2,XLF,IYF,Financials
2012-11-26,2.9676378296662125,4.768478803600115,19.4459307,117.74,-0.003788,-0.00271,0.0,0.0,-0.003787878787878678,-0.002710486193460952,0.0,-0.001077392594417726,30320900.0,70400.0,1052218021.311681,21481061.1,XLF,IYF,Financials
2012-11-27,2.9587262493656494,4.760291822855391,19.2734066,116.78,-0.008872,-0.008154,0.0,0.0,-0.008871989860583074,-0.008153558688635978,0.0,-0.0007184311719470957,49849100.0,153000.0,1048565547.8489377,21695271.3,XLF,IYF,Financials
2012-11-28,2.962555226602747,4.764564238138341,19.3473455,117.28,0.003836,0.004282,0.0,0.0,0.0038363171355497603,0.004281555060798082,0.0,-0.00044523792524832177,47581200.0,239400.0,1039638632.1103227,22612083.3,XLF,IYF,Financials
2012-11-29,2.967606143486137,4.768818477516425,19.4453145425,117.78,0.005064,0.004263,0.0,0.0,0.00506369426751601,0.004263301500682128,0.0,0.0008003927668338816,39622900.0,196200.0,1035936882.4774195,20491930.4,XLF,IYF,Financials
2012-11-30,2.9663695986782175,4.768818477516425,19.4212844,117.78,-0.001236,0.0,-10681706.42,76557000.0,-0.002296254777166332,0.07262569832402235,-87238706.42,-0.07492195310118868,29680900.0,117300.0,1006636570.9078493,19958399.4,XLF,IYF,Financials
2012-12-03,2.962555226602747,4.7664383335842135,19.3473455,117.5,-0.003807,-0.002377,0.0,0.0,-0.003807106598984805,-0.0023773136355917813,0.0,-0.0014297929633930238,50968800.0,431600.0,1003116389.2731154,20657879.4,XLF,IYF,Financials
2012-12-04,2.9600042048111415,4.763540521959532,19.298052900000002,117.16,-0.002548,-0.002894,0.0,0.0,-0.002547770700636711,-0.0028936170212765957,0.0,0.0003458463206398848,39451900.0,216600.0,997554391.5293322,21403343.4,XLF,IYF,Financials
2012-12-05,2.972064014571774,4.773561837248548,19.53219275,118.34,0.012133,0.010072,0.0,0.0,0.012132822477649914,0.0100716968248549,0.0,0.0020611256527950147,46520000.0,188400.0,1003092938.8732071,22067881.7,XLF,IYF,Financials
2012-12-06,2.97521362347467,4.77676777941907,19.5938085,118.72,0.003155,0.003211,0.0,0.0,0.003154574132492204,0.0032110866993408822,0.0,-5.651256684867812e-05,34613500.0,127300.0,924590427.6214464,21327212.5,XLF,IYF,Financials
2012-12-07,2.983044517055218,4.782479200958502,19.747847874999998,119.4,0.007862,0.005728,0.0,0.0,0.007861635220125635,0.0057277628032345014,0.0,0.002133872416891134,36181600.0,247300.0,871910651.7749014,19530323.5,XLF,IYF,Financials
2012-12-10,2.980858041094347,4.780970525791781,19.70471685,119.22,-0.002184,-0.001508,0.0,0.0,-0.002184087363494528,-0.001507537688442211,0.0,-0.0006765496750523168,48175600.0,218900.0,845647387.7626818,20088022.8,XLF,IYF,Financials
2012-12-11,2.9858486939979056,4.785322725497206,19.803302050000003,119.74,0.005003,0.004362,0.0,0.0,0.005003126954346573,0.004361684281160879,0.0,0.0006414426731856946,47708600.0,160300.0,860515097.5312464,20741027.9,XLF,IYF,Financials
2012-12-12,2.9901951770902873,4.788491243115129,19.8895641,120.12,0.004356,0.003174,0.0,0.0,0.004355942750466684,0.0031735426757975613,0.0,0.001182400074669123,55672200.0,170100.0,866510493.49795,20975473.5,XLF,IYF,Financials
2012-12-13,2.9852262227671,4.7829815873041595,19.7909789,119.46,-0.004957,-0.005495,0.0,0.0,-0.004956629491945582,-0.005494505494505495,0.0,0.0005378760025599129,41313500.0,145600.0,843511568.3640845,20686687.3,XLF,IYF,Financials
2012-12-14,2.9814832364882657,4.779795536147575,19.71704,119.08,-0.003736,-0.003181,0.0,0.0,-0.003735990037359747,-0.003180981081533568,0.0,-0.0005550089558261791,34956400.0,93400.0,812810383.1301448,20335247.7,XLF,IYF,Financials
2012-12-17,3.001898421230858,4.797442073635214,20.12370395,121.2,0.020625,0.017803,0.0,0.0,0.020624999999999803,0.017803157541148806,0.0,0.002821842458850997,69121100.0,369200.0,822788010.5031502,21785291.6,XLF,IYF,Financials
2012-12-18,3.016488345686956,4.810557015713042,20.419459550000003,122.8,0.014697,0.013201,0.0,0.0,0.014696876913655978,0.013201320132013201,0.0,0.0014955567816427769,70296600.0,327500.0,844528992.0858402,22272690.0,XLF,IYF,Financials
2012-12-19,3.0104350584380333,4.799749640177548,20.29622805,121.48,-0.006035,-0.004986,0.0,0.0,-0.006035003017501501,-0.010749185667752443,0.0,0.004714182650250942,73683200.0,246800.0,880227858.7142146,23255709.7,XLF,IYF,Financials
2012-12-20,3.0243032336711937,4.812314428213392,20.5796605,123.016,0.013965,0.012644,0.0,0.0,0.013964784456587555,0.01264405663483701,0.0,0.001320727821750545,61980400.0,315900.0,918705617.9108744,24349900.419999998,XLF,IYF,Financials
2012-12-21,3.006175849078637,4.805331660910377,20.209965999999998,122.16,-0.011728,-0.006958,0.0,0.0,-0.017964071856287407,-0.006958444429992846,0.0,-0.011005627426294561,58744600.0,1022400.0,957978452.9436064,30356238.419999998,XLF,IYF,Financials
2012-12-24,3.0043449056315277,4.801394647951038,20.17299655,121.68,-0.001829,-0.003929,0.0,0.0,-0.0018292682926827606,-0.003929273084479371,0.0,0.0021000047917966104,24034200.0,193800.0,952739638.6196254,31120872.82,XLF,IYF,Financials
2012-12-26,3.004039422201628,4.800243426707209,20.166834975,121.54,-0.000306,-0.001151,0.0,0.0,-0.00030543677458763255,-0.0011505588428665351,0.0,0.0008451220682789025,29688000.0,202000.0,934637189.8093125,31455059.82,XLF,IYF,Financials
2012-12-27,3.000672930881407,4.796616650559047,20.09905765,121.1,-0.003361,-0.00362,0.0,0.0,-0.0033608310418576826,-0.0036202073391476057,0.0,0.0002593762972899231,44447600.0,160500.0,933276437.7642895,31023045.72,XLF,IYF,Financials
2012-12-28,2.99267042587883,4.790653406119625,19.9388567,120.38,-0.007971,-0.005946,0.0,0.0,-0.007970570202329868,-0.005945499587118084,0.0,-0.0020250706152117838,32073100.0,403600.0,926727497.3262268,32296892.32,XLF,IYF,Financials
2012-12-31,3.0055659070042227,4.799090878625398,20.19764285,121.4,0.012979,0.008473,802856303.2875,60700000.0,0.09079578762728593,0.06099781248269369,742156303.2875,0.029797975144592245,59773700.0,665000.0,958269829.5399809,35642662.62,XLF,IYF,Financials
2013-01-02,3.034134982762098,4.829912458665998,20.782992475,125.2,0.028981,0.031301,0.0,0.0,0.02898108602806599,0.03130148270181219,0.0,-0.0023203966737462,69968900.0,861900.0,981672436.4831623,38502506.62,XLF,IYF,Financials
2013-01-03,3.0332451710468553,4.829752701496555,20.764507750000003,125.18,-0.000889,-0.00016,0.0,0.0,-0.0008894159501926645,-0.0001597444089456869,0.0,-0.0007296715412469777,47950700.0,350900.0,993388827.9112831,39429946.92,XLF,IYF,Financials
2013-01-04,3.0450447179780102,4.841506331088285,21.010970750000002,126.66,0.011869,0.011823,0.0,0.0,0.0118694362017804,0.011822974916120787,0.0,4.64612856596134e-05,44535400.0,604700.0,994743546.9117607,42144749.22,XLF,IYF,Financials
2013-01-07,3.042695920656255,4.838026416156094,20.961678150000004,126.22,-0.002346,-0.003474,0.0,0.0,-0.0023460410557183094,-0.003473867045633981,0.0,0.0011278259899156714,36145100.0,402900.0,998716130.0310013,43931798.32,XLF,IYF,Financials
2013-01-08,3.0397521446122413,4.836916626109569,20.900062400000003,126.08,-0.00294,-0.001109,0.0,0.0,-0.002939447383891906,-0.0011091744572967834,0.0,-0.0018302729265951227,41801300.0,327700.0,1006673182.3173525,44521238.12,XLF,IYF,Financials
2013-01-09,3.038277000518219,4.836123164193783,20.869254525,125.98,-0.001474,-0.000793,0.0,0.0,-0.0014740566037737878,-0.0007931472081218274,0.0,-0.0006809093956519604,48528200.0,310300.0,1009846222.3354145,45170954.92,XLF,IYF,Financials
2013-01-10,3.050892687860433,4.846546505563361,21.134202249999998,127.3,0.012696,0.010478,0.0,0.0,0.012695600826690231,0.01047785362755993,0.0,0.0022177471991303016,61275900.0,1033900.0,1027357694.7088219,50792012.32,XLF,IYF,Financials
2013-01-11,3.048557602152586,4.8448168094013155,21.08490965,127.08,-0.002332,-0.001728,0.0,0.0,-0.002332361516034983,-0.0017282010997643363,0.0,-0.0006041604162706465,42748400.0,250200.0,1017060212.7685238,51360162.519999996,XLF,IYF,Financials
2013-01-14,3.0456310563120175,4.842811337400076,21.0232939,126.8254,-0.002922,-0.002003,0.0,0.0,-0.0029222676797195403,-0.0020034623858986465,0.0,-0.0009188052938208938,38295700.0,150700.0,1016433570.2395779,51446123.109000005,XLF,IYF,Financials
2013-01-15,3.049725826584513,4.846860674588879,21.10955595,127.34,0.004103,0.004058,0.0,0.0,0.004103165298945141,0.004057546832101456,0.0,4.561846684368511e-05,42060800.0,591500.0,1026365973.9318659,54656100.009,XLF,IYF,Financials
2013-01-16,3.050309427418118,4.846703602413892,21.1218791,127.32,0.000584,-0.000157,0.0,0.0,0.00058377116170453,-0.00015705983979896342,0.0,0.0007408310015034935,58227600.0,223900.0,1018311162.6511066,53844095.409,XLF,IYF,Financials
2013-01-17,3.049725826584513,4.846703602413892,21.10955595,127.32,-0.000583,0.0,0.0,0.0,-0.0005834305717618786,0.0,0.0,-0.0005834305717618786,56640200.0,254300.0,1006322707.1869396,53452119.20900001,XLF,IYF,Financials
2013-01-18,3.050892687860433,4.847331743138063,21.134202249999998,127.4,0.001168,0.000628,0.0,0.0,0.00116754232340906,0.0006283380458686773,0.0,0.0005392042775403828,56911600.0,461700.0,991687218.8928066,54894085.009,XLF,IYF,Financials
2013-01-22,3.060178883436602,4.856395721429257,21.33137265,128.56,0.009329,0.009105,0.0,0.0,0.009329446064139931,0.009105180533751962,0.0,0.0002242655303879692,42375800.0,504300.0,973107138.4671901,56192687.688999996,XLF,IYF,Financials
2013-01-23,3.0596010157522175,4.856395721429257,21.319049500000002,128.56,-0.000578,0.0,0.0,0.0,-0.0005777007510108955,0.0,0.0,-0.0005777007510108955,37423500.0,237600.0,953637492.4811726,51475161.289,XLF,IYF,Financials
2013-01-24,3.064789842614676,4.860742204521639,21.42995785,129.12,0.005202,0.004356,0.0,0.0,0.005202312138728398,0.0043559427504667085,0.0,0.0008463693882616898,67056600.0,369900.0,1001246406.3752877,52684156.489,XLF,IYF,Financials
2013-01-25,3.0693796383944494,4.86383530936938,21.52854305,129.52,0.0046,0.003098,0.0,0.0,0.004600345025876775,0.0030978934324659233,0.0,0.0015024515934108518,45779600.0,252400.0,1020589161.0089867,53091144.889000006,XLF,IYF,Financials
2013-01-28,3.0653647204689674,4.8610519458900745,21.442280999999998,129.16,-0.004007,-0.00278,0.0,0.0,-0.004006868918145468,-0.002779493514515133,0.0,-0.001227375403630335,31090000.0,244200.0,1009253443.0832796,53696360.989,XLF,IYF,Financials
2013-01-29,3.0693796383944494,4.865069877427421,21.52854305,129.68,0.004023,0.004026,0.0,0.0,0.004022988505747203,0.004026014245896562,0.0,-3.025740149359586e-06,37446600.0,344100.0,1017586932.8508476,53498236.989,XLF,IYF,Financials
2013-01-30,3.064789842614676,4.859967431104096,21.42995785,129.02,-0.004579,-0.005089,0.0,0.0,-0.00457927876359457,-0.005089450956199877,0.0,0.0005101721926053064,32392400.0,309200.0,991930928.9627125,51456336.188999996,XLF,IYF,Financials
2013-01-31,3.0642146340857304,4.860432367183761,21.4176347,129.08,-0.000575,0.000465,878123022.7,251706000.00000003,0.07296550054452333,0.19362413686726,626417022.7,-0.12065863632273666,35500600.0,136500.0,957239716.9750521,46941813.188999996,XLF,IYF,Financials
2013-02-01,3.077361436756599,4.87351652213313,21.70106715,130.78,0.013234,0.01317,0.0,0.0,0.013233601841196749,0.013170127052990237,0.0,6.347478820651134e-05,57920900.0,649300.0,970303349.9010775,48991302.789,XLF,IYF,Financials
2013-02-04,3.065939268028582,4.86151637813002,21.45460415,129.22,-0.011357,-0.011928,0.0,0.0,-0.011357183418512197,-0.011928429423459244,0.0,0.0005712460049470472,49907200.0,647300.0,977053711.575844,49343942.989,XLF,IYF,Financials
2013-02-05,3.075656406505515,4.872904620630176,21.6640977,130.7,0.009765,0.011453,0.0,0.0,0.00976450315910382,0.011453335396997215,0.0,-0.0016888322378933954,47372600.0,364000.0,990484845.6660168,49179981.089,XLF,IYF,Financials
2013-02-06,3.077361436756599,4.874891933062879,21.70106715,130.96,0.001707,0.001989,0.0,0.0,0.001706484641638356,0.0019892884468249413,0.0,-0.00028280380518658525,29986200.0,214800.0,979338983.7346271,48520670.688999996,XLF,IYF,Financials
2013-02-07,3.0745181024554546,4.870760011965056,21.6394514,130.42,-0.002839,-0.004123,0.0,0.0,-0.0028392958546281225,-0.004123396456933566,0.0,0.0012841006023054436,50505600.0,148500.0,983347289.694014,47534459.489,XLF,IYF,Financials
2013-02-08,3.0767934162925905,4.874739203012945,21.688744000000003,130.94,0.002278,0.003987,0.0,0.0,0.002277904328018398,0.003987118540101363,0.0,-0.0017092142120829655,44635100.0,513900.0,967000389.3771954,44318189.289,XLF,IYF,Financials
2013-02-11,3.081328571457982,4.8782461060505105,21.787329200000002,131.4,0.004545,0.003513,0.0,0.0,0.0045454545454544516,0.0035130594165266532,0.0,0.0010323951289277983,28428700.0,298200.0,952902354.0744941,44687592.489,XLF,IYF,Financials
2013-02-12,3.088935313306284,4.884467201905432,21.953691725000002,132.22,0.007636,0.006241,0.0,0.0,0.007635746606334914,0.006240487062404871,0.0,0.0013952595439300436,55430000.0,272000.0,973491922.8800204,45530155.1,XLF,IYF,Financials
2013-02-13,3.086968744334243,4.882801922586371,21.9105607,132.0,-0.001965,-0.001664,0.0,0.0,-0.001964636542239763,-0.0016638935108153079,0.0,-0.0003007430314244553,40321500.0,212000.0,973271015.9981848,43163274.6,XLF,IYF,Financials
2013-02-14,3.0902255274925,4.885827643502908,21.98203497,132.4,0.003262,0.00303,0.0,0.0,0.003262092238470179,0.0030303030303030303,0.0,0.0002317892081671485,31361800.0,200600.0,946247008.8401343,43065899.2,XLF,IYF,Financials
2013-02-15,3.0858432518125083,4.882953426260625,21.885914400000004,132.02,-0.004373,-0.00287,0.0,0.0,-0.00437268752102232,-0.002870090634440938,0.0,-0.0015025968865813818,63863500.0,203100.0,956350090.0083945,42787688.50000001,XLF,IYF,Financials
2013-02-19,3.095369801865526,4.891401206172557,22.095407950000002,133.14,0.009572,0.008484,0.0,0.0,0.00957207207207193,0.00848356309650023,0.0,0.0010885089755717,44463800.0,535100.0,945333316.7702,43408820.2,XLF,IYF,Financials
2013-02-20,3.0801967094242984,4.876570425865589,21.7626829,131.18,-0.015059,-0.014721,0.0,0.0,-0.015058561070831008,-0.014721345951629716,0.0,-0.0003372151192012913,55162800.0,816200.0,960161143.9269127,45520635.6,XLF,IYF,Financials
2013-02-21,3.07223759975673,4.869378902254231,21.5901588,130.24,-0.007927,-0.007166,0.0,0.0,-0.007927519818799567,-0.007165726482695533,0.0,-0.0007617933361040346,52476900.0,324100.0,976918701.6953361,46103882.0,XLF,IYF,Financials
2013-02-22,3.084716491129918,4.881437355624573,21.8612681,131.82,0.012557,0.012132,0.0,0.0,0.012557077625570703,0.012131449631449631,0.0,0.0004256279941210715,43300700.0,374600.0,952398106.6980041,46184796.2,XLF,IYF,Financials
2013-02-25,3.0572861999037664,4.856706811803519,21.269756900000004,128.6,-0.027058,-0.024427,0.0,0.0,-0.027057497181510595,-0.024427249279320284,0.0,-0.002630247902190311,71565300.0,471600.0,979228528.9011936,47582641.8,XLF,IYF,Financials
2013-02-26,3.0624870206413526,4.86151637813002,21.380665250000003,129.22,0.005214,0.004821,0.0,0.0,0.0052143684820394965,0.004821150855365474,0.0,0.0003932176266740221,74332700.0,612500.0,1025360631.8781275,49962960.7,XLF,IYF,Financials
2013-02-27,3.0779291347565176,4.876112934435574,21.7133903,131.12,0.015562,0.014704,0.0,0.0,0.01556195965417852,0.014703606252902027,0.0,0.0008583534012764939,62552800.0,527900.0,1052963762.9072129,51192728.7,XLF,IYF,Financials
2013-02-28,3.0762250729979512,4.8738223325330665,21.67642085,130.82,-0.001703,-0.002288,261200871.2425,13082000.0,0.018407025053490594,0.005991787320980559,248118871.2425,0.012415237732510034,62341400.0,195100.0,1085822295.7131054,50474228.6,XLF,IYF,Financials
2013-03-01,3.0790635648271296,4.877637092633392,21.7380366,131.32,0.002842,0.003822,0.0,0.0,0.0028425241614554704,0.0038220455587830607,0.0,-0.0009795213973275902,51737700.0,303000.0,1104039152.4015553,51582755.6,XLF,IYF,Financials
2013-03-04,3.087531015926228,4.885223231275381,21.922883849999998,132.32,0.008503,0.007615,0.0,0.0,0.00850340136054408,0.007614986293024673,0.0,0.0008884150675194068,36271000.0,452100.0,1080950131.3933012,50328076.5,XLF,IYF,Financials
2013-03-05,3.0959273708791346,4.89320219720416,22.107731100000002,133.38,0.008432,0.008011,0.0,0.0,0.008431703204047366,0.008010882708585248,0.0,0.0004208204954621181,66322200.0,331000.0,1100724838.5595782,48353310.2,XLF,IYF,Financials
2013-03-06,3.1025940622373236,4.898436636733773,22.2556089,134.08,0.006689,0.005248,0.0,0.0,0.00668896321070226,0.005248163142900132,0.0,0.0014408000678021284,56090800.0,239500.0,1111827352.2088332,47580178.2,XLF,IYF,Financials
2013-03-07,3.109766506778515,4.90453376321371,22.415809850000002,134.9,0.007198,0.006116,0.0,0.0,0.007198228128460823,0.0061157517899759865,0.0,0.0010824763384848363,47906800.0,355300.0,1132984211.1862655,48570166.3,XLF,IYF,Financials
2013-03-08,3.1125114988946696,4.9082333604781745,22.4774256,135.4,0.002749,0.003706,0.0,0.0,0.0027487630566243345,0.0037064492216456633,0.0,-0.0009576861650213288,61119700.0,308800.0,1147029212.8270898,49692373.8,XLF,IYF,Financials
2013-03-11,3.1201576311760255,4.9139775400548205,22.6499497,136.18,0.007675,0.005761,0.0,0.0,0.007675438596491299,0.005760709010339734,0.0,0.0019147295861515643,49470900.0,347000.0,1154650919.792056,48690593.5,XLF,IYF,Financials
2013-03-12,3.1147020802744882,4.908085639080461,22.5267182,135.38,-0.005441,-0.005874,0.0,0.0,-0.005440696409140282,-0.00587457776472316,0.0,0.0004338813555828788,32700600.0,160500.0,1160513507.5692,47817844.0,XLF,IYF,Financials
2013-03-13,3.117433576100098,4.911772143292383,22.58833395,135.88,0.002735,0.003693,0.0,0.0,0.0027352297592995976,0.0036933077263997635,0.0,-0.0009580779671001659,24238100.0,203500.0,1127043765.8090372,47402231.0,XLF,IYF,Financials
2013-03-14,3.1239588847350204,4.917935038807335,22.73621175,136.72,0.006547,0.006182,0.0,0.0,0.006546644844517245,0.0061819252281424784,0.0,0.00036471961637476666,67259700.0,316900.0,1159331971.2178586,48169359.4,XLF,IYF,Financials
2013-03-15,3.1236878452971233,4.919688912393432,22.730050175000002,136.96,0.003088,0.001755,0.0,0.0,-0.0002710027100269309,0.0017554125219426564,0.0,-0.0020264152319695874,49966600.0,334700.0,1181649328.255459,49133413.0,XLF,IYF,Financials
2013-03-18,3.1141548846383995,4.9114777225630375,22.51439505,135.84,-0.009488,-0.008178,0.0,0.0,-0.009487666034155717,-0.008177570093457943,0.0,-0.0013100959406977739,41240600.0,276900.0,1158189131.5661905,49673454.7,XLF,IYF,Financials
2013-03-19,3.1083911799216497,4.906311278124028,22.385001975,135.14,-0.005747,-0.005153,0.0,0.0,-0.0057471264367816265,-0.005153121319199202,0.0,-0.0005940051175824246,65037200.0,332700.0,1181859734.0882535,48359347.89999999,XLF,IYF,Financials
2013-03-20,3.115194300470923,4.912948960138995,22.537809035000002,136.04,0.006826,0.00666,0.0,0.0,0.006826314340765242,0.006659760248631195,0.0,0.0001665540921340471,62925600.0,250200.0,1192745465.6850872,44707752.5,XLF,IYF,Financials
2013-03-21,3.1031476188526215,4.903346995532514,22.267932050000002,134.74,-0.011974,-0.009556,0.0,0.0,-0.011974410848050718,-0.009556012937371362,0.0,-0.002418397910679356,57325500.0,192600.0,1199922252.4051151,43894759.5,XLF,IYF,Financials
2013-03-22,3.1089415376680676,4.908381060057499,22.397325125000002,135.42,0.005811,0.005047,0.0,0.0,0.005810736026563382,0.005046756716639308,0.0,0.000763979309924074,44137900.0,735900.0,1202020386.6559684,46408549.8,XLF,IYF,Financials
2013-03-25,3.106462539015244,4.90408889036586,22.34187095,134.84,-0.002476,-0.001447,0.0,0.0,-0.0024759284731775684,-0.004282971496086106,0.0,0.0018070430229085378,49588700.0,224200.0,1181306776.7811031,44887718.2,XLF,IYF,Financials
2013-03-26,3.1127855841368954,4.911330479685645,22.483587175000004,135.82,0.006343,0.007268,0.0,0.0,0.0063430777716494335,0.007267873034707802,0.0,-0.0009247952630583684,48571900.0,434600.0,1156446175.3849385,43881724.3,XLF,IYF,Financials
2013-03-27,3.1081158874216315,4.90852873782488,22.3788404,135.44,-0.004659,-0.002798,0.0,0.0,-0.004658810633050296,-0.0027978206449712855,0.0,-0.001860989988079011,31857700.0,182200.0,1124181426.5376005,41654670.3,XLF,IYF,Financials
2013-03-28,3.1108104915981905,4.910593939916029,22.439223835,135.72,0.002698,0.002067,683274365.77575,190008000.0,0.05273086632750186,0.11753188510424187,493266365.77575004,-0.06480101877674001,25740700.0,148100.0,1085494571.8471704,41383527.8,XLF,IYF,Financials
2013-04-01,3.105910814863318,4.905719124146696,22.329547800000004,135.06,-0.004888,-0.004863,0.0,0.0,-0.004887692899115601,-0.004862953138815208,0.0,-2.473976030039314e-05,22192500.0,537300.0,1054038195.5147543,43022416.7,XLF,IYF,Financials
2013-04-02,3.111688792143206,4.9101517555179335,22.458940875000003,135.66,0.005795,0.004443,0.0,0.0,0.005794701986754913,0.00444247001332741,0.0,0.0013522319734275033,40039300.0,416500.0,1059241963.0774062,42856442.6,XLF,IYF,Financials
2013-04-03,3.0950909007341685,4.894850261102546,22.089246375000002,133.6,-0.016461,-0.015185,0.0,0.0,-0.01646090534979422,-0.01518502137697184,0.0,-0.0012758839728223784,88672800.0,366600.0,1083866061.1974401,43097891.6,XLF,IYF,Financials
2013-04-04,3.103977379652546,4.903940555425293,22.286416775000003,134.82,0.008926,0.009132,0.0,0.0,0.008926080892608053,0.009131736526946108,0.0,-0.00020565563433805507,55335600.0,227800.0,1083110928.0177686,43027883.39999999,XLF,IYF,Financials
2013-04-05,3.1009315514637104,4.901118002856905,22.21863945,134.44,-0.003041,-0.002819,0.0,0.0,-0.0030411943599668403,-0.002818572912030856,0.0,-0.00022262144793598442,59732500.0,192300.0,1095776186.099026,41924025.5,XLF,IYF,Financials
2013-04-08,3.110865407988001,4.911919321157098,22.440456150000003,135.9,0.009983,0.01086,0.0,0.0,0.00998336106489189,0.010859863135971436,0.0,-0.0008765020710795463,41802100.0,217300.0,1073988420.2282057,41310003.0,XLF,IYF,Financials
2013-04-09,3.1136073894153067,4.912948960138995,22.502071900000004,136.04,0.002746,0.00103,0.0,0.0,0.0027457440966502556,0.0010301692420897719,0.0,0.0017155748545604837,50689500.0,283500.0,1074993689.0762715,40875647.0,XLF,IYF,Financials
2013-04-10,3.126935480086604,4.925077405734609,22.803989075,137.7,0.013417,0.012202,0.0,0.0,0.013417305585980118,0.01220229344310484,0.0,0.0012150121428752773,67070700.0,559300.0,1114635804.520356,43640003.0,XLF,IYF,Financials
2013-04-11,3.1293643033019287,4.928557183060649,22.85944325,138.18,0.002432,0.003486,0.0,0.0,0.0024317751958931105,0.0034858387799565553,0.0,-0.0010540635840634448,48876400.0,260100.0,1143125254.2678962,44054454.9,XLF,IYF,Financials
2013-04-12,3.125042308459633,4.924205566097868,22.76085805,137.58,-0.004313,-0.004342,0.0,0.0,-0.004312668463612037,-0.004342162396873516,0.0,2.949393326147874e-05,46170800.0,355200.0,1119208066.4385695,44331547.3,XLF,IYF,Financials
2013-04-15,3.1037008692125148,4.9005227647440925,22.2802552,134.36,-0.021115,-0.023405,0.0,0.0,-0.021115322144017266,-0.023404564616950136,0.0,0.0022892424729328703,71700200.0,700600.0,1142295837.8794136,46746152.5,XLF,IYF,Financials
2013-04-16,3.119068899440829,4.916471124038506,22.6253034,136.52,0.015487,0.016076,0.0,0.0,0.015486725663716852,0.016076213158678177,0.0,-0.000589487494961325,44813000.0,231600.0,1146565865.9176722,46446349.300000004,XLF,IYF,Financials
2013-04-17,3.100099258448541,4.898436636733773,22.200154725,134.08,-0.018791,-0.017873,0.0,0.0,-0.018790849673202575,-0.0178728391444477,0.0,-0.000918010528754877,79322700.0,359600.0,1161821784.0554864,46609053.800000004,XLF,IYF,Financials
2013-04-18,3.0897769461235334,4.889747443486393,21.97217645,132.92,-0.010269,-0.008652,0.0,0.0,-0.010269220094365936,-0.008651551312649426,0.0,-0.0016176687817165102,61720400.0,331600.0,1158718102.2130756,47111007.00000001,XLF,IYF,Financials
2013-04-19,3.1037008692125148,4.903198550494016,22.2802552,134.72,0.014021,0.013542,0.0,0.0,0.014021312394840212,0.013541980138429265,0.0,0.000479332256410947,54413600.0,278300.0,1155509529.993998,47688089.60000001,XLF,IYF,Financials
2013-04-22,3.1048064525202643,4.903940555425293,22.304901500000003,134.82,0.001106,0.000742,0.0,0.0,0.0011061946902655659,0.0007422802850356294,0.0,0.0003639144052299364,43801100.0,223500.0,1154929946.2168434,44211924.2,XLF,IYF,Financials
2013-04-23,3.1226029523238847,4.919980925828125,22.705403875000002,137.0,0.017956,0.01617,0.0,0.0,0.01795580110497239,0.016169707758492805,0.0,0.0017860933464795836,74857800.0,575700.0,1184518558.5276291,46643912.8,XLF,IYF,Financials
2013-04-24,3.1288250743861936,4.925803358579558,22.8471201,137.8,0.006242,0.005839,0.0,0.0,0.006241519674355482,0.005839416058394289,0.0,0.0004021036159611935,37726500.0,314200.0,1173012124.9549925,45857382.2,XLF,IYF,Financials
2013-04-25,3.134740660338309,4.930292541413717,22.982674749999997,138.42,0.005933,0.004499,0.0,0.0,0.005933117583602793,0.00449927431059481,0.0,0.0014338432730079832,36033500.0,194800.0,1178772516.2946448,45971734.6,XLF,IYF,Financials
2013-04-26,3.1301726018775278,4.925948485929061,22.877927975000002,137.82,-0.004558,-0.004335,0.0,0.0,-0.0045576407506699845,-0.004334633723450242,0.0,-0.00022300702721974285,23910800.0,76800.0,1177243927.8573968,45495956.8,XLF,IYF,Financials
2013-04-29,3.134740660338309,4.9305814752498796,22.982674749999997,138.46,0.004578,0.004644,0.0,0.0,0.004578507945057646,0.004643738209258453,0.0,-6.523026420080739e-05,29989500.0,228600.0,1186928449.6005783,43450167.7,XLF,IYF,Financials
2013-04-30,3.137418038109025,4.934761661517082,23.0442905,139.04,0.002681,0.004189,-471255740.72499996,-125136000.0,-0.029323070684362983,-0.06250996064777924,-346119740.72499996,0.033186889963416254,41071300.0,186900.0,1189289384.4523911,41924377.0,XLF,IYF,Financials
2013-05-01,3.1261245596475176,4.923769361074594,22.78550435,137.52,-0.01123,-0.010932,0.0,0.0,-0.011229946524064073,-0.010932105868814594,0.0,-0.00029784065524947854,40554900.0,181200.0,1137556810.6725268,40721420.2,XLF,IYF,Financials
2013-05-02,3.134740660338309,4.933322190993586,22.982674749999997,138.84,0.008653,0.009599,0.0,0.0,0.008653326122228175,0.009598603839441397,0.0,-0.0009452777172132224,43877600.0,93300.0,1126316428.9483225,39833509.0,XLF,IYF,Financials
2013-05-03,3.145407428142504,4.9427846271880815,23.229137750000003,140.16,0.010724,0.009507,0.0,0.0,0.010723860589812563,0.00950734658599827,0.0,0.0012165140038142928,40939600.0,141800.0,1107507265.2924614,39534602.8,XLF,IYF,Financials
2013-05-06,3.1559616158211945,4.95215836433728,23.47560075,141.48,0.01061,0.009418,0.0,0.0,0.010610079575596646,0.009417808219177948,0.0,0.0011922713564186983,23835200.0,187100.0,1088581637.6408856,39381594.7,XLF,IYF,Financials
2013-05-07,3.1611972298751394,4.958218561871125,23.59883225,142.34,0.005249,0.006079,0.0,0.0,0.005249343832021044,0.006078597681651251,0.0,-0.0008292538496302067,39517400.0,349900.0,1078178923.6399405,39943466.0,XLF,IYF,Financials
2013-05-08,3.169258643964684,4.964661161186305,23.789841075000002,143.26,0.008094,0.006463,0.0,0.0,0.00809399477806786,0.006463397498946185,0.0,0.0016305972791216755,63316300.0,1047400.0,1077019183.8601613,43595211.7,XLF,IYF,Financials
2013-05-09,3.1622410713060374,4.958218561871125,23.62347855,142.34,-0.006993,-0.006422,0.0,0.0,-0.006993006993006958,-0.006421890269440179,0.0,-0.0005711167235667794,37784900.0,585200.0,1065785357.9901413,45963049.2,XLF,IYF,Financials
2013-05-10,3.1664055749822775,4.961304984074315,23.72206375,142.78,0.004173,0.003091,0.0,0.0,0.004173187271778728,0.0030911901081916537,0.0,0.0010819971635870743,53320300.0,178000.0,1076484384.5358505,44790370.4,XLF,IYF,Financials
2013-05-13,3.1695176106889074,4.964381909578794,23.79600265,143.22,0.003117,0.003082,0.0,0.0,0.0031168831168830154,0.0030816640986132513,0.0,3.5219018269764136e-05,31489700.0,124900.0,1034075896.0736837,40978148.5,XLF,IYF,Financials
2013-05-14,3.186462817174804,4.980038620118788,24.2026666,145.48,0.01709,0.01578,0.0,0.0,0.01708959088555162,0.015779919005725326,0.0,0.0013096718798262935,34175400.0,488800.0,1024737300.6165558,42952778.1,XLF,IYF,Financials
2013-05-15,3.1955860431503265,4.988253343203126,24.424483300000002,146.68,0.009165,0.008249,0.0,0.0,0.009164969450101916,0.008248556502612173,0.0,0.000916412947489743,47187500.0,109400.0,994315005.2422554,41344359.3,XLF,IYF,Financials
2013-05-16,3.1890054068995184,4.9823729843782845,24.264282350000002,145.82,-0.006559,-0.005863,0.0,0.0,-0.0065590312815338,-0.005863103354240524,0.0,-0.0006959279272932758,37502700.0,552800.0,972007234.3583937,43171010.5,XLF,IYF,Financials
2013-05-17,3.2021236575843566,4.994776878161797,24.58468425,147.64,0.013205,0.012481,0.0,0.0,0.013204672422549382,0.01248114113290345,0.0,0.0007235312896459317,47944600.0,188000.0,970324932.2654852,42684197.699999996,XLF,IYF,Financials
2013-05-20,3.204126662760793,4.995589335890984,24.63397685,147.76,0.002005,0.000813,0.0,0.0,0.002005012531328339,0.0008127878623680497,0.0,0.0011922246689602893,32837000.0,105000.0,961921266.1020752,41953324.199999996,XLF,IYF,Financials
2013-05-21,3.2066247904651486,4.997482507517955,24.6955926,148.04,0.002501,0.001895,0.0,0.0,0.0025012506253127413,0.0018949648077964266,0.0,0.0006062858175163147,36238600.0,200300.0,921684122.0920942,39492399.8,XLF,IYF,Financials
2013-05-22,3.1960904567801887,4.9851123368651695,24.43680645,146.22,-0.010479,-0.012294,0.0,0.0,-0.010479041916167697,-0.012293974601459066,0.0,0.0018149326852913688,95956900.0,401200.0,995831037.9115622,40260735.0,XLF,IYF,Financials
2013-05-23,3.1900206354131133,4.977974351856695,24.288928650000003,145.18,-0.006051,-0.007113,0.0,0.0,-0.0060514372163388095,-0.007112570099849542,0.0,0.0010611328835107327,59877700.0,210800.0,1027141986.5326611,40442721.4,XLF,IYF,Financials
2013-05-24,3.1910348342830086,4.9786629148529835,24.313574950000003,145.28,0.001015,0.000689,0.0,0.0,0.0010147133434804758,0.0006888001102080177,0.0,0.00032591323327245815,50451500.0,522200.0,1061123324.8509258,43706753.4,XLF,IYF,Financials
2013-05-28,3.2011708228290847,4.986342601527212,24.561270265,146.4,0.010188,0.007709,0.0,0.0,0.010187531677648184,0.007709251101321586,0.0,0.002478280576326598,47771100.0,197000.0,1085327323.5279868,43566195.6,XLF,IYF,Financials
2013-05-29,3.2011206484731876,4.985385859842805,24.56003795,146.26,-5e-05,-0.000956,0.0,0.0,-5.01730971852584e-05,-0.0009562841530054645,0.0,0.0009061110558202061,48290900.0,114200.0,1097305691.939337,43102011.4,XLF,IYF,Financials
2013-05-30,3.2130908662146047,4.9940993254561565,24.85579355,147.54,0.012042,0.008752,0.0,0.0,0.012042147516307057,0.008751538356351703,0.0,0.0032906091599553544,55589000.0,258600.0,1120187934.8036938,43763772.4,XLF,IYF,Financials
2013-05-31,3.1965996564150894,4.9788005705762375,24.4492528315,145.3,-0.016356,-0.015182,1984056867.276225,305130000.0,0.1123394811124123,0.148305195991601,1678926867.276225,-0.03596571487918869,60001000.0,173200.0,1143115685.2803054,44374381.800000004,XLF,IYF,Financials
2013-06-03,3.1976021728655106,4.980863135762585,24.4737759,145.6,0.001003,0.002065,0.0,0.0,0.0010030191380082957,0.002064693737095553,0.0,-0.001061674599087257,100247400.0,434400.0,1218237724.9966931,46543079.4,XLF,IYF,Financials
2013-06-04,3.188497405872592,4.9717558560353385,24.2519592,144.28,-0.009063,-0.009066,0.0,0.0,-0.009063444108761176,-0.009065934065934067,0.0,2.489957172890911e-06,62747900.0,309900.0,1266348418.5811572,47455152.6,XLF,IYF,Financials
2013-06-05,3.1721035960969153,4.955545327778296,23.8576184,141.96,-0.01626,-0.01608,0.0,0.0,-0.01626016260162615,-0.016079844746326587,0.0,-0.0001803178552995631,88100900.0,218300.0,1324814076.548178,46514407.7,XLF,IYF,Financials
2013-06-06,3.185953522536854,4.969952178820721,24.19034345,144.02,0.013946,0.014511,0.0,0.0,0.013946280991735642,0.014511129895745394,0.0,-0.0005648489040097522,71349700.0,253700.0,1335798528.2280498,40838775.2,XLF,IYF,Financials
2013-06-07,3.203125661676208,4.984291318756654,24.60933055,146.1,0.01732,0.014443,0.0,0.0,0.01732042791645426,0.014442438550201248,0.0,0.0028779893662530115,53233100.0,493600.0,1356669537.1999154,40279654.8,XLF,IYF,Financials
2013-06-10,3.2036262874688917,4.98524910770584,24.621653700000003,146.24,0.000501,0.000958,0.0,0.0,0.0005007511266902844,0.0009582477754962354,0.0,-0.0004574966488059511,65984600.0,321700.0,1374658657.94811,41361183.2,XLF,IYF,Financials
2013-06-11,3.1869718525637545,4.9693965460796585,24.21498975,143.94,-0.016517,-0.015728,0.0,0.0,-0.016516516516516675,-0.01572757111597374,0.0,-0.0007889454005429349,70652600.0,218200.0,1422734807.9562674,42037159.7,XLF,IYF,Financials
2013-06-12,3.1762273132807772,4.958639998977875,23.956203600000002,142.4,-0.010687,-0.010699,0.0,0.0,-0.01068702290076329,-0.010698902320411282,0.0,1.18794196479928e-05,64204100.0,315900.0,1458282341.9279234,40730836.5,XLF,IYF,Financials
2013-06-13,3.194828945322364,4.978387546546135,24.405998575,145.24,0.018776,0.019944,0.0,0.0,0.01877572016460909,0.019943820224719213,0.0,-0.0011681000601101235,69811100.0,224000.0,1485846306.997945,41555184.900000006,XLF,IYF,Financials
2013-06-14,3.181869800679859,4.967170922682172,24.09175825,143.62,-0.012876,-0.011154,0.0,0.0,-0.012875536480686752,-0.011153952079317103,0.0,-0.0017215844013696493,44373800.0,220000.0,1493799645.0252705,39104540.1,XLF,IYF,Financials
2013-06-17,3.1915415482538196,4.975629684897441,24.3258981,144.84,0.009719,0.008495,0.0,0.0,0.009718670076726327,0.00849463862971731,0.0,0.001224031447009017,46204800.0,168300.0,1491063165.227187,38935552.7,XLF,IYF,Financials
2013-06-18,3.1978539035150466,4.981961433511648,24.479937475,145.76,0.006332,0.006352,0.0,0.0,0.0063323201621073065,0.0063518365092515875,0.0,-1.9516347144281007e-05,34236200.0,157900.0,1492522872.105094,39310587.900000006,XLF,IYF,Financials
2013-06-19,3.184424080484956,4.968284353555726,24.153374000000003,143.78,-0.01334,-0.013584,0.0,0.0,-0.013340045305814112,-0.01358397365532382,0.0,0.00024392834950970853,61275100.0,187400.0,1521776207.364746,39175185.900000006,XLF,IYF,Financials
2013-06-20,3.1625018615018043,4.941642422609304,23.629640125,140.0,-0.021684,-0.02629,0.0,0.0,-0.02168367346938774,-0.02629016553067186,0.0,0.00460649206128412,102825200.0,1420000.0,1526018321.3117032,46182012.7,XLF,IYF,Financials
2013-06-21,3.1593678813968604,4.948334267898876,23.555701225,140.94,0.000894,0.006714,0.0,0.0,-0.003129074315515055,0.006714285714285714,0.0,-0.009843360029800768,85672200.0,643700.0,1554203499.4848204,49187969.4,XLF,IYF,Financials
2013-06-24,3.1414207118986828,4.930437018767144,23.136714124999997,138.44,-0.017787,-0.017738,0.0,0.0,-0.017787078210829387,-0.01773804455796793,0.0,-4.903365286145628e-05,78714100.0,732200.0,1583929964.6206574,50462997.0,XLF,IYF,Financials
2013-06-25,3.1598908939610837,4.948192353473037,23.568024375,140.92,0.018642,0.017914,0.0,0.0,0.018641810918775082,0.017913897717422595,0.0,0.0007279132013524869,65159800.0,911900.0,1602048407.4563463,55446204.4,XLF,IYF,Financials
2013-06-26,3.1700353430328563,4.955263518561269,23.808325800000002,141.92,0.010196,0.010359,0.0,0.0,0.010196078431372664,0.007096224808401931,0.0,0.003099853622970733,66801700.0,495400.0,1622268922.5040567,58126418.2,XLF,IYF,Financials
2013-06-27,3.1828922956564694,4.96884060443921,24.116404550000002,143.86,0.01294,0.01367,0.0,0.0,0.01293995859213255,0.01366967305524262,0.0,-0.0007297144631100705,43024500.0,557500.0,1605063299.4995828,60228823.5,XLF,IYF,Financials
2013-06-28,3.176484481856195,4.963264122680238,23.962365175000002,143.06,-0.006387,-0.005561,927343532.2725,85836000.0,0.04843600371073049,0.03489079542964311,841507532.2725,0.013545208281087379,51482400.0,274400.0,1593396321.9867125,60933308.7,XLF,IYF,Financials
2013-07-01,3.179821668883504,4.96870157072331,24.042465650000004,143.84,0.003343,0.005452,0.0,0.0,0.0033427616353817924,0.005452257793932616,0.0,-0.0021094961585508237,59725400.0,639500.0,1542521995.775455,62370160.7,XLF,IYF,Financials
2013-07-02,3.180846259137072,4.970091038780675,24.06711195,144.04,0.001025,0.00139,0.0,0.0,0.0010251153254740334,0.0013904338153503894,0.0,-0.00036531848987635595,60335300.0,347400.0,1539038841.2230124,62636516.9,XLF,IYF,Financials
2013-07-03,3.1777693336325927,4.967449396646655,23.99317305,143.66,-0.003072,-0.002638,0.0,0.0,-0.003072196620583685,-0.002638156067758956,0.0,-0.0004340405528247288,25045200.0,66300.0,1463990649.4617774,61563256.4,XLF,IYF,Financials
2013-07-05,3.1955860431503265,4.983058526326021,24.424483300000002,145.92,0.017976,0.015732,0.0,0.0,0.01797637390857736,0.01573158847278296,0.0,0.0022447854357943997,37842900.0,236700.0,1423906626.012733,61463325.9,XLF,IYF,Financials
2013-07-08,3.202875254763669,4.988526008508154,24.603168975,146.72,0.007316,0.005482,0.0,0.0,0.007315842583249077,0.005482456140350877,0.0,0.0018333864428982,47663800.0,402600.0,1417039104.5772028,60811051.5,XLF,IYF,Financials
2013-07-09,3.2113541085519017,4.996671587078869,24.812662525000004,147.92,0.008515,0.008179,0.0,0.0,0.008514901076884704,0.008178844056706653,0.0,0.0003360570201780509,75671900.0,415800.0,1429687671.906829,61534037.9,XLF,IYF,Financials
2013-07-10,3.205626288135559,4.991112627607392,24.6709463,147.1,-0.005711,-0.005543,0.0,0.0,-0.005711447727837056,-0.005543537047052461,0.0,-0.00016791068078459478,57722100.0,206600.0,1415348014.137448,61483195.5,XLF,IYF,Financials
2013-07-11,3.215072045664014,5.001527275065528,24.905086150000002,148.64,0.00949,0.010469,0.0,0.0,0.009490509490509563,0.010469068660774983,0.0,-0.0009785591702654202,60446500.0,245900.0,1413714954.058009,61061516.3,XLF,IYF,Financials
2013-07-12,3.2219754261370883,5.00756391557177,25.077610250000003,149.54,0.006927,0.006055,0.0,0.0,0.006927263730826179,0.006054897739504844,0.0,0.0008723659913213357,43091600.0,249200.0,1382556191.1944947,61298096.7,XLF,IYF,Financials
2013-07-15,3.226388279583988,5.011701392278253,25.188518600000002,150.16,0.004423,0.004146,0.0,0.0,0.0044226044226044784,0.004146047880165842,0.0,0.0002765565424386364,26211100.0,510200.0,1362114987.0766253,63548858.3,XLF,IYF,Financials
2013-07-16,3.222466705930806,5.006894974480533,25.0899334,149.44,-0.003914,-0.004795,0.0,0.0,-0.003913894324853323,-0.004794885455514118,0.0,0.0008809911306607949,36236300.0,211900.0,1351374641.9332023,63913346.5,XLF,IYF,Financials
2013-07-17,3.22663286806509,5.011701392278253,25.194680175000002,150.16,0.004175,0.004818,0.0,0.0,0.004174852652259408,0.004817987152034261,0.0,-0.0006431344997748535,37428400.0,188100.0,1356619468.5372212,64174826.1,XLF,IYF,Financials
2013-07-18,3.2399939316397663,5.0242751798002905,25.5335668,152.06,0.013451,0.012653,0.0,0.0,0.013450721447786687,0.012653169952051145,0.0,0.0007975514957355417,47078000.0,375300.0,1342722911.068371,65681013.4,XLF,IYF,Financials
2013-07-19,3.2404764406961726,5.024143644121048,25.545889950000003,152.04,0.000483,-0.000132,0.0,0.0,0.0004826254826256457,-0.00013152702880441932,0.0,0.000614152511430065,33052900.0,158400.0,1263455074.7757313,56945170.2,XLF,IYF,Financials
2013-07-22,3.247207235337594,5.030568631803706,25.718414050000003,153.02,0.006754,0.006446,0.0,0.0,0.0067534973468401874,0.006445672191528545,0.0,0.0003078251553116423,26637000.0,643600.0,1196804707.2038016,57333199.9,XLF,IYF,Financials
2013-07-23,3.243366616118406,5.028082207699977,25.61982885,152.64,-0.003833,-0.002483,0.0,0.0,-0.0038332534738860537,-0.002483335511697817,0.0,-0.0013499179621882366,30205200.0,389100.0,1144438028.4574695,55234522.7,XLF,IYF,Financials
2013-07-24,3.2361254548618463,5.019132424350202,25.4349816,151.28,-0.007215,-0.00891,0.0,0.0,-0.007215007215007239,-0.00890985324947589,0.0,0.0016948460344686509,36701600.0,514000.0,1114328866.758491,52697171.3,XLF,IYF,Financials
2013-07-25,3.2370939779399768,5.021245473208271,25.4596279,151.6,0.000969,0.002115,0.0,0.0,0.0009689922480621404,0.0021152829190904283,0.0,-0.001146290671028288,37564100.0,666400.0,1082625435.2987177,54233124.9,XLF,IYF,Financials
2013-07-26,3.2361254548618463,5.019793231881021,25.4349816,151.38,-0.000968,-0.001451,0.0,0.0,-0.0009680542110359426,-0.0014511873350923482,0.0,0.0004831331240564056,30764500.0,176500.0,1069870347.4923041,51558955.9,XLF,IYF,Financials
2013-07-29,3.2288314764992925,5.012899395749323,25.25013435,150.34,-0.007267,-0.00687,0.0,0.0,-0.007267441860465141,-0.0068701281543136474,0.0,-0.0003973137061514939,28945600.0,196700.0,1044732358.4901009,51074766.6,XLF,IYF,Financials
2013-07-30,3.2283433144197913,5.01276635510521,25.237811200000003,150.32,-0.000488,-0.000133,0.0,0.0,-0.0004880429477791613,-0.00013303179459890914,0.0,-0.00035501115318025214,24017800.0,866900.0,1003242899.6854433,52991103.0,XLF,IYF,Financials
2013-07-31,3.2288314764992925,5.010368591867711,25.25013435,149.96,0.000488,-0.002395,1985923066.6275,149960000.0,0.10681031196269554,0.06259566995404375,1835963066.6275,0.044214642008651786,45699500.0,342900.0,988334004.4399929,53060192.4,XLF,IYF,Financials
2013-08-01,3.244568394895423,5.0257209315142966,25.650636725000002,152.28,0.015861,0.015471,0.0,0.0,0.015861395802830643,0.015470792211256334,0.0,0.0003906035915743084,34083400.0,122300.0,1002001359.1440432,53515151.7,XLF,IYF,Financials
2013-08-02,3.2443281546540272,5.026246141610403,25.644475149999998,152.36,-0.00024,0.000525,0.0,0.0,-0.0002402113860198034,0.0005253480430785396,0.0,-0.000765559429098343,31483800.0,144300.0,996155971.5267432,52887465.900000006,XLF,IYF,Financials
2013-08-05,3.2421633913312013,5.023485706075076,25.589020975,151.94,-0.002162,-0.002757,0.0,0.0,-0.002162421912541912,-0.002756629036492518,0.0,0.0005942071239506057,21034000.0,129500.0,964433918.6166204,50917803.8,XLF,IYF,Financials
2013-08-06,3.2332142446543877,5.015954455573856,25.3610427,150.8,-0.008909,-0.007503,0.0,0.0,-0.008909222248976754,-0.0075029616954060815,0.0,-0.0014062605535706723,25285000.0,150800.0,902615550.983818,48979579.00000001,XLF,IYF,Financials
2013-08-07,3.226388279583988,5.009434573519737,25.188518600000002,149.82,-0.006803,-0.006499,0.0,0.0,-0.006802721088435255,-0.00649867374005305,0.0,-0.000304047348382205,38604400.0,97700.0,880031991.8847485,48191906.7,XLF,IYF,Financials
2013-08-08,3.2288314764992925,5.0114749414937,25.25013435,150.126,0.002446,0.002042,0.0,0.0,0.0024461839530332385,0.0020424509411293553,0.0,0.00040373301190388313,43190100.0,122900.0,859288518.7659466,47286902.17,XLF,IYF,Financials
2013-08-09,3.225409326985004,5.010101818490112,25.163872300000005,149.92,-0.003416,-0.001372,0.0,0.0,-0.00341630063445568,-0.0013721807015440364,0.0,-0.0020441199329116434,20810800.0,97300.0,831440816.9565436,46152994.57000001,XLF,IYF,Financials
2013-08-12,3.221483904868898,5.004751350937281,25.065287100000003,149.12,-0.003918,-0.005336,0.0,0.0,-0.003917727717923667,-0.005336179295624333,0.0,0.0014184515777006662,27136600.0,103500.0,832439211.4586135,43094108.970000006,XLF,IYF,Financials
2013-08-13,3.226388279583988,5.006894974480533,25.188518600000002,149.44,0.004916,0.002146,0.0,0.0,0.004916420845624325,0.002145922746781116,0.0,0.0027704980988432094,30425600.0,354600.0,825299683.3513005,44160363.370000005,XLF,IYF,Financials
2013-08-14,3.222466705930806,5.004751350937281,25.0899334,149.12,-0.003914,-0.002141,0.0,0.0,-0.003913894324853292,-0.0021413276231263384,0.0,-0.0017725667017269536,30397600.0,98500.0,816283542.954194,43482524.57000001,XLF,IYF,Financials
2013-08-15,3.2076222967822736,4.988798599487081,24.7202389,146.76,-0.014735,-0.015826,0.0,0.0,-0.01473477406679765,-0.01582618025751073,0.0,0.0010914061907130804,62030700.0,257100.0,832850766.2203856,42515718.470000006,XLF,IYF,Financials
2013-08-16,3.205876007202907,4.986342601527212,24.677107875,146.4,-0.001745,-0.002453,0.0,0.0,-0.0017447657028913427,-0.0024529844644317253,0.0,0.0007082187615403827,32681600.0,119100.0,830956847.3603477,42183373.67,XLF,IYF,Financials
2013-08-19,3.192554206568206,4.972725721023036,24.350544400000004,144.42,-0.013233,-0.013525,0.0,0.0,-0.013233458177278204,-0.013524590163934426,0.0,0.00029113198665622203,38214300.0,638600.0,843230728.0511013,41870520.67,XLF,IYF,Financials
2013-08-20,3.2021236575843566,4.984291318756654,24.58468425,146.1,0.009615,0.011633,0.0,0.0,0.00961538461538446,0.011632737847943497,0.0,-0.0020173532325590375,42614700.0,317300.0,856921572.527524,41218785.970000006,XLF,IYF,Financials
2013-08-21,3.195081374958944,4.977974351856695,24.41216015,145.18,-0.007018,-0.006297,0.0,0.0,-0.00701754385964919,-0.006297056810403833,0.0,-0.0007204870492453566,46788200.0,130200.0,867356398.0695076,38276011.77,XLF,IYF,Financials
2013-08-22,3.2066247904651486,4.988798599487081,24.6955926,146.76,0.01161,0.010883,0.0,0.0,0.011610297829379267,0.01088304174128668,0.0,0.0007272560880925878,32312000.0,292900.0,859436197.054148,35373999.970000006,XLF,IYF,Financials
2013-08-23,3.2076222967822736,4.9896159268721805,24.7202389,146.88,0.000998,0.000818,0.0,0.0,0.0009980039920158426,0.0008176614881439084,0.0,0.0001803425038719342,25284300.0,179400.0,851563169.3034515,35355585.07000001,XLF,IYF,Financials
2013-08-26,3.2013714950818026,4.98374359862794,24.566199525,146.02,-0.006231,-0.005855,0.0,0.0,-0.006231306081754849,-0.005855119825708061,0.0,-0.0003761862560467885,29931200.0,134800.0,851783946.4225175,34861165.970000006,XLF,IYF,Financials
2013-08-27,3.1767415843129396,4.961164898621959,23.96852675,142.76,-0.024329,-0.022326,0.0,0.0,-0.024329069475796276,-0.022325708807012738,0.0,-0.002003360668783538,72861100.0,885000.0,908794772.5497707,34662675.57000001,XLF,IYF,Financials
2013-08-28,3.1785394530391566,4.96298448062025,24.011657775,143.02,0.001799,0.001821,0.0,0.0,0.0017994858611825365,0.0018212384421406557,0.0,-2.1752580958119168e-05,51302600.0,136200.0,912691870.5217654,33065577.570000004,XLF,IYF,Financials
2013-08-29,3.180846259137072,4.966474398310486,24.06711195,143.52,0.002309,0.003496,0.0,0.0,0.0023094688221709505,0.0034960145434205004,0.0,-0.0011865457212495499,27181900.0,164900.0,901688316.4498074,33317707.770000003,XLF,IYF,Financials
2013-08-30,3.1762273132807772,4.959482340737635,23.956203600000002,142.52,-0.004608,-0.006968,-1358316744.1200001,57008000.00000001,-0.0735414910754862,0.017326698918242595,-1415324744.1200001,-0.0908681899937288,26366900.0,106300.0,892901581.3484709,32975924.169999998,XLF,IYF,Financials
2013-09-03,3.1844750995916224,4.967310169357882,24.154606315,143.64,0.008282,0.007859,0.0,0.0,0.008281893004115023,0.007858546168958742,0.0,0.00042334683515628073,42680400.0,740700.0,917536020.9573996,37311820.06999999,XLF,IYF,Financials
2013-09-04,3.1923011381118385,4.973971309724664,24.344382825,144.6,0.007857,0.006683,0.0,0.0,0.007856742002959041,0.006683375104427736,0.0,0.0011733668985313053,31395800.0,507500.0,923688891.4387814,39844013.06999999,XLF,IYF,Financials
2013-09-05,3.194576451948974,4.974662633637438,24.399837,144.7,0.002278,0.000692,0.0,0.0,0.0022779043280182843,0.0006915629322268327,0.0,0.0015863413957914515,30278900.0,268000.0,912009520.2936542,41051122.36999999,XLF,IYF,Financials
2013-09-06,3.194576451948974,4.976043849326636,24.399837,144.9,0.0,0.001382,0.0,0.0,0.0,0.00138217000691085,0.0,-0.00138217000691085,39088800.0,131400.0,905169746.3404375,41080591.099999994,XLF,IYF,Financials
2013-09-09,3.206125663926211,4.987707789452551,24.68326945,146.6,0.011616,0.011732,0.0,0.0,0.011616161616161538,0.011732229123533472,0.0,-0.00011606750737193361,32758900.0,615900.0,919415568.4366758,44865777.3,XLF,IYF,Financials
2013-09-10,3.217789774328756,4.999506936308412,24.972863475,148.34,0.011732,0.011869,0.0,0.0,0.0117324013979031,0.011869031377899046,0.0,-0.00013662997999594646,36857400.0,259100.0,931427975.8529562,46015825.99999999,XLF,IYF,Financials
2013-09-11,3.2190226680862075,5.00071962930888,25.00367135,148.52,0.001234,0.001213,0.0,0.0,0.0012336540833951604,0.0012134286099501146,0.0,2.0225473445045772e-05,32431200.0,67300.0,933654139.5914539,43866024.599999994,XLF,IYF,Financials
2013-09-12,3.211850632891795,4.994641404341906,24.824985675,147.62,-0.007146,-0.00606,0.0,0.0,-0.0071463775258748495,-0.006059789927282521,0.0,-0.0010865875985923285,34334200.0,79800.0,938137752.7735913,43720612.39999999,XLF,IYF,Financials
2013-09-13,3.2143295632638607,4.99734739976932,24.886601425000002,148.02,0.002482,0.00271,0.0,0.0,0.0024820054604121015,0.0027096599376778214,0.0,-0.00022765447726571988,29405000.0,72500.0,898056592.3619862,42370585.099999994,XLF,IYF,Financials
2013-09-16,3.225409326985004,5.00756391557177,25.163872300000005,149.54,0.011141,0.010269,0.0,0.0,0.011141371626640353,0.01026888258343467,0.0,0.0008724890432056827,39930800.0,305700.0,907972901.527448,43784491.99999999,XLF,IYF,Financials
2013-09-17,3.230294534551053,5.0125002207057685,25.2871038,150.28,0.004897,0.004949,0.0,0.0,0.004897159647404281,0.00494850876019794,0.0,-5.1349112793658974e-05,34854900.0,129700.0,905514924.796133,40147727.199999996,XLF,IYF,Financials
2013-09-18,3.2390282145198075,5.023485706075076,25.5089205,151.94,0.008772,0.011046,0.0,0.0,0.00877192982456144,0.011046047378227309,0.0,-0.002274117553665869,51054300.0,253900.0,918248481.5948668,39758728.99999999,XLF,IYF,Financials
2013-09-19,3.2351559928372984,5.018603463745433,25.410335300000003,151.2,-0.003865,-0.00487,0.0,0.0,-0.0038647342995167715,-0.004870343556667106,0.0,0.0010056092571503342,40371200.0,126800.0,912430716.4415232,39772215.199999996,XLF,IYF,Financials
2013-09-20,3.225654154994551,5.012899395749323,25.170033875,150.34,-0.00555,-0.005688,0.0,0.0,-0.009456838021338626,-0.005687830687830688,0.0,-0.003769007333507938,43893300.0,108800.0,927772309.4312403,38440764.599999994,XLF,IYF,Financials
2013-09-23,3.2113541085519017,5.001123533723661,24.812662525000004,148.58,-0.014198,-0.011707,0.0,0.0,-0.014198286413708561,-0.011706797924704004,0.0,-0.0024914884890045574,50586200.0,617300.0,959279528.0613846,41709172.7,XLF,IYF,Financials
2013-09-24,3.2051266628441266,4.9934213133615675,24.658623150000004,147.44,-0.006208,-0.004318,0.0,0.0,-0.006208095356344793,-0.0076726342710997444,0.0,0.001464538914754951,40261700.0,139000.0,972154640.8841683,41749705.9,XLF,IYF,Financials
2013-09-25,3.210608859480023,4.9977526682652424,24.794177800000003,148.08,0.005497,0.004341,0.0,0.0,0.0054972513743128774,0.004340748779164406,0.0,0.0011565025951484715,39139800.0,281100.0,933357937.6777691,37513840.3,XLF,IYF,Financials
2013-09-26,3.210608859480023,4.998157772585143,24.794177800000003,148.14,0.0,0.000405,0.0,0.0,0.0,0.0004051863857374392,0.0,-0.0004051863857374392,28865700.0,64900.0,907549978.8754562,37020588.4,XLF,IYF,Financials
2013-09-27,3.2068742603429548,4.995860008514102,24.701754175,147.8,-0.003728,-0.002295,0.0,0.0,-0.003727634194831046,-0.002295126231942757,0.0,-0.001432507962888289,49221200.0,68000.0,935632986.4896965,36339786.0,XLF,IYF,Financials
2013-09-30,3.199865470700765,4.9874349009258205,24.529230075,146.56,-0.006984,-0.00839,-196233840.6,80608000.0,-0.017409031556838896,0.02417062185688607,-276841840.6,-0.041579653413724965,39861300.0,309300.0,952938795.1940844,37848842.6,XLF,IYF,Financials
2013-10-01,3.2068742603429548,4.99734739976932,24.701754175,148.02,0.007033,0.009962,0.0,0.0,0.007033408691283438,0.009961790393013101,0.0,-0.002928381701729663,40959700.0,178200.0,951981204.2498354,33847993.4,XLF,IYF,Financials
2013-10-02,3.2066247904651486,4.995047770754542,24.6955926,147.68,-0.000249,-0.002297,0.0,0.0,-0.0002494387627836432,-0.0022969868936630186,0.0,0.002047548130879375,38096600.0,101600.0,960806541.1872365,30928982.8,XLF,IYF,Financials
2013-10-03,3.1990613293295938,4.986342601527212,24.509513035,146.4,-0.007535,-0.008667,0.0,0.0,-0.007534930139720482,-0.00866738894907909,0.0,0.0011324588093586073,46684900.0,159100.0,981077738.2146553,30154614.8,XLF,IYF,Financials
2013-10-04,3.2071236680010626,4.994505912166372,24.70791575,147.6,0.008095,0.008197,0.0,0.0,0.008094926843984052,0.00819672131147541,0.0,-0.00010179446749135866,29722800.0,94600.0,970109142.7010803,29900769.8,XLF,IYF,Financials
2013-10-07,3.1955860431503265,4.983880556787436,24.424483300000002,146.04,-0.011471,-0.010569,0.0,0.0,-0.011471321695760603,-0.01056910569105691,0.0,-0.0009022160047036931,29145800.0,289200.0,965272860.190057,27497961.2,XLF,IYF,Financials
2013-10-08,3.1828922956564694,4.969952178820721,24.116404550000002,144.02,-0.012614,-0.013832,0.0,0.0,-0.012613521695257356,-0.01383182689674062,0.0,0.0012183052014832635,73476700.0,806300.0,1007850810.387833,31382382.8,XLF,IYF,Financials
2013-10-09,3.1862082022784572,4.974247896643866,24.196505025000004,144.64,0.003321,0.004305,0.0,0.0,0.0033214103219215327,0.00430495764477156,0.0,-0.000983547322850027,78784400.0,640500.0,1062621213.5981076,35514709.0,XLF,IYF,Financials
2013-10-10,3.2143295632638607,5.00085428224115,24.886601425000002,148.54,0.028521,0.026964,0.0,0.0,0.028520499108734172,0.02696349557522124,0.0,0.001557003533512933,76418500.0,244800.0,1115093749.9897964,36743834.8,XLF,IYF,Financials
2013-10-11,3.220057125457833,5.007965065540377,25.029549965,149.6,0.005744,0.007136,0.0,0.0,0.005743996038623385,0.00713612494950855,0.0,-0.0013921289108851645,38854200.0,392400.0,1127129381.2571952,39142414.3,XLF,IYF,Financials
2013-10-14,3.2249194910702377,5.012633296758929,25.15154915,150.3,0.004874,0.004679,0.0,0.0,0.004874206095219455,0.004679144385026738,0.0,0.00019506171019271698,36928300.0,506200.0,1123328901.2791505,40660788.4,XLF,IYF,Financials
2013-10-15,3.217543013069022,5.005153630527017,24.966701900000004,149.18,-0.007349,-0.007452,0.0,0.0,-0.007349338559529706,-0.007451763140385895,0.0,0.00010242458085618893,46441700.0,93600.0,1137234731.548681,40384385.0,XLF,IYF,Financials
2013-10-16,3.238303314161859,5.025326842839245,25.490435774999998,152.22,0.020977,0.020378,0.0,0.0,0.02097729516288237,0.0203780667649819,0.0,0.0005992283979004698,75408100.0,753000.0,1168226994.0527625,44186589.7,XLF,IYF,Financials
2013-10-17,3.2472551498580984,5.035653057071544,25.719646365,153.8,0.008992,0.01038,0.0,0.0,0.008992023205221262,0.010379713572460912,0.0,-0.0013876903672396506,53423000.0,690500.0,1185635741.0174642,48537926.7,XLF,IYF,Financials
2013-10-18,3.249169850553147,5.037471948049816,25.768938965000004,154.08,0.001916,0.001821,0.0,0.0,0.0019165349048920245,0.0018205461638491547,0.0,9.598874104286984e-05,41845300.0,186300.0,1184311397.706793,49155332.3,XLF,IYF,Financials
2013-10-21,3.247207235337594,5.0361730778840945,25.718414050000003,153.88,-0.001961,-0.001298,0.0,0.0,-0.0019606905456457657,-0.0012980269989615785,0.0,-0.0006626635466841873,29185000.0,147500.0,1159082077.9581478,45704275.6,XLF,IYF,Financials
2013-10-22,3.2491220276890265,5.038872835507496,25.76770665,154.296,0.001917,0.002703,0.0,0.0,0.0019166267369428527,0.002703405250844814,0.0,-0.0007867785139019613,31597200.0,420300.0,1150151542.6022992,47922098.04,XLF,IYF,Financials
2013-10-23,3.2409587170498657,5.031613700481447,25.5582131,153.18,-0.00813,-0.007233,0.0,0.0,-0.008130081300813106,-0.0072328511432571164,0.0,-0.0008972301575559897,35819900.0,127600.0,1147404216.4605114,46818122.04,XLF,IYF,Financials
2013-10-24,3.2424041521365052,5.03500265054455,25.59518255,153.7,0.001447,0.003395,0.0,0.0,0.0014464802314368894,0.00339469904687296,0.0,-0.0019482188154360707,27838800.0,147800.0,1147246109.9530854,47473250.739999995,XLF,IYF,Financials
2013-10-25,3.246727963821111,5.038120751031117,25.7060909,154.18,0.004333,0.003123,0.0,0.0,0.004333172845450127,0.0031229668184775536,0.0,0.0012102060269725736,28048300.0,111600.0,1122504218.2926836,47831055.14,XLF,IYF,Financials
2013-10-28,3.2443281546540272,5.0372123089467085,25.644475149999998,154.04,-0.002397,-0.000908,0.0,0.0,-0.0023969319271333563,-0.0009080295758204696,0.0,-0.0014889023513128866,21458000.0,359800.0,1101129825.7416885,48335684.339999996,XLF,IYF,Financials
2013-10-29,3.247207235337594,5.039157961029457,25.718414050000003,154.34,0.002883,0.001948,0.0,0.0,0.002883229216723031,0.0019475460919241756,0.0,0.0009356831247988556,22023200.0,122300.0,1078861092.5328994,47960615.239999995,XLF,IYF,Financials
2013-10-30,3.243126086953085,5.034612203477704,25.613667275,153.64,-0.004073,-0.004535,0.0,0.0,-0.0040728318160038815,-0.004535441233640016,0.0,0.0004626094176361341,35447700.0,202800.0,1077217466.553842,48768310.44,XLF,IYF,Financials
2013-10-31,3.2324851159308716,5.023222409601727,25.342557975000002,151.9,-0.010585,-0.011325,-97568848.20375001,0.0,-0.01563630965816307,-0.01132517573548555,-97568848.20375001,-0.0043111339226775194,48871700.0,104400.0,1081932952.8287988,48396616.44,XLF,IYF,Financials
2013-11-01,3.235107495056062,5.025326842839245,25.409102985,152.22,0.002626,0.002107,0.0,0.0,0.0026258205689278337,0.002106649111257406,0.0,0.0005191714576704277,33362300.0,67900.0,1087598836.7419171,48215255.339999996,XLF,IYF,Financials
2013-11-04,3.2355923670593554,5.026114864944642,25.421426135000004,152.34,0.000485,0.000788,0.0,0.0,0.00048498957272427606,0.0007883326763894363,0.0,-0.00030334310366516025,18737300.0,60300.0,1075821725.869627,46562822.04,XLF,IYF,Financials
2013-11-05,3.230294534551053,5.02164117327279,25.2871038,151.66,-0.005284,-0.004464,0.0,0.0,-0.005283823743274167,-0.00446369961927268,0.0,-0.0008201241240014872,25928700.0,42800.0,1020005121.1746308,41081208.14,XLF,IYF,Financials
2013-11-06,3.234913480407348,5.025458222987894,25.404173725,152.24,0.00463,0.003824,0.0,0.0,0.004629629629629479,0.0038243439272055914,0.0,0.0008052857024238879,28658200.0,111500.0,961091659.22234,37297850.14,XLF,IYF,Financials
2013-11-07,3.2236938505197013,5.013431381398257,25.120741275000004,150.42,-0.011157,-0.011955,0.0,0.0,-0.011156924569487898,-0.011954808197582763,0.0,0.0007978836280948653,44716900.0,153800.0,922167905.4485241,36636450.339999996,XLF,IYF,Financials
2013-11-08,3.246727963821111,5.03226631422255,25.7060909,153.28,0.023302,0.019013,0.0,0.0,0.02330144714250639,0.01901342906528387,0.0,0.004288018077222521,63939800.0,329900.0,955724863.9824101,36229651.94,XLF,IYF,Financials
2013-11-11,3.2469676282920004,5.033439946749519,25.712252475,153.46,0.00024,0.001174,0.0,0.0,0.00023969319271337127,0.001174321503131524,0.0,-0.0009346283104181526,23418400.0,72800.0,939391657.0266397,32984153.339999996,XLF,IYF,Financials
2013-11-12,3.2375778879421615,5.025221726291176,25.471951050000005,152.204,-0.009346,-0.008185,0.0,0.0,-0.009345794392523116,-0.008184543203440637,0.0,-0.0011612511890824791,28675300.0,87100.0,917937644.9423815,32948839.360000003,XLF,IYF,Financials
2013-11-13,3.2460086255812444,5.033570265378752,25.687606175,153.48,0.008466,0.008383,0.0,0.0,0.00846637639090446,0.008383485322330556,0.0,8.289106857390337e-05,42578600.0,123300.0,876515493.8582855,28163960.560000002,XLF,IYF,Financials
2013-11-14,3.254844503963093,5.041617031704984,25.91558445,154.72,0.008875,0.008079,0.0,0.0,0.00887502998320946,0.008079228563982278,0.0,0.0007958014192271812,34944100.0,97700.0,853094299.1993779,23609822.759999998,XLF,IYF,Financials
2013-11-15,3.2595883458764496,5.045873729522275,26.03881595,155.38,0.004755,0.004266,0.0,0.0,0.004755111745125908,0.004265770423991727,0.0,0.0004893413211341817,37273900.0,96700.0,847707261.2077074,22925829.86,XLF,IYF,Financials
2013-11-18,3.259114973086545,5.044843465425993,26.026492800000003,155.22,-0.000473,-0.00103,0.0,0.0,-0.00047326076668233424,-0.0010297335564422706,0.0,0.0005564727897599364,42797000.0,157400.0,865870456.123325,23012546.259999998,XLF,IYF,Financials
2013-11-19,3.2605344197407713,5.043683148142456,26.06346225,155.04,0.00142,-0.00116,0.0,0.0,0.0014204545454546127,-0.0011596443757247777,0.0,0.0025800989211793904,29000400.0,64200.0,862953628.627001,20267694.22,XLF,IYF,Financials
2013-11-20,3.2574564014470075,5.040582370464208,25.983361775000002,154.56,-0.003073,-0.003096,0.0,0.0,-0.0030732860520094386,-0.0030959752321981426,0.0,2.2689180188704017e-05,31902200.0,59000.0,858625316.9568866,19746357.82,XLF,IYF,Financials
2013-11-21,3.2717712854318055,5.05420550879763,26.357985535,156.68,0.014418,0.013716,0.0,0.0,0.014417832582404437,0.013716356107660456,0.0,0.0007014764747439815,37153200.0,337000.0,871962533.9671879,21250572.82,XLF,IYF,Financials
2013-11-22,3.2764822249029035,5.058663263106837,26.48244935,157.38,0.004722,0.004468,0.0,0.0,0.004722053391930378,0.004467704876180751,0.0,0.00025434851574962763,27706500.0,96800.0,872598725.643453,21151967.619999997,XLF,IYF,Financials
2013-11-25,3.277877249542068,5.0592984660755365,26.5194188,157.48,0.001396,0.000635,0.0,0.0,0.0013959981386692146,0.0006354047528275512,0.0,0.0007605933858416635,27660200.0,69700.0,881761389.6496061,18929605.82,XLF,IYF,Financials
2013-11-26,3.2769474493821016,5.058663263106837,26.4947725,157.38,-0.000929,-0.000635,0.0,0.0,-0.000929368029739757,-0.00063500127000254,0.0,-0.00029436675973721694,27870300.0,128200.0,890362163.7346455,18994622.52,XLF,IYF,Financials
2013-11-27,3.2797342602892807,5.062721607294587,26.568711399999998,158.02,0.002791,0.004067,0.0,0.0,0.002790697674418545,0.004066590418096328,0.0,-0.0012758927436777828,15991900.0,231400.0,866209092.8533278,19265004.32,XLF,IYF,Financials
2013-11-29,3.2760167838891485,5.058536174080804,26.470126200000003,157.36,-0.003711,-0.004177,148232706.72000003,-7868000.000000001,0.003726452272687535,-0.007054788557532412,156100706.72000003,0.010781240830219948,12016900.0,38900.0,820186841.3006264,18778151.52,XLF,IYF,Financials
2013-12-02,3.275551126139174,5.056245805348308,26.45780305,157.0,-0.000466,-0.002288,0.0,0.0,-0.000465549348231158,-0.002287747839349263,0.0,0.001822198491118105,30726100.0,100600.0,818448790.5895333,19051074.619999997,XLF,IYF,Financials
2013-12-03,3.26525140961891,5.047160068778628,26.18669375,155.58,-0.010247,-0.009045,0.0,0.0,-0.010246856078248594,-0.009044585987261147,0.0,-0.0012022700909874468,27736400.0,276500.0,830948576.8199415,20742663.02,XLF,IYF,Financials
2013-12-04,3.2676015869638637,5.050368696314856,26.2483095,156.08,0.002353,0.003214,0.0,0.0,0.002352941176470673,0.0032137806916056047,0.0,-0.0008608395151349316,43763400.0,269400.0,855601253.8036035,22520508.22,XLF,IYF,Financials
2013-12-05,3.2581675547305053,5.042004753842313,26.001846500000003,154.78,-0.00939,-0.008329,0.0,0.0,-0.0093896713615023,-0.00832906201947719,0.0,-0.0010606093420251102,36740300.0,156000.0,866965141.2795112,22879054.22,XLF,IYF,Financials
2013-12-06,3.2718180373427987,5.0548435487605765,26.35921785,156.78,0.013744,0.012922,0.0,0.0,0.01374407582938376,0.01292156609381057,0.0,0.0008225097355731899,30358500.0,185000.0,850810373.2584702,23172539.419999998,XLF,IYF,Financials
2013-12-09,3.2760167838891485,5.0584090689010965,26.470126200000003,157.34,0.004208,0.003572,0.0,0.0,0.004207573632538683,0.0035718841688990944,0.0,0.0006356894636395886,22123600.0,111700.0,797908981.9119952,21522929.72,XLF,IYF,Financials
2013-12-10,3.2722854362762903,5.0548435487605765,26.371541,156.78,-0.003724,-0.003559,0.0,0.0,-0.0037243947858473575,-0.0035591712215584086,0.0,-0.00016522356428894883,30843000.0,108300.0,808470863.197118,21813299.02,XLF,IYF,Financials
2013-12-11,3.2586413761087134,5.042650623528266,26.01416965,154.88,-0.013551,-0.012119,0.0,0.0,-0.013551401869158946,-0.012118892715907641,0.0,-0.0014325091532513042,64390000.0,230100.0,855702690.4880898,22932345.0,XLF,IYF,Financials
2013-12-12,3.2586413761087134,5.041875529832312,26.01416965,154.76,0.0,-0.000775,0.0,0.0,0.0,-0.0007747933884297521,0.0,0.0007747933884297521,39576000.0,80300.0,852492413.9773672,22607502.2,XLF,IYF,Financials
2013-12-13,3.2595883458764496,5.043941112802728,26.03881595,155.08,0.000947,0.002068,0.0,0.0,0.0009474182851728216,0.002067717756526234,0.0,-0.0011202994713534126,72451100.0,81000.0,901539618.162157,22479769.0,XLF,IYF,Financials
2013-12-16,3.2657218871622864,5.049727793902352,26.199016900000004,155.98,0.006152,0.005803,0.0,0.0,0.006152389966871891,0.0058034562806293525,0.0,0.00034893368624253854,68295400.0,75800.0,942474824.0098349,22319670.9,XLF,IYF,Financials
2013-12-17,3.259114973086545,5.045745004543015,26.026492800000003,155.36,-0.006585,-0.003975,0.0,0.0,-0.006585136406396995,-0.003974868572893961,0.0,-0.0026102678335030343,27014700.0,93600.0,921936928.1439631,21825174.3,XLF,IYF,Financials
2013-12-18,3.282050684767279,5.0672676436627295,26.63032715,158.74,0.023201,0.021756,0.0,0.0,0.023200757575757597,0.021755921730175078,0.0,0.0014448358455825192,99131700.0,373300.0,1016139866.7090006,24290378.0,XLF,IYF,Financials
2013-12-19,3.2806614740784728,5.0632277442154265,26.5933577,158.1,-0.001388,-0.004032,0.0,0.0,-0.0013882461823231623,-0.004031750031498047,0.0,0.0026435038491748847,45680700.0,570100.0,1035433706.2623999,28341066.5,XLF,IYF,Financials
2013-12-20,3.2818192836323807,5.070663659755941,26.624165575000003,159.28,0.005846,0.007464,0.0,0.0,0.0011584800741428615,0.007463630613535737,0.0,-0.006305150539392875,65948000.0,283500.0,1074260054.420457,27958802.5,XLF,IYF,Financials
2013-12-23,3.286667498138685,5.070914758313443,26.753558650000002,159.32,0.00486,0.005241,0.0,0.0,0.004859986114325392,0.00025113008538422905,0.0,0.004608856028941163,29593800.0,337200.0,1077160228.4734864,29883218.5,XLF,IYF,Financials
2013-12-24,3.2885082717831775,5.073046554217653,26.80285125,159.66,0.001843,0.002134,0.0,0.0,0.0018424689083372005,0.0021340697966357016,0.0,-0.0002916008882985011,7398800.0,61100.0,1050399053.8703235,29822162.0,XLF,IYF,Financials
2013-12-26,3.2908044840435275,5.074423533843123,26.864467,159.88,0.002299,0.001378,0.0,0.0,0.0022988505747125383,0.001377928097206564,0.0,0.0009209224775059742,14909000.0,69400.0,1033504307.8951361,29368139.8,XLF,IYF,Financials
2013-12-27,3.290345663205013,5.074423533843123,26.85214385,159.88,-0.000459,0.0,0.0,0.0,-0.00045871559633014146,0.0,0.0,-0.00045871559633014146,11946100.0,106100.0,1028299018.8855772,28388011.8,XLF,IYF,Financials
2013-12-30,3.2885082717831775,5.073422282195021,26.80285125,159.72,-0.001836,-0.001001,0.0,0.0,-0.0018357044515833235,-0.0010007505629221916,0.0,-0.0008349538886611319,16238700.0,114700.0,1034156748.938607,28997940.8,XLF,IYF,Financials
2013-12-31,3.2935529969968766,5.0771718178965,26.9384059,160.32,0.005058,0.003757,682888589.5649999,-48096000.0,0.0387679442055115,-0.013700062065135727,730984589.5649999,0.05246800627064723,18498100.0,123300.0,1018424960.1328163,29196603.6,XLF,IYF,Financials
2014-01-02,3.288048395941548,5.071667675904539,26.7905281,159.44,-0.00549,-0.005489,0.0,0.0,-0.005489478499542604,-0.0054890219560878245,0.0,-4.565434547796829e-07,35482900.0,305200.0,1029639010.9824158,29478764.5,XLF,IYF,Financials
2014-01-03,3.2949244257832557,5.0770470596155075,26.97537535,160.3,0.0069,0.005394,0.0,0.0,0.006899724011039544,0.005393878575012544,0.0,0.0015058454360269997,24653900.0,169800.0,1005455657.9008691,28737313.9,XLF,IYF,Financials
2014-01-06,3.2958376678558596,5.078169324213626,27.00002165,160.48,0.000914,0.001123,0.0,0.0,0.0009136592051165017,0.001122894572676232,0.0,-0.00020923536755973037,34767200.0,285300.0,1004625633.4881656,29819277.1,XLF,IYF,Financials
2014-01-07,3.2960658481192566,5.078916801512661,27.006183225,160.6,0.000228,0.000748,0.0,0.0,0.0002282062984938862,0.0007477567298105683,0.0,-0.0005195504313166822,47527300.0,210800.0,1028790866.3326814,30061786.1,XLF,IYF,Financials
2014-01-08,3.299482318815154,5.081776966367399,27.09860685,161.06,0.003422,0.002864,0.0,0.0,0.0034223134839151195,0.00286425902864259,0.0,0.0005580544552725294,35963000.0,622000.0,1048237502.0400928,34192008.2,XLF,IYF,Financials
2014-01-09,3.3031137345171295,5.085000376051562,27.19719205,161.58,0.003638,0.003229,0.0,0.0,0.003638017280582123,0.0032286104557307837,0.0,0.0004094068248513393,29141200.0,223000.0,1047196570.7353159,35144661.5,XLF,IYF,Financials
2014-01-10,3.301299675062736,5.084628974004582,27.147899450000004,161.52,-0.001812,-0.000371,0.0,0.0,-0.0018124150430446977,-0.0003713330857779428,0.0,-0.0014410819572667549,36389800.0,339600.0,1012839283.1174214,36105376.7,XLF,IYF,Financials
2014-01-13,3.2862067747948984,5.070035637377703,26.741235500000002,159.18,-0.01498,-0.014487,0.0,0.0,-0.014979573309123995,-0.01448736998514116,0.0,-0.0004922033239828354,42615500.0,591800.0,1018342000.2865139,40194151.5,XLF,IYF,Financials
2014-01-14,3.2944674918022647,5.078543132703431,26.9630522,160.54,0.008295,0.008544,0.0,0.0,0.008294930875575946,0.008543786907903002,0.0,-0.0002488560323270564,31341400.0,362300.0,966267947.5838158,42474259.6,XLF,IYF,Financials
2014-01-15,3.3062804415289753,5.088706829516411,27.2834541,162.18,0.011883,0.010216,0.0,0.0,0.011882998171846385,0.010215522611187243,0.0,0.0016674755606591422,61680200.0,221000.0,960946775.9231437,43675184.4,XLF,IYF,Financials
2014-01-16,3.2999369676068,5.0826458300725275,27.11093,161.2,-0.006323,-0.006043,0.0,0.0,-0.006323396567299077,-0.006042668639782957,0.0,-0.00028072792751612004,47044100.0,404200.0,989562346.2715857,46205951.6,XLF,IYF,Financials
2014-01-17,3.2967500766782813,5.0806587454643966,27.02466795,160.88,-0.003182,-0.001985,0.0,0.0,-0.0031818181818181273,-0.0019851116625310174,0.0,-0.00119670651928711,57400400.0,276300.0,935128203.6846619,45465626.7,XLF,IYF,Financials
2014-01-21,3.297661653769665,5.083389970005167,27.049314250000002,161.32,0.000912,0.002735,0.0,0.0,0.0009119927040583777,0.0027349577324714074,0.0,-0.0018229650284130297,41510200.0,157700.0,930529166.14936,42230994.4,XLF,IYF,Financials
2014-01-22,3.298117130889814,5.08586644477257,27.061637400000002,161.72,0.000456,0.00248,0.0,0.0,0.00045558086560373997,0.002479543763947434,0.0,-0.002023962898343694,18116900.0,143400.0,867252291.5129579,41132732.8,XLF,IYF,Financials
2014-01-23,3.2815878289386036,5.070789216916003,26.618004000000003,159.3,-0.016393,-0.014964,0.0,0.0,-0.01639344262295082,-0.014964135542913677,0.0,-0.001429307080037143,52516700.0,424400.0,897559804.8474795,41826943.6,XLF,IYF,Financials
2014-01-24,3.2586413761087134,5.047417138188784,26.01416965,155.62,-0.022685,-0.023101,0.0,0.0,-0.022685185185185343,-0.02310106716886378,0.0,0.0004158819836784372,70514700.0,524500.0,979363426.4869972,45420316.8,XLF,IYF,Financials
2014-01-27,3.2524641172166353,5.039417095521708,25.853968700000003,154.38,-0.006158,-0.007968,0.0,0.0,-0.006158218853623662,-0.00796812749003984,0.0,0.0018099086364161783,64459700.0,524900.0,1042664262.8724167,48917236.3,XLF,IYF,Financials
2014-01-28,3.2657218871622864,5.052416828111211,26.199016900000004,156.4,0.013346,0.013085,0.0,0.0,0.013346043851286897,0.013084596450317398,0.0,0.00026144740096949864,35368400.0,230300.0,1072956208.5563904,49870018.9,XLF,IYF,Financials
2014-01-29,3.2538930291053934,5.041229159180889,25.890938150000004,154.66,-0.011759,-0.011125,0.0,0.0,-0.011759172154280375,-0.011125319693094628,0.0,-0.0006338524611857466,64447100.0,560200.0,1134623829.5290647,53286051.3,XLF,IYF,Financials
2014-01-30,3.26807096035901,5.054333149361975,26.260632649999998,156.7,0.014279,0.01319,0.0,0.0,0.014278914802474792,0.013190223716539506,0.0,0.001088691085935286,45985200.0,211400.0,1170088385.4469645,53953997.5,XLF,IYF,Financials
2014-01-31,3.2562700209543136,5.041099834900075,25.952553899999998,154.64,-0.011732,-0.013146,-554087025.765,-38660000.0,-0.038742611042588145,-0.027701505798992117,-515427025.765,-0.011041105243596028,53593900.0,605500.0,1192103032.8940506,56202669.1,XLF,IYF,Financials
2014-02-03,3.2307817452793266,5.0174122783752795,25.29942695,151.02,-0.025166,-0.023409,0.0,0.0,-0.02516619183285832,-0.023409208484221417,0.0,-0.0017569833486369042,105195700.0,2033800.0,1291920168.9571881,70198945.9,XLF,IYF,Financials
2014-02-04,3.2404764406961726,5.027295734989363,25.545889950000003,152.52,0.009742,0.009932,0.0,0.0,0.009741841207988461,0.009932459276916964,0.0,-0.00019061806892850357,55154400.0,847500.0,1315432822.954608,74372733.7,XLF,IYF,Financials
2014-02-05,3.2395111896559774,5.027295734989363,25.521243650000002,152.52,-0.000965,0.0,0.0,0.0,-0.0009647853352630564,0.0,0.0,-0.0009647853352630564,47167200.0,590100.0,1311444554.5295448,77180112.3,XLF,IYF,Financials
2014-02-06,3.254844503963093,5.040841136153322,25.91558445,154.6,0.015452,0.013638,0.0,0.0,0.015451472718493562,0.013637555730396014,0.0,0.0018139169880975487,39993700.0,1003100.0,1314540200.1131155,79925109.3,XLF,IYF,Financials
2014-02-07,3.2671319931538725,5.054077851939092,26.23598635,156.66,0.012363,0.013325,0.0,0.0,0.012363290537327643,0.013324708926261319,0.0,-0.0009614183889336755,51223400.0,726200.0,1342107080.624772,83811816.9,XLF,IYF,Financials
2014-02-10,3.26807096035901,5.054333149361975,26.260632649999998,156.7,0.000939,0.000255,0.0,0.0,0.0009394081728508694,0.00025533001404315077,0.0,0.0006840781588077187,43252800.0,1371400.0,1349504043.6486876,91814126.3,XLF,IYF,Financials
2014-02-11,3.278341825624756,5.063480716642781,26.53174195,158.14,0.010324,0.00919,0.0,0.0,0.010323791647114135,0.009189534141671984,0.0,0.0011342575054421513,37565800.0,831700.0,1342358793.1634407,93680242.0,XLF,IYF,Financials
2014-02-12,3.278341825624756,5.0643656165172235,26.53174195,158.28,0.0,0.000885,0.0,0.0,0.0,0.0008852915138484887,0.0,-0.0008852915138484887,38801100.0,527600.0,1351578841.5811937,94947486.3,XLF,IYF,Financials
2014-02-13,3.282050684767279,5.067897406263051,26.63032715,158.84,0.003716,0.003538,0.0,0.0,0.0037157454714352263,0.0035380338640384128,0.0,0.0001777116073968135,32318000.0,496300.0,1310468341.9439378,97097011.9,XLF,IYF,Financials
2014-02-14,3.283437968226765,5.070035637377703,26.6672966,159.18,0.001388,0.002141,0.0,0.0,0.0013882461823229353,0.002140518761017376,0.0,-0.0007522725786944407,30398800.0,568800.0,1287230567.6374917,98366239.1,XLF,IYF,Financials
2014-02-18,3.28528469081993,5.072921280180533,26.7165892,159.64,0.001848,0.00289,0.0,0.0,0.0018484288354899377,0.0028898102776730747,0.0,-0.001041381442183137,21258200.0,562400.0,1238066559.9542048,100632758.7,XLF,IYF,Financials
2014-02-19,3.2713504198453833,5.060694493968993,26.3468947,157.7,-0.013838,-0.012152,0.0,0.0,-0.013837638376383883,-0.012152342771235279,0.0,-0.0016852956051486047,64101400.0,531900.0,1266369079.5313163,103554782.0,XLF,IYF,Financials
2014-02-20,3.2741528504510855,5.062088575685172,26.4208336,157.92,0.002806,0.001395,0.0,0.0,0.002806361085126349,0.0013950538998097654,0.0,0.0014113071853165836,31814700.0,309800.0,1283883975.3374095,104841430.4,XLF,IYF,Financials
2014-02-21,3.2760167838891485,5.063101233999558,26.470126200000003,158.08,0.001866,0.001013,0.0,0.0,0.0018656716417911497,0.0010131712259371835,0.0,0.0008525004158539662,43136200.0,134500.0,1271080521.6934912,102524172.4,XLF,IYF,Financials
2014-02-24,3.283437968226765,5.06940722033949,26.6672966,159.08,0.007449,0.006326,0.0,0.0,0.007448789571694449,0.006325910931174089,0.0,0.0011228786405203597,42172400.0,736200.0,1235592648.2192407,104298772.7,XLF,IYF,Financials
2014-02-25,3.277412457528123,5.066385309200747,26.507095650000004,158.6,-0.006007,-0.003017,0.0,0.0,-0.006007393715341686,-0.0030173497611264773,0.0,-0.0029900439542152085,40114200.0,184400.0,1205431241.7248328,101709361.6,XLF,IYF,Financials
2014-02-26,3.2760167838891485,5.06600692740901,26.470126200000003,158.54,-0.001395,-0.000378,0.0,0.0,-0.0013947001394701395,-0.00037831021437578815,0.0,-0.0010163899250943513,42430200.0,110100.0,1215257013.6930966,100781178.3,XLF,IYF,Financials
2014-02-27,3.2811247587752,5.070663659755941,26.605680850000002,159.28,0.005121,0.004668,0.0,0.0,0.005121042830539993,0.004667591774946386,0.0,0.00045345105559360666,38758600.0,138700.0,1183387166.780394,97553758.5,XLF,IYF,Financials
2014-02-28,3.2862067747948984,5.0762981828955365,26.741235500000002,160.18,0.005095,0.00565,772821705.95,368414000.0,0.04332532152475576,0.14415318032944657,404407705.95000005,-0.1008278588046908,56266400.0,312600.0,1198238797.210415,98401052.9,XLF,IYF,Financials
2014-03-03,3.278341825624756,5.067141643536563,26.53174195,158.72,-0.007834,-0.009115,0.0,0.0,-0.007834101382488554,-0.009114745910850293,0.0,0.001280644528361739,49625820.0,623391.0,1194526840.8022118,98666557.876,XLF,IYF,Financials
2014-03-04,3.298572400645003,5.086731764067556,27.07396055,161.86,0.020437,0.019783,0.0,0.0,0.020436600092893695,0.019783266129032417,0.0,0.000653333963861278,49959589.0,565334.0,1129087491.5060167,87884582.138,XLF,IYF,Financials
2014-03-05,3.308986803126718,5.090801071119526,27.357393000000002,162.52,0.010469,0.004078,0.0,0.0,0.010468821119708784,0.00407759792413181,0.0,0.0063912231955769745,47684827.0,167619.0,1123865707.4919033,82783619.132,XLF,IYF,Financials
2014-03-06,3.3121349955177606,5.096812990337308,27.44365505,163.5,0.003153,0.00603,0.0,0.0,0.0031531531531531413,0.006030027073590943,0.0,-0.0028768739204378013,43426326.0,286199.0,1123266282.8591313,80623193.357,XLF,IYF,Financials
2014-03-07,3.3166152897505228,5.100597867573986,27.566886550000003,164.12,0.00449,0.003792,0.0,0.0,0.0044903457566233445,0.0037920489296636084,0.0,0.0006982968269597361,66242674.0,239921.0,1162748491.3145652,74838022.08299999,XLF,IYF,Financials
2014-03-10,3.3170622171322632,5.100475998096045,27.5792097,164.1,0.000447,-0.000122,0.0,0.0,0.0004470272686631863,-0.00012186205215695832,0.0,0.0005688893208201446,23616124.0,104666.0,1128119371.9593956,70008482.013,XLF,IYF,Financials
2014-03-11,3.31033724222459,5.09534402202321,27.394362450000003,163.26,-0.006702,-0.005119,0.0,0.0,-0.0067024128686326585,-0.005118829981718464,0.0,-0.001583582886914194,45148681.0,164575.0,1133168043.9378712,60606988.738,XLF,IYF,Financials
2014-03-12,3.308536251192987,5.094608727872434,27.34506985,163.14,-0.001799,-0.000735,0.0,0.0,-0.0017993702204227445,-0.0007350238882765227,0.0,-0.0010643463321462219,31940807.0,264006.0,1127004918.2746243,56184233.779999994,XLF,IYF,Financials
2014-03-13,3.2972059690955686,5.0830179692568755,27.0369911,161.26,-0.011266,-0.011524,0.0,0.0,-0.011266336187471868,-0.011523844550692504,0.0,0.0002575083632206359,56958634.0,817615.0,1152531383.6721249,58601237.125,XLF,IYF,Financials
2014-03-14,3.2908044840435275,5.078916801512661,26.864467,160.6,-0.006381,-0.004093,0.0,0.0,-0.006381039197812192,-0.004092769440654843,0.0,-0.002288269757157349,44219221.0,161798.0,1168895728.19645,55958860.464999996,XLF,IYF,Financials
2014-03-17,3.301299675062736,5.088830141681313,27.147899450000004,162.2,0.010551,0.009963,0.0,0.0,0.01055045871559642,0.009962640099626401,0.0,0.0005878186159700184,37643077.0,123437.0,1179459560.8714767,52432855.33499999,XLF,IYF,Financials
2014-03-18,3.3062804415289753,5.093627493892074,27.2834541,162.98,0.004993,0.004809,0.0,0.0,0.004993191103041187,0.004808877928483354,0.0,0.00018431317455783278,35871740.0,78681.0,1199997479.6337612,48584950.004,XLF,IYF,Financials
2014-03-19,3.3058286683114426,5.090554917272129,27.27113095,162.48,-0.000452,-0.003068,0.0,0.0,-0.00045167118337865076,-0.0030678610872499693,0.0,0.0026161899038713186,56841011.0,246082.0,1193059770.5532017,46390088.672,XLF,IYF,Financials
2014-03-20,3.321520539273975,5.103761272085739,27.702441200000003,164.64,0.015816,0.013294,0.0,0.0,0.015815634884771924,0.013293943870014617,0.0,0.0025216910147573077,91157000.0,178847.0,1277294797.4399257,45416176.376,XLF,IYF,Financials
2014-03-21,3.3179554731094787,5.10388274187028,27.603856,164.66,0.000127,0.000122,0.0,0.0,-0.0035587188612099265,0.00012147716229364127,0.0,-0.0036801960235035677,67182713.0,218119.0,1312928861.3175702,46148862.103,XLF,IYF,Financials
2014-03-24,3.317508944859148,5.101694025043223,27.59153285,164.3,-0.000446,-0.002186,0.0,0.0,-0.00044642857142871995,-0.0021863233329284587,0.0,0.0017398947614997388,55642829.0,163252.0,1333461213.5718997,41634242.482999995,XLF,IYF,Financials
2014-03-25,3.3166152897505228,5.098401941353034,27.566886550000003,163.76,-0.000893,1.5e-05,0.0,0.0,-0.0008932559178202271,-0.003286670724284845,0.0,0.002393414806464618,34197957.0,161312.0,1327432226.798777,41492773.139000006,XLF,IYF,Financials
2014-03-26,3.3062804415289753,5.088830141681313,27.2834541,162.2,-0.010282,-0.009526,0.0,0.0,-0.010281627179258021,-0.009526135808500244,0.0,-0.0007554913707577774,50776523.0,556610.0,1340543536.0956197,45134117.539,XLF,IYF,Financials
2014-03-27,3.3008456455430184,5.082769891855455,27.1355763,161.22,-0.00542,-0.006042,0.0,0.0,-0.005420054200542036,-0.0060419235511713935,0.0,0.0006218693506293577,65808557.0,346128.0,1378271244.9892993,46819648.547,XLF,IYF,Financials
2014-03-28,3.304924509117839,5.085371640210273,27.24648465,161.64,0.004087,0.002605,0.0,0.0,0.004087193460490398,0.002605135839225747,0.0,0.001482057621264651,39742326.0,122335.0,1357181526.098154,45304746.617,XLF,IYF,Financials
2014-03-31,3.315273307889539,5.09693530701534,27.529917100000002,163.52,0.010403,0.011631,1421920218.2150002,98112000.0,0.07657169934881104,0.04357701975800691,1323808218.2150002,0.032994679590804134,33345851.0,254667.0,1337248979.2662442,42439673.033,XLF,IYF,Financials
2014-04-01,3.3170622171322632,5.101328772710678,27.5792097,164.24,0.00179,0.004403,0.0,0.0,0.001790510295434138,0.004403131115459882,0.0,-0.0026126208200257443,41959655.0,568640.0,1327479488.3914661,42534096.651,XLF,IYF,Financials
2014-04-02,3.3192938627806012,5.10230248262208,27.64082545,164.4,0.002234,0.000974,0.0,0.0,0.0022341376228775757,0.000974184120798831,0.0,0.0012599535020787448,36202827.0,260949.0,1312286661.867843,43317025.437,XLF,IYF,Financials
2014-04-03,3.317508944859148,5.100475998096045,27.59153285,164.1,-0.001783,-0.001825,0.0,0.0,-0.0017833259028086777,-0.0018248175182481751,0.0,4.149161543949738e-05,37880370.0,199181.0,1304956679.9874585,42611628.71699999,XLF,IYF,Financials
2014-04-04,3.3076345378767047,5.088460159559561,27.320423550000005,162.14,-0.009826,-0.011944,0.0,0.0,-0.009825815096025006,-0.011943936624009898,0.0,0.0021181215279848925,48905195.0,118625.0,1280456998.1008937,41604529.866,XLF,IYF,Financials
2014-04-07,3.292179684810337,5.074423533843123,26.90143645,159.88,-0.015336,-0.013939,0.0,0.0,-0.01533603969327935,-0.01393857160478584,0.0,-0.00139746808849351,59217790.0,313176.0,1327543477.015756,43249274.279999994,XLF,IYF,Financials
2014-04-08,3.2935529969968766,5.076547870786971,26.9384059,160.22,0.001374,0.002127,0.0,0.0,0.001374255611543785,0.0021265949462096574,0.0,-0.0007523393346658724,45734280.0,162119.0,1327302940.352297,43204583.864,XLF,IYF,Financials
2014-04-09,3.3022071161413393,5.083389970005167,27.17254575,161.32,0.008692,0.006866,0.0,0.0,0.008691674290942487,0.006865559855199101,0.0,0.001826114435743386,36480173.0,482532.0,1333194718.9187992,44943190.034,XLF,IYF,Financials
2014-04-10,3.278806185976727,5.061328408411774,26.5440651,157.8,-0.023129,-0.02182,0.0,0.0,-0.023129251700680406,-0.021819985122737418,0.0,-0.0013092665779429885,76733275.0,861549.0,1358035867.2393014,45148381.899000004,XLF,IYF,Financials
2014-04-11,3.266662178721928,5.050240548688615,26.2236632,156.06,-0.012071,-0.011027,0.0,0.0,-0.012070566388115067,-0.011026615969581748,0.0,-0.0010439504185333192,79657586.0,283956.0,1403085262.4027429,46064852.627,XLF,IYF,Financials
2014-04-14,3.2746191596225103,5.057773300553659,26.43315675,157.24,0.007989,0.007561,0.0,0.0,0.007988721804511094,0.007561194412405485,0.0,0.00042752739210560886,56253241.0,1002996.0,1426336275.7859387,52949333.109000005,XLF,IYF,Financials
2014-04-15,3.283899968696983,5.0670156275323635,26.67961975,158.7,0.009324,0.009285,0.0,0.0,0.009324009324009525,0.009285169168150597,0.0,3.884015585892825e-05,84366390.0,220010.0,1489944187.4410923,54053940.99000001,XLF,IYF,Financials
2014-04-16,3.2917214946534092,5.075923534124373,26.8891133,160.12,0.007852,0.008948,0.0,0.0,0.00785219399538105,0.008947700063011972,0.0,-0.0010955060676309213,40100281.0,102405.0,1466351304.6840646,52874625.252000004,XLF,IYF,Financials
2014-04-17,3.2935529969968766,5.0770470596155075,26.9384059,160.3,0.001833,0.001124,0.0,0.0,0.001833180568285914,0.0011241568823382464,0.0,0.0007090236859476676,47892864.0,74007.0,1404595603.5679197,51995522.853,XLF,IYF,Financials
2014-04-21,3.2926376651251887,5.076547870786971,26.913759600000002,160.22,-0.000915,-0.000499,0.0,0.0,-0.0009149130832570596,-0.0004990642545227698,0.0,-0.00041584882873428976,30613664.0,116058.0,1353066946.469412,51129489.764000006,XLF,IYF,Financials
2014-04-22,3.299486866326415,5.083389970005167,27.098730081500005,161.32,0.006873,0.006866,0.0,0.0,0.006872710622710868,0.006865559855199101,0.0,7.1507675117668534e-06,26834342.0,112683.0,1312662228.7970233,50697275.662,XLF,IYF,Financials
2014-04-23,3.301753498533198,5.084133556605299,27.1602226,161.44,0.002269,0.000744,0.0,0.0,0.002269202959513382,0.0007438631291842301,0.0,0.001525339830329152,26155716.0,66614.0,1301045422.1951034,49914161.214,XLF,IYF,Financials
2014-04-24,3.301299675062736,5.083885755835849,27.147899450000004,161.4,-0.000454,-0.000248,0.0,0.0,-0.0004537205081668702,-0.0002477700693756194,0.0,-0.00020595043879125078,29990947.0,70891.0,1272487036.1420128,45972144.484000005,XLF,IYF,Financials
2014-04-25,3.2930954357900837,5.072670685015709,26.926082750000003,159.6,-0.008171,-0.011152,0.0,0.0,-0.008170676350431286,-0.011152416356877323,0.0,0.0029817400064460365,28599303.0,349126.0,1221702740.117209,45968032.156,XLF,IYF,Financials
2014-04-28,3.287128009314219,5.0689042022202315,26.7658818,159.0,-0.00595,-0.003759,0.0,0.0,-0.005949656750572133,-0.0037593984962406013,0.0,-0.002190258254331532,43922843.0,120944.0,1226342487.5543919,45940825.486,XLF,IYF,Financials
2014-04-29,3.2967500766782813,5.076672691357563,27.02466795,160.24,0.009669,0.007799,0.0,0.0,0.009668508287292914,0.00779874213836478,0.0,0.0018697661489281347,27767773.0,231295.0,1217962804.123243,45711803.634,XLF,IYF,Financials
2014-04-30,3.298117130889814,5.0795392727434665,27.061637400000002,160.7,0.001368,0.002871,-94715730.9,-32139999.999999996,-0.0028026646179348217,-0.00736268046909228,-62575730.900000006,0.004560015851157458,37998451.0,114579.0,1211517113.0501938,41962774.219,XLF,IYF,Financials
2014-05-01,3.2999369676068,5.081776966367399,27.11093,161.06,0.001822,0.00224,0.0,0.0,0.00182149362477215,0.00224019912881145,0.0,-0.0004187055040392998,27308658.0,528373.0,1198501467.7266135,44072761.208,XLF,IYF,Financials
2014-05-02,3.299482318815154,5.081590683029905,27.09860685,161.03,-0.000455,-0.000186,0.0,0.0,-0.0004545454545454559,-0.00018626598783062212,0.0,-0.0002682794667148338,28108949.0,132351.0,1184328261.9612408,43504105.179500006,XLF,IYF,Financials
2014-05-05,3.2953811510709397,5.078667704488082,26.9876985,160.56,-0.004093,-0.002919,0.0,0.0,-0.004092769440654688,-0.002918710799229957,0.0,-0.0011740586414247306,18851544.0,149688.0,1142960719.188048,43744107.568500005,XLF,IYF,Financials
2014-05-06,3.2811247587752,5.065375972753716,26.605680850000002,158.44,-0.014155,-0.013204,0.0,0.0,-0.014155251141552552,-0.013203786746387643,0.0,-0.0009514643951649086,60037607.0,377721.0,1143175609.0103118,44232884.38650001,XLF,IYF,Financials
2014-05-07,3.2944674918022647,5.07829394257007,26.9630522,160.5,0.013432,0.013002,0.0,0.0,0.013432144511347714,0.01300176723049735,0.0,0.0004303772808503647,40951567.0,123584.0,1136784141.0357392,43925910.6775,XLF,IYF,Financials
2014-05-08,3.2972059690955686,5.080161356744866,27.0369911,160.8,0.002742,0.001869,0.0,0.0,0.0027422303473493546,0.001869158878504673,0.0,0.0008730714688446816,29129403.0,82773.0,1126599753.0281842,40699302.4855,XLF,IYF,Financials
2014-05-09,3.2967500766782813,5.080285727120003,27.02466795,160.82,-0.000456,0.000124,0.0,0.0,-0.00045578851412944523,0.0001243781094527363,0.0,-0.0005801666235821816,23861086.0,70752.0,1057000996.9851936,34470597.707499996,XLF,IYF,Financials
2014-05-12,3.306732010739629,5.090185572854264,27.29577725,162.42,0.010032,0.009949,0.0,0.0,0.010031919744641902,0.00994901131700022,0.0,8.290842764168208e-05,20831100.0,59055.0,980985364.9293658,32734474.694500007,XLF,IYF,Financials
2014-05-13,3.3058286683114426,5.087596335232384,27.27113095,162.0,-0.000903,-0.002586,0.0,0.0,-0.0009029345372460524,-0.0025858884373844075,0.0,0.001682953900138355,23549406.0,62859.0,938748774.8179753,25358078.0425,XLF,IYF,Financials
2014-05-14,3.298572400645003,5.080285727120003,27.07396055,160.82,-0.00723,-0.007284,0.0,0.0,-0.007230004518752846,-0.0072839506172839505,0.0,5.394609853110431e-05,25535002.0,84372.0,860772296.4135735,24290733.9445,XLF,IYF,Financials
2014-05-15,3.287128009314219,5.069281489528989,26.7658818,159.06,-0.011379,-0.010944,0.0,0.0,-0.011379153390987745,-0.01094391244870041,0.0,-0.0004352409422873349,39814913.0,380302.0,860143309.2167959,26495421.320499998,XLF,IYF,Financials
2014-05-16,3.288278360298086,5.071918522513154,26.796689675000003,159.48,0.001151,0.002641,0.0,0.0,0.001151012891344642,0.002640513013956997,0.0,-0.001489500122612355,33476133.0,81496.0,840487916.0855223,26552104.3195,XLF,IYF,Financials
2014-05-19,3.2935529969968766,5.076922285767944,26.9384059,160.28,0.005289,0.005016,0.0,0.0,0.005288572085536665,0.005016302984700276,0.0,0.00027226910083638905,20044574.0,53695.0,826289919.9421929,26052675.4115,XLF,IYF,Financials
2014-05-20,3.2875883085168227,5.070286893660432,26.778204950000003,159.22,-0.005947,-0.006613,0.0,0.0,-0.005946935041170938,-0.006613426503618667,0.0,0.0006664914624477294,19499636.0,71627.0,816039352.8664799,25713996.8805,XLF,IYF,Financials
2014-05-21,3.294010348937161,5.077296560614806,26.950729050000003,160.34,0.006443,0.007034,0.0,0.0,0.0064427059364933455,0.007034292174349956,0.0,-0.0005915862378566101,31730513.0,59098.0,823277622.349386,25650077.3385,XLF,IYF,Financials
2014-05-22,3.298572400645003,5.081404364984463,27.07396055,161.0,0.004572,0.004116,0.0,0.0,0.004572473708276022,0.004116252962454783,0.0,0.00045622074582123834,18322746.0,191234.0,807371526.7896554,26617420.6685,XLF,IYF,Financials
2014-05-23,3.301753498533198,5.084505142662711,27.1602226,161.5,0.003186,0.003106,0.0,0.0,0.003186162949476737,0.003105590062111801,0.0,8.057288736493598e-05,16558433.0,178959.0,791354703.1404985,25276489.1135,XLF,IYF,Financials
2014-05-27,3.31033724222459,5.094240877951052,27.394362450000003,163.08,0.008621,0.009783,0.0,0.0,0.008620689655172438,0.009783281733746282,0.0,-0.001162592078573844,23107203.0,329139.0,764223376.6469871,26998783.719499998,XLF,IYF,Financials
2014-05-28,3.308536251192987,5.090924125325059,27.34506985,162.54,-0.001799,-0.003311,0.0,0.0,-0.001799370220422857,-0.0033112582781458454,0.0,0.0015118880577229884,32857949.0,98573.0,771627779.9218252,25946750.9505,XLF,IYF,Financials
2014-05-29,3.310786983630866,5.092768123634778,27.4066856,162.84,0.002253,0.001846,0.0,0.0,0.0022532672374942064,0.0018456995201181247,0.0,0.00040756771737608167,14915825.0,72512.0,740652431.0976228,25616501.3895,XLF,IYF,Financials
2014-05-30,3.313032661646262,5.0944861262662,27.46830135,163.12,0.002248,0.001719,-865251492.525,-114184000.0,-0.03547780319202496,-0.034425038048859546,-751067492.525,-0.0010527651431654142,27231199.0,151279.0,741034014.3387167,22595345.1445,XLF,IYF,Financials
2014-06-02,3.315720835308062,5.097668893061198,27.542240250000003,163.64,0.002692,0.003188,0.0,0.0,0.002691790040376928,0.00318783717508567,0.0,-0.0004960471347087423,20295193.0,105566.0,730897100.5191376,22393462.080000002,XLF,IYF,Financials
2014-06-03,3.3170622171322632,5.098401941353034,27.5792097,163.76,0.001342,0.000733,0.0,0.0,0.0013422818791944972,0.0007333170373993249,0.0,0.0006089648417951723,15683784.0,137140.0,727086429.6238387,22314669.136,XLF,IYF,Financials
2014-06-04,3.31973959490298,5.101694025043223,27.6531486,164.3,0.002681,0.003298,0.0,0.0,0.00268096514745316,0.0032975085490962383,0.0,-0.0006165434016430784,19562740.0,67552.0,674267926.8940105,19877303.054,XLF,IYF,Financials
2014-06-05,3.329054366177527,5.111867299170302,27.91193475,165.98,0.009358,0.010225,0.0,0.0,0.0093582887700534,0.010225197808886184,0.0,-0.0008669090388327833,31034477.0,339100.0,662370579.8105896,21699732.354000002,XLF,IYF,Financials
2014-06-06,3.3356550502088793,5.118233304694274,28.096782,167.04,0.006623,0.006386,0.0,0.0,0.006622516556291411,0.006386311603807687,0.0,0.00023620495248372324,29857060.0,371447.0,664936374.6266699,24136562.778,XLF,IYF,Financials
2014-06-09,3.340031424808678,5.120625078137745,28.2200135,167.44,0.004386,0.002395,0.0,0.0,0.004385964912280715,0.0023946360153256703,0.0,0.001991328896955045,32282964.0,557267.0,678245762.3178508,28233085.27,XLF,IYF,Financials
2014-06-10,3.3395946482129597,5.119190700650601,28.207690350000004,167.2,-0.000437,-0.001433,0.0,0.0,-0.00043668122270732417,-0.001433349259436216,0.0,0.0009966680367288919,21570110.0,203196.0,680237858.2289989,29452218.175,XLF,IYF,Financials
2014-06-11,3.333020002570874,5.112951179567857,28.0228431,166.16,-0.006553,-0.00622,0.0,0.0,-0.006553079947575547,-0.006220095693779904,0.0,-0.00033298425379564307,20569491.0,263516.0,676947692.4349563,31132351.202999998,XLF,IYF,Financials
2014-06-12,3.3268444205267245,5.107762004826979,27.850319000000002,165.3,-0.006157,-0.005176,0.0,0.0,-0.006156552330694762,-0.005175734232065479,0.0,-0.0009808180986292832,30051846.0,85627.0,684228685.4772915,31161623.106,XLF,IYF,Financials
2014-06-13,3.3272868005383627,5.107762004826979,27.86264215,165.3,0.000442,0.0,0.0,0.0,0.000442477876106094,0.0,0.0,0.000442477876106094,27967940.0,88617.0,669907657.9101608,28869500.805,XLF,IYF,Financials
2014-06-16,3.322409823458859,5.103761272085739,27.7270875,164.64,-0.004865,-0.003993,0.0,0.0,-0.00486510393631128,-0.0039927404718694826,0.0,-0.0008723634644417977,33904442.0,665901.0,672058752.0327933,33701348.732999995,XLF,IYF,Financials
2014-06-17,3.332580152112936,5.112349168833885,28.010519950000003,166.06,0.010222,0.008625,0.0,0.0,0.010222222222222287,0.008624878522837862,0.0,0.0015973436993844247,24453944.0,78353.0,679308692.820973,33921601.962,XLF,IYF,Financials
2014-06-18,3.338283172615149,5.118353029327761,28.1707209,167.06,0.005719,0.006022,0.0,0.0,0.005719313682357999,0.0060219197880284235,0.0,-0.0003026061056704242,30971524.0,128959.0,696824938.2806357,34428573.942,XLF,IYF,Financials
2014-06-19,3.3369699747901884,5.116435712982468,28.13375145,166.74,-0.001312,-0.001915,0.0,0.0,-0.001312335958005287,-0.0019154794684544474,0.0,0.0006031435104491604,23105723.0,83534.0,686569448.754338,34651208.234,XLF,IYF,Financials
2014-06-20,3.3369699747901884,5.119908146573998,28.13375145,167.32,0.003925,0.003478,0.0,0.0,0.0,0.00347846947343169,0.0,-0.00347846947343169,24913864.0,98748.0,696812006.5075096,33937900.302,XLF,IYF,Financials
2014-06-23,3.3391576807600813,5.120625078137745,28.1953672,167.44,0.00219,0.000717,0.0,0.0,0.00219010074463426,0.0007171886206072197,0.0,0.0014729121240270402,19410417.0,204097.0,701689661.9391565,34201506.460999995,XLF,IYF,Financials
2014-06-24,3.332580152112936,5.1102996172092015,28.010519950000003,165.72,-0.006556,-0.006547,0.0,0.0,-0.0065559440559439085,-0.010272336359292882,0.0,0.0037163923033489733,22551823.0,1148005.0,701623721.6322886,41030076.485,XLF,IYF,Financials
2014-06-25,3.3334596596454436,5.112228723184838,28.03516625,166.04,0.00088,0.001931,0.0,0.0,0.0008798944126704484,0.0019309678976587015,0.0,-0.0010510734849882531,25685127.0,122997.0,692702916.3855199,41250094.808,XLF,IYF,Financials
2014-06-26,3.3299369787679223,5.109816758677367,27.936581050000004,165.64,-0.003516,-0.002409,0.0,0.0,-0.003516483516483392,-0.0024090580582993588,0.0,-0.0011074254581840332,26728492.0,76019.0,709598384.2286527,41289291.462,XLF,IYF,Financials
2014-06-27,3.3338991235066144,5.113191882421348,28.047489400000003,166.2,0.00397,0.003381,0.0,0.0,0.0039700044111159564,0.00338082588746695,0.0,0.0005891785236490066,17944688.0,47919.0,697363817.5392772,40453666.828,XLF,IYF,Financials
2014-06-30,3.333020002570874,5.1136731143844365,28.0228431,166.28,-0.000879,0.000481,438557494.515,-282676000.0,0.018536854725481205,-0.0904715020238486,721233494.515,0.10900835674932981,37355935.0,319179.0,721756038.730911,42243580.022,XLF,IYF,Financials
2014-07-01,3.3391576807600813,5.119908146573998,28.1953672,167.32,0.006157,0.006255,0.0,0.0,0.006156552330694803,0.006254510464277123,0.0,-9.79581335823201e-05,28370668.0,1761126.0,740124790.4381003,55854257.817999996,XLF,IYF,Financials
2014-07-02,3.338283172615149,5.1196690551203785,28.1707209,167.28,-0.000874,-0.000239,0.0,0.0,-0.0008741258741258966,-0.0002390628735357399,0.0,-0.0006350630005901567,17640511.0,175979.0,737923518.2216612,56771206.493999995,XLF,IYF,Financials
2014-07-03,3.3461263500761746,5.126223329909518,28.3925376,168.38,0.007874,0.006576,0.0,0.0,0.007874015748031534,0.006575801052128168,0.0,0.001298214695903366,22116861.0,134790.0,726009593.747266,55091812.603999995,XLF,IYF,Financials
2014-07-07,3.341776625949709,5.121341496078834,28.2693061,167.56,-0.00434,-0.00487,0.0,0.0,-0.004340277777777726,-0.0048699370471552445,0.0,0.0005296592693775186,24710843.0,346433.0,718993147.686022,54891902.934,XLF,IYF,Financials
2014-07-08,3.333020002570874,5.114514713472284,28.0228431,166.42,-0.008718,-0.006804,0.0,0.0,-0.008718395815170067,-0.00680353306278348,0.0,-0.0019148627523865869,34308975.0,825171.0,721513614.8583626,57092711.501,XLF,IYF,Financials
2014-07-09,3.3356550502088793,5.116435712982468,28.096782,166.74,0.002639,0.001923,0.0,0.0,0.0026385224274407012,0.0019228458118014662,0.0,0.0007156766156392351,19407603.0,58144.0,718356025.205268,55878739.469,XLF,IYF,Financials
2014-07-10,3.329054366177527,5.111505744481217,27.91193475,165.92,-0.006579,-0.004918,0.0,0.0,-0.006578947368420973,-0.004917836152093079,0.0,-0.0016611112163278947,25844463.0,94105.0,725603692.5035143,54470143.62100001,XLF,IYF,Financials
2014-07-11,3.3308188130402345,5.112349168833885,27.96122735,166.06,0.001766,0.000844,0.0,0.0,0.0017660044150110826,0.0008437801350048216,0.0,0.000922224280006261,21206265.0,54711.0,713403677.4670379,54216701.89899999,XLF,IYF,Financials
2014-07-14,3.3369699747901884,5.117514655723352,28.13375145,166.92,0.00617,0.005179,0.0,0.0,0.006170118995151875,0.005178851017704444,0.0,0.0009912679774474308,21337979.0,228030.0,704456512.1539705,55387420.774000004,XLF,IYF,Financials
2014-07-15,3.3439538530235744,5.124915907128641,28.33092185,168.16,0.007008,0.007429,0.0,0.0,0.007008322382829625,0.007428708363287803,0.0,-0.00042038598045817787,29505630.0,142996.0,699249025.5385875,51108034.11,XLF,IYF,Financials
2014-07-16,3.3422124507550386,5.122534386593665,28.28162925,167.76,-0.00174,-0.002379,0.0,0.0,-0.001739886907350903,-0.002378686964795433,0.0,0.00063880005744453,26670781.0,93347.0,702715298.2276756,51240463.787,XLF,IYF,Financials
2014-07-17,3.329054366177527,5.1102996172092015,27.91193475,165.72,-0.013072,-0.01216,0.0,0.0,-0.013071895424836607,-0.012160228898426323,0.0,-0.0009116665264102836,34148139.0,68354.0,706747821.6851895,50729650.50399999,XLF,IYF,Financials
2014-07-18,3.3404680107138884,5.120983351265121,28.23233665,167.5,0.011479,0.010741,0.0,0.0,0.011479028697571704,0.010741008930726527,0.0,0.0007380197668451771,20981313.0,144483.0,703862862.8862131,51243272.671,XLF,IYF,Financials
2014-07-21,3.337845631588698,5.118592435601348,28.158397750000002,167.1,-0.002619,-0.002388,0.0,0.0,-0.002618943692710509,-0.0023880597014925373,0.0,-0.00023088399121797172,14837960.0,347206.0,689707498.9883875,53318053.033,XLF,IYF,Financials
2014-07-22,3.3409044060950235,5.1219381192097115,28.244659800000004,167.66,0.003063,0.003351,0.0,0.0,0.0030634573304157506,0.0033512866546977858,0.0,-0.0002878293242820351,12997204.0,429429.0,680698387.5139413,55209256.256,XLF,IYF,Financials
2014-07-23,3.343083530949491,5.124083019936701,28.30627555,168.02,0.002181,0.002147,0.0,0.0,0.0021815008726001578,0.0021472026720744364,0.0,3.429820052572134e-05,14318336.0,113609.0,669378911.3230971,46651316.035,XLF,IYF,Financials
2014-07-24,3.345257917542221,5.12610454390237,28.3678913,168.36,0.002177,0.002024,0.0,0.0,0.002176752285589874,0.002023568622783002,0.0,0.00015318366280687177,20409385.0,147982.0,662323131.8022215,46875907.417,XLF,IYF,Financials
2014-07-25,3.3395946482129597,5.11883178457329,28.207690350000004,167.14,-0.005647,-0.007246,0.0,0.0,-0.0056472632493481285,-0.007246376811594203,0.0,0.0015991135622460744,36312168.0,63023.0,676202117.1911666,46773001.269999996,XLF,IYF,Financials
2014-07-28,3.340031424808678,5.119190700650601,28.2200135,167.2,0.000437,0.000359,0.0,0.0,0.00043687199650478805,0.00035898049539308366,0.0,7.78915011117044e-05,42173202.0,877153.0,710543361.3567625,53707793.45999999,XLF,IYF,Financials
2014-07-29,3.3347774722675205,5.114274328855742,28.072135700000004,166.38,-0.00524,-0.004904,0.0,0.0,-0.005240174672488889,-0.004904306220095694,0.0,-0.00033586845239319454,28430130.0,105541.0,698107109.4552547,51932134.833,XLF,IYF,Financials
2014-07-30,3.3391576807600813,5.117155137473929,28.1953672,166.86,0.00439,0.002885,0.0,0.0,0.0043898156277434154,0.00288496213487198,0.0,0.0015048534928714355,39824857.0,86422.0,714254862.6969148,37919573.463,XLF,IYF,Financials
2014-07-31,3.3184018020613197,5.097424424168647,27.61617915,163.6,-0.020542,-0.019537,-875432879.0550001,16360000.0,-0.058360483039150354,-0.013769909258201662,-891792879.0550001,-0.04459057378094869,50221839.0,94710.0,758754332.2545185,37222412.907,XLF,IYF,Financials
2014-08-01,3.309887298459968,5.090431817622808,27.3820393,162.46,-0.008478,-0.006968,0.0,0.0,-0.00847835787594825,-0.006968215158924205,0.0,-0.001510142717024045,49566414.0,390199.0,795218116.6830984,39257202.374,XLF,IYF,Financials
2014-08-04,3.3179554731094787,5.097668893061198,27.603856,163.64,0.008101,0.007263,0.0,0.0,0.008100810081008169,0.007263326357257171,0.0,0.0008374837237509975,26183769.0,119460.0,796428846.8959596,37332208.42,XLF,IYF,Financials
2014-08-05,3.3076345378767047,5.087966637032579,27.320423550000005,162.06,-0.010268,-0.009655,0.0,0.0,-0.010267857142856936,-0.009655340992422391,0.0,-0.0006125161504345455,39904961.0,511430.0,802868117.54193,34610077.819,XLF,IYF,Financials
2014-08-06,3.311685860095883,5.092497883242022,27.431331900000004,162.796,0.00406,0.004542,0.0,0.0,0.0040595399188090575,0.004541527829199062,0.0,-0.0004819879103900044,37073419.0,133682.0,826452221.0730909,35213476.034600005,XLF,IYF,Financials
2014-08-07,3.3071833761275675,5.087596335232384,27.3081004,162.0,-0.004492,-0.00489,0.0,0.0,-0.004492362982928999,-0.004889555025922013,0.0,0.00039719204299301387,39808784.0,360647.0,844738886.3415473,37354021.6546,XLF,IYF,Financials
2014-08-08,3.3170622171322632,5.096568312087983,27.5792097,163.46,0.009928,0.009012,0.0,0.0,0.009927797833934864,0.009012345679012346,0.0,0.0009154521549225181,51165794.0,162915.0,885646834.6057298,38231260.5166,XLF,IYF,Financials
2014-08-11,3.3179554731094787,5.098768264087456,27.603856,163.82,0.000894,0.002202,0.0,0.0,0.0008936550491510936,0.0022023736693992414,0.0,-0.001308718620248148,22779255.0,343047.0,887070728.4645278,39138020.1136,XLF,IYF,Financials
2014-08-12,3.320185128436748,5.099500507224884,27.665471750000002,163.94,0.002232,0.000732,0.0,0.0,0.002232142857142934,0.000732511292882432,0.0,0.0014996315642605022,21998396.0,83323.0,875704443.7354428,38618708.376600005,XLF,IYF,Financials
2014-08-13,3.3246295801971715,5.106187868762996,27.78870325,165.04,0.004454,0.00671,0.0,0.0,0.0044543429844097785,0.006709771867756497,0.0,-0.002255428883346718,22635477.0,55344.0,869440314.3967056,38292412.4286,XLF,IYF,Financials
2014-08-14,3.3308188130402345,5.110420295420896,27.96122735,165.74,0.006208,0.004241,0.0,0.0,0.006208425720620778,0.004241396025206011,0.0,0.001967029695414768,21900451.0,41189.0,852401457.4905359,38067364.427600004,XLF,IYF,Financials
2014-08-15,3.3259590729700004,5.10727791913436,27.8256727,165.22,-0.004848,-0.003137,0.0,0.0,-0.004847950639048137,-0.0031374441896947027,0.0,-0.001710506449353434,39795968.0,109059.0,878151361.9091685,37758255.7016,XLF,IYF,Financials
2014-08-18,3.3369699747901884,5.11739483066779,28.13375145,166.9,0.011072,0.010168,0.0,0.0,0.011071744906997378,0.010168260501149981,0.0,0.0009034844058473969,25114442.0,1121135.0,892588876.386911,44213221.14659999,XLF,IYF,Financials
2014-08-19,3.338720522283174,5.119190700650601,28.183044050000003,167.2,0.001752,0.001798,0.0,0.0,0.0017520805957075317,0.0017974835230677051,0.0,-4.5402927360173404e-05,20205407.0,133881.0,902706289.8968099,41732562.9996,XLF,IYF,Financials
2014-08-20,3.3413406111182975,5.1219381192097115,28.25698295,167.66,0.002624,0.002751,0.0,0.0,0.002623524267599497,0.002751196172248804,0.0,-0.00012767190464930663,26540632.0,47202.0,919939260.9804468,41173828.156600006,XLF,IYF,Financials
2014-08-21,3.3530467929207486,5.1310814471721224,28.589708,169.2,0.011775,0.009185,0.0,0.0,0.011774967291757449,0.00918525587498509,0.0,0.0025897114167723594,37392668.0,488109.0,944442973.1945016,44057517.820599996,XLF,IYF,Financials
2014-08-22,3.3495925580526613,5.127529045567755,28.491122800000003,168.6,-0.003448,-0.003546,0.0,0.0,-0.0034482758620688818,-0.0035460992907801418,0.0,9.782342871125999e-05,24652642.0,95129.0,928347926.1787646,44332772.0796,XLF,IYF,Financials
2014-08-25,3.358205875730776,5.134621273877247,28.7375858,169.8,0.00865,0.007117,0.0,0.0,0.008650519031141828,0.0071174377224199285,0.0,0.0015330813087218991,27532985.0,61154.0,908403085.6282337,37518970.4596,XLF,IYF,Financials
2014-08-26,3.360347662799251,5.136856700421411,28.799201550000003,170.18,0.002144,0.002238,0.0,0.0,0.002144082332761652,0.002237926972909305,0.0,-9.384464014765325e-05,13823452.0,108956.0,888403581.2750393,37568081.48459999,XLF,IYF,Financials
2014-08-27,3.358205875730776,5.135916077189213,28.7375858,170.02,-0.00214,-0.00094,0.0,0.0,-0.0021394950791613914,-0.0009401809848395816,0.0,-0.0011993140943218098,17696284.0,48671.0,857687181.924473,37260814.909600005,XLF,IYF,Financials
2014-08-28,3.3551996462818496,5.13167228913909,28.65132375,169.3,-0.003002,-0.004235,0.0,0.0,-0.003001715265866346,-0.004234795906363957,0.0,0.0012330806404976112,20999242.0,185326.0,818423220.8234801,38054871.699599996,XLF,IYF,Financials
2014-08-29,3.3599196722085107,5.136386499401816,28.7868784,170.1,0.004731,0.004725,56134412.879999995,-340200000.0,0.007213430632631368,-0.11278639599589642,396334412.88,0.11999982662852779,22748398.0,49863.0,783304514.3691169,35309370.0376,XLF,IYF,Financials
2014-09-02,3.363765009140773,5.14049328135447,28.89778675,170.8,0.003853,0.004115,0.0,0.0,0.0038527397260274833,0.00411522633744856,0.0,-0.00026248661142107667,29530812.0,780549.0,789834620.3049706,40997836.7776,XLF,IYF,Financials
2014-09-03,3.3620577957513036,5.139204394890964,28.84849415,170.58,-0.001706,-0.001288,0.0,0.0,-0.001705756929637472,-0.001288056206088993,0.0,-0.00041770072354847896,19619614.0,389391.0,763623414.476872,40174835.3266,XLF,IYF,Financials
2014-09-04,3.3629117667681885,5.139087140977479,28.87314045,170.56,0.000854,-0.000117,0.0,0.0,0.0008543357539513589,-0.00011724703951225231,0.0,0.0009715827934636112,25303698.0,174031.0,749304612.7269528,40570826.951,XLF,IYF,Financials
2014-09-05,3.3641913574738136,5.141078590121546,28.910109900000002,170.9,0.00128,0.001993,0.0,0.0,0.0012804097311138736,0.00199343339587242,0.0,-0.0007130236647585465,24374704.0,124305.0,730183267.7842556,38711772.475999996,XLF,IYF,Financials
2014-09-08,3.3646175241114165,5.141078590121546,28.92243305,170.9,0.000426,0.0,0.0,0.0,0.00042625745950540257,0.0,0.0,0.00042625745950540257,21744014.0,132620.0,691072149.1322687,38513506.081,XLF,IYF,Financials
2014-09-09,3.354339061030802,5.131908528214131,28.626677450000003,169.34,-0.010226,-0.009128,0.0,0.0,-0.010225820195994727,-0.009128145114101814,0.0,-0.0010976750818929137,31217439.0,103716.0,704314963.2453072,36581771.475999996,XLF,IYF,Financials
2014-09-10,3.359491498363391,5.135445433575395,28.774555250000002,169.94,0.005166,0.003543,0.0,0.0,0.005165733964700821,0.0035431675918270933,0.0,0.0016225663728737273,31329881.0,66351.0,718960332.6816628,36462557.291999996,XLF,IYF,Financials
2014-09-11,3.3620577957513036,5.137326680455911,28.84849415,170.26,0.00257,0.001883,0.0,0.0,0.002569593147751607,0.0018830175356008003,0.0,0.0006865756121508069,29802611.0,60798.0,730497827.4723141,36523431.978,XLF,IYF,Financials
2014-09-12,3.361203094844572,5.1337964343795885,28.823847850000003,169.66,-0.000854,-0.003524,0.0,0.0,-0.0008543357539511919,-0.0035240220838717255,0.0,0.0026696863299205337,34926794.0,68031.0,750215882.805602,36759205.708,XLF,IYF,Financials
2014-09-15,3.3607754702924066,5.13308888718026,28.8115247,169.54,-0.000428,-0.000707,0.0,0.0,-0.0004275331338180662,-0.0007072969468348461,0.0,0.00027976381301677997,20872654.0,58717.0,724917053.1019961,36356013.318,XLF,IYF,Financials
2014-09-16,3.36504350920838,5.136974216139274,28.934756200000002,170.2,0.004277,0.003893,0.0,0.0,0.004277159965782834,0.003892886634422555,0.0,0.0003842733313602787,31966231.0,71904.0,735835634.6812181,27612044.783,XLF,IYF,Financials
2014-09-17,3.369293409357709,5.140844507723473,29.057987699999998,170.86,0.004259,0.003878,0.0,0.0,0.004258943781941858,0.0038777908343125733,0.0,0.00038115294762928456,44589241.0,133262.0,772146821.731276,27631256.889,XLF,IYF,Financials
2014-09-18,3.379000174747256,5.149585312747638,29.34142015,172.36,0.009754,0.008779,0.0,0.0,0.009754028837998448,0.008779117406063444,0.0,0.0009749114319350036,51710609.0,123882.0,810512047.6800333,28303177.599,XLF,IYF,Financials
2014-09-19,3.3722576291864264,5.14574876790343,29.14424975,171.7,-0.002589,-0.003829,0.0,0.0,-0.006719865602687895,-0.00382919470874913,0.0,-0.0028906708939387647,50520369.0,197992.0,830678687.2868941,25873536.779,XLF,IYF,Financials
2014-09-22,3.3654693129193056,5.13826597839981,28.94707935,170.42,-0.006765,-0.007455,0.0,0.0,-0.006765327695560367,-0.0074548631333721605,0.0,0.0006895354378117936,32311214.0,158461.0,842325378.5362136,26421845.490000002,XLF,IYF,Financials
2014-09-23,3.358634600281823,5.130490255904535,28.74990895,169.1,-0.006811,-0.007746,0.0,0.0,-0.006811409110259633,-0.0077455697688064784,0.0,0.0009341606585468454,32435004.0,81003.0,849388973.1874774,26587528.395,XLF,IYF,Financials
2014-09-24,3.3641913574738136,5.132498881853096,28.910109900000002,169.44,0.005572,0.005739,0.0,0.0,0.005572224603514819,0.002010644589000591,0.0,0.0035615800145142274,35970129.0,71871.0,881478773.2995987,26269312.903,XLF,IYF,Financials
2014-09-25,3.3474275864341467,5.117274991252462,28.42950705,166.88,-0.016624,-0.015109,0.0,0.0,-0.016624040920716038,-0.015108593012275733,0.0,-0.0015154479084403052,54148487.0,478161.0,933022088.955707,29845336.115999997,XLF,IYF,Financials
2014-09-26,3.356918598144734,5.126342101808226,28.70061635,168.4,0.009536,0.009108,0.0,0.0,0.009536194191590758,0.009108341323106424,0.0,0.0004278528684843342,39952866.0,81179.0,960272878.8608252,28960078.706,XLF,IYF,Financials
2014-09-29,3.35347773453483,5.122295922302562,28.602031150000002,167.72,-0.003435,-0.004038,0.0,0.0,-0.0034349506225848578,-0.0040380047505938245,0.0,0.0006030541280089667,38330607.0,936155.0,982346771.2804053,36386589.721,XLF,IYF,Financials
2014-09-30,3.351752852692769,5.120625078137745,28.552738550000004,167.44,-0.001723,-0.001669,232704819.18250003,58604000.0,0.008559076624015794,0.021470663025572424,174100819.18250003,-0.01291158640155663,33087426.0,149246.0,986914847.0874119,30970188.773000002,XLF,IYF,Financials
2014-10-01,3.3395946482129597,5.109575241951159,28.207690350000004,165.6,-0.012085,-0.010989,0.0,0.0,-0.012084592145015135,-0.01098901098901099,0.0,-0.0010955811560041454,51387426.0,373129.0,1031091061.126776,30738581.054,XLF,IYF,Financials
2014-10-02,3.3422124507550386,5.111385197196399,28.28162925,165.9,0.002621,0.001812,0.0,0.0,0.0026212319790301386,0.0018115942028985507,0.0,0.0008096377761315878,56466171.0,333670.0,1074408965.483312,32022237.336000003,XLF,IYF,Financials
2014-10-03,3.3564891371117214,5.125153747538848,28.688293200000004,168.2,0.014379,0.013864,0.0,0.0,0.01437908496732023,0.013863773357444244,0.0,0.0005153116098759857,50440604.0,148430.0,1111527938.749168,32208347.411000002,XLF,IYF,Financials
2014-10-06,3.35347773453483,5.123130298654681,28.602031150000002,167.86,-0.003007,-0.002021,0.0,0.0,-0.0030068728522337257,-0.0020214030915576696,0.0,-0.000985469760676056,33144554.0,215828.0,1127483527.5895476,32886553.915000003,XLF,IYF,Financials
2014-10-07,3.3363828554698043,5.10727791913436,28.117238429000004,165.22,-0.01695,-0.015727,0.0,0.0,-0.016949590693666416,-0.015727391874180863,0.0,-0.001222198819485553,51258936.0,157350.0,1154863935.9925876,33308258.893,XLF,IYF,Financials
2014-10-08,3.3551996462818496,5.124202046301181,28.65132375,168.04,0.018995,0.017068,0.0,0.0,0.018994942278866913,0.017068151555501756,0.0,0.0019267907233651571,58755406.0,104670.0,1193959774.370501,33623911.786,XLF,IYF,Financials
2014-10-09,3.3338991235066144,5.1049753064706165,28.047489400000003,164.84,-0.021075,-0.019043,0.0,0.0,-0.02107526881720415,-0.01904308497976672,0.0,-0.0020321838374374283,89587679.0,127857.0,1276607225.772245,34160135.806,XLF,IYF,Financials
2014-10-10,3.3259590729700004,5.097668893061198,27.8256727,163.64,-0.007909,-0.00728,0.0,0.0,-0.007908611599297165,-0.007279786459597185,0.0,-0.0006288251396999803,61921405.0,257914.0,1312421233.3977375,35693281.181,XLF,IYF,Financials
2014-10-13,3.3170622171322632,5.089446474520545,27.5792097,162.3,-0.008857,-0.008189,0.0,0.0,-0.008857395925597799,-0.008188706917624054,0.0,-0.000668689007973745,57354866.0,596970.0,1361442677.9204297,40039948.722,XLF,IYF,Financials
2014-10-14,3.321075600445722,5.095098984041097,27.69011805,163.22,0.004021,0.005669,0.0,0.0,0.004021447721179616,0.005668515095502156,0.0,-0.0016470673743225403,63423981.0,306335.0,1403006798.9440837,41928045.617,XLF,IYF,Financials
2014-10-15,3.301753498533198,5.077421287774306,27.1602226,160.36,-0.019137,-0.017522,0.0,0.0,-0.019136626613262146,-0.017522362455581423,0.0,-0.0016142641576807233,109183837.0,901430.0,1486495983.9796727,48017254.091000006,XLF,IYF,Financials
2014-10-16,3.301753498533198,5.079414809491081,27.1602226,160.68,0.0,0.001995,0.0,0.0,0.0,0.001995510102269893,0.0,-0.001995510102269893,82369868.0,353257.0,1522492046.2562346,49787705.753,XLF,IYF,Financials
2014-10-17,3.3143776517615944,5.090431817622808,27.5052708,162.46,0.012704,0.011078,0.0,0.0,0.01270417422867517,0.011077918844909137,0.0,0.001626255383766033,53449812.0,498224.0,1522380711.3397813,52135017.985,XLF,IYF,Financials
2014-10-20,3.320185128436748,5.097791105099236,27.665471750000002,163.66,0.005824,0.007386,0.0,0.0,0.005824372759856676,0.00738643358365136,0.0,-0.001562060823794684,49500163.0,3331147.0,1544087215.6169848,78043547.705,XLF,IYF,Financials
2014-10-21,3.338720522283174,5.115955808954061,28.183044050000003,166.66,0.018708,0.018331,0.0,0.0,0.01870824053452112,0.01833068556764023,0.0,0.00037755496688089,51168953.0,273963.0,1569566887.8469093,79641601.019,XLF,IYF,Financials
2014-10-22,3.3294957698483447,5.108608591320064,27.9242579,165.44,-0.009182,-0.00732,0.0,0.0,-0.009182334936598145,-0.007320292811712469,0.0,-0.001862042124885676,46207011.0,298891.0,1582086693.3191574,81505136.25899999,XLF,IYF,Financials
2014-10-23,3.3391576807600813,5.116915386813465,28.1953672,166.82,0.009709,0.008341,0.0,0.0,0.009708737864077535,0.008341392649903289,0.0,0.0013673452141742468,80887512.0,206512.0,1619148608.810211,79237877.467,XLF,IYF,Financials
2014-10-24,3.3487271317762324,5.124202046301181,28.466476500000002,168.04,0.009615,0.007313,0.0,0.0,0.009615384615384822,0.007313271789953243,0.0,0.0023021128254315792,26620791.0,258373.0,1599705020.9234085,80725200.233,XLF,IYF,Financials
2014-10-27,3.350024990491832,5.126342101808226,28.50344595,168.4,0.001299,0.002142,0.0,0.0,0.0012987012987011283,0.0021423470602237563,0.0,-0.000843645761522628,22198177.0,216461.0,1576524587.0681899,74697206.023,XLF,IYF,Financials
2014-10-28,3.3607754702924066,5.137796439712935,28.8115247,170.34,0.010809,0.01152,0.0,0.0,0.010808473843493333,0.01152019002375297,0.0,-0.0007117161802596365,36234410.0,500172.0,1581486185.8099127,77707683.435,XLF,IYF,Financials
2014-10-29,3.363338478957296,5.138500665094152,28.8854636,170.46,0.002566,0.000705,0.0,0.0,0.002566295979469627,0.0007044734061289186,0.0,0.0018618225733407084,45194233.0,182007.0,1574282974.3979068,76169420.976,XLF,IYF,Financials
2014-10-30,3.3688692311965243,5.147843253193202,29.04566455,172.06,0.005546,0.009386,0.0,0.0,0.0055460750853242756,0.009386366302944973,0.0,-0.0038402912176206975,34052485.0,167170.0,1543889061.5486467,74839791.836,XLF,IYF,Financials
2014-10-31,3.3802593564456336,5.159744716684097,29.378389600000002,174.12,0.011455,0.011973,-922481433.44,-191532000.0,-0.02827442400536446,-0.06007725911823489,-730949433.44,0.03180283511287043,38082826.0,140422.0,1527476924.676643,74814009.468,XLF,IYF,Financials
2014-11-03,3.3840274161687662,5.16295572861736,29.48929795,174.68,0.003775,0.003216,0.0,0.0,0.003775167785234952,0.0032161727544222376,0.0,0.0005589950308127144,49464821.0,951189.0,1553010988.6042209,81310249.78999999,XLF,IYF,Financials
2014-11-04,3.3844452143783115,5.163756873152342,29.5016211,174.82,0.000418,0.000802,0.0,0.0,0.00041788549937306525,0.0008014655369819098,0.0,-0.00038358003760884454,29814416.0,219280.0,1524926682.5552669,81927107.92,XLF,IYF,Financials
2014-11-05,3.3911063547450935,5.171165580887553,29.698791500000002,176.12,0.006683,0.007436,0.0,0.0,0.006683375104427886,0.007436220112115318,0.0,-0.0007528450076874325,24624508.0,319951.0,1477321581.0309367,83865159.086,XLF,IYF,Financials
2014-11-06,3.39276472991787,5.171619713502079,29.748084100000003,176.2,0.00166,0.000454,0.0,0.0,0.0016597510373443098,0.0004542357483533954,0.0,0.0012055152889909144,26963925.0,134906.0,1391792362.603086,83999883.552,XLF,IYF,Financials
2014-11-07,3.393178894347066,5.171960177671514,29.76040725,176.26,0.000414,0.000341,0.0,0.0,0.000414250207124998,0.000340522133938706,0.0,7.3728073186292e-05,28805567.0,156336.0,1348505395.4197369,83267420.37200001,XLF,IYF,Financials
2014-11-10,3.398547480439782,5.176827468960327,29.920608200000004,177.12,0.005383,0.004879,0.0,0.0,0.005383022774327254,0.004879155792579144,0.0,0.0005038669817481094,30652655.0,209563.0,1315272605.6105053,80278898.75,XLF,IYF,Financials
2014-11-11,3.395247147411125,5.174340186728326,29.822023,176.68,-0.003295,-0.002484,0.0,0.0,-0.003294892915980221,-0.0024841915085817524,0.0,-0.0008107014073984687,38747800.0,120539.0,1285238618.6959274,78843740.34099999,XLF,IYF,Financials
2014-11-12,3.393178894347066,5.172980875236739,29.76040725,176.44,-0.002066,-0.001358,0.0,0.0,-0.0020661157024794785,-0.0013583880461851936,0.0,-0.000707727656294285,18723486.0,131282.0,1164826681.2588053,72774244.405,XLF,IYF,Financials
2014-11-13,3.39276472991787,5.1707112419428904,29.748084100000003,176.04,-0.000414,-0.002267,0.0,0.0,-0.0004140786749481347,-0.0022670596236681025,0.0,0.0018529809487199678,29353046.0,1129327.0,1096627327.7881331,79876513.92099999,XLF,IYF,Financials
2014-11-14,3.389445224795017,5.168208681201016,29.6494989,175.6,-0.003314,-0.002499,0.0,0.0,-0.0033140016570008188,-0.002499431947284708,0.0,-0.0008145697097161108,11432834.0,129027.0,1040068640.0800226,76962297.42899999,XLF,IYF,Financials
2014-11-17,3.389445224795017,5.168208681201016,29.6494989,175.6,0.0,0.0,0.0,0.0,0.0,0.0,0.0,0.0,16172216.0,127509.0,995571277.050306,50823050.548,XLF,IYF,Financials
2014-11-18,3.39276472991787,5.170597624945666,29.748084100000003,176.02,0.003325,0.002392,0.0,0.0,0.003325020781379874,0.0023917995444191343,0.0,0.0009332212369607398,12697095.0,64999.0,942352146.7250214,49112173.067999996,XLF,IYF,Financials
2014-11-19,3.3906913308752644,5.1688918191075786,29.686468350000002,175.72,-0.002071,-0.001704,0.0,0.0,-0.002071251035625491,-0.0017043517782070218,0.0,-0.0003668992574184691,22066773.0,173645.0,910591550.0399714,48165391.686000004,XLF,IYF,Financials
2014-11-20,3.3906913308752644,5.170029346246506,29.686468350000002,175.92,0.0,0.001138,0.0,0.0,0.0,0.0011381743683132257,0.0,-0.0011381743683132257,16083583.0,76855.0,820432133.7874559,47118891.673999995,XLF,IYF,Financials
2014-11-21,3.3956602851984514,5.17411376308873,29.834346150000002,176.64,0.004981,0.004093,0.0,0.0,0.0049813200498131024,0.004092769440654843,0.0,0.0008885506091582595,20398110.0,126651.0,812970341.4440992,46066623.36,XLF,IYF,Financials
2014-11-24,3.402247381885599,5.18122159467179,30.031516550000003,177.9,0.006609,0.007133,0.0,0.0,0.006608839322594117,0.007133152173913043,0.0,-0.0005243128513189258,18715240.0,2258376.0,809436466.5185586,64332276.260000005,XLF,IYF,Financials
2014-11-25,3.401426363777083,5.180884269655941,30.006870250000002,177.84,-0.000821,-0.000337,0.0,0.0,-0.0008206811653673764,-0.0003372681281618887,0.0,-0.00048341303720548774,23447796.0,659320.0,792417785.1943357,65934984.776,XLF,IYF,Financials
2014-11-26,3.40265763830161,5.182682022949112,30.0438397,178.16,0.001232,0.001799,0.0,0.0,0.0012320328542094628,0.001799370220422852,0.0,-0.0005673373662133893,8748446.0,53711.0,740286812.0441701,64862196.702999994,XLF,IYF,Financials
2014-11-28,3.4034776465476404,5.182906515036709,30.068486,178.2,0.00082,0.000224,524695080.7,115830000.0,0.023560486098111025,0.04553085430783745,408865080.7,-0.021970368209726428,7815983.0,43180.0,702583697.9945616,63808766.99299999,XLF,IYF,Financials
2014-12-01,3.3962796720253143,5.175019150203543,29.852830875000002,176.8,-0.007172,-0.007856,0.0,0.0,-0.007172131147540958,-0.007856341189674524,0.0,0.0006842100421335659,27338972.0,916006.0,687450378.4003292,70683746.101,XLF,IYF,Financials
2014-12-02,3.4057292082398045,5.184028220145909,30.136263324999998,178.4,0.009494,0.00905,0.0,0.0,0.00949432404540749,0.00904977375565611,0.0,0.00044455028975138103,21744558.0,331658.0,647281222.4633951,65334450.735,XLF,IYF,Financials
2014-12-03,3.410217179869096,5.189060380611087,30.271817975,179.3,0.004498,0.005045,0.0,0.0,0.004498057656920961,0.005044843049327354,0.0,-0.0005467853924063931,14471534.0,333437.0,625206524.4092574,66406986.96,XLF,IYF,Financials
2014-12-04,3.4116409571868016,5.190286622334331,30.314949000000002,179.52,0.001425,0.001227,0.0,0.0,0.0014247913698351583,0.001226993865030675,0.0,0.00019779750480448336,16998657.0,136135.0,614406288.9663279,64811446.21400001,XLF,IYF,Financials
2014-12-05,3.4205442940249453,5.198718001325282,30.5860583,181.04,0.008943,0.008467,0.0,0.0,0.008943089430894318,0.008467023172905526,0.0,0.00047606625798879247,30227362.0,518623.0,620526826.3573835,68317499.75,XLF,IYF,Financials
2014-12-08,3.4253674545003747,5.201586177588265,30.7339361,181.56,0.004835,0.002872,0.0,0.0,0.004834810636583492,0.0028722934158197082,0.0,0.0019625172207637836,42986138.0,10037369.0,643720217.0319146,158058946.364,XLF,IYF,Financials
2014-12-09,3.422958782119463,5.200263426072649,30.6599972,181.32,-0.002406,-0.001322,0.0,0.0,-0.002405773857257621,-0.0013218770654329147,0.0,-0.0010838967918247065,45099077.0,374619.0,666999791.7318052,159599352.29000002,XLF,IYF,Financials
2014-12-10,3.410013617527426,5.187385805840755,30.2656564,179.0,-0.012862,-0.012795,0.0,0.0,-0.012861736334405072,-0.012795058460180895,0.0,-6.667787422417679e-05,51753496.0,237972.0,687540578.9635739,160664360.164,XLF,IYF,Financials
2014-12-11,3.412453635004792,5.1908435082428035,30.339595300000003,179.62,0.002443,0.003464,0.0,0.0,0.002442996742671056,0.003463687150837989,0.0,-0.0010206904081669329,58342405.0,189458.0,748183898.3650252,161207712.65800002,XLF,IYF,Financials
2014-12-12,3.39276472991787,5.171619713502079,29.748084100000003,176.2,-0.019496,-0.01904,0.0,0.0,-0.019496344435418245,-0.019040195969268457,0.0,-0.0004561484661497889,39253174.0,227443.0,762909390.3822634,153271149.23400003,XLF,IYF,Financials
2014-12-15,3.3836094433309154,5.161351511474879,29.476974800000004,174.4,-0.009113,-0.010216,0.0,0.0,-0.009113504556752286,-0.01021566401816118,0.0,0.0011021594614088939,37315843.0,399826.0,800958408.6145071,155624774.894,XLF,IYF,Financials
2014-12-16,3.3739475324191783,5.15421602257378,29.19354235,173.16,-0.009615,-0.00711,0.0,0.0,-0.009615384615384632,-0.0071100917431192664,0.0,-0.002505292872265365,36959731.0,383258.0,830932777.1990343,157823493.638,XLF,IYF,Financials
2014-12-17,3.3964447770737762,5.175019150203543,29.857760135,176.8,0.022752,0.021021,0.0,0.0,0.02275221612494703,0.021021021021021023,0.0,0.001731195103926008,43763882.0,120660.0,877381639.2713721,158318071.83900002,XLF,IYF,Financials
2014-12-18,3.4193348602955833,5.1965061004013515,30.54908885,180.64,0.023154,0.021719,0.0,0.0,0.02315407156713038,0.02171945701357466,0.0,0.0014346145535557193,37517347.0,207219.0,901933449.7047794,158664028.877,XLF,IYF,Financials
2014-12-19,3.414887713285671,5.198718001325282,30.4135342,181.04,0.00065,0.002214,0.0,0.0,-0.004437273093989437,0.0022143489813994687,0.0,-0.006651622075388906,39892314.0,212813.0,938723523.6283815,159914395.573,XLF,IYF,Financials
2014-12-22,3.421752266791122,5.204446150937966,30.623027750000002,182.08,0.006888,0.005745,0.0,0.0,0.006888168557536437,0.0057445868316394165,0.0,0.0011435817258970207,15820687.0,311676.0,932519176.7523458,161633312.245,XLF,IYF,Financials
2014-12-23,3.4273702590953454,5.209486152841421,30.79555185,183.0,0.005634,0.005053,0.0,0.0,0.005633802816901356,0.005052724077328647,0.0,0.0005810787395727091,18625810.0,149850.0,933096429.6426471,142916185.225,XLF,IYF,Financials
2014-12-24,3.425768336446012,5.204995209316664,30.74625925,182.18,-0.001601,-0.000703,0.0,0.0,-0.0016006402561023136,-0.004480874316939891,0.0,0.0028802340608375778,7939308.0,102087.0,910121882.1333036,137983422.268,XLF,IYF,Financials
2014-12-26,3.425768336446012,5.204775622139673,30.74625925,182.14,0.0,-0.00022,0.0,0.0,0.0,-0.0002195630694917115,0.0,0.0002195630694917115,14743275.0,130624.0,919645064.4381006,138694557.448,XLF,IYF,Financials
2014-12-29,3.429369060480382,5.208173816695071,30.8571676,182.76,0.003607,0.003404,0.0,0.0,0.0036072144288576253,0.0034039749643131655,0.0,0.00020323946454445978,17974385.0,8686820.0,935626256.19011,217689984.808,XLF,IYF,Financials
2014-12-30,3.428170259138012,5.206859756059202,30.820198150000003,182.52,-0.001198,-0.001313,0.0,0.0,-0.001198083067092517,-0.0013131976362442547,0.0,0.0001151145691517376,16489391.0,707403.0,920229285.7191331,216048251.546,XLF,IYF,Financials
2014-12-31,3.416911595781809,5.1951766076285235,30.475149950000002,180.4,-0.011196,-0.011615,2214019643.8675003,2408340000.0,0.0802642816855522,0.8680473372781065,-194320356.1324997,-0.7877830555925542,24264841.0,155758.0,924438032.8298419,214494799.346,XLF,IYF,Financials
2015-01-02,3.416911595781809,5.1966168117216975,30.475149950000002,180.66,0.0,0.001441,0.0,0.0,0.0,0.0014412416851441242,0.0,-0.0014412416851441242,32909437.0,912046.0,952680052.0437444,219744048.15899998,XLF,IYF,Financials
2015-01-05,3.3956602851984514,5.177843213080163,29.834346150000002,177.3,-0.021027,-0.018599,0.0,0.0,-0.02102709260008093,-0.018598472268349386,0.0,-0.0024286203317315444,41243278.0,578683.0,988437692.653204,223652125.194,XLF,IYF,Financials
2015-01-06,3.3802593564456336,5.164557376368513,29.378389600000002,174.96,-0.015283,-0.013198,0.0,0.0,-0.015282940933498598,-0.013197969543147208,0.0,-0.00208497139035139,46672951.0,437168.0,1010769706.7468293,222781895.46199998,XLF,IYF,Financials
2015-01-07,3.3906913308752644,5.175019150203543,29.686468350000002,176.8,0.010487,0.010517,0.0,0.0,0.010486577181208084,0.010516689529035207,0.0,-3.0112347827123548e-05,29477669.0,280680.0,988467440.2129539,134143870.87999997,XLF,IYF,Financials
2015-01-08,3.405524730169365,5.18939495932385,30.13010175,179.36,0.014944,0.01448,0.0,0.0,0.014943960149439644,0.014479638009049774,0.0,0.0004643221403898695,30865928.0,279755.0,965830239.0482334,133256417.86599998,XLF,IYF,Financials
2015-01-09,3.391935886107469,5.176714544788788,29.723437800000003,177.1,-0.013497,-0.0126,0.0,0.0,-0.013496932515337462,-0.01260035682426405,0.0,-0.0008965756910734122,29488694.0,280746.0,931337830.7721064,133612574.29599997,XLF,IYF,Financials
2015-01-12,3.3836094433309154,5.169346985251076,29.476974800000004,175.8,-0.008292,-0.007341,0.0,0.0,-0.008291873963515628,-0.007340485601355167,0.0,-0.0009513883621604614,31158718.0,359750.0,888756820.2099869,135073254.49799997,XLF,IYF,Financials
2015-01-13,3.3802593564456336,5.166156462945698,29.378389600000002,175.24,-0.003344,-0.003185,0.0,0.0,-0.0033444816053513305,-0.0031854379977246873,0.0,-0.00015904360762664322,37193734.0,380782.0,885006084.5493284,136405893.552,XLF,IYF,Financials
2015-01-14,3.3658949353985976,5.153869462182164,28.9594025,173.1,-0.014262,-0.012212,0.0,0.0,-0.014261744966442995,-0.012211823784524081,0.0,-0.0020499211819189136,57965918.0,736989.0,913941093.8939403,139298050.62699997,XLF,IYF,Financials
2015-01-15,3.35347773453483,5.142598791548616,28.602031150000002,171.16,-0.012341,-0.011207,0.0,0.0,-0.012340425531914776,-0.011207394569612941,0.0,-0.0011330309623018356,47147174.0,443603.0,927417067.2534084,139776157.33699998,XLF,IYF,Financials
2015-01-16,3.3654693129193056,5.154677916346426,28.94707935,173.24,0.012064,0.012152,0.0,0.0,0.012063765618267866,0.012152372049544287,0.0,-8.860643127642058e-05,72704969.0,1173673.0,967312318.0259008,148875878.463,XLF,IYF,Financials
2015-01-20,3.361203094844572,5.151324342807377,28.823847850000003,172.66,-0.004257,-0.003348,0.0,0.0,-0.004257130693912162,-0.003347956592011083,0.0,-0.0009091741019010787,31950389.0,5562439.0,956052937.2441524,195024812.342,XLF,IYF,Financials
2015-01-21,3.363765009140773,5.152366311063733,28.89778675,172.84,0.002565,0.001042,0.0,0.0,0.0025651988029072323,0.0010425112938723504,0.0,0.001522687509034882,40009387.0,545200.0,953198761.1125567,197810047.466,XLF,IYF,Financials
2015-01-22,3.388197563996862,5.1762627205407306,29.612529450000004,177.02,0.024734,0.024184,0.0,0.0,0.024733475479744204,0.02418421661652395,0.0,0.0005492588632202526,79078283.0,775633.0,1046060293.4709499,201837676.84499997,XLF,IYF,Financials
2015-01-23,3.377318795620587,5.1670690799380825,29.29212755,175.4,-0.01082,-0.009152,0.0,0.0,-0.01081980857261774,-0.009151508304146424,0.0,-0.0016683002684713157,27676170.0,239324.0,1057915383.6775618,202565420.825,XLF,IYF,Financials
2015-01-26,3.3823544755862027,5.171846702494088,29.440005350000003,176.24,0.005048,0.004789,0.0,0.0,0.005048380311316952,0.004789053591790194,0.0,0.0002593267195267583,22411331.0,1433851.0,1078699667.8029132,214270605.354,XLF,IYF,Financials
2015-01-27,3.371411605447301,5.162153941735165,29.11960345,174.54,-0.010883,-0.009646,0.0,0.0,-0.01088321473419859,-0.00964593735814798,0.0,-0.0012372773760506092,28583913.0,300573.0,1097652250.616176,215704113.15699998,XLF,IYF,Financials
2015-01-28,3.3530467929207486,5.1437666066994385,28.589708,171.36,-0.018197,-0.018219,0.0,0.0,-0.018197206940329988,-0.018219319353729804,0.0,2.2112413399815595e-05,69379342.0,717900.0,1169097076.544186,142474919.19699997,XLF,IYF,Financials
2015-01-29,3.361203094844572,5.152829059799431,28.823847850000003,172.92,0.00819,0.009104,0.0,0.0,0.008189655172413816,0.009103641456582634,0.0,-0.0009139862841688173,40950034.0,299798.0,1202703639.1179612,138611212.927,XLF,IYF,Financials
2015-01-30,3.344823418295759,5.138031236614695,28.355568150000003,170.38,-0.016246,-0.014689,-2468352207.4575005,-996723000.0,-0.11604379099779728,-0.21800704243452335,-1471629207.4575005,0.10196325143672606,52421736.0,558094.0,1240052311.1030314,141960678.553,XLF,IYF,Financials
2015-02-02,3.3607754702924066,5.151324342807377,28.8115247,172.66,0.01608,0.013382,0.0,0.0,0.01607996523250758,0.013381852330085691,0.0,0.0026981129024218897,51165667.0,8568598.0,1263614353.663901,207694873.569,XLF,IYF,Financials
2015-02-03,3.377318795620587,5.167980864820033,29.29212755,175.56,0.016681,0.016796,0.0,0.0,0.016680923866552545,0.016796015290165642,0.0,-0.00011509142361309718,53741466.0,407754.0,1280801135.8930666,206144113.386,XLF,IYF,Financials
2015-02-04,3.3747914143257987,5.1672971041096325,29.218188650000002,175.44,-0.002524,-0.000683,0.0,0.0,-0.0025241901556582796,-0.000683526999316473,0.0,-0.0018406631563418064,30482491.0,483634.0,1256774487.6080775,206562205.17000002,XLF,IYF,Financials
2015-02-05,3.3848628381054087,5.178407069875479,29.51394425,177.4,0.010122,0.011172,0.0,0.0,0.01012231126107133,0.011171910624715002,0.0,-0.0010495993636436725,24584965.0,463007.0,1249300057.5379736,208187866.06,XLF,IYF,Financials
2015-02-06,3.39276472991787,5.180546830813529,29.748084100000003,177.78,0.007933,0.002142,0.0,0.0,0.007933194154488496,0.0021420518602029313,0.0,0.005791142294285565,67617755.0,372508.0,1303375313.0952249,208990246.832,XLF,IYF,Financials
2015-02-09,3.3877813309003217,5.176149732573829,29.6002063,177.0,-0.004971,-0.004387,0.0,0.0,-0.004971002485501351,-0.004387445156935539,0.0,-0.0005835573285658128,30344536.0,546841.0,1304460271.283502,211343783.852,XLF,IYF,Financials
2015-02-10,3.3956602851984514,5.181783550292085,29.834346150000002,178.0,0.00791,0.00565,0.0,0.0,0.007910074937552187,0.005649717514124294,0.0,0.0022603574234278927,32284523.0,388820.0,1306696415.7426686,211642079.352,XLF,IYF,Financials
2015-02-11,3.3956602851984514,5.182457480453501,29.834346150000002,178.12,0.0,0.000674,0.0,0.0,0.0,0.0006741573033707865,0.0,-0.0006741573033707865,29310148.0,233441.0,1295784270.3931165,210384693.014,XLF,IYF,Financials
2015-02-12,3.405524730169365,5.19351225218191,30.13010175,180.1,0.009913,0.011116,0.0,0.0,0.009913258983890838,0.011116101504603638,0.0,-0.0012028425207128001,33009962.0,186337.0,1261581028.5520988,205684017.90399998,XLF,IYF,Financials
2015-02-13,3.4047063995181333,5.19306795582894,30.10545545,180.02,-0.000818,-0.000444,0.0,0.0,-0.000817995910020413,-0.0004441976679622432,0.0,-0.00037379824205816984,18903382.0,165739.0,1222610527.8157418,203379480.169,XLF,IYF,Financials
2015-02-17,3.4079757117885054,5.195952359870009,30.204040650000003,180.54,0.003275,0.002889,0.0,0.0,0.003274662300450283,0.0028885679368959006,0.0,0.00038609436355438237,14516008.0,177340.0,1139302807.2620134,194813972.823,XLF,IYF,Financials
2015-02-18,3.4018369570901807,5.191288793789513,30.0191934,179.7,-0.00612,-0.004653,0.0,0.0,-0.006119951040391728,-0.004652708541043654,0.0,-0.0014672424993480747,29559619.0,161221.0,1137623945.6773636,148242007.621,XLF,IYF,Financials
2015-02-19,3.3977234177643885,5.186715189966734,29.895961900000003,178.88,-0.004105,-0.004563,0.0,0.0,-0.004105090311986844,-0.004563160823594763,0.0,0.0004580705116079189,17506304.0,243024.0,1105983198.8708432,145703995.87700003,XLF,IYF,Financials
2015-02-20,3.4051156485518788,5.195287466228493,30.1177786,180.42,0.00742,0.008609,0.0,0.0,0.007419620774938167,0.008609123434704711,0.0,-0.0011895026597665446,32661353.0,360154.0,1038082169.5827188,142087817.428,XLF,IYF,Financials
2015-02-23,3.40265763830161,5.19295685089021,30.0438397,180.0,-0.002455,-0.002328,0.0,0.0,-0.002454991816693998,-0.0023279015630195037,0.0,-0.00012709025367449445,19184951.0,166286.0,1026366954.1207625,141485519.948,XLF,IYF,Financials
2015-02-24,3.4075676317991657,5.195065736737562,30.191717500000003,180.38,0.004922,0.002111,0.0,0.0,0.004922067268252775,0.002111111111111111,0.0,0.0028109561571416637,27586164.0,299307.0,1035021152.4135647,131549874.76900001,XLF,IYF,Financials
2015-02-25,3.4075676317991657,5.195730777772936,30.191717500000003,180.5,0.0,0.000665,0.0,0.0,0.0,0.0006652622241933695,0.0,-0.0006652622241933695,26530774.0,110402.0,1033454023.516317,129923152.248,XLF,IYF,Financials
2015-02-26,3.4051156485518788,5.192623461988973,30.1177786,179.94,-0.002449,-0.003102,0.0,0.0,-0.0024489795918367883,-0.0031024930747922436,0.0,0.0006535134829554552,27198042.0,141625.0,975234497.4311854,125046385.17300001,XLF,IYF,Financials
2015-02-27,3.401426363777083,5.189171919287238,30.006870250000002,179.32,-0.003682,-0.003446,-186042595.55,-1371798000.0,-0.01169391192998968,-0.34227409136378795,1185755404.45,0.33058017943379825,23507552.0,167542.0,951487023.0957254,123956513.23699999,XLF,IYF,Financials
2015-03-02,3.4087913725188823,5.197723251312334,30.228686950000004,180.86,0.007392,0.008588,0.0,0.0,0.007392197125256797,0.008587999107740352,0.0,-0.0011958019824835553,22045242.0,347374.0,910484553.6690094,122343413.53299999,XLF,IYF,Financials
2015-03-03,3.4059336445075106,5.194622130209272,30.1424249,180.3,-0.002854,-0.003096,0.0,0.0,-0.002853648593558982,-0.0030963175937188986,0.0,0.0002426690001599164,25775322.0,1437958.0,875623045.1238016,61333898.368999995,XLF,IYF,Financials
2015-03-04,3.3997823025765164,5.188279261339099,29.95757765,179.16,-0.006132,-0.006323,0.0,0.0,-0.006132461161079333,-0.00632279534109817,0.0,0.00019033418001883698,38737009.0,146424.0,854936299.0363147,59066299.949,XLF,IYF,Financials
2015-03-05,3.403887398653353,5.192178770486369,30.08080915,179.86,0.004114,0.003907,0.0,0.0,0.0041135335252980776,0.003907122125474436,0.0,0.0002064113998236413,20399715.0,284766.0,841086137.089788,57384763.139,XLF,IYF,Financials
2015-03-06,3.396486049076919,5.182906515036709,29.858992450000002,178.2,-0.007374,-0.009229,0.0,0.0,-0.007374027038099098,-0.00922940064494607,0.0,0.0018553736068469716,60396144.0,731134.0,894974573.1551335,59792294.989,XLF,IYF,Financials
2015-03-09,3.4010156018078654,5.187832633372765,29.994547100000002,179.08,0.00454,0.004938,0.0,0.0,0.004539826661163895,0.0049382716049382715,0.0,-0.00039844494377437676,21662828.0,426413.0,826887975.7737337,60299173.37899999,XLF,IYF,Financials
2015-03-10,3.3794200781756385,5.168664158321166,29.3537433,175.68,-0.021364,-0.018986,0.0,0.0,-0.02136400986031221,-0.018985928076837168,0.0,-0.0023780817834750424,40333639.0,461690.0,841174913.7678883,59515115.489,XLF,IYF,Financials
2015-03-11,3.3856975626947774,5.173887288169859,29.53859055,176.6,0.006297,0.005237,0.0,0.0,0.006297229219143427,0.005236794171220401,0.0,0.001060435047923026,29676415.0,520569.0,836845505.6282504,60651241.759,XLF,IYF,Financials
2015-03-12,3.4071593852125606,5.19484395807176,30.17939435,180.34,0.021694,0.021178,0.0,0.0,0.021693783896537307,0.02117780294450736,0.0,0.0005159809520299471,40957614.0,535138.0,854926849.7983179,63397555.55899999,XLF,IYF,Financials
2015-03-13,3.4001935713464504,5.18705055411945,29.9699008,178.94,-0.006942,-0.007763,0.0,0.0,-0.006941608819926425,-0.007763114117777531,0.0,0.0008215052978511068,33239339.0,330667.0,855006158.7315148,64678068.523,XLF,IYF,Financials
2015-03-16,3.412453635004792,5.198054944609642,30.339595300000003,180.92,0.012336,0.011065,0.0,0.0,0.012335526315789514,0.011065161506650274,0.0,0.0012703648091392395,32231345.0,108206.0,875445710.662482,64165083.260000005,XLF,IYF,Financials
2015-03-17,3.410013617527426,5.196395376822653,30.2656564,180.62,-0.002437,-0.001658,0.0,0.0,-0.0024370430544273358,-0.0016581914658412558,0.0,-0.0007788515885860799,18072488.0,92061.0,880872391.482152,63395637.971,XLF,IYF,Financials
2015-03-18,3.4156977578824157,5.202907181743378,30.4381805,181.8,0.0057,0.006533,0.0,0.0,0.005700325732899174,0.006533052818071088,0.0,-0.0008327270851719148,47859632.0,110841.0,909342601.3765652,62954611.975999996,XLF,IYF,Financials
2015-03-19,3.4063423917030646,5.19484395807176,30.15474805,180.34,-0.009312,-0.008031,0.0,0.0,-0.009311740890688387,-0.00803080308030803,0.0,-0.001280937810380356,34513994.0,156529.0,935212251.1703348,62192427.313,XLF,IYF,Financials
2015-03-20,3.4161025342490032,5.208283243844056,30.45050365,182.78,0.013515,0.01353,0.0,0.0,0.009807928075194114,0.013529998890983698,0.0,-0.0037220708157895844,38546481.0,468868.0,944715869.2680702,63228462.73099999,XLF,IYF,Financials
2015-03-23,3.410420700781572,5.204006687076795,30.27797955,182.0,-0.005666,-0.004267,0.0,0.0,-0.005665722379603385,-0.004267425320056899,0.0,-0.0013982970595464855,21459814.0,147638.0,948384380.1151928,63075394.530999996,XLF,IYF,Financials
2015-03-24,3.402247381885599,5.1967275107864035,30.031516550000003,180.68,-0.00814,-0.007253,0.0,0.0,-0.008140008140008002,-0.007252747252747253,0.0,-0.0008872608872607492,18371844.0,108655.0,934327413.4523602,61357533.96800001,XLF,IYF,Financials
2015-03-25,3.3861146638478528,5.177730403558919,29.550913700000002,177.28,-0.016003,-0.015067,0.0,0.0,-0.016003282724661484,-0.018817799424396722,0.0,0.002814516699735238,32957610.0,188245.0,942973306.2125556,62029759.598000005,XLF,IYF,Financials
2015-03-26,3.385280287495733,5.17581069205524,29.526267400000002,176.94,-0.000834,-0.001918,0.0,0.0,-0.0008340283569642069,-0.001917870036101083,0.0,0.001083841679136876,32687751.0,138766.0,950273439.6836115,61983222.27500001,XLF,IYF,Financials
2015-03-27,3.3840274161687662,5.174906021632802,29.48929795,176.78,-0.001252,-0.000904,0.0,0.0,-0.0012520868113523591,-0.0009042613315248107,0.0,-0.0003478254798275484,24495747.0,117109.0,951122155.6351961,61516167.15400001,XLF,IYF,Financials
2015-03-30,3.398547480439782,5.18772094520601,29.920608200000004,179.06,0.014626,0.012897,0.0,0.0,0.014625992478061229,0.012897386582192557,0.0,0.001728605895868672,35273842.0,220045.0,970572959.9869817,60344926.956999995,XLF,IYF,Financials
2015-03-31,3.391521206441564,5.182345190295616,29.71111465,178.1,-0.007002,-0.005361,-779916759.5625,-151385000.0,-0.0410820255028363,-0.0622935110816268,-628531759.5625,0.021211485578790497,21228419.0,375410.0,963262424.1414278,50724761.637,XLF,IYF,Financials
2015-04-01,3.3906913308752644,5.180884269655941,29.686468350000002,177.84,-0.00083,-0.00146,0.0,0.0,-0.0008295313148070325,-0.00145985401459854,0.0,0.0006303226997915075,26663723.0,147875.0,944816664.8357487,50727999.94500001,XLF,IYF,Financials
2015-04-02,3.3956602851984514,5.186379713307172,29.834346150000002,178.82,0.004981,0.005511,0.0,0.0,0.004981320049813286,0.005510571300044984,0.0,-0.0005292512502316979,21504608.0,120171.0,946213464.0988821,49241548.218,XLF,IYF,Financials
2015-04-06,3.3973111316319766,5.188055972290499,29.883638750000003,179.12,0.001652,0.001678,0.0,0.0,0.0016522098306484632,0.0016776646907504754,0.0,-2.545486010201224e-05,15785862.0,95109.0,879632013.5818939,43578940.482,XLF,IYF,Financials
2015-04-07,3.391935886107469,5.183018742184574,29.723437800000003,178.22,-0.005361,-0.005025,0.0,0.0,-0.005360824742267989,-0.005024564537740062,0.0,-0.00033626020452792726,18153143.0,96596.0,874122368.6853844,40621605.436000004,XLF,IYF,Financials
2015-04-08,3.3956602851984514,5.186826990514674,29.834346150000002,178.9,0.003731,0.003815,0.0,0.0,0.003731343283582067,0.0038155089215576254,0.0,-8.416563797555843e-05,18503671.0,103707.0,842527450.6903267,37493779.591000006,XLF,IYF,Financials
2015-04-09,3.3971049248058,5.186267862739414,29.877477175000003,178.8,0.001446,-0.000559,0.0,0.0,0.0014456836018173836,-0.0005589714924538849,0.0,0.0020046550942712685,20792618.0,123777.0,829759025.5916575,34003721.701,XLF,IYF,Financials
2015-04-10,3.396898675449598,5.186267862739414,29.8713156,178.8,-0.000206,0.0,0.0,0.0,-0.00020622808826563976,0.0,0.0,-0.00020622808826563976,14756250.0,73870.0,789994656.4057286,29838780.154999994,XLF,IYF,Financials
2015-04-13,3.4006046710439155,5.188614101456073,29.982223949999998,179.22,0.003713,0.002349,0.0,0.0,0.0037128712871286906,0.002348993288590604,0.0,0.0013638779985380867,30960631.0,95280.0,786599100.3951156,27734106.586000003,XLF,IYF,Financials
2015-04-14,3.4006046710439155,5.188948829492672,29.982223949999998,179.28,0.0,0.000335,0.0,0.0,0.0,0.00033478406427854036,0.0,-0.00033478406427854036,26400518.0,132727.0,777282114.3849819,27945039.938,XLF,IYF,Financials
2015-04-15,3.404296982931043,5.191622627877074,30.093132300000004,179.76,0.003699,0.002677,0.0,0.0,0.0036991368680642685,0.002677376171352075,0.0,0.0010217606967121936,37174849.0,96975.0,805868711.2394018,27985248.346999995,XLF,IYF,Financials
2015-04-16,3.4057292082398045,5.192845733605802,30.136263324999998,179.98,0.001433,0.001224,0.0,0.0,0.0014332514332512146,0.0012238540275923454,0.0,0.00020939740565886918,22614975.0,324951.0,767107247.4498376,29901937.706,XLF,IYF,Financials
2015-04-17,3.3923503938854247,5.179421211604181,29.73576095,177.58,-0.01329,-0.013335,0.0,0.0,-0.013289715804538908,-0.01333481497944216,0.0,4.509917490325144e-05,39857705.0,253230.0,774329167.1811581,30738944.882999998,XLF,IYF,Financials
2015-04-20,3.396486049076919,5.184252410260064,29.858992450000002,178.44,0.004144,0.004843,0.0,0.0,0.004144218814753433,0.004842887712580245,0.0,-0.0006986688978268124,15515993.0,235572.0,738805775.053963,28555733.615000002,XLF,IYF,Financials
2015-04-21,3.391521206441564,5.180884269655941,29.71111465,177.84,-0.004952,-0.003363,0.0,0.0,-0.004952538175815191,-0.0033624747814391394,0.0,-0.0015900633943760514,21701684.0,94403.0,738556845.6531262,28051659.291,XLF,IYF,Financials
2015-04-22,3.398547480439782,5.18939495932385,29.920608200000004,179.36,0.007051,0.008547,0.0,0.0,0.007051016175860907,0.008547008547008548,0.0,-0.001495992371147641,21536590.0,295412.0,743189522.3638272,29719324.837,XLF,IYF,Financials
2015-04-23,3.4001935713464504,5.189729426131137,29.9699008,179.42,0.001647,0.000335,0.0,0.0,0.0016474464579899135,0.00033452274754683316,0.0,0.0013129237104430804,21360415.0,214846.0,726501623.850256,29978104.623000003,XLF,IYF,Financials
2015-04-24,3.398547480439782,5.187832633372765,29.920608200000004,179.08,-0.001645,-0.001895,0.0,0.0,-0.0016447368421050618,-0.0018949949838368075,0.0,0.00025025814173174564,18709392.0,67474.0,706234079.3983358,29354604.016999997,XLF,IYF,Financials
2015-04-27,3.39483383887042,5.184476550124277,29.80969985,178.48,-0.003707,-0.00335,0.0,0.0,-0.0037067545304779095,-0.0033504578959124413,0.0,-0.0003562966345654682,23953522.0,275327.0,705818325.3673136,30776495.713999998,XLF,IYF,Financials
2015-04-28,3.4006046710439155,5.189283445523902,29.982223949999998,179.34,0.005787,0.004818,0.0,0.0,0.0057875155022736515,0.004818467055132228,0.0,0.0009690484471414238,25790982.0,105253.0,691711134.9684993,29750236.48,XLF,IYF,Financials
2015-04-29,3.4001935713464504,5.188279261339099,29.9699008,179.16,-0.000411,-0.001004,0.0,0.0,-0.00041101520756271564,-0.0010036801605888257,0.0,0.0005926649530261101,40530912.0,153827.0,720910506.0298138,27785192.696,XLF,IYF,Financials
2015-04-30,3.3923503938854247,5.178857926510709,29.73576095,177.48,-0.007813,-0.009377,-835574882.6949999,-159732000.0,-0.04556047927145457,-0.0730599942589226,-675842882.6949999,0.027499514987468027,34799530.0,392616.0,733072442.8457981,29954362.580000002,XLF,IYF,Financials
2015-05-01,3.4010156018078654,5.186826990514674,29.994547100000002,178.9,0.008703,0.008001,0.0,0.0,0.00870285951098231,0.0080009015100293,0.0,0.000701958000953011,18331079.0,255168.0,728485267.5241611,31162391.428999998,XLF,IYF,Financials
2015-05-04,3.410827618386373,5.194400253128264,30.290302699999998,180.26,0.00986,0.007602,0.0,0.0,0.009860312243220825,0.007602012297372834,0.0,0.002258299945847991,22232282.0,89709.0,738569445.2304816,31119142.442,XLF,IYF,Financials
2015-05-05,3.4018369570901807,5.18649155136578,30.0191934,178.84,-0.00895,-0.007878,0.0,0.0,-0.008950366151342573,-0.007877510262953512,0.0,-0.0010728558883890613,30639814.0,147963.0,757579879.4990327,31581460.632,XLF,IYF,Financials
2015-05-06,3.396898675449598,5.181895903530785,29.8713156,178.02,-0.004926,-0.004585,0.0,0.0,-0.004926108374384132,-0.004585104003578618,0.0,-0.00034100437080551455,29753265.0,376527.0,774416091.6633186,34005268.344,XLF,IYF,Financials
2015-05-07,3.403887398653353,5.18939495932385,30.08080915,179.36,0.007013,0.007527,0.0,0.0,0.007013201320132059,0.007527244129873048,0.0,-0.0005140428097409888,31917845.0,270693.0,791360273.3743579,35326276.788,XLF,IYF,Financials
2015-05-08,3.41812396206488,5.203786882701803,30.512119400000003,181.96,0.014338,0.014496,0.0,0.0,0.014338385907414972,0.014495985727029438,0.0,-0.00015759981961446616,33074116.0,484840.0,819778912.1553055,39076953.308000006,XLF,IYF,Financials
2015-05-11,3.41448244478975,5.1994910122411415,30.401211050000004,181.18,-0.003635,-0.004287,0.0,0.0,-0.0036348949919223343,-0.004286656408001759,0.0,0.0006517614160794247,31157348.0,165051.0,820726539.1568546,39718346.237,XLF,IYF,Financials
2015-05-12,3.410827618386373,5.1966168117216975,30.290302699999998,180.66,-0.003648,-0.00287,0.0,0.0,-0.0036481556546414957,-0.0028700739595981894,0.0,-0.0007780816950433062,39610598.0,131794.0,841140077.1806551,39719076.611,XLF,IYF,Financials
2015-05-13,3.4112343704765857,5.1967275107864035,30.302625850000002,180.68,0.000407,0.000111,0.0,0.0,0.0004068348250610905,0.00011070519207350825,0.0,0.00029612963298758223,23907659.0,148996.0,821427937.0024983,40193495.175,XLF,IYF,Financials
2015-05-14,3.420141311952194,5.206969327088731,30.57373515,182.54,0.008947,0.010294,0.0,0.0,0.00894672631150876,0.010294443214522914,0.0,-0.0013477169030141536,21482855.0,184627.0,820191950.8698764,38954351.755,XLF,IYF,Financials
2015-05-15,3.4156977578824157,5.202907181743378,30.4381805,181.8,-0.004434,-0.004054,0.0,0.0,-0.004433696090286183,-0.004053905993206968,0.0,-0.00037979009707921497,23147840.0,255881.0,796160898.0803514,39031880.875,XLF,IYF,Financials
2015-05-18,3.4213497713137624,5.20893955539682,30.610704600000002,182.9,0.005668,0.006051,0.0,0.0,0.00566801619433201,0.00605060506050605,0.0,-0.00038258886617404016,16118435.0,450647.0,797666134.8082536,41051274.30600001,XLF,IYF,Financials
2015-05-19,3.426970018945916,5.213957017929963,30.783228700000002,183.82,0.005636,0.00503,0.0,0.0,0.005636070853462185,0.005030071077091307,0.0,0.0006059997763708776,26411949.0,236772.0,806079327.061137,42388014.282000005,XLF,IYF,Financials
2015-05-20,3.424163843522573,5.210687616587062,30.69696665,183.22,-0.002802,-0.003264,0.0,0.0,-0.0028022417934348482,-0.003264062670003264,0.0,0.0004618208765684159,30341356.0,282310.0,820429313.155824,42325001.376,XLF,IYF,Financials
2015-05-21,3.421752266791122,5.20751700222154,30.623027750000002,182.64,-0.002409,-0.003166,0.0,0.0,-0.0024086712163788257,-0.0031655932758432484,0.0,0.0007569220594644227,18823828.0,265725.0,817242967.5862437,42824218.61,XLF,IYF,Financials
2015-05-22,3.4221546003310492,5.207188433136935,30.6353509,182.58,0.000402,-0.000329,0.0,0.0,0.00040241448692141836,-0.000328515111695138,0.0,0.0007309295986165563,13185958.0,205135.0,809450970.7157662,44092733.829,XLF,IYF,Financials
2015-05-26,3.410827618386373,5.198276012367811,30.290302699999998,180.96,-0.011263,-0.008873,0.0,0.0,-0.011263073209975919,-0.008872822872165627,0.0,-0.002390250337810292,44542814.0,2801839.0,841209371.6157374,66986754.952999994,XLF,IYF,Financials
2015-05-27,3.421752266791122,5.207188433136935,30.623027750000002,182.58,0.010985,0.008952,0.0,0.0,0.010984540276647848,0.008952254641909815,0.0,0.002032285634738033,25811031.0,301865.0,842066417.633472,68798676.887,XLF,IYF,Financials
2015-05-28,3.4205442940249453,5.206640577976133,30.5860583,182.48,-0.001207,-0.000548,0.0,0.0,-0.0012072434607646057,-0.0005477051155657794,0.0,-0.0006595383451988263,17790870.0,241576.0,808538676.3861816,69624834.045,XLF,IYF,Financials
2015-05-29,3.4116409571868016,5.197833827969714,30.314949000000002,180.88,-0.008864,-0.008768,706338311.7,226100000.0,0.02363953802588599,0.08581511390142933,480238311.70000005,-0.06217557587554334,25606435.0,426567.0,795612039.6784046,69998631.609,XLF,IYF,Financials
2015-06-01,3.412453635004792,5.200484006199273,30.339595300000003,181.36,0.000813,0.002654,0.0,0.0,0.0008130081300812966,0.0026536930561698365,0.0,-0.00184068492608854,18734545.0,1387027.0,796540344.7269205,80293714.685,XLF,IYF,Financials
2015-06-02,3.4140770119846824,5.201476015098481,30.3888879,181.54,0.001625,0.000992,0.0,0.0,0.0016246953696181883,0.000992501102779003,0.0,0.0006321942668391853,21467845.0,412247.0,795488413.9103112,83227133.487,XLF,IYF,Financials
2015-06-03,3.4225567720637975,5.207078886113766,30.647674050000003,182.56,0.008516,0.005619,0.0,0.0,0.008515815085158192,0.005618596452572436,0.0,0.0028972186325857564,33223803.0,491372.0,800410903.0522804,86389291.957,XLF,IYF,Financials
2015-06-04,3.4136714147371836,5.199159795014818,30.37656475,181.12,-0.008846,-0.007888,0.0,0.0,-0.008845999195818379,-0.007887817703768623,0.0,-0.0009581814920497558,30439739.0,269510.0,802205179.7403388,85478507.69,XLF,IYF,Financials
2015-06-05,3.4193348602955833,5.202907181743378,30.54908885,181.8,0.00568,0.003754,0.0,0.0,0.00567951318458415,0.003754416961130742,0.0,0.001925096223453408,42569389.0,279913.0,819222251.8866854,85595342.036,XLF,IYF,Financials
2015-06-08,3.4132656529138035,5.197612662426405,30.364241600000003,180.84,-0.006051,-0.005281,0.0,0.0,-0.006050826946349219,-0.005280528052805281,0.0,-0.0007702988935439385,22966786.0,299495.0,803632635.0085877,83892301.50600001,XLF,IYF,Financials
2015-06-09,3.4156977578824157,5.199380618688013,30.4381805,181.16,0.002435,0.00177,0.0,0.0,0.0024350649350649224,0.0017695200176952002,0.0,0.0006655449173697222,25315188.0,191978.0,794798992.4800446,84136041.221,XLF,IYF,Financials
2015-06-10,3.4297683417793583,5.2140658141004455,30.86949075,183.84,0.01417,0.014794,0.0,0.0,0.014170040485829972,0.014793552660631487,0.0,-0.000623512174801515,43840870.0,632052.0,802475408.8494915,88755368.003,XLF,IYF,Financials
2015-06-11,3.4337524107942325,5.218082973837431,30.99272225,184.58,0.003992,0.004025,0.0,0.0,0.003992015968063852,0.004025239338555265,0.0,-3.322337049141335e-05,48768646.0,228191.0,841825821.567501,89515312.878,XLF,IYF,Financials
2015-06-12,3.429369060480382,5.214392131610276,30.8571676,183.9,-0.004374,-0.003684,0.0,0.0,-0.004373757455268451,-0.003684039440892838,0.0,-0.0006897180143756133,34286416.0,266049.0,861884349.8614743,90276542.80399999,XLF,IYF,Financials
2015-06-15,3.424966411783951,5.209923215785442,30.72161295,183.08,-0.004393,-0.004459,0.0,0.0,-0.004392971246006283,-0.004458945078847199,0.0,6.597383284091644e-05,33045213.0,244917.0,877415555.4380337,90192554.73200001,XLF,IYF,Financials
2015-06-16,3.4305664264186864,5.215261791410711,30.89413705,184.06,0.005616,0.005353,0.0,0.0,0.005615724027276345,0.005352851212584662,0.0,0.00026287281469168297,29429918.0,191549.0,898206318.8211819,87834213.36400001,XLF,IYF,Financials
2015-06-17,3.429369060480382,5.214392131610276,30.8571676,183.9,-0.001197,-0.000869,0.0,0.0,-0.0011966493817312308,-0.000869281755949147,0.0,-0.00032736762578208377,45043204.0,278445.0,927049350.2506444,88218343.687,XLF,IYF,Financials
2015-06-18,3.438512435648587,5.223701573167247,31.14060005,185.62,0.009185,0.009353,0.0,0.0,0.009185303514377035,0.009352909189777053,0.0,-0.0001676056754000184,56975321.0,2499573.0,969192254.787324,108830638.79,XLF,IYF,Financials
2015-06-19,3.417315881212826,5.215587718949041,30.4874731,184.12,-0.016615,-0.008081,0.0,0.0,-0.02097348634744771,-0.008081025751535395,0.0,-0.012892460595912314,38238364.0,289172.0,998659679.1189629,109066155.522,XLF,IYF,Financials
2015-06-22,3.432558855848482,5.221544307742123,30.955752800000003,185.22,0.01536,0.005974,0.0,0.0,0.015359741309620313,0.005974364544862046,0.0,0.009385376764758268,33045060.0,208443.0,1029608592.0358883,109123868.72999999,XLF,IYF,Financials
2015-06-23,3.434547323395709,5.224240163151721,31.017368550000004,185.72,0.00199,0.002699,0.0,0.0,0.0019904458598725173,0.002699492495410863,0.0,-0.0007090466355383455,27248017.0,232366.0,1004405915.3546817,85930580.134,XLF,IYF,Financials
2015-06-24,3.4261690577497115,5.213195113131202,30.7585824,183.68,-0.008343,-0.008052,0.0,0.0,-0.00834326579261029,-0.01098427740684902,0.0,0.0026410116142387297,21560633.0,207185.0,998044044.7625592,85077641.589,XLF,IYF,Financials
2015-06-25,3.420141311952194,5.206092422505519,30.57373515,182.38,-0.00601,-0.007077,0.0,0.0,-0.006009615384615439,-0.007077526132404181,0.0,0.0010679107477887424,35508962.0,345222.0,1025118495.3931439,86021581.583,XLF,IYF,Financials
2015-06-26,3.423360630627985,5.210360087788895,30.672320350000003,183.16,0.003225,0.004277,0.0,0.0,0.003224506247481008,0.0042767847351683295,0.0,-0.0010522784876873213,24969296.0,426106.0,1024598919.1296017,86065988.38299999,XLF,IYF,Financials
2015-06-29,3.3989592572625655,5.18526064425574,29.93293135,178.62,-0.024106,-0.024787,0.0,0.0,-0.02410606669345123,-0.024787071412972265,0.0,0.0006810047195210354,42983257.0,880867.0,1060509737.5071402,81355450.724,XLF,IYF,Financials
2015-06-30,3.40265763830161,5.190063781107782,30.0438397,179.48,0.003705,0.004815,1240810579.61,502544000.0,0.06019651820433674,0.20087609340990958,738266579.6099999,-0.14067957520557284,62862124.0,379806.0,1122321519.5820374,81021863.749,XLF,IYF,Financials
2015-07-01,3.4177200032631836,5.20411657114921,30.499796250000003,182.02,0.015176,0.014152,0.0,0.0,0.015176374077112535,0.01415199465121462,0.0,0.0010243794258979148,42546763.0,358908.0,1136293285.459619,79803041.84099999,XLF,IYF,Financials
2015-07-02,3.4132656529138035,5.200925020539387,30.364241600000003,181.44,-0.004444,-0.003186,0.0,0.0,-0.004444444444444426,-0.0031864630260410942,0.0,-0.001257981418403332,19562536.0,566256.0,1119760628.7949238,82499433.713,XLF,IYF,Financials
2015-07-06,3.4091989535312495,5.198828468047294,30.2410101,181.06,-0.004058,-0.002094,0.0,0.0,-0.004058441558441733,-0.0020943562610229276,0.0,-0.0019640852974188057,26989358.0,275883.0,1095547098.8458889,82452593.342,XLF,IYF,Financials
2015-07-07,3.4112343704765857,5.200594278019421,30.302625850000002,181.38,0.002037,0.001767,0.0,0.0,0.0020374898125511067,0.0017673699326190213,0.0,0.0002701198799320854,51240855.0,250099.0,1138315269.766869,82012707.383,XLF,IYF,Financials
2015-07-08,3.3935928873150987,5.184476550124277,29.7727304,178.48,-0.017487,-0.015989,0.0,0.0,-0.017486783245221755,-0.015988532362994818,0.0,-0.001498250882226937,46132714.0,255688.0,1168462699.5072126,82555530.371,XLF,IYF,Financials
2015-07-09,3.401426363777083,5.190732155868099,30.006870250000002,179.6,0.007864,0.006275,0.0,0.0,0.007864238410596084,0.0062752129090094125,0.0,0.0015890255015866715,25375007.0,257226.0,1138866660.092457,79055597.867,XLF,IYF,Financials
2015-07-10,3.4132656529138035,5.202356975402125,30.364241600000003,181.7,0.01191,0.011693,0.0,0.0,0.01190965092402471,0.011692650334075724,0.0,0.00021700058994898568,29342483.0,234204.0,1107841117.2409232,79077366.468,XLF,IYF,Financials
2015-07-13,3.4253674545003747,5.21275947818639,30.7339361,183.6,0.012175,0.010457,0.0,0.0,0.012175324675324551,0.010456796917996699,0.0,0.0017185277573278524,33461568.0,2286694.0,1106362317.6310472,97622896.833,XLF,IYF,Financials
2015-07-14,3.427770339116685,5.216130695560089,30.807875000000003,184.22,0.002406,0.003377,0.0,0.0,0.0024057738572575535,0.0033769063180827887,0.0,-0.0009711324608252352,22495511.0,264531.0,1090254149.9966881,97817521.65599999,XLF,IYF,Financials
2015-07-15,3.436135255448313,5.221976133291314,31.06666115,185.3,0.0084,0.005863,0.0,0.0,0.008399999999999833,0.005862555639995657,0.0,0.0025374443600041756,50496282.0,218398.0,1123231098.1050172,98078153.67899999,XLF,IYF,Financials
2015-07-16,3.4460031073777446,5.231001659263169,31.3747399,186.98,0.009917,0.009066,0.0,0.0,0.00991669972233244,0.009066378845116027,0.0,0.0008503208772164123,32316333.0,1035091.0,1104431640.4714072,105194917.66299999,XLF,IYF,Financials
2015-07-17,3.4432499099650715,5.228645693298717,31.288477850000003,186.54,-0.002749,-0.002353,0.0,0.0,-0.002749410840534117,-0.002353192854850786,0.0,-0.0003962179856833309,18104610.0,355312.0,1044042640.720733,85310375.674,XLF,IYF,Financials
2015-07-20,3.4444307800097924,5.230680717832225,31.325447300000004,186.92,0.001182,0.002037,0.0,0.0,0.0011815675462781288,0.0020370966012651444,0.0,-0.0008555290549870156,20596334.0,1395063.0,1018012554.7933428,95686517.03999999,XLF,IYF,Financials
2015-07-21,3.4432499099650715,5.229181627713174,31.288477850000003,186.64,-0.00118,-0.001498,0.0,0.0,-0.0011801730920535675,-0.001497967044725016,0.0,0.0003177939526714485,19813295.0,380508.0,997862211.449435,97307027.07299998,XLF,IYF,Financials
2015-07-22,3.4507053103991807,5.235377566774162,31.522617699999998,187.8,0.007483,0.006215,0.0,0.0,0.007483261126427625,0.006215173596228032,0.0,0.0012680875301995928,29617459.0,551235.0,1002285114.037273,100325373.04699999,XLF,IYF,Financials
2015-07-23,3.4420676438175097,5.227036164543073,31.251508400000002,186.24,-0.0086,-0.008307,0.0,0.0,-0.008600469116497228,-0.008306709265175719,0.0,-0.00029375985132150916,29700822.0,283173.0,1015536163.1119353,101059492.983,XLF,IYF,Financials
2015-07-24,3.432558855848482,5.221004263445367,30.955752800000003,185.12,-0.009464,-0.006014,0.0,0.0,-0.009463722397476245,-0.006013745704467354,0.0,-0.003449976693008891,26116669.0,268428.0,1001677140.6061357,100395983.13299999,XLF,IYF,Financials
2015-07-27,3.4253674545003747,5.213195113131202,30.7339361,183.68,-0.007166,-0.007779,0.0,0.0,-0.007165605095541487,-0.007778738115816767,0.0,0.0006131330202752798,28273752.0,1268669.0,1006832012.6785994,108145160.48099999,XLF,IYF,Financials
2015-07-28,3.429369060480382,5.218299658562006,30.8571676,184.62,0.00401,0.005118,0.0,0.0,0.004009623095429043,0.005117595818815331,0.0,-0.001107972723386288,24108226.0,441487.0,979696847.1406128,104353503.80099998,XLF,IYF,Financials
2015-07-29,3.439303574930358,5.225961704355896,31.16524635,186.04,0.009984,0.007691,0.0,0.0,0.009984025559105462,0.007691474379807171,0.0,0.002292551179298291,26881740.0,365961.0,927154670.7785692,104349293.979,XLF,IYF,Financials
2015-07-30,3.439303574930358,5.227572962022279,31.16524635,186.34,0.0,0.001613,0.0,0.0,0.0,0.0016125564394753817,0.0,-0.0016125564394753817,16732723.0,189934.0,888345262.3687828,102852487.34899999,XLF,IYF,Financials
2015-07-31,3.436135255448313,5.224240163151721,31.06666115,185.72,-0.003163,-0.003327,1051606479.9275,27858000.0,0.04037061225707071,0.005390003101011944,1023748479.9275,0.034980609156058766,19608075.0,231596.0,889103054.9895872,99866013.373,XLF,IYF,Financials
2015-08-03,3.4349445428646854,5.224455517949582,31.0296917,185.76,-0.00119,0.000215,0.0,0.0,-0.001190003966679941,0.00021537798836958864,0.0,-0.0014053819550495297,34139428.0,274630.0,901260578.8787788,99919208.014,XLF,IYF,Financials
2015-08-04,3.4333547174105856,5.223486055925033,30.980399100000003,185.58,-0.001589,-0.000969,0.0,0.0,-0.001588562351072248,-0.0009689922480620155,0.0,-0.0006195701030102326,24921699.0,530189.0,862228165.0773274,102570683.91399999,XLF,IYF,Financials
2015-08-05,3.4373245519214968,5.225639141050051,31.1036306,185.98,0.003978,0.002155,0.0,0.0,0.003977724741447812,0.0021554046772281495,0.0,0.0018223200642196627,20123140.0,264807.0,824848457.9038162,102751364.49499999,XLF,IYF,Financials
2015-08-06,3.4337524107942325,5.221652281612552,30.99272225,185.24,-0.003566,-0.003979,0.0,0.0,-0.003565768621236138,-0.003978922464781159,0.0,0.00041315384354502103,19432502.0,326276.0,816890537.6271527,103463443.32699999,XLF,IYF,Financials
2015-08-07,3.435738508765862,5.221976133291314,31.054338,185.3,0.001988,0.000324,0.0,0.0,0.0019880715705765774,0.0003239041243791838,0.0,0.0016641674461973935,24917827.0,250552.0,811032756.5735343,103657064.26699999,XLF,IYF,Financials
2015-08-10,3.445217252720406,5.231536332857686,31.350093600000005,187.08,0.009524,0.009606,0.0,0.0,0.009523809523809637,0.00960604425256341,0.0,-8.223472875377308e-05,24505145.0,175965.0,798024401.4092226,84311189.95699999,XLF,IYF,Financials
2015-08-11,3.436135255448313,5.223378279883543,31.06666115,185.56,-0.009041,-0.008125,0.0,0.0,-0.009040880503144699,-0.008124866367329484,0.0,-0.0009160141358152147,53166667.0,151792.0,845957998.2699606,83282921.092,XLF,IYF,Financials
2015-08-12,3.426970018945916,5.216347803680786,30.783228700000002,184.26,-0.009123,-0.007006,0.0,0.0,-0.009123363744545861,-0.007005820219874973,0.0,-0.0021175435246708887,62964477.0,165891.0,864432948.9318631,82787817.405,XLF,IYF,Financials
2015-08-13,3.4305664264186864,5.2191659282425995,30.89413705,184.78,0.003603,0.002822,0.0,0.0,0.0036028823058446807,0.002822099207641376,0.0,0.0007807830982033046,22378231.0,290383.0,848304928.5845516,75793600.183,XLF,IYF,Financials
2015-08-14,3.437720669969853,5.225639141050051,31.115953750000003,185.98,0.00718,0.006494,0.0,0.0,0.007179896290386926,0.006494209330014071,0.0,0.0006856869603728555,27297572.0,343742.0,862451143.528122,75676062.01699999,XLF,IYF,Financials
2015-08-17,3.439698909981959,5.22853847194012,31.1775695,186.52,0.00198,0.002904,0.0,0.0,0.0019801980198020167,0.0029035380148403054,0.0,-0.0009233399950382888,23372125.0,307829.0,866625977.3411213,65508616.473000005,XLF,IYF,Financials
2015-08-18,3.4389080835271413,5.227250918114176,31.152923200000004,186.28,-0.00079,-0.001287,0.0,0.0,-0.0007905138339920791,-0.0012867252841518336,0.0,0.0004962114501597545,16446489.0,331886.0,861247395.6903028,65048902.021000005,XLF,IYF,Financials
2015-08-19,3.4297683417793583,5.2190576855624045,30.86949075,184.76,-0.009098,-0.00816,0.0,0.0,-0.00909810126582283,-0.008159759501825209,0.0,-0.0009383417639976209,46614198.0,181765.0,886514231.5241652,61551950.44100001,XLF,IYF,Financials
2015-08-20,3.4083836253164947,5.199380618688013,30.2163638,181.16,-0.021158,-0.019485,0.0,0.0,-0.021157684630738634,-0.019484736956051095,0.0,-0.0016729476746875395,55021564.0,550959.0,923232036.846619,63905630.087,XLF,IYF,Financials
2015-08-21,3.3718347067863816,5.169346985251076,29.131926600000003,175.8,-0.035889,-0.029587,0.0,0.0,-0.03588907014681868,-0.029587105321262974,0.0,-0.006301964825555704,103749725.0,924999.0,1033930448.0439571,69551801.729,XLF,IYF,Financials
2015-08-24,3.329054366177527,5.122534386593665,27.91193475,167.76,-0.041878,-0.045734,0.0,0.0,-0.041878172588832696,-0.04573378839590444,0.0,0.0038556158070717425,116695094.0,1383402.0,1153341556.1488504,69504321.609,XLF,IYF,Financials
2015-08-25,3.3148255801005506,5.107156861086878,27.51759395,165.2,-0.014128,-0.01526,0.0,0.0,-0.014128035320088357,-0.015259895088221268,0.0,0.0011318597681329104,68998091.0,552515.0,1211079050.2109742,69992729.012,XLF,IYF,Financials
2015-08-26,3.351752852692769,5.141429611010892,28.552738550000004,170.96,0.037618,0.034867,0.0,0.0,0.037617554858934456,0.03486682808716707,0.0,0.002750726771767388,118648630.0,564931.0,1338577413.325426,71417589.978,XLF,IYF,Financials
2015-08-27,3.3760559034300064,5.1670690799380825,29.2551581,175.4,0.024601,0.025971,0.0,0.0,0.02460077686663765,0.025970987365465607,0.0,-0.0013702104988279583,78164031.0,1872429.0,1426838495.8372755,86069177.23,XLF,IYF,Financials
2015-08-28,3.371411605447301,5.16432872654472,29.11960345,174.92,-0.004634,-0.002737,0.0,0.0,-0.00463352990732939,-0.0027366020524515395,0.0,-0.0018969278548778509,32776858.0,498180.0,1444103080.1106842,88275659.05399999,XLF,IYF,Financials
2015-08-31,3.3629117667681885,5.155947025256309,28.87314045,173.46,-0.008464,-0.008347,-1162143903.1125,60711000.0,-0.05779885399918497,0.0117156777863109,-1222854903.1125,-0.06951453178549587,47802710.0,1586763.0,1460147001.8139977,99486891.113,XLF,IYF,Financials
2015-09-01,3.3299369787679223,5.120027670867453,27.936581050000004,167.34,-0.032437,-0.035282,0.0,0.0,-0.03243704652155347,-0.03528190937391906,0.0,0.0028448628523655914,70101114.0,1653289.0,1519462065.3983088,108400336.44499998,XLF,IYF,Financials
2015-09-02,3.343518786669094,5.13603370349059,28.318598700000003,170.04,0.013674,0.016135,0.0,0.0,0.013674459638288537,0.01613481534600215,0.0,-0.0024603557077136143,42675581.0,510583.0,1548592562.3761218,110278872.818,XLF,IYF,Financials
2015-09-03,3.3491599385347737,5.14049328135447,28.47879965,170.8,0.005657,0.00447,0.0,0.0,0.005657093124455877,0.004469536579628322,0.0,0.0011875565448275548,48963103.0,313379.0,1588199775.549659,109933161.16600001,XLF,IYF,Financials
2015-09-04,3.329054366177527,5.1234876755123775,27.91193475,167.92,-0.019905,-0.016862,0.0,0.0,-0.019904803115534404,-0.01686182669789227,0.0,-0.003042976417642132,44037443.0,203485.0,1610967956.2341247,109320256.94600001,XLF,IYF,Financials
2015-09-08,3.354339061030802,5.14737819098275,28.626677450000003,171.98,0.025607,0.024178,0.0,0.0,0.025607064017660257,0.024178180085755122,0.0,0.0014288839319051352,40394993.0,835395.0,1630374748.5228467,114857841.94099998,XLF,IYF,Financials
2015-09-09,3.3404680107138884,5.133914310256427,28.23233665,169.68,-0.013775,-0.013374,0.0,0.0,-0.013775290572535709,-0.013373648098616119,0.0,-0.00040164247391959,35533482.0,210989.0,1597948868.423188,115239546.44099998,XLF,IYF,Financials
2015-09-10,3.345257917542221,5.138148614395216,28.3678913,170.4,0.004801,0.004243,0.0,0.0,0.004801396769969503,0.004243281471004243,0.0,0.0005581152989652602,35461816.0,284034.0,1551335220.7292736,116131162.33799998,XLF,IYF,Financials
2015-09-11,3.3495925580526613,5.14353315274717,28.491122800000003,171.32,0.004344,0.005399,0.0,0.0,0.004344048653345001,0.00539906103286385,0.0,-0.0010550123795188488,21779014.0,154634.0,1547792842.0735917,114772908.64500001,XLF,IYF,Financials
2015-09-14,3.3474275864341467,5.1397904583197995,28.42950705,170.68,-0.002163,-0.003736,0.0,0.0,-0.0021626297577855085,-0.0037356992762082653,0.0,0.0015730695184227568,25862999.0,314378.0,1542086958.301859,114259353.63899998,XLF,IYF,Financials
2015-09-15,3.36163053661214,5.1545624629028985,28.836171,173.22,0.014304,0.014882,0.0,0.0,0.014304291287386212,0.01488164987110382,0.0,-0.0005773585837176073,33345453.0,362183.0,1553730414.9633727,114525407.348,XLF,IYF,Financials
2015-09-16,3.368020334710911,5.16100741558343,29.02101825,174.34,0.00641,0.006466,0.0,0.0,0.0064102564102563615,0.006465766077820113,0.0,-5.5509667563751267e-05,22752547.0,157017.0,1561127708.6130898,112802938.33299999,XLF,IYF,Financials
2015-09-17,3.3539084905182297,5.150513171779642,28.6143543,172.52,-0.014013,-0.010439,0.0,0.0,-0.014012738853503182,-0.01043937134335207,0.0,-0.0035733675101511115,61105967.0,349081.0,1576605270.3932118,114134965.96900001,XLF,IYF,Financials
2015-09-18,3.3294957698483447,5.132498881853096,27.9242579,169.44,-0.01923,-0.017853,0.0,0.0,-0.024117140396210074,-0.017853002550428935,0.0,-0.006264137845781139,69285845.0,1213246.0,1590215480.8897338,119422999.45899999,XLF,IYF,Financials
2015-09-21,3.3409044060950235,5.1437666066994385,28.244659800000004,171.36,0.011474,0.011331,0.0,0.0,0.011473962930273618,0.011331444759206959,0.0,0.00014251817106665857,38259451.0,475059.0,1493125271.097713,115362563.761,XLF,IYF,Financials
2015-09-22,3.3281709738939305,5.130490255904535,27.88728845,169.1,-0.012653,-0.013189,0.0,0.0,-0.012652705061082127,-0.013188608776844227,0.0,0.0005359037157620997,53075527.0,466805.0,1404272605.1832955,107705424.06000002,XLF,IYF,Financials
2015-09-23,3.3286127675834667,5.133560640933554,27.8996116,169.62,0.000442,0.003075,0.0,0.0,0.00044189129474146656,0.003075103489059728,0.0,-0.0026332121943182614,28343744.0,304098.0,1348878505.0546296,105720705.29800001,XLF,IYF,Financials
2015-09-24,3.321520539273975,5.126579603293727,27.702441200000003,168.44,-0.007067,-0.006957,0.0,0.0,-0.007067137809187203,-0.006956726801084777,0.0,-0.00011041100810242534,41649908.0,230657.0,1237181545.8371155,102834268.364,XLF,IYF,Financials
2015-09-25,3.336093550544781,5.13367854460639,28.10910515,169.64,0.01468,0.01126,0.0,0.0,0.0146797153024911,0.007124198527665477,0.0,0.007555516774825622,45017222.0,411725.0,1186116182.9431453,89905317.484,XLF,IYF,Financials
2015-09-28,3.312583929307568,5.109696007605554,27.455978200000004,165.62,-0.023235,-0.023697,0.0,0.0,-0.023235423060061367,-0.02369724121669402,0.0,0.000461818156632654,47459728.0,852911.0,1203546390.4455936,92611191.19500001,XLF,IYF,Financials
2015-09-29,3.3143776517615944,5.113432527350917,27.5052708,166.24,0.001795,0.003744,0.0,0.0,0.0017953321364453131,0.0037435092380147324,0.0,-0.0019481771015694193,39207385.0,357966.0,1188456159.5488057,81824609.088,XLF,IYF,Financials
2015-09-30,3.3294957698483447,5.125272646534291,27.9242579,168.22,0.015233,0.011911,-318336540.06,-50466000.0,0.00017673555150866317,-0.0052891208860121,-267870540.06,0.005465856437520763,39875522.0,305636.0,1146211604.9122474,70562244.421,XLF,IYF,Financials
2015-10-01,3.3299369787679223,5.127766265352998,27.936581050000004,168.64,0.000441,0.002497,0.0,0.0,0.00044130626654914515,0.0024967304720009513,0.0,-0.0020554242054518063,39409430.0,328171.0,1140834209.047295,68988405.627,XLF,IYF,Financials
2015-10-02,3.331259438735841,5.129069969241354,27.9735505,168.86,0.001323,0.001305,0.0,0.0,0.0013233348037052766,0.0013045540796963948,0.0,1.8780724008881852e-05,61207244.0,342965.0,1156722885.5683205,69207802.462,XLF,IYF,Financials
2015-10-05,3.35218435216009,5.149237143533884,28.5650617,172.3,0.021145,0.020372,0.0,0.0,0.021145374449339137,0.020371905720715386,0.0,0.000773468728623751,38972776.0,2292169.0,1150927361.3426921,87246378.337,XLF,IYF,Financials
2015-10-06,3.3474275864341467,5.14586524335636,28.42950705,171.72,-0.004746,-0.003366,0.0,0.0,-0.004745470232959407,-0.0033662217063261755,0.0,-0.0013792485266332314,29800939.0,345538.0,1135469939.852248,83029606.00000001,XLF,IYF,Financials
2015-10-07,3.3551996462818496,5.155139596871709,28.65132375,173.32,0.007802,0.009318,0.0,0.0,0.007802340702210482,0.009317493594223155,0.0,-0.0015151528920126726,31354208.0,453024.0,1130227256.7603543,85165481.308,XLF,IYF,Financials
2015-10-08,3.361203094844572,5.16100741558343,28.823847850000003,174.34,0.006021,0.005885,0.0,0.0,0.006021505376344338,0.005885068082160166,0.0,0.00013643729418417235,30249370.0,364069.0,1123523571.6028419,85919101.101,XLF,IYF,Financials
2015-10-09,3.354769446232195,5.156177599386914,28.6390006,173.5,-0.006413,-0.004818,0.0,0.0,-0.006412997007268293,-0.004818171389239417,0.0,-0.0015948256180288757,47391690.0,234828.0,1160360675.4032464,86631639.157,XLF,IYF,Financials
2015-10-12,3.3556296613390026,5.1585954233728994,28.663646900000003,173.92,0.000861,0.002421,0.0,0.0,0.0008605851979347321,0.002420749279538905,0.0,-0.0015601640816041728,20562280.0,180947.0,1153066556.451961,85522252.41700001,XLF,IYF,Financials
2015-10-13,3.347860955888383,5.1519033480925005,28.4418302,172.76,-0.007739,-0.00667,0.0,0.0,-0.007738607050731041,-0.006669733210671573,0.0,-0.0010688738400594679,34485788.0,271355.0,1154030743.543398,84729349.944,XLF,IYF,Financials
2015-10-14,3.3395946482129597,5.1420143721526355,28.207690350000004,171.06,-0.008232,-0.00984,0.0,0.0,-0.008232235701906213,-0.009840240796480666,0.0,0.0016080050945744533,36363816.0,187987.0,1172302602.5409675,84968485.566,XLF,IYF,Financials
2015-10-15,3.3620577957513036,5.162153941735165,28.84849415,174.54,0.022717,0.020344,0.0,0.0,0.0227173438182611,0.020343739038933707,0.0,0.002373604779327392,45209158.0,178154.0,1150088019.5663333,83512062.818,XLF,IYF,Financials
2015-10-16,3.368020334710911,5.167525076298014,29.02101825,175.48,0.00598,0.005386,0.0,0.0,0.005980350277659196,0.00538558496619686,0.0,0.0005947653114623357,29685046.0,150280.0,1096424742.4222665,74551999.426,XLF,IYF,Financials
2015-10-19,3.3671707169877556,5.1680947794980625,28.996371950000004,175.58,-0.000849,0.00057,0.0,0.0,-0.0008492569002122753,0.0005698655117392296,0.0,-0.001419122411951505,26555900.0,169270.0,1080894721.2341282,71967715.244,XLF,IYF,Financials
2015-10-20,3.373102937774377,5.173207555505193,29.168896050000004,176.48,0.00595,0.005126,0.0,0.0,0.005949851253718732,0.0051258685499487415,0.0,0.0008239827037699902,19448771.0,342254.0,1035253053.6598527,71040928.26500002,XLF,IYF,Financials
2015-10-21,3.3658949353985976,5.16432872654472,28.9594025,174.92,-0.007182,-0.00884,0.0,0.0,-0.007182087029995963,-0.008839528558476882,0.0,0.0016574415284809187,23732929.0,197725.0,1030078653.3861074,70191175.97700001,XLF,IYF,Financials
2015-10-22,3.3819358027728854,5.180546830813529,29.4276822,177.78,0.01617,0.01635,0.0,0.0,0.0161702127659574,0.016350331580150926,0.0,-0.00018011881419352505,49719160.0,536129.0,1045544429.0048845,73014233.40400001,XLF,IYF,Financials
2015-10-23,3.39276472991787,5.189283445523902,29.748084100000003,179.34,0.010888,0.008775,0.0,0.0,0.010887772194305045,0.008774890313871077,0.0,0.0021128818804339675,37289562.0,281015.0,1037739388.9883482,72041843.45899999,XLF,IYF,Financials
2015-10-26,3.388613623915491,5.18705055411945,29.6248526,178.94,-0.004142,-0.00223,0.0,0.0,-0.004142502071251184,-0.002230400356864057,0.0,-0.001912101714387127,19890927.0,489322.0,1002050015.1436697,69356851.402,XLF,IYF,Financials
2015-10-27,3.3827729731859493,5.180209278067708,29.4523285,177.72,-0.005824,-0.006818,0.0,0.0,-0.005823627287853481,-0.006817927797026936,0.0,0.0009943005091734552,23285260.0,146211.0,982419784.3908222,67680668.956,XLF,IYF,Financials
2015-10-28,3.4059336445075106,5.203127179544288,30.1424249,181.84,0.023431,0.023183,0.0,0.0,0.023430962343096187,0.023182534323655187,0.0,0.00024842801944099935,91030257.0,674339.0,1063938700.6420759,71241054.748,XLF,IYF,Financials
2015-10-29,3.4047063995181333,5.199049364889368,30.10545545,181.1,-0.001226,-0.004069,0.0,0.0,-0.0012264922322158065,-0.004069511658600968,0.0,0.002843019426385161,39382280.0,163266.0,1068171537.6785822,69952290.506,XLF,IYF,Financials
2015-10-30,3.3902761346891044,5.18604412406525,29.674145199999998,178.76,-0.014327,-0.012921,99408386.41999999,-134070000.0,-0.009966384086355104,-0.055590157490965394,233478386.42,0.04562377340461029,51070358.0,203469.0,1058335802.0639902,68875242.933,XLF,IYF,Financials
2015-11-02,3.403887398653353,5.1994910122411415,30.08080915,181.18,0.013704,0.013538,0.0,0.0,0.013704318936877046,0.013537704184381293,0.0,0.0001666147524957539,59733138.0,243675.0,1092513870.716407,51335658.823,XLF,IYF,Financials
2015-11-03,3.405524730169365,5.200153117760806,30.13010175,181.3,0.001639,0.000662,0.0,0.0,0.0016386726751331942,0.0006623247599072745,0.0,0.0009763479152259197,34507885.0,269703.0,1102138874.757916,50813727.25,XLF,IYF,Financials
2015-11-04,3.40265763830161,5.197723251312334,30.0438397,180.86,-0.002863,-0.002427,0.0,0.0,-0.0028629856850716237,-0.0024269167126309984,0.0,-0.0004360689724406254,32575609.0,225111.0,1106156715.2875676,48923500.039,XLF,IYF,Financials
2015-11-05,3.4067509718926097,5.202907181743378,30.167071200000002,181.8,0.004102,0.005197,0.0,0.0,0.004101722723544103,0.00519739024659958,0.0,-0.0010956675230554772,36748012.0,191484.0,1117990548.0887725,47490500.126,XLF,IYF,Financials
2015-11-06,3.416911595781809,5.209923215785442,30.475149950000002,183.08,0.010212,0.007041,0.0,0.0,0.01021241830065346,0.0070407040704070405,0.0,0.003171714230246419,69501345.0,739012.0,1156031211.7016063,52218283.074,XLF,IYF,Financials
2015-11-09,3.4059336445075106,5.199380618688013,30.1424249,181.16,-0.010918,-0.010487,0.0,0.0,-0.010917913465426584,-0.010487218702206686,0.0,-0.00043069476321989757,48066100.0,1716390.0,1199003155.506954,66191828.581999995,XLF,IYF,Financials
2015-11-10,3.410420700781572,5.203786882701803,30.27797955,181.96,0.004497,0.004416,0.0,0.0,0.004497138184791431,0.00441598586884522,0.0,8.115231594621117e-05,33403153.0,147042.0,1200530208.3484702,65185652.208000004,XLF,IYF,Financials
2015-11-11,3.4071593852125606,5.2021368080740675,30.17939435,181.66,-0.003256,-0.001649,0.0,0.0,-0.003256003256003194,-0.0016487140030775995,0.0,-0.0016072892529255943,22401596.0,191089.0,1183046575.2525206,65313460.784,XLF,IYF,Financials
2015-11-12,3.391935886107469,5.185372607531902,29.723437800000003,178.64,-0.015108,-0.016625,0.0,0.0,-0.015108207431604759,-0.016624463283056258,0.0,0.001516255851451499,54100304.0,417531.0,1198238119.793304,67488097.718,XLF,IYF,Financials
2015-11-13,3.3836094433309154,5.177053279054998,29.476974800000004,177.16,-0.008292,-0.008285,0.0,0.0,-0.00829187396351568,-0.008284818629646216,0.0,-7.055333869463928e-06,43767506.0,607276.0,1219670290.278442,71548791.80600001,XLF,IYF,Financials
2015-11-16,3.3956602851984514,5.189283445523902,29.834346150000002,179.34,0.012124,0.012305,0.0,0.0,0.012123745819397909,0.012305260781214722,0.0,-0.00018151496181681263,43509776.0,199897.0,1246073338.48974,71855246.875,XLF,IYF,Financials
2015-11-17,3.3935928873150987,5.1881676230470495,29.7727304,179.14,-0.002065,-0.001115,0.0,0.0,-0.002065262288310555,-0.0011152001784320285,0.0,-0.0009500621098785266,37378717.0,169689.0,1273351702.7067218,70355101.95199999,XLF,IYF,Financials
2015-11-18,3.4112343704765857,5.2045559867335625,30.302625850000002,182.1,0.017798,0.016523,0.0,0.0,0.017798013245033127,0.016523389527743664,0.0,0.001274623717289463,67890203.0,425304.0,1341849701.5554528,72498192.02199998,XLF,IYF,Financials
2015-11-19,3.4128597263809306,5.205543966395682,30.35191845,182.28,0.001627,0.000988,0.0,0.0,0.0016266775111832938,0.0009884678747940692,0.0,0.0006382096363892246,28930225.0,244905.0,1312598111.065913,69964605.511,XLF,IYF,Financials
2015-11-20,3.41448244478975,5.208173816695071,30.401211050000004,182.76,0.001624,0.002633,0.0,0.0,0.0016240357287862501,0.0026333113890717576,0.0,-0.0010092756602855075,35897068.0,288775.0,1311699176.761715,70083569.956,XLF,IYF,Financials
2015-11-23,3.410420700781572,5.205653681684617,30.27797955,182.3,-0.004054,-0.002517,0.0,0.0,-0.004053506282934949,-0.0025169621361348215,0.0,-0.0015365441468001275,25856073.0,188626.0,1321379370.2159622,67424932.012,XLF,IYF,Financials
2015-11-24,3.4075676317991657,5.203127179544288,30.191717500000003,181.84,-0.002849,-0.002523,0.0,0.0,-0.0028490028490027325,-0.002523313219967087,0.0,-0.0003256896290356453,29177017.0,262761.0,1331134326.6174016,68514724.078,XLF,IYF,Financials
2015-11-25,3.4083836253164947,5.203567030002226,30.2163638,181.92,0.000816,0.00044,0.0,0.0,0.0008163265306121877,0.0004399472063352398,0.0,0.0003763793242769479,19680009.0,230612.0,1223673607.9314554,64481280.642,XLF,IYF,Financials
2015-11-27,3.410827618386373,5.207078886113766,30.290302699999998,182.56,0.002447,0.003518,0.0,0.0,0.002446982055464755,0.003518029903254178,0.0,-0.0010710478477894228,18839345.0,134711.0,1192925007.2644706,64232549.02,XLF,IYF,Financials
2015-11-30,3.410013617527426,5.2045559867335625,30.2656564,182.1,-0.000814,-0.00252,608339693.64,291360000.0,0.02558977116659626,0.09362295809002882,316979693.64,-0.06803318692343256,24663779.0,320404.0,1154474819.3660483,65331221.51799999,XLF,IYF,Financials
2015-12-01,3.4209471137685594,5.215044447354215,30.598381449999998,184.02,0.010994,0.010544,0.0,0.0,0.010993485342019403,0.010543657331136738,0.0,0.00044982801088266564,31087166.0,469396.0,1112194611.3339913,67442682.289,XLF,IYF,Financials
2015-12-02,3.4091989535312495,5.203127179544288,30.2410101,181.84,-0.011679,-0.011847,0.0,0.0,-0.01167942005638326,-0.011846538419736985,0.0,0.00016711836335372467,35618658.0,423863.0,1114065516.8389485,68851586.99,XLF,IYF,Financials
2015-12-03,3.39276472991787,5.188279261339099,29.748084100000003,179.16,-0.0163,-0.014738,0.0,0.0,-0.01629991850040745,-0.014738231412230532,0.0,-0.0015616870881769197,48179183.0,743631.0,1136792617.4803193,73477354.715,XLF,IYF,Financials
2015-12-04,3.418931390449481,5.210905909537067,30.536765700000004,183.26,0.026512,0.022885,0.0,0.0,0.026512013256006616,0.022884572449207413,0.0,0.003627440806799203,42686845.0,267251.0,1146539531.9690576,74185586.06799999,XLF,IYF,Financials
2015-12-07,3.409606368489014,5.202246897797303,30.25333325,181.68,-0.009282,-0.008622,0.0,0.0,-0.009281678773204238,-0.008621630470369967,0.0,-0.0006600483028342714,25492411.0,414505.0,1079197856.7054214,71186033.64,XLF,IYF,Financials
2015-12-08,3.396898675449598,5.190954848219537,29.8713156,179.64,-0.012627,-0.011229,0.0,0.0,-0.012627291242362688,-0.011228533685601201,0.0,-0.0013987575567614863,28999033.0,468869.0,1050068379.5730177,59850354.378000006,XLF,IYF,Financials
2015-12-09,3.385280287495733,5.18043432589132,29.526267400000002,177.76,-0.011551,-0.010465,0.0,0.0,-0.011551155115511406,-0.010465375194833969,0.0,-0.0010857799206774373,54122513.0,568724.0,1079401169.9609406,63567385.174,XLF,IYF,Financials
2015-12-10,3.3861146638478528,5.180884269655941,29.550913700000002,177.84,0.000835,0.00045,0.0,0.0,0.0008347245409014919,0.00045004500450045,0.0,0.0003846795364010419,47247225.0,286041.0,1115407773.4002454,64375200.35899999,XLF,IYF,Financials
2015-12-11,3.363765009140773,5.159974416926292,28.89778675,174.16,-0.022102,-0.020693,0.0,0.0,-0.022101751459549675,-0.0206927575348628,0.0,-0.0014089939246868764,72739253.0,743180.0,1140105593.432406,67117424.90699999,XLF,IYF,Financials
2015-12-14,3.3658949353985976,5.161236825999669,28.9594025,174.38,0.002132,0.001263,0.0,0.0,0.0021321961620468814,0.0012632062471290768,0.0,0.0008689899149178046,58447516.0,337718.0,1160229166.909823,64682737.341,XLF,IYF,Financials
2015-12-15,3.3890295108002544,5.182569758003724,29.63717575,178.14,0.023404,0.021562,0.0,0.0,0.023404255319148977,0.021562105746071647,0.0,0.00184214957307733,75818814.0,873327.0,1207677656.7889028,70668984.53099999,XLF,IYF,Financials
2015-12-16,3.4051156485518788,5.198276012367811,30.1177786,180.96,0.016216,0.01583,0.0,0.0,0.016216216216216175,0.01583024587403181,0.0,0.000385970342184367,83026250.0,419606.0,1277062644.3663704,72945675.246,XLF,IYF,Financials
2015-12-17,3.3906913308752644,5.183579689077614,29.686468350000002,178.32,-0.014321,-0.014589,0.0,0.0,-0.014320785597381322,-0.014588859416445624,0.0,0.0002680738190643014,57606261.0,1657721.0,1259706395.5438101,83853522.762,XLF,IYF,Financials
2015-12-18,3.3573478748201393,5.160777952525975,28.7129395,174.3,-0.026574,-0.022544,0.0,0.0,-0.03279369032793682,-0.022543741588156124,0.0,-0.010249948739780693,92281728.0,426479.0,1348285987.6977754,85338223.07699999,XLF,IYF,Financials
2015-12-21,3.3671707169877556,5.169233213136499,28.996371950000004,175.78,0.009871,0.008491,0.0,0.0,0.009871244635193177,0.008491107286288008,0.0,0.0013801373489051687,41208857.0,390905.0,1353465637.9408832,86135061.17199999,XLF,IYF,Financials
2015-12-22,3.3764770447291346,5.176827468960327,29.26748125,177.12,0.00935,0.007623,0.0,0.0,0.009349766255843484,0.007623165320286722,0.0,0.0017266009355567623,46375104.0,212143.0,1382186279.8033576,86294473.59,XLF,IYF,Financials
2015-12-23,3.388197563996862,5.189060380611087,29.612529450000004,179.3,0.01179,0.012308,0.0,0.0,0.01178947368421071,0.012308039747064138,0.0,-0.0005185660628534271,33003978.0,311790.0,1387007630.5901306,86700647.928,XLF,IYF,Financials
2015-12-24,3.387364924481646,5.183018742184574,29.587883150000003,178.22,-0.000832,-0.000382,0.0,0.0,-0.0008322929671245821,-0.006023424428332404,0.0,0.005191131461207822,11246654.0,69969.0,1373912949.232591,85226494.935,XLF,IYF,Financials
2015-12-28,3.3865315911000873,5.182232887527235,29.56323685,178.08,-0.000833,-0.000786,0.0,0.0,-0.0008329862557267699,-0.0007855459544383347,0.0,-4.744030128843522e-05,13604420.0,247137.0,1365490010.6299481,86197360.77499999,XLF,IYF,Financials
2015-12-29,3.396898675449598,5.191956350556627,29.8713156,179.82,0.010421,0.009771,0.0,0.0,0.01042100875364722,0.00977088948787062,0.0,0.0006501192657765997,30901911.0,289474.0,1374320774.399177,85882743.089,XLF,IYF,Financials
2015-12-30,3.3898607660434648,5.184140321485637,29.66182205,178.42,-0.007013,-0.007786,0.0,0.0,-0.007013201320131925,-0.007785563341118897,0.0,0.0007723620209869721,15710124.0,199477.0,1350059471.3493752,83343364.80999999,XLF,IYF,Financials
2015-12-31,3.379839805359135,5.174792880262539,29.366066449999998,176.76,-0.009971,-0.009304,949992249.6574999,-17676000.0,0.03105072245413188,-0.014747274919901307,967668249.6574999,0.045797997374033186,48054218.0,162198.0,1366760429.482592,80923108.33799998,XLF,IYF,Financials
2016-01-04,3.360347662799251,5.1553703572281036,28.799201550000003,173.36,-0.019303,-0.019235,0.0,0.0,-0.019303399076793855,-0.01923512106811481,0.0,-6.827800867904507e-05,75863092.0,1285134.0,1404338333.9306371,85401203.352,XLF,IYF,Financials
2016-01-05,3.3641913574738136,5.159859573400469,28.910109900000002,174.14,0.003851,0.004499,0.0,0.0,0.0038510911424903837,0.00449930779879988,0.0,-0.000648216656309496,42320533.0,926447.0,1400336987.7216053,91018956.46800001,XLF,IYF,Financials
2016-01-06,3.3487271317762324,5.146214588338078,28.466476500000002,171.78,-0.015345,-0.013552,0.0,0.0,-0.015345268542199534,-0.013552314229929792,0.0,-0.0017929543122697424,62752732.0,1043623.0,1451092925.994597,96217270.99499999,XLF,IYF,Financials
2016-01-07,3.320185128436748,5.11871211724831,27.665471750000002,167.12,-0.028139,-0.027128,0.0,0.0,-0.028138528138528223,-0.02712772150424962,0.0,-0.0010108066342786014,74741639.0,1523341.0,1511169097.7678661,104734927.03299999,XLF,IYF,Financials
2016-01-08,3.3044721227721916,5.103153701740784,27.234161500000003,164.54,-0.01559,-0.015438,0.0,0.0,-0.015590200445434176,-0.01543800861656295,0.0,-0.0001521918288712263,67447779.0,1181306.0,1523111493.513083,109398712.58299999,XLF,IYF,Financials
2016-01-11,3.3058286683114426,5.106672482293198,27.27113095,165.12,0.001357,0.003525,0.0,0.0,0.001357466063348248,0.003524978728576638,0.0,-0.00216751266522839,57665837.0,520605.0,1531932189.6945262,111153350.891,XLF,IYF,Financials
2016-01-12,3.3134811927145575,5.111867299170302,27.4806245,165.98,0.007682,0.005208,0.0,0.0,0.0076818798011749,0.005208333333333333,0.0,0.0024735464678415668,65502476.0,436867.0,1516834465.9559245,108307298.68399999,XLF,IYF,Financials
2016-01-13,3.287128009314219,5.085124146086995,26.7658818,161.6,-0.026009,-0.026389,0.0,0.0,-0.02600896860986555,-0.026388721532714786,0.0,0.0003797529228492351,101969930.0,692202.0,1568669963.5841787,110955727.602,XLF,IYF,Financials
2016-01-14,3.2958376678558596,5.094608727872434,27.00002165,163.14,0.008748,0.00953,0.0,0.0,0.008747697974217514,0.009529702970296866,0.0,-0.000782004996079352,77387527.0,537214.0,1560790433.0224488,107559058.61099999,XLF,IYF,Financials
2016-01-15,3.2732195792680874,5.0722946744829835,26.396187300000005,159.54,-0.022364,-0.022067,0.0,0.0,-0.022364217252396058,-0.02206693637366663,0.0,-0.0002972808787294265,76655419.0,749620.0,1536932662.122235,109742182.26299998,XLF,IYF,Financials
2016-01-19,3.2727526168500756,5.07104028395222,26.38386415,159.34,-0.000467,-0.001254,0.0,0.0,-0.0004668534080300577,-0.0012536041118214867,0.0,0.000786750703791429,68058023.0,740105.0,1541208021.5827968,100858358.362,XLF,IYF,Financials
2016-01-20,3.252940648081026,5.05164927018687,25.86629185,156.28,-0.019617,-0.019204,0.0,0.0,-0.019617001401214446,-0.019204217396761643,0.0,-0.0004127840044528021,87475378.0,384200.0,1521857220.7836776,100143732.677,XLF,IYF,Financials
2016-01-21,3.2486436732192496,5.049984204160167,25.7553835,156.02,-0.004288,-0.001664,0.0,0.0,-0.004287756074321119,-0.0016636805733299207,0.0,-0.002624075500991198,74325560.0,523470.0,1557826018.6059725,100791658.102,XLF,IYF,Financials
2016-01-22,3.266662178721928,5.069029980473338,26.2236632,159.02,0.018182,0.019228,0.0,0.0,0.018181818181818236,0.019228304063581593,0.0,-0.0010464858817633566,48200021.0,635933.0,1553160950.113479,103969222.977,XLF,IYF,Financials
2016-01-25,3.246248462493295,5.047160068778628,25.693767750000003,155.58,-0.020207,-0.021633,0.0,0.0,-0.020206766917293114,-0.021632499056722425,0.0,0.0014257321394293108,64160985.0,1919111.0,1586721258.9489331,116102790.096,XLF,IYF,Financials
2016-01-26,3.262895695926451,5.0656284023902955,26.125078,158.48,0.016787,0.01864,0.0,0.0,0.016786570743405144,0.018639928011312507,0.0,-0.0018533572679073629,51968934.0,498208.0,1637967647.4462514,119427096.529,XLF,IYF,Financials
2016-01-27,3.259114973086545,5.059679394275178,26.026492800000003,157.54,-0.003774,-0.005931,0.0,0.0,-0.003773584905660209,-0.005931347804139324,0.0,0.0021577628984791146,62718353.0,554114.0,1699475051.0520256,121591344.65900001,XLF,IYF,Financials
2016-01-28,3.2595883458764496,5.059171457756321,26.03881595,157.46,0.000473,-0.000508,0.0,0.0,0.0004734848484846696,-0.000507807540941983,0.0,0.0009812923894266527,64911991.0,732030.0,1737832583.5756729,124751956.11499998,XLF,IYF,Financials
2016-01-29,3.287128009314219,5.089569695517559,26.7658818,162.32,0.027922,0.030865,-1458740558.1,-243480000.0,-0.04097702995740161,-0.05456581799604635,-1215260558.1,0.013588788038644745,81656298.0,1328627.0,1823813179.47678,133755558.53,XLF,IYF,Financials
2016-02-01,3.2829757542134517,5.084876590695212,26.65497345,161.56,-0.004144,-0.004682,0.0,0.0,-0.004143646408839755,-0.0046821094135041895,0.0,0.0005384630046644341,68693419.0,1050184.0,1844806074.5089772,140805438.958,XLF,IYF,Financials
2016-02-02,3.254844503963093,5.060060177423779,25.91558445,157.6,-0.027739,-0.024511,0.0,0.0,-0.027739251040221815,-0.024511017578608567,0.0,-0.003228233461613248,69989823.0,1210934.0,1826257609.10312,139208057.366,XLF,IYF,Financials
2016-02-03,3.255795074376875,5.062215214069435,25.94023075,157.94,0.000951,0.002157,0.0,0.0,0.0009510223490250887,0.0021573604060913707,0.0,-0.001206338057066282,123420189.0,1192047.0,1925160455.1937218,140555078.496,XLF,IYF,Financials
2016-02-04,3.264309789963649,5.069658634545717,26.162047450000003,159.12,0.008551,0.007471,0.0,0.0,0.008551068883610596,0.0074711915917437,0.0,0.001079877291866896,78806704.0,647986.0,1938930233.125587,136746777.165,XLF,IYF,Financials
2016-02-05,3.251033160616631,5.053822489322791,25.81699925,156.62,-0.013189,-0.015711,0.0,0.0,-0.013188883655205055,-0.0157114127702363,0.0,0.002522529115031244,66211805.0,917180.0,1921011604.0117345,131200176.34899998,XLF,IYF,Financials
2016-02-08,3.225409326985004,5.0271645960474665,25.163872300000005,152.5,-0.025298,-0.026306,0.0,0.0,-0.0252983293556084,-0.02630570808325884,0.0,0.0010073787276504396,107483960.0,1331074.0,1964403050.8935344,131631011.137,XLF,IYF,Financials
2016-02-09,3.223939098834848,5.025589585878066,25.12690285,152.26,-0.001469,-0.001574,0.0,0.0,-0.001469147894221476,-0.0015737704918032786,0.0,0.00010462259758180258,137225164.0,704245.0,2058174589.5052826,132694313.442,XLF,IYF,Financials
2016-02-10,3.2185296929714666,5.023748933241639,24.9913482,151.98,-0.005395,-0.001839,0.0,0.0,-0.005394801373222225,-0.0018389596742414292,0.0,-0.0035558416989807957,65667678.0,770175.0,2050228332.4856434,134921314.03399998,XLF,IYF,Financials
2016-02-11,3.1874806289675046,4.996806786159722,24.2273129,147.94,-0.030572,-0.026582,0.0,0.0,-0.030571992110453628,-0.026582445058560337,0.0,-0.003989547051893291,126268811.0,1008714.0,2066720277.489328,136789779.332,XLF,IYF,Financials
2016-02-12,3.2288314764992925,5.031613700481447,25.25013435,153.18,0.042218,0.03542,0.0,0.0,0.042217700915564656,0.03541976476950115,0.0,0.006797936146063506,97189788.0,1205799.0,2084949792.4897308,141642939.275,XLF,IYF,Financials
2016-02-16,3.244808577435307,5.049727793902352,25.656798300000002,155.98,0.016105,0.018279,0.0,0.0,0.016105417276720324,0.018279148713931322,0.0,-0.0021737314372109982,79200767.0,713372.0,2085381157.8217468,141226808.763,XLF,IYF,Financials
2016-02-17,3.2581675547305053,5.061708564280257,26.001846500000003,157.86,0.013449,0.012053,0.0,0.0,0.013448607108549632,0.01205282728554943,0.0,0.0013957798230002025,64863007.0,497227.0,2079927373.741389,139255004.93899998,XLF,IYF,Financials
2016-02-18,3.2524641172166353,5.056245805348308,25.853968700000003,157.0,-0.005687,-0.005448,0.0,0.0,-0.0056872037914692895,-0.005447865197010009,0.0,-0.0002393385944592808,64575062.0,450935.0,2050270272.4769638,139792705.889,XLF,IYF,Financials
2016-02-19,3.2524641172166353,5.057773300553659,25.853968700000003,157.24,0.0,0.001529,0.0,0.0,0.0,0.0015286624203821656,0.0,-0.0015286624203821656,74315121.0,276871.0,2050623148.0078864,137885876.221,XLF,IYF,Financials
2016-02-22,3.26807096035901,5.0722946744829835,26.260632649999998,159.54,0.015729,0.014627,0.0,0.0,0.015729265967587957,0.014627321292292038,0.0,0.0011019446752959187,42573679.0,277429.0,2043324679.399941,135042624.071,XLF,IYF,Financials
2016-02-23,3.2500780507063927,5.055990995817053,25.79235295,156.96,-0.017832,-0.016171,0.0,0.0,-0.017832003754105846,-0.016171493042497178,0.0,-0.0016605107116086683,58126171.0,447129.0,2035858342.943082,123622927.99399999,XLF,IYF,Financials
2016-02-24,3.2476862772629222,5.054588381624718,25.7307372,156.74,-0.002389,-0.001402,0.0,0.0,-0.002388915432393701,-0.0014016309887869521,0.0,-0.0009872844436067487,72317654.0,335512.0,2061013047.7264657,122304535.346,XLF,IYF,Financials
2016-02-25,3.2614795993952583,5.069029980473338,26.088108550000005,159.02,0.013889,0.014546,0.0,0.0,0.01388888888888909,0.014546382544340947,0.0,-0.000657493655451858,71254109.0,723575.0,2072340356.0986245,123692924.19299999,XLF,IYF,Financials
2016-02-26,3.2685401135461283,5.073923033332174,26.272955800000002,159.8,0.007085,0.004905,0.0,0.0,0.007085498346716881,0.004905043390768457,0.0,0.002180454955948424,81312974.0,457524.0,2094645395.362199,121585268.76300001,XLF,IYF,Financials
2016-02-29,3.2576935087391674,5.063733625091271,25.989523350000002,158.18,-0.010788,-0.010138,-1029185124.6600001,-403359000.0,-0.06242660795835071,-0.16219483691964354,-625826124.6600001,0.09976822896129282,57551613.0,456832.0,2060152203.8322036,114415216.319,XLF,IYF,Financials
2016-03-01,3.2908044840435275,5.097179895496441,26.864467,163.56,0.033665,0.034012,0.0,0.0,0.03366524419155988,0.03401188519408269,0.0,-0.00034664100252281005,81417470.0,836858.0,2077962987.652392,112775654.69100001,XLF,IYF,Financials
2016-03-02,3.301753498533198,5.105581771405209,27.1602226,164.94,0.011009,0.008437,0.0,0.0,0.011009174311926493,0.008437270726338958,0.0,0.0025719035855875354,73000508.0,635660.0,2086407131.582193,108475782.79099998,XLF,IYF,Financials
2016-03-03,3.308536251192987,5.112590016619249,27.34506985,166.1,0.006806,0.007033,0.0,0.0,0.0068058076225046395,0.007032860434097248,0.0,-0.00022705281159260838,62261334.0,833833.0,2011456748.8479714,105987170.697,XLF,IYF,Financials
2016-03-04,3.312583929307568,5.116195789756748,27.455978200000004,166.7,0.004056,0.003612,0.0,0.0,0.004055881027490037,0.003612281757977122,0.0,0.00044359926951291484,57438887.0,876541.0,1987221553.8418794,108137763.31599998,XLF,IYF,Financials
2016-03-07,3.3121349955177606,5.114875182085379,27.44365505,166.48,-0.000449,-0.00132,0.0,0.0,-0.00044883303411145893,-0.001319736052789442,0.0,0.0008709030186779831,39196822.0,730327.0,1955537250.9417846,107034568.68399999,XLF,IYF,Financials
2016-03-08,3.2958376678558596,5.098157651624202,27.00002165,163.72,-0.016165,-0.016579,0.0,0.0,-0.01616524472384386,-0.016578567996155695,0.0,0.00041332327231183644,76916759.0,1089644.0,1924139326.6672606,105804955.218,XLF,IYF,Financials
2016-03-09,3.2972059690955686,5.0993785039306445,27.0369911,163.92,0.001369,0.001222,0.0,0.0,0.0013692377909630903,0.001221597849987784,0.0,0.00014763994097530633,48670604.0,1135531.0,1817532492.8060765,109750350.109,XLF,IYF,Financials
2016-03-10,3.2962939763282995,5.098646171418969,27.012344800000005,163.8,-0.000912,-0.000732,0.0,0.0,-0.0009115770282587968,-0.0007320644216691069,0.0,-0.00017951260658968988,77348380.0,850773.0,1839944358.0009735,110865621.154,XLF,IYF,Financials
2016-03-11,3.3219652802197084,5.123844924697481,27.71476435,167.98,0.026004,0.025519,0.0,0.0,0.02600364963503645,0.02551892551892552,0.0,0.00048472411611093225,64406350.0,532164.0,1776236998.9652565,107873809.132,XLF,IYF,Financials
2016-03-14,3.318847931892498,5.120147180876558,27.628502300000005,167.36,-0.003112,-0.003691,0.0,0.0,-0.0031124944419740914,-0.003690915585188713,0.0,0.0005784211432146216,44961727.0,504281.0,1715645497.6344292,102858417.99899998,XLF,IYF,Financials
2016-03-15,3.3184018020613197,5.118113565725084,27.61617915,167.02,-0.000446,-0.002032,0.0,0.0,-0.00044603033006259166,-0.0020315487571701723,0.0,0.0015855184271075806,61493976.0,486763.0,1698955025.3213043,101359787.58399999,XLF,IYF,Financials
2016-03-16,3.3161681625353827,5.11907107627101,27.5545634,167.18,-0.002231,0.000958,0.0,0.0,-0.002231146809460032,0.0009579691054963477,0.0,-0.0031891159149563795,58797741.0,1267463.0,1695634431.8522472,108029898.08999999,XLF,IYF,Financials
2016-03-17,3.3281709738939305,5.130845012604288,27.88728845,169.16,0.012075,0.011844,0.0,0.0,0.012075134168157373,0.01184352195238665,0.0,0.0002316122157707233,53500763.0,1396002.0,1686757910.7686234,116297443.256,XLF,IYF,Financials
2016-03-18,3.332580152112936,5.139556074163095,28.010519950000003,170.64,0.009854,0.008749,0.0,0.0,0.004418912947415065,0.008749113265547412,0.0,-0.004330200318132346,52827971.0,696639.0,1664677816.9357638,120064407.402,XLF,IYF,Financials
2016-03-21,3.3308188130402345,5.1375615876686425,27.96122735,170.3,-0.00176,-0.001992,0.0,0.0,-0.0017597888253409724,-0.0019924988279418658,0.0,0.00023271000260089336,38573777.0,409343.0,1662705737.119123,121336911.914,XLF,IYF,Financials
2016-03-22,3.3277289849364586,5.135327738053574,27.874965300000003,169.92,-0.003085,-0.002231,0.0,0.0,-0.0030850594975760956,-0.002231356429829712,0.0,-0.0008537030677463835,35322830.0,381188.0,1636976334.2433102,121066416.77000001,XLF,IYF,Financials
2016-03-23,3.320185128436748,5.122415161556265,27.665471750000002,167.74,-0.007515,-0.008114,0.0,0.0,-0.007515473032714422,-0.012829566854990584,0.0,0.005314093822276162,45420218.0,609889.0,1606765594.641476,123552148.26899998,XLF,IYF,Financials
2016-03-24,3.3139295226929253,5.117634466422591,27.492947649999998,166.94,-0.006236,-0.004769,0.0,0.0,-0.006236080178173863,-0.004769285799451532,0.0,-0.0014667943787223317,39399509.0,338559.0,1567981780.0488343,120624955.41699998,XLF,IYF,Financials
2016-03-28,3.3170622171322632,5.120744516776286,27.5792097,167.46,0.003138,0.003115,0.0,0.0,0.003137606454504779,0.0031148915778123876,0.0,2.2714876692391493e-05,29343054.0,280828.0,1501628083.4306283,119320711.501,XLF,IYF,Financials
2016-03-29,3.318847931892498,5.126223329909518,27.628502300000005,168.38,0.001787,0.005494,0.0,0.0,0.0017873100983022618,0.005493849277439389,0.0,-0.003706539179137127,36099160.0,369244.0,1476709420.1903484,118816292.449,XLF,IYF,Financials
2016-03-30,3.3246295801971715,5.132144711493453,27.78870325,169.38,0.005798,0.005939,0.0,0.0,0.005798394290811579,0.005938947618482005,0.0,-0.00014055332767042624,30573609.0,304044.0,1409827620.7775502,114547416.36099999,XLF,IYF,Financials
2016-03-31,3.322409823458859,5.1310814471721224,27.7270875,169.2,-0.002217,-0.001063,-148339918.125,-93060000.0,-0.009641738008009394,-0.04016700640266847,-55279918.125,0.030525268394659077,32450052.0,307834.0,1355679389.977074,111909403.98100002,XLF,IYF,Financials
2016-04-01,3.331259438735841,5.138500665094152,27.9735505,170.46,0.008889,0.007447,0.0,0.0,0.008888888888888996,0.007446808510638298,0.0,0.0014420803782506982,37167566.0,451125.0,1322537802.841019,108829359.29100001,XLF,IYF,Financials
2016-04-04,3.3264018447283963,5.133442723357803,27.837995850000002,169.6,-0.004846,-0.005045,0.0,0.0,-0.004845814977973531,-0.005045171887832923,0.0,0.00019935690985939218,31311785.0,275314.0,1287268628.4201102,103858052.776,XLF,IYF,Financials
2016-04-05,3.3121349955177606,5.119788607992779,27.44365505,167.3,-0.014166,-0.013561,0.0,0.0,-0.01416555998229322,-0.013561320754716982,0.0,-0.0006042392275762386,50076461.0,505119.0,1302197481.4093368,102004131.26300001,XLF,IYF,Financials
2016-04-06,3.317508944859148,5.126223329909518,27.59153285,168.38,0.005388,0.006455,0.0,0.0,0.0053884149079479774,0.006455469216975493,0.0,-0.0010670543090275158,30974472.0,513485.0,1241091431.5819154,97407335.694,XLF,IYF,Financials
2016-04-07,3.298572400645003,5.107641005371328,27.07396055,165.28,-0.018758,-0.018411,0.0,0.0,-0.0187583742742296,-0.018410737617294216,0.0,-0.00034763665693538295,41685837.0,534899.0,1231726132.5445209,92520928.95400001,XLF,IYF,Financials
2016-04-08,3.3022071161413393,5.112590016619249,27.17254575,166.1,0.003641,0.004961,0.0,0.0,0.0036413290851161116,0.004961277831558568,0.0,-0.001319948746442456,45456367.0,303616.0,1189016337.627264,88074628.964,XLF,IYF,Financials
2016-04-11,3.3062804415289753,5.115475674507194,27.2834541,166.58,0.004082,0.00289,0.0,0.0,0.004081632653061175,0.0028898254063816978,0.0,0.0011918072466794776,36899359.0,429623.0,1150103095.3623788,87183313.49499999,XLF,IYF,Financials
2016-04-12,3.318847931892498,5.127291769495933,27.628502300000005,168.56,0.012647,0.011886,0.0,0.0,0.012646793134598166,0.011886180814023293,0.0,0.000760612320574873,39176215.0,526484.0,1142110843.7824452,87400697.23900001,XLF,IYF,Financials
2016-04-13,3.3413406111182975,5.147843253193202,28.25698295,172.06,0.022748,0.020764,0.0,0.0,0.02274754683318464,0.020764119601328904,0.0,0.0019834272318557354,56579584.0,539591.0,1137137827.9096599,87977840.799,XLF,IYF,Financials
2016-04-14,3.343518786669094,5.150513171779642,28.318598700000003,172.52,0.002181,0.002674,0.0,0.0,0.002180549498473547,0.0026734859932581656,0.0,-0.0004929364947846185,42286759.0,313690.0,1116005611.7238262,80089007.522,XLF,IYF,Financials
2016-04-15,3.340031424808678,5.14842427697342,28.2200135,172.16,-0.003481,-0.002087,0.0,0.0,-0.0034812880765883797,-0.0020867145838163693,0.0,-0.0013945734927720103,43786999.0,232979.0,1103189536.3652463,70287105.838,XLF,IYF,Financials
2016-04-18,3.3474275864341467,5.155024196721561,28.42950705,173.3,0.007424,0.006622,0.0,0.0,0.007423580786026196,0.00662174721189591,0.0,0.0008018335741302859,42594658.0,288908.0,1089749846.0797372,66846769.71,XLF,IYF,Financials
2016-04-19,3.3599196722085107,5.163642463221435,28.7868784,174.8,0.012571,0.008656,0.0,0.0,0.01257043779800594,0.008655510675129832,0.0,0.003914927122876107,46441385.0,386697.0,1102666463.7936063,66740945.84499999,XLF,IYF,Financials
2016-04-20,3.367595616080615,5.171279133377313,29.0086951,176.14,0.007705,0.007666,0.0,0.0,0.007705479452054889,0.007665903890160183,0.0,3.957556189470527e-05,60717437.0,445361.0,1141502011.6255393,67424666.924,XLF,IYF,Financials
2016-04-21,3.358634600281823,5.161351511474879,28.74990895,174.4,-0.008921,-0.009879,0.0,0.0,-0.008920985556499592,-0.009878505734075168,0.0,0.0009575201775755757,51532672.0,301287.0,1152751405.1251578,64936750.521000005,XLF,IYF,Financials
2016-04-22,3.368020334710911,5.169801944312609,29.02101825,175.88,0.00943,0.008486,0.0,0.0,0.009429918559794371,0.008486238532110092,0.0,0.000943680027684279,37959483.0,365431.0,1153672115.651701,65324398.762,XLF,IYF,Financials
2016-04-25,3.3658949353985976,5.1664987919271885,28.9594025,175.3,-0.002123,-0.003298,0.0,0.0,-0.0021231422505309035,-0.003297702979304071,0.0,0.0011745607287731675,31023297.0,204669.0,1158130010.9114819,64766949.70300001,XLF,IYF,Financials
2016-04-26,3.3722576291864264,5.172867515830621,29.14424975,176.42,0.006383,0.006389,0.0,0.0,0.006382978723404241,0.006389047347404449,0.0,-6.068624000207974e-06,33846309.0,336154.0,1157582988.787662,64623498.901,XLF,IYF,Financials
2016-04-27,3.3739475324191783,5.174679726089859,29.19354235,176.74,0.001691,0.001814,0.0,0.0,0.0016913319238900841,0.0018138533046139895,0.0,-0.0001225213807239053,46235737.0,294169.0,1182592188.7081838,64648121.717999995,XLF,IYF,Financials
2016-04-28,3.363338478957296,5.16432872654472,28.8854636,174.92,-0.010553,-0.010298,0.0,0.0,-0.010552975939214712,-0.010297612311870544,0.0,-0.0002553636273441677,60804934.0,310639.0,1225423852.5368764,64760694.772,XLF,IYF,Financials
2016-04-29,3.35777696729615,5.15779013141106,28.72526265,173.78,-0.005546,-0.006517,133572471.3225,8689000.0,0.0009336322633620224,-0.0028376993503908664,124883471.3225,0.003771331613752889,48999339.0,416560.0,1243814357.436292,64535246.237,XLF,IYF,Financials
2016-05-02,3.3667456372789104,5.168777995193051,28.9840488,175.7,0.009009,0.011048,0.0,0.0,0.009009009009009018,0.01104845206583036,0.0,-0.002039443056821343,35389630.0,490696.0,1251518228.5386844,66511347.877,XLF,IYF,Financials
2016-05-03,3.3539084905182297,5.155601064346442,28.6143543,173.4,-0.012755,-0.013091,0.0,0.0,-0.012755102040816443,-0.01309049516220831,0.0,0.00033539312139186685,35858748.0,686205.0,1234107918.4495661,68235424.79200001,XLF,IYF,Financials
2016-05-04,3.3461263500761746,5.150513171779642,28.3925376,172.52,-0.007752,-0.005075,0.0,0.0,-0.007751937984495973,-0.005074971164936563,0.0,-0.00267696681955941,37747077.0,614060.0,1244963025.515226,69209276.137,XLF,IYF,Financials
2016-05-05,3.345692228081078,5.150397236471415,28.380214450000004,172.5,-0.000434,-0.000116,0.0,0.0,-0.0004340277777778316,-0.00011592858798979828,0.0,-0.0003180991897880333,38215354.0,535445.0,1242760987.2837725,69407083.926,XLF,IYF,Financials
2016-05-06,3.350024990491832,5.155024196721561,28.50344595,173.3,0.004342,0.004638,0.0,0.0,0.00434216239687362,0.00463768115942029,0.0,-0.00029551876254666973,31652361.0,351893.0,1226112794.7346272,69934705.891,XLF,IYF,Financials
2016-05-09,3.3474275864341467,5.154793356461994,28.42950705,173.26,-0.002594,-0.000231,0.0,0.0,-0.002594033722438341,-0.0002308136180034622,0.0,-0.002363220104434879,25986442.0,358418.0,1212714783.157002,69461351.058,XLF,IYF,Financials
2016-05-10,3.36163053661214,5.16695504835121,28.836171,175.38,0.014304,0.012236,0.0,0.0,0.014304291287386122,0.012235945977144176,0.0,0.002068345310241946,30502920.0,365089.0,1202575146.7013283,68225609.34699999,XLF,IYF,Financials
2016-05-11,3.3508892947807274,5.155139596871709,28.52809225,173.32,-0.010684,-0.011746,0.0,0.0,-0.01068376068376072,-0.011745923138328201,0.0,0.001062162454567481,25963552.0,408463.0,1159671260.0107074,67123248.332,XLF,IYF,Financials
2016-05-12,3.3513211669532788,5.157329673247059,28.5404154,173.7,0.000432,0.002192,0.0,0.0,0.0004319654427646325,0.0021924763443341797,0.0,-0.0017605109015695472,28639309.0,367657.0,1140665060.8699245,67610459.437,XLF,IYF,Financials
2016-05-13,3.3391576807600813,5.145166187053862,28.1953672,171.6,-0.01209,-0.01209,0.0,0.0,-0.012089810017271168,-0.012089810017271158,0.0,-1.0408340855860843e-17,36993400.0,172262.0,1131033700.5735242,67082984.165,XLF,IYF,Financials
2016-05-16,3.344388730177634,5.1515559851526325,28.343245,172.7,0.005245,0.00641,0.0,0.0,0.005244755244755331,0.00641025641025641,0.0,-0.0011655011655010792,27454297.0,217277.0,1109393637.3870454,66455783.239999995,XLF,IYF,Financials
2016-05-17,3.338720522283174,5.14353315274717,28.183044050000003,171.32,-0.005652,-0.007991,0.0,0.0,-0.00565217391304343,-0.00799073537927041,0.0,0.002338561466226981,36927351.0,228039.0,1094584770.2450569,65029433.534,XLF,IYF,Financials
2016-05-18,3.3560594915626845,5.1591702351378785,28.67597005,174.02,0.01749,0.01576,0.0,0.0,0.01749016178399641,0.015759981321503618,0.0,0.001730180462492792,81431448.0,936215.0,1123274377.5845406,69253145.922,XLF,IYF,Financials
2016-05-19,3.346560283691142,5.150165325524179,28.40486075,172.46,-0.009454,-0.008964,0.0,0.0,-0.00945423291792013,-0.008964486840593035,0.0,-0.0004897460773270954,53780085.0,564149.0,1125577187.464438,71490580.109,XLF,IYF,Financials
2016-05-20,3.35347773453483,5.157099364632499,28.602031150000002,173.66,0.006941,0.006958,0.0,0.0,0.00694143167028211,0.006958135219761104,0.0,-1.670354947899428e-05,29053930.0,541076.0,1112046115.5637558,72975142.803,XLF,IYF,Financials
2016-05-23,3.3526156655159247,5.155947025256309,28.57738485,173.46,-0.000862,-0.001152,0.0,0.0,-0.000861697544162106,-0.0011516756881262238,0.0,0.00028997814396411773,31336892.0,113512.0,1111901629.463098,72165708.594,XLF,IYF,Financials
2016-05-24,3.367595616080615,5.171619713502079,29.0086951,176.2,0.015093,0.015796,0.0,0.0,0.015092712376024164,0.0157961489680618,0.0,-0.0007034365920376359,38494347.0,313386.0,1118413904.0923445,71961424.82000001,XLF,IYF,Financials
2016-05-25,3.3781598385633504,5.179984179586172,29.31677385,177.68,0.01062,0.0084,0.0,0.0,0.010620220900594769,0.008399545970488082,0.0,0.0022206749301066867,41976207.0,241926.0,1112455005.1676857,71511123.951,XLF,IYF,Financials
2016-05-26,3.3722576291864264,5.1756976530001255,29.14424975,176.92,-0.005885,-0.004277,0.0,0.0,-0.0058848255569567106,-0.004277352543899144,0.0,-0.0016074730130575662,29405661.0,155989.0,1067486366.1922071,70174153.951,XLF,IYF,Financials
2016-05-27,3.379000174747256,5.182457480453501,29.34142015,178.12,0.006765,0.006783,0.0,0.0,0.006765327695560182,0.006782726656115758,0.0,-1.7398960555576118e-05,30078244.0,482535.0,1041237341.7985485,70852120.82100001,XLF,IYF,Financials
2016-05-31,3.3764770447291346,5.180209278067708,29.26748125,177.72,-0.00252,-0.002246,-5853496.25,17772000.0,-0.0027976850858432677,0.005117823466579602,-23625496.25,-0.00791550855242287,33212742.0,288713.0,1038553268.8391558,69106860.17899999,XLF,IYF,Financials
2016-06-01,3.3785800949259133,5.183018742184574,29.329097,178.22,0.002105,0.002813,0.0,0.0,0.002105263157894744,0.002813414359666892,0.0,-0.0007081512017721478,31236729.0,956522.0,1033056775.5780207,71681030.371,XLF,IYF,Financials
2016-06-02,3.3806787315828344,5.185036680089071,29.390712750000002,178.58,0.002101,0.00202,0.0,0.0,0.002100840336134461,0.0020199753114128606,0.0,8.086502472160048e-05,22930157.0,480475.0,1013166693.312361,70674310.086,XLF,IYF,Financials
2016-06-03,3.3663203768004624,5.173660761948481,28.971725650000003,176.56,-0.014256,-0.011312,0.0,0.0,-0.014255765199161293,-0.011311457050061598,0.0,-0.0029443081490996958,69929525.0,546075.0,1060237646.8789685,70876847.061,XLF,IYF,Financials
2016-06-06,3.3722576291864264,5.178745231407191,29.14424975,177.46,0.005955,0.005097,0.0,0.0,0.005954912803062363,0.005097417308563661,0.0,0.0008574954944987022,38119809.0,245474.0,1070676240.527214,70005785.018,XLF,IYF,Financials
2016-06-07,3.3701412262800488,5.176375695742794,29.082634000000002,177.04,-0.002114,-0.002367,0.0,0.0,-0.002114164904862404,-0.0023667305308238476,0.0,0.00025256562596144344,21530316.0,143377.0,1065045068.7316605,68169983.088,XLF,IYF,Financials
2016-06-08,3.370988325017701,5.179646436830358,29.107280300000003,177.62,0.000847,0.003276,0.0,0.0,0.0008474576271186469,0.0032760957975598733,0.0,-0.0024286381704412266,24752189.0,148353.0,1057089143.0387733,66286040.64000001,XLF,IYF,Financials
2016-06-09,3.363765009140773,5.172980875236739,28.89778675,176.44,-0.007197,-0.006643,0.0,0.0,-0.00719729043183745,-0.006643396013962391,0.0,-0.0005538944178750584,32145569.0,241329.0,1066501402.6050602,64875304.720000006,XLF,IYF,Financials
2016-06-10,3.3513211669532788,5.16043365918465,28.5404154,174.24,-0.012367,-0.012469,0.0,0.0,-0.012366737739872109,-0.012468827930174564,0.0,0.00010209019030245521,38464405.0,616385.0,1080522018.6643043,67052149.794999994,XLF,IYF,Financials
2016-06-13,3.344388730177634,5.152597712198631,28.343245,172.88,-0.006908,-0.007805,0.0,0.0,-0.006908462867012113,-0.007805325987144169,0.0,0.0008968631201320557,45700963.0,429577.0,1093135573.3677268,69287405.42300001,XLF,IYF,Financials
2016-06-14,3.3294957698483447,5.138969873313903,27.9242579,170.54,-0.014783,-0.013536,0.0,0.0,-0.014782608695652224,-0.013535400277649236,0.0,-0.0012472084180029878,54336538.0,639406.0,1130093755.0842962,72863433.49,XLF,IYF,Financials
2016-06-15,3.3308188130402345,5.14049328135447,27.96122735,170.8,0.001324,0.001525,0.0,0.0,0.0013239187996469594,0.001524569016066612,0.0,-0.00020065021641965252,47144329.0,204562.0,1143968162.1617656,72657010.896,XLF,IYF,Financials
2016-06-16,3.3334596596454436,5.143299644281427,28.03516625,171.28,0.002644,0.00281,0.0,0.0,0.00264433671220803,0.002810304449648712,0.0,-0.0001659677374406818,58073231.0,495526.0,1108616508.2509418,68754688.845,XLF,IYF,Financials
2016-06-17,3.3272868005383627,5.141546590598088,27.86264215,170.98,-0.000831,-0.001752,0.0,0.0,-0.006153846153846175,-0.0017515179822512844,0.0,-0.00440232817159489,37794080.0,238617.0,1084887863.294957,65929968.751,XLF,IYF,Financials
2016-06-20,3.333020002570874,5.147843253193202,28.0228431,172.06,0.00575,0.006317,0.0,0.0,0.005749668288367998,0.006316528248918002,0.0,-0.0005668599605500035,57324821.0,219647.0,1123658015.9813902,63121428.984000005,XLF,IYF,Financials
2016-06-21,3.338720522283174,5.147494476813453,28.183044050000003,172.0,0.005717,0.003757,0.0,0.0,0.005716798592788059,-0.0003487155643380216,0.0,0.0060655141571260805,32744213.0,213216.0,1125023274.715125,63970597.008,XLF,IYF,Financials
2016-06-22,3.337845631588698,5.14586524335636,28.158397750000002,171.72,-0.000875,-0.001628,0.0,0.0,-0.000874508089199828,-0.0016279069767441861,0.0,0.0007533988875443581,43871006.0,201305.0,1130956597.7873268,62938071.077999994,XLF,IYF,Financials
2016-06-23,3.358634600281823,5.166384695287211,28.74990895,175.28,0.021007,0.020731,0.0,0.0,0.0210065645514222,0.020731423247146517,0.0,0.0002751413042756841,59906962.0,447660.0,1155542234.550893,64712092.73399999,XLF,IYF,Financials
2016-06-24,3.3035667356573786,5.113191882421348,27.2095152,166.2,-0.053579,-0.051803,0.0,0.0,-0.05357908272610373,-0.051802829758101326,0.0,-0.0017762529680024064,134780374.0,1374663.0,1296057369.8892355,74755663.57000001,XLF,IYF,Financials
2016-06-27,3.2746191596225103,5.087966637032579,26.43315675,162.06,-0.028533,-0.02491,0.0,0.0,-0.02853260869565208,-0.024909747292418773,0.0,-0.003622861403233306,118427883.0,975541.0,1408451589.9058077,78363015.583,XLF,IYF,Financials
2016-06-28,3.2999369676068,5.113071538236835,27.11093,166.18,0.025641,0.025423,0.0,0.0,0.02564102564102553,0.02542268295692953,0.0,0.00021834268409599844,89132560.0,843905.0,1480672254.4625435,82809518.51,XLF,IYF,Financials
2016-06-29,3.322409823458859,5.134739052571217,27.7270875,169.82,0.022727,0.021904,0.0,0.0,0.022727272727272808,0.02190395956192081,0.0,0.0008233131653519986,81242054.0,852886.0,1547495278.719244,81527805.99399999,XLF,IYF,Financials
2016-06-30,3.338064426032192,5.146796558906795,28.164559325000003,171.88,0.015778,0.012131,-1020965275.5312501,266414000.0,-0.03549948281370989,0.12706105969561393,-1287379275.53125,-0.16256054250932384,59063388.0,686001.0,1596973310.5973485,83133137.313,XLF,IYF,Financials
2016-07-01,3.333020002570874,5.1431828695980455,28.0228431,171.26,-0.005032,-0.003607,0.0,0.0,-0.005031721723911734,-0.0036071677914824296,0.0,-0.0014245539324293042,36633114.0,1888918.0,1547002560.2349284,94487192.047,XLF,IYF,Financials
2016-07-05,3.3179554731094787,5.1298987149230735,27.603856,169.0,-0.014952,-0.013196,0.0,0.0,-0.014951627088830308,-0.0131963097045428,0.0,-0.0017553173842875074,48380956.0,729074.0,1558228945.6673303,98469776.545,XLF,IYF,Financials
2016-07-06,3.3206304635587816,5.132616910770318,27.677794900000002,169.46,0.002679,0.002722,0.0,0.0,0.002678571428571438,0.00272189349112426,0.0,-4.3322062552822015e-05,47571990.0,682804.0,1592755419.7709556,102986001.633,XLF,IYF,Financials
2016-07-07,3.3219652802197084,5.133560640933554,27.71476435,169.62,0.001336,0.000944,0.0,0.0,0.001335707925200361,0.0009441756166646997,0.0,0.0003915323085356613,53396833.0,669965.0,1630726006.7894418,107350451.80499999,XLF,IYF,Financials
2016-07-08,3.3409044060950235,5.151208501509824,28.244659800000004,172.64,0.01912,0.017805,0.0,0.0,0.019119608714984505,0.017804504185827144,0.0,0.0013151045291573613,44945051.0,585485.0,1647752100.6529038,110275353.887,XLF,IYF,Financials
2016-07-11,3.346560283691142,5.157214525570036,28.40486075,173.68,0.005672,0.006024,0.0,0.0,0.005671902268760928,0.006024096385542169,0.0,-0.00035219411678124105,34571467.0,266459.0,1641962481.115123,107219337.723,XLF,IYF,Financials
2016-07-12,3.359063141106894,5.168777995193051,28.762232100000002,175.7,0.012581,0.011631,0.0,0.0,0.012581344902386162,0.011630584983878397,0.0,0.0009507599185077653,44727278.0,539891.0,1641519619.1147373,108249016.57000001,XLF,IYF,Financials
2016-07-13,3.359063141106894,5.169233213136499,28.762232100000002,175.78,0.0,0.000455,0.0,0.0,0.0,0.0004553215708594195,0.0,-0.0004553215708594195,46610159.0,174136.0,1632684854.6582751,104327282.912,XLF,IYF,Financials
2016-07-14,3.36844487303187,5.176488658182903,29.0333414,177.06,0.009426,0.007282,0.0,0.0,0.009425878320479702,0.007281829559676869,0.0,0.002144048760802833,54459375.0,266043.0,1645831070.9269464,104935602.11099999,XLF,IYF,Financials
2016-07-15,3.3667456372789104,5.175245368958042,28.9840488,176.84,-0.001698,-0.001243,0.0,0.0,-0.0016977928692699553,-0.0012425166610188637,0.0,-0.0004552762082510916,50943055.0,288927.0,1638253236.246018,103246609.98099999,XLF,IYF,Financials
2016-07-18,3.3701412262800488,5.178519803092441,29.082634000000002,177.42,0.003401,0.00328,0.0,0.0,0.0034013605442178925,0.0032798009500113095,0.0,0.00012155959420658306,31643545.0,408937.0,1631614971.809471,104834353.375,XLF,IYF,Financials
2016-07-19,3.370564865345906,5.180096735160606,29.09495715,177.7,0.000424,0.001578,0.0,0.0,0.00042372881355913115,0.0015781760793597114,0.0,-0.0011544472658005802,25002071.0,153390.0,1587666457.7988546,104307600.38399999,XLF,IYF,Financials
2016-07-20,3.3722576291864264,5.181671184428716,29.14424975,177.98,0.001694,0.001576,0.0,0.0,0.0016941973739940765,0.0015756893640967923,0.0,0.00011850800989728419,25846995.0,156668.0,1579189441.8091254,103868131.316,XLF,IYF,Financials
2016-07-21,3.3671707169877556,5.177617581310252,28.996371950000004,177.26,-0.005074,-0.004045,0.0,0.0,-0.0050739957716700165,-0.004045398359366221,0.0,-0.0010285974123037953,29670648.0,226439.0,1560439637.2473698,104146655.443,XLF,IYF,Financials
2016-07-22,3.373525324264289,5.184364486472005,29.1812192,178.46,0.006375,0.00677,0.0,0.0,0.006374840628984105,0.006769716800180525,0.0,-0.0003948761711964205,19077829.0,289020.0,1502159367.5942702,102802288.663,XLF,IYF,Financials
2016-07-25,3.371411605447301,5.181671184428716,29.11960345,177.98,-0.002112,-0.00269,0.0,0.0,-0.002111486486486494,-0.002689678359296201,0.0,0.0005781918728097069,30135099.0,91611.0,1362670042.4838605,92194085.42199999,XLF,IYF,Financials
2016-07-26,3.3722576291864264,5.182457480453501,29.14424975,178.12,0.000846,0.000787,0.0,0.0,0.0008463817181548909,0.0007866052365434319,0.0,5.977648161145904e-05,28013143.0,148096.0,1246970004.5321007,85608219.675,XLF,IYF,Financials
2016-07-27,3.3718347067863816,5.182008244147654,29.131926600000003,178.04,-0.000423,-0.000449,0.0,0.0,-0.00042283298097232544,-0.00044913541432741973,0.0,2.6302433355094288e-05,41194145.0,151973.0,1186149915.2125487,79949076.676,XLF,IYF,Financials
2016-07-28,3.3739475324191783,5.185708422165383,29.19354235,178.7,0.002115,0.003707,0.0,0.0,0.0021150592216580217,0.0037070321276117726,0.0,-0.001591972905953751,26808592.0,114886.0,1112651526.5104558,73733728.06,XLF,IYF,Financials
2016-07-29,3.3722576291864264,5.184476550124277,29.14424975,178.48,-0.001689,-0.001231,-1030249228.6625,-490820000.0,-0.053445565177967995,-0.18192943186169117,-539429228.6625,0.12848386668372316,44224672.0,248407.0,1093921556.0413728,70055019.534,XLF,IYF,Financials
2016-08-01,3.369717407668068,5.182008244147654,29.070310850000002,178.04,-0.002537,-0.002465,0.0,0.0,-0.0025369978858350156,-0.002465262214253698,0.0,-7.173567158131776e-05,32014441.0,129465.0,1089126843.3250015,55032712.13000001,XLF,IYF,Financials
2016-08-02,3.361203094844572,5.173320876373351,28.823847850000003,176.5,-0.008478,-0.00865,0.0,0.0,-0.008478168715557512,-0.008649741631094136,0.0,0.000171572915536624,32257914.0,354895.0,1068841656.4514039,52003985.205,XLF,IYF,Financials
2016-08-03,3.371411605447301,5.182345190295616,29.11960345,178.1,0.010261,0.009065,0.0,0.0,0.010260795211628784,0.009065155807365438,0.0,0.001195639404263345,27222962.0,182077.0,1042643360.2498823,47839982.598,XLF,IYF,Financials
2016-08-04,3.3688692311965243,5.180771802692993,29.04566455,177.82,-0.002539,-0.001572,0.0,0.0,-0.0025391451544645844,-0.0015721504772599664,0.0,-0.000966994677204618,25477863.0,199027.0,1005650401.1757599,43927558.489999995,XLF,IYF,Financials
2016-08-05,3.3877813309003217,5.196948872159748,29.6002063,180.72,0.019092,0.016309,0.0,0.0,0.019092066185829353,0.016308626701158475,0.0,0.0027834394846708785,41870305.0,488770.0,1004146000.7085235,43290177.690000005,XLF,IYF,Financials
2016-08-08,3.3890295108002544,5.197833827969714,29.63717575,180.88,0.001249,0.000885,0.0,0.0,0.0012489592006661723,0.0008853474988933156,0.0,0.00036361170177285664,36571752.0,366839.0,1009240287.4810833,44293939.65,XLF,IYF,Financials
2016-08-09,3.3898607660434648,5.199601393608879,29.66182205,181.2,0.000832,0.001769,0.0,0.0,0.0008316008316009383,0.0017691287041132243,0.0,-0.000937527872512286,26190113.0,245224.0,983759793.4929917,41772726.655,XLF,IYF,Financials
2016-08-10,3.3819358027728854,5.192845733605802,29.4276822,179.98,-0.007894,-0.006733,0.0,0.0,-0.007893643539676061,-0.006732891832229581,0.0,-0.0011607517074464805,27250393.0,178699.0,956824978.1756516,41850357.652,XLF,IYF,Financials
2016-08-11,3.3840274161687662,5.193290128680331,29.48929795,180.06,0.002094,0.000445,0.0,0.0,0.002093802345058594,0.00044449383264807203,0.0,0.0016493085124105222,20422059.0,182738.0,907879705.9655443,41140269.187,XLF,IYF,Financials
2016-08-12,3.3810979309182545,5.191511362230227,29.4030359,179.74,-0.002925,-0.001777,0.0,0.0,-0.0029251984956122777,-0.0017771853826502276,0.0,-0.0011480131129620501,23445558.0,173379.0,868521435.5369667,40143733.726,XLF,IYF,Financials
2016-08-15,3.3877813309003217,5.197833827969714,29.6002063,180.88,0.006706,0.006342,0.0,0.0,0.006705783738474492,0.006342494714587738,0.0,0.0003632890238867547,21345203.0,232468.0,854098674.2678592,38618494.191,XLF,IYF,Financials
2016-08-16,3.385280287495733,5.194289296123989,29.526267400000002,180.24,-0.002498,-0.003538,0.0,0.0,-0.002497918401332145,-0.0035382574082264487,0.0,0.0010403390068943036,22451168.0,171185.0,850871924.5380623,38798343.261,XLF,IYF,Financials
2016-08-17,3.388613623915491,5.1967275107864035,29.6248526,180.68,0.003339,0.002441,0.0,0.0,0.0033388981636060387,0.0024411895250776743,0.0,0.0008977086385283644,20858308.0,187839.0,844103575.6589825,39101092.255,XLF,IYF,Financials
2016-08-18,3.3877813309003217,5.196284640982885,29.6002063,180.6,-0.000832,-0.000443,0.0,0.0,-0.0008319467554077606,-0.00044277175116227583,0.0,-0.0003891750042454848,21604389.0,156076.0,833061236.9579787,38503529.678,XLF,IYF,Financials
2016-08-19,3.387364924481646,5.195065736737562,29.587883150000003,180.38,-0.000416,-0.001218,0.0,0.0,-0.00041631973355512496,-0.0012181616832779624,0.0,0.0008018419497228375,25597171.0,234978.0,843093826.6884513,38043870.8,XLF,IYF,Financials
2016-08-22,3.387364924481646,5.1965061004013515,29.587883150000003,180.64,0.0,0.001441,0.0,0.0,0.0,0.0014414014857523007,0.0,-0.0014414014857523007,26415478.0,113535.0,838296623.8688966,38254072.631,XLF,IYF,Financials
2016-08-23,3.388613623915491,5.198497031265826,29.6248526,181.0,0.00125,0.001993,0.0,0.0,0.0012494793835900317,0.001992914083259522,0.0,-0.0007434346996694902,24253026.0,197473.0,833400138.0928717,38722260.305,XLF,IYF,Financials
2016-08-24,3.388197563996862,5.1966168117216975,29.612529450000004,180.66,-0.000416,-0.001878,0.0,0.0,-0.0004159733777037807,-0.0018784530386740331,0.0,0.0014624796609702525,19739414.0,137484.0,802623596.5884211,38611289.631,XLF,IYF,Financials
2016-08-25,3.3902761346891044,5.1994910122411415,29.674145199999998,181.18,0.002081,0.002878,0.0,0.0,0.002080732417810838,0.0028783349939112144,0.0,-0.0007976025761003763,22136176.0,441961.0,796335313.3334652,41588507.92,XLF,IYF,Financials
2016-08-26,3.391521206441564,5.1994910122411415,29.71111465,181.18,0.001246,0.0,0.0,0.0,0.0012458471760797949,0.0,0.0,0.0012458471760797949,52764703.0,695747.0,810275476.0547836,45674495.925,XLF,IYF,Financials
2016-08-29,3.4001935713464504,5.2086114534635435,29.9699008,182.84,0.00871,0.009162,0.0,0.0,0.008710078805474933,0.009162159178717297,0.0,-0.00045208037324236464,32860681.0,412288.0,812983555.9663565,48291135.390999995,XLF,IYF,Financials
2016-08-30,3.4091989535312495,5.216130695560089,30.2410101,184.22,0.009046,0.007548,0.0,0.0,0.009046052631578927,0.0075475825858674255,0.0,0.0014984700457115014,31973297.0,2544786.0,814838935.5870023,68599210.862,XLF,IYF,Financials
2016-08-31,3.410013617527426,5.21623925551243,30.2656564,184.24,0.000815,0.000109,450958280.36,469812000.0,0.023881134780360157,0.20495007933154832,-18853719.639999986,-0.18106894455118816,45805079.0,460458.0,844518881.7977241,71219554.273,XLF,IYF,Financials
2016-09-01,3.4059336445075106,5.213195113131202,30.1424249,183.68,-0.004072,-0.00304,0.0,0.0,-0.004071661237785069,-0.00303951367781155,0.0,-0.0010321475599735191,51145757.0,2031250.0,884600665.6565888,88105005.216,XLF,IYF,Financials
2016-09-02,3.410420700781572,5.219382378459894,30.27797955,184.82,0.004497,0.006207,0.0,0.0,0.004497138184791574,0.006206445993031359,0.0,-0.0017093078082397852,54360950.0,619959.0,904929168.9853213,89417520.615,XLF,IYF,Financials
2016-09-06,3.4087913725188823,5.2171073111224935,30.228686950000004,184.4,-0.001628,-0.002273,0.0,0.0,-0.001628001628001535,-0.0022724813331890486,0.0,0.0006444797051875137,48984520.0,815704.0,924771882.9336513,93620619.57900001,XLF,IYF,Financials
2016-09-07,3.4083836253164947,5.219598781836631,30.2163638,184.86,-0.000408,0.002495,0.0,0.0,-0.0004076640847943448,0.002494577006507592,0.0,-0.002902241091301937,31414344.0,318347.0,933390921.7119992,94341371.46000001,XLF,IYF,Financials
2016-09-08,3.4075676317991657,5.217324207338505,30.191717500000003,184.44,-0.000816,-0.002272,0.0,0.0,-0.0008156606851548335,-0.0022719896137617657,0.0,0.001456328928606932,58542690.0,328885.0,981670344.3690475,95766236.62900001,XLF,IYF,Financials
2016-09-09,3.388613623915491,5.196838197598183,29.6248526,180.7,-0.018776,-0.020278,0.0,0.0,-0.0187755102040818,-0.020277597050531337,0.0,0.0015020868464495386,54002281.0,570503.0,1031549215.9733127,99275541.02000001,XLF,IYF,Financials
2016-09-12,3.3997823025765164,5.208173816695071,29.95757765,182.76,0.011231,0.0114,0.0,0.0,0.011231281198003417,0.01140011068068622,0.0,-0.000168829482682804,70798636.0,583080.0,1103128468.5690403,103045568.987,XLF,IYF,Financials
2016-09-13,3.3819358027728854,5.190175207928333,29.4276822,179.5,-0.017688,-0.017838,0.0,0.0,-0.01768819415878249,-0.017837601225651128,0.0,0.00014940706686863633,67612411.0,776689.0,1171021175.1374605,107913912.17,XLF,IYF,Financials
2016-09-14,3.3794200781756385,5.187609244563615,29.3537433,179.04,-0.002513,-0.002563,0.0,0.0,-0.0025125628140703063,-0.002562674094707521,0.0,5.0111280637214674e-05,67324760.0,415292.0,1236687901.7856498,110088886.93400002,XLF,IYF,Financials
2016-09-15,3.385280287495733,5.194511197822448,29.526267400000002,180.28,0.005877,0.006926,0.0,0.0,0.005877413937867494,0.006925826630920465,0.0,-0.0010484126930529704,62132889.0,693417.0,1297519301.5338056,114642410.246,XLF,IYF,Financials
2016-09-16,3.370988325017701,5.18649155136578,29.107280300000003,178.84,-0.009416,-0.007988,0.0,0.0,-0.014190317195325609,-0.007987574883514533,0.0,-0.006202742311811076,61117567.0,401298.0,1354492890.6606848,116821450.68200001,XLF,IYF,Financials
2016-09-19,2.960623096440423,5.192289961902507,19.31,179.88,0.007451,0.005815,0.0,0.0,-0.33659208964294757,0.005815253858197271,0.0,-0.3424073435011448,50396136.0,560912.0,1365282054.7427564,119747026.62799999,XLF,IYF,Financials
2016-09-20,2.961140828784372,5.192734603972972,19.32,179.96,0.000518,0.000445,0.0,0.0,0.0005178663904712584,0.00044474093840338,0.0,7.312545206787836e-05,39903177.0,262789.0,1364749619.9039865,121086153.93000002,XLF,IYF,Financials
2016-09-21,2.967332799032293,5.200814785186798,19.44,181.42,0.006211,0.008113,0.0,0.0,0.006211180124223602,0.00811291398088464,0.0,-0.0019017338566610382,64029726.0,441547.0,1391061897.558288,123304296.11700001,XLF,IYF,Financials
2016-09-22,2.969388298214389,5.207954926467646,19.48,182.72,0.002058,0.007166,0.0,0.0,0.00205761316872428,0.007165692867379561,0.0,-0.005108079698655281,38355740.0,316084.0,1399193689.398251,124950146.569,XLF,IYF,Financials
2016-09-23,2.96424160646262,5.203567030002226,19.38,181.92,-0.005133,-0.004378,0.0,0.0,-0.00513347022587269,-0.0043782837127845885,0.0,-0.0007551865130881012,59009524.0,296326.0,1423530313.1144133,123641803.16600001,XLF,IYF,Financials
2016-09-26,2.9481164196123277,5.188725689917942,19.07,179.24,-0.015996,-0.010772,0.0,0.0,-0.015995872033023734,-0.014731750219876869,0.0,-0.0012641218131468658,54188999.0,350463.0,1396814616.6456034,120479880.499,XLF,IYF,Financials
2016-09-27,2.9559514035421466,5.192067566705326,19.22,179.84,0.007866,0.003347,0.0,0.0,0.007865757734661772,0.003347467083240348,0.0,0.004518290651421423,47620011.0,179371.0,1393335879.7270808,118323647.63500002,XLF,IYF,Financials
2016-09-28,2.960623096440423,5.19794439240125,19.31,180.9,0.004683,0.005894,0.0,0.0,0.004682622268470343,0.005894128113879004,0.0,-0.0012115058454086605,42936410.0,223356.0,1386445743.706716,96903878.809,XLF,IYF,Financials
2016-09-29,2.9465420293632194,5.184476550124277,19.04,178.48,-0.013982,-0.013378,0.0,0.0,-0.013982392542723977,-0.01337755666113875,0.0,-0.0006048358815852264,62580775.0,631157.0,1376706602.3872733,98294584.78099999,XLF,IYF,Financials
2016-09-30,2.9601050959108397,5.19295685089021,19.3,180.0,0.013655,0.008516,-545225000.0,351000000.0,-0.029640551251457876,0.13962348722545945,-896225000.0,-0.16926403847691732,47336889.0,427315.0,1345303843.305966,83485419.78099999,XLF,IYF,Financials
2016-10-03,2.955430976780465,5.186603376918035,19.21,178.86,-0.004663,-0.006333,0.0,0.0,-0.00466321243523316,-0.006333333333333333,0.0,0.001670120898100173,33170494.0,522924.0,1294867116.1720371,82432887.994,XLF,IYF,Financials
2016-10-04,2.9595868269176377,5.185932235953246,19.29,178.74,0.004165,-0.000671,0.0,0.0,0.004164497657470068,-0.0006709158000670916,0.0,0.004835413457537159,68471721.0,604564.0,1286871205.0527365,80315085.58199999,XLF,IYF,Financials
2016-10-05,2.975529566236472,5.192067566705326,19.6,179.84,0.016071,0.006154,0.0,0.0,0.01607050285121825,0.006154190444220655,0.0,0.009916312406997594,58651881.0,206390.0,1296888686.0906193,79228463.141,XLF,IYF,Financials
2016-10-06,2.9770590082883697,5.192401140956488,19.63,179.9,0.001531,0.000334,0.0,0.0,0.001530612244897959,0.0003336298932384342,0.0,0.001196982351659525,53337261.0,209453.0,1260863989.8536153,78079515.40599999,XLF,IYF,Financials
2016-10-07,2.976549454137217,5.191956350556627,19.62,179.82,-0.000509,-0.000445,0.0,0.0,-0.0005094243504839531,-0.00044469149527515285,0.0,-6.473285520880028e-05,55532849.0,251444.0,1235351233.9881763,75185753.805,XLF,IYF,Financials
2016-10-10,2.9816333491744893,5.1972808223702645,19.72,180.78,0.005097,0.005339,0.0,0.0,0.0050968399592252805,0.005338672005338672,0.0,-0.00024183204611339174,37997419.0,249285.0,1166768907.3479722,72110855.88000001,XLF,IYF,Financials
2016-10-11,2.972463646614637,5.186826990514674,19.54,178.9,-0.009128,-0.010399,0.0,0.0,-0.009127789046653144,-0.010399380462440535,0.0,0.0012715914157873914,78581159.0,408544.0,1144058872.506783,68794498.18499999,XLF,IYF,Financials
2016-10-12,2.9714395809849465,5.191288793789513,19.52,179.7,-0.001024,0.004472,0.0,0.0,-0.0010235414534288639,0.004471771939631079,0.0,-0.005495313393059943,51378746.0,271805.0,1095392842.4640775,67518972.126,XLF,IYF,Financials
2016-10-13,2.9616582932202395,5.184700639761069,19.33,178.52,-0.009734,-0.006566,0.0,0.0,-0.009733606557377204,-0.006566499721758486,0.0,-0.0031671068356187177,73171091.0,627917.0,1074385087.1681516,66873298.43000001,XLF,IYF,Financials
2016-10-14,2.966303462863179,5.187162317181874,19.42,178.96,0.004656,0.002465,0.0,0.0,0.004655975168132749,0.002464709836432893,0.0,0.002191265331699856,76176507.0,843606.0,1059404167.769,70833478.20199999,XLF,IYF,Financials
2016-10-17,2.9616582932202395,5.184588601219693,19.33,178.5,-0.004634,-0.00257,0.0,0.0,-0.004634397528321628,-0.0025704067948144837,0.0,-0.0020639907335071443,41236064.0,200244.0,1050601354.317,67575813.374,XLF,IYF,Financials
2016-10-18,2.9699015135194693,5.190954848219537,19.49,179.64,0.008277,0.006387,0.0,0.0,0.008277289187791,0.006386554621848739,0.0,0.0018907345659422608,45958713.0,393716.0,1056841651.1535,68747595.064,XLF,IYF,Financials
2016-10-19,2.9785861147190205,5.198938922567758,19.66,181.08,0.008722,0.008016,0.0,0.0,0.00872242175474618,0.008016032064128256,0.0,0.0007063896906179239,49835923.0,309668.0,1043593469.7904999,67546056.299,XLF,IYF,Financials
2016-10-20,2.9785861147190205,5.196948872159748,19.66,180.72,0.0,-0.001988,0.0,0.0,0.0,-0.0019880715705765406,0.0,0.0019880715705765406,56238168.0,345593.0,1061517098.1744999,67781091.223,XLF,IYF,Financials
2016-10-21,2.9780773383152703,5.1966168117216975,19.65,180.66,-0.000509,-0.000332,0.0,0.0,-0.000508646998982706,-0.00033200531208499334,0.0,-0.00017664168689771265,39543061.0,123721.0,1043187926.8510001,66203281.720000006,XLF,IYF,Financials
2016-10-24,2.9811261211646287,5.200263426072649,19.71,181.32,0.003053,0.003653,0.0,0.0,0.0030534351145038168,0.0036532713384257723,0.0,-0.0005998362239219555,33808676.0,110103.0,1024837166.5024999,64060626.112,XLF,IYF,Financials
2016-10-25,2.9801108926510342,5.19794439240125,19.69,180.9,-0.001015,-0.002316,0.0,0.0,-0.0010147133434804667,-0.002316346790205162,0.0,0.0013016334467246954,36177841.0,208107.0,1014691420.3960001,64330049.895,XLF,IYF,Financials
2016-10-26,2.9861868607104594,5.198386527922987,19.81,180.98,0.006094,0.000442,0.0,0.0,0.006094464195022855,0.0004422332780541736,0.0,0.005652230916968681,40419157.0,121933.0,1013271491.5494999,63413166.59199999,XLF,IYF,Financials
2016-10-27,2.9887076586170265,5.194511197822448,19.86,180.28,0.002524,-0.003868,0.0,0.0,0.002523977788995457,-0.0038678306995248092,0.0,0.0063918084885202665,45545849.0,220458.0,998921621.8064998,59767929.936000004,XLF,IYF,Financials
2016-10-28,2.9841656371825254,5.192734603972972,19.77,179.96,-0.004532,-0.001775,0.0,0.0,-0.004531722054380665,-0.0017750166407810074,0.0,-0.002756705413599658,55749883.0,248113.0,1008350283.2669998,58154615.71,XLF,IYF,Financials
2016-10-31,2.9826470340053355,5.1960631325092805,19.74,180.56,-0.001517,0.003334,562590000.0,36112000.0,0.043427629283882455,0.015172824377229683,526478000.0,0.02825480490665277,38579109.0,208078.0,1014567604.3629999,55356634.562,XLF,IYF,Financials
2016-11-01,2.9785861147190205,5.187609244563615,19.66,179.04,-0.004053,-0.008418,0.0,0.0,-0.004052684903748588,-0.008418254319893664,0.0,0.0043655694161450756,62758908.0,602153.0,1010218636.0225,55344119.75,XLF,IYF,Financials
2016-11-02,2.9719517448885875,5.177504746331289,19.53,177.24,-0.006612,-0.010054,0.0,0.0,-0.006612410986775178,-0.010053619302949061,0.0,0.0034412083161738834,66529874.0,380024.0,1017706214.6034998,56856033.558000006,XLF,IYF,Financials
2016-11-03,2.972975286431375,5.177843213080163,19.55,177.3,0.001024,0.000339,0.0,0.0,0.0010240655401945725,0.00033852403520649965,0.0,0.0006855415049880729,53462052.0,319853.0,1017614848.7620001,57807500.668,XLF,IYF,Financials
2016-11-04,2.9699015135194693,5.176827468960327,19.49,177.12,-0.003069,-0.001015,0.0,0.0,-0.0030690537084400453,-0.0010152284263959391,0.0,-0.0020538252820441064,64891375.0,230142.0,1026373768.8305,57584905.216000006,XLF,IYF,Financials
2016-11-07,2.9947317732204075,5.199380618688013,19.98,181.16,0.025141,0.022809,0.0,0.0,0.025141097998973985,0.022809394760614273,0.0,0.0023317032383597114,59001803.0,570911.0,1047851114.8935,60502929.93900001,XLF,IYF,Financials
2016-11-08,2.995232148512309,5.201365840471587,19.99,181.52,0.000501,0.001987,0.0,0.0,0.0005005005005003562,0.001987193640980349,0.0,-0.001486693140479993,63290418.0,294254.0,1034336095.3414999,59519153.163,XLF,IYF,Financials
2016-11-09,3.0368742168851663,5.226069202340413,20.84,186.06,0.042521,0.025011,0.0,0.0,0.042521260630315305,0.0250110180696342,0.0,0.017510242560681104,268936640.0,1674916.0,1264422418.1255002,72658728.786,XLF,IYF,Financials
2016-11-10,3.0731561705187946,5.247129329778604,21.61,190.02,0.036948,0.021284,0.0,0.0,0.03694817658349328,0.02128345694937117,0.0,0.01566471963412211,241635544.0,2179528.0,1454789763.966,87761637.172,XLF,IYF,Financials
2016-11-11,3.075928815548268,5.251644958349606,21.67,190.88,0.002776,0.004526,0.0,0.0,0.0027764923646461308,0.00452583938532786,0.0,-0.0017493470206817294,134954549.0,1159092.0,1527045629.5105,91275424.73200001,XLF,IYF,Financials
2016-11-14,3.100092288878234,5.268785563941999,22.2,194.18,0.024458,0.017288,0.0,0.0,0.024457775726811123,0.0172883487007544,0.0,0.007169427026056722,261730895.0,1021056.0,1777712267.1045003,99401679.736,XLF,IYF,Financials
2016-11-15,3.099190981922221,5.268785563941999,22.18,194.18,-0.000901,0.0,0.0,0.0,-0.0009009009009009009,0.0,0.0,-0.0009009009009009009,122754546.0,823436.0,1869060292.8,103860062.748,XLF,IYF,Financials
2016-11-16,3.0846584827483925,5.260096153727839,21.86,192.5,-0.014427,-0.008652,0.0,0.0,-0.014427412082957619,-0.008651766402307137,0.0,-0.0057756456806504815,117887705.0,1549957.0,1948922842.0559998,115974664.801,XLF,IYF,Financials
2016-11-17,3.098288861879083,5.267858159063328,22.16,194.0,0.013724,0.007792,0.0,0.0,0.013723696248856358,0.007792207792207792,0.0,0.005931488456648566,98536426.0,712049.0,2002819082.92,119758761.75299999,XLF,IYF,Financials
2016-11-18,3.098288861879083,5.2699178920263385,22.16,194.4,0.0,0.002062,0.0,0.0,0.0,0.002061855670103093,0.0,-0.002061855670103093,92344297.0,559625.0,2066285506.5635,124080744.96,XLF,IYF,Financials
2016-11-21,3.1018924693823817,5.272383984521532,22.24,194.88,0.00361,0.002469,0.0,0.0,0.0036101083032489675,0.0024691358024691358,0.0,0.0011409725007798317,71943930.0,227998.0,2112968706.5255,125304163.674,XLF,IYF,Financials
2016-11-22,3.1023420086122493,5.275969502884129,22.25,195.58,0.00045,0.003592,0.0,0.0,0.00044964028776991387,0.0035919540229885057,0.0,-0.0031423137352185916,98286517.0,883643.0,2186695372.2235003,132062980.756,XLF,IYF,Financials
2016-11-23,3.108167702883779,5.278726716783033,22.38,196.12,0.005843,0.002761,0.0,0.0,0.005842696629213483,0.002761018509050005,0.0,0.003081678120163478,101948383.0,442623.0,2260740437.7920003,135299970.177,XLF,IYF,Financials
2016-11-25,3.1095072878128356,5.281679725395013,22.41,196.7,0.001341,0.002957,0.0,0.0,0.0013404825737265416,0.002957373036916174,0.0,-0.0016168904631896322,33114823.0,186953.0,2252618568.9065003,135151444.52,XLF,IYF,Financials
2016-11-28,3.0978374964911444,5.27207605534281,22.15,194.82,-0.011602,-0.009558,0.0,0.0,-0.011601963409192326,-0.009557702084392475,0.0,-0.0020442613247998506,99791424.0,311205.0,2308028811.641,135950371.651,XLF,IYF,Financials
2016-11-29,3.100542637906336,5.27556037942542,22.21,195.5,0.002709,0.00349,0.0,0.0,0.002708803611738149,0.0034904013961605585,0.0,-0.0007815977844224096,74645748.0,289353.0,2352845334.2120004,136900269.042,XLF,IYF,Financials
2016-11-30,3.113959654918641,5.280560644958777,22.51,196.48,0.013508,0.005013,5626374500.0,294720000.0,0.3963806948101319,0.09291478081915996,5331654500.0,0.3034659139909719,98843676.0,697881.0,2402401884.986,138365778.32999998,XLF,IYF,Financials
2016-12-01,3.131136910560194,5.287155301841845,22.9,197.78,0.017326,0.006616,0.0,0.0,0.0173256330519769,0.006616449511400652,0.0,0.010709183540576248,120088254.0,704416.0,2474936513.855,141963975.46600002,XLF,IYF,Financials
2016-12-02,3.120159851929043,5.2832037287379885,22.65,197.0,-0.010917,-0.003944,0.0,0.0,-0.010917030567685589,-0.003943775912630195,0.0,-0.0069732546550553935,82108345.0,330193.0,2515665058.7375,142380879.671,XLF,IYF,Financials
2016-12-05,3.132009891846539,5.294811227218749,22.92,199.3,0.011921,0.011675,0.0,0.0,0.011920529801324504,0.011675126903553299,0.0,0.00024540289777120507,95145737.0,782433.0,2561465428.402,148139686.96400002,XLF,IYF,Financials
2016-12-06,3.1406980438041767,5.30240898445129,23.12,200.82,0.008726,0.007627,0.0,0.0,0.008726003490401396,0.007626693426994481,0.0,0.0010993100634069152,79142635.0,369884.0,2594011513.2650003,146682380.37,XLF,IYF,Financials
2016-12-07,3.1561489949598958,5.319099905730565,23.48,204.2,0.015571,0.016831,0.0,0.0,0.015570934256055362,0.016830992928991137,0.0,-0.0012600586729357745,120172457.0,467892.0,2671835204.992,148788908.38599998,XLF,IYF,Financials
2016-12-08,3.1654750481410856,5.328070324697385,23.7,206.04,0.00937,0.009011,0.0,0.0,0.009369676320272573,0.009010773751224289,0.0,0.0003589025690482837,116856521.0,1057466.0,2530078203.497,144101179.57,XLF,IYF,Financials
2016-12-09,3.1675825304806504,5.328652566344109,23.75,206.16,0.00211,0.000582,0.0,0.0,0.002109704641350211,0.0005824111822947001,0.0,0.0015272934590555107,95677338.0,461933.0,2382607837.08,128155089.40599999,XLF,IYF,Financials
2016-12-12,3.1578511230304263,5.321936232146671,23.52,204.78,-0.009684,-0.006694,0.0,0.0,-0.00968421052631579,-0.00669383003492433,0.0,-0.0029903804913914596,85143226.0,330259.0,2336513017.0144997,120474237.25899999,XLF,IYF,Financials
2016-12-13,3.160398895109225,5.323985113296614,23.58,205.2,0.002551,0.002051,0.0,0.0,0.002551020408163265,0.0020509815411661296,0.0,0.0005000388669971355,113420674.0,378149.0,2179714698.2105,114440613.295,XLF,IYF,Financials
2016-12-14,3.1557230098629323,5.3157642801517575,23.47,203.52,-0.004665,-0.008187,0.0,0.0,-0.004664970313825276,-0.008187134502923977,0.0,0.0035221641890987015,142995830.0,667630.0,2211385513.2015,113239676.051,XLF,IYF,Financials
2016-12-15,3.1642084235258925,5.321545492667243,23.67,204.7,0.008522,0.005798,0.0,0.0,0.008521516829995739,0.005797955974842767,0.0,0.0027235608551529717,110426017.0,1865042.0,2213223442.756,117410044.796,XLF,IYF,Financials
2016-12-16,3.151025157960026,5.317531585471841,23.36,203.88,-0.008587,-0.004006,0.0,0.0,-0.01309674693705112,-0.004005862237420616,0.0,-0.009090884699630503,83096468.0,281915.0,2201101757.372,113377011.006,XLF,IYF,Financials
2016-12-19,3.1514531485507664,5.321056853517526,23.37,204.6,0.000428,0.003532,0.0,0.0,0.0004280821917808219,0.003531489111241907,0.0,-0.003103406919461085,73717593.0,257570.0,2184923283.7165003,110572397.10599999,XLF,IYF,Financials
2016-12-20,3.1637858585502405,5.329816033607408,23.66,206.4,0.012409,0.008798,0.0,0.0,0.012409071459135643,0.008797653958944282,0.0,0.003611417500191361,60793628.0,363813.0,2176840495.4805,112105334.754,XLF,IYF,Financials
2016-12-21,3.1612467120315646,5.319393692149953,23.6,204.26,-0.002536,-0.004712,0.0,0.0,-0.00253592561284869,-0.010368217054263567,0.0,0.007832291441414877,37737962.0,519595.0,2112027540.478,108770813.59200001,XLF,IYF,Financials
2016-12-22,3.1587011018321305,5.31762967758041,23.54,203.9,-0.002542,-0.001762,0.0,0.0,-0.002542372881355932,-0.0017624596103005972,0.0,-0.0007799132710553348,37796099.0,247403.0,2042433308.4239998,106952726.039,XLF,IYF,Financials
2016-12-23,3.160398895109225,5.319197844127392,23.58,204.22,0.001699,0.001569,0.0,0.0,0.0016992353440951572,0.0015693967631191762,0.0,0.00012983858097598104,18276667.0,262820.0,2026876339.6454997,107797698.30399999,XLF,IYF,Financials
2016-12-27,3.1616703510974213,5.320274533900079,23.61,204.44,0.001272,0.001077,0.0,0.0,0.001272264631043257,0.001077269611203604,0.0,0.00019499501983965303,38241051.0,131124.0,1961500898.271,106106599.927,XLF,IYF,Financials
2016-12-28,3.1514531485507664,5.311727053457954,23.37,202.7,-0.010165,-0.008511,0.0,0.0,-0.010165184243964422,-0.00851105458814322,0.0,-0.0016541296558212019,30834389.0,158216.0,1914636778.6634998,104881693.512,XLF,IYF,Financials
2016-12-29,3.1441522786722644,5.309455110958493,23.2,202.24,-0.007274,-0.002269,0.0,0.0,-0.007274283269148481,-0.0022693635915145534,0.0,-0.005004919677633927,39251797.0,364684.0,1848920305.8455002,101713395.176,XLF,IYF,Financials
2016-12-30,3.1463051320333655,5.312811812698489,23.25,202.92,0.002155,0.003362,1397325000.0,-223212000.0,0.06822565970482582,-0.05581720653612516,1620537000.0,0.12404286624095098,44761220.0,343203.0,1763454173.2654998,98229562.99,XLF,IYF,Financials
2017-01-03,3.157425862551978,5.320372357328868,23.51,204.46,0.011183,0.007589,0.0,0.0,0.011182795698924731,0.007589197713384585,0.0,0.0035935979855401465,71259897.0,1043773.0,1754232481.4765,105647653.319,XLF,IYF,Financials
2017-01-04,3.1654750481410856,5.331461965140338,23.7,206.74,0.008082,0.011151,0.0,0.0,0.008081667375584857,0.011151325442629366,0.0,-0.0030696580670445082,45092157.0,812389.0,1698629672.9194999,106248373.567,XLF,IYF,Financials
2017-01-05,3.1552968432253294,5.3255433528016285,23.46,205.52,-0.010127,-0.005901,0.0,0.0,-0.010126582278481013,-0.005901131856438038,0.0,-0.004225450422042975,62201101.0,620675.0,1680102678.3325,108912424.623,XLF,IYF,Financials
2017-01-06,3.1587011018321305,5.328652566344109,23.54,206.16,0.00341,0.003114,0.0,0.0,0.0034100596760443308,0.003114052160373686,0.0,0.0002960075156706447,38060761.0,778929.0,1583817729.5115,112164447.43499999,XLF,IYF,Financials
2017-01-09,3.1518809560439225,5.321154600450794,23.38,204.62,-0.006797,-0.00747,0.0,0.0,-0.006796941376380629,-0.007469926270857586,0.0,0.0006729848944769575,34022403.0,709974.0,1485114941.2335,108534176.697,XLF,IYF,Financials
2017-01-10,3.1540172525197043,5.321545492667243,23.43,204.7,0.002139,0.000391,0.0,0.0,0.00213857998289136,0.0003909686247678624,0.0,0.0017476113581234977,46212104.0,541771.0,1425635582.1945,109317597.51799998,XLF,IYF,Financials
2017-01-11,3.160398895109225,5.324374900867326,23.58,205.28,0.006402,0.002833,0.0,0.0,0.006402048655569782,0.0028334147532975084,0.0,0.0035686339022722737,48001233.0,565038.0,1382100602.1255,111735625.649,XLF,IYF,Financials
2017-01-12,3.1518809560439225,5.319589501823576,23.38,204.3,-0.008482,-0.004774,0.0,0.0,-0.008481764206955046,-0.0047739672642244735,0.0,-0.0037077969427305726,57418139.0,538208.0,1315499431.9705,113353611.629,XLF,IYF,Financials
2017-01-13,3.157425862551978,5.323497665078335,23.51,205.1,0.00556,0.003916,0.0,0.0,0.005560307955517536,0.003915810083210965,0.0,0.0016444978723065716,72479684.0,555625.0,1232893694.0075,112257743.124,XLF,IYF,Financials
2017-01-17,3.133317936506554,5.307871579352848,22.95,201.92,-0.02382,-0.015505,0.0,0.0,-0.023819651212250107,-0.015504631886884447,0.0,-0.00831501932536566,96657836.0,855717.0,1213119369.698,101808357.086,XLF,IYF,Financials
2017-01-18,3.1415627217655304,5.3144859477096205,23.14,203.26,0.008279,0.006636,0.0,0.0,0.008278867102396514,0.006636291600633914,0.0,0.0016425755017625996,68289123.0,308038.0,1195073210.385,102065105.77,XLF,IYF,Financials
2017-01-19,3.1372318358276905,5.308168682598411,23.04,201.98,-0.004321,-0.006297,0.0,0.0,-0.00432152117545376,-0.006297353143756765,0.0,0.0019758319683030046,56729679.0,408220.0,1174286793.1725001,103552778.44999999,XLF,IYF,Financials
2017-01-20,3.1419947805322432,5.313008915291026,23.15,202.96,0.004774,0.004852,0.0,0.0,0.004774305555555556,0.004851965541142688,0.0,-7.765998558713176e-05,74805151.0,386008.0,1188954893.531,103715437.474,XLF,IYF,Financials
2017-01-23,3.1354942159291497,5.31143100569342,23.0,202.64,-0.006479,-0.001577,0.0,0.0,-0.0064794816414686825,-0.0015766653527790066,0.0,-0.004902816288689675,46651232.0,334923.0,1198073015.171,101802253.575,XLF,IYF,Financials
2017-01-24,3.1480240838962494,5.320567975482857,23.29,204.5,0.012609,0.009179,0.0,0.0,0.012608695652173913,0.00917883932096342,0.0,0.0034298563312104933,45229461.0,515933.0,1206256713.9825,104555394.91499999,XLF,IYF,Financials
2017-01-25,3.164630810015805,5.331268466687723,23.68,206.7,0.016745,0.010758,0.0,0.0,0.016745384285100903,0.010757946210268949,0.0,0.005987438074831954,92850136.0,385147.0,1294643084.6135,105852234.14,XLF,IYF,Financials
2017-01-26,3.167161389181522,5.332138915023547,23.74,206.88,0.002534,0.000871,0.0,0.0,0.002533783783783784,0.0008708272859216256,0.0,0.0016629564978621583,70704365.0,507989.0,1333425605.1629999,109766522.828,XLF,IYF,Financials
2017-01-27,3.1633631149379418,5.328070324697385,23.65,206.04,-0.003791,-0.00406,0.0,0.0,-0.0037910699241786015,-0.004060324825986079,0.0,0.00026925490180747724,43944530.0,265101.0,1349360028.3414998,110894074.17,XLF,IYF,Financials
2017-01-30,3.1552968432253294,5.321252337830533,23.46,204.64,-0.008034,-0.006795,0.0,0.0,-0.008033826638477801,-0.006794797126771632,0.0,-0.0012390295117061688,46168751.0,385810.0,1357983888.7445,111153997.482,XLF,IYF,Financials
2017-01-31,3.1488824530476656,5.317531585471841,23.31,203.88,-0.006394,-0.003714,-175990500.0,142716000.0,-0.01411410985383742,0.036024070621412434,-318706500.0,-0.05013818047524986,56477262.0,495008.0,1371773219.3555,112717971.39599998,XLF,IYF,Financials
2017-02-01,3.15016862685841,5.3157642801517575,23.34,203.52,0.001287,-0.001766,0.0,0.0,0.001287001287001287,-0.0017657445556209534,0.0,0.00305274584262224,72132221.0,668968.0,1372185512.339,108854898.38499999,XLF,IYF,Financials
2017-02-02,3.1463051320333655,5.314977807441144,23.25,203.36,-0.003856,-0.000786,0.0,0.0,-0.0038560411311053984,-0.0007861635220124503,0.0,-0.0030698776090929483,39396487.0,246052.0,1364549722.4315,102959090.028,XLF,IYF,Financials
2017-02-03,3.1663185741295248,5.332525537877774,23.72,206.96,0.020215,0.017703,0.0,0.0,0.02021505376344086,0.017702596380802387,0.0,0.002512457382638472,86346618.0,578571.0,1393994919.9065,102568086.436,XLF,IYF,Financials
2017-02-06,3.1616703510974213,5.329137508887923,23.61,206.26,-0.004637,-0.003382,0.0,0.0,-0.00463743676222597,-0.003382296095863935,0.0,-0.0012551406663620346,34952083.0,278721.0,1390458338.191,97413335.977,XLF,IYF,Financials
2017-02-07,3.159125820462427,5.326613235702884,23.55,205.74,-0.002541,-0.002521,0.0,0.0,-0.0025412960609911056,-0.0025210898865509553,0.0,-2.0206174440150302e-05,50838490.0,312934.0,1410548471.059,93368744.041,XLF,IYF,Financials
2017-02-08,3.1523085805960878,5.322619659071002,23.39,204.92,-0.006794,-0.003986,0.0,0.0,-0.006794055201698514,-0.003985612909497424,0.0,-0.00280844229220109,54341095.0,359012.0,1419962901.8255,91502154.808,XLF,IYF,Financials
2017-02-09,3.165896900077314,5.333394893160733,23.71,207.14,0.013681,0.010834,0.0,0.0,0.013681060282171868,0.010833495998438287,0.0,0.0028475642837335804,76813699.0,1302591.0,1454432088.283,99193539.76300001,XLF,IYF,Financials
2017-02-10,3.1688448912626357,5.337057194863967,23.78,207.9,0.002952,0.003669,0.0,0.0,0.0029523407844791226,0.0036690161243604627,0.0,-0.00071667533988134,55078737.0,299736.0,1452798902.085,96811500.763,XLF,IYF,Financials
2017-02-13,3.1801349965517702,5.34625002030334,24.05,209.82,0.011354,0.009235,0.0,0.0,0.011354079058031959,0.009235209235209235,0.0,0.002118869822822724,76687038.0,280638.0,1459815196.7380002,94057739.646,XLF,IYF,Financials
2017-02-14,3.1917101567954314,5.354035855304381,24.33,211.46,0.011642,0.007816,0.0,0.0,0.011642411642411643,0.007816223429606329,0.0,0.0038261882128053145,75954279.0,389598.0,1441298710.3315,89537640.46800001,XLF,IYF,Financials
2017-02-15,3.1994891110680106,5.35950653486046,24.52,212.62,0.007809,0.005486,0.0,0.0,0.007809288943690916,0.0054856710488981365,0.0,0.00232361789479278,76869353.0,718600.0,1456530021.7984998,94046486.874,XLF,IYF,Financials
2017-02-16,3.1970391302590264,5.359412465907847,24.46,212.6,-0.002447,-9.4e-05,0.0,0.0,-0.0024469820554649264,-9.406452826639074e-05,0.0,-0.0023529175271985356,64048170.0,242723.0,1469508343.5005,92504018.584,XLF,IYF,Financials
2017-02-17,3.19744787745458,5.359130205944549,24.47,212.54,0.000409,-0.000282,0.0,0.0,0.0004088307440719542,-0.0002822201317027281,0.0,0.0006910508757746823,54156555.0,336287.0,1449181926.2605002,92160531.349,XLF,IYF,Financials
2017-02-21,3.202339856228101,5.3656956018779844,24.59,213.94,0.004904,0.006587,0.0,0.0,0.004903964037597058,0.006586995389103228,0.0,-0.0016830313515061703,55216106.0,321745.0,1463421211.7875,92208797.778,XLF,IYF,Financials
2017-02-22,3.2031528644029645,5.365789081663049,24.61,213.96,0.000813,9.4e-05,0.0,0.0,0.0008133387555917039,9.348415443582313e-05,0.0,0.0007198546011558808,50438917.0,238434.0,1472816591.8215,89484149.785,XLF,IYF,Financials
2017-02-23,3.2031528644029645,5.367843429196647,24.61,214.4,0.0,0.002056,0.0,0.0,0.0,0.002056459151243223,0.0,-0.002056459151243223,53509388.0,191587.0,1428725332.7315,87557468.17999999,XLF,IYF,Financials
2017-02-24,3.1954024686825586,5.363449461485819,24.42,213.46,-0.00772,-0.004384,0.0,0.0,-0.0077204388459975615,-0.004384328358208955,0.0,-0.003336110487788606,61686780.0,229924.0,1420118809.8565001,84756808.816,XLF,IYF,Financials
2017-02-27,3.2007118542405295,5.367470225236353,24.55,214.32,0.005323,0.004029,0.0,0.0,0.005323505323505323,0.004028857865642275,0.0,0.0012946474578630482,39655008.0,421676.0,1416830925.4515002,86544418.33,XLF,IYF,Financials
2017-02-28,3.2003044392827653,5.364292355471569,24.54,213.64,-0.000407,-0.003173,1465038000.0,288414000.0,0.061487592834566056,0.07056507488482196,1176624000.0,-0.009077482050255901,48912989.0,475507.0,1422691218.0314999,87676176.18399999,XLF,IYF,Financials
2017-03-01,3.228430037673012,5.384495062789089,25.24,218.0,0.028525,0.020408,0.0,0.0,0.02852485737571312,0.02040816326530624,0.0,0.008116694110406882,92150012.0,510849.0,1473160284.3145,88198318.732,XLF,IYF,Financials
2017-03-02,3.2128577525426376,5.372960909543803,24.85,215.5,-0.015452,-0.011468,0.0,0.0,-0.015451664025356577,-0.011467889908256881,0.0,-0.003983774117099695,69446222.0,260523.0,1475268913.2425,84198035.689,XLF,IYF,Financials
2017-03-03,3.217675104291682,5.375000591318995,24.97,215.94,0.004829,0.002042,0.0,0.0,0.00482897384305835,0.0020417633410672853,0.0,0.0027872105019910646,57652782.0,249006.0,1501449995.432,84384696.735,XLF,IYF,Financials
2017-03-06,3.2100368762009963,5.369241704884735,24.78,214.7,-0.007609,-0.005742,0.0,0.0,-0.007609130957148579,-0.005742335834027971,0.0,-0.0018667951231206075,49017181.0,420913.0,1459775193.7429998,82916145.08199999,XLF,IYF,Financials
2017-03-07,3.2072080200005186,5.366443195595637,24.71,214.1,-0.002825,-0.002795,0.0,0.0,-0.002824858757062147,-0.0027945971122496508,0.0,-3.026164481249611e-05,53726499.0,154826.0,1484893349.276,81699107.739,XLF,IYF,Financials
2017-03-08,3.20761263258949,5.362699625477305,24.72,213.3,0.000405,-0.003737,0.0,0.0,0.0004046944556859571,-0.0037365716954694066,0.0,0.004141266151155364,104601047.0,246956.0,1554317921.3930001,81113741.421,XLF,IYF,Financials
2017-03-09,3.21124679770371,5.362230692291689,24.81,213.2,0.003641,-0.000469,0.0,0.0,0.0036407766990291263,-0.00046882325363338024,0.0,0.004109599952662506,60804082.0,270806.0,1566193474.5115,80322096.429,XLF,IYF,Financials
2017-03-10,3.210440346047099,5.361479941505677,24.79,213.04,-0.000806,-0.00075,0.0,0.0,-0.0008061265618702137,-0.00075046904315197,0.0,-5.565751871824368e-05,62148618.0,321576.0,1552164046.358,70256588.994,XLF,IYF,Financials
2017-03-13,3.2128577525426376,5.363168338867653,24.85,213.4,0.00242,0.00169,0.0,0.0,0.0024203307785397336,0.0016898235073225685,0.0,0.0007305072712171651,49418405.0,244756.0,1548077796.2775,69752379.794,XLF,IYF,Financials
2017-03-14,3.2100368762009963,5.361573816183052,24.78,213.06,-0.002817,-0.001593,0.0,0.0,-0.0028169014084507044,-0.0015932521087160263,0.0,-0.001223649299734678,49511126.0,599104.0,1517205918.1964998,73190461.44799998,XLF,IYF,Financials
2017-03-15,3.208421366964342,5.36410510708604,24.74,213.6,-0.001614,0.002535,0.0,0.0,-0.0016142050040355124,0.0025344973246972683,0.0,-0.004148702328732781,86455125.0,1014185.0,1531752527.4179997,79902737.594,XLF,IYF,Financials
2017-03-16,3.2100368762009963,5.366910158013648,24.78,214.2,0.001617,0.002809,0.0,0.0,0.0016168148746968471,0.0028089887640449437,0.0,-0.0011921738893480966,89233679.0,374162.0,1548071228.921,76270576.014,XLF,IYF,Financials
2017-03-17,3.196630215920881,5.360446738013586,24.45,212.82,-0.00977,-0.006443,0.0,0.0,-0.013317191283292978,-0.006442577030812325,0.0,-0.006874614252480654,83056828.0,500960.0,1571277289.241,79021145.884,XLF,IYF,Financials
2017-03-20,3.1892822220211223,5.353841946407847,24.271,211.419,-0.007321,-0.006583,0.0,0.0,-0.007321063394683027,-0.006583027910910629,0.0,-0.0007380354837723977,78676416.0,797612.0,1600494508.8353,83878940.5064,XLF,IYF,Financials
2017-03-21,3.1599747169480397,5.330397260011448,23.57,206.52,-0.028882,-0.023172,0.0,0.0,-0.028882205100737506,-0.023171994948419962,0.0,-0.005710210152317544,192257047.0,1370714.0,1759181236.3978,94591227.0054,XLF,IYF,Financials
2017-03-22,3.1578511230304263,5.329331420077207,23.52,206.3,-0.002121,-0.001065,0.0,0.0,-0.0021213406873143827,-0.0010652721286073987,0.0,-0.001056068558706984,133199544.0,1279032.0,1853758812.7732997,105233675.15339999,XLF,IYF,Financials
2017-03-23,3.1599747169480397,5.333105192033701,23.57,207.08,0.002126,0.003781,0.0,0.0,0.0021258503401360546,0.003780901599612333,0.0,-0.0016550512594762784,85238878.0,763351.0,1888369528.5622997,111083598.7674,XLF,IYF,Financials
2017-03-24,3.1587011018321305,5.329040539190878,23.54,206.24,-0.001273,-0.000466,0.0,0.0,-0.0012728044123886295,-0.0040564033223876,0.0,0.0027835989099989707,97583434.0,609242.0,1927905672.0003,114912123.4194,XLF,IYF,Financials
2017-03-27,3.1548704948922883,5.323302619241945,23.45,205.06,-0.003823,-0.005722,0.0,0.0,-0.0038232795242141037,-0.005721489526764934,0.0,0.0018982100025508306,103962988.0,1098652.0,2001125753.1102996,121657922.35939999,XLF,IYF,Financials
2017-03-28,3.1684242813721024,5.334167019441734,23.77,207.3,0.013646,0.010924,0.0,0.0,0.013646055437100213,0.010923632107675801,0.0,0.0027224233294244112,82301069.0,594592.0,2038924336.1138,122741502.6654,XLF,IYF,Financials
2017-03-29,3.1620938107692163,5.33194554752802,23.62,206.84,-0.00631,-0.002219,0.0,0.0,-0.006310475389145982,-0.002219006271104679,0.0,-0.004091469118041303,76524085.0,325398.0,2013005965.3548,120538514.68139999,XLF,IYF,Financials
2017-03-30,3.175132901920282,5.342142846088066,23.93,208.96,0.013124,0.01025,0.0,0.0,0.013124470787468248,0.01024946818797138,0.0,0.0028750025994968686,92566017.0,415793.0,2037474273.8602996,122075584.6204,XLF,IYF,Financials
2017-03-31,3.166740070447672,5.338018733399589,23.73,208.1,-0.008358,-0.004116,-786649500.0,-478630000.0,-0.04046505232337911,-0.12097960355658342,-308019500.0,0.0805145512332043,70540021.0,294354.0,2049190510.4497998,122449820.20840001,XLF,IYF,Financials
2017-04-03,3.164630810015805,5.3358058109590285,23.68,207.64,-0.002107,-0.002211,0.0,0.0,-0.002107037505267594,-0.0022104757328207593,0.0,0.00010343822755316551,93489066.0,1439330.0,2099149277.3348,132874443.2134,XLF,IYF,Financials
2017-04-04,3.1633631149379418,5.334359957894966,23.65,207.34,-0.001267,-0.001445,0.0,0.0,-0.001266891891891892,-0.0014448083220959353,0.0,0.00017791643020404336,105795928.0,501668.0,2157873872.6803,136417823.0394,XLF,IYF,Financials
2017-04-05,3.1557230098629323,5.329040539190878,23.47,206.24,-0.007611,-0.005305,0.0,0.0,-0.007610993657505285,-0.005305295649657567,0.0,-0.0023056980078477183,104651195.0,441219.0,2151395155.9208,138333887.62739998,XLF,IYF,Financials
2017-04-06,3.1620938107692163,5.334552859130132,23.62,207.38,0.006391,0.005528,0.0,0.0,0.006391137622496805,0.005527540729247478,0.0,0.0008635968932493264,80802117.0,205654.0,2171394992.3768,137579521.9934,XLF,IYF,Financials
2017-04-07,3.1578511230304263,5.33194554752802,23.52,206.84,-0.004234,-0.002604,0.0,0.0,-0.004233700254022015,-0.0026039155174076576,0.0,-0.0016297847366143576,61525690.0,259526.0,2166715991.8058,136838112.3334,XLF,IYF,Financials
2017-04-10,3.1552968432253294,5.33194554752802,23.46,206.84,-0.002551,0.0,0.0,0.0,-0.002551020408163265,0.0,0.0,-0.002551020408163265,60428984.0,207253.0,2176196821.8252997,136369976.3394,XLF,IYF,Financials
2017-04-11,3.1523085805960878,5.3320422359496575,23.39,206.86,-0.002984,9.7e-05,0.0,0.0,-0.0029838022165387893,9.669309611293753e-05,0.0,-0.003080495312651727,83801181.0,531270.0,2212858017.8908,135482647.0374,XLF,IYF,Financials
2017-04-12,3.1441522786722644,5.3248619217701485,23.2,205.38,-0.008123,-0.007155,0.0,0.0,-0.008123129542539546,-0.0071545973121918205,0.0,-0.0009685322303477255,74023032.0,488797.0,2191779745.3858004,129670607.63039999,XLF,IYF,Financials
2017-04-13,3.131136910560194,5.314879454847015,22.9,203.34,-0.012931,-0.009933,0.0,0.0,-0.01293103448275862,-0.00993280747881975,0.0,-0.002998227003938871,120159316.0,835654.0,2218801633.9248,134159426.82840002,XLF,IYF,Financials
2017-04-17,3.1484533605716547,5.329816033607408,23.3,206.4,0.017467,0.015049,0.0,0.0,0.017467248908296942,0.015048686928297432,0.0,0.00241856197999951,86681175.0,363352.0,2218248230.5698,132578504.10840002,XLF,IYF,Financials
2017-04-18,3.138966441639899,5.325251367788118,23.08,205.46,-0.009442,-0.004554,0.0,0.0,-0.00944206008583691,-0.004554263565891473,0.0,-0.004887796519945436,74890353.0,591380.0,2209193933.295,130222234.277,XLF,IYF,Financials
2017-04-19,3.1359289040472746,5.323497665078335,23.01,205.1,-0.003033,-0.001752,0.0,0.0,-0.0030329289428076256,-0.0017521658717025211,0.0,-0.0012807630711051045,55583806.0,522193.0,2046568172.2085,121423330.72800002,XLF,IYF,Financials
2017-04-20,3.152736022363656,5.3357094857651,23.4,207.62,0.016949,0.012287,0.0,0.0,0.01694915254237288,0.012286689419795221,0.0,0.00466246312257766,85720393.0,957090.0,1990218368.2745,118165666.938,XLF,IYF,Financials
2017-04-21,3.1424266527047946,5.328943560089797,23.16,206.22,-0.010256,-0.006743,0.0,0.0,-0.010256410256410256,-0.006743088334457181,0.0,-0.0035133219219530753,94675256.0,653851.0,1999398296.9995003,117003788.345,XLF,IYF,Financials
2017-04-24,3.164630810015805,5.342047129409362,23.68,208.94,0.022453,0.01319,0.0,0.0,0.022452504317789293,0.013189797303850257,0.0,0.009262707013939036,98770606.0,514137.0,2001486992.6855,116092474.08,XLF,IYF,Financials
2017-04-25,3.173459961337718,5.348915419311128,23.89,210.38,0.008868,0.006892,0.0,0.0,0.008868243243243243,0.006891930697807983,0.0,0.0019763125454352595,71026149.0,871658.0,1964431124.236,113996965.626,XLF,IYF,Financials
2017-04-26,3.1726224403507386,5.348535082708654,23.87,210.3,-0.000837,-0.00038,0.0,0.0,-0.0008371703641691084,-0.0003802642836771556,0.0,-0.0004569060804919528,71691249.0,612882.0,1952179809.411,114278473.776,XLF,IYF,Financials
2017-04-27,3.168003494494444,5.345296367742031,23.76,209.62,-0.004608,-0.003234,0.0,0.0,-0.004608294930875576,-0.003233475986685687,0.0,-0.001374818944189889,68871770.0,399467.0,1943624527.786,115100021.28699999,XLF,IYF,Financials
2017-04-28,3.158276202739271,5.3353240921771325,23.53,207.54,-0.00968,-0.009923,-265889000.0,-228294000.0,-0.02097585584367591,-0.07287560810561142,-37595000.0,0.05189975226193551,64091925.0,634010.0,1908273438.2080002,117334937.79300001,XLF,IYF,Financials
2017-05-01,3.164630810015805,5.340801978154192,23.68,208.68,0.006375,0.005493,0.0,0.0,0.006374840628984276,0.005492917028042787,0.0,0.000881923600941489,69086646.0,761084.0,1906376292.1555,122213334.879,XLF,IYF,Financials
2017-05-02,3.1633631149379418,5.3400349598999055,23.65,208.52,-0.001267,-0.000767,0.0,0.0,-0.001266891891891892,-0.0007667241709794901,0.0,-0.0005001677209124019,76511460.0,592668.0,1886160039.4614997,113449367.38700001,XLF,IYF,Financials
2017-05-03,3.171364842197149,5.341281065980152,23.84,208.78,0.008034,0.001247,0.0,0.0,0.008033826638477801,0.0012468827930174563,0.0,0.006786943845460344,78115437.0,377325.0,1854169955.5055,112187470.90600002,XLF,IYF,Financials
2017-05-04,3.1730412885244013,5.342525621212357,23.88,209.04,0.001678,0.001245,0.0,0.0,0.0016778523489932886,0.0012453300124533001,0.0,0.00043252233653998844,64482819.0,463495.0,1808354264.059,112482070.318,XLF,IYF,Financials
2017-05-05,3.171364842197149,5.343386329915615,23.84,209.22,-0.001675,0.000861,0.0,0.0,-0.0016750418760469012,0.0008610792192881745,0.0,-0.0025361210953350755,46881451.0,277721.0,1768809653.4740002,113254883.373,XLF,IYF,Financials
2017-05-08,3.170525563927154,5.341089458391906,23.82,208.74,-0.000839,-0.002294,0.0,0.0,-0.0008389261744966443,-0.002294235732721537,0.0,0.0014553095582248926,45893018.0,180561.0,1751114026.4720001,112455380.63800001,XLF,IYF,Financials
2017-05-09,3.166740070447672,5.3366723204245,23.73,207.82,-0.003778,-0.004407,0.0,0.0,-0.003778337531486146,-0.00440739676152151,0.0,0.000629059230035364,65737851.0,213305.0,1758228788.4515,112528422.36700001,XLF,IYF,Financials
2017-05-10,3.170105660498771,5.340130869361447,23.81,208.54,0.003371,0.003464,0.0,0.0,0.00337126000842815,0.003464536618227312,0.0,-9.32766097991619e-05,51192670.0,371326.0,1721168180.907,110905312.95899999,XLF,IYF,Financials
2017-05-11,3.1637858585502405,5.334359957894966,23.66,207.34,-0.0063,-0.005754,0.0,0.0,-0.00629987400251995,-0.0057542917425913494,0.0,-0.0005455822599286005,77266708.0,334049.0,1726707979.3510003,109348942.549,XLF,IYF,Financials
2017-05-12,3.159550358783386,5.330590927098332,23.56,206.56,-0.004227,-0.003762,0.0,0.0,-0.00422654268808115,-0.0037619369152117293,0.0,-0.0004646057728694207,55787188.0,235854.0,1654842869.995,103288748.443,XLF,IYF,Financials
2017-05-15,3.167161389181522,5.337730368904872,23.74,208.04,0.00764,0.007165,0.0,0.0,0.007640067911714771,0.007164988381099922,0.0,0.0004750795306148487,52192101.0,383288.0,1615811325.007,103525917.57900001,XLF,IYF,Financials
2017-05-16,3.170105660498771,5.337922621140396,23.81,208.08,0.002949,0.000192,0.0,0.0,0.0029486099410278013,0.00019227071716977504,0.0,0.0027563392238580263,51529642.0,313023.0,1590733896.446,100707362.13100001,XLF,IYF,Financials
2017-05-17,3.138099514840913,5.315862545763785,23.06,203.54,-0.031499,-0.021819,0.0,0.0,-0.031499370012599746,-0.02181853133410227,0.0,-0.009680838678497478,141192783.0,1284845.0,1689580006.442,108428140.48099999,XLF,IYF,Financials
2017-05-18,3.1419947805322432,5.318806032975353,23.15,204.14,0.003903,0.002948,0.0,0.0,0.0039028620988725065,0.0029478235236317187,0.0,0.0009550385752407878,101656920.0,338285.0,1706955031.532,101945464.186,XLF,IYF,Financials
2017-05-19,3.150596984114906,5.326516020906715,23.35,205.72,0.008639,0.00774,0.0,0.0,0.008639308855291577,0.00773978642108357,0.0,0.000899522434208007,69775647.0,241617.0,1678784152.9565,97688878.987,XLF,IYF,Financials
2017-05-22,3.1531632815028194,5.329912928137787,23.41,206.42,0.00257,0.003403,0.0,0.0,0.002569593147751606,0.0034026832587983665,0.0,-0.0008330901110467606,79181862.0,176035.0,1654522124.9235,94134546.983,XLF,IYF,Financials
2017-05-23,3.1608228934195837,5.336383567354493,23.59,207.76,0.007689,0.006492,0.0,0.0,0.007689021785561726,0.00649161902916384,0.0,0.0011974027563978855,65577828.0,180225.0,1647030438.069,86837753.78099999,XLF,IYF,Financials
2017-05-24,3.160398895109225,5.338403090087322,23.58,208.18,-0.000424,0.002022,0.0,0.0,-0.000423908435777872,0.0020215633423180594,0.0,-0.0024454717780959313,60004715.0,149747.0,1632212491.3725,81952016.074,XLF,IYF,Financials
2017-05-25,3.1620938107692163,5.340610278738288,23.62,208.64,0.001696,0.00221,0.0,0.0,0.0016963528413910093,0.00220962628494572,0.0,-0.0005132734435547106,49362388.0,148328.0,1608689808.8405,79312560.14299999,XLF,IYF,Financials
2017-05-26,3.1616703510974213,5.338595213046607,23.61,208.22,-0.000423,-0.002013,0.0,0.0,-0.0004233700254022015,-0.002013036809815951,0.0,0.0015896667844137494,42601706.0,131252.0,1583576973.0110002,74099902.94500001,XLF,IYF,Financials
2017-05-30,3.1548704948922883,5.332622170240027,23.45,206.98,-0.006777,-0.005955,0.0,0.0,-0.006776789495976281,-0.005955239650369801,0.0,-0.0008215498456064802,46584183.0,80400.0,1556398338.7145,66990812.089,XLF,IYF,Financials
2017-05-31,3.1463051320333655,5.327779076697656,23.25,205.98,-0.008529,-0.004831,-841650000.0,-102990000.0,-0.045175140812692874,-0.03554646539475992,-738660000.0,-0.009628675417932955,115877876.0,488398.0,1600631568.1145,65841666.523,XLF,IYF,Financials
2017-06-01,3.1587011018321305,5.3389793482669266,23.54,208.3,0.012473,0.011263,0.0,0.0,0.012473118279569893,0.011263229439751433,0.0,0.0012098888398184605,81187583.0,389485.0,1603075752.4015,65959257.123,XLF,IYF,Financials
2017-06-02,3.1548704948922883,5.338114836422103,23.45,208.12,-0.003823,-0.000864,0.0,0.0,-0.0038232795242141037,-0.0008641382621219395,0.0,-0.002959141262092164,83704479.0,306225.0,1624226768.1430001,64301384.733,XLF,IYF,Financials
2017-06-05,3.1565747986708215,5.338114836422103,23.49,208.12,0.001706,0.0,0.0,0.0,0.0017057569296375266,0.0,0.0,0.0017057569296375266,44055796.0,97399.0,1620087610.953,62409679.34599999,XLF,IYF,Financials
2017-06-06,3.1523085805960878,5.333394893160733,23.39,207.14,-0.004257,-0.004709,0.0,0.0,-0.004257130693912303,-0.004708821833557563,0.0,0.0004516911396452595,60397338.0,197418.0,1636063713.306,62569822.415,XLF,IYF,Financials
2017-06-07,3.1599747169480397,5.339747176311176,23.57,208.46,0.007696,0.006373,0.0,0.0,0.007695596408721676,0.006372501689678478,0.0,0.0013230947190431977,83049054.0,213487.0,1655939063.2335,62578545.161,XLF,IYF,Financials
2017-06-08,3.171364842197149,5.348439975951247,23.84,210.28,0.011455,0.008731,0.0,0.0,0.011455239711497667,0.008730691739422432,0.0,0.0027245479720752353,77986983.0,490899.0,1687954673.3344998,63868041.044999994,XLF,IYF,Financials
2017-06-09,3.190064743014081,5.362512078590034,24.29,213.26,0.018876,0.014172,0.0,0.0,0.018875838926174497,0.014171580749476888,0.0,0.004704258176697609,133216200.0,409931.0,1758339232.6705003,64776049.315,XLF,IYF,Financials
2017-06-12,3.1921210875593813,5.364385966517741,24.34,213.66,0.002058,0.001876,0.0,0.0,0.0020584602717167557,0.0018756447528838038,0.0,0.00018281551883295188,86644404.0,273730.0,1798068164.8744998,65264406.793,XLF,IYF,Financials
2017-06-13,3.19744787745458,5.368962206117368,24.47,214.64,0.005341,0.004587,0.0,0.0,0.005341002465078061,0.004586726574932135,0.0,0.0007542758901459262,94978649.0,390608.0,1852322518.039,65469450.07299999,XLF,IYF,Financials
2017-06-14,3.1990811975400213,5.370731047057082,24.51,215.02,0.001635,0.00177,0.0,0.0,0.0016346546791990192,0.0017704062616474097,0.0,-0.00013575158244839044,117605841.0,610650.0,1935102437.3834999,68777856.931,XLF,IYF,Financials
2017-06-15,3.1949928844048685,5.368402974114725,24.41,214.52,-0.00408,-0.002325,0.0,0.0,-0.004079967360261118,-0.002325365082317924,0.0,-0.0017546022779431941,59547702.0,228444.0,1844985128.8755002,58152279.71,XLF,IYF,Financials
2017-06-16,3.190064743014081,5.367843429196647,24.29,214.4,-0.001104,-0.000559,0.0,0.0,-0.004916018025399427,-0.0005593884020137983,0.0,-0.004356629623385629,53818768.0,113838.0,1792680137.7114997,55919748.075,XLF,IYF,Financials
2017-06-19,3.2003044392827653,5.374444726935588,24.54,215.82,0.010292,0.006623,0.0,0.0,0.01029230135858378,0.006623134328358209,0.0,0.0036691670302255704,58041293.0,324243.0,1782433736.35,56933381.826,XLF,IYF,Financials
2017-06-20,3.1917101567954314,5.367563539284851,24.33,214.34,-0.008558,-0.006858,0.0,0.0,-0.008557457212713936,-0.006857566490594013,0.0,-0.0016998907221199228,45689645.0,195409.0,1745332820.0215,57210722.844,XLF,IYF,Financials
2017-06-21,3.1834558796369405,5.360634672612898,24.13,212.86,-0.00822,-0.006905,0.0,0.0,-0.008220304151253596,-0.006904917420920033,0.0,-0.0013153867303335627,51938219.0,305630.0,1730647233.119,58591365.634,XLF,IYF,Financials
2017-06-22,3.177220149599368,5.356397577624562,23.98,211.96,-0.006216,-0.004228,0.0,0.0,-0.006216328222130129,-0.004228131166024617,0.0,-0.0019881970561055114,58380184.0,137262.0,1729899514.75,58487351.787,XLF,IYF,Financials
2017-06-23,3.173459961337718,5.355264646989787,23.89,211.72,-0.003753,-0.001132,0.0,0.0,-0.0037531276063386154,-0.0011322891111530478,0.0,-0.0026208384951855674,85352592.0,84196.0,1773556205.666,57831292.947000004,XLF,IYF,Financials
2017-06-26,3.1788868166518376,5.360164769874117,24.02,212.76,0.005442,0.004912,0.0,0.0,0.0054416073670992045,0.0049121481201587006,0.0,0.000529459246940504,60302320.0,124465.0,1795687978.053,57788887.045,XLF,IYF,Financials
2017-06-27,3.1838702156693857,5.358471289367784,24.14,212.4,0.004996,0.002178,0.0,0.0,0.004995836802664446,-0.001692047377326565,0.0,0.0066878841799910115,75943411.0,178709.0,1832731720.5624995,58854717.025,XLF,IYF,Financials
2017-06-28,3.1994891110680106,5.370172803648464,24.52,214.9,0.015742,0.01177,0.0,0.0,0.015741507870753936,0.011770244821092278,0.0,0.003971263049661658,90097595.0,204760.0,1808483341.1825001,56024852.223000005,XLF,IYF,Financials
2017-06-29,3.206398303357088,5.372032404370318,24.69,215.3,0.006933,0.001861,0.0,0.0,0.006933115823817292,0.0018613308515588647,0.0,0.005071784972258428,119176691.0,814011.0,1860049181.0310001,60731194.363,XLF,IYF,Financials
2017-06-30,3.2055879305412653,5.370824057334785,24.67,215.04,-0.00081,-0.001208,899221500.0000001,139776000.0,0.03780389410929314,0.040143659713449756,759445500.0000001,-0.0023397656041566142,72754878.0,109480.0,1851648821.4164996,58721745.973000005,XLF,IYF,Financials
2017-07-03,3.2200751054436827,5.38247467455476,25.03,217.56,0.014593,0.011719,0.0,0.0,0.014592622618565058,0.01171875,0.0,0.002873872618565058,61454445.0,110110.0,1876815526.932,58905988.559,XLF,IYF,Financials
2017-07-05,3.221671912170202,5.38247467455476,25.07,217.56,0.001598,0.0,0.0,0.0,0.0015980823012385138,0.0,0.0,0.0015980823012385138,78100184.0,334062.0,1904079420.7849998,60495256.76900001,XLF,IYF,Financials
2017-07-06,3.2140642678709788,5.372496764722288,24.88,215.4,-0.007579,-0.009928,0.0,0.0,-0.007578779417630634,-0.009928295642581356,0.0,0.0023495162249507224,98353765.0,277226.0,1928558194.3059998,61255805.788,XLF,IYF,Financials
2017-07-07,3.2208738275308737,5.378790750697913,25.05,216.76,0.006833,0.006314,0.0,0.0,0.006832797427652733,0.006313834726090994,0.0,0.0005189627015617397,59432444.0,644000.0,1910036846.6799998,63074165.702,XLF,IYF,Financials
2017-07-10,3.219675505038765,5.376203905205108,25.02,216.2,-0.001198,-0.002583,0.0,0.0,-0.0011976047904191617,-0.002583502491234545,0.0,0.0013858977008153832,55022450.0,131982.0,1817078856.7300003,60129796.868999995,XLF,IYF,Financials
2017-07-11,3.2108436531709366,5.372032404370318,24.8,215.3,-0.008793,-0.004163,0.0,0.0,-0.008792965627498001,-0.004162812210915819,0.0,-0.0046301534165821825,49857176.0,406160.0,1773455515.302,61577851.679,XLF,IYF,Financials
2017-07-12,3.2140642678709788,5.376018874211889,24.88,216.16,0.003226,0.003994,0.0,0.0,0.0032258064516129032,0.003994426381792847,0.0,-0.0007686199301799438,47818560.0,123388.0,1716735426.8905,58719424.127,XLF,IYF,Financials
2017-07-13,3.2200751054436827,5.380726502788755,25.03,217.18,0.006029,0.004719,0.0,0.0,0.006028938906752411,0.0047187268689859365,0.0,0.0013102120377664747,48875853.0,740108.0,1633777598.7745001,60191158.749,XLF,IYF,Financials
2017-07-14,3.2156706939192525,5.379805183394304,24.92,216.98,-0.004395,-0.000921,0.0,0.0,-0.0043947263284059125,-0.0009208951100469656,0.0,-0.003473831218358947,61742329.0,208652.0,1638030570.4175,60004533.952999994,XLF,IYF,Financials
2017-07-17,3.212455257065278,5.379436417832829,24.84,216.9,-0.00321,-0.000369,0.0,0.0,-0.0032102728731942215,-0.000368697575813439,0.0,-0.0028415752973807826,43257045.0,82224.0,1626392926.5715,59675909.873,XLF,IYF,Financials
2017-07-18,3.2108436531709366,5.377775287882752,24.8,216.54,-0.00161,-0.00166,0.0,0.0,-0.001610305958132045,-0.0016597510373443983,0.0,4.9445079212353214e-05,63210692.0,266322.0,1633557518.1404998,59060471.953999996,XLF,IYF,Financials
2017-07-19,3.21124679770371,5.3811868443703315,24.81,217.28,0.000403,0.003417,0.0,0.0,0.0004032258064516129,0.003417382469751547,0.0,-0.003014156663299934,48259409.0,303722.0,1637841861.8625,60265909.509,XLF,IYF,Financials
2017-07-20,3.2108436531709366,5.380726502788755,24.8,217.18,-0.000403,-0.00046,0.0,0.0,-0.00040306328093510683,-0.0004602356406480118,0.0,5.7172359712904944e-05,40163535.0,318585.0,1624981184.039,60472603.934,XLF,IYF,Financials
2017-07-21,3.2108436531709366,5.38091066485189,24.8,217.22,0.0,0.000184,0.0,0.0,0.0,0.00018417902200939314,0.0,-0.00018417902200939314,43888447.0,240797.0,1609405017.7029998,61633197.475,XLF,IYF,Financials
2017-07-24,3.215269329274089,5.383760848365505,24.91,217.84,0.004436,0.002854,0.0,0.0,0.004435483870967742,0.002854249148328883,0.0,0.0015812347226388588,26364776.0,123679.0,1540288675.067,62089010.287,XLF,IYF,Financials
2017-07-25,3.2276373305367736,5.39308194299246,25.22,219.88,0.012445,0.009365,0.0,0.0,0.012444801284624649,0.009364671318398824,0.0,0.003080129966225824,75786820.0,1406313.0,1563432768.767,76225956.73900001,XLF,IYF,Financials
2017-07-26,3.2208738275308737,5.38943695991552,25.05,219.08,-0.006741,-0.003638,0.0,0.0,-0.0067406819984139575,-0.0036383481899217754,0.0,-0.003102333808492182,56086548.0,93082.0,1542017473.06,75347687.387,XLF,IYF,Financials
2017-07-27,3.215269329274089,5.3845868017002125,24.91,218.02,-0.005589,-0.004838,0.0,0.0,-0.005588822355289421,-0.004838415190797882,0.0,-0.0007504071644915391,67826171.0,127300.0,1516035317.5705,74535238.487,XLF,IYF,Financials
2017-07-28,3.215269329274089,5.38421979554874,24.91,217.94,0.0,-0.000367,0.0,0.0,0.0,-0.0003669388129529401,0.0,0.0003669388129529401,43735806.0,123739.0,1423384638.904,67120793.955,XLF,IYF,Financials
2017-07-31,3.222469360378331,5.388980401445279,25.09,218.98,0.007226,0.004772,1315970500.0,76643000.0,0.061152695677726056,0.02628083536725171,1239327500.0,0.034871860310474345,43039260.0,186060.0,1387634248.5609999,67980835.935,XLF,IYF,Financials
2017-08-01,3.2296179214001026,5.396260440878001,25.27,220.58,0.007174,0.007307,0.0,0.0,0.007174172977281785,0.0073066033427710295,0.0,-0.00013243036548924413,60987497.0,899201.0,1387781713.1030002,76700347.184,XLF,IYF,Financials
2017-08-02,3.2311995745570328,5.395353329059631,25.31,220.38,0.001583,-0.000907,0.0,0.0,0.0015829046299960427,-0.0009067005168192946,0.0,0.0024896051468153374,43341507.0,158679.0,1344731809.5674999,74814904.649,XLF,IYF,Financials
2017-08-03,3.2276373305367736,5.3918987801695675,25.22,219.62,-0.003556,-0.003449,0.0,0.0,-0.0035559067562228367,-0.00344858880116163,0.0,-0.00010731795506120677,40816841.0,117541.0,1273849762.4085002,73119898.35,XLF,IYF,Financials
2017-08-04,3.234355395716587,5.39725731440294,25.39,220.8,0.006741,0.005373,0.0,0.0,0.0067406819984139575,0.005372916856388307,0.0,0.0013677651420256507,50792914.0,161679.0,1263892230.6215,67925162.51,XLF,IYF,Financials
2017-08-07,3.232778730037192,5.39662305533216,25.35,220.66,-0.001575,-0.000634,0.0,0.0,-0.0015754233950374162,-0.0006340579710144927,0.0,-0.0009413654240229235,39486769.0,74740.0,1245108625.3790002,67323043.51,XLF,IYF,Financials
2017-08-08,3.2300135692786567,5.394263707595246,25.28,220.14,-0.002761,-0.002357,0.0,0.0,-0.0027613412228796844,-0.0023565666636454273,0.0,-0.0004047745592342571,52736465.0,167313.0,1249944618.899,64792345.301,XLF,IYF,Financials
2017-08-09,3.2300135692786567,5.392262979390565,25.28,219.7,0.0,-0.001999,0.0,0.0,0.0,-0.001998728082129554,0.0,0.001998728082129554,46567038.0,82467.0,1249319066.291,64364667.79200001,XLF,IYF,Financials
2017-08-10,3.2120525995200753,5.376296407864626,24.83,216.22,-0.017801,-0.01584,0.0,0.0,-0.017800632911392406,-0.015839781520254892,0.0,-0.0019608513911375143,71130286.0,160854.0,1276459186.3305001,58066827.61400001,XLF,IYF,Financials
2017-08-11,3.208017081533325,5.372032404370318,24.73,215.3,-0.004027,-0.004255,0.0,0.0,-0.004027386226339106,-0.004254925538803071,0.0,0.00022753931246396499,50477789.0,415465.0,1261944030.495,60275642.79100001,XLF,IYF,Financials
2017-08-14,3.221671912170202,5.386969064142599,25.07,218.54,0.013749,0.015049,0.0,0.0,0.013748483623129802,0.015048769159312587,0.0,-0.0013002855361827857,49472883.0,515571.0,1270233039.4455,65017567.82800001,XLF,IYF,Financials
2017-08-15,3.222469360378331,5.388066658691645,25.09,218.78,0.000798,0.001098,0.0,0.0,0.0007977662544874351,0.0010981971263841859,0.0,-0.00030043087189675073,48535038.0,82550.0,1252738986.5365,63037113.984000005,XLF,IYF,Financials
2017-08-16,3.2204745462318978,5.38788380990708,25.04,218.74,-0.001993,-0.000183,0.0,0.0,-0.0019928258270227183,-0.00018283206874485786,0.0,-0.0018099937582778604,35084074.0,131529.0,1236798450.3200002,61176010.849,XLF,IYF,Financials
2017-08-17,3.2031528644029645,5.372682448503343,24.61,215.44,-0.017173,-0.015086,0.0,0.0,-0.017172523961661343,-0.015086403949894852,0.0,-0.002086120011766491,76613078.0,134610.0,1281268059.399,59166515.25399999,XLF,IYF,Financials
2017-08-18,3.2035591207563074,5.370545000544918,24.62,214.98,0.000406,-0.002135,0.0,0.0,0.0004063388866314506,-0.0021351652432231713,0.0,0.002541504129854622,71725883.0,135544.0,1315140947.092,58008181.49300001,XLF,IYF,Financials
2017-08-21,3.2007118542405295,5.371103036273684,24.55,215.1,-0.002843,0.000558,0.0,0.0,-0.002843216896831844,0.0005581914596706671,0.0,-0.003401408356502511,45047234.0,102102.0,1337599098.319,57759176.835,XLF,IYF,Financials
2017-08-22,3.211649779776461,5.379436417832829,24.82,216.9,0.010998,0.008368,0.0,0.0,0.010997963340122199,0.008368200836820083,0.0,0.002629762503302116,42644026.0,90004.0,1294953154.565,43274265.093,XLF,IYF,Financials
2017-08-23,3.208421366964342,5.378883014387604,24.74,216.78,-0.003223,-0.000553,0.0,0.0,-0.0032232070910556,-0.0005532503457814661,0.0,-0.0026699567452741343,36612709.0,50489.0,1269994674.228,42801895.13599999,XLF,IYF,Financials
2017-08-24,3.208421366964342,5.378329304517421,24.74,216.66,0.0,-0.000554,0.0,0.0,0.0,-0.0005535566011624688,0.0,0.0005535566011624688,31067169.0,57714.0,1223947266.3005002,42039413.598000005,XLF,IYF,Financials
2017-08-25,3.21124679770371,5.3821068922777195,24.81,217.48,0.002829,0.003785,0.0,0.0,0.0028294260307194824,0.0037847318379027046,0.0,-0.0009553058071832222,37177271.0,177199.0,1215592724.603,42617891.640999995,XLF,IYF,Financials
2017-08-28,3.204776900488699,5.3774981644224775,24.65,216.48,-0.006449,-0.004598,0.0,0.0,-0.006449012494961709,-0.004598123965422108,0.0,-0.0018508885295396016,36486934.0,118739.0,1206570119.088,41865951.637,XLF,IYF,Financials
2017-08-29,3.201526186533088,5.373517599110972,24.57,215.62,-0.003245,-0.003973,0.0,0.0,-0.0032454361054766734,-0.003972653362897266,0.0,0.0007272172574205923,42814209.0,79178.0,1182109672.3849998,32802281.825999998,XLF,IYF,Financials
2017-08-30,3.2055879305412653,5.378144666407591,24.67,216.62,0.00407,0.004638,0.0,0.0,0.00407000407000407,0.004637788702346721,0.0,-0.0005677846323426513,35176115.0,521697.0,1170650733.1290002,36704298.132,XLF,IYF,Financials
2017-08-31,3.2068032436339315,5.37934420519041,24.7,216.88,0.001216,0.0012,-496470000.0,97596000.0,-0.018282582100252822,0.0281787085970244,-594066000.0,-0.046461290697277224,44225193.0,62580.0,1173798809.983,36092197.931,XLF,IYF,Financials
2017-09-01,3.209633243501268,5.382750422522866,24.77,217.62,0.002834,0.003412,0.0,0.0,0.002834008097165992,0.003412025082995205,0.0,-0.0005780169858292127,42132639.0,836521.0,1161498479.0615,43409446.772,XLF,IYF,Financials
2017-09-05,3.1880041612011136,5.364760323096751,24.24,213.74,-0.021397,-0.017829,0.0,0.0,-0.021396851029471135,-0.017829243635695248,0.0,-0.0035676073937758873,96579242.0,1479988.0,1228503040.658,58401472.108,XLF,IYF,Financials
2017-09-06,3.190476350346503,5.367283571012759,24.3,214.28,0.002475,0.002526,0.0,0.0,0.0024752475247524753,0.0025264339852156827,0.0,-5.1186460463207434e-05,77593850.0,125767.0,1256120676.648,57907325.55500001,XLF,IYF,Financials
2017-09-07,3.1730412885244013,5.357811938333676,23.88,212.26,-0.017284,-0.009427,0.0,0.0,-0.01728395061728395,-0.009426918051148031,0.0,-0.007857032566135918,87667847.0,194653.0,1301935349.934,59067277.849,XLF,IYF,Financials
2017-09-08,3.1822118404966093,5.3639178236319855,24.1,213.56,0.009213,0.006125,0.0,0.0,0.009212730318257957,0.006124564213700179,0.0,0.003088166104557778,68639461.0,138998.0,1296337650.37,58812505.89899999,XLF,IYF,Financials
2017-09-11,3.1994891110680106,5.380081668350677,24.52,217.04,0.017427,0.016295,0.0,0.0,0.017427385892116183,0.01629518636448773,0.0,0.0011321995276284517,73305743.0,693853.0,1323794705.1895,61869717.92999999,XLF,IYF,Financials
2017-09-12,3.21124679770371,5.3867860145356445,24.81,218.5,0.011827,0.006727,0.0,0.0,0.011827079934747145,0.00672687062292665,0.0,0.005100209311820495,66350629.0,108307.0,1344088401.6235,57419327.588,XLF,IYF,Financials
2017-09-13,3.2128577525426376,5.3867860145356445,24.85,218.5,0.001612,0.0,0.0,0.0,0.0016122531237404273,0.0,0.0,0.0016122531237404273,51049443.0,97874.0,1346630129.38,57585586.588,XLF,IYF,Financials
2017-09-14,3.2108436531709366,5.3855037282269524,24.8,218.22,-0.002012,-0.001281,0.0,0.0,-0.002012072434607646,-0.0012814645308924484,0.0,-0.0007306079037151976,47163158.0,121495.0,1361187184.652,57472685.86,XLF,IYF,Financials
2017-09-15,3.209633243501268,5.3893456648956,24.77,219.06,0.002953,0.003849,0.0,0.0,-0.0012096774193548388,0.00384932636788562,0.0,-0.005059003787240459,59250192.0,62333.0,1340296154.965,56705400.28900001,XLF,IYF,Financials
2017-09-18,3.221272949467922,5.395262572604516,25.06,220.36,0.011708,0.005934,0.0,0.0,0.011707710940654016,0.005934447183420067,0.0,0.005773263757233949,44010385.0,79261.0,1307146605.397,56121735.530999996,XLF,IYF,Financials
2017-09-19,3.228826155721369,5.399609618029909,25.25,221.32,0.007582,0.004357,0.0,0.0,0.007581803671189146,0.00435650753312761,0.0,0.003225296138061536,58443318.0,181554.0,1325635814.637,57032705.08499999,XLF,IYF,Financials
2017-09-20,3.2347491740244907,5.403487864153576,25.4,222.18,0.005941,0.003886,0.0,0.0,0.005940594059405941,0.0038857762515814207,0.0,0.00205481780782452,70595545.0,123587.0,1362370920.5210001,57429539.688,XLF,IYF,Financials
2017-09-21,3.2371085931292605,5.404027820970151,25.46,222.3,0.002362,0.00054,0.0,0.0,0.002362204724409449,0.0005401026194977045,0.0,0.0018221021049117441,51050081.0,81005.0,1382067752.601,57782659.992,XLF,IYF,Financials
2017-09-22,3.2359295794340284,5.403127730900382,25.43,222.1,-0.001178,-0.0009,0.0,0.0,-0.001178318931657502,-0.000899685110211426,0.0,-0.000278633821446076,42306550.0,51065.0,1397430442.873,57724521.05499999,XLF,IYF,Financials
2017-09-25,3.2347491740244907,5.4013251166222656,25.4,221.7,-0.00118,-0.001801,0.0,0.0,-0.0011797090051120724,-0.0018009905447996398,0.0,0.0006212815396875674,39774597.0,105898.0,1401825776.3875,56971538.45900001,XLF,IYF,Financials
2017-09-26,3.234355395716587,5.3981627015177525,25.39,221.0,-0.000394,0.000514,0.0,0.0,-0.0003937007874015748,-0.0031574199368516014,0.0,0.0027637191494500266,46811004.0,69674.0,1416282199.8105,56456205.223000005,XLF,IYF,Financials
2017-09-27,3.246490991901174,5.4061847374170435,25.7,222.78,0.01221,0.008054,0.0,0.0,0.012209531311539977,0.008054298642533937,0.0,0.00415523266900604,65919146.0,135085.0,1448391046.664,57107299.02,XLF,IYF,Financials
2017-09-28,3.2480462021679806,5.409590368957465,25.74,223.54,0.001556,0.003411,0.0,0.0,0.0015564202334630351,0.003411437292396086,0.0,-0.0018550170589330508,37718872.0,84434.0,1453545497.0755,52400517.631,XLF,IYF,Financials
2017-09-29,3.2526973733437115,5.412716906856533,25.86,224.24,0.004662,0.003131,1208955000.0,100908000.0,0.051073250486291064,0.02945266348976227,1108047000.0,0.021620586996528794,42740827.0,80669.0,1454191273.0315,52626360.939,XLF,IYF,Financials
2017-10-02,3.261168737058452,5.4190294417103,26.08,225.66,0.008507,0.006332,0.0,0.0,0.008507347254447023,0.006332500891901534,0.0,0.0021748463625454887,52773978.0,947742.0,1470827266.942,54217548.924,XLF,IYF,Financials
2017-10-03,3.2646137165420543,5.421773170474955,26.17,226.28,0.003451,0.002747,0.0,0.0,0.003450920245398773,0.0027474962332712932,0.0,0.0007034240121274798,48062892.0,394733.0,1416663519.8200002,42866926.33,XLF,IYF,Financials
2017-10-04,3.260017768199376,5.419472488104504,26.05,225.76,-0.004585,-0.002298,0.0,0.0,-0.0045854031333588076,-0.002298037829238112,0.0,-0.0022873653041206956,39283783.0,160061.0,1373554119.4275,43326227.26,XLF,IYF,Financials
2017-10-05,3.2703291064571163,5.428468051013081,26.32,227.8,0.010365,0.009036,0.0,0.0,0.01036468330134357,0.009036144578313253,0.0,0.0013285387230303168,61260377.0,475558.0,1349497366.2415,46676980.591,XLF,IYF,Financials
2017-10-06,3.2714682749873716,5.427589702252176,26.35,227.6,0.00114,-0.000878,0.0,0.0,0.0011398176291793312,-0.000877963125548727,0.0,0.002017780754728058,66077803.0,134981.0,1353844321.189,46728843.727,XLF,IYF,Financials
2017-10-09,3.2676659890376327,5.425918711141758,26.25,227.22,-0.003795,-0.00167,0.0,0.0,-0.003795066413662239,-0.0016695957820738138,0.0,-0.0021254706315884256,31340231.0,70701.0,1305105533.4585,40002385.032,XLF,IYF,Financials
2017-10-10,3.2722270003651954,5.430047137225931,26.37,228.16,0.004571,0.004137,0.0,0.0,0.004571428571428572,0.004136959774667723,0.0,0.0004344687967608486,35822514.0,243672.0,1270029562.8930001,41598941.232999995,XLF,IYF,Financials
2017-10-11,3.2703291064571163,5.430047137225931,26.32,228.16,-0.001896,0.0,0.0,0.0,-0.0018960940462646946,0.0,0.0,-0.0018960940462646946,33748617.0,99130.0,1251013809.9375,41660542.823,XLF,IYF,Financials
2017-10-12,3.2627013044082305,5.426182737545933,26.12,227.28,-0.007599,-0.003857,0.0,0.0,-0.007598784194528876,-0.0038569424964936885,0.0,-0.003741841698035187,53834797.0,101402.0,1262839738.8995001,41487243.206,XLF,IYF,Financials
2017-10-13,3.263084079532521,5.42653466434879,26.13,227.36,0.000383,0.000352,0.0,0.0,0.00038284839203675346,0.00035198873636055567,0.0,3.0859655676197795e-05,69561357.0,120821.0,1280340289.028,42178002.985,XLF,IYF,Financials
2017-10-16,3.269568939183719,5.429521052163381,26.3,228.04,0.006506,0.002991,0.0,0.0,0.006505931879066207,0.0029908515130188814,0.0,0.003515080366047326,42000717.0,66186.0,1280426219.478,42059358.059,XLF,IYF,Financials
2017-10-17,3.2646137165420543,5.4255665674635,26.17,227.14,-0.004943,-0.003947,0.0,0.0,-0.00494296577946768,-0.003946676021750689,0.0,-0.0009962897577169916,37844216.0,107135.0,1256160687.139,41267013.69,XLF,IYF,Financials
2017-10-18,3.269949095052201,5.429257905808632,26.31,227.98,0.00535,0.003698,0.0,0.0,0.005349636988918609,0.003698159725279683,0.0,0.001651477263638926,52201500.0,340198.0,1235175418.2389998,43772002.70900001,XLF,IYF,Financials
2017-10-19,3.270708973508218,5.430310076006534,26.33,228.22,0.00076,0.001053,0.0,0.0,0.0007601672367920942,0.0010527239231511536,0.0,-0.00029255668635905935,34671617.0,234299.0,1215833848.9065,45545218.023,XLF,IYF,Financials
2017-10-20,3.2824138456721883,5.437296393829488,26.64,229.82,0.011774,0.007011,0.0,0.0,0.011773642233194076,0.007010779072824468,0.0,0.004762863160369608,56083775.0,443040.0,1236744658.8815,50069113.838,XLF,IYF,Financials
2017-10-23,3.2816628129669656,5.435554384853122,26.62,229.42,-0.000751,-0.001741,0.0,0.0,-0.0007507507507507507,-0.0017404925593943086,0.0,0.0009897418086435579,43555183.0,147686.0,1244202869.2645001,50589340.614,XLF,IYF,Financials
2017-10-24,3.2887749522478678,5.4397301194983605,26.81,230.38,0.007137,0.004184,0.0,0.0,0.007137490608564989,0.0041844651730450705,0.0,0.0029530254355199185,61259191.0,464686.0,1266894245.222,55172160.948,XLF,IYF,Financials
2017-10-25,3.2827891506118534,5.4359030295006,26.65,229.5,-0.005968,-0.00382,0.0,0.0,-0.005967922417008579,-0.0038197760222241513,0.0,-0.002148146394784428,68653530.0,190810.0,1273668971.337,55856993.883,XLF,IYF,Financials
2017-10-26,3.288401887516811,5.439382806826639,26.8,230.3,0.005629,0.003486,0.0,0.0,0.005628517823639775,0.003485838779956427,0.0,0.002142679043683348,41832594.0,244874.0,1281180459.033,57732999.175,XLF,IYF,Financials
2017-10-27,3.2876553402630266,5.439990524864182,26.78,230.44,-0.000746,0.000608,0.0,0.0,-0.0007462686567164179,0.0006079027355623101,0.0,-0.001354171392278728,56694352.0,115342.0,1301830307.05,58157508.87099999,XLF,IYF,Financials
2017-10-30,3.283539338193923,5.436512865299436,26.67,229.64,-0.004108,-0.003472,0.0,0.0,-0.004107542942494399,-0.0034716195105017667,0.0,-0.0006359234319926322,48157525.0,118866.0,1297231099.3255,48828955.297,XLF,IYF,Financials
2017-10-31,3.2809112157876537,5.435292821575114,26.6,229.36,-0.002625,-0.001219,1001490000.0,206424000.0,0.03284296297469709,0.049854713306202836,795066000.0,-0.017011750331505746,39890794.0,1077410.0,1287395561.1635003,56718684.01500001,XLF,IYF,Financials
2017-11-01,3.2824138456721883,5.437296393829488,26.64,229.82,0.001504,0.002006,0.0,0.0,0.0015037593984962407,0.002005580746424722,0.0,-0.0005018213479284811,40921865.0,202549.0,1290736357.986,57239406.006,XLF,IYF,Financials
2017-11-02,3.2917544702807735,5.444666262883174,26.89,231.52,0.009384,0.007397,0.0,0.0,0.009384384384384385,0.0073970933774258115,0.0,0.001987291006958573,51098312.0,221929.0,1278819382.338,54391850.49000001,XLF,IYF,Financials
2017-11-03,3.2876553402630266,5.442071330192733,26.78,230.92,-0.004091,-0.002592,0.0,0.0,-0.004090740052063964,-0.002591568762957844,0.0,-0.0014991712891061202,42386958.0,289788.0,1248518013.6474998,56201658.958000004,XLF,IYF,Financials
2017-11-06,3.2865344733420154,5.4439749389704,26.75,231.36,-0.00112,0.001905,0.0,0.0,-0.0011202389843166542,0.0019054217910965952,0.0,-0.0030256607754132496,33642145.0,103713.0,1252380329.3974998,56598176.881000005,XLF,IYF,Financials
2017-11-07,3.2726061472891685,5.43599017167311,26.38,229.52,-0.013832,-0.007953,0.0,0.0,-0.013831775700934579,-0.007952973720608686,0.0,-0.005878801980325893,70325500.0,169823.0,1297907679.1885,55767255.452999994,XLF,IYF,Financials
2017-11-08,3.2676659890376327,5.432848259505643,26.25,228.8,-0.004928,-0.003137,0.0,0.0,-0.004927975739196361,-0.003136981526664343,0.0,-0.0017909942125320178,55844924.0,211256.0,1326790961.9664998,57053149.05300001,XLF,IYF,Financials
2017-11-09,3.264231526588998,5.430485330125454,26.16,228.26,-0.003429,-0.00236,0.0,0.0,-0.0034285714285714284,-0.00236013986013986,0.0,-0.0010684315684315682,94577042.0,267485.0,1380189488.0205,58953623.029999994,XLF,IYF,Financials
2017-11-10,3.261168737058452,5.428468051013081,26.08,227.8,-0.003058,-0.002015,0.0,0.0,-0.0030581039755351682,-0.002015245772364847,0.0,-0.001042858203170321,53209576.0,235307.0,1358692862.204,60260276.63199999,XLF,IYF,Financials
2017-11-13,3.2627013044082305,5.430923331096058,26.12,228.36,0.001534,0.002458,0.0,0.0,0.0015337423312883436,0.0024582967515365487,0.0,-0.0009245544202482051,50579178.0,72520.0,1369518325.817,60333657.21999999,XLF,IYF,Financials
2017-11-14,3.2623183827110376,5.431186039622461,26.11,228.42,-0.000383,0.000263,0.0,0.0,-0.00038284839203675346,0.0002627430373093984,0.0,-0.0006455914293461519,54101775.0,77164.0,1390629036.4435,59998215.069000006,XLF,IYF,Financials
2017-11-15,3.264995760481754,5.430134791168223,26.18,228.18,0.002681,-0.001051,0.0,0.0,0.002680965147453083,-0.0010506960861570791,0.0,0.0037316612336101623,64952279.0,93340.0,1406980496.4045,57185214.12700001,XLF,IYF,Financials
2017-11-16,3.2653776585196206,5.431711249718568,26.19,228.54,0.000382,0.001578,0.0,0.0,0.0003819709702062643,0.0015777018143570865,0.0,-0.001195730844150822,53648093.0,324787.0,1431587490.4075,58222969.287000015,XLF,IYF,Financials
2017-11-17,3.264231526588998,5.429871806288338,26.16,228.12,-0.001146,-0.001838,0.0,0.0,-0.001145475372279496,-0.0018377526909950119,0.0,0.0006922773187155158,41938651.0,148011.0,1411739657.6155,54820210.113,XLF,IYF,Financials
2017-11-20,3.26880819361641,5.433285226958521,26.28,228.9,0.004587,0.003419,0.0,0.0,0.0045871559633027525,0.0034192530247238295,0.0,0.001167902938578923,35232374.0,152713.0,1400063048.4785,54873904.29200001,XLF,IYF,Financials
2017-11-21,3.2718477096343066,5.4378184053255945,26.36,229.94,0.003044,0.004544,0.0,0.0,0.0030441400304414,0.00454346876365225,0.0,-0.00149932873321085,35972390.0,94912.0,1365356712.963,50612389.522,XLF,IYF,Financials
2017-11-22,3.2669037938787824,5.434245883772281,26.23,229.12,-0.004932,-0.003566,0.0,0.0,-0.004931714719271623,-0.0035661476907019223,0.0,-0.0013655670285697011,30959362.0,68491.0,1314479087.501,49207477.668000005,XLF,IYF,Financials
2017-11-24,3.2665224783355535,5.43415858945945,26.22,229.1,-0.000381,-8.7e-05,0.0,0.0,-0.0003812428516965307,-8.729050279329609e-05,0.0,-0.0002939523489032346,12172481.0,27564.0,1274381534.132,46703499.178,XLF,IYF,Financials
2017-11-27,3.265759410767051,5.43372200355424,26.2,229.0,-0.000763,-0.000437,0.0,0.0,-0.0007627765064836003,-0.00043649061545176777,0.0,-0.00032628589103183257,42346421.0,100384.0,1253941608.314,46523925.454,XLF,IYF,Financials
2017-11-28,3.2913825156549485,5.451210112651179,26.88,233.04,0.025954,0.017642,0.0,0.0,0.025954198473282442,0.01764192139737991,0.0,0.00831227707590253,86506957.0,197075.0,1305988898.9345,47455423.942,XLF,IYF,Financials
2017-11-29,3.3083508312958037,5.461710913456472,27.34,235.5,0.017113,0.010556,0.0,0.0,0.01711309523809524,0.010556127703398558,0.0,0.006556967534696681,135340640.0,218513.0,1437944797.7944999,37672676.637,XLF,IYF,Financials
2017-11-30,3.314913013065143,5.46653999896249,27.52,236.64,0.006584,0.004841,1154464000.0,-248472000.0,0.04509742414350538,-0.05219073850920985,1402936000.0,0.09728816265271523,135241711.0,201816.0,1569529467.9505,37733072.99,XLF,IYF,Financials
2017-12-01,3.3170908723651555,5.4680601411351315,27.58,237.0,0.00218,0.001521,0.0,0.0,0.002180232558139413,0.0015212981744421906,0.0,0.0006589343836972223,148119604.0,968858.0,1705084721.3825,46644990.186000004,XLF,IYF,Financials
2017-12-04,3.332204510175204,5.474872328447654,28.0,238.62,0.015228,0.006835,0.0,0.0,0.01522842639593921,0.006835443037974683,0.0,0.008392983357964526,99820365.0,596385.0,1788077095.6205,50414567.373,XLF,IYF,Financials
2017-12-05,3.326832966373293,5.469577975982566,27.85,237.36,-0.005357,-0.00528,0.0,0.0,-0.005357142857142857,-0.005280362081971335,0.0,-7.678077517152184e-05,77706195.0,500154.0,1851286603.2205002,55150643.061000004,XLF,IYF,Financials
2017-12-06,3.3232358401924436,5.4682289032653095,27.75,237.04,-0.003591,-0.001348,0.0,0.0,-0.003590664272890485,-0.0013481631277384564,0.0,-0.0022425011451520285,60299083.0,137503.0,1842192246.3830001,54831439.869,XLF,IYF,Financials
2017-12-07,3.326473835466219,5.471850417308912,27.84,237.9,0.003243,0.003628,0.0,0.0,0.003243243243243243,0.0036280796490043873,0.0,-0.00038483640576114425,59625533.0,132890.0,1851894525.5689998,53995397.77900001,XLF,IYF,Financials
2017-12-08,3.332561589272017,5.477049154491434,28.01,239.14,0.006106,0.005212,0.0,0.0,0.00610632183908046,0.005212274064733081,0.0,0.000894047774347379,55001592.0,167883.0,1805217484.229,52949968.505,XLF,IYF,Financials
2017-12-11,3.330059353828816,5.47596133379088,27.94,238.88,-0.002499,-0.001087,0.0,0.0,-0.0024991074616208496,-0.001087229238103203,0.0,-0.0014118782235176465,43278359.0,132595.0,1796292064.648,51853536.455,XLF,IYF,Financials
2017-12-12,3.340030946424668,5.484132812596247,28.22,240.84,0.010021,0.008205,0.0,0.0,0.010021474588403722,0.008204956463496315,0.0,0.001816518124907407,69517086.0,137680.0,1828324266.5259998,52683445.655,XLF,IYF,Financials
2017-12-13,3.327550841493857,5.474872328447654,27.87,238.62,-0.012403,-0.009218,0.0,0.0,-0.012402551381998583,-0.009217737917289488,0.0,-0.0031848134647090957,97335327.0,297850.0,1893331177.4379997,55355803.961,XLF,IYF,Financials
2017-12-14,3.3210713371828704,5.469662232628359,27.69,237.38,-0.006459,-0.005197,0.0,0.0,-0.006458557588805167,-0.005196546810828933,0.0,-0.0012620107779762338,76969978.0,247641.0,1914873578.7679996,57230138.92999999,XLF,IYF,Financials
2017-12-15,3.3253956682458736,5.479054335211753,27.81,239.62,0.008967,0.009436,0.0,0.0,0.004333694474539545,0.009436346785744376,0.0,-0.005102652311204831,111826079.0,732568.0,2000115563.834,62295695.089,XLF,IYF,Financials
2017-12-18,3.3343450746743146,5.486372455189752,28.06,241.38,0.00899,0.007345,0.0,0.0,0.008989572096368213,0.007344962857858276,0.0,0.0016446092385099375,61275464.0,183287.0,2031229284.318,62819572.426,XLF,IYF,Financials
2017-12-19,3.330059353828816,5.474620851016429,27.94,238.56,-0.004277,-0.007071,0.0,0.0,-0.0042765502494654314,-0.011682823763360677,0.0,0.0074062735138952455,57366287.0,163979.0,2065074647.8209999,63027713.653,XLF,IYF,Financials
2017-12-20,3.3282682016393976,5.47084108086188,27.89,237.66,-0.00179,-0.003773,0.0,0.0,-0.0017895490336435219,-0.003772635814889336,0.0,0.001983086781245814,69680335.0,124573.0,2114832264.9585,63416811.348000005,XLF,IYF,Financials
2017-12-21,3.3368366225017656,5.47596133379088,28.13,238.88,0.008605,0.005133,0.0,0.0,0.008605234851201148,0.005133383825633258,0.0,0.0034718510255678896,46123492.0,148512.0,2139101753.1934998,64406005.779999994,XLF,IYF,Financials
2017-12-22,3.3339886319687055,5.475793871678792,28.05,238.84,-0.002844,-0.000167,0.0,0.0,-0.0028439388553146107,-0.00016744809109176155,0.0,-0.002676490764222849,43020251.0,226801.0,2183479532.63,66798717.70200001,XLF,IYF,Financials
2017-12-26,3.3311325072138684,5.474117706351726,27.97,238.44,-0.002852,-0.001675,0.0,0.0,-0.00285204991087344,-0.0016747613465081226,0.0,-0.0011772885643653176,33710115.0,108692.0,2175149316.9474998,66945146.926,XLF,IYF,Financials
2017-12-27,3.332204510175204,5.4754588633004495,28.0,238.76,0.001073,0.001342,0.0,0.0,0.0010725777618877368,0.001342056701895655,0.0,-0.00026947894000791815,29420966.0,112117.0,2100073319.1394997,65987281.77199999,XLF,IYF,Financials
2017-12-28,3.3361253849184407,5.4798886419512876,28.11,239.82,0.003929,0.00444,0.0,0.0,0.003928571428571429,0.004439604623890099,0.0,-0.0005110331953186702,28129661.0,94646.0,1954598902.795,64549191.383,XLF,IYF,Financials
2017-12-29,3.328985047548231,5.475877606240281,27.91,238.86,-0.007115,-0.004003,898702000.0,-274689000.0,0.02097051656150337,-0.06964177287693564,1173391000.0,0.090612289438439,55169774.0,92240.0,1845495728.0759997,63262926.79100001,XLF,IYF,Financials
2018-01-02,3.329343277894172,5.47369822566266,27.92,238.34,0.000358,-0.002177,0.0,0.0,0.0003582945180939899,-0.0021770074520639704,0.0,0.0025353019701579603,55436075.0,250733.0,1718627554.8600001,54769944.651999995,XLF,IYF,Financials
2018-01-03,3.334701390373791,5.477049154491434,28.07,239.14,0.005372,0.003357,0.0,0.0,0.0053724928366761,0.003356549467147772,0.0,0.002015943369528328,56906235.0,298780.0,1658746944.6825001,51226987.677,XLF,IYF,Financials
2018-01-04,3.3439213138424253,5.481888142742423,28.33,240.3,0.009263,0.004851,0.0,0.0,0.009262557890986702,0.0048507150623065985,0.0,0.004411842828680104,62246955.0,203509.0,1638713879.9025,47736320.64,XLF,IYF,Financials
2018-01-05,3.3467411958660964,5.485875190137238,28.41,241.26,0.002824,0.003995,0.0,0.0,0.002823861630780207,0.003995006242197253,0.0,-0.0011711446114170462,37989521.0,292683.0,1609013016.8205,49637270.113,XLF,IYF,Financials
2018-01-08,3.34533224882076,5.486786653928226,28.37,241.48,-0.001408,0.000912,0.0,0.0,-0.0014079549454417458,0.0009118793003398823,0.0,-0.0023198342457816283,44252096.0,120362.0,1588785873.0605,49509794.350999996,XLF,IYF,Financials
2018-01-09,3.3530570063342204,5.490259166718982,28.59,242.32,0.007755,0.003479,0.0,0.0,0.007754670426506873,0.003478548948153056,0.0,0.004276121478353817,51418697.0,350786.0,1585259170.826,51752540.496,XLF,IYF,Financials
2018-01-10,3.3614165116503107,5.493226038847463,28.83,243.04,0.008395,0.002971,0.0,0.0,0.008394543546694534,0.0029712776493892373,0.0,0.005423265897305297,64670892.0,388709.0,1618022394.1209998,54892417.58400001,XLF,IYF,Financials
2018-01-11,3.366260811781259,5.497414096703693,28.97,244.06,0.004856,0.004197,0.0,0.0,0.004856052722858248,0.004196840026333114,0.0,0.0006592126965251337,42361715.0,831580.0,1581294729.9524999,63382245.764,XLF,IYF,Financials
2018-01-12,3.3751955791231545,5.503052518178891,29.23,245.44,0.008975,0.005654,0.0,0.0,0.008974801518812565,0.005654347291649595,0.0,0.0033204542271629703,44537496.0,178897.0,1510749502.182,62024021.398,XLF,IYF,Financials
2018-01-16,3.3724549127965013,5.501258210544727,29.15,245.0,-0.002737,-0.001793,0.0,0.0,-0.0027369141293191925,-0.0017926988265971316,0.0,-0.0009442153027220609,67563816.0,391570.0,1502658829.461,63881502.869,XLF,IYF,Financials
2018-01-17,3.379973745210529,5.509064397525695,29.37,246.92,0.007547,0.007837,0.0,0.0,0.007547169811320755,0.00783673469387755,0.0,-0.00028956488255679584,54311955.0,405927.0,1426921772.529,60116180.403,XLF,IYF,Financials
2018-01-18,3.3786108829893595,5.506387888364725,29.33,246.26,-0.001362,-0.002673,0.0,0.0,-0.00136193394620372,-0.002672930503806901,0.0,0.0013109965576031811,49247357.0,103858.0,1413173545.5774999,59182893.15400001,XLF,IYF,Financials
2018-01-19,3.3857452771032337,5.512944758093907,29.54,247.88,0.00716,0.006578,0.0,0.0,0.0071599045346063175,0.0065784130593681475,0.0,0.00058149147523817,60727800.0,138021.0,1422727803.2384999,58937583.91600001,XLF,IYF,Financials
2018-01-22,3.393837027255863,5.521460917862246,29.78,250.0,0.008125,0.008553,0.0,0.0,0.008124576844955992,0.00855252541552364,0.0,-0.00042794857056764786,46868889.0,444284.0,1395346351.802,63010832.956999995,XLF,IYF,Financials
2018-01-23,3.39484390768998,5.524257005164247,29.81,250.7,0.001007,0.0028,0.0,0.0,0.0010073875083948958,0.0028,0.0,-0.0017926124916051041,60861986.0,328543.0,1421188450.437,65355292.134,XLF,IYF,Financials
2018-01-24,3.4015306594522756,5.527920012922985,30.01,251.62,0.006709,0.00367,0.0,0.0,0.006709158000670915,0.003669724770642202,0.0,0.0030394332300287133,66370993.0,213094.0,1460442223.406,65327770.20599999,XLF,IYF,Financials
2018-01-25,3.3995293245614584,5.52640865758618,29.95,251.24,-0.001999,-0.00151,0.0,0.0,-0.001999333555481506,-0.0015102138144821556,0.0,-0.0004891197409993505,45423660.0,204263.0,1481320558.4285,66597895.98799999,XLF,IYF,Financials
2018-01-26,3.40684805317097,5.531886383345829,30.17,252.62,0.007346,0.005493,0.0,0.0,0.007345575959933222,0.005492755930584302,0.0,0.0018528200293489207,33871918.0,108793.0,1491226994.3314998,66633607.625,XLF,IYF,Financials
2018-01-29,3.4028626609812167,5.526010552560818,30.05,251.14,-0.003977,-0.005859,0.0,0.0,-0.003977461054027179,-0.00585860185258491,0.0,0.0018811407985577311,41037716.0,202078.0,1513349924.086,68036200.885,XLF,IYF,Financials
2018-01-30,3.389799336709786,5.515845179076611,29.66,248.6,-0.012978,-0.010114,0.0,0.0,-0.0129783693843594,-0.010113880703989806,0.0,-0.002864488680369594,67316874.0,268306.0,1536191428.611,70269622.145,XLF,IYF,Financials
2018-01-31,3.392492941032009,5.519298581697563,29.74,249.46,0.002697,0.003459,-99629000.0,274406000.0,-0.00017239867291330113,0.07117748964754773,-374035000.0,-0.07134988832046103,49722319.0,535850.0,1532739756.264,73965294.034,XLF,IYF,Financials
2018-02-01,3.401863826205316,5.525134163228542,30.02,250.92,0.009415,0.005853,0.0,0.0,0.00941492938802959,0.005852641706085144,0.0,0.003562287681944446,60824211.0,182911.0,1544168996.1525,72687582.98,XLF,IYF,Financials
2018-02-02,3.3796332037463146,5.505250231814264,29.36,245.98,-0.021985,-0.019688,0.0,0.0,-0.021985343104596936,-0.019687549816674636,0.0,-0.0022977932879223,73085959.0,1027224.0,1563286372.207,82876250.32100001,XLF,IYF,Financials
2018-02-05,3.327909585892323,5.459755712425567,27.88,235.04,-0.050409,-0.044475,0.0,0.0,-0.05040871934604905,-0.04447516058216115,0.0,-0.005933558763887896,147871518.0,1116006.0,1715455153.7185,92460917.80399999,XLF,IYF,Financials
2018-02-06,3.34603697048488,5.4754588633004495,28.39,238.76,0.018293,0.015827,0.0,0.0,0.018292682926829267,0.01582709326072158,0.0,0.002465589666107687,159006394.0,527016.0,1878393131.8255,97299184.02399999,XLF,IYF,Financials
2018-02-07,3.3467411958660964,5.4751237426538815,28.41,238.68,0.000704,-0.000335,0.0,0.0,0.0007044734061289186,-0.0003350644999162339,0.0,0.0010395379060451526,102699437.0,265577.0,1950774654.7224998,96218456.766,XLF,IYF,Financials
2018-02-08,3.3017453026904953,5.433197848741854,27.16,228.88,-0.043999,-0.041059,0.0,0.0,-0.04399859204505456,-0.04105915870621753,0.0,-0.002939433338837033,135270547.0,1322562.0,2041248966.7304997,106630264.526,XLF,IYF,Financials
2018-02-09,3.3207101307494686,5.452668026377961,27.68,233.38,0.019146,0.019661,0.0,0.0,0.01914580265095729,0.01966095770709542,0.0,-0.0005151550561381286,149504929.0,564938.0,2186802844.289,103074755.308,XLF,IYF,Financials
2018-02-12,3.334701390373791,5.464594226173135,28.07,236.18,0.01409,0.011998,0.0,0.0,0.014089595375722543,0.01199760047990402,0.0,0.0020919948958185233,83571825.0,555593.0,2239004350.2725,107440329.06099999,XLF,IYF,Financials
2018-02-13,3.338967305126021,5.469156586232957,28.19,237.26,0.004275,0.004573,0.0,0.0,0.004275026718916993,0.004572783470234567,0.0,-0.00029775675131757384,43365499.0,146594.0,2201653759.2929997,104382641.183,XLF,IYF,Financials
2018-02-14,3.3624565533457247,5.4871178894397,28.86,241.56,0.023767,0.018124,0.0,0.0,0.023767293366442,0.018123577509904745,0.0,0.005643715856537255,57379663.0,697460.0,2204695507.0845,107794988.32100001,XLF,IYF,Financials
2018-02-15,3.367985247456042,5.494295249789477,29.02,243.3,0.005544,0.007203,0.0,0.0,0.005544005544005544,0.007203179334326876,0.0,-0.0016591737903213317,66976040.0,416373.0,2229656492.084,111581362.31199999,XLF,IYF,Financials
2018-02-16,3.3666059368925363,5.495609634271813,28.98,243.62,-0.001378,0.001315,0.0,0.0,-0.0013783597518952446,0.0013152486642005754,0.0,-0.0026936084160958202,47508240.0,234186.0,2208800971.244,112723349.704,XLF,IYF,Financials
2018-02-20,3.363495514478144,5.491001710377538,28.89,242.5,-0.003106,-0.004597,0.0,0.0,-0.003105590062111801,-0.004597323700845579,0.0,0.001491733638733778,58236090.0,383294.0,2223135227.5280004,111817239.454,XLF,IYF,Financials
2018-02-21,3.3648791189880436,5.4871178894397,28.93,241.56,0.001385,-0.003876,0.0,0.0,0.0013845621322256837,-0.0038762886597938145,0.0,0.005260850792019498,44578761.0,405984.0,2196903615.1815,112602427.701,XLF,IYF,Financials
2018-02-22,3.3565486299932736,5.4823042026610525,28.69,240.4,-0.008296,-0.004802,0.0,0.0,-0.00829588662288282,-0.004802119556217917,0.0,-0.0034937670666649037,47602660.0,237475.0,2165599955.955,112775941.58699998,XLF,IYF,Financials
2018-02-23,3.3714252233284854,5.497332146283652,29.12,244.04,0.014988,0.015141,0.0,0.0,0.014987800627396306,0.0151414309484193,0.0,-0.00015363032102299473,41187335.0,134712.0,2157546784.865,111853745.60499999,XLF,IYF,Financials
2018-02-26,3.386422096080001,5.509226380193904,29.56,246.96,0.01511,0.011965,0.0,0.0,0.01510989010989011,0.011965251598098673,0.0,0.0031446385117914373,55124197.0,283978.0,2187924559.7279997,113986141.56600001,XLF,IYF,Financials
2018-02-27,3.3769046890931107,5.497659907676295,29.28,244.12,-0.009472,-0.0115,0.0,0.0,-0.009472259810554804,-0.011499838030450276,0.0,0.002027578219895472,72752079.0,284861.0,2232774435.094,114925661.48599999,XLF,IYF,Financials
2018-02-28,3.3628029936748436,5.4871178894397,28.87,241.56,-0.014003,-0.010487,-337779000.0,301950000.0,-0.023886400378826105,0.060599083548509215,-639729000.0,-0.08448548392733532,65254660.0,189646.0,2227138612.662,113881162.294,XLF,IYF,Financials
2018-03-01,3.34533224882076,5.473194616452755,28.37,238.22,-0.017319,-0.013827,0.0,0.0,-0.017319016279875303,-0.013826792515317106,0.0,-0.003492223764558197,82467921.0,834750.0,2270182270.2475,117140212.494,XLF,IYF,Financials
2018-03-02,3.34779660493504,5.476296173907854,28.44,238.96,0.002467,0.003106,0.0,0.0,0.0024673951357067326,0.00310637226093527,0.0,-0.0006389771252285374,78991163.0,288375.0,2291210563.3225,118290915.58800001,XLF,IYF,Financials
2018-03-05,3.3617633124167483,5.489928970249084,28.84,242.24,0.014065,0.013726,0.0,0.0,0.014064697609001406,0.013726146635420154,0.0,0.00033855097358125204,58952137.0,137246.0,2268929357.0645,107319411.164,XLF,IYF,Financials
2018-03-06,3.365915567517516,5.493966383552854,28.96,243.22,0.004161,0.004046,0.0,0.0,0.004160887656033287,0.00404557463672391,0.0,0.00011531301930937671,49746126.0,284744.0,2134828851.4205003,97666880.436,XLF,IYF,Financials
2018-03-07,3.364187556028255,5.495116942522644,28.91,243.5,-0.001726,0.001151,0.0,0.0,-0.0017265193370165745,0.0011512211166844833,0.0,-0.002877740453701058,41530226.0,365650.0,1969151216.8205,95827152.178,XLF,IYF,Financials
2018-03-08,3.367295829986474,5.497659907676295,29.0,244.12,0.003113,0.002546,0.0,0.0,0.003113109650639917,0.0025462012320328544,0.0,0.0005669084186070627,50803041.0,146448.0,1896931076.0119998,94445300.54800001,XLF,IYF,Financials
2018-03-09,3.391147045808654,5.517452896464707,29.7,249.0,0.024138,0.01999,0.0,0.0,0.02413793103448276,0.019990168769457643,0.0,0.004147762265025116,54595689.0,682949.0,1794308271.3509998,87812616.07000001,XLF,IYF,Financials
2018-03-12,3.3877743613300146,5.515925626363569,29.6,248.62,-0.003367,-0.001526,0.0,0.0,-0.003367003367003367,-0.0015261044176706827,0.0,-0.0018408989493326842,51784453.0,222549.0,1664034440.055,83986861.167,XLF,IYF,Financials
2018-03-13,3.3765631007037946,5.507848690442384,29.27,246.62,-0.011149,-0.008044,0.0,0.0,-0.01114864864864865,-0.008044405116241654,0.0,-0.003104243532406995,47049369.0,288856.0,1615598135.1990001,80987746.766,XLF,IYF,Financials
2018-03-14,3.365224721203338,5.499051696349117,28.94,244.46,-0.011274,-0.008758,0.0,0.0,-0.011274342330030749,-0.008758413753953451,0.0,-0.0025159285760772976,57278946.0,383088.0,1637357099.2205,83931186.768,XLF,IYF,Financials
2018-03-15,3.3655702040190043,5.499460677582579,28.95,244.56,0.000346,0.000409,0.0,0.0,0.0003455425017277125,0.00040906487768960155,0.0,-6.352237596188905e-05,47451563.0,200762.0,1623244382.954,77962182.624,XLF,IYF,Financials
2018-03-16,3.3628029936748436,5.5027265198059965,28.87,245.36,0.000848,0.003271,0.0,0.0,-0.002763385146804836,0.0032711808963035655,0.0,-0.006034566043108401,61278207.0,143187.0,1614517240.7185001,74653623.195,XLF,IYF,Financials
2018-03-19,3.3555024224000256,5.494541828510982,28.66,243.36,-0.007274,-0.008151,0.0,0.0,-0.007273986837547627,-0.008151287903488751,0.0,0.0008773010659411237,52145040.0,237314.0,1620401643.2785,74688640.28099999,XLF,IYF,Financials
2018-03-20,3.3579418729911983,5.497086254720592,28.73,243.98,0.002442,0.002548,0.0,0.0,0.0024424284717376133,0.0025476660092044706,0.0,-0.00010523753746685726,37146544.0,92155.0,1589640621.7295,71165399.376,XLF,IYF,Financials
2018-03-21,3.3575937441800234,5.494788346446411,28.72,243.42,-0.000348,-0.002295,0.0,0.0,-0.0003480682213713888,-0.002295270104106894,0.0,0.001947201882735505,53291400.0,209607.0,1601683894.343,68813051.421,XLF,IYF,Financials
2018-03-22,3.319987326236612,5.461286194826176,27.66,235.4,-0.036908,-0.029545,0.0,0.0,-0.03690807799442897,-0.03294716950127352,0.0,-0.003960908493155446,85160298.0,438222.0,1651174570.707,71116474.861,XLF,IYF,Financials
2018-03-23,3.2891478778535324,5.434071287525657,26.82,229.08,-0.030369,-0.026848,0.0,0.0,-0.03036876355748373,-0.026847918436703484,0.0,-0.003520845120780245,89289521.0,477790.0,1710943058.608,74945325.697,XLF,IYF,Financials
2018-03-26,3.3210713371828704,5.462220337817973,27.69,235.62,0.032439,0.028549,0.0,0.0,0.03243847874720358,0.0285489785227868,0.0,0.0038895002244167774,84145032.0,271856.0,1745968292.2459998,74641500.88900001,XLF,IYF,Financials
2018-03-27,3.3013770463799443,5.445357109197351,27.15,231.68,-0.019502,-0.016722,0.0,0.0,-0.01950162513542795,-0.016721840251252017,0.0,-0.0027797848841759343,78827371.0,400868.0,1746467404.7224998,75808142.43499999,XLF,IYF,Financials
2018-03-28,3.3032169733019514,5.45043741460887,27.2,232.86,0.001842,0.005093,0.0,0.0,0.001841620626151013,0.005093232044198895,0.0,-0.003251611418047882,84244472.0,288861.0,1766844784.9325001,76880806.66999999,XLF,IYF,Financials
2018-03-29,3.3167282250357055,5.462220337817973,27.57,235.62,0.013603,0.011853,-217803000.0,117810000.0,0.006673042531046664,0.03898003126526219,-335613000.0,-0.03230698873421553,59266808.0,185159.0,1731563333.822,69119457.599,XLF,IYF,Financials
2018-04-02,3.2943542860441064,5.441724829842766,26.96,230.84,-0.022126,-0.020287,0.0,0.0,-0.02212549873050417,-0.020286902639843816,0.0,-0.0018385960906603556,74363891.0,1224262.0,1719480425.104,79804385.103,XLF,IYF,Financials
2018-04-03,3.3079849999399764,5.45369586372755,27.33,233.62,0.013724,0.012043,0.0,0.0,0.013724035608308482,0.012042973488130307,0.0,0.0016810621201781752,75160424.0,369413.0,1737178162.9459999,82457174.80399999,XLF,IYF,Financials
2018-04-04,3.318540147981146,5.464001282188968,27.62,236.04,0.010611,0.010359,0.0,0.0,0.010611050128064521,0.010358702165910453,0.0,0.0002523479621540682,70326960.0,322408.0,1762267304.2580001,82799462.23599999,XLF,IYF,Financials
2018-04-05,3.326473835466219,5.469999188237646,27.84,237.46,0.007965,0.006016,0.0,0.0,0.007965242577842143,0.006015929503473987,0.0,0.001949313074368156,45378315.0,547137.0,1765401977.0549998,84843831.087,XLF,IYF,Financials
2018-04-06,3.3021134234382563,5.447943540503849,27.17,232.28,-0.024066,-0.021814,0.0,0.0,-0.02406609195402287,-0.021814200286364018,0.0,-0.0022518916676588507,88521048.0,759186.0,1811993411.3130002,91873473.00299999,XLF,IYF,Financials
2018-04-09,3.307619034702589,5.450866765008321,27.32,232.96,0.005521,0.002928,0.0,0.0,0.005520794994479082,0.0029275012915446876,0.0,0.0025932937029343947,54633200.0,186535.0,1805547764.348,85543517.63299999,XLF,IYF,Financials
2018-04-10,3.322514859627687,5.463068802148527,27.73,235.82,0.015007,0.012277,0.0,0.0,0.015007320644216691,0.012276785714285714,0.0,0.0027305349299309774,68783202.0,595889.0,1824274683.4810002,89803138.213,XLF,IYF,Financials
2018-04-11,3.3105430133940246,5.454637120802991,27.4,233.84,-0.011901,-0.008396,0.0,0.0,-0.011900468806346917,-0.008396234416080062,0.0,-0.0035042343902668555,52480824.0,230174.0,1827316660.8294997,88932449.285,XLF,IYF,Financials
2018-04-12,3.327909585892323,5.466117326822971,27.88,236.54,0.017518,0.011546,0.0,0.0,0.017518248175182483,0.011546356483065344,0.0,0.00597189169211714,63289118.0,460851.0,1832659056.4595,89700449.438,XLF,IYF,Financials
2018-04-13,3.312730400339825,5.45583380442302,27.46,234.12,-0.015065,-0.010231,0.0,0.0,-0.015064562410329985,-0.010230827766973873,0.0,-0.004833734643356112,70103895.0,1307103.0,1860225566.852,102546479.42,XLF,IYF,Financials
2018-04-16,3.3170908723651555,5.460521246422891,27.58,235.22,0.00437,0.004698,0.0,0.0,0.004369992716678685,0.004698445241756364,0.0,-0.00032845252507767916,44633622.0,198319.0,1833320239.7855,103122291.063,XLF,IYF,Financials
2018-04-17,3.3170908723651555,5.463153609000972,27.58,235.84,0.0,0.002636,0.0,0.0,0.0,0.0026358302865402603,0.0,-0.0026358302865402603,50750123.0,674828.0,1828580817.0824997,108192226.08700001,XLF,IYF,Financials
2018-04-18,3.3123661679555396,5.46077629424574,27.45,235.28,-0.004714,-0.002374,0.0,0.0,-0.004713560551123883,-0.0023744911804613297,0.0,-0.002339069370662553,66795512.0,125469.0,1866896646.8465,108544044.558,XLF,IYF,Financials
2018-04-19,3.327550841493857,5.4681445257603025,27.87,237.02,0.015301,0.007395,0.0,0.0,0.015300546448087432,0.007395443726623597,0.0,0.007905102721463834,76142031.0,193091.0,1896474116.645,108281239.20199999,XLF,IYF,Financials
2018-04-20,3.327909585892323,5.46721590300985,27.88,236.8,0.000359,-0.000928,0.0,0.0,0.0003588087549336204,-0.0009281917137794279,0.0,0.0012870004687130484,49800356.0,291028.0,1848119120.775,106569137.782,XLF,IYF,Financials
2018-04-23,3.326832966373293,5.466709017808493,27.85,236.68,-0.001076,-0.000507,0.0,0.0,-0.0010760401721664275,-0.0005067567567567568,0.0,-0.0005692834154096707,45689166.0,300373.0,1792004036.7689998,104651145.204,XLF,IYF,Financials
2018-04-24,3.3203487937988347,5.461371152984334,27.67,235.42,-0.006463,-0.005324,0.0,0.0,-0.006463195691202754,-0.0053236437383809366,0.0,-0.001139551952821817,69592858.0,500921.0,1771786959.0080001,107344750.759,XLF,IYF,Financials
2018-04-25,3.3196257279683437,5.45992588174445,27.65,235.08,-0.000723,-0.001444,0.0,0.0,-0.0007228044813879046,-0.0014442273383739699,0.0,0.0007214228569860652,51818979.0,289176.0,1736418541.343,106100070.55100001,XLF,IYF,Financials
2018-04-26,3.319987326236612,5.46518681878307,27.66,236.32,0.000362,0.005275,0.0,0.0,0.0003616636528028933,0.005274800068061937,0.0,-0.0049131364152590435,33456163.0,175001.0,1668115932.8519998,104804673.744,XLF,IYF,Financials
2018-04-27,3.3214324131932926,5.4681445257603025,27.7,237.02,0.001446,0.002962,0.0,0.0,0.0014461315979754157,0.002962085308056872,0.0,-0.001515953710081456,47185230.0,145824.0,1651768181.574,104351475.789,XLF,IYF,Financials
2018-04-30,3.3123661679555396,5.461116256853128,27.45,235.36,-0.009025,-0.007004,798795000.0,82376000.0,0.01610324986190316,0.011145130364338932,716419000.0,0.004958119497564228,41731358.0,186332.0,1608801945.361,92413798.761,XLF,IYF,Financials
2018-05-01,3.312730400339825,5.463916547197603,27.46,236.02,0.000364,0.002804,0.0,0.0,0.00036429872495446266,0.002804214819850442,0.0,-0.0024399160948959794,46372385.0,127699.0,1569764510.5700002,89605661.407,XLF,IYF,Financials
2018-05-02,3.3013770463799443,5.456175451163617,27.15,234.2,-0.011289,-0.007711,0.0,0.0,-0.011289147851420248,-0.007711210914329294,0.0,-0.0035779369370909538,45430348.0,189855.0,1534314676.22,88023804.24100001,XLF,IYF,Financials
2018-05-03,3.2928695047765273,5.450351522403535,26.92,232.84,-0.008471,-0.005807,0.0,0.0,-0.00847145488029454,-0.005807002561912895,0.0,-0.002664452318381645,68947893.0,389692.0,1563951925.718,86064440.904,XLF,IYF,Financials
2018-05-04,3.305787196857497,5.462729502798424,27.27,235.74,0.013002,0.012455,0.0,0.0,0.013001485884100918,0.012454904655557463,0.0,0.0005465812285434541,40575562.0,175090.0,1499020860.797,79311040.53,XLF,IYF,Financials
2018-05-07,3.3123661679555396,5.468819346536649,27.45,237.18,0.006601,0.006108,0.0,0.0,0.006600660066006601,0.006108424535505218,0.0,0.000492235530501383,36873637.0,147499.0,1475000976.3795,78887471.49100001,XLF,IYF,Financials
2018-05-08,3.319263998899469,5.473110656921199,27.64,238.2,0.006922,0.004301,0.0,0.0,0.0069216757741347905,0.0043005312420946115,0.0,0.002621144532040179,47718493.0,211625.0,1445580024.1325002,74381798.04200001,XLF,IYF,Financials
2018-05-09,3.3339886319687055,5.48471394249513,28.05,240.98,0.014834,0.011671,0.0,0.0,0.014833574529667149,0.011670864819479428,0.0,0.003162709710187721,43817010.0,338555.0,1435134651.7775002,75769852.829,XLF,IYF,Financials
2018-05-10,3.342154841028372,5.4919085156002225,28.28,242.72,0.0082,0.007221,0.0,0.0,0.00819964349376114,0.007220516225412897,0.0,0.0009791272683482436,41445454.0,191047.0,1405513493.2415001,72637914.444,XLF,IYF,Financials
2018-05-11,3.3414473772563813,5.491743703074097,28.26,242.68,-0.000707,-0.000165,0.0,0.0,-0.0007072135785007072,-0.00016479894528675015,0.0,-0.0005424146332139571,25893973.0,453760.0,1345849029.2555,62842890.566,XLF,IYF,Financials
2018-05-14,3.3407394126250414,5.489350863944013,28.24,242.1,-0.000708,-0.00239,0.0,0.0,-0.0007077140835102619,-0.0023899785726059007,0.0,0.0016822644890956387,31292920.0,119359.0,1328484867.5575,61955301.502,XLF,IYF,Financials
2018-05-15,3.338967305126021,5.485543542675447,28.19,241.18,-0.001771,-0.0038,0.0,0.0,-0.0017705382436260624,-0.0038000826104915325,0.0,0.00202954436686547,54655751.0,300514.0,1335537728.975,57621628.052,XLF,IYF,Financials
2018-05-16,3.3407394126250414,5.486123853572561,28.24,241.32,0.001774,0.000581,0.0,0.0,0.0017736786094359701,0.0005804793100588772,0.0,0.0011931992993770928,31984886.0,331216.0,1289023547.7870002,60142062.992,XLF,IYF,Financials
2018-05-17,3.3386125064705343,5.4845479398387065,28.18,240.94,-0.002125,-0.001575,0.0,0.0,-0.002124645892351275,-0.0015746726338471738,0.0,-0.0005499732585041012,45070410.0,116226.0,1246423835.2785,59253916.173,XLF,IYF,Financials
2018-05-18,3.3304171996011083,5.478636920671319,27.95,239.52,-0.008162,-0.005894,0.0,0.0,-0.008161816891412349,-0.005893583464763012,0.0,-0.002268233426649337,33266115.0,225937.0,1223491534.727,58513966.165,XLF,IYF,Financials
2018-05-21,3.3375473545856993,5.486455308663431,28.15,241.4,0.007156,0.007849,0.0,0.0,0.007155635062611807,0.007849031396125585,0.0,-0.000693396333513778,29647924.0,121725.0,1201598824.102,56428572.833000004,XLF,IYF,Financials
2018-05-22,3.3442742342625342,5.490836748318437,28.34,242.46,0.00675,0.004391,0.0,0.0,0.00674955595026643,0.004391052195526097,0.0,0.0023585037547403324,52841403.0,122366.0,1180193373.1100001,52015674.76,XLF,IYF,Financials
2018-05-23,3.3379025312898416,5.488772423238713,28.16,241.96,-0.006351,-0.002062,0.0,0.0,-0.006351446718419196,-0.002062195826115648,0.0,-0.004289250892303548,44968489.0,304571.0,1171869267.1545,52301400.014000006,XLF,IYF,Financials
2018-05-24,3.330059353828816,5.483302040761475,27.94,240.64,-0.007812,-0.005455,0.0,0.0,-0.0078125,-0.0054554471813522895,0.0,-0.0023570528186477105,43245202.0,861232.0,1186012940.9195,60595931.622,XLF,IYF,Financials
2018-05-25,3.326832966373293,5.481055503227208,27.85,240.1,-0.003221,-0.002244,0.0,0.0,-0.0032211882605583395,-0.0022440159574468087,0.0,-0.0009771723031115308,39312481.0,429286.0,1175404027.1620002,64021349.827999994,XLF,IYF,Financials
2018-05-29,3.2928695047765273,5.45677305224001,26.92,234.34,-0.033393,-0.02399,0.0,0.0,-0.03339317773788139,-0.02399000416493128,0.0,-0.009403173572950112,126469714.0,1063674.0,1288355973.351,74291663.11,XLF,IYF,Financials
2018-05-30,3.3109079103146946,5.473446452760487,27.41,238.28,0.018202,0.016813,0.0,0.0,0.018202080237741333,0.016813177434496885,0.0,0.0013889028032444475,65843728.0,350718.0,1314925517.97,76963141.463,XLF,IYF,Financials
2018-05-31,3.3024814087229974,5.467046969822524,27.18,236.76,-0.008391,-0.006379,106002000.0,-295950000.0,-0.005104541540368449,-0.07007270050748311,401952000.0,0.06496815896711466,66686937.0,254581.0,1343881367.943,77753669.291,XLF,IYF,Financials
2018-06-01,3.3134584673541485,5.475626381518447,27.48,238.8,0.011038,0.008616,0.0,0.0,0.011037527593818985,0.008616320324379118,0.0,0.002421207269439868,62934254.0,176861.0,1337549168.961,75328595.367,XLF,IYF,Financials
2018-06-04,3.3167282250357055,5.48180490998196,27.57,240.28,0.003275,0.006198,0.0,0.0,0.0032751091703056767,0.006197654941373534,0.0,-0.0029225457710678575,44196942.0,363044.0,1343149874.7210002,77626420.15300001,XLF,IYF,Financials
2018-06-05,3.3123661679555396,5.479054335211753,27.45,239.62,-0.004353,-0.002747,0.0,0.0,-0.004352557127312296,-0.002746795405360413,0.0,-0.001605761721951883,44996769.0,154004.0,1354298873.391,77722351.436,XLF,IYF,Financials
2018-06-06,3.3304171996011083,5.493884150092012,27.95,243.2,0.018215,0.01494,0.0,0.0,0.018214936247723135,0.014940322176779902,0.0,0.0032746140709432325,61959987.0,632624.0,1374940997.8975,82894605.526,XLF,IYF,Financials
2018-06-07,3.3336320621663895,5.493966383552854,28.04,243.22,0.00322,8.2e-05,0.0,0.0,0.0032200357781753132,8.223684210526316e-05,0.0,0.0031377989360700503,65166111.0,202746.0,1404850528.9945,81280950.437,XLF,IYF,Financials
2018-06-08,3.3350575791576103,5.497086254720592,28.08,243.98,0.001427,0.003125,0.0,0.0,0.0014265335235376878,0.00312474303100074,0.0,-0.001698209507463052,47713396.0,135750.0,1413236265.0225,80618418.29499999,XLF,IYF,Financials
2018-06-11,3.332918540908861,5.494377449452505,28.02,243.32,-0.002137,-0.002705,0.0,0.0,-0.002136752136752022,-0.002705139765554554,0.0,0.0005683876288025318,47319625.0,183971.0,1442942875.7985,77350685.641,XLF,IYF,Financials
2018-06-12,3.3304171996011083,5.492814499272125,27.95,242.94,-0.002498,-0.001562,0.0,0.0,-0.0024982155603140615,-0.0015617294098306757,0.0,-0.0009364861504833858,55517218.0,840541.0,1476342584.9135,86115896.473,XLF,IYF,Financials
2018-06-13,3.326832966373293,5.4867038279042415,27.85,241.46,-0.003578,-0.006092,0.0,0.0,-0.0035778175313059034,-0.006092039186630443,0.0,0.00251422165532454,61095759.0,185558.0,1484381148.2865,84732239.88100001,XLF,IYF,Financials
2018-06-14,3.3174533882291946,5.4828863958824705,27.59,240.54,-0.009336,-0.00381,0.0,0.0,-0.00933572710951526,-0.0038101548910792677,0.0,-0.005525572218435993,70635531.0,123129.0,1536660204.269,82216660.10800001,XLF,IYF,Financials
2018-06-15,3.3130945001071823,5.482137799465727,27.47,240.36,-3.7e-05,-0.000748,0.0,0.0,-0.004349401957230881,-0.0007483162883512097,0.0,-0.003601085668879671,63387564.0,190702.0,1560218815.733,83108342.12200001,XLF,IYF,Financials
2018-06-18,3.3112726741341683,5.482221004524643,27.42,240.38,-0.00182,8.3e-05,0.0,0.0,-0.0018201674554057796,8.320852055250458e-05,0.0,-0.0019033759759582841,49824557.0,101444.0,1582038887.6675,81621776.04599999,XLF,IYF,Financials
2018-06-19,3.3087165288679903,5.4799720343542875,27.35,239.84,-0.002553,-0.002246,0.0,0.0,-0.0025528811086799135,-0.0022464431317081287,0.0,-0.00030643797697178484,50214730.0,152146.0,1608978077.9125,81977090.12799999,XLF,IYF,Financials
2018-06-20,3.3061538329752613,5.480638923341991,27.28,240.0,-0.002559,0.000667,0.0,0.0,-0.002559414990859232,0.00066711140760507,0.0,-0.0032265263984643023,42833585.0,125553.0,1592526819.8015,82000283.11,XLF,IYF,Financials
2018-06-21,3.3032169733019514,5.478302863544443,27.2,239.44,-0.002933,-0.002333,0.0,0.0,-0.002932551319648094,-0.0023333333333333335,0.0,-0.0005992179863147603,75190888.0,246755.0,1631470794.9695,81269734.012,XLF,IYF,Financials
2018-06-22,3.29842610362621,5.477049154491434,27.07,239.14,-0.004779,-0.001253,0.0,0.0,-0.004779411764705883,-0.001252923488138991,0.0,-0.0035264882765668917,61978929.0,92215.0,1654945728.1769998,72010005.343,XLF,IYF,Financials
2018-06-25,3.2876553402630266,5.465863637759837,26.78,236.48,-0.010713,-0.011123,0.0,0.0,-0.010712966383450314,-0.011123191435978924,0.0,0.0004102250525286101,80746078.0,703028.0,1708322096.8265,75169029.985,XLF,IYF,Financials
2018-06-26,3.284288963416433,5.460436216024472,26.69,235.2,-0.003361,-0.000871,0.0,0.0,-0.0033607169529499626,-0.005412719891745603,0.0,0.00205200293879564,56480350.0,184146.0,1613466888.8574998,64871518.687,XLF,IYF,Financials
2018-06-27,3.2718477096343066,5.448890225027411,26.36,232.5,-0.012364,-0.01148,0.0,0.0,-0.012364181341326339,-0.011479591836734694,0.0,-0.0008845895045916444,78099192.0,422963.0,1626162794.6895,65610009.31,XLF,IYF,Financials
2018-06-28,3.2805352052549286,5.458222884057659,26.59,234.68,0.008725,0.009376,0.0,0.0,0.008725341426403643,0.009376344086021506,0.0,-0.0006510026596178633,78544814.0,226190.0,1639960577.5195,65250392.892,XLF,IYF,Financials
2018-06-29,3.2805352052549286,5.456943729830456,26.59,234.38,0.0,-0.001278,-1830721500.0,-234380000.0,-0.05831805149098548,-0.05600281117277739,-1596341500.0,-0.002315240318208088,77208627.0,517326.0,1656137782.1200001,69201215.94600001,XLF,IYF,Financials
2018-07-02,3.285412348668445,5.460266133534054,26.72,235.16,0.004889,0.003328,0.0,0.0,0.004889056036103798,0.003327929004181244,0.0,0.0015611270319225538,66202782.0,209200.0,1683659214.325,67299378.92999999,XLF,IYF,Financials
2018-07-03,3.2763897310688073,5.455406581790812,26.48,234.02,-0.008982,-0.004848,0.0,0.0,-0.008982035928143712,-0.004847763225038272,0.0,-0.004134272703105441,30717772.0,204301.0,1662571479.0005,67844783.007,XLF,IYF,Financials
2018-07-05,3.2786530289040616,5.460521246422891,26.54,235.22,0.002266,0.005128,0.0,0.0,0.0022658610271903325,0.005127766857533544,0.0,-0.0028619058303432114,40668535.0,194361.0,1629949543.113,62437954.888,XLF,IYF,Financials
2018-07-06,3.283539338193923,5.465609884322231,26.67,236.42,0.004898,0.005102,0.0,0.0,0.0048982667671439335,0.005101607006206955,0.0,-0.00020334023906302175,41287510.0,176081.0,1593643550.076,62053814.28300001,XLF,IYF,Financials
2018-07-09,3.3061538329752613,5.481222086602572,27.28,240.14,0.022872,0.015735,0.0,0.0,0.022872140982377203,0.015734709415447086,0.0,0.007137431566930117,73447360.0,367713.0,1626836141.132,64812930.024000004,XLF,IYF,Financials
2018-07-10,3.3024814087229974,5.479054335211753,27.18,239.62,-0.003666,-0.002165,0.0,0.0,-0.0036656891495601175,-0.0021654035146164738,0.0,-0.0015002856349436437,51260559.0,186636.0,1630204446.188,64810824.75399999,XLF,IYF,Financials
2018-07-11,3.2976870052924907,5.47596133379088,27.05,238.88,-0.004783,-0.003088,0.0,0.0,-0.004782928623988227,-0.0030882230197813204,0.0,-0.0016947056042069066,46023735.0,149259.0,1614866235.6205,56383522.723000005,XLF,IYF,Financials
2018-07-12,3.299533727885655,5.477717994914328,27.1,239.3,0.001848,0.001758,0.0,0.0,0.0018484288354898336,0.0017582049564634963,0.0,9.022387902633735e-05,64876803.0,126755.0,1617698459.2779999,55659904.563999996,XLF,IYF,Financials
2018-07-13,3.2950958507796098,5.47369822566266,26.98,238.34,-0.004428,-0.004012,0.0,0.0,-0.004428044280442804,-0.004011700793982449,0.0,-0.0004163434864603551,64151172.0,200815.0,1606796675.2914999,56572144.43599999,XLF,IYF,Financials
2018-07-16,3.312730400339825,5.483385149010016,27.46,240.66,0.017791,0.009734,0.0,0.0,0.017790956263899184,0.00973399345472854,0.0,0.008056962809170645,55812035.0,151295.0,1596363780.1924999,56100820.535000004,XLF,IYF,Financials
2018-07-17,3.3138223021771545,5.484796933490655,27.49,241.0,0.001093,0.001413,0.0,0.0,0.0010924981791697013,0.0014127815174935594,0.0,-0.00032028333832385806,55502230.0,131658.0,1604342127.6805,56468043.999,XLF,IYF,Financials
2018-07-18,3.3297013799570854,5.495116942522644,27.93,243.5,0.016006,0.010373,0.0,0.0,0.01600582029829029,0.01037344398340249,0.0,0.0056323763148877996,59109184.0,730943.0,1618219459.8615003,63542740.191999994,XLF,IYF,Financials
2018-07-19,3.3145495749364833,5.487200681177132,27.51,241.58,-0.015038,-0.007885,0.0,0.0,-0.015037593984962405,-0.007885010266940452,0.0,-0.007152583718021953,61765223.0,1019799.0,1644752514.158,74354256.313,XLF,IYF,Financials
2018-07-20,3.3163654461454577,5.487697287709437,27.56,241.7,0.001817,0.000497,0.0,0.0,0.0018175209014903672,0.0004967298617435218,0.0,0.0013207910397468453,52288061.0,160625.0,1614545854.536,73341258.578,XLF,IYF,Financials
2018-07-23,3.330059353828816,5.495855889146852,27.94,243.68,0.013788,0.008192,0.0,0.0,0.013788098693759071,0.00819197352089367,0.0,0.005596125172865401,81516221.0,200904.0,1644535534.8715,74686458.15900001,XLF,IYF,Financials
2018-07-24,3.332918540908861,5.496840302679999,28.02,243.92,0.002863,0.000985,0.0,0.0,0.002863278453829635,0.000984898227183191,0.0,0.0018783802266464438,63133677.0,211311.0,1624866817.9065,68951004.043,XLF,IYF,Financials
2018-07-25,3.3350575791576103,5.5013398398660245,28.08,245.02,0.002141,0.00451,0.0,0.0,0.0021413276231263384,0.004509675303378157,0.0,-0.0023683476802518187,44262784.0,146547.0,1611638739.5675,68580794.38,XLF,IYF,Financials
2018-07-26,3.334701390373791,5.500441550638171,28.07,244.8,-0.000356,-0.000898,0.0,0.0,-0.00035612535612535614,-0.0008978858868663783,0.0,0.0005417605307410222,40056838.0,99751.0,1564923776.6445003,64884801.74499999,XLF,IYF,Financials
2018-07-27,3.3368366225017656,5.498478841470322,28.13,244.32,0.002137,-0.001961,0.0,0.0,0.0021375133594584966,-0.00196078431372549,0.0,0.004098297673183987,63159633.0,130899.0,1549332470.2459998,63829750.469000004,XLF,IYF,Financials
2018-07-30,3.3375473545856993,5.496348217047172,28.15,243.8,0.000711,-0.002128,0.0,0.0,0.0007109847138286527,-0.002128356254092993,0.0,0.0028393409679216457,56474138.0,112725.0,1526170949.8845,59141324.825,XLF,IYF,Financials
2018-07-31,3.3304171996011083,5.495363318740373,27.95,243.56,-0.007105,-0.000984,642850000.0,-377518000.0,0.013436416229691937,-0.09075103137520657,1020368000.0,0.10418744760489851,84500132.0,121141.0,1555812967.6025,58156806.323,XLF,IYF,Financials
2018-08-01,3.3304171996011083,5.497823748096092,27.95,244.16,0.0,0.002463,0.0,0.0,0.0,0.002463458696009197,0.0,-0.002463458696009197,64046851.0,94057.0,1604648111.7470002,56914528.177999996,XLF,IYF,Financials
2018-08-02,3.3307749173656096,5.497905658240709,27.96,244.18,0.000358,8.2e-05,0.0,0.0,0.00035778175313059033,8.1913499344692e-05,0.0,0.0002758682537858983,38330747.0,154177.0,1604267350.108,56510995.45,XLF,IYF,Financials
2018-08-03,3.336481066942464,5.503622759732367,28.12,245.58,0.005723,0.005734,0.0,0.0,0.005722460658082976,0.005733475305102793,0.0,-1.1014647019817227e-05,34894345.0,195880.0,1598271904.593,56834752.469,XLF,IYF,Financials
2018-08-06,3.341801171705499,5.506225445219469,28.27,246.22,0.005334,0.002606,0.0,0.0,0.005334281650071123,0.0026060754133072728,0.0,0.0027282062367638507,38230123.0,117881.0,1552127984.4135,53870855.469000004,XLF,IYF,Financials
2018-08-07,3.3463891451671604,5.509307361689676,28.4,246.98,0.004598,0.003087,0.0,0.0,0.004598514326140785,0.003086670457314597,0.0,0.0015118438688261882,44608618.0,109833.0,1545809122.2925,52991097.269999996,XLF,IYF,Financials
2018-08-08,3.3488509012899463,5.510763908313911,28.47,247.34,0.002465,0.001458,0.0,0.0,0.0024647887323943664,0.0014576079034739654,0.0,0.001007180828920401,47523171.0,61241.0,1551211254.6235,51965715.221,XLF,IYF,Financials
2018-08-09,3.342861804649192,5.507443126094042,28.3,246.52,-0.005971,-0.003315,0.0,0.0,-0.00597119775201967,-0.0033152745209024015,0.0,-0.0026559232311172683,29357810.0,74492.0,1504844487.7085001,51367280.038,XLF,IYF,Financials
2018-08-10,3.3311325072138684,5.497659907676295,27.97,244.12,-0.011661,-0.009736,0.0,0.0,-0.011660777385159011,-0.00973551841635567,0.0,-0.0019252589688033405,83301442.0,140098.0,1534801623.3174999,50684203.871,XLF,IYF,Financials
2018-08-13,3.3214324131932926,5.490836748318437,27.7,242.46,-0.009653,-0.0068,0.0,0.0,-0.009653199856989631,-0.006799934458463051,0.0,-0.0028532653985265805,74413496.0,131813.0,1561234391.2225,50461640.135000005,XLF,IYF,Financials
2018-08-14,3.3307749173656096,5.498151348426623,27.96,244.24,0.009386,0.007341,0.0,0.0,0.009386281588447653,0.007341417140971707,0.0,0.0020448644474759465,43659034.0,92783.0,1545981905.6195,50008227.231000006,XLF,IYF,Financials
2018-08-15,3.3228754148866853,5.494624007908654,27.74,243.38,-0.007868,-0.003521,0.0,0.0,-0.007868383404864092,-0.0035211267605633804,0.0,-0.004347256644300711,55681123.0,164075.0,1540665647.7645,43105624.881000005,XLF,IYF,Financials
2018-08-16,3.3361253849184407,5.505494124340167,28.11,246.04,0.013338,0.010929,0.0,0.0,0.013338139870223503,0.010929410797929164,0.0,0.002408729072294339,49534158.0,121094.0,1525327842.597,32277171.148000002,XLF,IYF,Financials
2018-08-17,3.338257581888281,5.509064397525695,28.17,246.92,0.002134,0.003577,0.0,0.0,0.0021344717182498526,0.003576654202568688,0.0,-0.0014421824843188352,43193141.0,89270.0,1514112433.6375,31438145.443,XLF,IYF,Financials
2018-08-20,3.3414473772563813,5.511733762103664,28.26,247.58,0.003195,0.002673,0.0,0.0,0.003194888178913618,0.002672930503806901,0.0,0.000521957675106717,30053680.0,96270.0,1442700122.7405,30182057.437,XLF,IYF,Financials
2018-08-21,3.34533224882076,5.5134287461649825,28.37,248.0,0.003892,0.001696,0.0,0.0,0.00389242745930644,0.0016964213587527264,0.0,0.0021960061005537137,47940015.0,89955.0,1422252752.541,28720350.481,XLF,IYF,Financials
2018-08-22,3.341801171705499,5.510925615946864,28.27,247.38,-0.003525,-0.0025,0.0,0.0,-0.0035248501938667607,-0.0025,0.0,-0.0010248501938667606,27323256.0,72785.0,1398729226.1609998,27825280.849,XLF,IYF,Financials
2018-08-23,3.337192051686243,5.50711855614637,28.14,246.44,-0.004599,-0.0038,0.0,0.0,-0.004598514326140785,-0.003799822135985124,0.0,-0.0007986921901556609,31767818.0,66014.0,1387206773.954,27417753.117000002,XLF,IYF,Financials
2018-08-24,3.3407394126250414,5.51124895278583,28.24,247.46,0.003554,0.004139,0.0,0.0,0.0035536602700781805,0.004138938484012335,0.0,-0.000585278213934155,22064526.0,32694.0,1329527860.8515,26223213.795,XLF,IYF,Financials
2018-08-27,3.3541057741283047,5.520660597691477,28.62,249.8,0.013456,0.009456,0.0,0.0,0.013456090651558074,0.009456073708882243,0.0,0.00400001694267583,52254529.0,322108.0,1324816742.6155,28872224.964999996,XLF,IYF,Financials
2018-08-28,3.3530570063342204,5.521860837883573,28.59,250.1,-0.001048,0.001201,0.0,0.0,-0.0010482180293501049,0.0012009607686148918,0.0,-0.0022491787979649967,28896792.0,90115.0,1248035772.3095,28523857.941999994,XLF,IYF,Financials
2018-08-29,3.3527071725017215,5.522819993899877,28.58,250.34,-0.00035,0.00096,0.0,0.0,-0.0003497726477790613,0.0009596161535385846,0.0,-0.0013093888013176458,34015284.0,75291.0,1207138138.873,28318027.533,XLF,IYF,Financials
2018-08-30,3.344979701663927,5.516247350809359,28.36,248.7,-0.007698,-0.006551,0.0,0.0,-0.007697690692792046,-0.00655109051689702,0.0,-0.0011466001758950262,43264120.0,118749.0,1214900276.727,27912324.355,XLF,IYF,Financials
2018-08-31,3.3439213138424253,5.516247350809359,28.33,248.7,-0.001058,0.0,-273384500.0,-49740000.0,-0.009552945297086649,-0.012738853503184714,-223644500.0,0.003185908206098065,34107750.0,101163.0,1214152455.532,26765075.74,XLF,IYF,Financials
2018-09-04,3.3488509012899463,5.519859636495273,28.47,249.6,0.004942,0.003619,0.0,0.0,0.004941757853865281,0.0036188178528347406,0.0,0.0013229400010305406,43145632.0,720624.0,1221531983.8235,34307230.269,XLF,IYF,Financials
2018-09-05,3.3495531485098167,5.517854422268135,28.49,249.1,0.000703,-0.002003,0.0,0.0,0.0007024938531787847,-0.002003205128205128,0.0,0.002705698981383913,32727695.0,163527.0,1204808347.791,34987631.337,XLF,IYF,Financials
2018-09-06,3.344979701663927,5.5154428455366835,28.36,248.5,-0.004563,-0.002409,0.0,0.0,-0.004563004563004563,-0.0024086712163789645,0.0,-0.0021543333466255985,38328974.0,84003.0,1191509599.0045,35274001.16500001,XLF,IYF,Financials
2018-09-07,3.3439213138424253,5.512056837786952,28.33,247.66,-0.001058,-0.00338,0.0,0.0,-0.0010578279266573833,-0.0033802816901408453,0.0,0.0023224537634834617,43644283.0,105082.0,1211790424.724,35657043.179000005,XLF,IYF,Financials
2018-09-10,3.342861804649192,5.512702676188347,28.3,247.82,-0.001059,0.000646,0.0,0.0,-0.001058948111542415,0.0006460469999192441,0.0,-0.001704995111461659,29927169.0,87960.0,1137640302.2220001,35036919.350999996,XLF,IYF,Financials
2018-09-11,3.3439213138424253,5.513670652387184,28.33,248.06,0.00106,0.000968,0.0,0.0,0.001060070671377972,0.0009684448389960455,0.0,9.162583238192653e-05,32065453.0,64559.0,1079998324.4365,34239675.62899999,XLF,IYF,Financials
2018-09-12,3.334701390373791,5.5076864844404065,28.07,246.58,-0.009178,-0.005966,0.0,0.0,-0.00917755030003518,-0.0059662984761751185,0.0,-0.003211251823860062,47963444.0,104521.0,1086279688.5585,34395249.042,XLF,IYF,Financials
2018-09-13,3.333275365176697,5.508497251470388,28.03,246.78,-0.001425,0.000811,0.0,0.0,-0.0014250089063056644,0.0008110957904128478,0.0,-0.002236104696718512,44977107.0,231309.0,1072085386.418,35252742.118,XLF,IYF,Financials
2018-09-14,3.340385242265398,5.512379809126054,28.23,247.74,0.007135,0.00389,0.0,0.0,0.007135212272565109,0.0038901045465596887,0.0,0.00324510772600542,34150959.0,90703.0,1050669205.9775,34886581.791,XLF,IYF,Financials
2018-09-17,3.3361253849184407,5.509631222108668,28.11,247.06,-0.004251,-0.002745,0.0,0.0,-0.004250797024442083,-0.0027448131105190926,0.0,-0.00150598391392299,26907851.0,89710.0,1027650651.4595,34892642.001,XLF,IYF,Financials
2018-09-18,3.34109345759245,5.5121375904013625,28.25,247.68,0.00498,0.002509,0.0,0.0,0.004980434009249377,0.0025095118594673357,0.0,0.0024709221497820413,36405644.0,89983.0,1036607773.7695,34815265.143,XLF,IYF,Financials
2018-09-19,3.3579418729911983,5.521220889057638,28.73,249.94,0.016991,0.009125,0.0,0.0,0.016991150442477877,0.00912467700258398,0.0,0.007866473439893898,75552011.0,134694.0,1077135326.2935,35383094.061000004,XLF,IYF,Financials
2018-09-20,3.3666059368925363,5.529746497449019,28.98,252.08,0.008702,0.008562,0.0,0.0,0.00870170553428472,0.008562054893174362,0.0,0.00013965064111035735,78555524.0,152041.0,1152340858.2135,36399141.16,XLF,IYF,Financials
2018-09-21,3.358289880650879,5.527204392489312,28.74,251.44,-0.003882,-0.002539,0.0,0.0,-0.008281573498964804,-0.0025388765471278957,0.0,-0.005742696951836908,64709960.0,113918.0,1200631750.8075001,37017893.748,XLF,IYF,Financials
2018-09-24,3.3470931226689546,5.516086501524791,28.42,248.66,-0.011134,-0.011056,0.0,0.0,-0.011134307585246925,-0.011056315622017181,0.0,-7.799196322974371e-05,47985139.0,132079.0,1237663522.6144998,38255509.093,XLF,IYF,Financials
2018-09-25,3.343215099123808,5.5137512747921935,28.31,248.08,-0.003871,-0.002333,0.0,0.0,-0.00387051372273059,-0.002332502211855546,0.0,-0.0015380115108750442,32964401.0,101800.0,1209548401.231,35495107.373,XLF,IYF,Financials
2018-09-26,3.3311325072138684,5.498642547781566,27.97,244.36,-0.01201,-0.010839,0.0,0.0,-0.012009890498057224,-0.014995162850693324,0.0,0.0029852723526360998,60288142.0,117081.0,1252553403.654,35798714.956,XLF,IYF,Financials
2018-09-27,3.327550841493857,5.496676301039615,27.87,243.88,-0.003575,-0.001964,0.0,0.0,-0.003575259206292456,-0.0019643149451628746,0.0,-0.0016109442611295815,57492175.0,144839.0,1284060908.6805,36622464.275,XLF,IYF,Financials
2018-09-28,3.3170908723651555,5.492814499272125,27.58,242.94,-0.010406,-0.003854,239946000.0,-36441000.0,-0.0027532355905048873,-0.013494473749649485,276387000.0,0.010741238159144597,66454872.0,158260.0,1314353655.0084999,37068204.68,XLF,IYF,Financials
2018-10-01,3.3210713371828704,5.492485145625673,27.69,242.86,0.003988,-0.000329,0.0,0.0,0.00398839738941274,-0.0003292994154935375,0.0,0.004317696804906278,49855733.0,240855.0,1335065289.472,38734945.04,XLF,IYF,Financials
2018-10-02,3.3210713371828704,5.49108418120353,27.69,242.52,0.0,-0.0014,0.0,0.0,0.0,-0.001399983529605534,0.0,0.001399983529605534,47629547.0,108519.0,1339590590.1415,31057458.913999997,XLF,IYF,Financials
2018-10-03,3.3304171996011083,5.496594290132118,27.95,243.86,0.00939,0.005525,0.0,0.0,0.009389671361502348,0.005525317499587663,0.0,0.0038643538619146846,79591391.0,155536.0,1404198957.5365,30917180.577,XLF,IYF,Financials
2018-10-04,3.337192051686243,5.497332146283652,28.14,244.04,0.006798,0.000738,0.0,0.0,0.006797853309481216,0.0007381284343475765,0.0,0.00605972487513364,94700771.0,196449.0,1483092457.2015,32270514.0,XLF,IYF,Financials
2018-10-05,3.332204510175204,5.493308326442654,28.0,243.06,-0.004975,-0.004016,0.0,0.0,-0.004975124378109453,-0.004015735125389281,0.0,-0.0009593892527201718,58148664.0,162241.0,1502678459.932,32940998.466999996,XLF,IYF,Financials
2018-10-08,3.338967305126021,5.497659907676295,28.19,244.12,0.006786,0.004361,0.0,0.0,0.0067857142857142855,0.004361063111988809,0.0,0.0024246511737254766,56594940.0,170161.0,1540102083.7269998,33928071.273,XLF,IYF,Financials
2018-10-09,3.3350575791576103,5.496102083395356,28.08,243.74,-0.003902,-0.001557,0.0,0.0,-0.0039020929407592537,-0.0015566115025397345,0.0,-0.0023454814382195192,47963546.0,135268.0,1562022188.1365,34775857.112,XLF,IYF,Financials
2018-10-10,3.303584552795155,5.4681445257603025,27.21,237.02,-0.030983,-0.02757,0.0,0.0,-0.030982905982905866,-0.027570361860999426,0.0,-0.00341254412190644,101604384.0,357035.0,1632938258.9145,37718439.488,XLF,IYF,Financials
2018-10-11,3.2733640101522705,5.439816928821736,26.4,230.4,-0.029768,-0.02793,0.0,0.0,-0.029768467475192944,-0.027930132478271877,0.0,-0.001838334996921067,178628215.0,637745.0,1805692087.2540002,42211140.137,XLF,IYF,Financials
2018-10-12,3.2744997286161976,5.44198471636045,26.43,230.9,0.001136,0.00217,0.0,0.0,0.0011363636363636363,0.002170138888888889,0.0,-0.0010337752525252527,137932962.0,481598.0,1939766417.9085,46647650.986,XLF,IYF,Financials
2018-10-15,3.269949095052201,5.438774719243292,26.31,230.16,-0.00454,-0.003205,0.0,0.0,-0.004540295119182747,-0.0032048505846686876,0.0,-0.0013354445345140592,82196431.0,209099.0,2010076838.3084998,47945774.647999994,XLF,IYF,Financials
2018-10-16,3.2865344733420154,5.455492040920035,26.75,234.04,0.016724,0.016858,0.0,0.0,0.016723679209426075,0.016857838025721238,0.0,-0.00013415881629516221,75137323.0,245537.0,2059150035.671,49704699.15,XLF,IYF,Financials
2018-10-17,3.2965773325320527,5.462135451777431,27.02,235.6,0.010094,0.006666,0.0,0.0,0.010093457943925233,0.006665527260297385,0.0,0.003427930683627848,79472083.0,200605.0,2057986356.0025,50384555.132,XLF,IYF,Financials
2018-10-18,3.279782759771722,5.449062253240462,26.57,232.54,-0.016654,-0.012988,0.0,0.0,-0.016654330125832718,-0.01298811544991511,0.0,-0.0036662146759176076,81706015.0,228154.0,2052705842.6539998,51120976.926,XLF,IYF,Financials
2018-10-19,3.283539338193923,5.4515533424468945,26.67,233.12,0.003764,0.002494,0.0,0.0,0.0037636432066241385,0.0024941945471746796,0.0,0.0012694486594494589,73614334.0,209827.0,2057882344.523,52134543.34199999,XLF,IYF,Financials
2018-10-22,3.261935314328648,5.4352056186101585,26.1,229.34,-0.021372,-0.016215,0.0,0.0,-0.021372328458942755,-0.016214824982841457,0.0,-0.005157503476101298,58645755.0,292892.0,2066228172.2789998,53850997.699,XLF,IYF,Financials
2018-10-23,3.2538567937634464,5.429257905808632,25.89,227.98,-0.008046,-0.00593,0.0,0.0,-0.008045977011494253,-0.005930060172669399,0.0,-0.002115916838824854,93698153.0,685197.0,2140859321.7220001,60398831.102,XLF,IYF,Financials
2018-10-24,3.228430037673012,5.408695274017646,25.24,223.34,-0.025106,-0.020353,0.0,0.0,-0.025106218617226728,-0.020352662514255635,0.0,-0.0047535561029710925,98050687.0,470272.0,2180286322.129,64219862.86799999,XLF,IYF,Financials
2018-10-25,3.24376354037598,5.42653466434879,25.63,227.36,0.015452,0.018,0.0,0.0,0.015451664025356577,0.01799946270260589,0.0,-0.0025477986772493143,72439430.0,334975.0,2193002105.8115,66261691.901999995,XLF,IYF,Financials
2018-10-26,3.229222116922345,5.409948182719222,25.26,223.62,-0.014436,-0.01645,0.0,0.0,-0.01443620756925478,-0.016449683321604503,0.0,0.002013475752349723,115308867.0,1261211.0,2246995936.3445,78440907.873,XLF,IYF,Financials
2018-10-29,3.2378938307039626,5.417255290619551,25.48,225.26,0.008709,0.007334,0.0,0.0,0.00870942201108472,0.007333869957964404,0.0,0.0013755520531203158,97946058.0,711689.0,2302753951.8980002,83531958.815,XLF,IYF,Financials
2018-10-30,3.255014871484074,5.429784129290343,25.92,228.1,0.017269,0.012608,0.0,0.0,0.017268445839874542,0.012607653378318387,0.0,0.004660792461556155,82719134.0,455637.0,2344014841.7405005,87412597.406,XLF,IYF,Financials
2018-10-31,3.26880819361641,5.4405978738048075,26.28,230.58,0.013889,0.010872,-520344000.0,0.0,-0.003817133804808073,0.010872424375274003,-520344000.0,-0.014689558180082076,93781143.0,241877.0,2356014294.7200003,88304746.891,XLF,IYF,Financials
2018-11-01,3.2733640101522705,5.446133741242256,26.4,231.86,0.004566,0.005551,0.0,0.0,0.0045662100456621,0.005551218665972764,0.0,-0.0009850086203106638,62346640.0,200041.0,2305067874.7230005,88226751.506,XLF,IYF,Financials
2018-11-02,3.2726061472891685,5.4440613806007425,26.38,231.38,-0.000758,-0.00207,0.0,0.0,-0.0007575757575757576,-0.0020702147847839214,0.0,0.0013126390272081637,73034236.0,346660.0,2319991902.407,90265546.17300001,XLF,IYF,Financials
2018-11-05,3.288401887516811,5.45660234551375,26.8,234.3,0.015921,0.01262,0.0,0.0,0.01592115238817286,0.01261993257844239,0.0,0.0033012198097304695,58705774.0,143273.0,2318887071.637,89867004.20199999,XLF,IYF,Financials
2018-11-06,3.293612170982218,5.462050558530638,26.94,235.58,0.005224,0.005463,0.0,0.0,0.0052238805970149255,0.005463081519419548,0.0,-0.00023920092240462248,51010875.0,90573.0,2320257901.678,89285352.453,XLF,IYF,Financials
2018-11-07,3.306520334720247,5.476463551931511,27.29,239.0,0.012992,0.014517,0.0,0.0,0.012991833704528583,0.014517361405891842,0.0,-0.0015255277013632596,59990828.0,209778.0,2263882622.052,87560977.76799999,XLF,IYF,Financials
2018-11-08,3.309447523052588,5.480055419803575,27.37,239.86,0.002931,0.003598,0.0,0.0,0.0029314767314034445,0.003598326359832636,0.0,-0.0006668496284291917,46730116.0,157218.0,2092043541.998,82099670.842,XLF,IYF,Financials
2018-11-09,3.3002714630721948,5.471850417308912,27.12,237.9,-0.009134,-0.008171,0.0,0.0,-0.009134088417975887,-0.008171433336112732,0.0,-0.0009626550818631549,47051212.0,272060.0,1973566576.1869998,79775775.632,XLF,IYF,Financials
2018-11-12,3.2801590532850993,5.4560900504205785,26.58,234.18,-0.019912,-0.015637,0.0,0.0,-0.01991150442477876,-0.015636822194199245,0.0,-0.004274682230579516,47135521.0,303901.0,1928080278.6155,80927841.149,XLF,IYF,Financials
2018-11-13,3.2857865301508276,5.459840800704708,26.73,235.06,0.005643,0.003758,0.0,0.0,0.0056433408577878106,0.0037577931505679394,0.0,0.0018855477072198712,69820555.0,290599.0,1920899280.8604999,81469977.222,XLF,IYF,Financials
2018-11-14,3.2722270003651954,5.449664119042561,26.37,232.68,-0.013468,-0.010125,0.0,0.0,-0.013468013468013467,-0.01012507444907683,0.0,-0.0033429390189366366,104274180.0,350111.0,1951018003.0574996,83180041.69600001,XLF,IYF,Financials
2018-11-15,3.286908235260028,5.459500404139426,26.76,234.98,0.01479,0.009885,0.0,0.0,0.01478953356086462,0.009884820354134434,0.0,0.004904713206730185,93998009.0,447709.0,1968240898.1720002,85787428.17899999,XLF,IYF,Financials
2018-11-16,3.2880286835565173,5.461880750413402,26.79,235.54,0.001121,0.002383,0.0,0.0,0.0011210762331838565,0.0023831815473657333,0.0,-0.0012621053141818768,80518388.0,193242.0,1977930564.509,85617495.701,XLF,IYF,Financials
2018-11-19,3.2876553402630266,5.458052424669195,26.78,234.64,-0.000373,-0.003821,0.0,0.0,-0.0003732736095558044,-0.0038210070476352213,0.0,0.003447733438079417,65491301.0,329395.0,1989090706.273,86123365.277,XLF,IYF,Financials
2018-11-20,3.2653776585196206,5.440424383172867,26.19,230.54,-0.022031,-0.017474,0.0,0.0,-0.022031366691560868,-0.017473576542788954,0.0,-0.004557790148771914,103778269.0,422929.0,2003696090.4699998,83187907.257,XLF,IYF,Financials
2018-11-21,3.266141017335315,5.44198471636045,26.21,230.9,0.000764,0.001562,0.0,0.0,0.0007636502481863307,0.0015615511407998611,0.0,-0.0007979008926135304,48617952.0,236421.0,1943669949.572,80665860.278,XLF,IYF,Financials
2018-11-23,3.258096538021482,5.43433317046548,26.0,229.14,-0.008012,-0.007622,0.0,0.0,-0.008012209080503624,-0.0076223473365093115,0.0,-0.00038986174399431237,24252331.0,274472.0,1882366850.3270001,80002490.18200001,XLF,IYF,Financials
2018-11-26,3.2782761681496484,5.451810687505145,26.53,233.18,0.020385,0.017631,0.0,0.0,0.020384615384615383,0.017631142532949288,0.0,0.002753472851666095,50168814.0,275138.0,1803280683.0770001,69108723.933,XLF,IYF,Financials
2018-11-27,3.279029747687948,5.452410901885437,26.55,233.32,0.000754,0.0006,0.0,0.0,0.0007538635506973238,0.0006003945449867056,0.0,0.00015346900571061822,47174297.0,292654.0,1741121284.4525,64507072.29,XLF,IYF,Financials
2018-11-28,3.2980566227426418,5.470336030346094,27.06,237.54,0.019209,0.018087,0.0,0.0,0.0192090395480226,0.01808674781416081,0.0,0.0011222917338617917,61375319.0,328050.0,1716958093.3955,63206782.154999994,XLF,IYF,Financials
2018-11-29,3.2895206644375325,5.4637470556717735,26.83,235.98,-0.0085,-0.006567,0.0,0.0,-0.008499630450849963,-0.006567314978529932,0.0,-0.0019323154723200307,43664093.0,147590.0,1652305052.253,62159596.63200001,XLF,IYF,Financials
2018-11-30,3.2947251371516386,5.471766344838393,26.97,237.88,0.005218,0.008052,-625704000.0,-23788000.0,-0.015716577358835995,0.0014844188473985952,-601916000.0,-0.017200996206234588,45435220.0,435279.0,1631276881.623,65017729.745000005,XLF,IYF,Financials
2018-12-03,3.301008654406723,5.479054335211753,27.14,239.62,0.006303,0.007315,0.0,0.0,0.006303299962921765,0.007314612409618295,0.0,-0.00101131244669653,65330932.0,641597.0,1623598799.063,68694193.86199999,XLF,IYF,Financials
2018-12-04,3.2565568918358894,5.442417710521793,25.96,231.0,-0.043478,-0.035974,0.0,0.0,-0.043478260869565216,-0.03597362490610133,0.0,-0.007504635963463888,110918561.0,465972.0,1688905354.0809999,72397727.267,XLF,IYF,Financials
2018-12-06,3.242592351485517,5.437992348620519,25.6,229.98,-0.013867,-0.004416,0.0,0.0,-0.01386748844375963,-0.004415584415584416,0.0,-0.009451904028175214,134687106.0,885770.0,1792593201.1360002,81516337.13000001,XLF,IYF,Financials
2018-12-07,3.2232661731694936,5.4199153382955245,25.11,225.86,-0.019141,-0.017915,0.0,0.0,-0.019140625,-0.017914601269675624,0.0,-0.001226023730324377,86740000.0,867256.0,1819637786.33,88803412.03800002,XLF,IYF,Financials
2018-12-10,3.2092294478163956,5.409590368957465,24.76,223.54,-0.013939,-0.010272,0.0,0.0,-0.013938669852648347,-0.01027184981847162,0.0,-0.003666820034176727,101121843.0,651138.0,1880876464.218,94195665.99000001,XLF,IYF,Financials
2018-12-11,3.1994891110680106,5.40285754582196,24.52,222.04,-0.009693,-0.00671,0.0,0.0,-0.009693053311793215,-0.006710208463809609,0.0,-0.0029828448479836053,92308158.0,514305.0,1930244822.454,96669326.4,XLF,IYF,Financials
2018-12-12,3.2051824977361982,5.403397842998544,24.66,222.16,0.00571,0.00054,0.0,0.0,0.005709624796084829,0.0005404431633939831,0.0,0.005169181632690846,86748915.0,270569.0,1974563127.2400002,96116430.04300001,XLF,IYF,Financials
2018-12-13,3.1978564576441255,5.39906726964818,24.48,221.2,-0.007299,-0.004321,0.0,0.0,-0.0072992700729927005,-0.004321209938782859,0.0,-0.0029780601342098414,67232895.0,375578.0,1963541018.9625,96854912.676,XLF,IYF,Financials
2018-12-14,3.1880041612011136,5.390440655423842,24.24,219.3,-0.009804,-0.008589,0.0,0.0,-0.00980392156862745,-0.008589511754068717,0.0,-0.0012144098145587343,66817012.0,898090.0,1907037731.1764998,102629278.152,XLF,IYF,Financials
2018-12-17,3.1780538303479458,5.367283571012759,24.0,214.28,-0.009901,-0.017824,0.0,0.0,-0.009900990099009901,-0.022891016871865025,0.0,0.012990026772855124,101180358.0,1008312.0,1902684824.7345002,108172199.879,XLF,IYF,Financials
2018-12-18,3.1742967814702334,5.366256349556229,23.91,214.06,-0.00375,-0.001027,0.0,0.0,-0.00375,-0.001026694045174538,0.0,-0.002723305954825462,90844000.0,941335.0,1903434446.0084999,115971497.35,XLF,IYF,Financials
2018-12-19,3.1616703510974213,5.352994927838733,23.61,211.24,-0.012547,-0.013174,0.0,0.0,-0.012547051442910916,-0.013173876483229001,0.0,0.0006268250403180849,129331720.0,970515.0,1968417689.4294999,122357614.63999999,XLF,IYF,Financials
2018-12-20,3.152736022363656,5.342716953844721,23.4,209.08,-0.008895,-0.010225,0.0,0.0,-0.008894536213468869,-0.010225336110585117,0.0,0.0013307998971162482,107016856.0,1059028.0,1957729767.6939998,128553590.76900001,XLF,IYF,Financials
2018-12-21,3.126321843257593,5.323985113296614,22.79,205.2,-0.019874,-0.018558,0.0,0.0,-0.02606837606837607,-0.018557489955997705,0.0,-0.007510886112378365,118502348.0,970511.0,2029049367.1440003,135781553.184,XLF,IYF,Financials
2018-12-24,3.105035008444441,5.298717286569364,22.31,200.08,-0.021062,-0.024951,0.0,0.0,-0.02106186924089513,-0.024951267056530214,0.0,0.003889397815635083,71752697.0,873555.0,2077561470.3475003,141375971.7,XLF,IYF,Financials
2018-12-26,3.1493113614822916,5.3429082498759115,23.32,209.12,0.045271,0.045182,0.0,0.0,0.045271178843567905,0.045181927229108354,0.0,8.925161445955121e-05,108133543.0,869329.0,2137096249.7145,147257841.782,XLF,IYF,Financials
2018-12-27,3.1612467120315646,5.351478914662269,23.6,210.92,0.012007,0.008608,0.0,0.0,0.012006861063464836,0.008607498087222647,0.0,0.003399362976242189,98005001.0,737595.0,2190118271.627,151622417.088,XLF,IYF,Financials
2018-12-28,3.1608228934195837,5.352142453242944,23.59,211.06,-0.000424,0.000664,0.0,0.0,-0.000423728813559322,0.0006637587710980466,0.0,-0.0010874875846573686,76348396.0,649087.0,2197130398.102,154575982.349,XLF,IYF,Financials
2018-12-31,3.170525563927154,5.3600707628235185,23.82,212.74,0.00975,0.00796,-2932242000.0,10637000.0,-0.10420388460115644,0.011264608152758985,-2942879000.0,-0.11546849275391542,56435410.0,443432.0,2205769590.6525,157551354.123,XLF,IYF,Financials
2019-01-02,3.1788868166518376,5.361104354646802,24.02,212.96,0.008396,0.001034,0.0,0.0,0.008396305625524769,0.001034126163391934,0.0,0.007362179462132835,62944991.0,227997.0,2220097130.6735,154801857.75300002,XLF,IYF,Financials
2019-01-03,3.1561489949598958,5.344341804859316,23.48,209.42,-0.022481,-0.016623,0.0,0.0,-0.022481265611990008,-0.016622839969947407,0.0,-0.0058584256420426,65730018.0,503682.0,2208610097.0815,152388938.318,XLF,IYF,Financials
2019-01-04,3.1888289035159043,5.374259370123194,24.26,215.78,0.03322,0.03037,0.0,0.0,0.03321976149914821,0.030369592207048036,0.0,0.0028501692921001735,64638355.0,802127.0,2143044129.5185,155661109.921,XLF,IYF,Financials
2019-01-07,3.190064743014081,5.377867645306046,24.29,216.56,0.001237,0.003615,0.0,0.0,0.001236603462489695,0.003614792844563908,0.0,-0.0023781893820742127,48167028.0,227035.0,2029143489.3445,147933975.671,XLF,IYF,Financials
2019-01-08,3.1908877883280318,5.383393538903156,24.31,217.76,0.000823,0.005541,0.0,0.0,0.0008233841086867024,0.005541189508681197,0.0,-0.004717805399994494,90114691.0,353224.0,2029775826.2549999,141985956.575,XLF,IYF,Financials
2019-01-09,3.195811885269649,5.388340869195625,24.43,218.84,0.004936,0.00496,0.0,0.0,0.0049362402303578775,0.004959588537839824,0.0,-2.3348307481946447e-05,61037051.0,545893.0,1979143742.4175,140681348.35500002,XLF,IYF,Financials
2019-01-10,3.1962211343033946,5.392445029272735,24.44,219.74,0.000409,0.004113,0.0,0.0,0.00040933278755628325,0.004112593675744836,0.0,-0.003703260888188553,48630810.0,371956.0,1925400790.5294998,139058214.81699997,XLF,IYF,Financials
2019-01-11,3.1986731175506815,5.393354781882788,24.5,219.94,0.002455,0.00091,0.0,0.0,0.0024549918166939444,0.0009101665604805679,0.0,0.0015448252562133766,44961617.0,198948.0,1873517359.1594996,138240565.521,XLF,IYF,Financials
2019-01-14,3.2055879305412653,5.396441764541236,24.67,220.62,0.006939,0.003092,0.0,0.0,0.0069387755102040816,0.0030917522960807495,0.0,0.003847023214123332,50610566.0,271112.0,1853652428.8404999,137077309.313,XLF,IYF,Financials
2019-01-15,3.2144661163795005,5.404657402319363,24.89,222.44,0.008918,0.00825,0.0,0.0,0.008917713822456425,0.008249478741727857,0.0,0.0006682350807285676,59156475.0,519751.0,1846290443.434,133010423.085,XLF,IYF,Financials
2019-01-16,3.2355362657613083,5.421331142443181,25.42,226.18,0.021294,0.016814,0.0,0.0,0.02129369224588188,0.016813522747707248,0.0,0.004480169498174633,72982441.0,651221.0,1817634696.345,129572026.60599999,XLF,IYF,Financials
2019-01-17,3.241028629509334,5.426182737545933,25.56,227.28,0.005507,0.004863,0.0,0.0,0.0055074744295830055,0.004863383146166769,0.0,0.0006440912834162361,55771263.0,251797.0,1780306368.459,122358339.20899999,XLF,IYF,Financials
2019-01-18,3.258096538021482,5.439903730609908,26.0,230.42,0.017214,0.013816,0.0,0.0,0.017214397496087636,0.01381555790214713,0.0,0.003398839593940505,58400191.0,290045.0,1703550521.299,115449368.224,XLF,IYF,Financials
2019-01-22,3.246490991901174,5.431010908273502,25.7,228.38,-0.011538,-0.008853,0.0,0.0,-0.011538461538461539,-0.00885339814252235,0.0,-0.002685063395939189,79651742.0,548871.0,1680693288.249,110645847.46100001,XLF,IYF,Financials
2019-01-23,3.2476576262936527,5.431010908273502,25.73,228.38,0.001167,0.0,0.0,0.0,0.0011673151750972762,0.0,0.0,0.0011673151750972762,44072057.0,961088.0,1602358564.0335002,111663068.473,XLF,IYF,Financials
2019-01-24,3.2499868198932536,5.433023069400328,25.79,228.84,0.002332,0.002014,0.0,0.0,0.002331908278274388,0.002014186881513267,0.0,0.0003177213967611209,25496893.0,277929.0,1555196674.0535,106104087.87099999,XLF,IYF,Financials
2019-01-25,3.258096538021482,5.442244535354679,26.0,230.96,0.008143,0.009264,0.0,0.0,0.0081426909654905,0.00926411466526831,0.0,-0.0011214236997778102,63139954.0,427751.0,1511194903.1155,101954052.39500001,XLF,IYF,Financials
2019-01-28,3.255014871484074,5.44198471636045,25.92,230.9,-0.003077,-0.00026,0.0,0.0,-0.003076923076923077,-0.00025978524419812955,0.0,-0.0028171378327249475,66894895.0,211848.0,1482244785.8555,96621160.685,XLF,IYF,Financials
2019-01-29,3.251536607107749,5.440858053330147,25.83,230.64,-0.003472,-0.001126,0.0,0.0,-0.003472222222222222,-0.0011260285838025118,0.0,-0.00234619363841971,29442082.0,271548.0,1430216301.6764998,92902837.11,XLF,IYF,Financials
2019-01-30,3.2573270112424533,5.447426789135878,25.98,232.16,0.005807,0.00659,0.0,0.0,0.005807200929152149,0.0065903572667360385,0.0,-0.0007831563375838898,62076761.0,493354.0,1443639440.9055,93912904.15799999,XLF,IYF,Financials
2019-01-31,3.255786178888298,5.4486321272069045,25.94,232.44,-0.00154,0.001206,-463029000.0,34866000.0,-0.019957140361646263,0.011021810516074107,-497895000.0,-0.03097895087772037,64021467.0,365238.0,1451078349.4135,95729988.138,XLF,IYF,Financials
2019-02-01,3.260017768199376,5.45352463085042,26.05,233.58,0.004241,0.004904,0.0,0.0,0.004240555127216654,0.00490449148167269,0.0,-0.0006639363544560361,42920281.0,667308.0,1429814974.284,98249424.04800001,XLF,IYF,Financials
2019-02-04,3.264231526588998,5.45907474542615,26.16,234.88,0.004223,0.005566,0.0,0.0,0.004222648752399232,0.005565544995290692,0.0,-0.00134289624289146,30362455.0,456418.0,1391122740.809,94955448.837,XLF,IYF,Financials
2019-02-05,3.261552099148637,5.45933016239574,26.09,234.94,-0.002676,0.000255,0.0,0.0,-0.002675840978593272,0.00025544959128065393,0.0,-0.002931290569873926,39095274.0,484496.0,1383623670.2359998,98188488.36899999,XLF,IYF,Financials
2019-02-06,3.260401571696699,5.456516981221582,26.06,234.28,-0.00115,-0.002809,0.0,0.0,-0.0011498658489842851,-0.002809227887971397,0.0,0.0016593620389871119,51542815.0,309758.0,1341249551.2705,97971090.669,XLF,IYF,Financials
2019-02-07,3.250374491927572,5.451896454476337,25.8,233.2,-0.009977,-0.00461,0.0,0.0,-0.009976976208749041,-0.004609868533378863,0.0,-0.005367107675370178,80395650.0,594476.0,1370403181.974,98929519.623,XLF,IYF,Financials
2019-02-08,3.245322994883049,5.449062253240462,25.67,232.54,-0.005039,-0.00283,0.0,0.0,-0.0050387596899224806,-0.002830188679245283,0.0,-0.0022085710106771977,54911051.0,162815.0,1381454666.1125,96735889.056,XLF,IYF,Financials
2019-02-11,3.248434627109745,5.451381742274873,25.75,233.08,0.003116,0.002322,0.0,0.0,0.0031164783794312427,0.00232218113012815,0.0,0.0007942972493030927,53115694.0,220509.0,1394763141.3125,97117869.786,XLF,IYF,Financials
2019-02-12,3.263084079532521,5.461625984160061,26.13,235.48,0.014757,0.010297,0.0,0.0,0.014757281553398059,0.010296893770379269,0.0,0.00446038778301879,37671288.0,375539.0,1381552545.9235,98548829.5,XLF,IYF,Financials
2019-02-13,3.265759410767051,5.465017542439035,26.2,236.28,0.002679,0.003397,0.0,0.0,0.0026789131266743206,0.0033973161202649907,0.0,-0.0007184029935906702,42969630.0,165319.0,1364222528.086,94721237.544,XLF,IYF,Financials
2019-02-14,3.2534704696327,5.457455587886334,25.88,234.5,-0.012214,-0.007533,0.0,0.0,-0.012213740458015267,-0.007533434907736584,0.0,-0.004680305550278683,47630097.0,229026.0,1333095191.093,90041909.10499999,XLF,IYF,Financials
2019-02-15,3.2744997286161976,5.47369822566266,26.43,238.34,0.021252,0.016375,0.0,0.0,0.02125193199381762,0.016375266524520257,0.0,0.004876665469297364,46880785.0,232132.0,1323772474.3565001,89946805.041,XLF,IYF,Financials
2019-02-19,3.27601201623901,5.475291317015396,26.47,238.72,0.001513,0.001594,0.0,0.0,0.001513431706394249,0.0015943609968951918,0.0,-8.092929050094273e-05,23868332.0,197770.0,1279441963.4585,88965779.316,XLF,IYF,Financials
2019-02-20,3.2824138456721883,5.478302863544443,26.64,239.44,0.006422,0.003016,0.0,0.0,0.006422364941443143,0.0030160857908847183,0.0,0.0034062791505584246,27509066.0,176592.0,1213731550.9004998,84812380.791,XLF,IYF,Financials
2019-02-21,3.2771447329921766,5.474117706351726,26.5,238.44,-0.005255,-0.004176,0.0,0.0,-0.005255255255255256,-0.00417641162712997,0.0,-0.0010788436281252856,46620034.0,247991.0,1218804394.62,76794265.62099999,XLF,IYF,Financials
2019-02-22,3.2756341586868096,5.475542625917242,26.46,238.78,-0.001509,0.001426,0.0,0.0,-0.0015094339622641509,0.0014259352457641336,0.0,-0.0029353692080282844,26343683.0,196006.0,1220778843.7055001,75954317.637,XLF,IYF,Financials
2019-02-25,3.279782759771722,5.476463551931511,26.57,239.0,0.004157,0.000921,0.0,0.0,0.0041572184429327285,0.0009213501968339057,0.0,0.003235868246098823,33835895.0,257810.0,1183647890.013,74095478.589,XLF,IYF,Financials
2019-02-26,3.2767673032839784,5.474033824289855,26.49,238.42,-0.003011,-0.002427,0.0,0.0,-0.0030109145652992097,-0.002426778242677824,0.0,-0.0005841363226213856,35659790.0,180897.0,1144183497.948,73806166.566,XLF,IYF,Financials
2019-02-27,3.2805352052549286,5.476630901944453,26.59,239.04,0.003775,0.0026,0.0,0.0,0.003775009437523594,0.0026004529821323716,0.0,0.0011745564553912223,42542398.0,170118.0,1162719167.186,72707925.366,XLF,IYF,Financials
2019-02-28,3.277899165317662,5.476128767864105,26.52,238.92,-0.002633,-0.000502,-1371084000.0,-47784000.0,-0.056919211404518645,-0.013440493365045944,-1323300000.0,-0.0434787180394727,39835922.0,189586.0,1134903887.2189999,69245866.49,XLF,IYF,Financials
2019-03-01,3.284288963416433,5.4805555865362425,26.69,239.98,0.00641,0.004437,0.0,0.0,0.00641025641025641,0.004436631508454713,0.0,0.001973624901801697,82657330.0,435354.0,1162174251.405,70224883.1,XLF,IYF,Financials
2019-03-04,3.277899165317662,5.476798223956053,26.52,239.08,-0.006369,-0.00375,0.0,0.0,-0.006369426751592357,-0.003750312526043837,0.0,-0.00261911422554852,76611896.0,263453.0,1207857959.4985,65580710.129999995,XLF,IYF,Financials
2019-03-05,3.2741212990941793,5.474704683853799,26.42,238.58,-0.003771,-0.002091,0.0,0.0,-0.003770739064856712,-0.0020913501756734147,0.0,-0.0016793888891832973,39868099.0,217757.0,1220809627.1375,62818160.390999995,XLF,IYF,Financials
2019-03-06,3.2676659890376327,5.467553683793335,26.25,236.88,-0.006435,-0.007125,0.0,0.0,-0.006434519303557911,-0.007125492497275547,0.0,0.0006909731937176358,43158887.0,245907.0,1226455881.392,60039308.387,XLF,IYF,Financials
2019-03-07,3.2573270112424533,5.458734087953942,25.98,234.8,-0.010286,-0.008781,0.0,0.0,-0.010285714285714285,-0.008780817291455589,0.0,-0.0015048969942586966,62622140.0,583916.0,1240641753.307,63265977.015,XLF,IYF,Financials
2019-03-08,3.256942025674657,5.458989591936935,25.97,234.86,-0.000385,0.000256,0.0,0.0,-0.00038491147036181676,0.0002555366269165247,0.0,-0.0006404480972783415,55826434.0,377346.0,1209421989.356,60765560.93299999,XLF,IYF,Financials
2019-03-11,3.267284964075888,5.47084108086188,26.24,237.66,0.010397,0.011922,0.0,0.0,0.010396611474778591,0.011921996082772716,0.0,-0.001525384607994125,63343530.0,420887.0,1222050366.7575002,63873911.149000004,XLF,IYF,Financials
2019-03-12,3.269568939183719,5.47369822566266,26.3,238.34,0.002287,0.002861,0.0,0.0,0.0022865853658536584,0.002861230329041488,0.0,-0.0005746449631878294,32521130.0,144954.0,1196429196.6825001,63031516.08100001,XLF,IYF,Financials
2019-03-13,3.2763897310688073,5.480055419803575,26.48,239.86,0.006844,0.006377,0.0,0.0,0.006844106463878327,0.006377443987580767,0.0,0.00046666247629756005,42817546.0,270054.0,1203902089.8144999,61848677.517,XLF,IYF,Financials
2019-03-14,3.2801590532850993,5.483966713434666,26.58,240.8,0.003776,0.003919,0.0,0.0,0.0037764350453172208,0.0039189527224214125,0.0,-0.00014251767710419172,37665726.0,207806.0,1197669624.3685,62397583.091000006,XLF,IYF,Financials
2019-03-15,3.282038399825841,5.488028221773845,26.63,241.78,0.006947,0.00407,0.0,0.0,0.0018811136192626034,0.004069767441860465,0.0,-0.002188653822597862,70020432.0,301896.0,1229268484.0584998,63361873.985,XLF,IYF,Financials
2019-03-18,3.292126286607793,5.493637409127648,26.9,243.14,0.010139,0.005625,0.0,0.0,0.010138941043935411,0.0056249483001075355,0.0,0.004513992743827876,43980696.0,324772.0,1226469562.8009999,64543810.144999996,XLF,IYF,Financials
2019-03-19,3.284288963416433,5.4871178894397,26.69,241.56,-0.007807,-0.006498,0.0,0.0,-0.007806691449814126,-0.006498313728715966,0.0,-0.0013083777210981598,45029262.0,372759.0,1254971375.5379999,66685410.62700001,XLF,IYF,Financials
2019-03-20,3.2634667081960758,5.467469249293349,26.14,236.86,-0.020607,-0.014703,0.0,0.0,-0.020606968902210566,-0.0194568637191588,0.0,-0.0011501051830517667,65860286.0,333045.0,1304408693.428,68515503.138,XLF,IYF,Financials
2019-03-21,3.260401571696699,5.471429984256681,26.06,237.8,-0.00306,0.003969,0.0,0.0,-0.00306044376434583,0.0039685890399392045,0.0,-0.007029032804285035,104914052.0,694110.0,1379340158.134,73811922.33600001,XLF,IYF,Financials
2019-03-22,3.232384174892993,5.448718167215562,25.34,232.46,-0.027629,-0.022456,0.0,0.0,-0.02762854950115119,-0.022455845248107655,0.0,-0.005172704253043534,121856178.0,1490631.0,1498879243.051,88797410.81500001,XLF,IYF,Financials
2019-03-25,3.2280337626529665,5.446823574847261,25.23,232.02,-0.004341,-0.001893,0.0,0.0,-0.004340962904498816,-0.0018927987610771746,0.0,-0.002448164143421642,72835604.0,484206.0,1545810370.9894998,91333855.121,XLF,IYF,Financials
2019-03-26,3.2398542312533927,5.457881936219375,25.53,234.6,0.011891,0.01112,0.0,0.0,0.011890606420927468,0.011119731057667443,0.0,0.0007708753632600252,51171543.0,183614.0,1563899453.774,91331174.20400001,XLF,IYF,Financials
2019-03-27,3.2355362657613083,5.454551588578672,25.42,233.82,-0.004309,-0.003325,0.0,0.0,-0.004308656482569526,-0.0033248081841432226,0.0,-0.0009838482984263035,73148342.0,403552.0,1600310878.315,94015850.3,XLF,IYF,Financials
2019-03-28,3.2441536320524693,5.462644659969713,25.64,235.72,0.008655,0.008126,0.0,0.0,0.00865460267505901,0.008125908818749465,0.0,0.0005286938563095443,52089324.0,278568.0,1614266959.111,95034258.392,XLF,IYF,Financials
2019-03-29,3.246880021277798,5.464932893520374,25.71,236.26,0.00273,0.002291,-676173000.0,-248073000.0,-0.026632412295027674,-0.06671933636184081,-428100000.0,0.040086924066813134,50234396.0,244393.0,1568537068.284,92697460.25500001,XLF,IYF,Financials
2019-04-01,3.271088696315135,5.482054587483153,26.34,240.34,0.024504,0.017269,0.0,0.0,0.024504084014002333,0.017269110302209432,0.0,0.007234973711792901,62485288.0,554301.0,1549242818.484,96209178.21000001,XLF,IYF,Financials
2019-04-02,3.2703291064571163,5.4830526745659265,26.32,240.58,-0.000759,0.000999,0.0,0.0,-0.0007593014426727411,0.0009985853374386287,0.0,-0.0017578867801113698,41002479.0,369519.0,1550536322.069,98056499.008,XLF,IYF,Financials
2019-04-03,3.2733640101522705,5.485211785187126,26.4,241.1,0.00304,0.002161,0.0,0.0,0.00303951367781155,0.0021614431789841217,0.0,0.0008780704988274285,52030863.0,341650.0,1562571022.0415,99262567.25,XLF,IYF,Financials
2019-04-04,3.279406324608233,5.488524417615982,26.56,241.9,0.006061,0.003318,0.0,0.0,0.006060606060606061,0.0033181252592285357,0.0,0.002742480801377525,54378854.0,252563.0,1553439980.2935,95462142.89500001,XLF,IYF,Financials
2019-04-05,3.2809112157876537,5.4909192327495475,26.6,242.48,0.001506,0.002398,0.0,0.0,0.0015060240963855422,0.0023976849937990905,0.0,-0.0008916608974135483,37088792.0,390281.0,1530277449.1045,95762735.66100001,XLF,IYF,Financials
2019-04-08,3.282038399825841,5.490589254195159,26.63,242.4,0.001128,-0.00033,0.0,0.0,0.0011278195488721805,-0.0003299241174529858,0.0,0.0014577436663251663,34998006.0,254728.0,1493770582.7335,93848638.8,XLF,IYF,Financials
2019-04-09,3.273742726309041,5.483218925605378,26.41,240.62,-0.008261,-0.007343,0.0,0.0,-0.008261359369132557,-0.007343234323432343,0.0,-0.0009181250457002141,65954762.0,318684.0,1538098560.0045,95955309.186,XLF,IYF,Financials
2019-04-10,3.2767673032839784,5.488772423238713,26.49,241.96,0.003029,0.005569,0.0,0.0,0.003029155622870125,0.005568946887208046,0.0,-0.002539791264337921,48232806.0,136912.0,1545292480.6475,94372912.94000001,XLF,IYF,Financials
2019-04-11,3.2827891506118534,5.491661286623727,26.65,242.66,0.00604,0.002893,0.0,0.0,0.00604001510003775,0.0028930401719292446,0.0,0.0031469749281085053,62205014.0,214624.0,1578122911.9485,94474961.692,XLF,IYF,Financials
2019-04-12,3.301008654406723,5.506712695513338,27.14,246.34,0.018387,0.015165,0.0,0.0,0.018386491557223265,0.015165251792631666,0.0,0.003221239764591599,84627607.0,280078.0,1599730369.4395,94275061.674,XLF,IYF,Financials
2019-04-15,3.2947251371516386,5.501666290534067,26.97,245.1,-0.006264,-0.005034,0.0,0.0,-0.006263817243920413,-0.005033693269464967,0.0,-0.0012301239744554457,40030367.0,113281.0,1594557283.2189999,91715067.12500001,XLF,IYF,Financials
2019-04-16,3.3087165288679903,5.506712695513338,27.35,246.34,0.01409,0.005059,0.0,0.0,0.014089729328883945,0.005059159526723786,0.0,0.00903056980216016,56093380.0,154541.0,1611173430.23,89116365.41999999,XLF,IYF,Financials
2019-04-17,3.3112726741341683,5.505250231814264,27.42,245.98,0.002559,-0.001461,0.0,0.0,0.002559414990859232,-0.0014613948201672485,0.0,0.0040208098110264805,58833989.0,144776.0,1605755435.347,86952713.509,XLF,IYF,Financials
2019-04-18,3.3083508312958037,5.5053315359323625,27.34,246.0,-0.002918,8.1e-05,0.0,0.0,-0.0029175784099197666,8.130742336775348e-05,0.0,-0.0029988858332875203,52495728.0,109947.0,1540814085.767,80052093.70899999,XLF,IYF,Financials
2019-04-22,3.3054204262683866,5.5013398398660245,27.26,245.02,-0.002926,-0.003984,0.0,0.0,-0.002926115581565472,-0.003983739837398374,0.0,0.0010576242558329018,39324122.0,83233.0,1440021086.527,63746177.07900001,XLF,IYF,Financials
2019-04-23,3.311637304949512,5.508983396351134,27.43,246.9,0.006236,0.007673,0.0,0.0,0.0062362435803374906,0.007672843033221778,0.0,-0.0014365994528842876,54250320.0,101105.0,1422543285.961,59377044.498,XLF,IYF,Financials
2019-04-24,3.3105430133940246,5.509793112994564,27.4,247.1,-0.001094,0.00081,0.0,0.0,-0.001093693036820999,0.0008100445524503848,0.0,-0.0019037375892713838,39505227.0,80164.0,1411344972.3115,58213678.49799999,XLF,IYF,Financials
2019-04-25,3.3123661679555396,5.511087297434686,27.45,247.42,0.001825,0.001295,0.0,0.0,0.0018248175182481751,0.0012950222581950628,0.0,0.0005297952600531123,44532302.0,71184.0,1379494014.1244998,54376369.33,XLF,IYF,Financials
2019-04-26,3.3214324131932926,5.519859636495273,27.7,249.6,0.009107,0.008811,0.0,0.0,0.009107468123861567,0.008810928785061838,0.0,0.00029653933879972977,41527922.0,81864.0,1370231672.7265,52114829.602,XLF,IYF,Financials
2019-04-29,3.331489969237335,5.524257005164247,27.98,250.7,0.010108,0.004407,0.0,0.0,0.010108303249097473,0.004407051282051282,0.0,0.005701251967046191,61643171.0,109026.0,1391894152.8975,50594456.003000006,XLF,IYF,Financials
2019-04-30,3.332918540908861,5.528317358658732,28.02,251.72,0.00143,0.004069,1147419000.0,-25172000.0,0.048466097696712465,-0.0030022977915358123,1172591000.0,0.051468395488248275,38800267.0,135247.0,1363960202.6684997,45635639.628,XLF,IYF,Financials
2019-05-01,3.3246762437544124,5.521460917862246,27.79,250.0,-0.008208,-0.006833,0.0,0.0,-0.00820842255531763,-0.006832989035436199,0.0,-0.001375433519881431,67969522.0,453948.0,1404444591.1234999,46865045.577,XLF,IYF,Financials
2019-05-02,3.325755186495297,5.522180658786596,27.82,250.18,0.001079,0.00072,0.0,0.0,0.0010795250089960418,0.00072,0.0,0.00035952500899604173,50972887.0,372326.0,1406667137.7805,47403880.761,XLF,IYF,Financials
2019-05-03,3.334701390373791,5.530856639502609,28.07,252.36,0.008986,0.008714,0.0,0.0,0.008986340762041696,0.00871372611719562,0.0,0.0002726146448460767,34598895.0,200913.0,1383011568.801,46884251.51,XLF,IYF,Financials
2019-05-06,3.327909585892323,5.52640865758618,27.88,251.24,-0.006769,-0.004438,0.0,0.0,-0.006768792304951906,-0.004438104295450943,0.0,-0.0023306880095009625,42517377.0,186963.0,1392952698.9789999,44501113.871999994,XLF,IYF,Financials
2019-05-07,3.3112726741341683,5.509874048610326,27.42,247.12,-0.016499,-0.016399,0.0,0.0,-0.01649928263988522,-0.01639866263333864,0.0,-0.0001006200065465819,60090811.0,204370.0,1428737355.8709998,43939006.232,XLF,IYF,Financials
2019-05-08,3.3090820927543496,5.507524252123373,27.36,246.54,-0.002188,-0.002347,0.0,0.0,-0.002188183807439825,-0.0023470378763353838,0.0,0.0001588540688955589,44254544.0,118017.0,1402184308.8419998,41559714.587,XLF,IYF,Financials
2019-05-09,3.3068867021909143,5.506793880818843,27.3,246.36,-0.002193,-0.00073,0.0,0.0,-0.0021929824561403508,-0.0007301046483329277,0.0,-0.001462877807807423,56468339.0,125638.0,1415379240.03,41450962.095000006,XLF,IYF,Financials
2019-05-10,3.3134584673541485,5.5143154497013755,27.48,248.22,0.006593,0.00755,0.0,0.0,0.006593406593406593,0.00754992693619094,0.0,-0.0009565203427843467,63453824.0,171182.0,1419676613.051,40971468.905,XLF,IYF,Financials
2019-05-13,3.283914221047423,5.491001710377538,26.68,242.5,-0.029112,-0.023044,0.0,0.0,-0.02911208151382824,-0.023044073805495124,0.0,-0.006068007708333115,54962540.0,508272.0,1378156978.7120001,43684546.179000005,XLF,IYF,Financials
2019-05-14,3.2917544702807735,5.499297105160525,26.89,244.52,0.007871,0.00833,0.0,0.0,0.007871064467766116,0.008329896907216494,0.0,-0.00045883243945037816,52398357.0,144913.0,1394625619.799,44067993.862,XLF,IYF,Financials
2019-05-15,3.2880286835565173,5.499297105160525,26.79,244.52,-0.003719,0.0,0.0,0.0,-0.003718854592785422,0.0,0.0,-0.003718854592785422,49061697.0,187654.0,1383636065.7805,44458770.169,XLF,IYF,Financials
2019-05-16,3.2980566227426418,5.5093883366279774,27.06,247.0,0.010078,0.010142,0.0,0.0,0.010078387458006719,0.010142319646654671,0.0,-6.393218864795235e-05,44872608.0,109060.0,1363687305.4854999,44025061.145,XLF,IYF,Financials
2019-05-17,3.2913825156549485,5.503622759732367,26.88,245.58,-0.006652,-0.005749,0.0,0.0,-0.0066518847006651885,-0.0057489878542510125,0.0,-0.000902896846414176,62711461.0,138808.0,1376209848.8934999,44377136.477000006,XLF,IYF,Financials
2019-05-20,3.2924979647388146,5.501584687857454,26.91,245.08,0.001116,-0.002036,0.0,0.0,0.0011160714285714285,-0.002035996416646307,0.0,0.0031520678452177354,44357439.0,99865.0,1382294004.782,44581194.703999996,XLF,IYF,Financials
2019-05-21,3.3028492586443794,5.509631222108668,27.19,247.06,0.010405,0.008079,0.0,0.0,0.010405053883314752,0.00807899461400359,0.0,0.002326059269311162,36851389.0,86539.0,1357989154.2475,44402069.746,XLF,IYF,Financials
2019-05-22,3.2969473602883563,5.506712695513338,27.03,246.34,-0.005885,-0.002914,0.0,0.0,-0.005884516366311144,-0.002914271836800777,0.0,-0.002970244529510367,25867584.0,83493.0,1338827033.0335,44440026.807,XLF,IYF,Financials
2019-05-23,3.2827891506118534,5.495445430658965,26.65,243.58,-0.014059,-0.011204,0.0,0.0,-0.014058453570107288,-0.011204026954615571,0.0,-0.002854426615491717,51832904.0,125519.0,1346773793.1185,45088105.444,XLF,IYF,Financials
2019-05-24,3.2906381910950917,5.502155766804241,26.86,245.22,0.00788,0.006733,0.0,0.0,0.007879924953095686,0.006732900894983167,0.0,0.0011470240581125182,30582000.0,70445.0,1330329247.1485,44930168.869,XLF,IYF,Financials
2019-05-28,3.279029747687948,5.492238059185343,26.55,242.8,-0.011541,-0.009869,0.0,0.0,-0.01154132539091586,-0.009868689340184325,0.0,-0.0016726360507315352,35177714.0,87089.0,1290788866.2545,44620788.419,XLF,IYF,Financials
2019-05-29,3.2771447329921766,5.489516071279594,26.5,242.14,-0.001883,-0.002718,0.0,0.0,-0.0018832391713747645,-0.0027182866556836904,0.0,0.0008350474843089259,39700572.0,258807.0,1289032950.0875,46051946.026,XLF,IYF,Financials
2019-05-30,3.273742726309041,5.4869522853985835,26.41,241.52,-0.003396,-0.00256,0.0,0.0,-0.0033962264150943396,-0.002560502188816387,0.0,-0.0008357242262779525,40641219.0,127687.0,1248256028.958,41919544.238,XLF,IYF,Financials
2019-05-31,3.25848107946056,5.477383630621318,26.01,239.22,-0.015146,-0.009523,-690565500.0,-95688000.0,-0.04379172774276006,-0.037621658573713995,-594877500.0,-0.006170069169046062,49259252.0,200092.0,1241414400.367,39655418.716000006,XLF,IYF,Financials
2019-06-03,3.264995760481754,5.480388892086782,26.18,239.94,0.006536,0.00301,0.0,0.0,0.006535947712418301,0.0030097817908201654,0.0,0.0035261659215981354,63329348.0,275456.0,1275752967.7665,40424944.11400001,XLF,IYF,Financials
2019-06-04,3.2917544702807735,5.500114699842648,26.89,244.72,0.02712,0.019922,0.0,0.0,0.027119938884644767,0.019921647078436275,0.0,0.007198291806208491,45454397.0,154041.0,1277597180.9950001,39961160.58400001,XLF,IYF,Financials
2019-06-05,3.2980566227426418,5.510925615946864,27.06,247.38,0.006322,0.01087,0.0,0.0,0.006322052807735217,0.010869565217391304,0.0,-0.004547512409656087,46599718.0,287651.0,1258262097.568,40993920.083,XLF,IYF,Financials
2019-06-06,3.3017453026904953,5.514637692514121,27.16,248.3,0.003696,0.003719,0.0,0.0,0.003695491500369549,0.003718974856496079,0.0,-2.3483356126529666e-05,37297602.0,131536.0,1248372024.892,41172143.964,XLF,IYF,Financials
2019-06-07,3.3002714630721948,5.5160060671792825,27.12,248.64,-0.001473,0.001369,0.0,0.0,-0.0014727540500736377,0.001369311316955296,0.0,-0.0028420653670289337,33054778.0,80398.0,1216115021.125,40624043.015999995,XLF,IYF,Financials
2019-06-10,3.3087165288679903,5.521780866673167,27.35,250.08,0.008481,0.005792,0.0,0.0,0.008480825958702065,0.005791505791505791,0.0,0.0026893201671962736,37081389.0,126734.0,1179638266.4065,40084185.15,XLF,IYF,Financials
2019-06-11,3.3090820927543496,5.521300905060881,27.36,249.96,0.000366,-0.00048,0.0,0.0,0.00036563071297989033,-0.0004798464491362764,0.0,0.0008454771621161667,34273450.0,189538.0,1153204317.6465,36290233.074,XLF,IYF,Financials
2019-06-12,3.2991646560970036,5.516649360865024,27.09,248.8,-0.009868,-0.004641,0.0,0.0,-0.009868421052631578,-0.004640742518803008,0.0,-0.00522767853382857,36866039.0,123876.0,1132689776.4854999,36059544.176,XLF,IYF,Financials
2019-06-13,3.3024814087229974,5.5180149874579465,27.18,249.14,0.003322,0.001367,0.0,0.0,0.0033222591362126247,0.0013665594855305466,0.0,0.001955699650682078,31020047.0,94015.0,1109127877.2269998,34936431.227,XLF,IYF,Financials
2019-06-14,3.3046864812813115,5.520260197285728,27.24,249.7,0.002207,0.002248,0.0,0.0,0.002207505518763797,0.0022477321987637473,0.0,-4.022667999995042e-05,29724061.0,95298.0,1088899409.685,34779335.757,XLF,IYF,Financials
2019-06-17,3.2954664270299134,5.51124895278583,26.99,247.46,-0.009178,-0.004597,0.0,0.0,-0.009177679882525698,-0.008970764917901481,0.0,-0.00020691496462421632,40981591.0,123505.0,1059919863.1555,34603039.69,XLF,IYF,Financials
2019-06-18,3.3087165288679903,5.519298581697563,27.35,249.46,0.013338,0.008082,0.0,0.0,0.01333827343460541,0.008082114281095934,0.0,0.005256159153509476,46237423.0,238680.0,1063466604.9335,36356349.620000005,XLF,IYF,Financials
2019-06-19,3.3068867021909143,5.520260197285728,27.3,249.7,-0.001828,0.000962,0.0,0.0,-0.0018281535648994515,0.0009620780886715305,0.0,-0.002790231653570982,58118501.0,214815.0,1092698895.453,37969298.628000006,XLF,IYF,Financials
2019-06-20,3.3112726741341683,5.526886174507311,27.42,251.36,0.004396,0.006648,0.0,0.0,0.004395604395604396,0.006647977573087705,0.0,-0.0022523731774833095,50584217.0,140756.0,1127089817.184,38709936.755,XLF,IYF,Financials
2019-06-21,3.30395199722332,5.522100713149586,27.22,250.16,-0.002208,-0.004774,0.0,0.0,-0.007293946024799417,-0.004774029280712922,0.0,-0.002519916744086495,65322286.0,121233.0,1146926103.85,38697623.218,XLF,IYF,Financials
2019-06-24,3.299902663510574,5.517693831293003,27.11,249.06,-0.004041,-0.004397,0.0,0.0,-0.004041146216017634,-0.004397185801087304,0.0,0.00035603958506966963,48378025.0,129174.0,1171430890.7375,39442500.895,XLF,IYF,Financials
2019-06-25,3.2965773325320527,5.510683044690368,27.02,247.32,-0.00332,-0.006986,0.0,0.0,-0.0033198081888601992,-0.006986268369067694,0.0,0.003666460180207495,47748490.0,124270.0,1189240685.3925002,39921963.255,XLF,IYF,Financials
2019-06-26,3.2947251371516386,5.50565668631728,26.97,246.08,-0.001851,-0.005014,0.0,0.0,-0.001850481125092524,-0.005013747371825974,0.0,0.00316326624673345,31448023.0,72392.0,1179045086.508,37679298.074,XLF,IYF,Financials
2019-06-27,3.303584552795155,5.5143154497013755,27.21,248.22,0.008899,0.008696,0.0,0.0,0.008898776418242492,0.008696358907672301,0.0,0.00020241751057019017,59459807.0,57657.0,1206273424.242,36852930.889,XLF,IYF,Financials
2019-06-28,3.3178157727231046,5.526249434594043,27.6,251.2,0.014333,0.012006,-401580000.0,12560000.0,-0.0023199288665370697,0.015698929663878345,-414140000.0,-0.018018858530415415,76728103.0,132707.0,1248096549.156,36126430.397,XLF,IYF,Financials
2019-07-01,3.3297013799570854,5.5336266147611175,27.93,253.06,0.011957,0.007404,0.0,0.0,0.011956521739130435,0.007404458598726115,0.0,0.00455206314040432,49145249.0,574535.0,1233829772.8525,40091376.12,XLF,IYF,Financials
2019-07-02,3.3271919683516598,5.537019256778099,27.86,253.92,-0.002506,0.003398,0.0,0.0,-0.002506265664160401,0.0033984035406622935,0.0,-0.005904669204822695,56626803.0,143305.0,1251597472.665,40025930.724,XLF,IYF,Financials
2019-07-03,3.3350575791576103,5.545177444479562,28.08,256.0,0.007897,0.008192,0.0,0.0,0.007896625987078248,0.008191556395715185,0.0,-0.00029493040863693733,23706812.0,97390.0,1221832418.259,37714567.505,XLF,IYF,Financials
2019-07-05,3.3379025312898416,5.5472845978717045,28.16,256.54,0.002849,0.002109,0.0,0.0,0.002849002849002849,0.0021093750000001354,0.0,0.0007396278490027137,40683108.0,93733.0,1228464090.807,37283861.256,XLF,IYF,Financials
2019-07-08,3.332918540908861,5.543457215734143,28.02,255.56,-0.004972,-0.00382,0.0,0.0,-0.004971590909090909,-0.003820067046074821,0.0,-0.001151523863016088,26286734.0,95794.0,1220469526.1729999,37508409.052,XLF,IYF,Financials
2019-07-09,3.334701390373791,5.547440428872793,28.07,256.57998,0.001784,0.003991,0.0,0.0,0.0017844396859386152,0.003991156675535942,0.0,-0.002206716989597327,25895770.0,160435.0,1206105439.9105,37981947.570565,XLF,IYF,Financials
2019-07-10,3.3311325072138684,5.546114505300903,27.97,256.24,-0.003563,-0.001325,0.0,0.0,-0.003562522265764161,-0.0013250449236139365,0.0,-0.0022374773421502247,36566724.0,69532.0,1210357923.8244998,36503945.630565,XLF,IYF,Financials
2019-07-11,3.3368366225017656,5.548297493934183,28.13,256.79998,0.00572,0.002185,0.0,0.0,0.00572041473006793,0.0021853730877302528,0.0,0.003535041642337677,40907527.0,90228.0,1217959310.7245002,36121455.620337,XLF,IYF,Financials
2019-07-12,3.343568268825519,5.552494360442419,28.32,257.88,0.006754,0.004206,0.0,0.0,0.0067543547813722,0.004205685685801066,0.0,0.0025486690955711343,31109913.0,77330.0,1219854703.6595001,35947403.785337,XLF,IYF,Financials
2019-07-15,3.3379025312898416,5.548297493934183,28.16,256.79998,-0.00565,-0.004188,0.0,0.0,-0.005649717514124294,-0.004188071971459594,0.0,-0.0014616455426646998,28346133.0,86797.0,1219281887.8414998,35872081.64854,XLF,IYF,Financials
2019-07-16,3.335413641116152,5.54556799320548,28.09,256.1,-0.002486,-0.002726,0.0,0.0,-0.0024857954545454545,-0.002725779028487328,0.0,0.00023998357394187366,47288109.0,59011.0,1230393379.8775,35099590.13854,XLF,IYF,Financials
2019-07-17,3.326832966373293,5.5386719545926,27.85,254.34,-0.008544,-0.006872,0.0,0.0,-0.008543965824136704,-0.00687231550175726,0.0,-0.0016716503223794437,35062571.0,143411.0,1215988334.0425,33946292.18554,XLF,IYF,Financials
2019-07-18,3.3343450746743146,5.544708584581937,28.06,255.88,0.00754,0.006055,0.0,0.0,0.0075403949730700175,0.006054887158921129,0.0,0.0014855078141488886,46385357.0,99138.0,1201735236.0485,32532698.48254,XLF,IYF,Financials
2019-07-19,3.330059353828816,5.537806596398332,27.94,254.12,-0.004277,-0.006878,0.0,0.0,-0.0042765502494654314,-0.006878224167578552,0.0,0.0026016739181131208,29338522.0,199151.0,1173370189.7754998,33294089.680540003,XLF,IYF,Financials
2019-07-22,3.332204510175204,5.5395365645894765,28.0,254.56,0.002147,0.001731,0.0,0.0,0.0021474588403722263,0.001731465449393987,0.0,0.0004159933909782393,26683328.0,277019.0,1121823217.7294998,35303605.148540005,XLF,IYF,Financials
2019-07-23,3.342508385313476,5.549698459273486,28.29,257.16,0.010357,0.010214,0.0,0.0,0.010357142857142856,0.010213702074167327,0.0,0.00014344078297552978,45307569.0,100671.0,1120334361.1924999,34989429.04454,XLF,IYF,Financials
2019-07-24,3.3527071725017215,5.557677121995229,28.58,259.22,0.010251,0.008011,0.0,0.0,0.010250972074938141,0.0080105770726396,0.0,0.0022403950022985408,36374227.0,115485.0,1107804921.5855,34949507.309539996,XLF,IYF,Financials
2019-07-25,3.3456846717318967,5.551951324860245,28.38,257.74,-0.006998,-0.005709,0.0,0.0,-0.006997900629811057,-0.005709436000308751,0.0,-0.0012884646295023058,34180350.0,107053.0,1113899179.22,35438388.15254,XLF,IYF,Financials
2019-07-26,3.3565486299932736,5.560681631015528,28.69,260.0,0.010923,0.008769,0.0,0.0,0.010923185341789992,0.008768526421975634,0.0,0.0021546589198143586,33642786.0,130418.0,1081264688.3135,36418241.12554,XLF,IYF,Financials
2019-07-29,3.3488509012899463,5.5557463958287965,28.47,258.72,-0.007668,-0.004923,0.0,0.0,-0.007668177065179505,-0.00492307692307679,0.0,-0.0027451001421027153,35955119.0,76608.0,1026562018.07,35742442.29354,XLF,IYF,Financials
2019-07-30,3.34603697048488,5.5557463958287965,28.39,258.72,-0.00281,0.0,0.0,0.0,-0.0028099754127151387,0.0,0.0,-0.0028099754127151387,30726087.0,122305.0,1001546358.338,30054988.41854,XLF,IYF,Financials
2019-07-31,3.34109345759245,5.549309520681986,28.25,257.06,-0.004931,-0.006416,1168137500.0,-89971000.0,0.0422710793939476,-0.03170742677236197,1258108500.0,0.07397850616630958,64485396.0,163622.0,1013750843.609,30338621.704540003,XLF,IYF,Financials
2019-08-01,3.3181780259420632,5.534732460055486,27.61,253.34,-0.022655,-0.014471,0.0,0.0,-0.02265486725663717,-0.014471329650665214,0.0,-0.008183537605971954,107976336.0,425974.0,1129527811.409,34487842.36254,XLF,IYF,Financials
2019-08-02,3.3178157727231046,5.532835975883752,27.6,252.86,-0.000362,-0.001895,0.0,0.0,-0.0003621876131836291,-0.0018946869819215285,0.0,0.0015324993687378993,66036364.0,132942.0,1163376177.6650002,34966314.87754001,XLF,IYF,Financials
2019-08-05,3.283914221047423,5.501584687857454,26.68,245.08,-0.033333,-0.030768,0.0,0.0,-0.03333333333333333,-0.03076801392074666,0.0,-0.002565319412586673,85527893.0,248191.0,1240642672.593,36783591.65954,XLF,IYF,Financials
2019-08-06,3.299902663510574,5.515845179076611,27.11,248.6,0.016117,0.014363,0.0,0.0,0.016116941529235384,0.01436265709156194,0.0,0.0017542844376734444,53444990.0,231869.0,1276742643.343,37607502.874975,XLF,IYF,Financials
2019-08-07,3.2865344733420154,5.513106113479493,26.75,247.92,-0.013279,-0.002735,0.0,0.0,-0.013279232755440797,-0.002735317779565567,0.0,-0.01054391497587523,82354607.0,244921.0,1335753366.6915002,39752699.606975004,XLF,IYF,Financials
2019-08-08,3.3054204262683866,5.531173596716039,27.26,252.44,0.019065,0.018232,0.0,0.0,0.019065420560747663,0.01823168764117457,0.0,0.0008337329195730915,66653170.0,135711.0,1369065200.676,40307116.419203,XLF,IYF,Financials
2019-08-09,3.3021134234382563,5.5284762527561515,27.17,251.76,-0.003302,-0.002694,0.0,0.0,-0.003301540719002201,-0.002693709396292188,0.0,-0.0006078313227100129,53782734.0,147490.0,1398077408.007,41166627.519203,XLF,IYF,Financials
2019-08-12,3.2827891506118534,5.513106113479493,26.65,247.92,-0.019139,-0.015253,0.0,0.0,-0.019138755980861243,-0.015252621544327931,0.0,-0.0038861344365333124,56837635.0,121668.0,1433902201.3805,41560350.654,XLF,IYF,Financials
2019-08-13,3.2950958507796098,5.522420457356946,26.98,250.24,0.012383,0.009358,0.0,0.0,0.012382739212007506,0.00935785737334624,0.0,0.0030248818386612655,72404973.0,260232.0,1465160360.867,44060737.583000004,XLF,IYF,Financials
2019-08-14,3.2573270112424533,5.491990911678215,25.98,242.74,-0.037065,-0.029971,0.0,0.0,-0.037064492216456635,-0.029971227621483375,0.0,-0.00709326459497326,92067291.0,243672.0,1535931141.7584999,45194426.96,XLF,IYF,Financials
2019-08-15,3.2623183827110376,5.498642547781566,26.11,244.36,0.005004,0.006674,0.0,0.0,0.0050038491147036184,0.0066738073659059075,0.0,-0.001669958251202289,59686955.0,276794.0,1548773805.64,47307924.48,XLF,IYF,Financials
2019-08-16,3.279782759771722,5.513509388074627,26.57,248.02,0.017618,0.014978,0.0,0.0,0.017617770968977403,0.014977901456866918,0.0,0.0026398695121104855,49339086.0,106907.0,1573334866.157,46103265.581,XLF,IYF,Financials
2019-08-19,3.289893312103481,5.523139508240802,26.84,250.42,0.010162,0.009677,0.0,0.0,0.010161836657884832,0.00967663898072736,0.0,0.00048519767715747217,38298798.0,188447.0,1587375193.8730001,44936912.636,XLF,IYF,Financials
2019-08-20,3.2763897310688073,5.512702676188347,26.48,247.82,-0.013413,-0.010383,0.0,0.0,-0.013412816691505217,-0.010382557303729735,0.0,-0.0030302593877754823,40587187.0,100451.0,1577025073.1104999,44887173.258999996,XLF,IYF,Financials
2019-08-21,3.2809112157876537,5.517452896464707,26.6,249.0,0.004532,0.004761,0.0,0.0,0.004531722054380665,0.004761520458397224,0.0,-0.00022979840401655873,44922814.0,112303.0,1584793645.3475,44788544.524000004,XLF,IYF,Financials
2019-08-22,3.2876553402630266,5.522260598032811,26.78,250.2,0.006767,0.004819,0.0,0.0,0.006766917293233083,0.004819277108433735,0.0,0.0019476401847993473,43902626.0,86878.0,1595077344.9115,44495796.293,XLF,IYF,Financials
2019-08-23,3.261935314328648,5.499624223253072,26.1,244.6,-0.025392,-0.022382,0.0,0.0,-0.02539208364451083,-0.02238209432454037,0.0,-0.003009989319970461,86262189.0,292314.0,1659388925.0395,46375362.513,XLF,IYF,Financials
2019-08-26,3.2714682749873716,5.509064397525695,26.35,246.92,0.009579,0.009485,0.0,0.0,0.009578544061302681,0.009484873262469337,0.0,9.367079883334378e-05,34240962.0,168737.0,1653319280.578,47467588.427,XLF,IYF,Financials
2019-08-27,3.2653776585196206,5.502889532276811,26.19,245.4,-0.006072,-0.006156,0.0,0.0,-0.0060721062618595825,-0.006155839948161348,0.0,8.373368630176532e-05,54243969.0,152800.0,1680736077.487,47760306.947,XLF,IYF,Financials
2019-08-28,3.2744997286161976,5.510602174527371,26.43,247.3,0.009164,0.007743,0.0,0.0,0.009163802978235968,0.007742461287693562,0.0,0.0014213416905424067,51879555.0,166518.0,1658209287.5695,47716268.451,XLF,IYF,Financials
2019-08-29,3.2895206644375325,5.52337907701815,26.83,250.48,0.015134,0.012859,0.0,0.0,0.01513431706394249,0.012858875859280226,0.0,0.002275441204662264,49830058.0,111337.0,1575994978.5285,43714840.381,XLF,IYF,Financials
2019-08-30,3.2928695047765273,5.525771613449331,26.92,251.08,0.003354,0.002395,-3615356000.0,-100432000.0,-0.1442291844800318,-0.027526849940651264,-3514924000.0,-0.11670233453938053,40565540.0,83985.0,1539466013.0484998,43088402.364999995,XLF,IYF,Financials
2019-09-03,3.2824138456721883,5.519699367242586,26.64,249.56,-0.010401,-0.006054,0.0,0.0,-0.010401188707280832,-0.0060538473793213315,0.0,-0.0043473413279595,60003508.0,580479.0,1505296476.4425,47290286.813,XLF,IYF,Financials
2019-09-04,3.292126286607793,5.530618855647012,26.9,252.3,0.00976,0.010979,0.0,0.0,0.00975975975975976,0.010979323609552814,0.0,-0.0012195638497930535,43946483.0,316440.0,1491959812.1325002,48400045.743,XLF,IYF,Financials
2019-09-05,3.3123661679555396,5.543691966703569,27.45,255.62,0.020446,0.013159,0.0,0.0,0.020446096654275093,0.013158937772493063,0.0,0.0072871588817820295,68642748.0,166548.0,1476022696.9,47492655.015,XLF,IYF,Financials
2019-09-06,3.3120018028576843,5.544474072171247,27.44,255.82,-0.000364,0.000782,0.0,0.0,-0.00036429872495446266,0.0007824113919098662,0.0,-0.001146710116864329,35660801.0,82075.0,1434101045.162,46829532.098000005,XLF,IYF,Financials
2019-09-09,3.3271919683516598,5.5514856309679415,27.86,257.62,0.015306,0.007036,0.0,0.0,0.015306122448979591,0.007036197326245016,0.0,0.008269925122734575,67798105.0,92352.0,1455479961.2879999,46162514.089999996,XLF,IYF,Financials
2019-09-10,3.3307749173656096,5.547830172882315,27.96,256.68,0.003589,-0.003649,0.0,0.0,0.003589375448671931,-0.0036487850322179955,0.0,0.007238160480889926,77540058.0,114820.0,1488144813.7345,46127917.442,XLF,IYF,Financials
2019-09-11,3.336481066942464,5.55179619526794,28.12,257.70002,0.005723,0.003974,0.0,0.0,0.005722460658082976,0.003973897459872215,0.0,0.001748563198210761,53285947.0,127209.0,1465390546.6395,44510982.750209,XLF,IYF,Financials
2019-09-12,3.341801171705499,5.5583712718823435,28.27,259.4,0.005334,0.006597,0.0,0.0,0.005334281650071123,0.006596739883838439,0.0,-0.0012624582337673156,72872161.0,361161.0,1448799935.204,46237793.856208995,XLF,IYF,Financials
2019-09-13,3.3495531485098167,5.560296941647445,28.49,259.9,0.007782,0.001928,0.0,0.0,0.007782101167315175,0.001927525057825752,0.0,0.005854576109489423,56248735.0,133049.0,1451004938.459,44584896.519209,XLF,IYF,Financials
2019-09-16,3.34603697048488,5.559122724243835,28.39,259.595,-0.00351,-0.001174,0.0,0.0,-0.00351000351000351,-0.0011735282801074516,0.0,-0.0023364752298960585,36693589.0,82077.0,1437544512.2935,44324481.752959,XLF,IYF,Financials
2019-09-17,3.3470931226689546,5.5626028611934215,28.42,260.5,0.001057,0.003486,0.0,0.0,0.0010567101091933778,0.003486199657158124,0.0,-0.0024294895479647464,41036022.0,70200.0,1444459712.6395001,42879291.865959,XLF,IYF,Financials
2019-09-18,3.3506055955460954,5.5636004440563385,28.52,260.76,0.003519,0.000998,0.0,0.0,0.003518648838845883,0.000998080614203455,0.0,0.002520568224642428,57487672.0,110643.0,1472699697.3235002,43077166.958959,XLF,IYF,Financials
2019-09-19,3.34603697048488,5.562296480290457,28.39,260.4202,-0.004558,-0.001303,0.0,0.0,-0.00455820476858345,-0.0013031139745358312,0.0,-0.003255090794047619,43068798.0,109259.0,1474088513.4645,43101657.140549,XLF,IYF,Financials
2019-09-20,3.3350575791576103,5.55713681711848,28.08,259.07998,-0.005837,-0.005146,0.0,0.0,-0.010919337794998239,-0.005146374973984634,0.0,-0.005772962821013605,83159933.0,155169.0,1532059443.1825001,44024872.431379996,XLF,IYF,Financials
2019-09-23,3.3368366225017656,5.558910833309085,28.13,259.54,0.001781,0.001776,0.0,0.0,0.0017806267806267807,0.001775590688250298,0.0,5.036092376482695e-06,35999922.0,167333.0,1470121176.8305001,42621352.55238,XLF,IYF,Financials
2019-09-24,3.3271919683516598,5.547674402608322,27.86,256.64002,-0.009598,-0.006469,0.0,0.0,-0.009598293636686812,-0.011173537797642122,0.0,0.0015752441609553098,61938301.0,262511.0,1511288762.6885,43906666.964891,XLF,IYF,Financials
2019-09-25,3.335413641116152,5.553347106724568,28.09,258.1,0.008256,0.005689,0.0,0.0,0.008255563531945441,0.005688824369636648,0.0,0.0025667391623087933,53843910.0,98763.0,1515880056.878,43306347.479891,XLF,IYF,Financials
2019-09-26,3.3307749173656096,5.552184012925565,27.96,257.79998,-0.004628,-0.001162,0.0,0.0,-0.004627981488074048,-0.001162417667570851,0.0,-0.003465563820503197,53294733.0,103793.0,1521827261.6795,42585244.076097995,XLF,IYF,Financials
2019-09-27,3.334701390373791,5.551175047845637,28.07,257.54,0.003934,-0.001008,0.0,0.0,0.003934191702432046,-0.0010084562458071693,0.0,0.004942647948239215,73400527.0,257586.0,1557997878.517,44507794.410098,XLF,IYF,Financials
2019-09-30,3.332204510175204,5.550864368231489,28.0,257.46,-0.002494,-0.000311,1275400000.0,-141603000.0,0.05585191750349518,-0.04260518157000285,1417003000.0,0.09845709907349803,30702989.0,120234.0,1546380846.277,45001219.002098,XLF,IYF,Financials
2019-10-01,3.3109079103146946,5.5341006982086824,27.41,253.18,-0.021071,-0.016624,0.0,0.0,-0.02107142857142857,-0.016623941583158403,0.0,-0.004447486988270168,55856502.0,316069.0,1543007509.612,41759119.511098,XLF,IYF,Financials
2019-10-02,3.2902658209548736,5.51737257195364,26.85,248.98,-0.020431,-0.016589,0.0,0.0,-0.020430499817584824,-0.016588988071727626,0.0,-0.0038415117458571978,79284340.0,353982.0,1590338716.427,42173950.829098,XLF,IYF,Financials
2019-10-03,3.2943542860441064,5.522660198437729,26.96,250.3,0.004097,0.005302,0.0,0.0,0.00409683426443203,0.005301630653064503,0.0,-0.0012047963886324736,81616880.0,217422.0,1606146099.037,42766337.171098,XLF,IYF,Financials
2019-10-04,3.312730400339825,5.537491734934774,27.46,254.04,0.018546,0.014942,0.0,0.0,0.018545994065281898,0.014942069516580104,0.0,0.0036039245487017937,41513512.0,91072.0,1614217532.041,42873312.390098,XLF,IYF,Financials
2019-10-07,3.307619034702589,5.533705644278683,27.32,253.08,-0.005098,-0.003779,0.0,0.0,-0.005098324836125273,-0.003778932451582428,0.0,-0.0013193923845428446,36987430.0,120356.0,1570299601.1560001,43206711.102098,XLF,IYF,Financials
2019-10-08,3.2876553402630266,5.517131559701017,26.78,248.92,-0.019766,-0.016438,0.0,0.0,-0.019765739385065886,-0.01643749012170065,0.0,-0.0033282492633652377,60876208.0,181734.0,1543411842.584,43994972.586098,XLF,IYF,Financials
2019-10-09,3.2969473602883563,5.525054453372377,27.03,250.9,0.009335,0.007954,0.0,0.0,0.009335324869305451,0.007954362847501206,0.0,0.0013809620218042454,45674200.0,111855.0,1530220482.402,43759105.468889,XLF,IYF,Financials
2019-10-10,3.3072529354856135,5.53251954521898,27.31,252.78,0.010359,0.007493,0.0,0.0,0.010358860525342212,0.007493025109605421,0.0,0.002865835415736791,55462104.0,152427.0,1502949185.8405,41001372.151889004,XLF,IYF,Financials
2019-10-11,3.3196257279683437,5.542439324247439,27.65,255.3,0.01245,0.009969,0.0,0.0,0.012449652142072502,0.009969143128412059,0.0,0.002480509013660443,79325703.0,280041.0,1532490647.2305,42847123.761888996,XLF,IYF,Financials
2019-10-14,3.3210713371828704,5.543457215734143,27.69,255.56,0.001447,0.001018,0.0,0.0,0.0014466546112115732,0.001018409714061888,0.0,0.0004282448971496852,38557294.0,50075.0,1533786671.1880002,42421643.171139,XLF,IYF,Financials
2019-10-15,3.335413641116152,5.552882140062377,28.09,257.98002,0.014446,0.009469,0.0,0.0,0.01444564824846515,0.009469478791673338,0.0,0.004976169456791812,66547206.0,130380.0,1568940034.753,43189059.921519,XLF,IYF,Financials
2019-10-16,3.332918540908861,5.5512527026699825,28.02,257.56,-0.002492,-0.001628,0.0,0.0,-0.002491990032039872,-0.0016281105800365402,0.0,-0.0008638794520033318,44758084.0,69734.0,1549668690.165,42644530.939519,XLF,IYF,Financials
2019-10-17,3.3336320621663895,5.553269536881546,28.04,258.07998,0.000714,0.002019,0.0,0.0,0.0007137758743754461,0.0020188693896566303,0.0,-0.0013050935152811843,32164074.0,111009.0,1533626563.152,42654328.43292,XLF,IYF,Financials
2019-10-18,3.3361253849184407,5.554663558689965,28.11,258.44,0.002496,0.001395,0.0,0.0,0.0024964336661911554,0.0013949939084776678,0.0,0.0011014397577134875,40525653.0,74560.0,1473828822.5115,41607733.682089,XLF,IYF,Financials
2019-10-21,3.349904087274605,5.566663702693075,28.5,261.56,0.013874,0.012072,0.0,0.0,0.013874066168623266,0.012072434607645875,0.0,0.001801631560977391,44952222.0,59412.0,1487251848.5685,40213243.477089,XLF,IYF,Financials
2019-10-22,3.3470931226689546,5.5602199860123305,28.42,259.88,-0.002807,-0.006423,0.0,0.0,-0.002807017543859649,-0.006423000458785747,0.0,0.003615982914926098,50580987.0,101749.0,1472847377.8025002,38166828.568578,XLF,IYF,Financials
2019-10-23,3.3513066120486905,5.563140221587925,28.54,260.64002,0.004222,0.002924,0.0,0.0,0.00422237860661506,0.002924503617054025,0.0,0.0012978749895610352,30900020.0,63267.0,1441317934.7475,37716787.660845,XLF,IYF,Financials
2019-10-24,3.349904087274605,5.5645969561168975,28.5,261.01998,-0.001402,0.001458,0.0,0.0,-0.001401541695865452,0.0014577960821210868,0.0,-0.002859337777986539,33507175.0,65617.0,1414559622.3885,37235263.396021,XLF,IYF,Financials
2019-10-25,3.3548043420924447,5.566434283504978,28.64,261.5,0.004912,0.001839,0.0,0.0,0.004912280701754386,0.0018390163082536379,0.0,0.0030732643935007485,28330218.0,86527.0,1352110854.92,35049668.999021,XLF,IYF,Financials
2019-10-28,3.3600281046240843,5.569717530194399,28.79,262.35998,0.005237,0.003289,0.0,0.0,0.005237430167597765,0.003288642447418738,0.0,0.001948787720179027,50104567.0,81613.0,1381252194.5165,34572495.969408,XLF,IYF,Financials
2019-10-29,3.3624565533457247,5.571697654288958,28.86,262.88,0.002431,0.001982,0.0,0.0,0.0024313997915943034,0.0019820858348899096,0.0,0.0004493139567043939,48458100.0,185494.0,1374625896.8255,33009511.634408005,XLF,IYF,Financials
2019-10-30,3.3617633124167483,5.573218104635084,28.84,263.28,-0.000693,0.001522,0.0,0.0,-0.000693000693000693,0.0015216068167983935,0.0,-0.0022146075097990866,51106706.0,205862.0,1341882540.4275002,31312757.084408004,XLF,IYF,Financials
2019-10-31,3.3568971227655755,5.568649724352126,28.7,262.07998,-0.004854,-0.004558,640010000.0,0.0,0.022067725188167565,-0.004557961106046795,640010000.0,0.02662568629421436,56795530.0,1377078.0,1313364571.7375,46636949.48932999,XLF,IYF,Financials
2019-11-01,3.3714252233284854,5.579427969111265,29.12,264.92002,0.014634,0.010837,0.0,0.0,0.014634146341463415,0.010836539288502986,0.0,0.003797607052960429,42302273.0,303004.0,1317958629.2495,49493744.232334,XLF,IYF,Financials
2019-11-04,3.379973745210529,5.582217295704357,29.37,265.66,0.008585,0.002793,0.0,0.0,0.008585164835164836,0.002793220384023827,0.0,0.0057919444511410085,37319056.0,224959.0,1322236833.6055,50958889.805333994,XLF,IYF,Financials
2019-11-05,3.383712067321136,5.579729825986222,29.48,265.0,0.003745,-0.002484,0.0,0.0,0.003745318352059925,-0.0024843785289469177,0.0,0.006229696881006843,39516122.0,378132.0,1298970354.9215,53707277.441333994,XLF,IYF,Financials
2019-11-06,3.388787361585474,5.582819387993187,29.63,265.82,0.005088,0.003094,0.0,0.0,0.00508819538670285,0.0030943396226415093,0.0,0.0019938557640613403,40179892.0,119094.0,1296768183.6195002,53886934.820333995,XLF,IYF,Financials
2019-11-07,3.396184839838611,5.586724101368607,29.85,266.85998,0.007425,0.003912,0.0,0.0,0.007424907188660142,0.00391234670077496,0.0,0.0035125604878851815,61738567.0,104185.0,1313179491.855,53350550.31814899,XLF,IYF,Financials
2019-11-08,3.3958497753355603,5.58724865840025,29.84,267.0,-0.000335,0.000525,0.0,0.0,-0.00033500837520938025,0.0005246946357411853,0.0,-0.0008597030109505656,53810453.0,83667.0,1283796903.3335,50892781.403148994,XLF,IYF,Financials
2019-11-11,3.393165209964891,5.5860494377498595,29.76,266.68,-0.002681,-0.001199,0.0,0.0,-0.002680965147453083,-0.001198501872659176,0.0,-0.001482463274793907,19702774.0,66506.0,1259732057.5025,51139714.057149,XLF,IYF,Financials
2019-11-12,3.3945083935113587,5.584998938666234,29.8,266.4,0.001344,-0.00105,0.0,0.0,0.0013440860215053765,-0.0010499475026250124,0.0,0.0023940335241303887,44640587.0,97120.0,1232780981.3055,50751580.706769004,XLF,IYF,Financials
2019-11-13,3.3881121421135,5.58319558687767,29.61,265.92002,-0.006376,-0.001802,0.0,0.0,-0.0063758389261744965,-0.0018017267267264395,0.0,-0.004574112199448057,43932498.0,198064.0,1235116968.9105,52487005.396832995,XLF,IYF,Financials
2019-11-14,3.3901364343027307,5.586424348712898,29.67,266.78,0.002026,0.003234,0.0,0.0,0.002026342451874367,0.0032339799011745084,0.0,-0.0012076374493001415,46171953.0,139093.0,1258519029.438,52909906.89884199,XLF,IYF,Financials
2019-11-15,3.392829131991639,5.589642868641859,29.75,267.64002,0.002696,0.003224,0.0,0.0,0.002696326255476913,0.003223704925406846,0.0,-0.0005273786699299334,30098954.0,186342.0,1246332418.2215,54440071.409184,XLF,IYF,Financials
2019-11-18,3.39484390768998,5.591658396851496,29.81,268.18,0.002017,0.002018,0.0,0.0,0.0020168067226890756,0.0020175607519383686,0.0,-7.540292492930374e-07,25470007.0,166773.0,1220238547.3049998,55899340.43018399,XLF,IYF,Financials
2019-11-19,3.3968546322280186,5.5951573767845835,29.87,269.12,0.002013,0.003505,0.0,0.0,0.0020127474002012745,0.003505108509210232,0.0,-0.0014923611090089575,30772211.0,295123.0,1194321261.9065,58548389.012184,XLF,IYF,Financials
2019-11-20,3.3921566370100065,5.591733045418791,29.73,268.20002,-0.004687,-0.003418,0.0,0.0,-0.004686976899899564,-0.003418475029726516,0.0,-0.0012685018701730482,46723879.0,177982.0,1219681979.5,60110632.202899,XLF,IYF,Financials
2019-11-21,3.391147045808654,5.5874733522558175,29.7,267.06,-0.001009,-0.004251,0.0,0.0,-0.0010090817356205853,-0.004250633538356932,0.0,0.0032415518027363466,37192681.0,146613.0,1227165386.41,61211988.190515995,XLF,IYF,Financials
2019-11-22,3.3985271531062766,5.59053911904185,29.92,267.88,0.007407,0.003071,0.0,0.0,0.007407407407407408,0.0030704710551935892,0.0,0.0043369363522138184,35195027.0,95399.0,1239248274.626,61358421.871516004,XLF,IYF,Financials
2019-11-25,3.4048573424936426,5.597680869644669,30.11,269.79998,0.00635,0.007167,0.0,0.0,0.006350267379679145,0.007167313722562341,0.0,-0.0008170463428831968,50100339.0,254321.0,1242548810.7940001,63718612.654808,XLF,IYF,Financials
2019-11-26,3.403860499081639,5.600789598371357,30.08,270.64002,-0.000996,0.003114,0.0,0.0,-0.0009963467286615742,0.0031135658349566962,0.0,-0.00410991256361827,33519997.0,151593.0,1223037847.9819999,63331836.146401,XLF,IYF,Financials
2019-11-27,3.407841924380824,5.605507978938903,30.2,271.92002,0.003989,0.00473,0.0,0.0,0.003989361702127659,0.004729529653449029,0.0,-0.0007401679513213697,31017287.0,191655.0,1196178081.3,63227610.35005601,XLF,IYF,Financials
2019-11-29,3.4061849231731944,5.603372647057163,30.15,271.34,-0.001656,-0.002133,839677500.0,135670000.0,0.031186391813657587,0.0379419240812795,704007500.0,-0.006755532267621912,19444153.0,83896.0,1143988556.3974998,46320598.647134,XLF,IYF,Financials
2019-12-02,3.3998631586490187,5.593893201118918,29.96,268.78,-0.006302,-0.009435,0.0,0.0,-0.006301824212271974,-0.009434657625119778,0.0,0.0031328334128478044,52431092.0,222861.0,1160938222.7255,45302036.33913,XLF,IYF,Financials
2019-12-03,3.3857452771032337,5.586274401194249,29.54,266.74,-0.014019,-0.00759,0.0,0.0,-0.014018691588785047,-0.00758985043530011,0.0,-0.006428841153484937,67892226.0,160229.0,1206412006.7914999,44450880.11513,XLF,IYF,Financials
2019-12-04,3.3951793093365925,5.592627425290039,29.82,268.44,0.009479,0.006373,0.0,0.0,0.009478672985781991,0.006373247356976831,0.0,0.00310542562880516,41793964.0,123350.0,1210480043.2875,41096234.81513,XLF,IYF,Financials
2019-12-05,3.3998631586490187,5.596865118120641,29.96,269.57998,0.004695,0.004247,0.0,0.0,0.004694835680751174,0.004246684547757276,0.0,0.00044815113299389794,44969722.0,260477.0,1218318176.8455,43024325.683653,XLF,IYF,Financials
2019-12-06,3.4131259525274293,5.60624314547686,30.36,272.12,0.013351,0.009422,0.0,0.0,0.01335113484646195,0.00942213883983535,0.0,0.003928996006626599,40811264.0,141423.0,1188124864.35,43558386.670838,XLF,IYF,Financials
2019-12-09,3.410817625039146,5.604919323852329,30.29,271.76,-0.002306,-0.001323,0.0,0.0,-0.00230566534914361,-0.0013229457592238718,0.0,-0.0009827195899197382,22101506.0,113754.0,1141312399.311,43987121.572838,XLF,IYF,Financials
2019-12-10,3.4111477125153233,5.602782807034163,30.3,271.18,0.00033,-0.002134,0.0,0.0,0.0003301419610432486,-0.0021342360906682367,0.0,0.0024643780517114855,37369637.0,63162.0,1168609671.6539998,43956744.126838,XLF,IYF,Financials
2019-12-11,3.408834808791367,5.600050262222477,30.23,270.44,-0.00231,-0.002729,0.0,0.0,-0.0023102310231023103,-0.002728814809351722,0.0,0.00041858378624941165,24491884.0,41076.0,1139114679.69,43218535.398838,XLF,IYF,Financials
2019-12-12,3.42816382989197,5.611374672210247,30.82,273.51998,0.019517,0.011389,0.0,0.0,0.01951703605689712,0.01138877385002205,0.0,0.00812826220687507,68434041.0,337302.0,1179529473.582,45198018.071472004,XLF,IYF,Financials
2019-12-13,3.424588334452731,5.609105427714293,30.71,272.9,-0.003569,-0.002267,0.0,0.0,-0.0035691109669046075,-0.0022666717071272093,0.0,-0.0013024392597773982,48138027.0,139725.0,1184949321.7649999,45249204.169472,XLF,IYF,Financials
2019-12-16,3.42816382989197,5.610716441536654,30.82,273.34,0.003582,0.005539,0.0,0.0,0.0035818951481602084,0.0016123122022718946,0.0,0.001969582945888314,45917698.0,222478.0,1210936300.308,45796182.165130004,XLF,IYF,Financials
2019-12-17,3.43204984514492,5.611520976229896,30.94,273.56,0.003894,0.000805,0.0,0.0,0.003893575600259572,0.0008048584180874985,0.0,0.0030887171821720734,30916898.0,379458.0,1220801696.0805001,48750149.53213,XLF,IYF,Financials
2019-12-18,3.4278393126085764,5.610643269912577,30.81,273.32,-0.004202,-0.000877,0.0,0.0,-0.004201680672268907,-0.000877321245796169,0.0,-0.0033243594264727385,39089750.0,256223.0,1235061158.8270001,48280517.962129995,XLF,IYF,Financials
2019-12-19,3.427514689979529,5.613419961604412,30.8,274.07998,-0.000325,0.002781,0.0,0.0,-0.0003245699448231094,0.0027805502707447796,0.0,-0.003105120215567889,36947081.0,168673.0,1222504617.4335,48205273.787475005,XLF,IYF,Financials
2019-12-20,3.4236109764990554,5.616625632541578,30.68,274.96,0.001178,0.003211,0.0,0.0,-0.003896103896103896,0.0032108145950681993,0.0,-0.0071069184911720954,97417028.0,209382.0,1316711207.1005,49126134.134475,XLF,IYF,Financials
2019-12-23,3.421326752957321,5.61305518402127,30.61,273.98002,-0.002282,-0.003564,0.0,0.0,-0.0022816166883963492,-0.0035640820482976667,0.0,0.0012824653599013175,38323202.0,108339.0,1322713107.3695,49332495.997814,XLF,IYF,Financials
2019-12-24,3.4236109764990554,5.61349300330874,30.68,274.1,0.002287,0.000438,0.0,0.0,0.0022868343678536427,0.00043791514432329765,0.0,0.001848919223530345,12315909.0,91708.0,1266179651.4109998,47158564.102134995,XLF,IYF,Financials
2019-12-26,3.4291367503513968,5.619385858017451,30.85,275.72,0.005541,0.00591,0.0,0.0,0.005541069100391135,0.00591025173294418,0.0,-0.00036918263255304555,15891278.0,49148.0,1240277872.2380002,45784761.80254199,XLF,IYF,Financials
2019-12-27,3.4265401893339504,5.619168222266293,30.77,275.66,-0.002593,-0.000218,0.0,0.0,-0.002593192868719611,-0.00021761207021616128,0.0,-0.0023755807985034495,19423051.0,85717.0,1223324132.8315,44360457.641886994,XLF,IYF,Financials
2019-12-30,3.4236109764990554,5.616480219001838,30.68,274.92002,-0.002925,-0.002684,0.0,0.0,-0.0029249268768280793,-0.0026843938184720304,0.0,-0.00024053305835604897,18825595.0,73690.0,1222890534.914,44235183.423576996,XLF,IYF,Financials
2019-12-31,3.426865128410733,5.6188053907249955,30.78,275.56,0.003259,0.002328,-2197692000.0,27556000.0,-0.0786584782780045,0.010067860637709872,-2225248000.0,-0.08872633891571437,15788138.0,73211.0,1168646703.48,42248855.602577,XLF,IYF,Financials
2020-01-02,3.436564525499447,5.624234089229733,31.08,277.06,0.009747,0.005443,0.0,0.0,0.009746588693957114,0.005443460589345333,0.0,0.004303128104611782,28823589.0,181986.0,1113161742.984,42632933.487577,XLF,IYF,Financials
2020-01-03,3.4258899942525267,5.6185876285929695,30.75,275.5,-0.010618,-0.005631,0.0,0.0,-0.010617760617760617,-0.005630549339493251,0.0,-0.004987211278267367,51384939.0,123306.0,1129851286.3725,42675869.937576994,XLF,IYF,Financials
2020-01-06,3.425239376142393,5.618006697634797,30.73,275.34,-0.00065,-0.000581,0.0,0.0,-0.0006504065040650406,-0.0005807622504538532,0.0,-6.96442536111875e-05,27956661.0,143989.0,1105442052.443,41147197.278054,XLF,IYF,Financials
2020-01-07,3.4187098067467865,5.611228566177081,30.53,273.48002,-0.006508,-0.006755,0.0,0.0,-0.006508298080052067,-0.006755211738214306,0.0,0.00024691365816223963,39654652.0,69542.0,1104023379.969,40173913.317596,XLF,IYF,Financials
2020-01-08,3.425239376142393,5.617352746657813,30.73,275.16,0.006551,0.006143,0.0,0.0,0.006550933508024894,0.006142971614525989,0.0,0.00040796189349890516,47982982.0,118361.0,1144276500.975,40256634.603595994,XLF,IYF,Financials
2020-01-09,3.4314032237192214,5.623873091427899,30.92,276.96,0.006183,0.006542,0.0,0.0,0.006182883176049463,0.006541648495420579,0.0,-0.00035876531937111596,27705899.0,89890.0,1130494820.7740002,40645017.765595995,XLF,IYF,Financials
2020-01-10,3.4239368686316447,5.620980407895063,30.69,276.16,-0.007439,-0.002888,0.0,0.0,-0.007438551099611902,-0.002888503755054618,0.0,-0.0045500473445572835,33460368.0,69086.0,1144820272.804,41043527.581596,XLF,IYF,Financials
2020-01-13,3.4307561839036995,5.6292744224811395,30.9,278.46,0.006843,0.008328,0.0,0.0,0.006842619745845552,0.008328505214368216,0.0,-0.0014858854685226635,27553174.0,139467.0,1081933069.453,38372384.807898,XLF,IYF,Financials
2020-01-14,3.4288125486951286,5.626109107876391,30.84,277.57998,-0.001942,-0.00316,0.0,0.0,-0.001941747572815534,-0.003160310277957337,0.0,0.0012185627051418033,37576195.0,187707.0,1065959621.6845001,39071022.448191,XLF,IYF,Financials
2020-01-15,3.4232849781261603,5.626829433488073,30.67,277.78,-0.005512,0.000721,0.0,0.0,-0.005512321660181583,0.0007205851084793652,0.0,-0.006232906768660948,41457270.0,117573.0,1058775172.6115001,37663387.019191,XLF,IYF,Financials
2020-01-16,3.43204984514492,5.635218082787317,30.94,280.12,0.008803,0.008424,0.0,0.0,0.008803390935767852,0.008423932608539264,0.0,0.00037945832722858716,34444000.0,85773.0,1064231599.4055,33674497.133191004,XLF,IYF,Financials
2020-01-17,3.434954478460289,5.63956390232955,31.03,281.34,0.002909,0.004355,0.0,0.0,0.0029088558500323207,0.004355276310152661,0.0,-0.0014464204601203406,38819425.0,389179.0,1064242177.418,35647534.608191,XLF,IYF,Financials
2020-01-21,3.4265401893339504,5.636716317291525,30.77,280.54,-0.008379,-0.002843,0.0,0.0,-0.00837898807605543,-0.002843534513399897,0.0,-0.0055354535626555325,41276452.0,108436.0,1070847494.0799999,34857071.756864,XLF,IYF,Financials
2020-01-22,3.4294608469350147,5.637856253330177,30.86,280.85998,0.002925,0.001141,0.0,0.0,0.0029249268768280793,0.001140586012689682,0.0,0.0017843408641383973,27391018.0,359295.0,963674113.9019998,37024067.346569,XLF,IYF,Financials
2020-01-23,3.426865128410733,5.63842577000888,30.78,281.01998,-0.002592,0.00057,0.0,0.0,-0.002592352559948153,0.0005696788841185685,0.0,-0.0031620314440667214,43072312.0,92742.0,971308741.409,36843049.026488,XLF,IYF,Financials
2020-01-24,3.414113606928702,5.628340351380066,30.39,278.20002,-0.012671,-0.010035,0.0,0.0,-0.012670565302144249,-0.010034731338319659,0.0,-0.00263583396382459,58924941.0,112742.0,1041952584.8525002,37154432.21923,XLF,IYF,Financials
2020-01-27,3.3985271531062766,5.614441039734194,29.92,274.35998,-0.015466,-0.013803,0.0,0.0,-0.015465613688713393,-0.013803162199628885,0.0,-0.0016624514890845078,50289300.0,98322.0,1092673081.3375,37825658.988908,XLF,IYF,Financials
2020-01-28,3.410157123033627,5.624089633549996,30.27,277.01998,0.011698,0.009695,0.0,0.0,0.011697860962566845,0.009695291565482558,0.0,0.0020025693970842865,34257892.0,89277.0,1114640036.916,37880797.21563099,XLF,IYF,Financials
2020-01-29,3.4085039568445934,5.62278931544667,30.22,276.66,-0.001652,-0.001299,0.0,0.0,-0.0016518004625041295,-0.0012994730560587254,0.0,-0.0003523274064454042,41168268.0,84137.0,1147966827.134,38031721.522941,XLF,IYF,Financials
2020-01-30,3.4210000089583352,5.632716097799176,30.6,279.42002,0.012575,0.009976,0.0,0.0,0.01257445400397088,0.009976216294368538,0.0,0.002598237709602342,51209980.0,129977.0,1202020152.152,38838929.161918,XLF,IYF,Financials
2020-01-31,3.3998631586490187,5.61217875078312,29.96,273.74,-0.020915,-0.020328,476364000.0,41061000.0,-0.0015295051185282228,-0.009067293096574973,435303000.0,0.00753778797804675,58958779.0,283314.0,1245548545.788,40195595.821917996,XLF,IYF,Financials
2020-02-03,3.40684805317097,5.619240772779619,30.17,275.68,0.007009,0.007087,0.0,0.0,0.007009345794392523,0.007087016877328853,0.0,-7.767108293632932e-05,40168745.0,132673.0,1227138753.9080002,40325820.303918004,XLF,IYF,Financials
2020-02-04,3.4164143474670157,5.630709792046296,30.46,278.85998,0.009612,0.011535,0.0,0.0,0.00961219754723235,0.011535040626813696,0.0,-0.0019228430795813455,79273314.0,177235.0,1304916601.5035,40814711.16868301,XLF,IYF,Financials
2020-02-05,3.436242723404956,5.6426869086296145,31.07,282.22,0.020026,0.012049,0.0,0.0,0.020026263952724884,0.012049129459164545,0.0,0.007977134493560339,51086871.0,121860.0,1323747229.3240001,41583360.251141,XLF,IYF,Financials
2020-02-06,3.434954478460289,5.643112018456053,31.03,282.34,-0.001287,0.000425,0.0,0.0,-0.001287415513356936,0.00042520019842650324,0.0,-0.0017126157117834393,37044389.0,84043.0,1307495747.0145001,41141384.644141,XLF,IYF,Financials
2020-02-07,3.4314032237192214,5.640132447579745,30.92,281.5,-0.003545,-0.002975,0.0,0.0,-0.003544956493715759,-0.0029751363604163914,0.0,-0.0005698201332993676,27982485.0,130793.0,1307923348.9705,41737499.399141,XLF,IYF,Financials
2020-02-10,3.4343097331123578,5.645022779449278,31.01,282.88,0.002911,0.004902,0.0,0.0,0.0029107373868046574,0.004902309058614565,0.0,-0.0019915716718099078,17723704.0,81581.0,1284059017.3265002,41937441.575141,XLF,IYF,Financials
2020-02-11,3.4378506993101907,5.649396684129609,31.12,284.12,0.003547,0.004383,0.0,0.0,0.003547242824895195,0.004383484162895928,0.0,-0.0008362413380007326,27997359.0,54620.0,1285053254.1004999,40771574.254141,XLF,IYF,Financials
2020-02-12,3.4384931664058525,5.652699684426885,31.14,285.06,0.000643,0.003308,0.0,0.0,0.0006426735218508997,0.00330846121357173,0.0,-0.0026657876917208305,26964157.0,89627.0,1269093953.8595,39443842.619848,XLF,IYF,Financials
2020-02-13,3.4381719844535166,5.655222284040824,31.13,285.78,-0.000321,0.002526,0.0,0.0,-0.0003211303789338471,0.002525784045463986,0.0,-0.002846914424397833,22758975.0,57995.0,1240943574.902,38639561.777848,XLF,IYF,Financials
2020-02-14,3.4394560937792455,5.658924569014374,31.17,286.84,0.001285,0.003709,0.0,0.0,0.00128493414712496,0.0037091468962138713,0.0,-0.0024242127490889114,22080227.0,48200.0,1222070740.6815,38129509.539848,XLF,IYF,Financials
2020-02-18,3.4307561839036995,5.6534010450952765,30.9,285.26,-0.008662,-0.005508,0.0,0.0,-0.008662175168431183,-0.0055082973086039745,0.0,-0.003153877859827209,37795921.0,95316.0,1220237100.7389998,34014420.654848,XLF,IYF,Financials
2020-02-19,3.4381719844535166,5.655991810819852,31.13,286.0,0.007443,0.002594,0.0,0.0,0.00744336569579288,0.0025941246582065485,0.0,0.004849241037586332,25643251.0,79361.0,1196646999.5185,33628251.182848,XLF,IYF,Financials
2020-02-20,3.436242723404956,5.6578781424652265,31.07,286.54,-0.001927,0.001888,0.0,0.0,-0.0019274012206874397,0.0018881118881120143,0.0,-0.0038155131087994542,50344301.0,85308.0,1232592530.348,29804879.573142998,XLF,IYF,Financials
2020-02-21,3.4265401893339504,5.6503816979290855,30.77,284.4,-0.009656,-0.007468,0.0,0.0,-0.00965561635017702,-0.007468416276959838,0.0,-0.0021872000732171817,51128175.0,55396.0,1244964939.4175,29289492.943885,XLF,IYF,Financials
2020-02-24,3.393501175027685,5.61953092220861,29.77,275.76,-0.032499,-0.03038,0.0,0.0,-0.032499187520311994,-0.030379746835442915,0.0,-0.0021194406848690783,70455449.0,331905.0,1260301427.4045,32297557.751143,XLF,IYF,Financials
2020-02-25,3.358985532852846,5.584022561264011,28.76,266.14002,-0.033927,-0.034885,0.0,0.0,-0.03392677191803829,-0.03488533507397737,0.0,0.0009585631559390767,111826875.0,496807.0,1345875680.8545,37559787.899272,XLF,IYF,Financials
2020-02-26,3.351656936102019,5.576024782100774,28.55,264.01998,-0.007302,-0.007966,0.0,0.0,-0.007301808066759388,-0.00796588201954759,0.0,0.0006640739527882019,95015741.0,278421.0,1429661331.59,39998647.604128,XLF,IYF,Financials
2020-02-27,3.3079849999399764,5.529429087511423,27.33,252.0,-0.042732,-0.045527,0.0,0.0,-0.04273204903677758,-0.04552678172311037,0.0,0.0027947326863327904,143536169.0,1109622.0,1563598253.5805001,52816017.683128,XLF,IYF,Financials
2020-02-28,3.2805352052549286,5.509226380193904,26.59,246.96,-0.027077,-0.02,-1281638000.0,-49392000.0,-0.08433906548356347,-0.03484848484848485,-1232246000.0,-0.04949058063507862,192064175.0,1084911.0,1740596304.843,64396589.914151,XLF,IYF,Financials
2020-03-02,3.3304171996011083,5.5583712718823435,27.95,259.4,0.051147,0.050373,0.0,0.0,0.05114704776231666,0.05037252996436655,0.0,0.0007745177979501111,127115541.0,679379.0,1829920022.4485002,69330416.826151,XLF,IYF,Financials
2020-03-03,3.292126286607793,5.524416545687879,26.9,250.74,-0.037567,-0.033385,0.0,0.0,-0.03756708407871199,-0.033384734001541884,0.0,-0.004182350077170105,256525000.0,949453.0,2114351595.616,79404944.455151,XLF,IYF,Financials
2020-03-04,3.3246762437544124,5.560373968307595,27.79,259.92002,0.033086,0.036612,0.0,0.0,0.03308550185873606,0.036611709340352704,0.0,-0.003526207481616646,124407986.0,884846.0,2166483234.9410005,88433216.52823201,XLF,IYF,Financials
2020-03-05,3.2752561583043085,5.519939761490308,26.45,249.62,-0.048219,-0.039628,0.0,0.0,-0.048218783735156534,-0.03962765161375424,0.0,-0.008591132121402292,130265661.0,629663.0,2259396117.5150003,94572473.97123201,XLF,IYF,Financials
2020-03-06,3.2406373166497136,5.49141399650995,25.55,242.6,-0.034027,-0.028123,0.0,0.0,-0.034026465028355386,-0.028122746574793685,0.0,-0.005903718453561701,160607013.0,333145.0,2407097207.0889997,97427087.79023199,XLF,IYF,Financials
2020-03-09,3.1271990362962967,5.388980401445279,22.81,218.98,-0.107241,-0.097362,0.0,0.0,-0.10724070450097847,-0.09736191261335532,0.0,-0.009878791887623153,134165747.0,409525.0,2516852319.7325,100070065.54023199,XLF,IYF,Financials
2020-03-10,3.184284380098582,5.443023587547295,24.15,231.14,0.058746,0.05553,0.0,0.0,0.058746163963174045,0.05553018540505982,0.0,0.003215978558114223,149282272.0,423030.0,2669630060.1204996,103805141.58623199,XLF,IYF,Financials
2020-03-11,3.1285133847878095,5.385687012684944,22.84,218.26,-0.054244,-0.055724,0.0,0.0,-0.054244306418219465,-0.05572380375529982,0.0,0.001479497337080353,146956334.0,453139.0,2793890302.9445,107974315.77323201,XLF,IYF,Financials
2020-03-12,3.0140632302387145,5.278114659230517,20.37,196.0,-0.108144,-0.101988,0.0,0.0,-0.10814360770577934,-0.10198845413726748,0.0,-0.006155153568511859,161437526.0,1334795.0,2916331230.7265,119777853.14223199,XLF,IYF,Financials
2020-03-13,3.1376657694426577,5.383485378917915,23.05,217.78,0.131566,0.111122,0.0,0.0,0.13156602847324497,0.11112244897959184,0.0,0.020443579493653136,160945700.0,579227.0,3066396805.389,125256365.390232,XLF,IYF,Financials
2020-03-16,2.9902170928658807,5.23877965383184,19.89,188.44,-0.137093,-0.134723,0.0,0.0,-0.1370932754880694,-0.1347231150702544,0.0,-0.002370160417815015,110661583.0,631058.0,3142037715.903,130510909.46623202,XLF,IYF,Financials
2020-03-17,3.0430928449138284,5.270740598777802,20.97,194.56,0.054299,0.032477,0.0,0.0,0.05429864253393665,0.03247718106559117,0.0,0.02182146146834548,122295136.0,426502.0,3211869468.054,133300428.81423202,XLF,IYF,Financials
2020-03-18,2.9543893100196086,5.189060380611087,19.19,179.3,-0.084883,-0.078433,0.0,0.0,-0.08488316642823068,-0.07843338815789473,0.0,-0.006449778270335951,145056421.0,418186.0,3311137383.822,135914604.004232,XLF,IYF,Financials
2020-03-19,2.976039640208255,5.201365840471587,19.61,181.52,0.021886,0.012382,0.0,0.0,0.021886399166232282,0.012381483547127719,0.0,0.009504915619104564,105652811.0,476559.0,3336520093.4040003,139017645.772232,XLF,IYF,Financials
2020-03-20,2.9396908826703663,5.163642463221435,18.91,174.8,-0.035696,-0.037021,0.0,0.0,-0.035696073431922486,-0.0370207139709123,0.0,0.001324640538989813,157840916.0,395301.0,3407097982.2445,141684845.392232,XLF,IYF,Financials
2020-03-23,2.8713021951758138,5.104247062719534,17.66,164.72,-0.057679,-0.057666,0.0,0.0,-0.06610259122157588,-0.057665903890160186,0.0,-0.008436687331415699,144547917.0,577310.0,3429860857.1190004,141863264.412232,XLF,IYF,Financials
2020-03-24,2.9882040071331994,5.215261791410711,19.85,184.06,0.124009,0.117411,0.0,0.0,0.12400906002265019,0.11741136474016513,0.0,0.006597695282485064,158551111.0,724474.0,3426415788.5365,141919587.38842502,XLF,IYF,Financials
2020-03-25,3.015044584586364,5.245760115809361,20.39,189.76,0.027204,0.038545,0.0,0.0,0.027204030226700125,0.030968162555688364,0.0,-0.0037641323289882393,162949598.0,782323.0,3456907933.4199996,145666832.669846,XLF,IYF,Financials
2020-03-26,3.075928815548268,5.307574387810713,21.67,201.86,0.062776,0.063765,0.0,0.0,0.06277587052476716,0.06376475548060709,0.0,-0.0009888849558399304,129753949.0,824413.0,3401354162.223,140006395.878846,XLF,IYF,Financials
2020-03-27,3.044998514856909,5.2786247332023,21.01,196.1,-0.030457,-0.028535,0.0,0.0,-0.03045685279187817,-0.028534627959972258,0.0,-0.0019222248319059124,109305622.0,382962.0,3260830397.4715004,130364857.26084599,XLF,IYF,Financials
2020-03-30,3.0638581026015914,5.3003153692107094,21.41,200.4,0.019039,0.021928,0.0,0.0,0.019038553069966564,0.021927587965323816,0.0,-0.0028890348953572523,67297220.0,247098.0,3155228102.934,124029233.59084602,XLF,IYF,Financials
2020-03-31,3.035914063186823,5.270740598777802,20.82,194.56,-0.027557,-0.029142,-1211724000.0,-252928000.0,-0.1009876893859426,-0.12622754491017965,-958796000.0,0.025239855524237048,83819894.0,380716.0,2897458487.5880003,115829546.577846,XLF,IYF,Financials
2020-04-01,2.972975286431375,5.206530970917329,19.55,182.46,-0.060999,-0.062192,0.0,0.0,-0.06099903938520653,-0.06219161184210526,0.0,0.00119257245689873,79185017.0,577609.0,2801996945.1584997,109599613.98400001,XLF,IYF,Financials
2020-04-02,2.997730276216664,5.228860101532815,20.04,186.58,0.025064,0.02258,0.0,0.0,0.02506393861892583,0.022580291570755234,0.0,0.002483647048170598,68398263.0,242493.0,2698255668.012,104003007.27800001,XLF,IYF,Financials
2020-04-03,2.97756830292632,5.206859756059202,19.64,182.52,-0.01996,-0.02176,0.0,0.0,-0.01996007984031936,-0.02176010290492003,0.0,0.0018000230646006699,68418105.0,234110.0,2560266788.0145,102098446.288,XLF,IYF,Financials
2020-04-06,3.0469005601283903,5.282086353437619,21.05,196.78,0.071792,0.078128,0.0,0.0,0.07179226069246436,0.07812842428227032,0.0,-0.00633616358980596,69015063.0,837509.0,2479889107.3685,105854808.11400001,XLF,IYF,Financials
2020-04-07,3.056827372913802,5.289982729757979,21.26,198.34,0.009976,0.007928,0.0,0.0,0.009976247030878987,0.007927634922248196,0.0,0.002048612108630792,70950941.0,400453.0,2375051614.2115,104937142.805,XLF,IYF,Financials
2020-04-08,3.0996417369445024,5.339843113376535,22.19,208.48,0.043744,0.051124,0.0,0.0,0.04374412041392273,0.0511243319552284,0.0,-0.0073802115413056715,80003402.0,653975.0,2295991255.3025002,106809072.29800001,XLF,IYF,Financials
2020-04-09,3.1518809560439225,5.3855953746550975,23.38,218.24,0.053628,0.046815,0.0,0.0,0.05362776025236593,0.04681504221028396,0.0,0.006812718042081972,147892930.0,892596.0,2304453970.2415,103468088.85,XLF,IYF,Financials
2020-04-13,3.114847754444153,5.348820348721143,22.53,210.36,-0.036356,-0.036107,0.0,0.0,-0.03635585970915312,-0.03610703812316716,0.0,-0.0002488215859859644,66236307.0,421920.0,2193579250.827,101598640.60700001,XLF,IYF,Financials
2020-04-14,3.119276459645446,5.3600707628235185,22.63,212.74,0.004438,0.011314,0.0,0.0,0.004438526409232135,0.011313938011028713,0.0,-0.006875411601796578,96168982.0,619544.0,2192341509.6665,102242901.65900001,XLF,IYF,Financials
2020-04-15,3.075005454448499,5.313403003966077,21.65,203.04,-0.043305,-0.045596,0.0,0.0,-0.04330534688466649,-0.045595562658644354,0.0,0.002290215773977866,63481951.0,484448.0,2132834271.5280004,103012006.299,XLF,IYF,Financials
2020-04-16,3.0572976292121457,5.297116645971518,21.27,199.76,-0.017552,-0.016154,0.0,0.0,-0.017551963048498723,-0.01615445232466509,0.0,-0.001397510723833633,68907624.0,422577.0,2066935893.7025,103483667.885,XLF,IYF,Financials
2020-04-17,3.1086144306106633,5.345582559015151,22.39,209.68,0.052656,0.04966,0.0,0.0,0.052656323460272686,0.04965959150981177,0.0,0.002996731950460914,88698630.0,600299.0,2062641428.802,105451953.117,XLF,IYF,Financials
2020-04-20,3.091042453358316,5.319883144462597,22.0,204.36,-0.017419,-0.025372,0.0,0.0,-0.017418490397498883,-0.025371995421594812,0.0,0.00795350502409593,59063101.0,300471.0,1978372253.8240001,105067235.05499999,XLF,IYF,Financials
2020-04-21,3.058237478905388,5.292299294222474,21.29,198.8,-0.032273,-0.027207,0.0,0.0,-0.03227272727272727,-0.02720688980230965,0.0,-0.005065837470417622,71957895.0,316134.0,1927335622.3404999,103454881.85499999,XLF,IYF,Financials
2020-04-22,3.0689827352935835,5.304498225623118,21.52,201.24,0.010803,0.012274,0.0,0.0,0.010803193987787695,0.01227364185110664,0.0,-0.0014704478633189456,47510291.0,208283.0,1821094717.789,98883291.179,XLF,IYF,Financials
2020-04-23,3.064791809485486,5.301811255802292,21.43,200.7,-0.004182,-0.002683,0.0,0.0,-0.004182156133828996,-0.0026833631484794273,0.0,-0.0014987929853495685,71740225.0,164060.0,1731837253.7154999,93106952.655,XLF,IYF,Financials
2020-04-24,3.0791538816930633,5.311924369954253,21.74,202.74,0.014466,0.010165,0.0,0.0,0.014465702286514108,0.010164424514200299,0.0,0.004301277772313809,33836725.0,290154.0,1628029370.0490003,87727443.34400001,XLF,IYF,Financials
2020-04-27,3.1126260250254902,5.346726505755724,22.48,209.92,0.034039,0.035415,0.0,0.0,0.03403863845446195,0.035414817007004044,0.0,-0.0013761785525420941,109435148.0,274917.0,1636208920.49,86858029.766,XLF,IYF,Financials
2020-04-28,3.1232455938529506,5.355453557918846,22.72,211.76,0.010676,0.008765,0.0,0.0,0.010676156583629894,0.008765243902439025,0.0,0.0019109126811908683,46452303.0,225838.0,1616937062.688,86773280.55,XLF,IYF,Financials
2020-04-29,3.1518809560439225,5.387426541619813,23.38,218.64,0.029049,0.03249,0.0,0.0,0.029049295774647887,0.032489610880241784,0.0,-0.0034403151055938976,70064449.0,487248.0,1611585893.9150002,88396270.43800001,XLF,IYF,Financials
2020-04-30,3.126321843257593,5.3639178236319855,22.79,213.56,-0.025235,-0.023235,1144058000.0,-10678000.0,0.043438581379708574,-0.027408752161770824,1154736000.0,0.0708473335414794,56745740.0,209674.0,1598844310.5275,85365642.50299999,XLF,IYF,Financials
2020-05-01,3.0937660138253564,5.331074930786209,22.06,206.66,-0.032032,-0.032309,0.0,0.0,-0.032031592803861454,-0.03230942123993257,0.0,0.0002778284360711175,37534293.0,307966.0,1571709576.1804998,86285637.984,XLF,IYF,Financials
2020-05-04,3.0846584827483925,5.326224319801044,21.86,205.66,-0.009066,-0.004839,0.0,0.0,-0.009066183136899253,-0.004838865769863544,0.0,-0.004227317367035709,50177200.0,130352.0,1559366676.6704998,85489559.74,XLF,IYF,Financials
2020-05-05,3.0814511489565284,5.327779076697656,21.79,205.98,-0.003202,0.001556,0.0,0.0,-0.003202195791399817,0.0015559661577360692,0.0,-0.0047581619491358865,65123028.0,176373.0,1557679861.869,79065774.21599999,XLF,IYF,Financials
2020-05-06,3.0596455992976437,5.308762624409575,21.32,202.1,-0.02157,-0.018837,0.0,0.0,-0.021569527306103717,-0.018836780269929118,0.0,-0.0027327470361745987,63738410.0,195379.0,1550204156.646,77068786.61,XLF,IYF,Financials
2020-05-07,3.0828269804049246,5.328749573668238,21.82,206.18,0.023452,0.020188,0.0,0.0,0.02345215759849906,0.020188025729836714,0.0,0.003264131868662347,61339041.0,365244.0,1528361275.858,74017051.60599999,XLF,IYF,Financials
2020-05-08,3.1041381473977774,5.351099551987006,22.29,210.84,0.02154,0.022602,0.0,0.0,0.02153987167736022,0.022601610243476573,0.0,-0.0010617385661163548,42240657.0,229036.0,1402551652.9145,66691541.566,XLF,IYF,Financials
2020-05-11,3.0846584827483925,5.334842141230409,21.86,207.44,-0.019291,-0.016126,0.0,0.0,-0.019291161956034097,-0.016125972301271108,0.0,-0.003165189654762989,54994912.0,243650.0,1388045891.895,64780924.805999994,XLF,IYF,Financials
2020-05-12,3.058237478905388,5.301811255802292,21.29,200.7,-0.026075,-0.032491,0.0,0.0,-0.02607502287282708,-0.03249132279213267,0.0,0.006416299919305587,62202694.0,607912.0,1345445456.525,64291232.198,XLF,IYF,Financials
2020-05-13,3.0281994636914926,5.271870716533053,20.66,194.78,-0.029591,-0.029497,0.0,0.0,-0.02959135744480977,-0.029496761335326357,0.0,-9.459610948341426e-05,86848318.0,931515.0,1366440557.0615,68445140.687,XLF,IYF,Financials
2020-05-14,3.0535293722802077,5.293907658059337,21.19,199.12,0.025654,0.022282,0.0,0.0,0.0256534365924493,0.022281548413594823,0.0,0.0033718881788544763,103763104.0,1194292.0,1403094307.6255002,76114812.763,XLF,IYF,Financials
2020-05-15,3.0469005601283903,5.291393451475212,21.05,198.62,-0.006607,-0.002511,0.0,0.0,-0.0066068900424729815,-0.0025110486139011652,0.0,-0.004095841428571816,70284975.0,282862.0,1377771127.528,72630380.569,XLF,IYF,Financials
2020-05-18,3.0969341540629585,5.3429082498759115,22.13,209.12,0.051306,0.052865,0.0,0.0,0.05130641330166271,0.05286476689155171,0.0,-0.0015583535898889972,79563572.0,424535.0,1400838808.8460002,73999105.851,XLF,IYF,Financials
2020-05-19,3.072230244526716,5.32242444189127,21.59,204.88,-0.024401,-0.020275,0.0,0.0,-0.024401265250790782,-0.020275439938791124,0.0,-0.004125825311999658,56673196.0,981667.0,1385418344.7005,80912930.639,XLF,IYF,Financials
2020-05-20,3.094219220268645,5.343386329915615,22.07,209.22,0.022233,0.021183,0.0,0.0,0.0222325150532654,0.02118313158922296,0.0,0.0010493834640424408,50402631.0,423543.0,1389916574.8930001,83247870.416,XLF,IYF,Financials
2020-05-21,3.091042453358316,5.340610278738288,22.0,208.64,-0.003172,-0.002772,0.0,0.0,-0.0031717263253285004,-0.0027722015103718574,0.0,-0.00039952481495664303,49939856.0,208630.0,1367980765.4055,83777956.476,XLF,IYF,Financials
2020-05-22,3.087399462079815,5.340897814083155,21.92,208.7,-0.003636,0.000288,0.0,0.0,-0.0036363636363635227,0.00028757668711656444,0.0,-0.003923940323480087,37584497.0,141823.0,1372392854.0425,82316588.38299999,XLF,IYF,Financials
2020-05-26,3.138099514840913,5.38467853219608,23.06,218.04,0.052007,0.044753,0.0,0.0,0.052007299270072874,0.04475323430761859,0.0,0.0072540649624542805,108349163.0,553587.0,1374314332.6295,85466265.025,XLF,IYF,Financials
2020-05-27,3.180550710546533,5.4159226086223,24.06,224.96,0.043365,0.031737,0.0,0.0,0.04336513443191674,0.03173729590900752,0.0,0.011627838522909217,121521218.0,317595.0,1467734541.6755002,86647400.84099999,XLF,IYF,Financials
2020-05-28,3.164630810015805,5.407082081339426,23.68,222.98,-0.015794,-0.008802,0.0,0.0,-0.015793848711554447,-0.008801564722617354,0.0,-0.006992283988937092,101593968.0,369986.0,1506116458.9064999,85445779.61899999,XLF,IYF,Financials
2020-05-29,3.1531632815028194,5.396985538344738,23.41,220.74,-0.011402,-0.010046,129925500.0,-44148000.0,-0.004208641622992913,-0.02704066686247963,174073500.0,0.022832025239486717,86971072.0,241915.0,1543254327.9524999,85876896.502,XLF,IYF,Financials
2020-06-01,3.164630810015805,5.409948182719222,23.68,223.62,0.011534,0.013047,0.0,0.0,0.011533532678342588,0.013047023647730362,0.0,-0.0015134909693877742,52629291.0,124286.0,1564167083.3175,84084325.59,XLF,IYF,Financials
2020-06-02,3.1726224403507386,5.417166500386418,23.87,225.24,0.008024,0.007244,0.0,0.0,0.008023648648648648,0.007244432519452643,0.0,0.0007792161291960056,52572813.0,129035.0,1572069056.033,84197108.144,XLF,IYF,Financials
2020-06-03,3.2092294478163956,5.45043741460887,24.76,232.86,0.037285,0.033831,0.0,0.0,0.03728529534981148,0.03383058071390517,0.0,0.0034547146359063113,77622930.0,270648.0,1597214704.3669999,85531797.28099999,XLF,IYF,Financials
2020-06-04,3.2308043957334744,5.458989591936935,25.3,234.86,0.021809,0.008589,0.0,0.0,0.021809369951534735,0.008588851670531649,0.0,0.013220518281003086,97575087.0,184707.0,1652702044.362,85726506.787,XLF,IYF,Financials
2020-06-05,3.267284964075888,5.495527535835742,26.24,243.6,0.037154,0.037214,0.0,0.0,0.03715415019762846,0.03721365920122626,0.0,-5.950900359780187e-05,135859288.0,475533.0,1764028536.487,87753198.331,XLF,IYF,Financials
2020-06-08,3.286160571673797,5.513348097751696,26.74,247.98,0.019055,0.01798,0.0,0.0,0.019054878048780487,0.017980295566502463,0.0,0.001074582482278024,80298387.0,291787.0,1824310267.6794999,88956567.832,XLF,IYF,Financials
2020-06-09,3.2646137165420543,5.496512272498282,26.17,243.84,-0.021316,-0.016695,0.0,0.0,-0.02131637995512341,-0.01669489474957658,0.0,-0.004621485205546831,92833147.0,789699.0,1885673001.713,96057440.24,XLF,IYF,Financials
2020-06-10,3.226447090364519,5.464509541412108,25.19,236.16,-0.037447,-0.031496,0.0,0.0,-0.03744745892243027,-0.031496062992125984,0.0,-0.005951395930304283,110848913.0,215629.0,1959072439.8735,92503190.552,XLF,IYF,Financials
2020-06-11,3.141130476243348,5.386969064142599,23.13,218.54,-0.081779,-0.074611,0.0,0.0,-0.08177848352520842,-0.07461043360433604,0.0,-0.007168049920872374,233116601.0,615469.0,2138957476.436,90156395.72999999,XLF,IYF,Financials
2020-06-12,3.170945291110651,5.417699123568117,23.83,225.36,0.030264,0.031207,0.0,0.0,0.030263726761781237,0.031207101674750617,0.0,-0.000943374912969381,127502925.0,291629.0,2180940202.8855,81552100.15,XLF,IYF,Financials
2020-06-15,3.184698373066614,5.423980384543694,24.16,226.78,0.013848,0.010517,0.0,0.0,0.013848090642047839,0.0063010294639687615,0.0,0.007547061178079077,92469468.0,273964.0,2218668384.042,81849475.424,XLF,IYF,Financials
2020-06-16,3.2003044392827653,5.439903730609908,24.54,230.42,0.015729,0.016051,0.0,0.0,0.015728476821192054,0.016050798130346593,0.0,-0.0003223213091545392,108121252.0,255064.0,2263296067.828,80349129.808,XLF,IYF,Financials
2020-06-17,3.1851121947153915,5.426886467342745,24.17,227.44,-0.015078,-0.012933,0.0,0.0,-0.015077424612876936,-0.012932905129763042,0.0,-0.0021445194831138936,56320875.0,188828.0,2270181130.1835,72440285.076,XLF,IYF,Financials
2020-06-18,3.1838702156693857,5.424773790500596,24.14,226.96,-0.001241,-0.00211,0.0,0.0,-0.0012412081092263137,-0.002110446711220542,0.0,0.0008692386019942282,61206472.0,128123.0,2288438038.579,69463541.55700001,XLF,IYF,Financials
2020-06-19,3.177220149599368,5.4159226086223,23.98,224.96,-0.006628,-0.008812,0.0,0.0,-0.006628003314001657,-0.008812125484666901,0.0,0.0021841221706652442,99903907.0,223068.0,2353288981.472,69796182.261,XLF,IYF,Financials
2020-06-22,3.165896900077314,5.413964790073998,23.71,224.52,-0.004938,-0.001956,0.0,0.0,-0.011259382819015847,-0.0019559032716927453,0.0,-0.009303479547323102,47929500.0,200341.0,2368916795.01,70565287.322,XLF,IYF,Financials
2020-06-23,3.170525563927154,5.416722430926658,23.82,225.14,0.004639,0.002761,0.0,0.0,0.004639392661324336,0.002761446641724568,0.0,0.0018779460195997677,47218930.0,114253.0,2300227955.7009997,65816227.869,XLF,IYF,Financials
2020-06-24,3.1346242724206097,5.382014925569603,22.98,217.46,-0.035265,-0.034112,0.0,0.0,-0.03526448362720403,-0.0341121080216754,0.0,-0.0011523756055286313,90217541.0,556164.0,2257697885.056,68291090.48099999,XLF,IYF,Financials
2020-06-25,3.1608228934195837,5.404477562376427,23.59,222.4,0.026545,0.022717,0.0,0.0,0.026544821583986074,0.022716821484410926,0.0,0.0038280000995751483,110208940.0,256929.0,2267402071.6740003,67023167.047000006,XLF,IYF,Financials
2020-06-26,3.1170645587215158,5.367470225236353,22.58,214.32,-0.042815,-0.036331,0.0,0.0,-0.04281475201356507,-0.03633093525179856,0.0,-0.006483816761766507,123959144.0,340792.0,2305552305.474,68005078.26400001,XLF,IYF,Financials
2020-06-29,3.1280754605417043,5.38063440903725,22.83,217.16,0.011072,0.013251,0.0,0.0,0.011071744906997343,0.013251213139231057,0.0,-0.0021794682322337135,69107072.0,218898.0,2322124947.618,68992230.982,XLF,IYF,Financials
2020-06-30,3.1415627217655304,5.394899464394281,23.14,220.28,0.013579,0.014367,-1691534000.0,66084000.0,-0.08285906853431396,0.04094459561742253,-1757618000.0,-0.12380366415173649,60653071.0,151804.0,2329554898.4495,69211008.068,XLF,IYF,Financials
2020-07-01,3.1328821117012247,5.3937184513112895,22.94,220.02,-0.008643,-0.00118,0.0,0.0,-0.00864304235090752,-0.001180315961503541,0.0,-0.007462726389403979,60500278.0,164370.0,2302851529.9755,67868087.77399999,XLF,IYF,Financials
2020-07-02,3.134189016701007,5.394627046685445,22.97,220.22,0.001308,0.000909,0.0,0.0,0.0013077593722755014,0.000909008271975275,0.0,0.0003987511003002264,50841858.0,202083.0,2237810918.8335004,67924209.38599999,XLF,IYF,Financials
2020-07-06,3.1531632815028194,5.407709743319233,23.41,223.12,0.019155,0.013169,0.0,0.0,0.01915542011319112,0.013168649532285895,0.0,0.005986770580905224,60271743.0,166457.0,2130111608.159,63989211.738,XLF,IYF,Financials
2020-07-07,3.132446096869813,5.387426541619813,22.93,218.64,-0.020504,-0.020079,0.0,0.0,-0.02050405809483127,-0.020078881319469343,0.0,-0.0004251767753619268,43810905.0,107508.0,2072981867.3225002,61546622.180999994,XLF,IYF,Financials
2020-07-08,3.142858338444285,5.393627546352362,23.17,220.0,0.010467,0.00622,0.0,0.0,0.010466637592673474,0.0062202707647274055,0.0,0.004246366827946068,53046101.0,146805.0,2012963602.4815,53533466.973,XLF,IYF,Financials
2020-07-09,3.121483478859551,5.376111393988057,22.68,216.18,-0.021148,-0.017364,0.0,0.0,-0.02114803625377655,-0.017363636363636362,0.0,-0.003784399890140188,71163738.0,150266.0,1954049075.4500003,52611544.934999995,XLF,IYF,Financials
2020-07-10,3.1552968432253294,5.398976849647214,23.46,221.18,0.034392,0.023129,0.0,0.0,0.03439153439153439,0.023128874086409474,0.0,0.011262660305124916,94440587.0,184697.0,1795228534.9445,47928879.295,XLF,IYF,Financials
2020-07-13,3.159550358783386,5.395625549015034,23.56,220.44,0.004263,-0.003346,0.0,0.0,0.004262574595055414,-0.0033456912921602314,0.0,0.007608265887215645,102487105.0,197347.0,1764038609.4970002,46817962.357,XLF,IYF,Financials
2020-07-14,3.164630810015805,5.404657402319363,23.68,222.44,0.005093,0.009073,0.0,0.0,0.0050933786078098476,0.009072763563781528,0.0,-0.00397938495597168,102468252.0,187062.0,1773657902.521,45791988.125,XLF,IYF,Financials
2020-07-15,3.184284380098582,5.42371577594237,24.15,226.72,0.019848,0.019241,0.0,0.0,0.019847972972972857,0.01924114367919439,0.0,0.0006068292937784665,90561776.0,179105.0,1750346470.837,44883730.061000004,XLF,IYF,Financials
2020-07-16,3.184284380098582,5.419295293100939,24.15,225.72,0.0,-0.004411,0.0,0.0,0.0,-0.004410726887791108,0.0,0.004410726887791108,74678528.0,124266.0,1772457015.9595,44138844.12100001,XLF,IYF,Financials
2020-07-17,3.175968323856924,5.41761037273602,23.95,225.34,-0.008282,-0.001684,0.0,0.0,-0.008281573498964691,-0.0016835016835016834,0.0,-0.0065980718154630075,47033680.0,142164.0,1754903636.0555,44286666.105000004,XLF,IYF,Financials
2020-07-20,3.171364842197149,5.414142932053627,23.84,224.56,-0.004593,-0.003461,0.0,0.0,-0.004592901878914405,-0.003461436052187805,0.0,-0.0011314658267265998,40127636.0,119253.0,1682950993.6745,43116569.925,XLF,IYF,Financials
2020-07-21,3.1908877883280318,5.4258306868469965,24.31,227.2,0.019715,0.011756,0.0,0.0,0.01971476510067114,0.011756323477021732,0.0,0.007958441623649408,46494919.0,107754.0,1682645145.469,42091627.299,XLF,IYF,Financials
2020-07-22,3.1908877883280318,5.430572945668508,24.31,228.28,0.0,0.004754,0.0,0.0,0.0,0.004753521126760563,0.0,-0.004753521126760563,44437369.0,104404.0,1680421021.8585,41997148.534,XLF,IYF,Financials
2020-07-23,3.1917101567954314,5.429871806288338,24.33,228.12,0.000823,-0.000701,0.0,0.0,0.0008227067050595334,-0.0007008936393902226,0.0,0.001523600344449756,49916070.0,177629.0,1637483966.4045,37976013.736,XLF,IYF,Financials
2020-07-24,3.18924101973851,5.424597532458367,24.27,226.92,-0.002466,-0.00526,0.0,0.0,-0.0024660912453759666,-0.0052603892688058915,0.0,0.002794298023429925,41245574.0,79686.0,1557544025.7235,36023080.611999996,XLF,IYF,Financials
2020-07-27,3.1809662517949806,5.422126652274323,24.07,226.36,-0.008241,-0.002468,0.0,0.0,-0.008240626287597858,-0.0024678300722721664,0.0,-0.0057727962153256915,43060247.0,102270.0,1469417159.412,33528645.4,XLF,IYF,Financials
2020-07-28,3.178470410233162,5.423803986589452,24.01,226.74,-0.002493,0.001679,0.0,0.0,-0.0024927295388449213,0.0016787418271779467,0.0,-0.004171471366022868,35370511.0,77312.0,1432993735.1795,32028337.060000002,XLF,IYF,Financials
2020-07-29,3.1970391302590264,5.443283136798223,24.46,231.2,0.018742,0.01967,0.0,0.0,0.018742190753852445,0.01967010673017553,0.0,-0.0009279159763230863,36491582.0,77964.0,1407447336.8185,31257631.644000005,XLF,IYF,Financials
2020-07-30,3.1788868166518376,5.429433344405574,24.02,228.02,-0.017989,-0.013754,0.0,0.0,-0.017988552739165987,-0.013754325259515572,0.0,-0.004234227479650415,53994587.0,127309.0,1402901016.9395,30900847.183,XLF,IYF,Financials
2020-07-31,3.1793030497483774,5.427062322438599,24.03,227.48,0.000416,-0.002368,478197000.0,-11374000.0,0.02905329894470872,-0.0066134549600912204,489571000.0,0.03566675390479994,50186863.0,147263.0,1404808658.921,30350680.632,XLF,IYF,Financials
2020-08-03,3.1822118404966093,5.426006727688926,24.1,227.24,0.002913,-0.001055,0.0,0.0,0.002913025384935497,-0.0010550378055213644,0.0,0.003968063190456861,42985843.0,122323.0,1386058524.5545,29883520.266000003,XLF,IYF,Financials
2020-08-04,3.1780538303479458,5.427062322438599,24.0,227.48,-0.004149,0.001056,0.0,0.0,-0.004149377593360996,0.0010561520859003696,0.0,-0.0052055296792613654,30754518.0,90144.0,1372734743.572,29733540.666,XLF,IYF,Financials
2020-08-05,3.1917101567954314,5.439295959807609,24.33,230.28,0.01375,0.012309,0.0,0.0,0.01375,0.012308774397749253,0.0,0.0014412256022507466,34866481.0,151513.0,1353695909.7,29863206.348,XLF,IYF,Financials
2020-08-06,3.1912990570979662,5.440250862436703,24.32,230.5,-0.000411,0.000955,0.0,0.0,-0.0004110152075626798,0.0009553586937641132,0.0,-0.001366373901326793,33115354.0,65463.0,1313264501.2719998,28993442.229000002,XLF,IYF,Financials
2020-08-07,3.212455257065278,5.456004642383631,24.84,234.16,0.021382,0.015879,0.0,0.0,0.02138157894736842,0.015878524945770064,0.0,0.005503054001598357,63302841.0,124480.0,1281107821.243,28408289.946,XLF,IYF,Financials
2020-08-10,3.219675505038765,5.461031277035783,25.02,235.34,0.007246,0.005039,0.0,0.0,0.007246376811594203,0.005039289374786471,0.0,0.0022070874368077323,45436106.0,96443.0,1217218580.159,27367976.093000002,XLF,IYF,Financials
2020-08-11,3.2311995745570328,5.466455478825517,25.31,236.62,0.011591,0.005439,0.0,0.0,0.011590727418065548,0.005438939406815671,0.0,0.006151788011249877,73758559.0,495467.0,1189237626.2055001,31149342.606,XLF,IYF,Financials
2020-08-12,3.228430037673012,5.46713143998349,25.24,236.78,-0.002766,0.000676,0.0,0.0,-0.002765705254839984,0.0006761896712027724,0.0,-0.0034418949260427564,58794997.0,117521.0,1154083567.8995,30510339.445,XLF,IYF,Financials
2020-08-13,3.22207071576472,5.460096022110662,25.08,235.12,-0.006339,-0.007011,0.0,0.0,-0.006339144215530904,-0.00701072725736971,0.0,0.0006715830418388066,35222516.0,117214.0,1108078280.4035,30485841.152999997,XLF,IYF,Financials
2020-08-14,3.2260500286162013,5.4608612957333165,25.18,235.3,0.003987,0.000766,0.0,0.0,0.003987240829346092,0.000765566519224226,0.0,0.0032216743101218664,28276928.0,107345.0,1087356100.9555001,30146993.29,XLF,IYF,Financials
2020-08-17,3.2092294478163956,5.454466049037968,24.76,233.8,-0.01668,-0.006375,0.0,0.0,-0.016679904686258934,-0.006374840628984276,0.0,-0.010305064057274658,53396992.0,123359.0,1105629434.9395,30250087.316000003,XLF,IYF,Financials
2020-08-18,3.202746442938317,5.449320240084564,24.6,232.6,-0.006462,-0.005133,0.0,0.0,-0.006462035541195477,-0.0051325919589392645,0.0,-0.0013294435822562125,35502548.0,470602.0,1092782994.935,34499103.136,XLF,IYF,Financials
2020-08-19,3.202339856228101,5.4452707795042,24.59,231.66,-0.000407,-0.004041,0.0,0.0,-0.0004065040650406504,-0.004041272570937231,0.0,0.0036347685058965807,59847178.0,579263.0,1112351478.2665,40017039.209,XLF,IYF,Financials
2020-08-20,3.192942442841696,5.44293705615798,24.36,231.12,-0.009353,-0.002331,0.0,0.0,-0.009353395689304595,-0.002331002331002331,0.0,-0.007022393358302264,45586098.0,144776.0,1107152446.4754999,39664034.291,XLF,IYF,Financials
2020-08-21,3.1908877883280318,5.441464875766521,24.31,230.78,-0.002053,-0.001471,0.0,0.0,-0.002052545155993432,-0.0014710972654897888,0.0,-0.0005814478905036432,35349229.0,77632.0,1100067930.2759998,39655712.583000004,XLF,IYF,Financials
2020-08-24,3.2144661163795005,5.460010955546024,24.89,235.1,0.023859,0.018719,0.0,0.0,0.02385849444672974,0.018719126440766096,0.0,0.005139368005963645,51010918.0,78571.0,1111728010.4625,39421822.828,XLF,IYF,Financials
2020-08-25,3.217274543501227,5.4628991668639815,24.96,235.78,0.002812,0.002892,0.0,0.0,0.002812374447569305,0.00289238621863037,0.0,-8.001177106106531e-05,55236875.0,89589.0,1138201332.007,39601501.405,XLF,IYF,Financials
2020-08-26,3.212455257065278,5.458989591936935,24.84,234.86,-0.004808,-0.003902,0.0,0.0,-0.004807692307692308,-0.0039019424887607092,0.0,-0.0009057498189315987,30646631.0,441381.0,1131635242.9229999,43883374.647999994,XLF,IYF,Financials
2020-08-27,3.229222116922345,5.473446452760487,25.26,238.28,0.016908,0.014562,0.0,0.0,0.016908212560386472,0.014561866643958104,0.0,0.0023463459164283686,66463903.0,216430.0,1150731653.425,45010471.758999996,XLF,IYF,Financials
2020-08-28,3.233173129569025,5.480638923341991,25.36,240.0,0.003959,0.007218,0.0,0.0,0.00395882818685669,0.007218398522746349,0.0,-0.003259570335889659,49170562.0,90492.0,1152780410.1465,44421406.397,XLF,IYF,Financials
2020-08-31,3.221272949467922,5.468313273651354,25.06,237.06,-0.01183,-0.01225,613970000.0,-47412000.0,0.02202623118858069,-0.029134615384615384,661382000.0,0.05116084657319607,52259043.0,371302.0,1166463050.2105,47432615.077,XLF,IYF,Financials
2020-09-01,3.2240623515555007,5.470167623474696,25.13,237.5,0.002793,0.001856,0.0,0.0,0.002793296089385475,0.0018560701932000337,0.0,0.0009372258961854413,42040016.0,475730.0,1182380908.7145,52056610.971,XLF,IYF,Financials
2020-09-02,3.238286218388024,5.484962894822046,25.49,241.04,0.014326,0.014905,0.0,0.0,0.01432550736171906,0.014905263157894737,0.0,-0.000579755796175677,48432545.0,181324.0,1201693113.1805,52497407.137,XLF,IYF,Financials
2020-09-03,3.2228678461377385,5.467975749388594,25.1,236.98,-0.0153,-0.016844,0.0,0.0,-0.015300117693213025,-0.01684367739794225,0.0,0.0015435597047292245,98405467.0,603892.0,1284923703.8015,58898462.370000005,XLF,IYF,Financials
2020-09-04,3.2304090606818736,5.4681445257603025,25.29,237.02,0.00757,0.000169,0.0,0.0,0.007569721115537849,0.00016879061524179256,0.0,0.007400930500296056,111105512.0,171025.0,1346794495.2035,59467867.80500001,XLF,IYF,Financials
2020-09-08,3.204371138665319,5.444925386184127,24.64,231.58,-0.025702,-0.022952,0.0,0.0,-0.025701858442071967,-0.022951649649818582,0.0,-0.002750208792253385,84687637.0,699575.0,1394289095.3815,66433401.949,XLF,IYF,Financials
2020-09-09,3.2144661163795005,5.45660234551375,24.89,234.3,0.010146,0.011745,0.0,0.0,0.010146103896103896,0.011745401157267467,0.0,-0.0015992972611635712,52321186.0,102784.0,1366061354.9439998,61775646.432000004,XLF,IYF,Financials
2020-09-10,3.2003044392827653,5.44077133434297,24.54,230.62,-0.014062,-0.015706,0.0,0.0,-0.014061872237846525,-0.0157063593683312,0.0,0.0016444871304846734,55515302.0,222011.0,1359979344.284,62944324.15400001,XLF,IYF,Financials
2020-09-11,3.2072080200005186,5.443196627866121,24.71,231.18,0.006927,0.002428,0.0,0.0,0.0069274653626731865,0.002428236926545833,0.0,0.004499228436127354,69285693.0,197702.0,1401412782.9215,63851593.788,XLF,IYF,Financials
2020-09-14,3.2208738275308737,5.46077629424574,25.05,235.28,0.01376,0.017735,0.0,0.0,0.013759611493322542,0.01773509819188511,0.0,-0.0039754866985625675,51020975.0,92652.0,1429715901.757,63678637.99100001,XLF,IYF,Financials
2020-09-15,3.2072080200005186,5.455662937271814,24.71,234.08,-0.013573,-0.0051,0.0,0.0,-0.013572854291417165,-0.0051003060183611015,0.0,-0.008472548273056064,48459911.0,82394.0,1423482645.7015,63200910.657000005,XLF,IYF,Financials
2020-09-16,3.218475744846861,5.465017542439035,24.99,236.28,0.011332,0.009398,0.0,0.0,0.0113314447592068,0.009398496240601503,0.0,0.0019329485186052962,62122241.0,681162.0,1457436251.791,65775057.265,XLF,IYF,Financials
2020-09-17,3.208017081533325,5.453353368647568,24.73,233.54,-0.010404,-0.011596,0.0,0.0,-0.010404161664665866,-0.01159641103775182,0.0,0.0011922493730859539,47334182.0,184562.0,1442382862.483,61220584.410000004,XLF,IYF,Financials
2020-09-18,3.205993199037187,5.445529746228424,24.68,231.72,-0.002022,-0.007793,0.0,0.0,-0.0020218358269308533,-0.007793097542176929,0.0,0.005771261715246076,61707172.0,123941.0,1463005645.367,60983533.379999995,XLF,IYF,Financials
2020-09-21,3.175132901920282,5.418852168176774,23.93,225.62,-0.024908,-0.026325,0.0,0.0,-0.030388978930307942,-0.026324874848955637,0.0,-0.004064104081352306,72307333.0,501008.0,1506554381.452,65739608.980000004,XLF,IYF,Financials
2020-09-22,3.166740070447672,5.417965328813932,23.73,225.42,-0.008358,-0.000886,0.0,0.0,-0.008357709987463435,-0.0008864462370357238,0.0,-0.007471263750427712,84561453.0,349756.0,1543403457.9855,68758106.751,XLF,IYF,Financials
2020-09-23,3.1441522786722644,5.388523634434185,23.2,218.88,-0.022335,-0.023663,0.0,0.0,-0.022334597555836493,-0.029012509981368114,0.0,0.0066779124255316215,54282517.0,385546.0,1537435557.7055001,71921357.45400001,XLF,IYF,Financials
2020-09-24,3.1463051320333655,5.390714215814004,23.25,219.36,0.002155,0.002193,0.0,0.0,0.0021551724137931034,0.0021929824561403508,0.0,-3.781004234724734e-05,56512283.0,264388.0,1565067970.991,69638027.95500001,XLF,IYF,Financials
2020-09-25,3.1565747986708215,5.40357787720553,23.49,222.2,0.010323,0.012947,0.0,0.0,0.01032258064516129,0.012946754194018964,0.0,-0.0026241735488576733,46026552.0,190627.0,1535182246.826,69177346.905,XLF,IYF,Financials
2020-09-28,3.1801349965517702,5.426358716428921,24.05,227.32,0.02384,0.023042,0.0,0.0,0.023839931885908897,0.02304230423042304,0.0,0.0007976276554858552,62803502.0,116803.0,1548355185.365,69419025.803,XLF,IYF,Financials
2020-09-29,3.1675825304806504,5.415833699975876,23.75,224.94,-0.012474,-0.01047,0.0,0.0,-0.012474012474012475,-0.010469822276966391,0.0,-0.0020041901970460838,53262964.0,89586.0,1546124374.236,66025556.93900001,XLF,IYF,Financials
2020-09-30,3.1809662517949806,5.424773790500596,24.07,226.96,0.013474,0.00898,-1067504500.0,-113480000.0,-0.04729951990082766,-0.03488853066131645,-954024500.0,-0.012410989239511214,66732154.0,159435.0,1573613241.471,62185531.569000006,XLF,IYF,Financials
2020-10-01,3.1826266921930797,5.4326734190471155,24.11,228.76,0.001662,0.007931,0.0,0.0,0.0016618196925633569,0.007930912936200211,0.0,-0.0062690932436368545,65766067.0,132418.0,1591166956.6369998,61514811.80500001,XLF,IYF,Financials
2020-10-02,3.190476350346503,5.4412048540965845,24.3,230.72,0.00788,0.008568,0.0,0.0,0.007880547490667772,0.008567931456548347,0.0,-0.0006873839658805749,63368423.0,184810.0,1544660729.497,56491263.65699999,XLF,IYF,Financials
2020-10-05,3.2068032436339315,5.455321115357702,24.7,234.0,0.016461,0.014216,0.0,0.0,0.01646090534979424,0.014216366158113732,0.0,0.0022445391916805085,58911741.0,184812.0,1476923809.708,56626746.78199999,XLF,IYF,Financials
2020-10-06,3.196630215920881,5.445961208460599,24.45,231.82,-0.010122,-0.009316,0.0,0.0,-0.010121457489878543,-0.009316239316239316,0.0,-0.0008052181736392262,88404884.0,136892.0,1480663611.6139998,50113083.029,XLF,IYF,Financials
2020-10-07,3.213260086082565,5.458308102856978,24.86,234.7,0.016769,0.012423,0.0,0.0,0.016768916155419224,0.012423431973082565,0.0,0.00434548418233666,53815232.0,179021.0,1482442229.013,51009779.904,XLF,IYF,Financials
2020-10-08,3.2268439945173775,5.471598178689843,25.2,237.84,0.013677,0.013379,0.0,0.0,0.013676588897827836,0.013378781423093311,0.0,0.0002978074747345249,57646316.0,123672.0,1486959311.619,49920478.487,XLF,IYF,Financials
2020-10-09,3.2280337626529665,5.473110656921199,25.23,238.2,0.00119,0.001514,0.0,0.0,0.0011904761904761906,0.0015136226034308778,0.0,-0.0003231464129546872,52036858.0,140533.0,1467001334.2845001,49308989.099,XLF,IYF,Financials
2020-10-12,3.23907053215372,5.481138798383642,25.51,240.12,0.011098,0.00806,0.0,0.0,0.01109789932619897,0.008060453400503778,0.0,0.003037445925695192,45931404.0,101615.0,1461683068.899,49439020.661,XLF,IYF,Financials
2020-10-13,3.219675505038765,5.4648482374356675,25.02,236.24,-0.019208,-0.016159,0.0,0.0,-0.01920815366522932,-0.016158587372980177,0.0,-0.003049566292249145,60377774.0,497025.0,1477343444.1325002,54345540.585,XLF,IYF,Financials
2020-10-14,3.2100368762009963,5.454722645712173,24.78,233.86,-0.009592,-0.010075,0.0,0.0,-0.009592326139088728,-0.010074500507958009,0.0,0.00048217436886928075,49035086.0,177593.0,1460476175.557,48374887.666,XLF,IYF,Financials
2020-10-15,3.217675104291682,5.459415286890365,24.97,234.96,0.007667,0.004704,0.0,0.0,0.007667473769168685,0.004703668861712135,0.0,0.0029638049074565496,41640087.0,232795.0,1453935108.1334999,48954632.852,XLF,IYF,Financials
2020-10-16,3.218475744846861,5.45933016239574,24.99,234.94,0.000801,-8.5e-05,0.0,0.0,0.0008009611533840609,-8.512087163772556e-05,0.0,0.0008860820250217865,40103579.0,132131.0,1427897879.846,49070795.28300001,XLF,IYF,Financials
2020-10-19,3.2031528644029645,5.443629097708091,24.61,231.28,-0.015206,-0.015579,0.0,0.0,-0.01520608243297319,-0.015578445560568656,0.0,0.000372363127595466,42989046.0,151205.0,1394280177.0145001,45167458.655,XLF,IYF,Financials
2020-10-20,3.21124679770371,5.450351522403535,24.81,232.84,0.008127,0.006745,0.0,0.0,0.008126777732629013,0.00674507090971982,0.0,0.001381706822909193,67293885.0,112886.0,1377426077.3725,42539577.591000006,XLF,IYF,Financials
2020-10-21,3.205993199037187,5.448201816085329,24.68,232.34,-0.00524,-0.002147,0.0,0.0,-0.005239822652156389,-0.0021473973544064596,0.0,-0.003092425297749929,44307200.0,110531.0,1369133442.4524999,39604200.794,XLF,IYF,Financials
2020-10-22,3.2256528091472245,5.458904431195985,25.17,234.84,0.019854,0.01076,0.0,0.0,0.01985413290113452,0.010760092967203237,0.0,0.009094039933931285,39511826.0,105544.0,1353163546.486,37943690.858,XLF,IYF,Financials
2020-10-23,3.228826155721369,5.463407986413629,25.25,235.9,0.003178,0.004514,0.0,0.0,0.0031783869686134287,0.004513711463123829,0.0,-0.0013353244945104007,45092704.0,97979.0,1356034899.9620001,36981487.193,XLF,IYF,Financials
2020-10-26,3.205993199037187,5.441811466186766,24.68,230.86,-0.022574,-0.021365,0.0,0.0,-0.022574257425742573,-0.021364985163204748,0.0,-0.0012092722625378256,53980959.0,139004.0,1347126192.2129998,37258427.467,XLF,IYF,Financials
2020-10-27,3.1875915348284343,5.423892189456103,24.23,226.76,-0.018233,-0.01776,0.0,0.0,-0.018233387358184763,-0.017759681192064454,0.0,-0.0004737061661203093,46083326.0,127469.0,1339706371.912,37696097.247,XLF,IYF,Financials
2020-10-28,3.1616703510974213,5.394627046685445,23.61,220.22,-0.025588,-0.028841,0.0,0.0,-0.025588113908378042,-0.028841065443640852,0.0,0.0032529515352628102,89288268.0,213956.0,1364799024.947,38242698.383,XLF,IYF,Financials
2020-10-29,3.1692653243148663,5.404747310163883,23.79,222.46,0.007624,0.010172,0.0,0.0,0.007623888182973317,0.010171646535282899,0.0,-0.0025477583523095823,60908418.0,179304.0,1357968594.3895001,38722499.691,XLF,IYF,Financials
2020-10-30,3.17220341666977,5.403307813738974,23.86,222.14,0.002942,-0.001438,644220000.0,-77749000.0,0.041891912803676545,-0.03321087345631084,721969000.0,0.07510278625998738,66227901.0,112200.0,1359985846.3375,37836736.931,XLF,IYF,Financials
2020-11-02,3.1908877883280318,5.42371577594237,24.31,226.72,0.01886,0.020618,0.0,0.0,0.018860016764459347,0.020617628522553343,0.0,-0.0017576117580939965,65135953.0,116434.0,1366402597.074,36994332.355000004,XLF,IYF,Financials
2020-11-03,3.2128577525426376,5.443629097708091,24.85,231.28,0.022213,0.020113,0.0,0.0,0.02221308103661045,0.020112914608327453,0.0,0.0021001664282829964,79834178.0,103679.0,1357521592.549,36606561.139000006,XLF,IYF,Financials
2020-11-04,3.2011191032789417,5.441031468747212,24.56,230.68,-0.01167,-0.002594,0.0,0.0,-0.011670020120724347,-0.002594258042199931,0.0,-0.009075762078524416,87397396.0,154846.0,1397953261.461,36291743.468,XLF,IYF,Financials
2020-11-05,3.22525543183224,5.460691285532295,25.16,235.26,0.02443,0.019854,0.0,0.0,0.024429967426710098,0.019854343679556095,0.0,0.004575623747154003,65942296.0,141586.0,1408274311.669,36486512.162,XLF,IYF,Financials
2020-11-06,3.217274543501227,5.452839405984207,24.96,233.42,-0.007949,-0.007821,0.0,0.0,-0.00794912559618442,-0.007821134064439343,0.0,-0.00012799153174507596,60783529.0,55966.0,1418487659.494,35465943.318,XLF,IYF,Financials
2020-11-09,3.2962071678045244,5.518095260385945,27.01,249.16,0.082132,0.067432,0.0,0.0,0.08213141025641026,0.06743209664981578,0.0,0.014699313606594475,162966803.0,502027.0,1579988821.1435,40500205.994,XLF,IYF,Financials
2020-11-10,3.3013770463799443,5.525771613449331,27.15,251.08,0.005183,0.007706,0.0,0.0,0.00518326545723806,0.007705891796436025,0.0,-0.002522626339197965,85851219.0,214020.0,1620999255.662,37316153.774000004,XLF,IYF,Financials
2020-11-11,3.2973172511747633,5.522580291130163,27.04,250.28,-0.004052,-0.003186,0.0,0.0,-0.004051565377532229,-0.003186235462800701,0.0,-0.0008653299147315277,65062441.0,123861.0,1648209204.34,36789555.37899999,XLF,IYF,Financials
2020-11-12,3.2805352052549286,5.506550305126492,26.59,246.3,-0.016642,-0.015902,0.0,0.0,-0.01664201183431953,-0.015902189547706568,0.0,-0.0007398222866129602,62749613.0,117057.0,1679647166.204,35496236.673999995,XLF,IYF,Financials
2020-11-13,3.2969473602883563,5.524735550395904,27.03,250.82,0.016548,0.018352,0.0,0.0,0.016547574276043624,0.018351603735282176,0.0,-0.001804029459238552,45051630.0,88170.0,1690425022.1885,35049833.78699999,XLF,IYF,Financials
2020-11-16,3.318902138935325,5.543691966703569,27.63,255.62,0.022198,0.019137,0.0,0.0,0.022197558268590455,0.019137229885974005,0.0,0.00306032838261645,67556101.0,462167.0,1730855754.617,39208255.594,XLF,IYF,Financials
2020-11-17,3.3174533882291946,5.541263545158426,27.59,255.0,-0.001448,-0.002425,0.0,0.0,-0.0014477017734346724,-0.002425475314920585,0.0,0.0009777735414859127,63679673.0,92104.0,1735223799.1780002,39068362.782,XLF,IYF,Financials
2020-11-18,3.3079849999399764,5.5300638066695145,27.33,252.16,-0.009424,-0.011137,0.0,0.0,-0.009423704240666908,-0.011137254901960785,0.0,0.0017135506612938767,71578423.0,110422.0,1778360629.4075,39176524.731,XLF,IYF,Financials
2020-11-19,3.3112726741341683,5.531728030218024,27.42,252.58,0.003293,0.001666,0.0,0.0,0.003293084522502744,0.0016656091370558376,0.0,0.0016274753854469066,47194764.0,64736.0,1793339017.8305001,38754778.026999995,XLF,IYF,Financials
2020-11-20,3.3024814087229974,5.52321937087711,27.18,250.44,-0.008753,-0.008473,0.0,0.0,-0.0087527352297593,-0.008472563148309447,0.0,-0.0002801720814498525,39976918.0,80135.0,1790738110.5925002,38602566.191999994,XLF,IYF,Financials
2020-11-23,3.3210713371828704,5.53670414727494,27.69,253.84,0.018764,0.013576,0.0,0.0,0.018763796909492272,0.013576106053346111,0.0,0.005187690856146161,51870485.0,70364.0,1795940293.6690001,37891102.908,XLF,IYF,Financials
2020-11-24,3.3555024224000256,5.561757974626783,28.66,260.28,0.035031,0.02537,0.0,0.0,0.03503069700252799,0.025370312007563643,0.0,0.009660384994964348,60991150.0,77438.0,1827510662.1699996,37453637.51799999,XLF,IYF,Financials
2020-11-25,3.3520071374713836,5.559604127640286,28.56,259.72,-0.003489,-0.002152,0.0,0.0,-0.0034891835310537334,-0.0021515291224831357,0.0,-0.0013376544085705977,45204616.0,60089.0,1786658053.4440002,35878083.756,XLF,IYF,Financials
2020-11-27,3.3488509012899463,5.556441886757492,28.47,258.9,-0.003151,-0.003157,0.0,0.0,-0.0031512605042016808,-0.0031572462652090304,0.0,5.985761007349603e-06,26981175.0,44707.0,1752615192.8455002,34462417.478999995,XLF,IYF,Financials
2020-11-30,3.327909585892323,5.53992932214529,27.88,254.66,-0.020724,-0.016377,2164882000.0,25466000.0,0.08456039299640829,-0.0071410826229423244,2139416000.0,0.09170147561935062,72524240.0,295519.0,1774704097.5125,36979055.506,XLF,IYF,Financials
2020-12-01,3.343215099123808,5.553579547743706,28.31,258.16,0.015423,0.013744,0.0,0.0,0.015423242467718794,0.01374381528312277,0.0,0.001679427184596025,53977316.0,138985.0,1771936237.439,37453178.062,XLF,IYF,Financials
2020-12-02,3.3541057741283047,5.558448447007582,28.62,259.42002,0.01095,0.004881,0.0,0.0,0.01095019427764041,0.004880771614502634,0.0,0.006069422663137777,57471766.0,104919.0,1754984368.42,37615138.559919,XLF,IYF,Financials
2020-12-03,3.354455119110024,5.559835118979138,28.63,259.78,0.000349,0.001388,0.0,0.0,0.00034940600978336826,0.00138763384568358,0.0,-0.0010382278359002115,49566017.0,97213.0,1718614119.4675,37091844.452919,XLF,IYF,Financials
2020-12-04,3.3666059368925363,5.573597856282074,28.98,263.38,0.012225,0.013858,0.0,0.0,0.012224938875305624,0.01385787974439928,0.0,-0.0016329408690936558,52713126.0,71327.0,1712040030.6735,36365673.597919,XLF,IYF,Financials
2020-12-07,3.359680701459222,4.180675151973121,28.78,65.41,-0.006901,-0.006606,0.0,703157500.0,-0.006901311249137336,-0.5033032120889969,-703157500.0,0.4964019008398595,34631598.0,174452.0,1686017056.0035,36283039.67791899,XLF,IYF,Financials
2020-12-08,3.3593331775634567,4.178685710655851,28.77,65.28,-0.000347,-0.001988,0.0,0.0,-0.00034746351633078526,-0.0019874636905671916,0.0,0.0016400001742364063,31628548.0,354874.0,1511428054.85,31187096.047918998,XLF,IYF,Financials
2020-12-09,3.3568971227655755,4.175463613506893,28.7,65.07,-0.002433,-0.003217,0.0,0.0,-0.0024330900243309003,-0.003216911764706052,0.0,0.0007838217403751519,47589551.0,104369.0,1463176030.7425,28839853.509419,XLF,IYF,Financials
2020-12-10,3.3586377672433594,4.174694914875759,28.75,65.02,0.001742,-0.000768,0.0,0.0,0.0017421602787456446,-0.0007684032580296437,0.0,0.0025105635367752882,41298302.0,72297.0,1434577919.6355002,27524894.502419002,XLF,IYF,Financials
2020-12-11,3.3484995926617063,4.167904765330129,28.46,64.58,-0.010087,-0.006767,0.0,0.0,-0.01008695652173913,-0.00676714856967087,0.0,-0.0033198079520682603,48216339.0,317303.0,1419764159.549,27107908.934419,XLF,IYF,Financials
2020-12-14,3.3368366225017656,4.155909917880256,28.13,63.81,-0.011595,-0.00791,0.0,0.0,-0.011595221363316937,-0.011923196035924434,0.0,0.00032797467260749745,38302861.0,136236.0,1412749855.6005,26436829.922419,XLF,IYF,Financials
2020-12-15,3.3537563070620187,4.171768459186905,28.61,64.83,0.017064,0.015985,0.0,0.0,0.017063633131887666,0.015984955336154207,0.0,0.0010786777957334584,38637134.0,98142.0,1374691522.256,20848000.788419,XLF,IYF,Financials
2020-12-16,3.3555024224000256,4.173771695853422,28.66,64.96,0.001748,0.002005,0.0,0.0,0.0017476406850751485,0.002005244485577494,0.0,-0.0002576038005023453,55602812.0,144437.0,1366524242.9485002,20142806.164419,XLF,IYF,Financials
2020-12-17,3.358289880650879,4.178838885198542,28.74,65.29,0.002791,0.00508,0.0,0.0,0.0027913468248429866,0.005080049261084086,0.0,-0.0022887024362410998,38510854.0,80216.0,1324052425.117,19012470.720418997,XLF,IYF,Financials
2020-12-18,3.3495531485098167,4.169452034708907,28.49,64.68,-0.008699,-0.009343,0.0,0.0,-0.008698677800974252,-0.009342931536223004,0.0,0.0006442537352487517,56080100.0,103466.0,1339234506.123,18529528.820419,XLF,IYF,Financials
2020-12-21,3.3575937441800234,4.174541104216377,28.72,65.01,0.013409,0.005102,0.0,0.0,0.008073008073008073,0.0051020408163263585,0.0,0.0029709672566817147,77688103.0,223775.0,1396465990.469,18253458.987918995,XLF,IYF,Financials
2020-12-22,3.34779660493504,4.169142772297287,28.44,64.66,-0.009749,-0.005384,0.0,0.0,-0.009749303621169917,-0.005383787109675435,0.0,-0.004365516511494482,42342404.0,125589.0,1384862202.4745002,17766428.336919,XLF,IYF,Financials
2020-12-23,3.364187556028255,4.17638527255831,28.91,65.13,0.016526,0.007269,0.0,0.0,0.016526019690576654,0.00726879059696876,0.0,0.009257229093607895,52681434.0,207649.0,1373612897.3715,17434859.173419,XLF,IYF,Financials
2020-12-24,3.3655702040190043,4.180675151973121,28.95,65.41,0.001384,0.004299,0.0,0.0,0.0013836042891732965,0.004299094119453401,0.0,-0.0029154898302801045,16071006.0,55897.0,1332323486.9085002,16837354.557919003,XLF,IYF,Financials
2020-12-28,3.3703944725071104,4.188896879163323,29.09,65.95,0.004836,0.008256,0.0,0.0,0.004835924006908463,0.00825561840697141,0.0,-0.003419694400062948,32824848.0,79795.0,1341659525.7120001,16521746.455418998,XLF,IYF,Financials
2020-12-29,3.3669509429335642,4.185403293169068,28.99,65.72,-0.003438,-0.003487,0.0,0.0,-0.0034376074252320385,-0.0034874905231235785,0.0,4.988309789154006e-05,23607011.0,139786.0,1274779097.5965,13218239.824419,XLF,IYF,Financials
2020-12-30,3.3714252233284854,4.191017449482361,29.12,66.09,0.004484,0.00563,0.0,0.0,0.004484304932735426,0.005629945222154595,0.0,-0.001145640289419169,16616701.0,90786.0,1222568123.4545,11724223.781419,XLF,IYF,Financials
2020-12-31,3.383712067321136,4.201253877869777,29.48,66.77,0.012363,0.010289,1158564000.0,-3338500.0,0.06210148014619227,0.007939490546717479,1161902500.0,0.05416198959947479,26239297.0,87622.0,1179002750.0865,10655845.374499999,XLF,IYF,Financials
2021-01-04,3.3700506526653187,4.185707568236073,29.08,65.74,-0.013569,-0.015426,0.0,0.0,-0.013568521031207599,-0.01542608956118017,0.0,0.0018575685299725714,47086344.0,2151633.0,1176512540.927,16465563.3885,XLF,IYF,Financials
2021-01-05,3.3745111163996495,4.185859671057874,29.21,65.75,0.00447,0.000152,0.0,0.0,0.004470426409903714,0.000152114390021296,0.0,0.004318312019882418,35265353.0,269549.0,1151636269.4095001,16412400.463,XLF,IYF,Financials
2021-01-06,3.417726683613366,4.2153815572649345,30.5,67.72,0.044163,0.029962,0.0,0.0,0.04416295789113318,0.029961977186311786,0.0,0.01420098070482139,102254861.0,494646.0,1257740062.9125,17516726.553,XLF,IYF,Financials
2021-01-07,3.43204984514492,4.226395693132972,30.94,68.47,0.014426,0.011075,0.0,0.0,0.014426229508196721,0.011075014766686356,0.0,0.003351214741510365,64342738.0,587393.0,1311780612.3005,18369357.752499998,XLF,IYF,Financials
2021-01-08,3.4314032237192214,4.2271256734559195,30.92,68.52,-0.000646,0.00073,0.0,0.0,-0.0006464124111182935,0.0007302468234263181,0.0,-0.0013766592345446115,54266408.0,241252.0,1327385473.3834999,18856322.563,XLF,IYF,Financials
2021-01-11,3.4346321577483927,4.225665179549459,31.02,68.42,0.003234,-0.001459,0.0,0.0,0.003234152652005175,-0.0014594279042615295,0.0,0.004693580556266704,56592307.0,268590.0,1355793832.4155,19540131.406,XLF,IYF,Financials
2021-01-12,3.444895236927875,4.2310583855379225,31.34,68.79,0.010316,0.005408,0.0,0.0,0.010315925209542231,0.005407775504238689,0.0,0.004908149705303542,60546586.0,371919.0,1382058482.2805,19794775.4195,XLF,IYF,Financials
2021-01-13,3.4442568711226023,4.233236561088719,31.32,68.94,-0.000638,0.002181,0.0,0.0,-0.0006381620931716656,0.0021805494984734534,0.0,-0.002818711591645119,55394727.0,365859.0,1414933650.766,20621230.4345,XLF,IYF,Financials
2021-01-14,3.4487168976301317,4.233236561088719,31.46,68.94,0.00447,0.0,0.0,0.0,0.004469987228607918,0.0,0.0,0.004469987228607918,49828818.0,919126.0,1438043961.293,23471330.4635,XLF,IYF,Financials
2021-01-15,3.43204984514492,4.223323943478561,30.94,68.26,-0.016529,-0.009864,0.0,0.0,-0.01652892561983471,-0.009863649550333623,0.0,-0.006665276069501088,68732671.0,303476.0,1464694573.734,24037962.675499998,XLF,IYF,Financials
2021-01-19,3.4346321577483927,4.226103551734458,31.02,68.45,0.002586,0.002783,0.0,0.0,0.002585649644473174,0.0027834749487254617,0.0,-0.00019782530425228786,97457189.0,312505.0,1560510576.675,24845645.905999996,XLF,IYF,Financials
2021-01-20,3.43043250693049,4.229894749042985,30.89,68.71,-0.004191,0.003798,0.0,0.0,-0.004190844616376531,0.0037983929875820143,0.0,-0.007989237603958546,55765702.0,230501.0,1566754600.9640002,25302923.0475,XLF,IYF,Financials
2021-01-21,3.4196919642983197,4.221417644785577,30.56,68.13,-0.010683,-0.008441,0.0,0.0,-0.01068306895435416,-0.008441274923591747,0.0,-0.0022417940307624135,43733020.0,162964.0,1522018539.616,25130679.276,XLF,IYF,Financials
2021-01-22,3.4124669739203863,4.2146429502441345,30.34,67.67,-0.007199,-0.006752,0.0,0.0,-0.007198952879581152,-0.006751798033171877,0.0,-0.0004471548464092742,37928042.0,321489.0,1519344480.842,25812408.070499998,XLF,IYF,Financials
2021-01-25,3.405189402931693,4.210793374865347,30.12,67.41,-0.007251,-0.003842,0.0,0.0,-0.007251153592617007,-0.0038421752623023497,0.0,-0.0034089783303146576,68321478.0,321064.0,1546085613.8630002,26218345.314,XLF,IYF,Financials
2021-01-26,3.3971893602646164,4.2078220459818745,29.88,67.21,-0.007968,-0.002967,0.0,0.0,-0.00796812749003984,-0.0029669188547694868,0.0,-0.005001208635270354,55504593.0,221743.0,1605746694.6200001,26780701.527,XLF,IYF,Financials
2021-01-27,3.367295829986474,4.179604406172924,29.0,65.34,-0.029451,-0.027823,0.0,0.0,-0.029451137884872823,-0.027823240589197874,0.0,-0.0016278972956749495,84059225.0,2757413.0,1679888829.454,35526045.785500005,XLF,IYF,Financials
2021-01-28,3.3857452771032337,4.196449785159254,29.54,66.45,0.018621,0.016988,0.0,0.0,0.018620689655172412,0.016988062442607896,0.0,0.0016326272125645157,62985871.0,665902.0,1738700598.4765,37279168.384500004,XLF,IYF,Financials
2021-01-29,3.3655702040190043,4.177459468932607,28.95,65.2,-0.019973,-0.018811,4139850000.0,130400000.0,0.14702506536523785,0.07267500495491466,4009450000.0,0.07435006041032319,78260672.0,682397.0,1827789004.5405,39203780.2675,XLF,IYF,Financials
2021-02-01,3.3786108829893595,4.192831508936755,29.33,66.21,0.013126,0.015491,0.0,0.0,0.013126079447322971,0.015490797546012115,0.0,-0.0023647180986891437,41947408.0,388725.0,1850628154.5945,40198128.333,XLF,IYF,Financials
2021-02-02,3.402529826895934,4.21390379727974,30.04,67.62,0.024207,0.021296,0.0,0.0,0.0242072962836686,0.02129587675577723,0.0,0.002911419527891368,54263012.0,240903.0,1863667654.4424999,33940203.705,XLF,IYF,Financials
2021-02-03,3.4081729953985804,4.2153815572649345,30.21,67.72,0.005659,0.001479,0.0,0.0,0.005659121171770972,0.0014788524105294291,0.0,0.004180268761241543,46195153.0,292810.0,1881940384.9925003,34045516.027499996,XLF,IYF,Financials
2021-02-04,3.4301087251565754,4.2358441244958005,30.88,69.12,0.022178,0.020673,0.0,0.0,0.022178086726249588,0.02067336089781453,0.0,0.0015047258284350586,63061753.0,1427454.0,1823369068.5995002,37303925.6955,XLF,IYF,Financials
2021-02-05,3.43043250693049,4.237434294689934,30.89,69.23,0.000324,0.001591,0.0,0.0,0.0003238341968911917,0.001591435185185185,0.0,-0.0012676009882939933,38461884.0,474056.0,1783235232.7515,36933930.603999995,XLF,IYF,Financials
2021-02-08,3.443298557680791,4.245204117951145,31.29,69.77,0.012949,0.0078,0.0,0.0,0.012949174490126255,0.00780008666762964,0.0,0.005149087822496614,48756260.0,331589.0,1775618534.7535,37264149.4785,XLF,IYF,Financials
2021-02-09,3.4436180975461075,4.247494741715776,31.3,69.93,0.00032,0.002293,0.0,0.0,0.00031959092361776926,0.0022932492475277364,0.0,-0.001973658323909967,33571958.0,163863.0,1740383980.8665001,36918250.068,XLF,IYF,Financials
2021-02-10,3.4436180975461075,4.248495242049359,31.3,70.0,0.0,0.001001,0.0,0.0,0.0,0.0010010010010008555,0.0,-0.0010010010010008555,38899638.0,233800.0,1706385414.0744998,36457334.667500004,XLF,IYF,Financials
2021-02-11,3.4404180948154366,4.249637446628136,31.2,70.08,-0.003195,0.001143,0.0,0.0,-0.003194888178913738,0.001142857142857143,0.0,-0.004337745321770881,31909483.0,316991.0,1669416065.0725,36306955.1585,XLF,IYF,Financials
2021-02-12,3.4506222649896783,4.254903238344689,31.52,70.45,0.010256,0.00528,0.0,0.0,0.010256410256410256,0.005279680365296803,0.0,0.004976729891113453,38271828.0,300357.0,1651351735.2865,34196735.369,XLF,IYF,Financials
2021-02-16,3.467609147181407,4.2642279738954265,32.06,71.11,0.017132,0.009368,0.0,0.0,0.017131979695431596,0.009368346344925478,0.0,0.007763633350506118,71330627.0,318345.0,1659365288.3305001,34292847.4285,XLF,IYF,Financials
2021-02-17,3.472587377748828,4.264930862797635,32.22,71.16,0.004991,0.000703,0.0,0.0,0.004990642545227577,0.0007031359864997891,0.0,0.004287506558727788,60611463.0,326770.0,1605854255.0845,34385946.725999996,XLF,IYF,Financials
2021-02-18,3.466672963621067,4.262116338001324,32.03,70.96,-0.005897,-0.002811,0.0,0.0,-0.005896958410924891,-0.0028105677346825487,0.0,-0.0030863906762423426,45188234.0,242234.0,1592093085.0965,34453506.7725,XLF,IYF,Financials
2021-02-19,3.4784670171534557,4.269277781231888,32.41,71.47,0.011864,0.007187,0.0,0.0,0.011863877614736064,0.0071871476888389265,0.0,0.004676729925897138,54361760.0,343237.0,1613362262.6165001,35124927.326,XLF,IYF,Financials
2021-02-22,3.4876808415502927,4.2781927309286685,32.71,72.11,0.009256,0.008955,0.0,0.0,0.009256402344955382,0.00895480621239681,0.0,0.00030159613255857295,65930222.0,237957.0,1663654300.9835,34895123.258,XLF,IYF,Financials
2021-02-23,3.4937765629552486,4.28524036598619,32.91,72.62,0.006114,0.007073,0.0,0.0,0.0061143381228980775,0.007072528082096796,0.0,-0.0009581899591987186,94331420.0,827971.0,1715984506.7254999,36819339.747,XLF,IYF,Financials
2021-02-24,3.5130368634176907,4.303524406518924,33.55,73.96,0.019447,0.018452,0.0,0.0,0.019446976602856277,0.018452217020104515,0.0,0.0009947595827517614,66000610.0,613479.0,1743776668.0584998,38342817.7375,XLF,IYF,Financials
2021-02-25,3.494687724749494,4.284827171296749,32.94,72.59,-0.018182,-0.018524,0.0,0.0,-0.018181818181818184,-0.018523526230394674,0.0,0.00034170804857648965,92189442.0,624491.0,1773726802.7824998,31600939.551,XLF,IYF,Financials
2021-02-26,3.475376779836407,4.267737488271754,32.31,71.36,-0.019126,-0.016944,2342475000.0,-32112000.0,0.05327683169321598,-0.03580908752049878,2374587000.0,0.08908591921371475,103105676.0,632695.0,1847263890.8935,31645935.915999997,XLF,IYF,Financials
2021-03-01,3.506157817298642,4.292648823522665,33.32,73.16,0.03126,0.025224,0.0,0.0,0.03125967192819549,0.02522421524663677,0.0,0.006035456681558717,67590704.0,627057.0,1846587681.0375,31715096.202,XLF,IYF,Financials
2021-03-02,3.502549875922443,4.288677031682191,33.2,72.87,-0.003601,-0.003964,0.0,0.0,-0.003601440576230492,-0.0039639147074904315,0.0,0.00036247413125993933,49987015.0,528945.0,1868050252.1055,32355433.197000004,XLF,IYF,Financials
2021-03-03,3.510350695558678,4.291007236286713,33.46,73.04,0.007831,0.002333,0.0,0.0,0.00783132530120482,0.002332921641279132,0.0,0.005498403659925688,72541660.0,620232.0,1907909405.2615,33806027.418,XLF,IYF,Financials
2021-03-04,3.4989288701554906,4.277915338416487,33.08,72.09,-0.011357,-0.013007,0.0,0.0,-0.011356843992827256,-0.01300657174151164,0.0,0.0016497277486843837,101311814.0,753141.0,2005701367.0110002,35529269.4925,XLF,IYF,Financials
2021-03-05,3.5177945292459696,4.29606016612269,33.71,73.41,0.019045,0.018311,0.0,0.0,0.0190447400241838,0.018310445276737412,0.0,0.000734294747446386,109299834.0,854828.0,2092558890.586,33733634.6425,XLF,IYF,Financials
2021-03-08,3.5304697173662944,4.309859086371819,34.14,74.43,0.012756,0.013895,0.0,0.0,0.012755858795609611,0.013894564773191804,0.0,-0.0011387059775821926,90538153.0,449095.0,2187703137.9189997,33763996.841000006,XLF,IYF,Financials
2021-03-09,3.521347982792617,4.306359755748467,33.83,74.17,-0.00908,-0.003493,0.0,0.0,-0.00908025776215583,-0.003493215101437731,0.0,-0.005587042660718099,117224570.0,467975.0,2309709329.304,34342733.901999995,XLF,IYF,Financials
2021-03-10,3.541538866215227,4.3221439250725044,34.52,75.35,0.020396,0.015909,0.0,0.0,0.02039609813774756,0.015909397330456918,0.0,0.004486700807290644,73269273.0,528719.0,2383631980.232,35761735.755,XLF,IYF,Financials
2021-03-11,3.5386377907833935,4.324662317284311,34.42,75.54,-0.002897,0.002522,0.0,0.0,-0.0028968713789107765,0.002521566025215936,0.0,-0.005418437404126713,50904816.0,380271.0,2410361235.098,36379719.322000004,XLF,IYF,Financials
2021-03-12,3.5487549460197703,4.335328031664641,34.77,76.35,0.010169,0.010723,0.0,0.0,0.010168506682161535,0.010722795869737612,0.0,-0.0005542891875760774,68125959.0,616541.0,2479019421.3395,37622628.12550001,XLF,IYF,Financials
2021-03-15,3.5429862539335333,4.334148554429418,34.57,76.26,-0.005752,-0.001179,0.0,0.0,-0.005752085130859937,-0.0011787819253436759,0.0,-0.004573303205516261,57858586.0,422854.0,2518711586.3125,38176962.894999996,XLF,IYF,Financials
2021-03-16,3.5325179989895132,4.326910252115215,34.21,75.71,-0.010414,-0.007212,0.0,0.0,-0.01041365345675441,-0.007212168895882643,0.0,-0.0032014845608717675,67407748.0,427197.0,2519669544.1855,38662241.491000004,XLF,IYF,Financials
2021-03-17,3.53921867955953,4.330206885944085,34.44,75.96,0.006723,0.003302,0.0,0.0,0.006723180356620871,0.0033020737022850357,0.0,0.0034211066543358357,64051120.0,485017.0,2532320505.9325,39341688.397,XLF,IYF,Financials
2021-03-18,3.544431549748063,4.329811863225142,34.62,75.93,0.005226,-0.000395,0.0,0.0,0.005226480836236934,-0.00039494470774064337,0.0,0.005621425543977578,96690516.0,2877829.0,2627322832.3774996,49407919.9635,XLF,IYF,Financials
2021-03-19,3.5328102684640474,4.3134800921387715,34.22,74.7,-0.011554,-0.016199,0.0,0.0,-0.011554015020219527,-0.016199130778348614,0.0,0.004645115758129087,98510469.0,737808.0,2707781012.7565,50937075.424,XLF,IYF,Financials
2021-03-22,3.515418525752178,4.306898911982042,33.63,74.21,-0.012822,-0.00656,0.0,0.0,-0.017241379310344827,-0.006559571619812722,0.0,-0.010681807690532105,68170640.0,469471.0,2714581065.8355,51821093.606000006,XLF,IYF,Financials
2021-03-23,3.501344330267094,4.2961963780686885,33.16,73.42,-0.013976,-0.010646,0.0,0.0,-0.013975617008623252,-0.010645465570677668,0.0,-0.0033301514379455843,70441893.0,729951.0,2676151372.8195,51494381.02600001,XLF,IYF,Financials
2021-03-24,3.5049566159530077,4.2983732496766285,33.28,73.58,0.003619,0.002179,0.0,0.0,0.0036188178528347406,0.002179242713157178,0.0,0.0014395751396775627,63357120.0,683958.0,2670861597.2244997,51742017.166,XLF,IYF,Financials
2021-03-25,3.521643534738023,4.307841736484505,33.84,74.28,0.016827,0.013056,0.0,0.0,0.016826923076923076,0.009513454743136722,0.0,0.0073134683337863545,60532633.0,740862.0,2621446801.2865,52226988.5495,XLF,IYF,Financials
2021-03-26,3.5371840908617425,4.3255885495701785,34.37,75.61,0.015662,0.017905,0.0,0.0,0.015661938534278958,0.017905223478729134,0.0,-0.002243284944450176,53779933.0,903976.0,2547300396.569,53387014.057500005,XLF,IYF,Financials
2021-03-29,3.5284172316728752,4.318287793706875,34.07,75.06,-0.008729,-0.007274,0.0,0.0,-0.008728542333430317,-0.007274170083322312,0.0,-0.0014543722501080053,71777771.0,655291.0,2556967716.6035,53552546.6745,XLF,IYF,Financials
2021-03-30,3.5354368568703585,4.3217457037889515,34.31,75.32,0.007044,0.003464,0.0,0.0,0.007044320516583505,0.0034638955502263474,0.0,0.0035804249663571575,55011351.0,1144481.0,2568361244.344,55935451.013,XLF,IYF,Financials
2021-03-31,3.527830032595521,4.315753276242594,34.05,74.87,-0.007578,-0.005974,2105992499.9999998,314454000.0,0.050620189145256865,0.17554318963725815,1791538499.9999998,-0.12492300049200128,51138343.0,481845.0,2534062076.1215,55474150.50649999,XLF,IYF,Financials
2021-04-01,3.540089380528774,4.3295484280286765,34.47,75.91,0.012335,0.013891,0.0,0.0,0.012334801762114538,0.013890743956190612,0.0,-0.001555942194076074,51690145.0,2011691.0,2455580300.673,60394826.9625,XLF,IYF,Financials
2021-04-05,3.5478917608129588,4.3374214512437606,34.74,76.51,0.007833,0.007904,0.0,0.0,0.007832898172323759,0.007904096956922787,0.0,-7.119878459902786e-05,51790670.0,1254913.0,2361315824.256,62057850.470000006,XLF,IYF,Financials
2021-04-06,3.545874759696932,4.336636932375072,34.67,76.45,-0.002015,-0.000784,0.0,0.0,-0.0020149683362118594,-0.0007842112142204778,0.0,-0.0012307571219913817,41336786.0,556033.0,2278424515.616,62511979.57000001,XLF,IYF,Financials
2021-04-07,3.5507661519843023,4.340162430575183,34.84,76.72,0.004903,0.003532,0.0,0.0,0.00490337467551197,0.0035317200784826686,0.0,0.0013716545970293018,38660831.0,505124.0,2147486323.063,62714149.9465,XLF,IYF,Financials
2021-04-08,3.551053137206533,4.340944189572651,34.85,76.78,0.000287,0.000782,0.0,0.0,0.0002870264064293915,0.0007820646506777894,0.0,-0.0004950382442483979,39927402.0,388290.0,2090597055.85,62212846.424,XLF,IYF,Financials
2021-04-09,3.5596246182566738,4.346787982581173,35.15,77.23,0.008608,0.005861,0.0,0.0,0.00860832137733142,0.0058609012763740555,0.0,0.0027474201009573644,40133729.0,307729.0,2073524896.2315001,61964858.39050001,XLF,IYF,Financials
2021-04-12,3.563882963939251,4.351051830374451,35.3,77.56,0.004267,0.004273,0.0,0.0,0.004267425320056899,0.004272950925806034,0.0,-5.52560574913416e-06,44435497.0,491171.0,2033516568.7150002,61515974.261,XLF,IYF,Financials
2021-04-13,3.5544905510752844,4.346010780469512,34.97,77.17,-0.009348,-0.005028,0.0,0.0,-0.009348441926345609,-0.005028365136668386,0.0,-0.004320076789677223,39950895.0,515986.0,2003362142.7215,61894563.94,XLF,IYF,Financials
2021-04-14,3.560477739309412,4.349503442968322,35.18,77.44,0.006005,0.003499,0.0,0.0,0.006005147269087789,0.003498768951665155,0.0,0.0025063783174226343,44065279.0,464469.0,1965572015.5284996,62075833.66450001,XLF,IYF,Financials
2021-04-15,3.5596246182566738,4.3551691805039985,35.15,77.88,-0.000853,0.005682,0.0,0.0,-0.0008527572484366117,0.005681818181818068,0.0,-0.00653457543025468,55483534.0,601176.0,1952788297.8935,62574718.442499995,XLF,IYF,Financials
2021-04-16,3.5667118201397288,4.359781025726562,35.4,78.24,0.007112,0.004623,0.0,0.0,0.007112375533428165,0.004622496147919877,0.0,0.002489879385508288,39115658.0,427232.0,1854651729.3575,53320372.228,XLF,IYF,Financials
2021-04-19,3.563882963939251,4.358118089622206,35.3,78.11,-0.002825,-0.001662,0.0,0.0,-0.002824858757062147,-0.001661554192228927,0.0,-0.00116330456483322,31172291.0,274787.0,1741119410.5135002,51637839.976500005,XLF,IYF,Financials
2021-04-20,3.5450090836942345,4.345621952780082,34.64,77.14,-0.018697,-0.012418,0.0,0.0,-0.018696883852691217,-0.01241838432979132,0.0,-0.006278499522899897,50227704.0,325258.0,1713484862.6815,51150387.937,XLF,IYF,Financials
2021-04-21,3.558770768766916,4.358246106008478,35.12,78.12,0.013857,0.012704,0.0,0.0,0.013856812933025405,0.01270417422867525,0.0,0.0011526387043501556,39680014.0,334256.0,1666370308.6715,49776341.752,XLF,IYF,Financials
2021-04-22,3.5476038667559826,4.350793932242783,34.73,77.54,-0.011105,-0.007425,0.0,0.0,-0.011104783599088838,-0.00742447516641065,0.0,-0.0036803084326781877,43611151.0,420332.0,1636674824.703,48889687.434,XLF,IYF,Financials
2021-04-23,3.566146688731639,4.3657702121543585,35.38,78.71,0.018716,0.015089,0.0,0.0,0.018715807659084364,0.01508898632963609,0.0,0.0036268213294482748,50468640.0,273297.0,1623532633.8270001,47213686.309499994,XLF,IYF,Financials
2021-04-26,3.5700959181239695,4.369194655858504,35.52,78.98,0.003957,0.00343,0.0,0.0,0.00395703787450537,0.003430313810189414,0.0,0.0005267240643159559,43749697.0,275043.0,1608811280.8385,44882349.8485,XLF,IYF,Financials
2021-04-27,3.5779478934066544,4.375757021660286,35.8,79.5,0.007883,0.006584,0.0,0.0,0.007882882882882882,0.006583945302608255,0.0,0.001298937580274627,50852378.0,468881.0,1577563604.56,44286844.700500004,XLF,IYF,Financials
2021-04-28,3.581850881355413,4.378395048439832,35.94,79.71,0.003911,0.002642,0.0,0.0,0.003910614525139665,0.0026415094339622643,0.0,0.0012691050911774007,35771677.0,278532.0,1547473335.4884999,41086818.5405,XLF,IYF,Financials
2021-04-29,3.5995016429627196,4.391605609454205,36.58,80.77,0.017808,0.013298,0.0,0.0,0.017807456872565387,0.013298205996738175,0.0,0.004509250875827212,48573019.0,384194.0,1549250358.282,40834599.252,XLF,IYF,Financials
2021-04-30,3.590715205326705,4.384772860341907,36.26,80.22,-0.008748,-0.006809,455063000.0,172473000.0,0.0023937537083422774,0.07169641101457297,282590000.0,-0.0693026573062307,43940862.0,366086.0,1539827176.1805,34667597.00750001,XLF,IYF,Financials
2021-05-03,3.5956670723917576,4.387014176184921,36.44,80.4,0.004964,0.002244,0.0,0.0,0.004964147821290678,0.002243829468960359,0.0,0.002720318352330319,33320594.0,545432.0,1510576904.6585,32059563.966,XLF,IYF,Financials
2021-05-04,3.6035938598315758,4.389250479763201,36.73,80.58,0.007958,0.002239,0.0,0.0,0.007958287596048299,0.002238805970149254,0.0,0.005719481625899045,66939714.0,1136883.0,1561854370.8885,34514629.4305,XLF,IYF,Financials
2021-05-05,3.6117283949255214,4.391729410135267,37.03,80.78,0.008168,0.002482,0.0,0.0,0.008167710318540702,0.002482005460412013,0.0,0.005685704858128689,38954164.0,311775.0,1566630837.9325001,33836232.9915,XLF,IYF,Financials
2021-05-06,3.6264719939853194,4.402441819416474,37.58,81.65,0.014853,0.01077,0.0,0.0,0.014852822036186876,0.010769992572418915,0.0,0.004082829463767961,43332915.0,542834.0,1578479887.2324998,34561707.4865,XLF,IYF,Financials
2021-05-07,3.6317798620733637,4.409520198982804,37.78,82.23,0.005322,0.007104,0.0,0.0,0.005321979776476849,0.007103490508266993,0.0,-0.0017815107317901441,64616660.0,266780.0,1630005729.2549999,34470277.92299999,XLF,IYF,Financials
2021-05-10,3.6309854756950335,4.405498990859024,37.75,81.9,-0.000794,-0.004013,0.0,0.0,-0.0007940709370037057,-0.004013133892739876,0.0,0.0032190629557361707,56341073.0,400968.0,1657920852.3375,34207480.745,XLF,IYF,Financials
2021-05-11,3.6130777406976544,4.391357962102766,37.08,80.75,-0.017748,-0.014042,0.0,0.0,-0.017748344370860928,-0.014041514041514042,0.0,-0.003706830329346886,82723720.0,1269425.0,1741436489.31,37341852.2015,XLF,IYF,Financials
2021-05-12,3.6027767550605247,4.37449836825309,36.7,79.4,-0.010248,-0.016718,0.0,0.0,-0.010248112189859764,-0.01671826625386997,0.0,0.006470154064010206,97911948.0,488502.0,1843594088.1290002,37482781.173499994,XLF,IYF,Financials
2021-05-13,3.6187251941907292,4.391357962102766,37.29,80.75,0.016076,0.017003,0.0,0.0,0.016076294277929157,0.01700251889168766,0.0,-0.0009262246137585022,66882590.0,955990.0,1870784366.1790001,39001611.4545,XLF,IYF,Financials
2021-05-14,3.6344232683178777,4.405254760793088,37.88,81.88,0.015822,0.013994,0.0,0.0,0.015821936175918476,0.013993808049535603,0.0,0.001828128126382873,44850183.0,1752280.0,1886495898.1209998,44504114.1905,XLF,IYF,Financials
2021-05-17,3.636269503841639,4.406109305189839,37.95,81.95,0.001848,0.000855,0.0,0.0,0.0018479408658922914,0.0008549096238397655,0.0,0.000993031242052526,40376669.0,402562.0,1908091533.9334998,45080431.357,XLF,IYF,Financials
2021-05-18,3.6222053208459437,4.396792086874355,37.42,81.19,-0.013966,-0.009274,0.0,0.0,-0.01396574440052701,-0.009273947528981086,0.0,-0.004691796871545924,40299245.0,295362.0,1896497038.0005002,45024933.29,XLF,IYF,Financials
2021-05-19,3.6160399079369787,4.391110253406924,37.19,80.73,-0.006146,-0.005666,0.0,0.0,-0.006146445750935329,-0.0056657223796034,0.0,-0.00048072337133192936,63573906.0,719527.0,1945034611.6235,46623700.0895,XLF,IYF,Financials
2021-05-20,3.6165775423585313,4.395559648956466,37.21,81.09,0.000538,0.004459,0.0,0.0,0.0005377789728421619,0.004459308807134894,0.0,-0.003921529834292732,59216120.0,323718.0,1979475439.1720002,46306587.5565,XLF,IYF,Financials
2021-05-21,3.6264719939853194,4.401829261970061,37.58,81.6,0.009944,0.006289,0.0,0.0,0.009943563558183283,0.006289308176100629,0.0,0.003654255382082654,44950309.0,338858.0,1974658045.6230004,46613567.853,XLF,IYF,Financials
2021-05-24,3.6312503412773,4.4075725416416205,37.76,82.07,0.00479,0.00576,0.0,0.0,0.004789781798829164,0.005759803921568628,0.0,-0.0009700221227394636,29159629.0,301052.0,1952011963.303,46762789.927999996,XLF,IYF,Financials
2021-05-25,3.6211358020274167,4.400357591358605,37.38,81.48,-0.010064,-0.007189,0.0,0.0,-0.010063559322033898,-0.007188985012793956,0.0,-0.0028745743092399413,38755863.0,371865.0,1933420914.6299999,46413965.963,XLF,IYF,Financials
2021-05-26,3.6240742307478206,4.403054001865957,37.49,81.7,0.002943,0.0027,0.0,0.0,0.0029427501337613697,0.002700049091801669,0.0,0.00024270104195970059,38601859.0,497537.0,1941498395.7565002,47336315.322000004,XLF,IYF,Financials
2021-05-27,3.6354786773868213,4.4101280647847565,37.92,82.28,0.01147,0.007099,0.0,0.0,0.011469725260069352,0.007099143206854345,0.0,0.004370582053215007,39789527.0,397850.0,1928099287.1974998,47421502.753000006,XLF,IYF,Financials
2021-05-28,3.6373229671995344,4.411949448325136,37.99,82.43,0.001846,0.001823,1627871500.0,-8243000.000000001,0.039866796487601816,-0.0015903231496887265,1636114500.0,0.04145711963729054,39268124.0,273551.0,1923024305.9295,47080572.2535,XLF,IYF,Financials
2021-06-01,3.643358938812127,4.419563238202607,38.22,83.06,0.006054,0.007643,0.0,0.0,0.006054224795998947,0.007642848477496057,0.0,-0.0015886236814971104,35710666.0,450550.0,1930557266.3875,46759069.7635,XLF,IYF,Financials
2021-06-02,3.6449275665847534,4.42376820625352,38.28,83.41,0.00157,0.004214,0.0,0.0,0.0015698587127158557,0.00421382133397544,0.0,-0.0026439626212595843,37537542.0,482729.0,1879469337.0145001,44191789.451,XLF,IYF,Financials
2021-06-03,3.647275904258861,4.42376820625352,38.37,83.41,0.002351,0.0,0.0,0.0,0.0023510971786833857,0.0,0.0,0.0023510971786833857,54877518.0,359322.0,1912628220.6515,44431082.627000004,XLF,IYF,Financials
2021-06-04,3.6498787167642037,4.426163130161966,38.47,83.61,0.002606,0.002398,0.0,0.0,0.0026062027625749283,0.0023977940294928664,0.0,0.00020840873308206184,27250919.0,209893.0,1883622816.0629997,43092420.5085,XLF,IYF,Financials
2021-06-07,3.643358938812127,4.424007956913983,38.22,83.43,-0.006499,-0.002153,0.0,0.0,-0.006498570314530803,-0.002152852529601722,0.0,-0.004345717784929081,37401849.0,269261.0,1833036878.7620003,43118776.8,XLF,IYF,Financials
2021-06-08,3.6407390787860012,4.424367475163407,38.12,83.46,-0.002616,0.00036,0.0,0.0,-0.0026164311878597592,0.0003595828838547285,0.0,-0.0029760140717144876,47747727.0,208742.0,1817700271.1365001,42347893.206,XLF,IYF,Financials
2021-06-09,3.6312503412773,4.417876287567579,37.76,82.92,-0.009444,-0.00647,0.0,0.0,-0.00944386149003148,-0.006470165348670022,0.0,-0.0029736961413614586,40776244.0,222488.0,1741316042.9285,38145025.0165,XLF,IYF,Financials
2021-06-10,3.619529375979143,4.410006521180839,37.32,82.27,-0.011653,-0.005328,0.0,0.0,-0.011652542372881356,-0.007838880849011095,0.0,-0.003813661523870261,53775465.0,187617.0,1661992636.0385,36977434.606,XLF,IYF,Financials
2021-06-11,3.6259396543400624,4.413888607822626,37.56,82.59,0.006431,0.00389,0.0,0.0,0.006430868167202572,0.003889631700498359,0.0,0.002541236466704213,40416652.0,203026.0,1613192519.4395,33956020.848000005,XLF,IYF,Financials
2021-06-14,3.615501984309161,4.40745068701404,37.17,82.06,-0.010384,-0.006417,0.0,0.0,-0.010383386581469648,-0.006417241796827703,0.0,-0.003966144784641945,50613372.0,278778.0,1622311224.6994998,27926012.662,XLF,IYF,Financials
2021-06-15,3.617383452408866,4.40745068701404,37.24,82.06,0.001883,0.0,0.0,0.0,0.0018832391713747645,0.0,0.0,0.0018832391713747645,51315057.0,263266.0,1641245131.406,27356695.265000004,XLF,IYF,Financials
2021-06-16,3.616308761279101,4.404277243608702,37.2,81.8,-0.001074,-0.003168,0.0,0.0,-0.0010741138560687433,-0.003168413356080916,0.0,0.002094299500012173,84961113.0,354094.0,1723872914.191,27605917.686,XLF,IYF,Financials
2021-06-17,3.586292865338835,4.384648195378833,36.1,80.21,-0.02957,-0.019438,0.0,0.0,-0.02956989247311828,-0.019437652811735942,0.0,-0.010132239661382339,97659932.0,1509827.0,1781933413.2440002,30756708.134000003,XLF,IYF,Financials
2021-06-18,3.561897992353146,4.36373536470163,35.23,78.55,-0.0241,-0.020696,0.0,0.0,-0.02409972299168975,-0.020695673856127667,0.0,-0.003404049135562085,180959978.0,1637509.0,1990522823.2310002,35875510.1005,XLF,IYF,Financials
2021-06-21,3.5810158082379915,4.385769620952716,35.91,80.3,0.023256,0.022279,0.0,0.0,0.019301731478853064,0.022278803309993635,0.0,-0.002977071831140571,89831353.0,621052.0,2067353386.9315,36986493.2405,XLF,IYF,Financials
2021-06-22,3.5826852577075323,4.386018655943419,35.97,80.32,0.001671,0.000249,0.0,0.0,0.0016708437761071156,0.00024906600249066,0.0,0.0014217777736164556,42576449.0,472671.0,2088873750.9059997,37649373.0945,XLF,IYF,Financials
2021-06-23,3.584629432740137,4.387387240915977,36.04,80.43,0.001946,0.00137,0.0,0.0,0.0019460661662496525,0.0013695219123505977,0.0,0.0005765442538990548,48094886.0,380005.0,2103106027.5309997,37662585.192,XLF,IYF,Financials
2021-06-24,3.5970382504483562,4.395189621200163,36.49,81.06,0.012486,0.007833,0.0,0.0,0.012486126526082131,0.007832898172323759,0.0,0.004653228353758372,42942760.0,243328.0,2109095908.4555001,36616354.931,XLF,IYF,Financials
2021-06-25,3.6090242288644716,4.406231323370699,36.93,81.96,0.012058,0.011103,0.0,0.0,0.012058098109070978,0.011102886750555145,0.0,0.0009552113585158326,56845029.0,264954.0,2138619311.3119998,36065381.523,XLF,IYF,Financials
2021-06-28,3.6016862424115588,4.397161522258152,36.66,81.22,-0.007311,-0.009029,0.0,0.0,-0.007311129163282061,-0.009028794533918985,0.0,0.001717665370636924,70250695.0,1103760.0,2192799033.709,39420310.4365,XLF,IYF,Financials
2021-06-29,3.5981338408071912,4.395189621200163,36.53,81.06,-0.003546,-0.00197,0.0,0.0,-0.003546099290779965,-0.0019699581383895593,0.0,-0.0015761411523904055,61051191.0,305539.0,2236065951.3445,38787525.85349999,XLF,IYF,Financials
2021-06-30,3.6025042383671906,4.395066248181685,36.69,81.05,0.00438,-0.000123,-2128019999.9999998,-40525000.0,-0.04532718138783695,-0.01721527369195763,-2087494999.9999998,-0.02811190769587932,42414087.0,598778.0,2242027738.558,39200852.404,XLF,IYF,Financials
2021-07-01,3.610377225958979,4.402319337941644,36.98,81.64,0.007904,0.007279,0.0,0.0,0.007904061052057782,0.007279457125231339,0.0,0.0006246039268264433,36615580.0,371237.0,2204447427.695,39217689.437,XLF,IYF,Financials
2021-07-02,3.609294974771094,4.403665809777363,36.94,81.75,-0.001082,0.001347,0.0,0.0,-0.001081665765278529,0.0013473787359137678,0.0,-0.002429044501192297,27018418.0,286454.0,2201933303.0445,39511112.4755,XLF,IYF,Financials
2021-07-06,3.5934692693092782,4.395066248181685,36.36,81.05,-0.015701,-0.008563,0.0,0.0,-0.01570113697888468,-0.00856269113149847,0.0,-0.007138445847386208,49225254.0,771372.0,2219949881.3775,41513875.244,XLF,IYF,Financials
2021-07-07,3.594843462187342,4.396792086874355,36.41,81.19,0.001375,0.001727,0.0,0.0,0.0013751375137513752,0.0017273288093769279,0.0,-0.00035219129562555265,43747099.0,506666.0,2208584307.445,42699605.505,XLF,IYF,Financials
2021-07-08,3.5745903077118086,4.381401439279963,35.68,79.95,-0.020049,-0.015273,0.0,0.0,-0.020049436967865972,-0.015272816849365685,0.0,-0.0047766201185002865,75084217.0,381253.0,2265549001.901,43301229.1245,XLF,IYF,Financials
2021-07-09,3.603049197508743,4.4046439245392905,36.71,81.83,0.028868,0.023515,0.0,0.0,0.028867713004484305,0.023514696685428393,0.0,0.005353016319055912,70546482.0,498415.0,2294692051.922,44568731.567499995,XLF,IYF,Financials
2021-07-12,3.612808017162641,4.413161863604593,37.07,82.53,0.009807,0.008554,0.0,0.0,0.0098065922092073,0.00855431993156544,0.0,0.0012522722776418596,62953355.0,374644.0,2335473622.9585,45276304.166499995,XLF,IYF,Financials
2021-07-13,3.6019589820832345,4.404521712501253,36.67,81.82,-0.01079,-0.008603,0.0,0.0,-0.010790396547073105,-0.008602932267054405,0.0,-0.0021874642800186993,44476176.0,368073.0,2322955739.7925,45638264.6755,XLF,IYF,Financials
2021-07-14,3.597312260588446,4.404521712501253,36.5,81.82,-0.004636,0.0,0.0,0.0,-0.004635942187073902,0.0,0.0,-0.004635942187073902,69632708.0,440504.0,2354486795.7585,46360186.141499996,XLF,IYF,Financials
2021-07-15,3.6005945392463645,4.408303357752101,36.62,82.13,0.003288,0.003789,0.0,0.0,0.0032876712328767125,0.0037888046932290395,0.0,-0.000501133460352327,53977596.0,339089.0,2295292103.8545,46304410.66,XLF,IYF,Financials
2021-07-16,3.5868467285487844,4.398883751740304,36.12,81.36,-0.013654,-0.009375,0.0,0.0,-0.013653741125068269,-0.009375380494338245,0.0,-0.004278360630730024,56160744.0,373814.0,2220442230.2585,41769924.8285,XLF,IYF,Financials
2021-07-19,3.558485990180341,4.3715974391833425,35.11,79.17,-0.027962,-0.026917,0.0,0.0,-0.027962347729789592,-0.02691740412979351,0.0,-0.0010449435999960802,89972179.0,1102568.0,2059627389.2459998,39703123.658999994,XLF,IYF,Financials
2021-07-20,3.582963228522387,4.394202210604015,35.98,80.98,0.024779,0.022862,0.0,0.0,0.024779265166619196,0.02286219527598838,0.0,0.001917069890630816,70635830.0,1234376.0,2025409053.1045003,42207588.302999996,XLF,IYF,Financials
2021-07-21,3.6000482404073204,4.406353326664939,36.6,81.97,0.017232,0.012225,0.0,0.0,0.017231795441912175,0.01222524080019758,0.0,0.0050065546417145945,59975036.0,690097.0,2058589625.4580002,43137704.1215,XLF,IYF,Financials
2021-07-22,3.5890591188317256,4.398514952178684,36.2,81.33,-0.010929,-0.007808,0.0,0.0,-0.01092896174863388,-0.007807734537025741,0.0,-0.003121227211608139,35292344.0,398116.0,2035801783.5260003,43228452.728,XLF,IYF,Financials
2021-07-23,3.590715205326705,4.404277243608702,36.26,81.8,0.001657,0.005779,0.0,0.0,0.0016574585635359116,0.00577892536579368,0.0,-0.004121466802257768,36766925.0,448307.0,2024111152.9310002,44075819.974,XLF,IYF,Financials
2021-07-26,3.596490004820589,4.407938016458383,36.47,82.1,0.005792,0.003667,0.0,0.0,0.005791505791505791,0.003667481662591687,0.0,0.002124024128914104,25396047.0,262771.0,1965456498.587,44068713.437,XLF,IYF,Financials
2021-07-27,3.596215769250517,4.409763389645481,36.46,82.25,-0.000274,0.001827,0.0,0.0,-0.00027419797093501506,0.0018270401948842874,0.0,-0.0021012381658193024,38988356.0,285673.0,1907762747.64,40761174.2895,XLF,IYF,Financials
2021-07-28,3.594843462187342,4.405987272118725,36.41,81.94,-0.001371,-0.003769,0.0,0.0,-0.0013713658804168952,-0.003768996960486322,0.0,0.0023976310800694267,42908194.0,449356.0,1874367114.4555001,41363836.2545,XLF,IYF,Financials
2021-07-29,3.60576954739093,4.4146148242670336,36.81,82.65,0.010986,0.008665,0.0,0.0,0.010985992859104642,0.008664876739077374,0.0,0.0023211161200272674,41434227.0,416982.0,1872818166.6474998,40660466.5245,XLF,IYF,Financials
2021-07-30,3.597860055726768,4.409276949164042,36.52,82.21,-0.007878,-0.005324,-797962000.0000001,-135646500.0,-0.02733873344055546,-0.06240942686551461,-662315500.0000001,0.03507069342495915,52385325.0,271476.0,1900771562.6774998,40260979.1885,XLF,IYF,Financials
2021-08-02,3.5981338408071912,4.40562108352751,36.53,81.91,0.000274,-0.003649,0.0,0.0,0.0002738225629791895,-0.003649191095973726,0.0,0.003923013658952915,47589850.0,566421.0,1937791405.6564999,41409875.669,XLF,IYF,Financials
2021-08-03,3.609294974771094,4.411585436915426,36.94,82.4,0.011224,0.005982,0.0,0.0,0.011223651793046812,0.005982175558539861,0.0,0.0052414762345069504,42169580.0,600097.0,1926187108.1445,40756290.279,XLF,IYF,Financials
2021-08-04,3.6008675767907232,4.406353326664939,36.63,81.97,-0.008392,-0.005218,0.0,0.0,-0.008391987005955604,-0.005218446601941747,0.0,-0.003173540404013857,52346378.0,377814.0,1942417905.7220001,40247950.331,XLF,IYF,Financials
2021-08-05,3.613886475072506,4.418720118610357,37.11,82.99,0.013104,0.012444,0.0,0.0,0.013104013104013105,0.012443576918384774,0.0,0.0006604361856283308,37168237.0,272195.0,1877433326.3475003,39853364.616,XLF,IYF,Financials
2021-08-06,3.633895145781177,4.431649785147205,37.86,84.07,0.02021,0.013014,0.0,0.0,0.02021018593371059,0.0130136160983251,0.0,0.00719656983538549,58081048.0,405819.0,1857892682.5005002,39519959.81,XLF,IYF,Financials
2021-08-09,3.636532973741727,4.4312928759767996,37.96,84.04,0.002641,-0.000357,0.0,0.0,0.002641310089804543,-0.0003568454859046033,0.0,0.0029981555757091463,48015613.0,241398.0,1832342272.4819999,38988345.739999995,XLF,IYF,Financials
2021-08-10,3.6470152500152375,4.434856248318414,38.36,84.34,0.010537,0.00357,0.0,0.0,0.01053740779768177,0.003569728700618753,0.0,0.0069676790970630165,40907442.0,678930.0,1829255677.5419998,40345606.907,XLF,IYF,Financials
2021-08-11,3.6584202466292277,4.442886522930644,38.8,85.02,0.01147,0.008063,0.0,0.0,0.011470281543274244,0.008062603746739389,0.0,0.003407677796534855,48372124.0,274265.0,1796017906.002,39709405.558,XLF,IYF,Financials
2021-08-12,3.660222744864132,4.442651256490317,38.87,85.0,0.001804,-0.000235,0.0,0.0,0.0018041237113402063,-0.0002352387673488591,0.0,0.0020393624786890652,44608141.0,204936.0,1783880849.7595,39187914.579500005,XLF,IYF,Financials
2021-08-13,3.652734007477583,4.439941706620314,38.58,84.77,-0.007461,-0.002706,0.0,0.0,-0.007460766658091073,-0.0027058823529411765,0.0,-0.004754884305149896,43077193.0,327916.0,1765550451.3925,39057111.1935,XLF,IYF,Financials
2021-08-16,3.6501386257975055,4.4398237334000985,38.48,84.76,-0.002592,-0.000118,0.0,0.0,-0.002592016588906169,-0.00011796626164916834,0.0,-0.002474050327257001,48013659.0,225524.0,1699982571.074,35648366.47750001,XLF,IYF,Financials
2021-08-17,3.6430972614588084,4.433432422733782,38.21,84.22,-0.007017,-0.006371,0.0,0.0,-0.007016632016632017,-0.006370929683813119,0.0,-0.000645702332818898,52414806.0,263600.0,1673047199.767,31760397.653500002,XLF,IYF,Financials
2021-08-18,3.630720539940404,4.422088340247728,37.74,83.27,-0.0123,-0.01128,0.0,0.0,-0.0123004449097095,-0.011279981002137259,0.0,-0.0010204639075722406,39550428.0,305075.0,1637924541.523,30202214.861500002,XLF,IYF,Financials
2021-08-19,3.6232736970159425,4.417755682128127,37.46,82.91,-0.007419,-0.004323,0.0,0.0,-0.007419183889772125,-0.004323285697129819,0.0,-0.0030958981926423063,48961333.0,495185.0,1665749975.592,30636065.564999998,XLF,IYF,Financials
2021-08-20,3.629394807279044,4.422928625994308,37.69,83.34,0.00614,0.005186,0.0,0.0,0.006139882541377469,0.005186346640935955,0.0,0.000953535900441514,33898584.0,328781.0,1662973422.115,30172520.362,XLF,IYF,Financials
2021-08-23,3.6375861597263857,4.429625613473161,38.0,83.9,0.008225,0.00672,0.0,0.0,0.008224993366940834,0.00671946244300456,0.0,0.0015055309239362736,28807400.0,220902.0,1671397790.4105,30020529.297,XLF,IYF,Financials
2021-08-24,3.6436205477083212,4.43366986782572,38.23,84.24,0.006053,0.004052,0.0,0.0,0.0060526315789473685,0.004052443384982122,0.0,0.0020001881939652466,37677316.0,358885.0,1672342206.9564998,30357322.704499997,XLF,IYF,Financials
2021-08-25,3.6553226705850936,4.440413460373609,38.68,84.81,0.011771,0.006766,0.0,0.0,0.01177086058069579,0.006766381766381766,0.0,0.005004478814314023,47904760.0,217666.0,1686875645.6195,29439323.8455,XLF,IYF,Financials
2021-08-26,3.6503984672956546,4.4355674016019115,38.49,84.4,-0.004912,-0.004834,0.0,0.0,-0.004912099276111685,-0.004834335573635185,0.0,-7.776370247650037e-05,38484292.0,416415.0,1684678970.78,29473417.030500002,XLF,IYF,Financials
2021-08-27,3.6635616461296463,4.4479314095616,39.0,85.45,0.01325,0.012441,0.0,0.0,0.013250194855806703,0.012440758293838863,0.0,0.0008094365619678405,38511081.0,265731.0,1664119975.28,29492850.630000003,XLF,IYF,Financials
2021-08-30,3.649358695951653,4.439469730210373,38.45,84.73,-0.014103,-0.008426,0.0,0.0,-0.014102564102564103,-0.008425980105324752,0.0,-0.005676583997239351,30096481.0,230609.0,1635057598.9775,28150048.452999998,XLF,IYF,Financials
2021-08-31,3.648057459593681,4.439469730210373,38.4,84.73,-0.0013,0.0,1234560000.0,16946000.0,0.028100158789183965,0.007380073800738007,1217614000.0,0.020720084988445957,49876212.0,288737.0,1652932711.7575002,26900883.1135,XLF,IYF,Financials
2021-09-01,3.6423118182976015,4.43970574626056,38.18,84.75,-0.005729,0.000236,0.0,0.0,-0.005729166666666666,0.00023604390416617492,0.0,-0.005965210570832841,43972535.0,419366.0,1641003889.7654998,27129475.8595,XLF,IYF,Financials
2021-09-02,3.6457109587125576,4.440767129696482,38.31,84.84,0.003405,0.001062,0.0,0.0,0.0034049240440020955,0.0010619469026548673,0.0,0.002342977141347228,29612956.0,409806.0,1628761843.23,27738399.759000003,XLF,IYF,Financials
2021-09-03,3.639426570394406,4.436869870556391,38.07,84.51,-0.006265,-0.00389,0.0,0.0,-0.006264682850430697,-0.0038896746817538895,0.0,-0.0023750081686768074,34849696.0,335055.0,1585150815.7020001,27448314.494999997,XLF,IYF,Financials
2021-09-07,3.6333667441836774,4.4309358393767555,37.84,84.01,-0.006041,-0.005916,0.0,0.0,-0.006041502495403027,-0.005916459590580996,0.0,-0.00012504290482203036,39214999.0,278483.0,1568211960.336,27603727.940500002,XLF,IYF,Financials
2021-09-08,3.6309854756950335,4.4312928759767996,37.75,84.04,-0.002378,0.000357,0.0,0.0,-0.0023784355179705804,0.00035710034519700033,0.0,-0.0027355358631675807,32492284.0,310795.0,1551080672.63,26046640.7205,XLF,IYF,Financials
2021-09-09,3.633895145781177,4.428552332110815,37.86,83.81,0.002914,-0.002737,0.0,0.0,0.002913907284768212,-0.0027367920038077107,0.0,0.005650699288575922,33418005.0,275122.0,1520499035.535,26033638.9465,XLF,IYF,Financials
2021-09-10,3.6264719939853194,4.419563238202607,37.58,83.06,-0.007396,-0.008949,0.0,0.0,-0.007395668251452721,-0.008948812790836416,0.0,0.001553144539383695,39345135.0,301846.0,1507732622.1665,26416227.384500004,XLF,IYF,Financials
2021-09-13,3.6378492830011573,4.428433007488037,38.01,83.8,0.011442,0.008909,0.0,0.0,0.011442256519425226,0.008909222248976643,0.0,0.0025330342704485836,40343844.0,388460.0,1501310192.3915,26654002.8185,XLF,IYF,Financials
2021-09-14,3.624340932976365,4.417635062141249,37.5,82.9,-0.013418,-0.01074,0.0,0.0,-0.013417521704814523,-0.010739856801909307,0.0,-0.0026776649029052156,45660774.0,421183.0,1494545863.7254999,27444035.641500004,XLF,IYF,Financials
2021-09-15,3.633895145781177,4.425325559069029,37.86,83.54,0.0096,0.00772,0.0,0.0,0.0096,0.007720144752714113,0.0,0.001879855247285886,36359355.0,377069.0,1463235635.8775,27909033.2545,XLF,IYF,Financials
2021-09-16,3.6309854756950335,4.424367475163407,37.75,83.46,-0.002905,-0.000958,0.0,0.0,-0.0029054410987849975,-0.0009576250897773521,0.0,-0.0019478160090076453,42624281.0,360766.0,1469057308.629,28144330.01,XLF,IYF,Financials
2021-09-17,3.6264719939853194,4.418599614904722,37.58,82.98,-0.004503,-0.005751,0.0,0.0,-0.004503311258278146,-0.005751258087706686,0.0,0.0012479468294285404,82977772.0,467300.0,1533267965.508,28030368.2925,XLF,IYF,Financials
2021-09-20,3.5986811861957873,4.394078715698023,36.55,80.97,-0.023097,-0.024223,0.0,0.0,-0.027408195848855774,-0.024222704266088215,0.0,-0.0031854915827675585,95008836.0,854744.0,1643014731.75,30120768.949500002,XLF,IYF,Financials
2021-09-21,3.597312260588446,4.393461012299545,36.5,80.92,-0.001368,-0.000618,0.0,0.0,-0.0013679890560875513,-0.0006175126590095097,0.0,-0.0007504763970780416,45837597.0,635686.0,1671934286.275,31766070.615500003,XLF,IYF,Financials
2021-09-22,3.613886475072506,4.40745068701404,37.11,82.06,0.016712,0.014088,0.0,0.0,0.016712328767123287,0.014087988136431043,0.0,0.0026243406306922443,58350790.0,462007.0,1708183987.586,32150061.716500003,XLF,IYF,Financials
2021-09-23,3.6381123370602833,4.430816798843313,38.02,84.0,0.024522,0.023641,0.0,0.0,0.024521692266235517,0.023641238118449915,0.0,0.0008804541477856025,71804987.0,668247.0,1752037462.0330002,34033686.4435,XLF,IYF,Financials
2021-09-24,3.643358938812127,4.431173877940127,38.22,84.03,0.00526,0.004567,0.0,0.0,0.0052603892688058915,0.00035714285714285714,0.0,0.004903246411663034,48066072.0,338119.0,1769828705.671,33697022.122,XLF,IYF,Financials
2021-09-27,3.65687265797885,4.443474446987793,38.74,85.07,0.013606,0.012377,0.0,0.0,0.013605442176870748,0.012376532190884209,0.0,0.0012289099859865392,58794503.0,610617.0,1808617050.032,35158945.834,XLF,IYF,Financials
2021-09-28,3.6402142821326553,4.426641427432833,38.1,83.65,-0.016521,-0.016692,0.0,0.0,-0.016520392359318535,-0.01669213588809216,0.0,0.0001717435287736241,96152675.0,813688.0,1933927411.1845002,37585220.8655,XLF,IYF,Financials
2021-09-29,3.6410013738694724,4.4286716424969255,38.13,83.82,0.000787,0.002032,0.0,0.0,0.0007874015748031496,0.0020322773460848776,0.0,-0.001244875771281728,49882532.0,434428.0,1933266131.4024997,38182674.313,XLF,IYF,Financials
2021-09-30,3.6251406131469297,4.413404170366137,37.53,82.55,-0.015736,-0.015152,-1489941000.0,-12382500.0,-0.050492562577506554,-0.020562770562770564,-1477558500.0,-0.02992979201473599,73319263.0,477419.0,1986906159.1069999,38376157.8105,XLF,IYF,Financials
2021-10-01,3.641525757730466,4.4275973362163406,38.15,83.73,0.01652,0.014294,0.0,0.0,0.0165201172395417,0.014294367050272563,0.0,0.002225750189269137,70443993.0,577245.0,2064554458.5365002,39054396.951,XLF,IYF,Financials
2021-10-04,3.6328380632303117,4.419081542624893,37.82,83.02,-0.00865,-0.00848,0.0,0.0,-0.008650065530799476,-0.008479636928221665,0.0,-0.0001704286025778108,69772684.0,591959.0,2130158207.6445,40095843.8575,XLF,IYF,Financials
2021-10-05,3.652215469742345,4.437461341561982,38.56,84.56,0.019566,0.01855,0.0,0.0,0.01956636700158646,0.01854974704890388,0.0,0.001016619952682582,56058435.0,567204.0,2164044092.2165,41324214.528,XLF,IYF,Financials
2021-10-06,3.653252276470785,4.439351701293151,38.6,84.72,0.001037,0.001892,0.0,0.0,0.001037344398340249,0.001892147587511826,0.0,-0.000854803189171577,63431067.0,566694.0,2225136865.4765,42418769.722,XLF,IYF,Financials
2021-10-07,3.659193143743576,4.446643277759854,38.83,85.34,0.005959,0.007318,0.0,0.0,0.005958549222797927,0.007318224740321058,0.0,-0.0013596755175231305,53295643.0,733246.0,2265350072.8960004,44394631.663,XLF,IYF,Financials
2021-10-08,3.6640743351949654,4.45213554981903,39.02,85.81,0.004893,0.005507,0.0,0.0,0.004893123873293845,0.005507382235762831,0.0,-0.0006142583624689857,38607472.0,313952.0,2266743742.1029997,44488076.281,XLF,IYF,Financials
2021-10-11,3.65402917667819,4.442651256490317,38.63,85.0,-0.009995,-0.009439,0.0,0.0,-0.00999487442337263,-0.009439459270481296,0.0,-0.0005554151528913333,50748310.0,261603.0,2288090627.3459997,43972241.631,XLF,IYF,Financials
2021-10-12,3.6509179478268177,4.441120673981586,38.51,84.87,-0.003106,-0.001529,0.0,0.0,-0.003106393994304944,-0.0015294117647058824,0.0,-0.0015769822295990618,58527656.0,414442.0,2315171677.724,43985122.723000005,XLF,IYF,Financials
2021-10-13,3.6451887654892032,4.438052462936409,38.29,84.61,-0.005713,-0.003064,0.0,0.0,-0.005712801869644248,-0.0030635088959585248,0.0,-0.0026492929736857233,72113636.0,402840.0,2384404974.8310003,44114320.129999995,XLF,IYF,Financials
2021-10-14,3.6617651616223643,4.455160918661383,38.93,86.07,0.016715,0.017256,0.0,0.0,0.0167145468790807,0.017255643540952607,0.0,-0.0005410966618719058,51893515.0,297608.0,2404962371.391,43889599.64,XLF,IYF,Financials
2021-10-15,3.6765538044232993,4.468204330914934,39.51,87.2,0.014899,0.013129,0.0,0.0,0.014898535833547394,0.013128848611595214,0.0,0.0017696872219521795,58411071.0,396867.0,2364438208.5635,43681112.06,XLF,IYF,Financials
2021-10-18,3.6768068728796672,4.468319003238894,39.52,87.21,0.000253,0.000115,0.0,0.0,0.0002531004808909137,0.00011467889908256881,0.0,0.0001384215818083449,56312728.0,207113.0,2302083511.3015003,41123797.2125,XLF,IYF,Financials
2021-10-19,3.686626919060642,4.478926459413841,39.91,88.14,0.009868,0.010664,0.0,0.0,0.009868421052631578,0.010663914688682491,0.0,-0.0007954936360509129,33082564.0,235332.0,2284446153.2385,39588919.7805,XLF,IYF,Financials
2021-10-20,3.694612985961697,4.4868369990262265,40.23,88.84,0.008018,0.007942,0.0,0.0,0.008018040591330494,0.007941910596777853,0.0,7.612999455264106e-05,44670214.0,385541.0,2266030397.8545003,39405878.1815,XLF,IYF,Financials
2021-10-21,3.6903783302376723,4.485823428355525,40.06,88.75,-0.004226,-0.001013,0.0,0.0,-0.004225702212279393,-0.0010130571814497974,0.0,-0.003212645030829596,35067638.0,266943.0,2199769596.4814997,37783800.344,XLF,IYF,Financials
2021-10-22,3.7042605561522386,4.497696327682858,40.62,89.81,0.013979,0.011944,0.0,0.0,0.013979031452820768,0.011943661971830987,0.0,0.0020353694809897814,41458194.0,339987.0,2192116924.9035,37889904.989,XLF,IYF,Financials
2021-10-25,3.703028877218356,4.497918995241116,40.57,89.83,-0.001231,0.000223,0.0,0.0,-0.0012309207287050715,0.0002226923505177597,0.0,-0.0014536130792228313,33120959.0,233354.0,2145417837.9239998,36340755.0705,XLF,IYF,Financials
2021-10-26,3.703768066607687,4.499031589926425,40.6,89.93,0.000739,0.001113,0.0,0.0,0.0007394626571358146,0.0011132138483802739,0.0,-0.00037375119124445925,41586934.0,306299.0,2046668468.0689998,34314778.464,XLF,IYF,Financials
2021-10-27,3.6871279210751298,4.481645699702594,39.93,88.38,-0.016502,-0.017236,0.0,0.0,-0.01650246305418719,-0.017235627710441456,0.0,0.0007331646562542642,62449508.0,541673.0,2076247863.5330002,34887743.703,XLF,IYF,Financials
2021-10-28,3.699324711975475,4.495578509357997,40.42,89.62,0.012271,0.01403,0.0,0.0,0.012271475081392437,0.014030323602625029,0.0,-0.0017588485212325922,44566648.0,450893.0,2028733462.1215,34937648.3135,XLF,IYF,Financials
2021-10-29,3.695358420211645,4.491105229700119,40.26,89.22,-0.003958,-0.004463,1388970000.0,22305000.0,0.02772621838563635,0.004703715256928887,1366665000.0,0.02302250312870746,42091996.0,215542.0,1979092733.4220002,33482544.983,XLF,IYF,Financials
2021-11-01,3.6958550678503617,4.4942386252808095,40.28,89.5,0.000497,0.003138,0.0,0.0,0.0004967709885742673,0.003138309796009863,0.0,-0.002641538807435596,37503770.0,281055.0,1922685180.7580001,32283044.299000002,XLF,IYF,Financials
2021-11-02,3.6983346128846915,4.497362233353786,40.38,89.78,0.002483,0.003128,0.0,0.0,0.0024826216484607746,0.0031284916201117317,0.0,-0.000645869971650957,31436827.0,349137.0,1878075471.7910004,31452181.78,XLF,IYF,Financials
2021-11-03,3.7020424406402173,4.502472787749749,40.53,90.24,0.003715,0.005124,0.0,0.0,0.003714710252600297,0.0051236355535754065,0.0,-0.0014089253009751095,42946753.0,418041.0,1842685107.4355,30937866.987999998,XLF,IYF,Financials
2021-11-04,3.6888794541139363,4.488524003868771,40.0,88.99,-0.013077,-0.013852,0.0,0.0,-0.01307673328398717,-0.013851950354609928,0.0,0.0007752170706227576,48279711.0,346881.0,1835771038.5509999,29352553.3155,XLF,IYF,Financials
2021-11-05,3.6893793291555874,4.48897339158558,40.02,89.03,0.0005,0.000449,0.0,0.0,0.0005,0.0004494887065962468,0.0,5.0511293403753216e-05,57866347.0,432252.0,1876238421.0260003,29929712.0375,XLF,IYF,Financials
2021-11-08,3.6948615257914836,4.492896943505305,40.24,89.38,0.005497,0.003931,0.0,0.0,0.005497251374312844,0.003931259126137257,0.0,0.0015659922481755864,32864577.0,381678.0,1844341589.185,30523618.2695,XLF,IYF,Financials
2021-11-09,3.6893793291555874,4.488861063587708,40.02,89.02,-0.005467,-0.004028,0.0,0.0,-0.0054671968190854875,-0.004027746699485343,0.0,-0.0014394501196001441,48420388.0,255560.0,1828535783.9450002,29902431.202499997,XLF,IYF,Financials
2021-11-10,3.6876286722122837,4.484244718059211,39.95,88.61,-0.001749,-0.004606,0.0,0.0,-0.0017491254372813594,-0.004605706582790384,0.0,0.0028565811455090245,60695081.0,295984.0,1811712652.1204998,29509573.6945,XLF,IYF,Financials
2021-11-11,3.6903783302376723,4.488299234256676,40.06,88.97,0.002753,0.004063,0.0,0.0,0.002753441802252816,0.004062746868299289,0.0,-0.0013093050660464732,31438902.0,272068.0,1773674045.8790002,29439112.164499998,XLF,IYF,Financials
2021-11-12,3.6926224403927708,4.49065679919933,40.15,89.18,0.002247,0.00236,0.0,0.0,0.0022466300549176237,0.0023603461841070024,0.0,-0.00011371612918937863,39218825.0,250694.0,1737014766.3060002,28826616.590499997,XLF,IYF,Financials
2021-11-15,3.6926224403927708,4.49020816751841,40.15,89.14,0.0,-0.000449,0.0,0.0,0.0,-0.00044853106077595876,0.0,0.00044853106077595876,30081055.0,184632.0,1686128533.6905,28746405.177999996,XLF,IYF,Financials
2021-11-16,3.6916256797819615,4.49032034430915,40.11,89.15,-0.000996,0.000112,0.0,0.0,-0.00099626400996264,0.0001121830827911151,0.0,-0.0011084470927537552,32599496.0,201643.0,1685490566.4565,28608120.726499997,XLF,IYF,Financials
2021-11-17,3.680090948080857,4.4796069630127455,39.65,88.2,-0.011468,-0.010656,0.0,0.0,-0.011468461730241835,-0.01065619742007852,0.0,-0.0008122643101633152,53557211.0,293775.0,1701813601.803,28191095.354500003,XLF,IYF,Financials
2021-11-18,3.6750340472918834,4.475744638547633,39.45,87.86,-0.005044,-0.003855,0.0,0.0,-0.005044136191677175,-0.003854875283446712,0.0,-0.0011892609082304632,42995332.0,351475.0,1716381415.259,28550565.467,XLF,IYF,Financials
2021-11-19,3.6640743351949654,4.465103197090973,39.02,86.93,-0.0109,-0.010585,0.0,0.0,-0.010899873257287706,-0.010585021625312998,0.0,-0.00031485163197470835,71858073.0,345886.0,1772374923.668,28527247.3425,XLF,IYF,Financials
2021-11-22,3.678071255397333,4.4779048349422155,39.57,88.05,0.014095,0.012884,0.0,0.0,0.014095335725269094,0.012883929598527551,0.0,0.0012114061267415425,81965804.0,430309.0,1867358401.5505002,29373573.224,XLF,IYF,Financials
2021-11-23,3.6936182084611096,4.492001487882454,40.19,89.3,0.015668,0.014197,0.0,0.0,0.015668435683598686,0.014196479273140262,0.0,0.0014719564104584242,61571249.0,387576.0,1906664350.396,29726826.6105,XLF,IYF,Financials
2021-11-24,3.6913763343125234,4.490544660146788,40.1,89.17,-0.002239,-0.001456,0.0,0.0,-0.002239363025628266,-0.0014557670772676371,0.0,-0.0007835959483606287,40410284.0,436033.0,1863006527.0940003,29277226.753999997,XLF,IYF,Financials
2021-11-26,3.657646751682838,4.458524605646606,38.77,86.36,-0.033167,-0.031513,0.0,0.0,-0.03316708229426434,-0.03151284064147135,0.0,-0.001654241652792994,76492188.0,852416.0,1921217437.9240003,30937507.509000003,XLF,IYF,Financials
2021-11-29,3.660737148167656,4.462453883786496,38.89,86.7,0.003095,0.003937,0.0,0.0,0.003095176683002321,0.003937007874015748,0.0,-0.0008418311910134268,79316461.0,581434.0,1990717108.3905003,32496491.037,XLF,IYF,Financials
2021-11-30,3.636532973741727,4.436514819957951,37.96,84.48,-0.023914,-0.025606,-383396000.0,21120000.0,-0.03272332201960755,-0.016715075897254565,-404516000.0,-0.016008246122352986,121263739.0,696086.0,2145343092.2325,34179037.176,XLF,IYF,Financials
2021-12-01,3.6254070311583626,4.426163130161966,37.54,83.61,-0.011064,-0.010298,0.0,0.0,-0.011064278187565859,-0.010298295454545454,0.0,-0.0007659827330204049,102020897.0,955060.0,2273365362.1885004,36604389.513,XLF,IYF,Financials
2021-12-02,3.654805473780185,4.454463568563388,38.66,86.01,0.029835,0.028705,0.0,0.0,0.02983484283431007,0.02870470039468963,0.0,0.001130142439620438,98076428.0,997568.0,2375915502.558,39008229.705,XLF,IYF,Financials
2021-12-03,3.638375321940168,4.437934266612178,38.03,84.6,-0.016296,-0.016394,0.0,0.0,-0.016295913088463527,-0.01639344262295082,0.0,9.752953448729368e-05,97178184.0,674515.0,2464140397.4340005,40317981.1455,XLF,IYF,Financials
2021-12-06,3.653511310276145,4.450736132681027,38.61,85.69,0.015251,0.012884,0.0,0.0,0.015251117538785169,0.012884160756501182,0.0,0.0023669567822839875,69716619.0,827730.0,2482937770.0665,41940220.552499995,XLF,IYF,Financials
2021-12-07,3.6712245188752153,4.468662941333428,39.3,87.24,0.017871,0.018088,0.0,0.0,0.017871017871017872,0.018088458396545687,0.0,-0.000217440525527815,115475490.0,778125.0,2643723578.9925,43628682.8205,XLF,IYF,Financials
2021-12-08,3.6658666798048634,4.463952184072554,39.09,86.83,-0.005343,-0.0047,0.0,0.0,-0.0053435114503816794,-0.004699679046309032,0.0,-0.0006438324040726473,53033223.0,462116.0,2650487816.9579997,44497461.8745,XLF,IYF,Financials
2021-12-09,3.663818023518565,4.460144413937834,39.01,86.5,-0.002047,-0.003801,0.0,0.0,-0.0020465592223074956,-0.003800529770816538,0.0,0.0017539705485090425,45521116.0,422004.0,2618038329.4185,45011272.0625,XLF,IYF,Financials
2021-12-10,3.664842876285695,4.460606734796738,39.05,86.54,0.001025,0.000462,0.0,0.0,0.0010253781081773904,0.00046242774566473987,0.0,0.0005629503625126505,38900921.0,480473.0,2631020256.9649997,45879984.2355,XLF,IYF,Financials
2021-12-13,3.65402917667819,4.445118797839864,38.63,85.21,-0.010755,-0.012159,0.0,0.0,-0.010755441741357234,-0.015368615669054772,0.0,0.0046131739276975385,44343023.0,455077.0,2637937014.7019997,46700995.248,XLF,IYF,Financials
2021-12-14,3.659965443949294,4.449685283147696,38.86,85.6,0.005954,0.004577,0.0,0.0,0.00595392182241781,0.0045769275906583735,0.0,0.0013769942317594366,51734388.0,503220.0,2678069212.6734996,48031872.024000004,XLF,IYF,Financials
2021-12-15,3.662792119350618,4.455160918661383,38.97,86.07,0.002831,0.005491,0.0,0.0,0.0028306742151312406,0.0054906542056074766,0.0,-0.002659979990476236,70424908.0,836454.0,2749913856.6835,50732728.140499994,XLF,IYF,Financials
2021-12-16,3.6752875005944694,4.463491407656154,39.46,86.79,0.012574,0.008365,0.0,0.0,0.012573774698486015,0.008365284071104914,0.0,0.004208490627381101,71156600.0,967691.0,2784128657.6759996,53636475.485,XLF,IYF,Financials
2021-12-17,3.6529931755495273,4.442651256490317,38.59,85.0,-0.022048,-0.020625,0.0,0.0,-0.022047643182970096,-0.02062449590966701,0.0,-0.0014231472733030846,97801910.0,802471.0,2888029150.651,55502947.56,XLF,IYF,Financials
2021-12-20,3.628598523229006,4.422928625994308,37.66,83.34,-0.019321,-0.01953,0.0,0.0,-0.02409950764446748,-0.019529411764705882,0.0,-0.004570095879761597,85242261.0,2940085.0,2908345227.691,66250888.256,XLF,IYF,Financials
2021-12-21,3.6490985841020915,4.4435919903320364,38.44,85.08,0.020712,0.020878,0.0,0.0,0.020711630377057887,0.02087832973362131,0.0,-0.00016669935656342394,57667861.0,726985.0,2857013513.319,67449047.07349999,XLF,IYF,Financials
2021-12-22,3.653770277000368,4.450736132681027,38.62,85.69,0.004683,0.00717,0.0,0.0,0.004682622268470343,0.007169722614010343,0.0,-0.00248710034554,49702741.0,477160.0,2829262081.3245,67762912.2535,XLF,IYF,Financials
2021-12-23,3.658935577740864,4.4577137165202165,38.82,86.29,0.005179,0.007002,0.0,0.0,0.005178663904712584,0.00700198389543704,0.0,-0.001823319990724456,39057328.0,405743.0,2824049735.5525,67569437.2965,XLF,IYF,Financials
2021-12-27,3.6691868207682004,4.468319003238894,39.22,87.21,0.010304,0.010662,0.0,0.0,0.010303967027305513,0.010661722099895701,0.0,-0.0003577550725901886,36120273.0,249028.0,2746601484.4674997,64974591.6025,XLF,IYF,Financials
2021-12-28,3.6696966346971625,4.467286478624705,39.24,87.12,0.00051,-0.001032,0.0,0.0,0.0005099439061703213,-0.0010319917440660474,0.0,0.0015419356502363686,34055239.0,395130.0,2659187004.9709997,64175261.49249999,XLF,IYF,Financials
2021-12-29,3.66842161221154,4.466712392840524,39.19,87.07,-0.001274,-0.000574,0.0,0.0,-0.0012742099898063201,-0.000573921028466483,0.0,-0.0007002889613398371,27150504.0,191139.0,2482229840.937,62067117.864999995,XLF,IYF,Financials
2021-12-30,3.6666338451666167,4.463491407656154,39.12,86.79,-0.001786,-0.003216,0.0,0.0,-0.001786169941311559,-0.0032158033765935456,0.0,0.0014296334352819865,30089129.0,192190.0,2349590953.592,58908498.04,XLF,IYF,Financials
2021-12-31,3.664842876285695,4.462338536880549,39.05,86.69,-0.001789,-0.001152,1409705000.0,177714500.0,0.030705846861339616,0.07290341655264407,1231990500.0,-0.04219756969130445,28497790.0,263626.0,2215651153.243,55761143.753,XLF,IYF,Financials
2022-01-03,3.677059877308594,4.472438473534133,39.53,87.57,0.012292,0.010151,0.0,0.0,0.012291933418693982,0.010151113161841042,0.0,0.00214082025685294,49884422.0,782597.0,2129463396.4499996,56334546.267500006,XLF,IYF,Financials
2022-01-04,3.703028877218356,4.4953553199808844,40.57,89.6,0.026309,0.023181,0.0,0.0,0.026309132304578802,0.023181454836131096,0.0,0.0031276774684477066,74210177.0,935269.0,2145410807.515,56978142.2025,XLF,IYF,Financials
2022-01-05,3.6913763343125234,4.481645699702594,40.1,88.38,-0.011585,-0.013616,0.0,0.0,-0.011584914961794429,-0.013616071428571429,0.0,0.002031156466777,76288355.0,690169.0,2071459621.44,56633817.7635,XLF,IYF,Financials
2022-01-06,3.7059823620135983,4.497473610532717,40.69,89.79,0.014713,0.015954,0.0,0.0,0.014713216957605985,0.015953835709436523,0.0,-0.0012406187518305377,57725155.0,553750.0,2085248014.934,57113601.7745,XLF,IYF,Financials
2022-01-07,3.7177098357818132,4.506895616719751,41.17,90.64,0.011797,0.009467,0.0,0.0,0.01179651019906611,0.009466533021494599,0.0,0.0023299771775715118,62185450.0,825276.0,2124467827.001,59028585.3065,XLF,IYF,Financials
2022-01-10,3.714303506454095,4.503912353913864,41.03,90.37,-0.003401,-0.002979,0.0,0.0,-0.003400534369686665,-0.002978817299205649,0.0,-0.00042171707048101626,73620239.0,766750.0,2199545699.057,60414138.5105,XLF,IYF,Financials
2022-01-11,3.7230393057606412,4.51393170555382,41.39,91.28,0.008774,0.01007,0.0,0.0,0.008774067755300999,0.010069713400464756,0.0,-0.0012956456451637573,60706271.0,581884.0,2239528777.967,61131001.52800001,XLF,IYF,Financials
2022-01-12,3.723763855967438,4.514369821661595,41.42,91.32,0.000725,0.000438,0.0,0.0,0.000724812756704518,0.00043821209465381246,0.0,0.0002866006620507055,51560590.0,657920.0,2245790843.973,61981282.648,XLF,IYF,Financials
2022-01-13,3.7198935076431057,4.509649984130679,41.26,90.89,-0.003863,-0.004709,0.0,0.0,-0.00386286817962337,-0.004708716600963644,0.0,0.000845848421340274,51659563.0,543712.0,2215141589.204,60852502.043,XLF,IYF,Financials
2022-01-14,3.709417105331484,4.501585869731521,40.83,90.16,-0.010422,-0.008032,0.0,0.0,-0.010421715947649055,-0.008031686654197382,0.0,-0.002390029293451673,81135462.0,549794.0,2240387663.077,59131678.3005,XLF,IYF,Financials
2022-01-18,3.686877451443263,4.479947041234014,39.92,88.23,-0.022288,-0.021406,0.0,0.0,-0.02228753367621847,-0.021406388642413485,0.0,-0.000881145033804983,82556556.0,685273.0,2216461763.508,58744258.39,XLF,IYF,Financials
2022-01-19,3.6699514442284173,4.462338536880549,39.25,86.69,-0.016784,-0.017454,0.0,0.0,-0.016783567134268536,-0.017454380596169102,0.0,0.0006708134619005657,85975120.0,827621.0,2224676759.0449996,50080247.41949999,XLF,IYF,Financials
2022-01-20,3.6635616461296463,4.455857782801083,39.0,86.13,-0.006369,-0.00646,0.0,0.0,-0.006369426751592357,-0.006459799284807936,0.0,9.037253321557935e-05,80314021.0,632456.0,2270451471.153,49711324.9935,XLF,IYF,Financials
2022-01-21,3.6428355156125294,4.435330406696193,38.2,84.38,-0.020513,-0.020318,0.0,0.0,-0.020512820512820513,-0.020318123766399628,0.0,-0.00019469674642088458,117914259.0,769097.0,2399691712.972,50911753.2165,XLF,IYF,Financials
2022-01-24,3.6457109587125576,4.438643235092778,38.31,84.66,0.00288,0.003318,0.0,0.0,0.0028795811518324606,0.0033183218772220905,0.0,-0.00043874072538962984,169203858.0,1257997.0,2647991429.3230004,54486276.344,XLF,IYF,Financials
2022-01-25,3.6498787167642037,4.437697832044343,38.47,84.58,0.004176,-0.000945,0.0,0.0,0.004176455233620465,-0.0009449562957713206,0.0,0.005121411529391786,97364909.0,660697.0,2764440976.4315,56194477.363,XLF,IYF,Financials
2022-01-26,3.6524747722201365,4.4405313640464446,38.57,84.82,0.002599,0.002838,0.0,0.0,0.0025994281258123215,0.0028375502482856467,0.0,-0.00023812212247332522,106681998.0,647450.0,2903360830.6565,57219126.53300001,XLF,IYF,Financials
2022-01-27,3.643358938812127,4.432957363342425,38.22,84.18,-0.009074,-0.007545,0.0,0.0,-0.009074410163339383,-0.00754539023815138,0.0,-0.0015290199251880039,91498935.0,463533.0,3025013882.8535004,58338013.293500006,XLF,IYF,Financials
2022-01-28,3.656356262408376,4.4474631899580555,38.72,85.41,0.013082,0.014612,0.0,0.0,0.013082155939298797,0.014611546685673557,0.0,-0.0015293907463747609,79753586.0,673321.0,3120562489.0255003,60379422.118999995,XLF,IYF,Financials
2022-01-31,3.665098925448533,4.458524605646606,39.06,86.36,0.008781,0.011123,2648268000.0,30226000.0,0.0685125754197325,0.023038408122121972,2618042000.0,0.04547416729761053,58740942.0,287967.0,3179641613.7764997,60480176.72800001,XLF,IYF,Financials
2022-02-01,3.6788291182604347,4.472438473534133,39.6,87.57,0.013825,0.014011,0.0,0.0,0.013824884792626729,0.014011116257526633,0.0,-0.00018623146489990354,64601491.0,642010.0,3208956005.8735,59864616.54849999,XLF,IYF,Financials
2022-02-02,3.6856241613932634,4.478926459413841,39.87,88.14,0.006818,0.006509,0.0,0.0,0.006818181818181818,0.006509078451524495,0.0,0.00030910336665732323,46649415.0,205529.0,3151416270.6315002,56580377.73150001,XLF,IYF,Financials
2022-02-03,3.674526947889536,4.466252886801422,39.43,87.03,-0.011036,-0.012594,0.0,0.0,-0.011035866566340606,-0.01259360108917631,0.0,0.0015577345228357034,50676954.0,356009.0,3098367733.6675005,55079694.08400001,XLF,IYF,Financials
2022-02-04,3.6913763343125234,4.482663511495295,40.1,88.47,0.016992,0.016546,0.0,0.0,0.016992137966015723,0.016546018614270942,0.0,0.0004461193517447809,77792442.0,409643.0,3136899752.0299997,54405689.2695,XLF,IYF,Financials
2022-02-07,3.6943643843445058,4.4850343847481104,40.22,88.68,0.002993,0.002374,0.0,0.0,0.0029925187032418953,0.002373685995252628,0.0,0.0006188327079892672,52710433.0,278738.0,3114891683.968,51901462.7295,XLF,IYF,Financials
2022-02-08,3.708191765146309,4.496582245571192,40.78,89.71,0.013923,0.011615,0.0,0.0,0.0139234211834908,0.011614794767704105,0.0,0.002308626415786696,56921248.0,465526.0,3079922188.3315,50525019.7275,XLF,IYF,Financials
2022-02-09,3.714547200862514,4.5031374604229395,41.04,90.3,0.006376,0.006577,0.0,0.0,0.0063756743501716525,0.006576747296845391,0.0,-0.0002010729466737386,67505320.0,437464.0,3092811477.137,49844451.1115,XLF,IYF,Financials
2022-02-10,3.7057365711803594,4.494126887194767,40.68,89.49,-0.008772,-0.00897,0.0,0.0,-0.008771929824561403,-0.008970099667774087,0.0,0.00019816984321268348,67260802.0,531292.0,3122837966.5150003,49217654.4455,XLF,IYF,Financials
2022-02-11,3.6916256797819615,4.477109515920573,40.11,87.98,-0.014012,-0.016873,0.0,0.0,-0.014011799410029498,-0.01687339367527098,0.0,0.00286159426524148,77962762.0,381893.0,3172618607.237,48426702.5685,XLF,IYF,Financials
2022-02-14,3.68034312309165,4.465678207169493,39.66,86.98,-0.011219,-0.011366,0.0,0.0,-0.011219147344801951,-0.011366219595362582,0.0,0.0001470722505606311,71539805.0,476053.0,3148843994.879,48018585.7135,XLF,IYF,Financials
2022-02-15,3.6938669956249757,4.480626850913491,40.2,88.29,0.013616,0.015061,0.0,0.0,0.013615733736762642,0.015060933547942055,0.0,-0.001445199811179413,55459558.0,274505.0,3095534820.683,46207306.196499996,XLF,IYF,Financials
2022-02-16,3.694612985961697,4.481985085417713,40.23,88.41,0.000746,0.001359,0.0,0.0,0.0007462686567164179,0.0013591573224600749,0.0,-0.0006128886657436569,41168838.0,200428.0,3009619765.32,43505974.946,XLF,IYF,Financials
2022-02-17,3.6694417602214613,4.455625548708074,39.23,86.11,-0.024857,-0.026015,0.0,0.0,-0.024857071836937607,-0.026015156656486824,0.0,0.0011580848195492169,59108474.0,268859.0,2968948696.1210003,41939875.6065,XLF,IYF,Financials
2022-02-18,3.6691868207682004,4.453882071774309,39.22,85.96,-0.000255,-0.001742,0.0,0.0,-0.0002549069589599796,-0.0017419579607478807,0.0,0.001487051001787901,47824547.0,276033.0,2837516398.098,39881445.1975,XLF,IYF,Financials
2022-02-22,3.6640743351949654,4.448399410038142,39.02,85.49,-0.005099,-0.005468,0.0,0.0,-0.005099439061703213,-0.005467659376454164,0.0,0.0003682203147509517,60719703.0,341967.0,2631870548.6519995,36018081.838,XLF,IYF,Financials
2022-02-23,3.6464937376174986,4.431887653844806,38.34,84.09,-0.017427,-0.016376,0.0,0.0,-0.017426960533059806,-0.016376184349046672,0.0,-0.0010507761840131344,64169775.0,417932.0,2567602604.8655,34981189.319,XLF,IYF,Financials
2022-02-24,3.6344232683178777,4.421006934314765,37.88,83.18,-0.011998,-0.010822,0.0,0.0,-0.011997913406364273,-0.010821738613390416,0.0,-0.001176174792973857,143075729.0,2761508.0,2632851802.4485,43720465.640999995,XLF,IYF,Financials
2022-02-25,3.66612246699132,4.454463568563388,39.1,86.01,0.032207,0.034023,0.0,0.0,0.032206969376979935,0.034022601586919936,0.0,-0.0018156322099400005,99127106.0,559112.0,2651790829.8935003,44173916.4,XLF,IYF,Financials
2022-02-28,3.651177586929925,4.440649253819643,38.52,84.83,-0.014834,-0.013719,-21186000.0,-139969500.0,-0.015280512005342979,-0.06787451290828118,118783500.0,0.052594000902938205,107370166.0,470573.0,2704182827.1134996,43294434.449,XLF,IYF,Financials
2022-03-01,3.6136169696133895,4.404888303817144,37.1,81.85,-0.036864,-0.035129,0.0,0.0,-0.03686396677050883,-0.03512908169279736,0.0,-0.0017348850777114677,129873103.0,804525.0,2830376373.4525003,45343511.5055,XLF,IYF,Financials
2022-03-02,3.6391638618680036,4.4331949212482815,38.06,84.2,0.025876,0.028711,0.0,0.0,0.02587601078167116,0.028711056811240074,0.0,-0.002835046029568914,88182450.0,420187.0,2870276623.6225004,44301457.990499996,XLF,IYF,Financials
2022-03-03,3.636005964506868,4.428194315518889,37.94,83.78,-0.003153,-0.004988,0.0,0.0,-0.0031529164477141357,-0.0049881235154394295,0.0,0.0018352070677252938,71952780.0,414792.0,2913775438.48,45133255.3755,XLF,IYF,Financials
2022-03-04,3.6171148878846253,4.408668565620303,37.23,82.16,-0.018714,-0.019336,0.0,0.0,-0.01871375856615709,-0.01933635712580568,0.0,0.0006225985596485899,105917530.0,323614.0,3011031305.764,44913488.524000004,XLF,IYF,Financials
2022-03-07,3.579901291544191,4.368941395125226,35.87,78.96,-0.03653,-0.038948,0.0,0.0,-0.0365296803652968,-0.03894839337877313,0.0,0.002418713013476327,116046210.0,901596.0,3063186337.189,46660933.7215,XLF,IYF,Financials
2022-03-08,3.574029612434994,4.364626119993714,35.66,78.62,-0.005854,-0.004306,0.0,0.0,-0.005854474491218464,-0.004305977710233029,0.0,-0.0015484967809854342,114914996.0,457814.0,3162079094.2939997,47224676.2635,XLF,IYF,Financials
2022-03-09,3.6101067729485403,4.400480313332128,36.97,81.49,0.036736,0.036505,0.0,0.0,0.03673583847448139,0.03650470618163317,0.0,0.00023113229284821984,88716382.0,428543.0,3210008901.7489996,46882657.844000004,XLF,IYF,Financials
2022-03-10,3.6016862424115588,4.392595586023115,36.66,80.85,-0.008385,-0.007854,0.0,0.0,-0.0083851771706791,-0.007853724383359921,0.0,-0.0005314527873191786,71547288.0,361363.0,3202634164.013,46368317.8115,XLF,IYF,Financials
2022-03-11,3.594568774642695,4.38589414620037,36.4,80.31,-0.007092,-0.006679,0.0,0.0,-0.0070921985815601135,-0.006679035250463822,0.0,-0.00041316333109629125,76788207.0,390586.0,3205580229.4849997,45559449.8405,XLF,IYF,Financials
2022-03-14,3.607126952241677,4.394819456472634,36.86,81.03,0.012637,0.008965,0.0,0.0,0.012637362637362638,0.008965259618976467,0.0,0.0036721030183861705,70969670.0,769669.0,3180023012.104,46997816.487,XLF,IYF,Financials
2022-03-15,3.6211358020274167,4.407816206360175,37.38,82.09,0.014107,0.013082,0.0,0.0,0.01410743353228432,0.013081574725410341,0.0,0.0010258588068739784,51828689.0,374103.0,3135027398.5299997,46462967.7535,XLF,IYF,Financials
2022-03-16,3.6488384045767526,4.437224795138644,38.43,84.54,0.02809,0.029845,0.0,0.0,0.028089887640449437,0.029845291752954074,0.0,-0.0017554041125046362,87007585.0,467035.0,3190738761.5275,47225322.376,XLF,IYF,Financials
2022-03-17,3.661251286996462,4.4479314095616,38.91,85.45,0.01249,0.010764,0.0,0.0,0.012490241998438557,0.010764135320558315,0.0,0.0017261066778802413,58266358.0,416600.0,3221284843.3795004,48119253.901999995,XLF,IYF,Financials
2022-03-18,3.6635616461296463,4.452834524684393,39.0,85.87,0.002313,0.004915,0.0,0.0,0.0023130300693910643,0.004915155061439439,0.0,-0.0026021249920483744,82342948.0,276413.0,3265912320.2285,48148460.693,XLF,IYF,Financials
2022-03-21,3.658677945380815,4.451086170605376,38.81,85.72,-0.000976,-0.001747,0.0,0.0,-0.004871794871794872,-0.0017468265983463375,0.0,-0.0031249682734485343,46828635.0,320884.0,3262999349.7790003,48337379.683,XLF,IYF,Financials
2022-03-22,3.6747805297344347,4.467401256243195,39.44,87.13,0.016233,0.016449,0.0,0.0,0.01623292965730482,0.01644890340643957,0.0,-0.000215973749134752,61053078.0,362044.0,3264931879.0420003,48452886.427499995,XLF,IYF,Financials
2022-03-23,3.6560979645895566,4.44886719159269,38.71,85.53,-0.018509,-0.018363,0.0,0.0,-0.018509127789046655,-0.01836336508665213,0.0,-0.00014576270239452516,42142591.0,260278.0,3223485405.2475,47808770.2005,XLF,IYF,Financials
2022-03-24,3.6640743351949654,4.4526015873434845,39.02,85.85,0.008008,0.007847,0.0,0.0,0.008008266597778351,0.0037413772945165437,0.0,0.004266889303261807,30421479.0,226030.0,3011852280.0505,37293892.203499995,XLF,IYF,Financials
2022-03-25,3.6768068728796672,4.463721822403716,39.52,86.81,0.012814,0.011182,0.0,0.0,0.012813941568426449,0.011182294700058241,0.0,0.0016316468683682077,48621632.0,262414.0,2914135132.6525,36028439.01450001,XLF,IYF,Financials
2022-03-28,3.6740195912069122,4.461415282342953,39.41,86.61,-0.002783,-0.002304,0.0,0.0,-0.0027834008097167586,-0.0023038820412394885,0.0,-0.00047951876847727006,44761020.0,287219.0,2795541782.8465,35276305.5145,XLF,IYF,Financials
2022-03-29,3.676300671907076,4.467860235023485,39.5,87.17,0.002284,0.006466,0.0,0.0,0.002283684344075268,0.006465766077820113,0.0,-0.004182081733744845,67968613.0,352031.0,2688865187.4565,33518114.065500002,XLF,IYF,Financials
2022-03-30,3.6691868207682004,4.4577137165202165,39.22,86.29,-0.007089,-0.010095,0.0,0.0,-0.007088607594936709,-0.010095216244120684,0.0,0.0030066086491839757,47405299.0,511825.0,2614015776.4455,33957395.758,XLF,IYF,Financials
2022-03-31,3.6459719531026598,4.437106500940836,38.32,84.53,-0.022948,-0.020396,-199264000.0,8453000.0,-0.02713843022848389,-0.016947029260975518,-207717000.0,-0.010191400967508372,66619563.0,240271.0,2605164435.4935,33235337.451500006,XLF,IYF,Financials
2022-04-01,3.643358938812127,4.435211888177536,38.22,84.37,-0.00261,-0.001893,0.0,0.0,-0.0026096033402922755,-0.0018928191174730864,0.0,-0.0007167842228191891,68422545.0,312654.0,2538754436.8935003,33224862.0385,XLF,IYF,Financials
2022-04-04,3.6389010843076948,4.430816798843313,38.05,84.0,-0.004448,-0.004385,0.0,0.0,-0.004447933019361591,-0.004385445063411165,0.0,-6.248795595042555e-05,134312434.0,544101.0,2586154964.9435,31950585.230499994,XLF,IYF,Financials
2022-04-05,3.6325736179028416,4.422808628394115,37.81,83.33,-0.006307,-0.007976,0.0,0.0,-0.006307490144546649,-0.007976190476190477,0.0,0.0016687003316438282,56165655.0,416407.0,2487442697.853,31885878.162,XLF,IYF,Financials
2022-04-06,3.6256733782101436,4.4146148242670336,37.55,82.65,-0.006877,-0.00816,0.0,0.0,-0.006876487701666226,-0.008160326413056522,0.0,0.0012838387113902963,55835385.0,381645.0,2428281401.0635004,31716927.671000004,XLF,IYF,Financials
2022-04-07,3.624607564093796,4.4124345908452645,37.51,82.47,-0.001065,-0.002178,0.0,0.0,-0.0010652463382157123,-0.002177858439201452,0.0,0.0011126121009857398,53346897.0,391878.0,2397187327.483,31872026.6765,XLF,IYF,Financials
2022-04-08,3.6346872250305093,4.421006934314765,37.89,83.18,0.010131,0.008609,0.0,0.0,0.010130631831511597,0.008609191221050078,0.0,0.0015214406104615188,44672328.0,218139.0,2342064516.1390004,31210868.6945,XLF,IYF,Financials
2022-04-11,3.6301904577652566,4.416307281150715,37.72,82.79,-0.004487,-0.004689,0.0,0.0,-0.0044866719451042494,-0.004688627073815821,0.0,0.00020195512871157197,54435476.0,498754.0,2313932722.065,30157146.924000002,XLF,IYF,Financials
2022-04-12,3.6192613872330663,4.4058652241537235,37.31,81.93,-0.01087,-0.010388,0.0,0.0,-0.010869565217391304,-0.010387727986471796,0.0,-0.00048183723091950806,67215440.0,334121.0,2342455305.644,29990367.837,XLF,IYF,Financials
2022-04-13,3.6192613872330663,4.4080598117206975,37.31,82.11,0.0,0.002197,0.0,0.0,0.0,0.0021969974368363236,0.0,-0.0021969974368363236,57446004.0,392211.0,2282435751.5285006,29626433.152500004,XLF,IYF,Financials
2022-04-14,3.607940511608584,4.397284637062863,36.89,81.23,-0.011257,-0.010717,0.0,0.0,-0.01125703564727955,-0.01071733041042504,0.0,-0.0005397052368545097,68544217.0,564410.0,2295508360.296,30138860.8675,XLF,IYF,Financials
2022-04-18,3.613886475072506,4.400234854322551,37.11,81.47,0.005964,0.002955,0.0,0.0,0.005963675792897805,0.002954573433460544,0.0,0.0030091023594372604,52748434.0,253239.0,2232814330.983,29983650.7185,XLF,IYF,Financials
2022-04-19,3.627535823872884,4.414735809083586,37.62,82.66,0.013743,0.014607,0.0,0.0,0.0137429264349232,0.014606603657788143,0.0,-0.000863677222864942,41519065.0,167149.0,2220040726.0305,29299168.7115,XLF,IYF,Financials
2022-04-20,3.6344232683178777,4.422568589986818,37.88,83.31,0.006911,0.007863,0.0,0.0,0.006911217437533227,0.00786353738204694,0.0,-0.0009523199445137121,54635831.0,313158.0,2203124320.1285,29026383.6745,XLF,IYF,Financials
2022-04-21,3.6184569898173904,4.405376883282097,37.28,81.89,-0.01584,-0.017045,0.0,0.0,-0.01583949313621964,-0.017044772536310166,0.0,0.0012052794000905268,55001040.0,487699.0,2224079273.8079996,29910188.362999998,XLF,IYF,Financials
2022-04-22,3.5882300459640066,4.375253750386452,36.17,79.46,-0.029775,-0.029674,0.0,0.0,-0.029774678111587984,-0.02967395286359751,0.0,-0.0001007252479904748,73170903.0,480980.0,2297056546.3545,30850888.128,XLF,IYF,Financials
2022-04-25,3.5898875049069856,4.376762804998783,36.23,79.58,0.001659,0.00151,0.0,0.0,0.0016588332872546309,0.0015101938082053865,0.0,0.0001486394790492444,91392751.0,391071.0,2366538169.959,31267951.669999998,XLF,IYF,Financials
2022-04-26,3.564449375735759,4.349503442968322,35.32,77.44,-0.025117,-0.026891,0.0,0.0,-0.025117306099917195,-0.02689117868811259,0.0,0.0017738725881953944,81457467.0,474507.0,2422190466.771,31861440.894500006,XLF,IYF,Financials
2022-04-27,3.5635996376871786,4.349890764643811,35.29,77.47,-0.000849,0.000387,0.0,0.0,-0.0008493771234428086,0.00038739669421487604,0.0,-0.0012367738176576847,81602997.0,449422.0,2431940944.3025002,32067949.897999994,XLF,IYF,Financials
2022-04-28,3.576270509731282,4.363608049149864,35.74,78.54,0.012752,0.013812,0.0,0.0,0.012751487673561915,0.01381179811539951,0.0,-0.0010603104418375944,62679984.0,332067.0,2450988284.3715,31163708.044500005,XLF,IYF,Financials
2022-04-29,3.541249137109912,4.327702435943282,34.51,75.77,-0.034415,-0.035269,-4679556000.0,-64404500.0,-0.1428849736509274,-0.06404134221471683,-4615151500.0,-0.07884363143621057,74631676.0,335064.0,2452122158.6015,31417592.626999997,XLF,IYF,Financials
2022-05-02,3.541538866215227,4.331916850188431,34.52,76.09,0.00029,0.004223,0.0,0.0,0.0002897710808461316,0.0042233073775900755,0.0,-0.003933536296743944,104408797.0,3055655.0,2501576258.7285,41723901.175500005,XLF,IYF,Financials
2022-05-03,3.5544905510752844,4.345103280569283,34.97,77.1,0.013036,0.013274,0.0,0.0,0.013035921205098494,0.013273754764095038,0.0,-0.0002378335589965433,73896338.0,1212334.0,2375254600.0365,44112224.5455,XLF,IYF,Financials
2022-05-04,3.584629432740137,4.373616367313912,36.04,79.33,0.030598,0.028924,0.0,0.0,0.030597655132971118,0.028923476005188183,0.0,0.0016741791277829349,87794900.0,586050.0,2427279839.059,44701832.105000004,XLF,IYF,Financials
2022-05-05,3.5550623063795967,4.344194956364874,34.99,77.03,-0.029134,-0.028993,0.0,0.0,-0.029134295227524972,-0.028992814824152276,0.0,-0.00014148040337269574,101094042.0,402064.0,2499312930.2005,44673233.6385,XLF,IYF,Financials
2022-05-06,3.5478917608129588,4.336636932375072,34.74,76.45,-0.007145,-0.00753,0.0,0.0,-0.007144898542440698,-0.007529533947812541,0.0,0.0003846354053718432,99281940.0,526327.0,2571713554.6570005,45069209.663,XLF,IYF,Financials
2022-05-09,3.523709956137547,4.310530632968812,33.91,74.48,-0.023892,-0.025768,0.0,0.0,-0.023891767415083476,-0.025768476128188358,0.0,0.001876708713104882,85922821.0,619765.0,2632763972.2665,46469974.422000006,XLF,IYF,Financials
2022-05-10,3.5148236417370144,4.303524406518924,33.61,73.96,-0.008847,-0.006982,0.0,0.0,-0.008846947803007963,-0.006981740064446947,0.0,-0.001865207738561016,107581186.0,2290886.0,2710888847.6035,52877078.666999996,XLF,IYF,Financials
2022-05-11,3.505557396986398,4.292101927145895,33.3,73.12,-0.009223,-0.011357,0.0,0.0,-0.009223445403153823,-0.011357490535424323,0.0,0.0021340451322704995,110212184.0,598361.0,2769001730.6435003,53695959.806499995,XLF,IYF,Financials
2022-05-12,3.498021566297695,4.288814252951703,33.05,72.88,-0.007508,-0.003282,0.0,0.0,-0.0075075075075075074,-0.003282275711159973,0.0,-0.004225231796347534,114331847.0,840483.0,2850769587.349,55148457.598000005,XLF,IYF,Financials
2022-05-13,3.512440560478137,4.3056854014171595,33.53,74.12,0.014523,0.017014,0.0,0.0,0.014523449319213313,0.017014270032931083,0.0,-0.00249082071371777,64036196.0,327339.0,2831696461.6865,54069224.71699999,XLF,IYF,Financials
2022-05-16,3.5040547671018634,4.297829475873126,33.25,73.54,-0.008351,-0.007825,0.0,0.0,-0.008350730688935281,-0.007825148407987047,0.0,-0.0005255822809482336,55662163.0,386754.0,2826360088.387,54459750.10849999,XLF,IYF,Financials
2022-05-17,3.5304697173662944,4.325059379032629,34.14,75.57,0.026767,0.027604,0.0,0.0,0.02676691729323308,0.027604025020396824,0.0,-0.0008371077271637425,62878389.0,411919.0,2855596137.145,55325359.233,XLF,IYF,Financials
2022-05-18,3.502549875922443,4.296332571463519,33.2,73.43,-0.027534,-0.028318,0.0,0.0,-0.02753368482718219,-0.02831811565435997,0.0,0.0007844308271777803,74279347.0,269490.0,2875419589.2510004,55010332.119,XLF,IYF,Financials
2022-05-19,3.4959013171314526,4.289500076996142,32.98,72.93,-0.006627,-0.006809,0.0,0.0,-0.006626506024096385,-0.006809206046574969,0.0,0.00018270002247858328,71533832.0,538926.0,2890856939.6590004,54978642.222500004,XLF,IYF,Financials
2022-05-20,3.494080375808869,4.289774274968795,32.92,72.95,-0.001819,0.000274,0.0,0.0,-0.0018192844147968466,0.0002742355683530971,0.0,-0.0020935199831499437,77984603.0,379854.0,2886890018.1215,54453226.1475,XLF,IYF,Financials
2022-05-23,3.5260663637080247,4.319353040145823,33.99,75.14,0.032503,0.030021,0.0,0.0,0.03250303766707169,0.03002056202878684,0.0,0.0024824756382848465,78189319.0,335275.0,2854214797.3255,54156782.8135,XLF,IYF,Financials
2022-05-24,3.5240048109237025,4.316020370261276,33.92,74.89,-0.00206,-0.003327,0.0,0.0,-0.002059429243895263,-0.003327122704285334,0.0,0.001267693460390071,77871468.0,420118.0,2842430920.3315,53892623.5605,XLF,IYF,Financials
2022-05-25,3.5319332036512097,4.324927042633309,34.19,75.56,0.00796,0.008946,0.0,0.0,0.007959905660377358,0.008946454800373881,0.0,-0.0009865491399965228,72192590.0,351136.0,2821855664.73,53478379.251499996,XLF,IYF,Financials
2022-05-26,3.554776469590456,4.348857573282368,34.98,77.39,0.023106,0.024219,0.0,0.0,0.02310617139514478,0.024219163578613024,0.0,-0.0011129921834682442,50803236.0,347764.0,2798701393.086,53520024.9405,XLF,IYF,Financials
2022-05-27,3.571502585960364,4.366151285515591,35.57,78.74,0.016867,0.017444,0.0,0.0,0.016866781017724413,0.01744411422664427,0.0,-0.0005773332089198564,43862515.0,266154.0,2747933919.0755,53298483.2745,XLF,IYF,Financials
2022-05-31,3.5686872687855304,4.362206507224575,35.47,78.43,-0.002811,-0.003937,-3252599000.0,3921500.0000000005,-0.0881521186750989,-0.002135808973245433,-3256520500.0,-0.08601630970185346,64813362.0,342414.0,2682670832.9605,43016020.327999994,XLF,IYF,Financials
2022-06-01,3.5524868292083815,4.345492309945908,34.9,77.13,-0.01607,-0.016575,0.0,0.0,-0.016069918240766846,-0.01657529006757629,0.0,0.0005053718268094448,48642415.0,391247.0,2638344100.1425,39851316.8135,XLF,IYF,Financials
2022-06-02,3.566146688731639,4.361951470242831,35.38,78.41,0.013754,0.016595,0.0,0.0,0.013753581661891117,0.01659535848567365,0.0,-0.0028417768237825342,45334692.0,351146.0,2560334760.4905,38903417.3815,XLF,IYF,Financials
2022-06-03,3.5516268606875596,4.3463994570307305,34.87,77.2,-0.014415,-0.015432,0.0,0.0,-0.014414923685698244,-0.015431705139650555,0.0,0.001016781453952311,36699409.0,180248.0,2447456153.6029997,38050625.1655,XLF,IYF,Financials
2022-06-06,3.5544905510752844,4.350922889622548,34.97,77.55,0.002868,0.004534,0.0,0.0,0.0028677946659020335,0.0045336787564766836,0.0,-0.00166588409057465,32829609.0,212382.0,2332405995.1594996,36862251.413,XLF,IYF,Financials
2022-06-07,3.562181801067979,4.35799005684564,35.24,78.1,0.007721,0.007092,0.0,0.0,0.007720903631684301,0.0070921985815602835,0.0,0.0006287050501240172,32031352.0,417272.0,2243163094.378,36183693.713,XLF,IYF,Financials
2022-06-08,3.544431549748063,4.340292766189574,34.62,76.73,-0.017594,-0.017542,0.0,0.0,-0.017593643586833255,-0.017541613316261202,0.0,-5.2030270572052395e-05,38251766.0,175229.0,2128586718.251,28384263.3435,XLF,IYF,Financials
2022-06-09,3.518980417318539,4.311067545733388,33.75,74.52,-0.02513,-0.025103,0.0,0.0,-0.02512998266897736,-0.0288022937573309,0.0,0.0036723110883535373,49715109.0,340613.0,2028977678.3285,27465779.5655,XLF,IYF,Financials
2022-06-10,3.48216274048526,4.275276264727001,32.53,71.9,-0.036148,-0.035158,0.0,0.0,-0.03614814814814815,-0.03515834675254954,0.0,-0.0009898013955986149,74190907.0,796158.0,1960715811.3965,27265247.523500003,XLF,IYF,Financials
2022-06-13,3.4518904959776733,4.242908235180575,31.56,69.61,-0.029819,-0.03185,0.0,0.0,-0.029818628957885028,-0.0318497913769125,0.0,0.0020311624190274685,104066783.0,533284.0,2017576512.3765,27908224.151499998,XLF,IYF,Financials
2022-06-14,3.443298557680791,4.235554730773624,31.29,69.1,-0.008555,-0.007327,0.0,0.0,-0.008555133079847909,-0.007326533544031154,0.0,-0.001228599535816755,75592236.0,372178.0,2043302219.611,27772004.6835,XLF,IYF,Financials
2022-06-15,3.4544221428994533,4.247208700523894,31.64,69.91,0.011186,0.011722,0.0,0.0,0.011185682326621925,0.01172214182344441,0.0,-0.0005364594968224855,87863646.0,645259.0,2074969097.56,28471071.5765,XLF,IYF,Financials
2022-06-16,3.4288125486951286,4.2189192968037315,30.84,67.96,-0.025284,-0.027893,0.0,0.0,-0.025284450063211124,-0.027893005292519077,0.0,0.002608555229307953,100884890.0,660501.0,2107229881.9199996,29726021.439499997,XLF,IYF,Financials
2022-06-17,3.4317265866969784,4.2227377769905,30.93,68.22,0.002918,0.003826,0.0,0.0,0.0029182879377431907,0.0038257798705121932,0.0,-0.0009074919327690025,116937652.0,633520.0,2170114671.7699995,29921764.5005,XLF,IYF,Financials
2022-06-21,3.4461707473048864,4.243482700225814,31.38,69.65,0.019848,0.020962,0.0,0.0,0.014548981571290009,0.020961594840222936,0.0,-0.006412613268932927,58065774.0,223947.0,2132857214.638,29316142.463,XLF,IYF,Financials
2022-06-22,3.443937535338314,4.241038941372905,31.31,69.48,-0.002231,-0.002441,0.0,0.0,-0.0022307202039515616,-0.0024407753050970362,0.0,0.0002100551011454746,48035818.0,363238.0,2075174540.0765,29318403.099999994,XLF,IYF,Financials
2022-06-23,3.440097530619712,4.239166146760841,31.19,69.35,-0.003833,-0.001871,0.0,0.0,-0.0038326413286489938,-0.001871042026482565,0.0,-0.0019615993021664287,69348921.0,389976.0,2051254172.648,29097513.028999995,XLF,IYF,Financials
2022-06-24,3.4763048541489607,4.276804998260776,32.34,72.01,0.036871,0.038356,0.0,0.0,0.03687079192048746,0.038356164383561896,0.0,-0.0014853724630744386,65489323.0,303828.0,2033737175.334,28864853.935000002,XLF,IYF,Financials
2022-06-27,3.4728976958273465,4.272909070138343,32.23,71.73,-0.003401,-0.003888,0.0,0.0,-0.0034013605442179276,-0.003888348840438947,0.0,0.00048698829622101933,47244836.0,145905.0,2021017368.784,28042469.4195,XLF,IYF,Financials
2022-06-28,3.462919440290152,4.263665306838804,31.91,71.07,-0.009929,-0.009201,0.0,0.0,-0.009928637914985917,-0.009201171058134791,0.0,-0.000727466856851126,42465051.0,234712.0,2010760874.727,27828670.2135,XLF,IYF,Financials
2022-06-29,3.4572626055951043,4.256038151220088,31.73,70.53,-0.005641,-0.007598,0.0,0.0,-0.005640864932623002,-0.007598142676234578,0.0,0.0019572777436115763,64507480.0,225064.0,1998155494.2400002,27279581.908499997,XLF,IYF,Financials
2022-06-30,3.4483989831464497,4.248209486939542,31.45,69.98,-0.008824,-0.007798,-1410532500.0,-66481000.00000001,-0.0541953993871963,-0.04182668511389526,-1344051500.0,-0.012368714273301044,75294325.0,319997.0,2031674806.1275,26890407.356,XLF,IYF,Financials
2022-07-01,3.461978853922014,4.261411467315905,31.88,70.91,0.013672,0.01329,0.0,0.0,0.013672496025437202,0.013289511288939697,0.0,0.00038298473649750475,77308387.0,290196.0,2074707304.8575,26542629.380999997,XLF,IYF,Financials
2022-07-05,3.4585224482814247,4.259576474917317,31.77,70.78,-0.00345,-0.001833,0.0,0.0,-0.003450439146800502,-0.001833309829361162,0.0,-0.00161712931743934,51536755.0,218590.0,2092588020.5835,26620462.110999998,XLF,IYF,Financials
2022-07-06,3.4560011737028296,4.256038151220088,31.69,70.53,-0.002518,-0.003532,0.0,0.0,-0.0025180988353792886,-0.0035320712065555243,0.0,0.0010139723711762357,48001737.0,219016.0,2111244201.5235,26569310.83,XLF,IYF,Financials
2022-07-07,3.4704124506836282,4.270675991750506,32.15,71.57,0.014516,0.014746,0.0,0.0,0.01451562006942253,0.014745498369488035,0.0,-0.00022987830006550476,33120102.0,238236.0,2108045523.2645001,25792391.196,XLF,IYF,Financials
2022-07-08,3.4682327829983137,4.267597343922845,32.08,71.35,-0.002177,-0.003074,0.0,0.0,-0.002177293934681182,-0.0030739136509710776,0.0,0.0008966197162898954,29062247.0,226917.0,2088447560.5065002,25929651.535,XLF,IYF,Financials
2022-07-11,3.4600950229096408,4.259435182087693,31.82,70.77,-0.008105,-0.008129,0.0,0.0,-0.008104738154613466,-0.008128941836019497,0.0,2.4203681406030977e-05,30564301.0,177696.0,2053181116.9600003,25289304.792999998,XLF,IYF,Financials
2022-07-12,3.453789831781326,4.253056253376921,31.62,70.32,-0.006285,-0.006359,0.0,0.0,-0.006285355122564425,-0.006358626536668206,0.0,7.327141410378053e-05,38210988.0,138149.0,1992921178.7525,22912848.667,XLF,IYF,Financials
2022-07-13,3.444895236927875,4.243051882383293,31.34,69.62,-0.008855,-0.009954,0.0,0.0,-0.008855154965211892,-0.009954493742889396,0.0,0.001099338777677504,51459499.0,283926.0,1909340830.1114998,22045100.110999998,XLF,IYF,Financials
2022-07-14,3.4255647381104497,4.223763342972998,30.74,68.29,-0.019145,-0.019104,0.0,0.0,-0.01914486279514997,-0.019103705831657568,0.0,-4.115696349240097e-05,57782271.0,459333.0,1879888127.4164996,22327617.649499997,XLF,IYF,Financials
2022-07-15,3.45883716110857,4.256321678298823,31.78,70.55,0.033832,0.033094,0.0,0.0,0.03383214053350683,0.03309415727046406,0.0,0.0007379832630427727,59650240.0,407184.0,1835672070.8045,21508456.375,XLF,IYF,Financials
2022-07-18,3.4550540544528663,4.252344965204106,31.66,70.27,-0.003776,-0.003969,0.0,0.0,-0.003775959723096287,-0.003968816442239546,0.0,0.0001928567191432592,38671585.0,209765.0,1741324689.4794998,20001083.3045,XLF,IYF,Financials
2022-07-19,3.484618989801228,4.283034685466931,32.61,72.46,0.030006,0.031166,0.0,0.0,0.030006317119393555,0.03116550448270942,0.0,-0.001159187363315866,40568032.0,270764.0,1626626786.8375,18821124.5565,XLF,IYF,Financials
2022-07-20,3.4882920885130893,4.2878533084066195,32.73,72.81,0.00368,0.00483,0.0,0.0,0.0036798528058876396,0.0048302511730611225,0.0,-0.001150398367173483,38508816.0,249067.0,1598541264.8154998,18947957.5425,XLF,IYF,Financials
2022-07-21,3.494687724749494,4.294014757350668,32.94,73.26,0.006416,0.006181,0.0,0.0,0.006416131989000917,0.006180469715698515,0.0,0.00023566227330240174,40573064.0,274574.0,1590165028.1445,18691833.2925,XLF,IYF,Financials
2022-07-22,3.488902962081261,4.286616449869223,32.75,72.72,-0.005768,-0.007371,0.0,0.0,-0.005768063145112202,-0.007371007371007492,0.0,0.0016029442258952897,25741223.0,199987.0,1524166638.5075002,18066744.2445,XLF,IYF,Financials
2022-07-25,3.495294705041271,4.292922159591061,32.96,73.18,0.006412,0.006326,0.0,0.0,0.006412213740458015,0.006325632563256448,0.0,8.658117720156729e-05,24699278.0,120038.0,1458974813.3604999,17412030.572499998,XLF,IYF,Financials
2022-07-26,3.481240089335692,4.279301532151069,32.5,72.19,-0.013956,-0.013528,0.0,0.0,-0.013956310679611651,-0.01352828641705396,0.0,-0.0004280242625576917,26357790.0,131551.0,1425671168.8965,17363575.6245,XLF,IYF,Financials
2022-07-27,3.4965075614664802,4.294833422971505,33.0,73.32,0.015385,0.015653,0.0,0.0,0.015384615384615385,0.01565313755367767,0.0,-0.0002685221690622852,44819674.0,195155.0,1431870642.126,17244964.7625,XLF,IYF,Financials
2022-07-28,3.5037539699872475,4.303929948937459,33.24,73.99,0.007273,0.009138,0.0,0.0,0.007272727272727273,0.009138025095471906,0.0,-0.001865297822744633,40974555.0,169042.0,1397629235.516,17076647.445499998,XLF,IYF,Financials
2022-07-29,3.5177945292459696,4.318154558079471,33.71,75.05,0.01414,0.014326,-1375368000.0,-7505000.0,-0.030116376402354574,0.010534386435146068,-1367863000.0,-0.040650762837500645,38724004.0,507531.0,1344498218.1955,17861488.020000003,XLF,IYF,Financials
2022-08-01,3.509453700432007,4.309859086371819,33.43,74.43,-0.008306,-0.008261,0.0,0.0,-0.00830614061109463,-0.00826115922718176,0.0,-4.498138391286974e-05,35143634.0,150556.0,1280011233.5484998,17392892.256,XLF,IYF,Financials
2022-08-02,3.498324092392878,4.299459911016919,33.06,73.66,-0.011068,-0.010345,0.0,0.0,-0.011067903081064784,-0.010345290877334528,0.0,-0.0007226122037302558,36807188.0,196688.0,1258987379.9950001,17343704.15,XLF,IYF,Financials
2022-08-03,3.5133348815990053,4.314817884980432,33.56,74.8,0.015124,0.015477,0.0,0.0,0.01512401693889897,0.015476513711648113,0.0,-0.0003524967727491432,27314918.0,123607.0,1228763060.1225,17033634.406,XLF,IYF,Financials
2022-08-04,3.5100517865742376,4.312006449967072,33.45,74.59,-0.003278,-0.002808,0.0,0.0,-0.003277711561382598,-0.002807486631016043,0.0,-0.00047022493036655505,24505822.0,136658.0,1216508483.4524999,16690772.891000003,XLF,IYF,Financials
2022-08-05,3.5172010574184616,4.319219946381069,33.69,75.13,0.007175,0.00724,0.0,0.0,0.007174887892376426,0.007239576350717134,0.0,-6.468845834070851e-05,34366113.0,150812.0,1227782356.613,16447771.7715,XLF,IYF,Financials
2022-08-08,3.516607233172983,4.319219946381069,33.67,75.13,-0.000594,0.0,0.0,0.0,-0.0005936479667555872,0.0,0.0,-0.0005936479667555872,24370078.0,123409.0,1220181580.035,16282580.384,XLF,IYF,Financials
2022-08-09,3.521643534738023,4.32267464022361,33.84,75.39,0.005049,0.003461,0.0,0.0,0.005049005049005175,0.00346066817516317,0.0,0.0015883368738420054,26425426.0,92091.0,1204481828.799,16143985.524500001,XLF,IYF,Financials
2022-08-10,3.543853682063679,4.346787982581173,34.6,77.23,0.022459,0.024407,0.0,0.0,0.022458628841607438,0.024406419949595436,0.0,-0.0019477911079879978,45365971.0,158319.0,1202327923.6959999,15766987.937,XLF,IYF,Financials
2022-08-11,3.555633734966574,4.356708826689592,35.01,78.0,0.01185,0.00997,0.0,0.0,0.011849710982658959,0.009970218826880746,0.0,0.0018794921557782132,46985196.0,125308.0,1195764158.7669997,14687296.6085,XLF,IYF,Financials
2022-08-12,3.571221410645704,4.373238128640803,35.56,79.3,0.01571,0.016667,0.0,0.0,0.01570979720079989,0.016666666666666666,0.0,-0.0009568694658667748,36370283.0,122862.0,1165646290.581,13738102.8785,XLF,IYF,Financials
2022-08-15,3.5709401562492498,4.374120463102784,35.55,79.37,-0.000281,0.000883,0.0,0.0,-0.0002812148481442219,0.0008827238335436185,0.0,-0.0011639386816878405,25365997.0,318471.0,1149517231.1935,14264945.714499999,XLF,IYF,Financials
2022-08-16,3.5782271840103412,4.379899373657707,35.81,79.83,0.007314,0.005796,0.0,0.0,0.007313642756680973,0.00579564067027833,0.0,0.001518002086402643,41300751.0,148112.0,1157320049.683,13875156.7905,XLF,IYF,Financials
2022-08-17,3.5731879796177446,4.37449836825309,35.63,79.4,-0.005027,-0.005386,0.0,0.0,-0.005026528902541189,-0.005386446198171002,0.0,0.0003599172956298127,33158031.0,161149.0,1153371404.5255,13608189.907,XLF,IYF,Financials
2022-08-18,3.5743099993708003,4.377014092850337,35.67,79.6,0.001123,0.002519,0.0,0.0,0.001122649452708272,0.002518891687657205,0.0,-0.0013962422349489332,15966226.0,151658.0,1115023332.1885,13206024.184999999,XLF,IYF,Financials
2022-08-19,3.5542045507873348,4.355297574931857,34.96,77.89,-0.019905,-0.021482,0.0,0.0,-0.019904681805438744,-0.0214824120603014,0.0,0.0015777302548626547,33587391.0,158926.0,1131582838.994,13097808.76,XLF,IYF,Financials
2022-08-22,3.5319332036512097,4.334017415487521,34.19,76.25,-0.022025,-0.021055,0.0,0.0,-0.022025171624714082,-0.02105533444601361,0.0,-0.0009698371787004723,36810125.0,86637.0,1153805337.5375,12988893.280499998,XLF,IYF,Financials
2022-08-23,3.527830032595521,4.330733340286331,34.05,76.0,-0.004095,-0.003279,0.0,0.0,-0.0040947645510383155,-0.003278688524590164,0.0,-0.0008160760264481516,23243967.0,126432.0,1150546782.605,12994501.546,XLF,IYF,Financials
2022-08-24,3.533102452542094,4.3357208817973705,34.23,76.38,0.005286,0.005,0.0,0.0,0.005286343612334802,0.004999999999999882,0.0,0.0002863436123349203,20682181.0,90872.0,1111991873.2865,12626103.484000001,XLF,IYF,Financials
2022-08-25,3.548467300397191,4.350664958230868,34.76,77.53,0.015484,0.015056,0.0,0.0,0.0154834940111015,0.0150562974600682,0.0,0.00042719655103330006,26402559.0,143425.0,1089779810.4185,12556719.617500002,XLF,IYF,Financials
2022-08-26,3.518091133133655,4.319752215189378,33.72,75.17,-0.029919,-0.03044,0.0,0.0,-0.02991944764096663,-0.030439829743325163,0.0,0.0005203821023585346,38230598.0,232992.0,1088967289.9045,11527909.972,XLF,IYF,Financials
2022-08-29,3.5109482456212744,4.311738281555703,33.48,74.57,-0.007117,-0.007982,0.0,0.0,-0.007117437722420055,-0.007981907675934668,0.0,0.0008644699535146124,34872092.0,261460.0,1088600587.6815,11942469.428,XLF,IYF,Financials
2022-08-30,3.505557396986398,4.306494572061445,33.3,74.18,-0.005376,-0.00523,0.0,0.0,-0.005376344086021506,-0.005229985248759316,0.0,-0.0001463588372621902,41870670.0,286691.0,1097472971.4675,12281404.443,XLF,IYF,Financials
2022-08-31,3.498021566297695,4.299867104778908,33.05,73.69,-0.007508,-0.006606,3800749999.9999995,-3684500.0,0.12014140473450766,-0.008469333505994615,3804434499.9999995,0.12861073824050226,39768164.0,245875.0,1117355430.0735002,12725040.7005,XLF,IYF,Financials
2022-09-01,3.5010427166318716,4.302442155331039,33.15,73.88,0.003026,0.002578,0.0,0.0,0.003025718608169555,0.0025783688424479718,0.0,0.000447349765721583,40604574.0,175495.0,1143671524.1834998,12863653.219500002,XLF,IYF,Financials
2022-09-02,3.4931686602009657,4.294424173937759,32.89,73.29,-0.007843,-0.007986,0.0,0.0,-0.00784313725490196,-0.007985923118570413,0.0,0.00014278586366845217,43208800.0,189050.0,1156838678.435,12989901.6665,XLF,IYF,Financials
2022-09-06,3.4907333469730104,4.292375412721235,32.81,73.14,-0.002432,-0.002047,0.0,0.0,-0.0024323502584371,-0.0020466639377815384,0.0,-0.00038568632065556167,45877052.0,191657.0,1191072955.928,13227205.407000002,XLF,IYF,Financials
2022-09-07,3.510350695558678,4.312408567793012,33.46,74.62,0.019811,0.020235,0.0,0.0,0.01981103322157867,0.020235165436149973,0.0,-0.0004241322145713024,35023002.0,135411.0,1204954617.4819999,13385286.823500002,XLF,IYF,Financials
2022-09-08,3.527830032595521,4.329811863225142,34.05,75.93,0.017633,0.017556,0.0,0.0,0.017632994620442318,0.017555615116590723,0.0,7.737950385159481e-05,50760926.0,290709.0,1212891964.167,13877614.723500002,XLF,IYF,Financials
2022-09-09,3.536893097116055,4.339249605317823,34.36,76.65,0.009104,0.009482,0.0,0.0,0.009104258443465492,0.00948241801659423,0.0,-0.00037815957312873835,41327148.0,166679.0,1201644418.833,14027710.791,XLF,IYF,Financials
2022-09-12,3.5450090836942345,4.347305781945493,34.64,77.27,0.008149,0.008089,0.0,0.0,0.008149010477299184,0.008088714938029888,0.0,6.0295539269296025e-05,41969764.0,139392.0,1209669686.907,14079103.953,XLF,IYF,Financials
2022-09-13,3.507057772361633,4.309455941839047,33.35,74.4,-0.03724,-0.037142,0.0,0.0,-0.037240184757505776,-0.03714248738190748,0.0,-9.769737559829628e-05,60771555.0,240813.0,1265918195.2020001,13711076.149500001,XLF,IYF,Financials
2022-09-14,3.5040547671018634,4.307841736484505,33.25,74.28,-0.002998,-0.001613,0.0,0.0,-0.0029985007496251873,-0.001612903225806572,0.0,-0.0013855975238186154,39233194.0,164934.0,1257194385.5615,13732451.977500001,XLF,IYF,Financials
2022-09-15,3.507357577490546,4.310396359722554,33.36,74.47,0.003308,0.002558,0.0,0.0,0.0033082706766917294,0.002557889068389876,0.0,0.0007503816083018534,47653027.0,167591.0,1277608602.3709998,13716715.536000002,XLF,IYF,Financials
2022-09-16,3.498324092392878,4.300138475201197,33.06,73.71,-0.008993,-0.010206,0.0,0.0,-0.00899280575539557,-0.01020545185980944,0.0,0.0012126461044138694,53893313.0,298710.0,1338218484.6890001,14214012.400999999,XLF,IYF,Financials
2022-09-19,3.5043554737647815,4.311335894051113,33.26,74.54,0.011269,0.01126,0.0,0.0,0.006049606775559359,0.011260344593678171,0.0,-0.005210737818118812,36491408.0,651354.0,1340192936.725,16022671.452000001,XLF,IYF,Financials
2022-09-20,3.489513462710723,4.295787686556971,32.77,73.39,-0.014732,-0.015428,0.0,0.0,-0.01473241130487049,-0.015427958143278894,0.0,0.0006955468384084035,42193565.0,550336.0,1346400184.29,17711825.8415,XLF,IYF,Financials
2022-09-21,3.4685444551217657,4.2759714333333765,32.09,71.95,-0.020751,-0.019621,0.0,0.0,-0.02075068660360085,-0.019621201798610165,0.0,-0.0011294848049906853,49644639.0,355937.0,1386482153.748,18511867.599,XLF,IYF,Financials
2022-09-22,3.4515735889872223,4.258304120182863,31.55,70.69,-0.016828,-0.017512,0.0,0.0,-0.01682767217201632,-0.017512161223071577,0.0,0.0006844890510552572,52299458.0,348890.0,1433586995.9615002,19397979.136,XLF,IYF,Financials
2022-09-23,3.435598808379488,4.2414706271123945,31.05,69.51,-0.015848,-0.016693,0.0,0.0,-0.01584786053882726,-0.016692601499504755,0.0,0.000844740960677496,56800974.0,546552.0,1475882860.5545,20741533.5995,XLF,IYF,Financials
2022-09-26,3.4196919642983197,4.219654753187547,30.56,68.01,-0.015781,-0.016408,0.0,0.0,-0.015780998389694042,-0.021579628830384116,0.0,0.005798630440690074,49969720.0,358385.0,1487779804.4865,21084521.36,XLF,IYF,Financials
2022-09-27,3.4154289639088797,4.216119619148022,30.43,67.77,-0.004254,-0.003529,0.0,0.0,-0.004253926701570681,-0.003528892809881031,0.0,-0.0007250338916896496,60650379.0,469386.0,1521683474.127,21700182.211000003,XLF,IYF,Financials
2022-09-28,3.434954478460289,4.235265253278478,31.03,69.08,0.019717,0.01933,0.0,0.0,0.019717384160368057,0.019330087059170723,0.0,0.0003872971011973335,46088696.0,480023.0,1523475420.421,22294844.734,XLF,IYF,Financials
2022-09-29,3.4223063448723905,4.222151266709757,30.64,68.18,-0.012569,-0.013028,0.0,0.0,-0.012568482114083145,-0.013028372900984237,0.0,0.00045989078690109216,41860011.0,348145.0,1521888066.263,22575744.6015,XLF,IYF,Financials
2022-09-30,3.4131259525274293,4.212868064406208,30.36,67.55,-0.009138,-0.00924,-3274326000.0,16887500.0,-0.11503438780809032,7.140541291614279e-05,-3291213500.0,-0.11510579322100646,37984314.0,321756.0,1512246173.51,23014196.9615,XLF,IYF,Financials
2022-10-03,3.4397768636296306,4.23945449739721,31.18,69.37,0.027009,0.026943,0.0,0.0,0.027009222661396576,0.02694300518134728,0.0,6.621748004929581e-05,47086078.0,439167.0,1514596497.512,23844673.976,XLF,IYF,Financials
2022-10-04,3.4763048541489607,4.278885875754368,32.34,72.16,0.037203,0.040219,0.0,0.0,0.0372033354714562,0.04021911489116319,0.0,-0.0030157794197069945,53441833.0,389862.0,1525750637.6670003,24550406.423,XLF,IYF,Financials
2022-10-05,3.4685444551217657,4.271234729018849,32.09,71.61,-0.00773,-0.007622,0.0,0.0,-0.007730364873222015,-0.007621951219512195,0.0,-0.0001084136537098197,41766843.0,226553.0,1534172054.9145,24856360.998499997,XLF,IYF,Financials
2022-10-06,3.4544221428994533,4.257596556295705,31.64,70.64,-0.014023,-0.013546,0.0,0.0,-0.014023060143346967,-0.013545594190755482,0.0,-0.0004774659525914847,34717920.0,374678.0,1502675327.8395,25076046.976,XLF,IYF,Financials
2022-10-07,3.43043250693049,4.233526626355437,30.89,68.96,-0.023704,-0.023783,0.0,0.0,-0.02370417193426043,-0.023782559456398768,0.0,7.838752213833872e-05,36380688.0,236771.0,1487865260.1915002,25253636.1165,XLF,IYF,Financials
2022-10-10,3.4258899942525267,4.229166788029546,30.75,68.66,-0.004532,-0.00435,0.0,0.0,-0.004532211071544189,-0.004350348027842099,0.0,-0.00018186304370209055,31011716.0,185661.0,1462854142.2935,25352469.3375,XLF,IYF,Financials
2022-10-11,3.4131259525274293,4.216119619148022,30.36,67.77,-0.012683,-0.012963,0.0,0.0,-0.012682926829268294,-0.012962423536265658,0.0,0.00027949670699736404,50431913.0,277722.0,1438073218.2649999,25397705.9745,XLF,IYF,Financials
2022-10-12,3.410817625039146,4.21419952403038,30.29,67.64,-0.002306,-0.001918,0.0,0.0,-0.00230566534914361,-0.0019182529142688506,0.0,-0.0003874124348747594,48265691.0,156408.0,1445946422.2595,25314112.9545,XLF,IYF,Financials
2022-10-13,3.451256581534892,4.2514907510291575,31.54,70.21,0.041268,0.037995,0.0,0.0,0.041267745130406076,0.03799526907155516,0.0,0.0032724760588509136,83086056.0,418416.0,1497487883.5355,26158937.233999997,XLF,IYF,Financials
2022-10-14,3.4343097331123578,4.234396317669857,31.01,69.02,-0.016804,-0.016949,0.0,0.0,-0.016804058338617627,-0.016949152542372756,0.0,0.00014509420375512921,60886878.0,329697.0,1502807341.4854999,26195825.876,XLF,IYF,Financials
2022-10-17,3.459151774922711,4.259152536523347,31.79,70.75,0.025153,0.025065,0.0,0.0,0.025153176394711384,0.02506519849319038,0.0,8.797790152100318e-05,47222232.0,505331.0,1517181867.7455,25555837.930499997,XLF,IYF,Financials
2022-10-18,3.475067230228611,4.273884476054178,32.3,71.8,0.016043,0.014841,0.0,0.0,0.016042780748662968,0.014840989399293287,0.0,0.0012017913493696814,48150747.0,263586.0,1525811167.8980002,24482653.7185,XLF,IYF,Financials
2022-10-19,3.4585224482814247,4.258021154702763,31.77,70.67,-0.016409,-0.015738,0.0,0.0,-0.016408668730650024,-0.01573816155988858,0.0,-0.0006705071707614439,35205662.0,214626.0,1502080538.7094998,23960551.332,XLF,IYF,Financials
2022-10-20,3.4423393249933305,4.239742764911457,31.26,69.39,-0.016053,-0.018112,0.0,0.0,-0.016052880075542966,-0.018112353190887224,0.0,0.0020594731153442576,43124407.0,177650.0,1486981591.8555,23343756.302,XLF,IYF,Financials
2022-10-21,3.4716558453107167,4.268017718062014,32.19,71.38,0.02975,0.028679,0.0,0.0,0.029750479846449,0.028678483931402092,0.0,0.001071995915046909,54487276.0,319800.0,1486495350.4425,22585581.026,XLF,IYF,Financials
2022-10-24,3.4849255971928677,4.280547465724028,32.62,72.28,0.013358,0.012609,0.0,0.0,0.013358185771978877,0.012608573830204665,0.0,0.0007496119417742114,40117237.0,273134.0,1475572831.8295,22353999.1095,XLF,IYF,Financials
2022-10-25,3.4968105458651015,4.294287720365875,33.01,73.28,0.011956,0.013835,0.0,0.0,0.01195585530349492,0.01383508577753182,0.0,-0.0018792304740369008,33950312.0,143352.0,1439328270.1369998,21288726.3765,XLF,IYF,Financials
2022-10-26,3.499231121933521,4.297285406218791,33.09,73.5,0.002424,0.003002,0.0,0.0,0.0024235080278704707,0.003002183406113537,0.0,-0.0005786753782430665,38012085.0,181212.0,1430712652.9255,20296681.0345,XLF,IYF,Financials
2022-10-27,3.507357577490546,4.3054155323020415,33.36,74.1,0.00816,0.008163,0.0,0.0,0.0081595648232093,0.008163265306122328,0.0,-3.7004829130278527e-06,41232173.0,198528.0,1435358380.6375,19845400.969499998,XLF,IYF,Financials
2022-10-28,3.5319332036512097,4.3295484280286765,34.19,75.91,0.02488,0.024427,0.0,0.0,0.024880095923261264,0.024426450742240337,0.0,0.00045364518102092646,36421273.0,232312.0,1439960358.1790001,19640410.2755,XLF,IYF,Financials
2022-10-31,3.525772116243786,4.32386772050035,33.98,75.48,-0.006142,-0.005665,810422999.9999999,22644000.0,0.020157244380746026,0.005445289886803617,787778999.9999999,0.014711954493942409,40083802.0,208337.0,1434655542.175,18903423.374,XLF,IYF,Financials
2022-11-01,3.5284172316728752,4.328625857946767,34.07,75.84,0.002649,0.004769,0.0,0.0,0.002648616833431552,0.0047694753577106515,0.0,-0.0021208585242790995,38946147.0,345445.0,1414584859.6285,18806728.718000002,XLF,IYF,Financials
2022-11-02,3.5157158351047473,4.3154861108656375,33.64,74.85,-0.012621,-0.013054,0.0,0.0,-0.012621074258878779,-0.013053797468354547,0.0,0.00043272320947576777,58039881.0,453612.0,1445193039.8769999,19693198.611500002,XLF,IYF,Financials
2022-11-03,3.505557396986398,4.3054155323020415,33.3,74.1,-0.010107,-0.01002,0.0,0.0,-0.010107015457788469,-0.010020040080160322,0.0,-8.697537762814705e-05,40828076.0,179499.0,1458248036.977,19034879.7105,XLF,IYF,Financials
2022-11-04,3.523709956137547,4.324132656254979,33.91,75.5,0.018318,0.018893,0.0,0.0,0.01831831831831832,0.018893387314440065,0.0,-0.0005750689961217456,41825626.0,248674.0,1472973413.244,19157237.652499996,XLF,IYF,Financials
2022-11-07,3.5336865647082343,4.333492687678026,34.25,76.21,0.010027,0.009404,0.0,0.0,0.010026540843409147,0.009403973509933659,0.0,0.0006225673334754878,30060292.0,229326.0,1476771149.944,19393710.162499998,XLF,IYF,Financials
2022-11-08,3.539508997459668,4.337813479997556,34.45,76.54,0.005839,0.00433,0.0,0.0,0.005839416058394281,0.004330140401522341,0.0,0.0015092756568719397,34839570.0,236576.0,1460226665.335,19358025.5175,XLF,IYF,Financials
2022-11-09,3.5225296668296804,4.319752215189378,33.87,75.17,-0.016836,-0.017899,0.0,0.0,-0.016835994194484998,-0.01789913770577487,0.0,0.001063143511289874,42126188.0,127677.0,1458468975.6935,19308927.666,XLF,IYF,Financials
2022-11-10,3.571783682237689,4.370839289033305,35.58,79.11,0.050487,0.052415,0.0,0.0,0.05048715677590801,0.0524145270719702,0.0,-0.0019273702960621933,67677668.0,191759.0,1447840836.7535,18598581.0225,XLF,IYF,Financials
2022-11-11,3.579901291544191,4.378645926514404,35.87,79.73,0.008151,0.007837,0.0,0.0,0.008150646430578862,0.007837188724560738,0.0,0.0003134577060181238,46076139.0,219113.0,1436073287.711,18334290.65,XLF,IYF,Financials
2022-11-14,3.5655812377694427,4.360930671379148,35.36,78.33,-0.014218,-0.017559,0.0,0.0,-0.014218009478672872,-0.01755926251097454,0.0,0.003341253032301667,38002710.0,177505.0,1428202341.227,17241880.57,XLF,IYF,Financials
2022-11-15,3.56784112573688,4.3644989178056655,35.44,78.61,0.002262,0.003575,0.0,0.0,0.0022624434389139107,0.0035746201966041107,0.0,-0.0013121767576902,57802083.0,144211.0,1452864175.898,16862428.1655,XLF,IYF,Financials
2022-11-16,3.563032744247961,4.3578620076745835,35.27,78.09,-0.004797,-0.006615,0.0,0.0,-0.004796839729119407,-0.006614934486706526,0.0,0.001818094757587119,32852429.0,119738.0,1454875240.3525,16571564.2155,XLF,IYF,Financials
2022-11-17,3.5576311675039825,4.35208275830081,35.08,77.64,-0.005387,-0.005763,0.0,0.0,-0.005387014459881035,-0.005762581636573185,0.0,0.0003755671766921499,35706943.0,149752.0,1450101770.2335,16536544.804499999,XLF,IYF,Financials
2022-11-18,3.5658640032173894,4.359141762136423,35.37,78.19,0.008267,0.007084,0.0,0.0,0.008266818700113908,0.00708397733127254,0.0,0.0011828413688413685,39455364.0,155124.0,1432181310.7455,16001635.882499998,XLF,IYF,Financials
2022-11-21,3.5689691574413787,4.362716386139382,35.48,78.47,0.00311,0.003581,0.0,0.0,0.003109980209216851,0.0035810205908683975,0.0,-0.00047104038165154656,24630914.0,136527.0,1410445338.6345,15550193.291,XLF,IYF,Financials
2022-11-22,3.57906458810673,4.372228792193771,35.84,79.22,0.010147,0.009558,0.0,0.0,0.01014656144306675,0.009557792787052377,0.0,0.000588768656014373,29582250.0,140999.0,1407421740.6785,15583448.602000002,XLF,IYF,Financials
2022-11-23,3.5832411220909393,4.376385754783795,35.99,79.55,0.004185,0.004166,0.0,0.0,0.004185267857142742,0.0041656147437515775,0.0,1.9653113391164198e-05,27916869.0,125175.0,1394767151.8115,15415378.0645,XLF,IYF,Financials
2022-11-25,3.5865698352893665,4.3812763532831775,36.11,79.94,0.003334,0.004903,0.0,0.0,0.0033342595165323703,0.004902576995600251,0.0,-0.001568317479067881,11266482.0,25249.0,1346333520.4985,14780752.0775,XLF,IYF,Financials
2022-11-28,3.569250966658405,4.363098624788363,35.49,78.5,-0.01717,-0.018014,0.0,0.0,-0.01716975906950983,-0.01801351013259945,0.0,0.0008437510630896171,34206518.0,178221.0,1344770820.4959998,14598529.306499999,XLF,IYF,Financials
2022-11-29,3.5751506887855933,4.368307962532944,35.7,78.91,0.005917,0.005223,0.0,0.0,0.0059171597633137256,0.005222929936305733,0.0,0.0006942298270079927,31489580.0,165062.0,1332877341.198,14463517.589499999,XLF,IYF,Financials
2022-11-30,3.5920931854262443,4.386765389021055,36.31,80.38,0.017087,0.018629,314081500.0,0.0,0.026596480379114766,0.018628817640349765,314081500.0,0.007967662738765001,58607003.0,175535.0,1372933593.73,13859065.3145,XLF,IYF,Financials
2022-12-01,3.586292865338835,4.380775852772229,36.1,79.9,-0.005784,-0.005972,0.0,0.0,-0.005783530707794108,-0.005971634735008708,0.0,0.00018810402721460007,58157583.0,200870.0,1380284951.203,12963898.0545,XLF,IYF,Financials
2022-12-02,3.581572601125427,4.3765114539857715,35.93,79.56,-0.004709,-0.004255,0.0,0.0,-0.004709141274238227,-0.00425531914893617,0.0,-0.0004538221253020565,40483338.0,116809.0,1385034521.3799999,12763520.4615,XLF,IYF,Financials
2022-12-05,3.5564902660681907,4.348340577019075,35.04,77.35,-0.02477,-0.027778,0.0,0.0,-0.024770386863345394,-0.027777777777777887,0.0,0.0030073909144324937,53401994.0,270853.0,1407679465.985,12872300.089,XLF,IYF,Financials
2022-12-06,3.5476038667559826,4.340423084818807,34.73,76.74,-0.008847,-0.007886,0.0,0.0,-0.008847031963470435,-0.007886231415643182,0.0,-0.0009608005478272535,45102232.0,190054.0,1434521241.803,12727690.564,XLF,IYF,Financials
2022-12-07,3.5435646229490776,4.334803991301542,34.59,76.31,-0.004031,-0.005603,0.0,0.0,-0.00403109703426409,-0.005603335939535982,0.0,0.0015722389052718923,37775859.0,250966.0,1439843430.6185,12779874.985,XLF,IYF,Financials
2022-12-08,3.544431549748063,4.337944122103693,34.62,76.55,0.000867,0.003145,0.0,0.0,0.0008673026886380985,0.00314506617743415,0.0,-0.0022777634887960517,46600862.0,123921.0,1449168823.3625,12774308.608,XLF,IYF,Financials
2022-12-09,3.541828511401901,4.333230220484919,34.53,76.19,-0.0026,-0.004703,0.0,0.0,-0.0025996533795492756,-0.0047028086218158065,0.0,0.002103155242266531,40885648.0,82781.0,1399359323.2625,12331160.103,XLF,IYF,Financials
2022-12-12,3.5550623063795967,4.346140356109473,34.99,77.18,0.013322,0.012994,0.0,0.0,0.01332174920359108,0.012993831211445187,0.0,0.0003279179921458937,72570892.0,101934.0,1443684543.52,11851029.434499998,XLF,IYF,Financials
2022-12-13,3.5576311675039825,4.343805421853684,35.08,77.0,0.002572,0.002953,0.0,0.0,0.002572163475278651,-0.0023322104172066437,0.0,0.004904373892485295,55659034.0,148745.0,1474121697.876,11728499.352,XLF,IYF,Financials
2022-12-14,3.5450090836942345,4.330206885944085,34.64,75.96,-0.012543,-0.013507,0.0,0.0,-0.012542759407069556,-0.013506493506493621,0.0,0.0009637340994240653,54685076.0,132324.0,1466410958.432,11664244.568500001,XLF,IYF,Financials
2022-12-15,3.5251833614431467,4.311604170377335,33.96,74.56,-0.019631,-0.018431,0.0,0.0,-0.019630484988452657,-0.01843075302790931,0.0,-0.0011997319605433453,70334043.0,161029.0,1527902904.9045,11797043.6595,XLF,IYF,Financials
2022-12-16,3.517497837358316,4.302983427333428,33.7,73.92,-0.007656,-0.008584,0.0,0.0,-0.007656065959952766,-0.008583690987124463,0.0,0.0009276250271716977,59619437.0,165656.0,1565731678.2275,11827970.9715,XLF,IYF,Financials
2022-12-19,3.5085558999826545,4.300545392805998,33.4,73.74,-0.002682,-0.002435,0.0,0.0,-0.008902077151335432,-0.002435064935065054,0.0,-0.006467012216270378,37456785.0,193391.0,1558507697.9435,11934546.3105,XLF,IYF,Financials
2022-12-20,3.5127387563950627,4.303524406518924,33.54,73.96,0.004192,0.002983,0.0,0.0,0.004191616766467066,0.002983455383780852,0.0,0.0012081613826862136,45446449.0,127042.0,1591026151.4805,11868683.942,XLF,IYF,Financials
2022-12-21,3.5281236752345424,4.321347323862031,34.06,75.29,0.015504,0.017983,0.0,0.0,0.01550387596899237,0.017982693347755783,0.0,-0.002478817378763414,31318106.0,84600.0,1591349493.9985,11628663.603,XLF,IYF,Financials
2022-12-22,3.5192766697277564,4.311335894051113,33.76,74.54,-0.008808,-0.009961,0.0,0.0,-0.008807985907222668,-0.00996148226856156,0.0,0.0011534963613388932,25608721.0,76989.0,1584340609.281,11417718.0435,XLF,IYF,Financials
2022-12-23,3.5248888540047054,4.31748811353631,33.95,75.0,0.005628,0.006171,0.0,0.0,0.005627962085308178,0.006171183257311392,0.0,-0.0005432211720032137,17116166.0,94212.0,1593053667.815,11670092.7905,XLF,IYF,Financials
2022-12-27,3.52459425980608,4.316954637930166,33.94,74.96,-0.000295,-0.000533,0.0,0.0,-0.00029455081001496816,-0.0005333333333334505,0.0,0.0002387825233184823,25601078.0,65769.0,1575799230.99,11217077.5775,XLF,IYF,Financials
2022-12-28,3.5210523434704344,4.311604170377335,33.82,74.56,-0.003536,-0.005336,0.0,0.0,-0.0035356511490865035,-0.005336179295624217,0.0,0.0018005281465377134,24395063.0,93484.0,1560842382.223,10914333.8085,XLF,IYF,Financials
2022-12-29,3.534853766474829,4.327438444389479,34.29,75.75,0.013897,0.01596,0.0,0.0,0.013897102306327618,0.01596030042918455,0.0,-0.0020631981228569317,26624198.0,96043.0,1500088555.7475,10572621.506000001,XLF,IYF,Financials
2022-12-30,3.5322256440685598,4.323735226296777,34.2,75.47,-0.002625,-0.003696,-576270000.0,-45282000.0,-0.02062195641444443,-0.02571412942399212,-530988000.0,0.005092173009547691,24735712.0,86543.0,1437412185.9524999,10096715.866500001,XLF,IYF,Financials
2023-01-03,3.5357282746197614,4.327042326341122,34.32,75.72,0.003509,0.003313,0.0,0.0,0.003508771929824439,0.0033125745329269907,0.0,0.00019619739689744845,37396480.0,174023.0,1428856228.9155002,10290900.7425,XLF,IYF,Financials
2023-01-04,3.5516268606875596,4.3425058765115985,34.87,76.9,0.016026,0.015584,0.0,0.0,0.016025641025640903,0.015583729529846923,0.0,0.0004419114957939802,44669324.0,117982.0,1413176901.8215,9697017.555,XLF,IYF,Financials
2023-01-05,3.544142657647253,4.3344107807322185,34.61,76.28,-0.007456,-0.008062,0.0,0.0,-0.007456266131344877,-0.008062418725617802,0.0,0.0006061525942729247,45585748.0,81678.0,1413743012.8675,9279300.249,XLF,IYF,Financials
2023-01-06,3.566146688731639,4.357349646961441,35.38,78.05,0.022248,0.023204,0.0,0.0,0.02224790522970252,0.023203985317252228,0.0,-0.0009560800875497086,41229683.0,326928.0,1421344973.954,9597575.996,XLF,IYF,Financials
2023-01-09,3.5624655292582776,4.354655437877749,35.25,77.84,-0.003674,-0.002691,0.0,0.0,-0.003674392312040818,-0.0026905829596412557,0.0,-0.0009838093523995622,48726649.0,152915.0,1426559600.6945,9718413.5485,XLF,IYF,Financials
2023-01-10,3.5681232529781366,4.36118596880203,35.45,78.35,0.005674,0.006552,0.0,0.0,0.005673758865248345,0.006551901336073883,0.0,-0.0008781424708255376,34663664.0,246287.0,1417411873.8625,10367888.651499998,XLF,IYF,Financials
2023-01-11,3.5773890780805733,4.3703335360828355,35.78,79.07,0.009309,0.00919,0.0,0.0,0.009308885754583803,0.009189534141671986,0.0,0.00011935161291181696,32014710.0,149503.0,1347723414.4985,10565585.456,XLF,IYF,Financials
2023-01-12,3.5793435670456293,4.37449836825309,35.85,79.4,0.001956,0.004174,0.0,0.0,0.001956400223588597,0.004173517136714531,0.0,-0.002217116913125934,56642385.0,123822.0,1351628943.975,10484490.546,XLF,IYF,Financials
2023-01-13,3.5868467285487844,4.380525508547614,36.12,79.88,0.007531,0.006045,0.0,0.0,0.007531380753137959,0.006045340050377607,0.0,0.0014860407027603518,65920861.0,130775.0,1375967467.309,10504239.344,XLF,IYF,Financials
2023-01-17,3.5801800371905954,4.375002019736917,35.88,79.44,-0.006644,-0.005508,0.0,0.0,-0.0066445182724250195,-0.005508262393590274,0.0,-0.0011362558788347455,65345169.0,374105.0,1373769495.4810002,11389868.292,XLF,IYF,Financials
2023-01-18,3.5613301331669613,4.356837023600222,35.21,78.01,-0.018673,-0.018001,0.0,0.0,-0.018673355629877483,-0.018001007049345305,0.0,-0.0006723485805321776,53693044.0,131406.0,1367837348.098,11290152.819,XLF,IYF,Financials
2023-01-19,3.5496173867804286,4.344714099789901,34.8,77.07,-0.011644,-0.01205,0.0,0.0,-0.011644419199091285,-0.012049737213178027,0.0,0.0004053180140867422,61169520.0,85404.0,1411719481.948,10906224.515999999,XLF,IYF,Financials
2023-01-20,3.565298392342582,4.36131359307634,35.35,78.36,0.015805,0.016738,0.0,0.0,0.015804597701149548,0.01673803036200868,0.0,-0.0009334326608591327,42330132.0,133517.0,1410324295.285,10959542.806,XLF,IYF,Financials
2023-01-23,3.576829950305313,4.372733587762289,35.76,79.26,0.011598,0.011486,0.0,0.0,0.011598302687411598,0.011485451761102718,0.0,0.0001128509263088797,44997272.0,286058.0,1437444683.103,11774713.959999999,XLF,IYF,Financials
2023-01-24,3.5773890780805733,4.373112017284307,35.78,79.29,0.000559,0.000378,0.0,0.0,0.0005592841163310962,0.00037850113550340646,0.0,0.00018078298082768973,34333543.0,98086.0,1455639870.4819999,11876637.904,XLF,IYF,Financials
2023-01-25,3.585184217775171,4.379398183320189,36.06,79.79,0.007826,0.006306,0.0,0.0,0.007825600894354504,0.00630596544330937,0.0,0.0015196354510451336,38458654.0,96355.0,1495926131.859,11907751.1765,XLF,IYF,Financials
2023-01-26,3.590439381300684,4.386765389021055,36.25,80.38,0.005269,0.007394,0.0,0.0,0.005268996117581692,0.007394410327108435,0.0,-0.0021254142095267423,29944164.0,85671.0,1506754899.743,12005560.713499999,XLF,IYF,Financials
2023-01-27,3.590439381300684,4.385395952143486,36.25,80.27,0.0,-0.001369,0.0,0.0,0.0,-0.0013684996267727175,0.0,0.0013684996267727175,30787365.0,137871.0,1521304947.2725,12210397.62,XLF,IYF,Financials
2023-01-30,3.5854614949154477,4.379648809887917,36.07,79.81,-0.004966,-0.005731,0.0,0.0,-0.004965517241379311,-0.0057306590257879654,0.0,0.0007651417844086548,31595005.0,92948.0,1532639351.3189998,12217543.7515,XLF,IYF,Financials
2023-01-31,3.5989547465859495,4.394202210604015,36.56,80.98,0.013585,0.01466,-12796000.0,-16196000.0,0.013197808830855456,0.007016428613059594,3400000.0,0.006181380217795861,30282099.0,184903.0,1545696960.7710001,12639645.988,XLF,IYF,Financials
2023-02-01,3.5989547465859495,4.3965457207730845,36.56,81.17,0.0,0.002346,0.0,0.0,0.0,0.0023462583353914546,0.0,-0.0023462583353914546,51418673.0,247810.0,1575517935.3349998,12986531.794999998,XLF,IYF,Financials
2023-02-02,3.6016862424115588,4.398637900479079,36.66,81.34,0.002735,0.002094,0.0,0.0,0.0027352297592995534,0.0020943698410742883,0.0,0.000640859918225265,42107281.0,135064.0,1574819615.014,13082196.293,XLF,IYF,Financials
2023-02-03,3.5997749790311153,4.396915247167632,36.59,81.2,-0.001909,-0.001721,0.0,0.0,-0.0019094380796506188,-0.0017211703958691911,0.0,-0.00018826768378142774,43155021.0,157344.0,1574885589.0195,13409493.041,XLF,IYF,Financials
2023-02-06,3.5995016429627196,4.395066248181685,36.58,81.05,-0.000273,-0.001847,0.0,0.0,-0.0002732987154961509,-0.0018472906403940886,0.0,0.0015739919248979376,32273606.0,103961.0,1560978705.1665,12554958.4735,XLF,IYF,Financials
2023-02-07,3.6109179126442243,4.4073288175361,37.0,82.05,0.011482,0.012338,0.0,0.0,0.011481683980317113,0.012338062924120914,0.0,-0.0008563789438038004,33000523.0,93311.0,1536148953.854,12342621.671,XLF,IYF,Financials
2023-02-08,3.604954219176175,4.401216329067023,36.78,81.55,-0.005946,-0.006094,0.0,0.0,-0.005945945945945946,-0.006093845216331505,0.0,0.00014789927038555938,34555520.0,62275.0,1538255210.6939998,11631718.661,XLF,IYF,Financials
2023-02-09,3.5937442589988975,4.387387240915977,36.37,80.43,-0.011147,-0.013734,0.0,0.0,-0.011147362697118112,-0.01373390557939903,0.0,0.0025865428822809174,44329561.0,102221.0,1561594201.1825,11451740.302,XLF,IYF,Financials
2023-02-10,3.5970382504483562,4.391605609454205,36.49,80.77,0.0033,0.004227,0.0,0.0,0.003299422601044932,0.004227278378714297,0.0,-0.0009278557776693651,28108890.0,129540.0,1511347395.875,11483314.252,XLF,IYF,Financials
2023-02-13,3.608482517041907,4.403298769949421,36.91,81.72,0.01151,0.011762,0.0,0.0,0.011510002740476729,0.011761792744831,0.0,-0.00025179000435427215,32209034.0,37334.0,1451736093.156,11113545.625999998,XLF,IYF,Financials
2023-02-14,3.603049197508743,4.3975308212098465,36.71,81.25,-0.005419,-0.005751,0.0,0.0,-0.005418585749119367,-0.005751346059716104,0.0,0.00033276031059673635,33525330.0,110390.0,1396042603.185,10076059.941,XLF,IYF,Financials
2023-02-15,3.6041382256588457,4.400234854322551,36.75,81.47,0.00109,0.002708,0.0,0.0,0.001089621356578589,0.0027076923076923077,0.0,-0.0016180709511137187,28514721.0,63012.0,1353911799.0605,9820190.22,XLF,IYF,Financials
2023-02-16,3.5940191730899764,4.38974675768902,36.38,80.62,-0.010068,-0.010433,0.0,0.0,-0.01006802721088424,-0.010433288326991419,0.0,0.0003652611161071781,34379073.0,258305.0,1310012368.0475001,10532313.361,XLF,IYF,Financials
2023-02-17,3.5942940116240685,4.390118804571218,36.39,80.65,0.000275,0.000372,0.0,0.0,0.00027487630566233747,0.0003721161002232696,0.0,-9.723979456093213e-05,35884876.0,81225.0,1300486391.6195,10336733.567499999,XLF,IYF,Financials
2023-02-21,3.573468602602609,4.369321262176328,35.64,78.99,-0.02061,-0.020583,0.0,0.0,-0.020610057708161583,-0.020582765034098175,0.0,-2.7292674063407463e-05,36425232.0,69830.0,1284941032.7075,9478879.2985,XLF,IYF,Financials
2023-02-22,3.572345637857985,4.367674128449481,35.6,78.86,-0.001122,-0.001646,0.0,0.0,-0.001122334455667789,-0.0016457779465754016,0.0,0.0005234434909076125,31065167.0,124648.0,1278814321.5405002,9581504.4155,XLF,IYF,Financials
2023-02-23,3.5731879796177446,4.36906803350949,35.63,78.97,0.000843,0.001395,0.0,0.0,0.0008426966292136,0.001394876997210246,0.0,-0.000552180367996646,42357613.0,55983.0,1284933455.938,9418145.0185,XLF,IYF,Financials
2023-02-24,3.574029612434994,4.36906803350949,35.66,78.97,0.000842,0.0,0.0,0.0,0.0008419870895310602,0.0,0.0,0.0008419870895310602,48732617.0,64087.0,1317549914.799,9326880.789,XLF,IYF,Financials
2023-02-27,3.573749146860305,4.369321262176328,35.65,78.99,-0.00028,0.000253,0.0,0.0,-0.0002804262478966865,0.0002532607319234007,0.0,-0.0005336869798200872,31664597.0,52888.0,1318189959.889,8982416.686500002,XLF,IYF,Financials
2023-02-28,3.575710756008298,4.370839289033305,35.72,79.11,0.001964,0.001519,487578000.0,-11866500.0,0.01688484883993519,-0.0041820680589596225,499444500.0,0.02106691689889481,32531448.0,70186.0,1319309534.4995,8889128.4155,XLF,IYF,Financials
2023-03-01,3.572345637857985,4.36792771029438,35.6,78.88,-0.00336,-0.002907,0.0,0.0,-0.0033594624860022394,-0.002907344204272532,0.0,-0.0004521182817297073,32790337.0,64096.0,1322320657.3875,8393250.7925,XLF,IYF,Financials
2023-03-02,3.5675589188773804,4.362334001328145,35.43,78.44,-0.004775,-0.005578,0.0,0.0,-0.0047752808988764045,-0.005578093306288032,0.0,0.0008028124074116278,38409461.0,67747.0,1296369683.305,7653217.641500001,XLF,IYF,Financials
2023-03-03,3.5832411220909393,4.377767577753498,35.99,79.66,0.015806,0.015553,0.0,0.0,0.01580581428168219,0.015553289138194799,0.0,0.00025252514348739034,33091585.0,67878.0,1278735344.4394999,7374270.4275,XLF,IYF,Financials
2023-03-06,3.58407433974781,4.377390906269353,36.02,79.63,0.000834,-0.000377,0.0,0.0,0.0008335648791332065,-0.0003766005523474768,0.0,0.0012101654314806832,30111132.0,82477.0,1254013382.2519999,7063835.9629999995,XLF,IYF,Financials
2023-03-07,3.5579161895951237,4.35259782398307,35.09,77.68,-0.025819,-0.024488,0.0,0.0,-0.025818989450305384,-0.024488258194147818,0.0,-0.0013307312561575656,53804397.0,57648.0,1289384771.4145,6866438.842499999,XLF,IYF,Financials
2023-03-08,3.5542045507873348,4.349374302398632,34.96,77.43,-0.003705,-0.003218,0.0,0.0,-0.003704759190652724,-0.003218331616889804,0.0,-0.00048642757376291977,50860314.0,103643.0,1317237632.7365,6884884.3395,XLF,IYF,Financials
2023-03-09,3.5127387563950627,4.306359755748467,33.54,74.17,-0.040618,-0.042103,0.0,0.0,-0.04061784897025172,-0.04210254423350134,0.0,0.0014846952632496246,107108500.0,111091.0,1433310985.9565,7042939.000499999,XLF,IYF,Financials
2023-03-10,3.494384096388273,4.282620578207235,32.93,72.43,-0.018187,-0.02346,0.0,0.0,-0.018187239117471676,-0.02345961979236876,0.0,0.005272380674897083,166569401.0,645209.0,1626954198.0245001,8968481.642500002,XLF,IYF,Financials
2023-03-13,3.4541060373175574,4.244056835450428,31.63,69.69,-0.039478,-0.03783,0.0,0.0,-0.03947767992711813,-0.037829628606930954,0.0,-0.001648051320187173,165965875.0,694849.0,1838144559.532,10866535.693,XLF,IYF,Financials
2023-03-14,3.4741380060638707,4.264930862797635,32.27,71.16,0.020234,0.021093,0.0,0.0,0.02023395510591224,0.021093413689195005,0.0,-0.0008594585832827663,128115514.0,399284.0,1985417169.1239998,12134641.441,XLF,IYF,Financials
2023-03-15,3.447126313550555,4.238011912034514,31.41,69.27,-0.02665,-0.02656,0.0,0.0,-0.026650139448404213,-0.026559865092748734,0.0,-9.027435565547859e-05,132235003.0,386799.0,2131556498.1205,13025860.4025,XLF,IYF,Financials
2023-03-16,3.4660483539817717,4.257738109130536,32.01,70.65,0.019102,0.019922,0.0,0.0,0.019102196752626553,0.01992204417496765,0.0,-0.0008198474223410981,134086719.0,454495.0,2293766492.0425,14374684.608,XLF,IYF,Financials
2023-03-17,3.4333418349887226,4.223909766576744,30.98,68.3,-0.032177,-0.033263,0.0,0.0,-0.03217744454857857,-0.033262561924982434,0.0,0.001085117376403863,136760563.0,300304.0,2443073070.3425,14358995.313,XLF,IYF,Financials
2023-03-20,3.4394560937792455,4.237578730308009,31.17,69.24,0.011059,0.013763,0.0,0.0,0.006132989025177534,0.013762811127379076,0.0,-0.007629822102201542,75384475.0,234541.0,2495267242.748,14843436.442499999,XLF,IYF,Financials
2023-03-21,3.464485120898074,4.265773677849632,31.96,71.22,0.025345,0.028596,0.0,0.0,0.025344882900224575,0.028596187175043464,0.0,-0.00325130427481889,115899169.0,569112.0,2615564351.386,16594250.6895,XLF,IYF,Financials
2023-03-22,3.441058915087286,4.238733464847405,31.22,69.32,-0.023154,-0.026678,0.0,0.0,-0.023153942428035045,-0.02667789946644214,0.0,0.0035239570384070946,67874143.0,221479.0,2666219891.349,16870409.8395,XLF,IYF,Financials
2023-03-23,3.4343097331123578,4.222884350827332,31.01,68.23,-0.006726,-0.010851,0.0,0.0,-0.006726457399103139,-0.015724177726485735,0.0,0.008997720327382596,82366321.0,266064.0,2718468784.5,17557038.3,XLF,IYF,Financials
2023-03-24,3.433664571799657,4.2250803842111555,30.99,68.38,-0.000645,0.002198,0.0,0.0,-0.0006449532408900354,0.0021984464311886266,0.0,-0.002843399672078662,76647535.0,721374.0,2750343883.8715,19770368.486500002,XLF,IYF,Financials
2023-03-27,3.4474446328274753,4.2414706271123945,31.42,69.51,0.013876,0.016525,0.0,0.0,0.013875443691513391,0.016525299795261905,0.0,-0.002649856103748514,61393348.0,234964.0,2790350689.427,20378104.7125,XLF,IYF,Financials
2023-03-28,3.447126313550555,4.24233343993555,31.41,69.57,-0.000318,0.000863,0.0,0.0,-0.00031826861871419476,0.0008631851532151028,0.0,-0.0011814537719292975,42980099.0,147618.0,2799749768.7785,20613973.2025,XLF,IYF,Financials
2023-03-29,3.461665128429245,4.257030144499196,31.87,70.6,0.014645,0.014805,0.0,0.0,0.014645017510347023,0.014805232140290357,0.0,-0.00016021462994333414,52147171.0,215036.0,2824479485.907,21120255.658499997,XLF,IYF,Financials
2023-03-30,3.459466289786131,4.254193263163997,31.8,70.4,-0.002196,-0.002833,0.0,0.0,-0.0021964229683087543,-0.0028328611898014422,0.0,0.0006364382214926879,45061690.0,225683.0,2828085212.8455,21648956.0845,XLF,IYF,Financials
2023-03-31,3.4704124506836282,4.264649766520309,32.15,71.14,0.011006,0.010511,371332500.0,-49798000.0,0.02355902825491533,-0.01648703157529506,421130500.0,0.040046059830210395,49034438.0,239961.0,2847359764.723,22232139.2875,XLF,IYF,Financials
2023-04-03,3.4722769633431074,4.265352359115782,32.21,71.19,0.001866,0.000703,0.0,0.0,0.0018662519440124418,0.0007028394714647174,0.0,0.0011634124725477244,51213486.0,221913.0,2875608935.194,22693656.4355,XLF,IYF,Financials
2023-04-04,3.462919440290152,4.25291403621107,31.91,70.31,-0.009314,-0.012361,0.0,0.0,-0.009313877677739833,-0.012361286697569883,0.0,0.00304740901983005,45939269.0,325377.0,2854505224.347,23613614.447,XLF,IYF,Financials
2023-04-05,3.461665128429245,4.252344965204106,31.87,70.27,-0.001253,-0.000569,0.0,0.0,-0.0012535255405828893,-0.0005689091167685962,0.0,-0.0006846164238142931,57965324.0,220750.0,2857969139.269,23987965.697499998,XLF,IYF,Financials
2023-04-06,3.4654233539614268,4.257596556295705,31.99,70.64,0.003765,0.005265,0.0,0.0,0.0037652965171007216,0.005265404866941796,0.0,-0.001500108349841074,36762286.0,210978.0,2737149461.2260003,24321159.020000003,XLF,IYF,Financials
2023-04-10,3.467609147181407,4.2612704335380815,32.06,70.9,0.002188,0.003681,0.0,0.0,0.0021881838074399515,0.003680634201585636,0.0,-0.0014924503941456846,27900715.0,255066.0,2507617788.6245,22888743.5965,XLF,IYF,Financials
2023-04-11,3.4763048541489607,4.269277781231888,32.34,71.47,0.008734,0.008039,0.0,0.0,0.008733624454148471,0.008039492242595071,0.0,0.0006941322115533999,53912616.0,118071.0,2332319457.384,20889468.9745,XLF,IYF,Financials
2023-04-12,3.4741380060638707,4.268997904375876,32.27,71.45,-0.002164,-0.00028,0.0,0.0,-0.002164502164502164,-0.0002798376941374003,0.0,-0.0018846644703647637,63645798.0,188766.0,2228297570.618,20143183.0375,XLF,IYF,Financials
2023-04-13,3.4830845411343394,4.274719781685373,32.56,71.86,0.008987,0.005738,0.0,0.0,0.008986674930275797,0.005738278516445067,0.0,0.0032483964138307307,58550281.0,171859.0,2115942355.8744998,19420994.088,XLF,IYF,Financials
2023-04-14,3.492864570187979,4.284138133854756,32.88,72.54,0.009828,0.009463,0.0,0.0,0.009828009828009826,0.009462844419705112,0.0,0.0003651654083047136,65054415.0,289206.0,2008286020.3750005,18864440.6625,XLF,IYF,Financials
2023-04-17,3.5043554737647815,4.297421451385996,33.26,73.51,0.011557,0.013372,0.0,0.0,0.011557177615571651,0.013371932726771434,0.0,-0.0018147551111997832,69670589.0,135312.0,1912306097.795,18336241.758500002,XLF,IYF,Financials
2023-04-18,3.507357577490546,4.302442155331039,33.36,73.88,0.003007,0.005033,0.0,0.0,0.003006614552014432,0.005033328798802756,0.0,-0.002026714246788324,49507548.0,163778.0,1877397983.5715,18129256.7485,XLF,IYF,Financials
2023-04-19,3.5097527882165007,4.307841736484505,33.44,74.28,0.002398,0.005414,0.0,0.0,0.0023980815347720607,0.005414185165132647,0.0,-0.0030161036303605867,39478861.0,192427.0,1758199767.1015,16817322.7945,XLF,IYF,Financials
2023-04-20,3.506757877322648,4.301900590194597,33.34,73.84,-0.00299,-0.005924,0.0,0.0,-0.0029904306220093274,-0.0059235325794291865,0.0,0.002933101957419859,39291820.0,127575.0,1717747693.8185,16520683.480500001,XLF,IYF,Financials
2023-04-21,3.503152104185149,4.29592393562047,33.22,73.4,-0.003599,-0.005959,0.0,0.0,-0.003599280143971327,-0.005958829902491748,0.0,0.002359549758520421,41545017.0,92369.0,1659044986.345,15952000.3745,XLF,IYF,Financials
2023-04-24,3.500741011998417,4.293878247897177,33.14,73.25,-0.002408,-0.002044,0.0,0.0,-0.002408187838651415,-0.002043596730245359,0.0,-0.0003645911084060559,32774163.0,109007.0,1594586418.9535,13884860.806,XLF,IYF,Financials
2023-04-25,3.4833916192881422,4.27513717299578,32.57,71.89,-0.0172,-0.018567,0.0,0.0,-0.0171997585998793,-0.01856655290102389,0.0,0.0013667943011445895,58534295.0,145483.0,1593460568.653,13591182.0675,XLF,IYF,Financials
2023-04-26,3.4738280726970627,4.2642279738954265,32.26,71.11,-0.009518,-0.01085,0.0,0.0,-0.009517961314092724,-0.0108499095840868,0.0,0.0013319482699940752,54294200.0,259669.0,1613536867.7735,14000945.984000001,XLF,IYF,Financials
2023-04-27,3.4898185733156835,4.281100716083921,32.78,72.32,0.016119,0.017016,0.0,0.0,0.016119032858028518,0.017015890873294765,0.0,-0.000896858015266247,46398842.0,174007.0,1606488052.823,13871078.216,XLF,IYF,Financials
2023-04-28,3.501645852958961,4.292785500895938,33.17,73.17,0.011898,0.011753,842518000.0,-36585000.0,0.03918814714159431,-0.00808498178032262,879103000.0,0.04727312892191693,54598658.0,214566.0,1625391840.016,13861663.767,XLF,IYF,Financials
2023-05-01,3.4989288701554906,4.290048397777529,33.08,72.97,-0.002713,-0.002733,0.0,0.0,-0.0027132951462164605,-0.0027333606669400026,0.0,2.0065520723542077e-05,31950590.0,117551.0,1599415256.791,13437007.313499998,XLF,IYF,Financials
2023-05-02,3.4759955917373415,4.265211880082047,32.33,71.18,-0.022672,-0.024531,0.0,0.0,-0.02267230955259976,-0.02453062902562684,0.0,0.00185831947302708,76096651.0,271574.0,1639946173.9295,13613639.856,XLF,IYF,Financials
2023-05-03,3.464485120898074,4.251348311031766,31.96,70.2,-0.011445,-0.013768,0.0,0.0,-0.011444478812248686,-0.013767912334925672,0.0,0.0023234335226769865,65642402.0,299812.0,1671546628.6360002,13522117.132499998,XLF,IYF,Financials
2023-05-04,3.4515735889872223,4.232801305369117,31.55,68.91,-0.012829,-0.018376,0.0,0.0,-0.012828535669586983,-0.018376068376068377,0.0,0.005547532706481393,76076589.0,460602.0,1699189703.9895,14333516.198499998,XLF,IYF,Financials
2023-05-05,3.4759955917373415,4.258304120182863,32.33,70.69,0.024723,0.025831,0.0,0.0,0.024722662440570524,0.025830793789000144,0.0,-0.0011081313484296203,55019390.0,232513.0,1729327271.4675,14410159.101,XLF,IYF,Financials
2023-05-08,3.477540948249489,4.259859000699674,32.38,70.8,0.001547,0.001556,0.0,0.0,0.001546551190844539,0.001556089970292828,0.0,-9.538779448289023e-06,34323628.0,190255.0,1740172379.0544999,14179452.831,XLF,IYF,Financials
2023-05-09,3.4738280726970627,4.258304120182863,32.26,70.69,-0.003706,-0.001554,0.0,0.0,-0.003705991352687087,-0.0015536723163841809,0.0,-0.002152319036302906,29736172.0,123739.0,1700960124.4185002,14194881.608,XLF,IYF,Financials
2023-05-10,3.4682327829983137,4.255470855785784,32.08,70.49,-0.00558,-0.002829,0.0,0.0,-0.005579665220086673,-0.0028292544914416402,0.0,-0.0027504107286450328,39706084.0,198511.0,1661956188.0815,14220167.092500001,XLF,IYF,Financials
2023-05-11,3.466672963621067,4.252487263318897,32.03,70.28,-0.001559,-0.002979,0.0,0.0,-0.0015586034912718205,-0.0029791459781527948,0.0,0.0014205424868809742,36693238.0,137729.0,1625400551.2705,14086657.411500001,XLF,IYF,Financials
2023-05-12,3.462606009790799,4.248495242049359,31.9,70.0,-0.004059,-0.003984,0.0,0.0,-0.004058694973462379,-0.00398406374501992,0.0,-7.463122844245888e-05,36253024.0,174735.0,1576274666.2905002,13649279.7495,XLF,IYF,Financials
2023-05-15,3.4707234443107655,4.257879641930999,32.16,70.66,0.00815,0.009429,0.0,0.0,0.008150470219435614,0.009428571428571429,0.0,-0.0012781012091358148,33208458.0,82383.0,1513811677.2475,13442999.632499998,XLF,IYF,Financials
2023-05-16,3.4613513044819024,4.246779485265856,31.86,69.88,-0.009328,-0.011039,0.0,0.0,-0.009328358208955102,-0.011038777243136145,0.0,0.001710419034181043,31241413.0,125863.0,1481000658.0925,13277769.022499999,XLF,IYF,Financials
2023-05-17,3.481240089335692,4.269697449699962,32.5,71.5,0.020088,0.023183,0.0,0.0,0.020087884494664157,0.02318259874069834,0.0,-0.0030947142460341845,46818832.0,120228.0,1491072604.5005002,12992910.2445,XLF,IYF,Financials
2023-05-18,3.488597571942989,4.2761104090823325,32.74,71.96,0.007385,0.006434,0.0,0.0,0.007384615384615506,0.0064335664335663,0.0,0.0009510489510492059,42232483.0,125072.0,1494707715.2315,12971912.4005,XLF,IYF,Financials
2023-05-19,3.484312288372662,4.272351267864781,32.6,71.69,-0.004276,-0.003752,0.0,0.0,-0.004276114844227365,-0.00375208449138397,0.0,-0.0005240303528433951,40132919.0,98627.0,1491118099.9645,12986446.651999999,XLF,IYF,Financials
2023-05-22,3.4861510875423187,4.276943858220729,32.66,72.02,0.001841,0.004603,0.0,0.0,0.0018404907975458913,0.00460315246198912,0.0,-0.0027626616644432283,35286215.0,88413.0,1494433700.9685001,12905583.727500001,XLF,IYF,Financials
2023-05-23,3.474447843401748,4.267877612982976,32.28,71.37,-0.011635,-0.009025,0.0,0.0,-0.011635027556644095,-0.009025270758122744,0.0,-0.002609756798521351,42217163.0,77415.0,1467249102.6430001,12658900.5115,XLF,IYF,Financials
2023-05-24,3.4613513044819024,4.255187087338931,31.86,70.47,-0.013011,-0.01261,0.0,0.0,-0.013011152416356878,-0.012610340479192938,0.0,-0.0004008119371639394,46610723.0,99777.0,1453923439.782,12087211.6415,XLF,IYF,Financials
2023-05-25,3.4610373820181723,4.256038151220088,31.85,70.53,-0.000314,0.000851,0.0,0.0,-0.00031387319522912746,0.0008514261387824606,0.0,-0.0011652993340115882,41658889.0,145276.0,1444217518.4765,11970318.143499998,XLF,IYF,Financials
2023-05-26,3.4691675081014224,4.262539022051294,32.11,70.99,0.008163,0.006522,0.0,0.0,0.00816326530612245,0.006522047355735013,0.0,0.0016412179503874367,44183009.0,95063.0,1424601465.133,11522754.550999999,XLF,IYF,Financials
2023-05-30,3.4688560301359703,4.2656332579940335,32.1,71.21,-0.000311,0.003099,0.0,0.0,-0.0003114294612270321,0.0030990280321172,0.0,-0.003410457493344232,57900480.0,94654.0,1464685459.6729999,11430885.294499999,XLF,IYF,Financials
2023-05-31,3.458207636378935,4.251348311031766,31.76,70.2,-0.010592,-0.014183,-2088220000.0,-56160000.0,-0.07785194875523962,-0.04572953236904916,-2032060000.0,-0.03212241638619046,67667873.0,129842.0,1449131805.6555,10920098.8485,XLF,IYF,Financials
2023-06-01,3.4688560301359703,4.2615524812060075,32.1,70.92,0.010705,0.010256,0.0,0.0,0.010705289672544081,0.010256410256410256,0.0,0.00044887941613382457,48643396.0,105384.0,1422307897.8395,10241450.3925,XLF,IYF,Financials
2023-06-02,3.490428515390098,4.286341384539473,32.8,72.7,0.021807,0.025099,0.0,0.0,0.021806853582554384,0.025098702763677382,0.0,-0.003291849181122998,65752905.0,275646.0,1410131842.892,9656419.4115,XLF,IYF,Financials
2023-06-05,3.4852321106052293,4.280270725719494,32.63,72.26,-0.005183,-0.006052,0.0,0.0,-0.005182926829268035,-0.006052269601100277,0.0,0.0008693427718322417,53591085.0,136411.0,1408626854.1345,9327455.156,XLF,IYF,Financials
2023-06-06,3.497718948652777,4.2937417198063095,33.04,73.24,0.012565,0.013562,0.0,0.0,0.012565124118908848,0.013562136728480213,0.0,-0.0009970126095713641,46236074.0,125504.0,1429438894.6505,9113548.103999998,XLF,IYF,Financials
2023-06-07,3.501645852958961,4.298509146938508,33.17,73.59,0.003935,0.008679,0.0,0.0,0.003934624697336562,0.004778809393774029,0.0,-0.0008441846964374672,48467077.0,128293.0,1461857096.419,9148246.702,XLF,IYF,Financials
2023-06-08,3.500741011998417,4.299052551380625,33.14,73.63,-0.000904,0.000544,0.0,0.0,-0.0009044317154054868,0.0005435521130588395,0.0,-0.0014479838284643263,36261175.0,60760.0,1458253304.6580002,8672282.6225,XLF,IYF,Financials
2023-06-09,3.5010427166318716,4.298780886070615,33.15,73.61,0.000302,-0.000272,0.0,0.0,0.00030175015087507544,-0.00027162841233192993,0.0,0.0005733785632070054,34025387.0,71111.0,1455886162.9535003,8450026.952000001,XLF,IYF,Financials
2023-06-12,3.500741011998417,4.294969802105708,33.14,73.33,-0.000302,-0.003804,0.0,0.0,-0.00030165912518853697,-0.00380383100122266,0.0,0.003502171876034123,33673941.0,75680.0,1453860309.9105,8115935.172,XLF,IYF,Financials
2023-06-13,3.506757877322648,4.306090068583941,33.34,74.15,0.006035,0.011182,0.0,0.0,0.006035003017501636,0.011182326469385107,0.0,-0.00514732345188347,46054359.0,333169.0,1477233725.8995001,9060100.1005,XLF,IYF,Financials
2023-06-14,3.5028510353886553,4.300002799195291,33.21,73.7,-0.003899,-0.006069,0.0,0.0,-0.0038992201559689328,-0.006068779501011595,0.0,0.002169559345042662,57195427.0,175332.0,1522439161.524,9266433.1985,XLF,IYF,Financials
2023-06-15,3.5160130560907366,4.314015424057338,33.65,74.74,0.013249,0.014111,0.0,0.0,0.01324902137910268,0.014111261872455769,0.0,-0.0008622404933530895,52241776.0,214021.0,1534255347.644,9636414.5755,XLF,IYF,Financials
2023-06-16,3.5139306516493947,4.310127759130018,33.58,74.45,-0.00208,-0.00388,0.0,0.0,-0.0020802377414561664,-0.003880117741503749,0.0,0.0017998800000475824,49861063.0,122294.0,1548837497.75,9641644.9345,XLF,IYF,Financials
2023-06-20,3.5019472847622986,4.302983427333428,33.18,73.92,-0.007436,-0.007119,0.0,0.0,-0.011911852293031567,-0.007118871725990598,0.0,-0.0047929805670409685,50683081.0,131477.0,1567504071.159,9774055.445,XLF,IYF,Financials
2023-06-21,3.500741011998417,4.300002799195291,33.14,73.7,-0.001206,-0.002976,0.0,0.0,-0.0012055455093429777,-0.002976190476190476,0.0,0.0017706449668474984,35967562.0,92839.0,1569479932.2979999,9797791.947,XLF,IYF,Financials
2023-06-22,3.492864570187979,4.288539791580417,32.88,72.86,-0.007845,-0.011398,0.0,0.0,-0.007845503922751833,-0.011397557666214383,0.0,0.0035520537434625497,38698748.0,91460.0,1564962172.928,9854725.2995,XLF,IYF,Financials
2023-06-23,3.488597571942989,4.281791848878036,32.74,72.37,-0.004258,-0.006725,0.0,0.0,-0.004257907542579204,-0.006725226461707384,0.0,0.0024673189191281803,35529595.0,118786.0,1548873238.204,9932988.181,XLF,IYF,Financials
2023-06-26,3.4864572256129787,4.283448621312786,32.67,72.49,-0.002138,0.001658,0.0,0.0,-0.0021380574221136223,0.0016581456404586175,0.0,-0.0037962030625722397,25728264.0,83227.0,1524558576.7155,9722328.628500002,XLF,IYF,Financials
2023-06-27,3.494384096388273,4.291554731509806,32.93,73.08,0.007958,0.008139,0.0,0.0,0.00795837159473523,0.008139053662574286,0.0,-0.00018068206783905527,34348138.0,155069.0,1510176964.9830003,9951524.636,XLF,IYF,Financials
2023-06-28,3.4919517449306197,4.290185431008302,32.85,72.98,-0.002429,-0.001368,0.0,0.0,-0.0024293956878226543,-0.0013683634373289546,0.0,-0.0010610322504936997,36663187.0,113427.0,1477465979.2305,10028404.192,XLF,IYF,Financials
2023-06-29,3.509154523167248,4.305550475963267,33.42,74.11,0.017352,0.015484,0.0,0.0,0.017351598173515982,0.015483694162784325,0.0,0.001867904010731657,47470982.0,137013.0,1449333407.8285,10080360.443500001,XLF,IYF,Financials
2023-06-30,3.5177945292459696,4.312274546483423,33.71,74.61,0.008677,0.006747,2332732000.0,-11191500.0,0.08610920516241828,0.0005065621685879043,2343923500.0,0.08560264299383037,44762287.0,106133.0,1446707591.987,10102597.936,XLF,IYF,Financials
2023-07-03,3.5234150143864045,4.319353040145823,33.9,75.14,0.005636,0.007104,0.0,0.0,0.005636309700385643,0.00710360541482375,0.0,-0.0014672957144381072,19127976.0,290748.0,1371294747.1069999,10192964.962000001,XLF,IYF,Financials
2023-07-05,3.521347982792617,4.3130784050476105,33.83,74.67,-0.002065,-0.006255,0.0,0.0,-0.002064896755162242,-0.006254990684056428,0.0,0.004190093928894186,39833482.0,185211.0,1351239226.7325,10391597.2875,XLF,IYF,Financials
2023-07-06,3.5127387563950627,4.303929948937459,33.54,73.99,-0.008572,-0.009107,0.0,0.0,-0.008572273130357671,-0.009106736306415024,0.0,0.0005344631760573534,45808350.0,124580.0,1351677835.4345002,10392885.3495,XLF,IYF,Financials
2023-07-07,3.5142284036242013,4.309724722918476,33.59,74.42,0.001491,0.005812,0.0,0.0,0.0014907573047109103,0.0058115961616436,0.0,-0.00432083885693269,33488663.0,90531.0,1327539397.7384999,10257697.107,XLF,IYF,Financials
2023-07-10,3.5186840771178223,4.312810523985199,33.74,74.65,0.004466,0.003091,0.0,0.0,0.004465614766299493,0.003090567051867911,0.0,0.0013750477144315824,27254400.0,110353.0,1313432803.5635,10445901.7395,XLF,IYF,Financials
2023-07-11,3.5304697173662944,4.3255885495701785,34.14,75.61,0.011855,0.01286,0.0,0.0,0.01185536455245987,0.012860013395847154,0.0,-0.001004648843387284,33754224.0,169611.0,1314654184.9789999,10825392.089499999,XLF,IYF,Financials
2023-07-12,3.536893097116055,4.33204826486764,34.36,76.1,0.006444,0.006481,0.0,0.0,0.006444053895723492,0.0064806242560506554,0.0,-3.65703603271636e-05,46546020.0,97671.0,1338822527.102,10919549.524500001,XLF,IYF,Financials
2023-07-13,3.5403794457954922,4.338074747144699,34.48,76.56,0.003492,0.006045,0.0,0.0,0.003492433061699536,0.00604467805519067,0.0,-0.002552244993491134,40453681.0,86283.0,1331792056.693,10014616.781,XLF,IYF,Financials
2023-07-14,3.5336865647082343,4.330075229041782,34.25,75.95,-0.006671,-0.007968,0.0,0.0,-0.006670533642691302,-0.00796760710553814,0.0,0.0012970734628468383,47552728.0,631872.0,1318253096.8595002,11768052.281,XLF,IYF,Financials
2023-07-17,3.5432754802551445,4.341204640153626,34.58,76.8,0.009635,0.011192,0.0,0.0,0.009635036496350365,0.01119157340355497,0.0,-0.0015565369072046056,38568886.0,159005.0,1297041912.6334999,11578835.003999999,XLF,IYF,Financials
2023-07-18,3.5544905510752844,4.357477761752469,34.97,78.06,0.011278,0.016406,0.0,0.0,0.011278195488721804,0.01640625,0.0,-0.005128054511278197,47176549.0,238849.0,1295813383.783,12055823.236,XLF,IYF,Financials
2023-07-19,3.558770768766916,4.364244464878084,35.12,78.59,0.004289,0.00679,0.0,0.0,0.004289390906491166,0.006789648987957981,0.0,-0.002500258081466815,45599818.0,223197.0,1291803432.812,12446936.855500001,XLF,IYF,Financials
2023-07-20,3.566146688731639,4.37248122183035,35.38,79.24,0.007403,0.008271,0.0,0.0,0.007403189066059451,0.008270772362895917,0.0,-0.0008675832968364668,45591523.0,108617.0,1312856586.7649999,12535165.6945,XLF,IYF,Financials
2023-07-21,3.562749176969724,4.369321262176328,35.26,78.99,-0.003392,-0.003155,0.0,0.0,-0.0033917467495762532,-0.0031549722362443217,0.0,-0.00023677451333193157,30615721.0,124621.0,1303211361.176,12694167.554000001,XLF,IYF,Financials
2023-07-24,3.572345637857985,4.378269585796169,35.6,79.7,0.009643,0.008988,0.0,0.0,0.009642654566080657,0.008988479554374098,0.0,0.0006541750117065592,32299794.0,107315.0,1302543047.481,12691990.688000001,XLF,IYF,Financials
2023-07-25,3.5658640032173894,4.372102553476188,35.37,79.21,-0.006461,-0.006148,0.0,0.0,-0.0064606741573034815,-0.006148055207026474,0.0,-0.0003126189502770079,36218637.0,65668.0,1324568587.7715,12650412.5405,XLF,IYF,Financials
2023-07-26,3.571783682237689,4.381776603418673,35.58,79.98,0.005937,0.009721,0.0,0.0,0.005937234944868645,0.009720994823886,0.0,-0.003783759879017355,35638715.0,161554.0,1331415652.5394998,12729844.8605,XLF,IYF,Financials
2023-07-27,3.559055466277736,4.369827527216884,35.13,79.03,-0.012648,-0.011878,0.0,0.0,-0.012647554806070715,-0.011877969492373094,0.0,-0.0007695853136976214,44072765.0,150427.0,1348610179.6145,12910362.028,XLF,IYF,Financials
2023-07-28,3.5610460826040513,4.3715974391833425,35.2,79.17,0.001993,0.001771,0.0,0.0,0.001992598918303444,0.001771479185119575,0.0,0.00022111973318386918,32427672.0,160149.0,1326358871.4125,13036610.172999999,XLF,IYF,Financials
2023-07-31,3.5647324613710536,4.37462430490712,35.33,79.41,0.003693,0.003032,1667576000.0,3970500.0,0.052500230926576824,0.005116755779885753,1663605500.0,0.04738347514669107,28627021.0,83161.0,1301481669.2705,12970871.767,XLF,IYF,Financials
2023-08-01,3.5647324613710536,4.371092069621102,35.33,79.13,0.0,-0.003526,0.0,0.0,0.0,-0.0035260042815766276,0.0,0.0035260042815766276,26495304.0,97533.0,1315863704.4665,12264420.8455,XLF,IYF,Financials
2023-08-02,3.5562048372093953,4.363608049149864,35.03,78.54,-0.008491,-0.007456,0.0,0.0,-0.008491367110104727,-0.007456084923543411,0.0,-0.001035282186561316,48930438.0,131856.0,1334187031.8205,12090734.089,XLF,IYF,Financials
2023-08-03,3.5567756134805992,4.366786085257597,35.05,78.79,0.000571,0.003183,0.0,0.0,0.0005709391949757351,0.0031830914183855357,0.0,-0.0026121522234098006,31871732.0,91670.0,1313221639.2005,11990984.344,XLF,IYF,Financials
2023-08-04,3.5527733211169448,4.363608049149864,34.91,78.54,-0.003994,-0.003173,0.0,0.0,-0.003994293865905849,-0.0031729914963827895,0.0,-0.0008213023695230596,36195670.0,83684.0,1320156971.677,11982745.561,XLF,IYF,Financials
2023-08-07,3.5667118201397288,4.3766371373894435,35.4,79.57,0.014036,0.013114,0.0,0.0,0.01403609281008307,0.013114336643748154,0.0,0.0009217561663349156,33119338.0,58237.0,1332800027.137,11802548.893000001,XLF,IYF,Financials
2023-08-08,3.5576311675039825,4.367674128449481,35.08,78.86,-0.00904,-0.008923,0.0,0.0,-0.00903954802259887,-0.008922960914917559,0.0,-0.00011658710768131138,37254806.0,75666.0,1340526496.493,11459685.5455,XLF,IYF,Financials
2023-08-09,3.550191934340043,4.358118089622206,34.82,78.11,-0.007412,-0.009511,0.0,0.0,-0.007411630558722919,-0.00951052498097895,0.0,0.002098894422256031,38304216.0,133335.0,1327248074.189,11608787.233,XLF,IYF,Financials
2023-08-10,3.551053137206533,4.3578620076745835,34.85,78.09,0.000862,-0.000256,0.0,0.0,0.0008615738081562321,-0.0002560491614389963,0.0,0.0011176229695952283,38097502.0,97962.0,1323890825.3799999,11660988.538,XLF,IYF,Financials
2023-08-11,3.5530597309714014,4.360547602996758,34.92,78.3,0.002009,0.002689,0.0,0.0,0.0020086083213773313,0.002689204763734153,0.0,-0.0006805964423568216,27518747.0,83792.0,1290504510.942,9589500.298,XLF,IYF,Financials
2023-08-14,3.551053137206533,4.355810987855469,34.85,77.93,-0.002005,-0.004725,0.0,0.0,-0.002004581901489118,-0.00472541507024253,0.0,0.002720833168753412,23773797.0,78943.0,1265244748.3205,9286522.4975,XLF,IYF,Financials
2023-08-15,3.5325179989895132,4.336636932375072,34.21,76.45,-0.018364,-0.018991,0.0,0.0,-0.01836441893830703,-0.018991402540741817,0.0,0.0006269836024347872,57472072.0,131244.0,1281062531.55,8855975.0405,XLF,IYF,Financials
2023-08-16,3.531055368920369,4.334148554429418,34.16,76.26,-0.001462,-0.002485,0.0,0.0,-0.0014615609470914938,-0.0024852844996728594,0.0,0.0010237235525813657,33566495.0,101501.0,1258320824.602,8365945.742000001,XLF,IYF,Financials
2023-08-17,3.5260663637080247,4.329811863225142,33.99,75.93,-0.004977,-0.004327,0.0,0.0,-0.004976580796252928,-0.004327301337529504,0.0,-0.0006492794587234238,38205391.0,114421.0,1242599482.4194999,8370004.514500001,XLF,IYF,Financials
2023-08-18,3.525772116243786,4.329021349349984,33.98,75.87,-0.000294,-0.00079,0.0,0.0,-0.0002942041776993233,-0.0007902015013829828,0.0,0.0004959973236836595,40859959.0,96869.0,1258045036.6375,8245286.4265,XLF,IYF,Financials
2023-08-21,3.52459425980608,4.327438444389479,33.94,75.75,-0.001177,-0.001582,0.0,0.0,-0.0011771630370806356,-0.0015816528272044287,0.0,0.00040448979012379306,32308259.0,90171.0,1255378518.8405,8159158.814,XLF,IYF,Financials
2023-08-22,3.5151211279804695,4.3154861108656375,33.62,74.85,-0.009428,-0.011881,0.0,0.0,-0.009428403064231107,-0.011881188118812011,0.0,0.0024527850545809048,43148858.0,167562.0,1263859089.604,8526181.485,XLF,IYF,Financials
2023-08-23,3.5248888540047054,4.326381780706431,33.95,75.67,0.009816,0.010955,0.0,0.0,0.009815585960737769,0.010955243820975418,0.0,-0.001139657860237649,30240536.0,124109.0,1251791125.479,8349693.4405000005,XLF,IYF,Financials
2023-08-24,3.521347982792617,4.325720798462787,33.83,75.62,-0.003535,-0.000661,0.0,0.0,-0.0035346097201767305,-0.0006607638430025109,0.0,-0.0028738458771742194,35784853.0,111471.0,1234907392.606,8176753.001,XLF,IYF,Financials
2023-08-25,3.5260663637080247,4.327306422473649,33.99,75.74,0.00473,0.001587,0.0,0.0,0.004729530002955957,0.0015868817773074598,0.0,0.003142648225648497,40347163.0,122548.0,1246404693.4045,8006892.4605,XLF,IYF,Financials
2023-08-28,3.5316406776874447,4.332442405318121,34.18,76.13,0.00559,0.005149,0.0,0.0,0.005589879376287144,0.005149194613150382,0.0,0.00044068476313676146,34905318.0,112402.0,1255488249.27,8104559.923,XLF,IYF,Financials
2023-08-29,3.5406694269487495,4.343285806357451,34.49,76.96,0.00907,0.010902,0.0,0.0,0.009069631363370393,0.010902403783002628,0.0,-0.001832772419632235,43394335.0,170251.0,1283517825.4615,8373796.456499999,XLF,IYF,Financials
2023-08-30,3.541249137109912,4.344194956364874,34.51,77.03,0.00058,0.00091,0.0,0.0,0.0005798782255726297,0.0009095634095635382,0.0,-0.00032968518399090847,33799921.0,231260.0,1256137926.99,8746695.8345,XLF,IYF,Financials
2023-08-31,3.5374749999547035,4.3419855851366975,34.38,76.86,-0.003767,-0.002207,-1811826000.0000002,0.0,-0.05534803867750198,-0.0022069323640140203,-1811826000.0000002,-0.05314110631348796,27999689.0,132420.0,1248414182.051,8894451.9295,XLF,IYF,Financials
2023-09-01,3.5464514609816584,4.349503442968322,34.69,77.44,0.009017,0.007546,0.0,0.0,0.009016870273414544,0.0075461878740567265,0.0,0.0014706823993578177,41075673.0,83701.0,1256480394.8845,8889915.133499999,XLF,IYF,Financials
2023-09-05,3.5363108554693294,4.339771321776768,34.34,76.69,-0.010089,-0.009685,0.0,0.0,-0.010089362928797698,-0.009684917355371902,0.0,-0.00040444557342579623,38612307.0,173445.0,1264156497.7435,9323294.0815,XLF,IYF,Financials
2023-09-06,3.5357282746197614,4.336636932375072,34.32,76.45,-0.000582,-0.00313,0.0,0.0,-0.0005824111822948151,-0.003129482331464337,0.0,0.002547071149169522,35672799.0,96461.0,1260026091.1035,9393665.216,XLF,IYF,Financials
2023-09-07,3.533102452542094,4.3357208817973705,34.23,76.38,-0.002622,-0.000916,0.0,0.0,-0.0026223776223777374,-0.0009156311314584696,0.0,-0.0017067464909192678,47632630.0,149920.0,1274861697.2925,9445469.8535,XLF,IYF,Financials
2023-09-08,3.535145354171894,4.339510497570803,34.3,76.67,0.002045,0.003797,0.0,0.0,0.002044989775051125,0.003796805446451951,0.0,-0.0017518156714008259,39742305.0,166358.0,1276634853.1325002,9700710.6175,XLF,IYF,Financials
2023-09-11,3.5397992310997837,4.3435456478556,34.46,76.98,0.004665,0.004043,0.0,0.0,0.004664723032070087,0.004043302465110213,0.0,0.0006214205669598741,28965132.0,173114.0,1278494043.3065,10038980.7235,XLF,IYF,Financials
2023-09-12,3.5464514609816584,4.354012888218683,34.69,77.79,0.006674,0.010522,0.0,0.0,0.00667440510737075,0.010522213561964274,0.0,-0.0038478084545935246,48615168.0,76326.0,1321391210.93,10028249.300999999,XLF,IYF,Financials
2023-09-13,3.5464514609816584,4.3511807545027805,34.69,77.57,0.0,-0.002828,0.0,0.0,0.0,-0.0028281270086131863,0.0,0.0028281270086131863,31994884.0,88104.0,1278580358.072,9868280.475,XLF,IYF,Financials
2023-09-14,3.555633734966574,4.364244464878084,35.01,78.59,0.009225,0.013149,0.0,0.0,0.009224560392043817,0.013149413433028362,0.0,-0.003924853040984545,65685526.0,66785.0,1336231297.875,9743688.8195,XLF,IYF,Financials
2023-09-15,3.5504790843779097,4.358502089626924,34.83,78.14,-0.005141,-0.005726,0.0,0.0,-0.005141388174807086,-0.005725919328158799,0.0,0.0005845311533517134,51800186.0,168545.0,1361511259.7895,9967794.808,XLF,IYF,Financials
2023-09-18,3.5487549460197703,4.361058328237685,34.77,78.34,0.002729,0.002559,0.0,0.0,-0.0017226528854434697,0.002559508574353724,0.0,-0.004282161459797194,32458673.0,227415.0,1348519592.4589999,10491106.8115,XLF,IYF,Financials
2023-09-19,3.5476038667559826,4.360930671379148,34.73,78.33,-0.00115,-0.000128,0.0,0.0,-0.0011504170261722145,-0.00012764871074802145,0.0,-0.0010227683154241931,36116798.0,683797.0,1356409296.6629999,12827675.099499999,XLF,IYF,Financials
2023-09-20,3.5406694269487495,4.354269957628839,34.49,77.81,-0.00691,-0.006639,0.0,0.0,-0.006910452058738616,-0.00663858036512192,0.0,-0.00027187169361669525,31617981.0,250144.0,1338401274.5995002,13173759.546500001,XLF,IYF,Financials
2023-09-21,3.5240048109237025,4.338335946049148,33.92,76.58,-0.016527,-0.015808,0.0,0.0,-0.01652652942882006,-0.015807736794756458,0.0,-0.000718792634063603,48106804.0,85510.0,1368657104.3235002,13031610.934999999,XLF,IYF,Financials
2023-09-22,3.51631018876266,4.33165396900921,33.66,76.07,-0.007665,-0.00666,0.0,0.0,-0.007665094339622758,-0.006659702272133846,0.0,-0.001005392067488912,41688252.0,93215.0,1378288353.5900002,12964682.3365,XLF,IYF,Financials
2023-09-25,3.5186840771178223,4.334672938290411,33.74,76.3,0.002377,0.003024,0.0,0.0,0.0023767082590614354,0.0030235309583279864,0.0,-0.0006468226992665509,40141709.0,95938.0,1377437413.1545,12866596.5305,XLF,IYF,Financials
2023-09-26,3.5052570515869337,4.3154861108656375,33.29,74.85,-0.013337,-0.013835,0.0,0.0,-0.013337285121517602,-0.019003931847968676,0.0,0.005666646726451074,46165433.0,101324.0,1394626587.921,12817943.3875,XLF,IYF,Financials
2023-09-27,3.5037539699872475,4.314282982587362,33.24,74.76,-0.001502,-0.001202,0.0,0.0,-0.001501952538299671,-0.0012024048096189743,0.0,-0.0002995477286806968,49360881.0,145152.0,1401830841.4355,12705395.7155,XLF,IYF,Financials
2023-09-28,3.5109482456212744,4.321480134805848,33.48,75.3,0.00722,0.007223,0.0,0.0,0.007220216606497957,0.007223113964686865,0.0,-2.8973581889081904e-06,63638085.0,112392.0,1450039232.04,12237853.7055,XLF,IYF,Financials
2023-09-29,3.501645852958961,4.314282982587362,33.17,74.76,-0.009259,-0.007171,-1920543000.0,-18690000.0,-0.06869477297884417,-0.01747036749268473,-1901853000.0,-0.05122440548615945,52860527.0,1538201.0,1489576950.6785,17478758.9835,XLF,IYF,Financials
2023-10-02,3.4931686602009657,4.301223221070275,32.89,73.79,-0.008441,-0.012975,0.0,0.0,-0.008441362677117878,-0.01297485286249331,0.0,0.004533490185375431,49350601.0,232270.0,1499488259.2044997,18011628.876500003,XLF,IYF,Financials
2023-10-03,3.4772320679381528,4.283862385886651,32.37,72.52,-0.01581,-0.017211,0.0,0.0,-0.015810276679842025,-0.017211004201111393,0.0,0.0014007275212693689,52921754.0,322078.0,1518844786.9345,18514408.852,XLF,IYF,Financials
2023-10-04,3.484618989801228,4.2916915584923006,32.61,73.09,0.007414,0.00786,0.0,0.0,0.0074142724745135695,0.007859900717043573,0.0,-0.0004456282425300039,40136047.0,221450.0,1523072088.484,18954975.7045,XLF,IYF,Financials
2023-10-05,3.4892082589848687,4.297557478047431,32.76,73.52,0.0046,0.005883,0.0,0.0,0.004599816007359705,0.005883157750718292,0.0,-0.0012833417433585868,41407826.0,275487.0,1509374861.2269998,19395121.4365,XLF,IYF,Financials
2023-10-06,3.497718948652777,4.3067641501733345,33.04,74.2,0.008547,0.009249,0.0,0.0,0.008547008547008548,0.009249183895538629,0.0,-0.0007021753485300809,54057834.0,209417.0,1530520349.9199998,19534325.1135,XLF,IYF,Financials
2023-10-09,3.498324092392878,4.307976353163715,33.06,74.29,0.000605,0.001213,0.0,0.0,0.0006053268765134445,0.0012129380053909702,0.0,-0.0006076111288775257,61396589.0,118619.0,1582101989.101,19308619.603,XLF,IYF,Financials
2023-10-10,3.505557396986398,4.314282982587362,33.3,74.76,0.007259,0.006327,0.0,0.0,0.007259528130671251,0.006326558083187508,0.0,0.0009329700474837435,44743354.0,155727.0,1572276664.615,19593857.152,XLF,IYF,Financials
2023-10-11,3.507057772361633,4.316821224548606,33.35,74.95,0.001501,0.002541,0.0,0.0,0.001501501501501628,0.002541466024611958,0.0,-0.00103996452311033,35746363.0,104167.0,1576388598.6195,19642511.620500002,XLF,IYF,Financials
2023-10-12,3.500741011998417,4.308380094505583,33.14,74.32,-0.006297,-0.008406,0.0,0.0,-0.006296851574212893,-0.008405603735824016,0.0,0.0021087521616111222,41991169.0,104467.0,1530985452.3895,19768279.335,XLF,IYF,Financials
2023-10-13,3.5028510353886553,4.310396359722554,33.21,74.47,0.002112,0.002018,0.0,0.0,0.002112251056125528,0.0020182992465017494,0.0,9.395180962377871e-05,53216513.0,113246.0,1529141448.307,19531445.501000002,XLF,IYF,Financials
2023-10-16,3.5133348815990053,4.3212144952771245,33.56,75.28,0.010539,0.010877,0.0,0.0,0.010538994278831804,0.010876863166375721,0.0,-0.0003378688875439167,45589267.0,108738.0,1549210835.3225,19049950.778,XLF,IYF,Financials
2023-10-17,3.518091133133655,4.327702435943282,33.72,75.77,0.004768,0.006509,0.0,0.0,0.004767580452920017,0.006509032943676939,0.0,-0.0017414524907569222,41925171.0,88183.0,1557179853.9015,16705941.123000002,XLF,IYF,Financials
2023-10-18,3.500741011998417,4.310127759130018,33.14,74.45,-0.017201,-0.017421,0.0,0.0,-0.01720047449584816,-0.017421142932559062,0.0,0.00022066843671090033,46942085.0,83959.0,1580437680.5119998,16045293.2685,XLF,IYF,Financials
2023-10-19,3.487375077903208,4.296741040391521,32.7,73.46,-0.013277,-0.013298,0.0,0.0,-0.013277006638503192,-0.01329751511081276,0.0,2.0508472309567136e-05,66656245.0,118817.0,1607831501.5029998,16154290.3195,XLF,IYF,Financials
2023-10-20,3.4719664525503626,4.27999390910873,32.2,72.24,-0.015291,-0.016608,0.0,0.0,-0.015290519877675839,-0.01660767764769943,0.0,0.0013171577700235911,59921317.0,124337.0,1634143493.757,16248852.311,XLF,IYF,Financials
2023-10-23,3.4657359027997265,4.272630207894483,32.0,71.71,-0.006211,-0.007337,0.0,0.0,-0.006211180124223732,-0.007336655592469547,0.0,0.0011254754682458144,55913666.0,148015.0,1655886296.274,16413556.6235,XLF,IYF,Financials
2023-10-24,3.472587377748828,4.277776613300082,32.22,72.08,0.006875,0.00516,0.0,0.0,0.006875,0.0051596708966672716,0.0,0.0017153291033327285,35825013.0,133231.0,1636758028.9885,16514516.0775,XLF,IYF,Financials
2023-10-25,3.4688560301359703,4.27332721775054,32.1,71.76,-0.003724,-0.00444,0.0,0.0,-0.0037243947858473,-0.004439511653717952,0.0,0.0007151168678706525,59240095.0,139044.0,1649800597.2415001,16470827.773500001,XLF,IYF,Financials
2023-10-26,3.466672963621067,4.27957854046309,32.03,72.21,-0.002181,0.006271,0.0,0.0,-0.0021806853582554517,0.006270903010033166,0.0,-0.008451588368288618,56046144.0,168996.0,1633028342.5675,16657831.951499999,XLF,IYF,Financials
2023-10-27,3.4483989831464497,4.258445572902527,31.45,70.7,-0.018108,-0.020911,0.0,0.0,-0.01810802372775523,-0.020911231131422105,0.0,0.0028032074036668762,73057348.0,207335.0,1660241838.2680001,11640965.838499999,XLF,IYF,Financials
2023-10-30,3.4660483539817717,4.274719781685373,32.01,71.86,0.017806,0.016407,0.0,0.0,0.0178060413354531,0.01640735502121641,0.0,0.001398686314236692,48978077.0,52966.0,1657474187.1620002,10974312.5115,XLF,IYF,Financials
2023-10-31,3.4769230921902907,4.284551613290046,32.36,72.57,0.010934,0.00988,-1067880000.0,54427499.99999999,-0.025837488794192485,0.041637565706903745,-1122307500.0,-0.06747505450109623,41050120.0,42166.0,1638239422.473,9959457.014500001,XLF,IYF,Financials
2023-11-01,3.4833916192881422,4.291554731509806,32.57,73.08,0.006489,0.007028,0.0,0.0,0.0064894932014833125,0.007027697395618158,0.0,-0.0005382041941348458,51764061.0,76887.0,1657095371.178,9431113.0875,XLF,IYF,Financials
2023-11-02,3.506757877322648,4.315352501405889,33.34,74.84,0.023641,0.024083,0.0,0.0,0.02364138778016593,0.0240831964969896,0.0,-0.00044180871682366826,47416970.0,71002.0,1668313441.18,8684112.3595,XLF,IYF,Financials
2023-11-03,3.519868911379654,4.330601752681694,33.78,75.99,0.013197,0.015366,0.0,0.0,0.013197360527894289,0.015366114377338192,0.0,-0.002168753849443903,58801309.0,780099.0,1678325310.3130002,10871161.44,XLF,IYF,Financials
2023-11-06,3.516904189374126,4.325720798462787,33.68,75.62,-0.00296,-0.004869,0.0,0.0,-0.002960331557134399,-0.004869061718647064,0.0,0.0019087301615126648,40599720.0,140921.0,1645206677.176,10963373.4655,XLF,IYF,Financials
2023-11-07,3.515418525752178,4.324000197151533,33.63,75.49,-0.001485,-0.001719,0.0,0.0,-0.0014845605700711294,-0.0017191219254166846,0.0,0.00023456135534555517,27441995.0,91371.0,1616852707.3585,10726145.779,XLF,IYF,Financials
2023-11-08,3.516607233172983,4.324000197151533,33.67,75.49,0.001189,0.0,0.0,0.0,0.0011894142134997213,0.0,0.0,0.0011894142134997213,30057962.0,68009.0,1607848226.083,10592479.917,XLF,IYF,Financials
2023-11-09,3.512440560478137,4.32068300443283,33.53,75.24,-0.004158,-0.003312,0.0,0.0,-0.004158004158004158,-0.003311696913498477,0.0,-0.000846307244505681,34336588.0,98776.0,1595834148.832,10575875.856999999,XLF,IYF,Financials
2023-11-10,3.523709956137547,4.3321796622793,33.91,76.11,0.011333,0.011563,0.0,0.0,0.011333134506412037,0.0115629984051038,0.0,-0.00022986389869176192,35153488.0,73224.0,1567070867.8995001,10432858.307999998,XLF,IYF,Financials
2023-11-13,3.522234376704989,4.330206885944085,33.86,75.96,-0.001474,-0.001971,0.0,0.0,-0.0014744913005011987,-0.001970831690973718,0.0,0.0004963403904725194,28327270.0,131429.0,1538530145.9835,10522735.818,XLF,IYF,Financials
2023-11-14,3.5409593240373143,4.352983949221151,34.5,77.71,0.018901,0.023038,0.0,0.0,0.018901358535144713,0.023038441284886784,0.0,-0.004137082749742071,54296279.0,703941.0,1561505388.9525,12923817.278,XLF,IYF,Financials
2023-11-15,3.5464514609816584,4.357477761752469,34.69,78.06,0.005507,0.004504,0.0,0.0,0.005507246376811468,0.004503924848796934,0.0,0.0010033215280145337,35000184.0,169399.0,1544430173.2555,13272444.1975,XLF,IYF,Financials
2023-11-16,3.5504790843779097,4.360547602996758,34.83,78.3,0.004036,0.003075,0.0,0.0,0.0040357451715192965,0.0030745580322828594,0.0,0.0009611871392364371,33222473.0,118642.0,1493304149.41,13300512.7865,XLF,IYF,Financials
2023-11-17,3.555633734966574,4.366151285515591,35.01,78.74,0.005168,0.005619,0.0,0.0,0.00516795865633075,0.005619412515964116,0.0,-0.0004514538596333663,31341489.0,121844.0,1451694105.5345,13331107.3705,XLF,IYF,Financials
2023-11-20,3.5596246182566738,4.3694478524670215,35.15,79.0,0.003999,0.003302,0.0,0.0,0.003998857469294488,0.0033020066040133317,0.0,0.0006968508652811559,37400151.0,132977.0,1427963005.317,13325658.738,XLF,IYF,Financials
2023-11-21,3.559055466277736,4.368307962532944,35.13,78.91,-0.000569,-0.001139,0.0,0.0,-0.0005689900426741291,-0.001139240506329114,0.0,0.0005702504636549849,27285737.0,85341.0,1418176306.4144998,13182207.1295,XLF,IYF,Financials
2023-11-22,3.563032744247961,4.37248122183035,35.27,79.24,0.003985,0.004182,0.0,0.0,0.003985197836606888,0.004181979470282478,0.0,-0.00019678163367558947,32723981.0,190459.0,1380804694.433,13437915.8155,XLF,IYF,Financials
2023-11-24,3.566146688731639,4.375631227585021,35.38,79.49,0.003119,0.003155,0.0,0.0,0.003118797845194216,0.0031549722362443212,0.0,-3.617439105010542e-05,13168491.0,192704.0,1314341855.396,13593657.8055,XLF,IYF,Financials
2023-11-27,3.562749176969724,4.373616367313912,35.26,79.33,-0.003392,-0.002013,0.0,0.0,-0.0033917467495761544,-0.002012831802742362,0.0,-0.0013789149468337925,35016987.0,230490.0,1261194123.747,13774967.1655,XLF,IYF,Financials
2023-11-28,3.5624655292582776,4.3715974391833425,35.25,79.17,-0.000284,-0.002017,0.0,0.0,-0.0002836074872376631,-0.0020168914660279843,0.0,0.001733283978790321,39329273.0,151248.0,1252122555.171,14183375.5355,XLF,IYF,Financials
2023-11-29,3.56953269648137,4.380275101635076,35.5,79.86,0.007092,0.008715,0.0,0.0,0.0070921985815602835,0.008715422508525956,0.0,-0.0016232239269656727,36651299.0,104082.0,1250759516.7359998,14445975.6305,XLF,IYF,Financials
2023-11-30,3.580737295494233,4.390490713086011,35.9,80.68,0.011268,0.010268,380540000.0,-80680000.0,0.023528970148004567,-0.03079983467002201,461220000.0,0.05432880481802658,37334537.0,107548.0,1233477237.3125,14598879.164499998,XLF,IYF,Financials
2023-12-01,3.5882300459640066,4.400234854322551,36.17,81.47,0.007521,0.009792,0.0,0.0,0.007520891364902507,0.00979176995537915,0.0,-0.002270878590476643,51267600.0,177530.0,1247150602.9225001,15056358.135499999,XLF,IYF,Financials
2023-12-04,3.587123545159549,4.402196841463264,36.13,81.63,-0.001106,0.001964,0.0,0.0,-0.0011058888581696347,0.0019639130968454647,0.0,-0.0030698019550150996,41366616.0,136979.0,1222563983.8255,12651451.7735,XLF,IYF,Financials
2023-12-05,3.5821290841670557,4.397407736712184,35.95,81.24,-0.004982,-0.004778,0.0,0.0,-0.004982009410462219,-0.004777655273796522,0.0,-0.00020435413666569646,39510878.0,86626.0,1225214858.5505002,12470504.2845,XLF,IYF,Financials
2023-12-06,3.5771095532709265,4.390862483336281,35.77,80.71,-0.005007,-0.006524,0.0,0.0,-0.005006954102920722,-0.006523879862136879,0.0,0.0015169257592161567,35616129.0,189331.0,1242770590.6745,12889669.6955,XLF,IYF,Financials
2023-12-07,3.581850881355413,4.394819456472634,35.94,81.03,0.004753,0.003965,0.0,0.0,0.004752585965892965,0.003964812290918228,0.0,0.000787773674974737,26050871.0,157503.0,1238981426.8345,13271093.1295,XLF,IYF,Financials
2023-12-08,3.587123545159549,4.401338945706255,36.13,81.56,0.005287,0.006541,0.0,0.0,0.00528658875904309,0.006540787362705171,0.0,-0.001254198603662081,33213096.0,183521.0,1241415594.9765,13647896.455499997,XLF,IYF,Financials
2023-12-11,3.5931942039795284,4.407694381422459,36.35,82.08,0.006089,0.006376,0.0,0.0,0.006089122612787037,0.0063756743501716525,0.0,-0.0002865517373846155,31165724.0,137338.0,1238456559.4424999,13932877.6755,XLF,IYF,Financials
2023-12-12,3.600321427132145,4.413646418429337,36.61,82.57,0.007153,0.00597,0.0,0.0,0.007152682255845942,0.0059697855750486094,0.0,0.0011828966807973327,37245695.0,117050.0,1258676736.03,13916951.258499999,XLF,IYF,Financials
2023-12-13,3.616308761279101,4.430816798843313,37.2,84.0,0.016116,0.017319,0.0,0.0,0.016115815350997112,0.017318638730774015,0.0,-0.001202823379776903,56988976.0,137224.0,1271015150.115,11758129.303,XLF,IYF,Financials
2023-12-14,3.6262058595858777,4.446877606993498,37.57,85.36,0.009946,0.016191,0.0,0.0,0.009946236559139668,0.01619047619047619,0.0,-0.006244239631336522,66865709.0,160320.0,1335914565.3235002,11781210.765999999,XLF,IYF,Financials
2023-12-15,3.6203329115788265,4.439115601658009,37.35,84.7,-0.005856,-0.007732,0.0,0.0,-0.005855735959542188,-0.007731958762886598,0.0,0.0018762228033444104,69246238.0,72505.0,1407374978.059,11623786.011,XLF,IYF,Financials
2023-12-18,3.6187251941907292,4.441356300749876,37.29,84.89,0.003307,0.002243,0.0,0.0,-0.001606425702811245,0.002243211334120425,0.0,-0.00384963703693167,43434018.0,98157.0,1433494428.1255002,11560713.5695,XLF,IYF,Financials
2023-12-19,3.6262058595858777,4.4495684538935185,37.57,85.59,0.007509,0.008246,0.0,0.0,0.007508715473317243,0.00824596536694546,0.0,-0.0007372498936282163,32508982.0,91320.0,1428831785.4299998,11426258.3595,XLF,IYF,Financials
2023-12-20,3.6082115510464816,4.4272389774954295,36.9,83.7,-0.017833,-0.017297,0.0,0.0,-0.017833377694969392,-0.022082018927444796,0.0,0.004248641232475404,52985729.0,175082.0,1478663058.3945003,11822263.613999998,XLF,IYF,Financials
2023-12-21,3.6179203651734424,4.434856248318414,37.26,84.34,0.009756,0.007646,0.0,0.0,0.00975609756097561,0.007646356033452807,0.0,0.0021097415275228024,27522248.0,101751.0,1472228265.925,11496749.022999998,XLF,IYF,Financials
2023-12-22,3.6200651381135764,4.438525108579144,37.34,84.65,0.002147,0.003676,0.0,0.0,0.0021470746108428426,0.003675598766896017,0.0,-0.0015285241560531746,30331445.0,81389.0,1505562013.161,11075325.9175,XLF,IYF,Financials
2023-12-26,3.6240742307478206,4.444062025593334,37.49,85.12,0.004017,0.005552,0.0,0.0,0.004017139796464801,0.0055522740696986395,0.0,-0.0015351342732338388,17837563.0,66324.0,1477263576.9235,10443362.2765,XLF,IYF,Financials
2023-12-27,3.627269972482245,4.4467604492404496,37.61,85.35,0.003201,0.002702,0.0,0.0,0.0032008535609495867,0.002702067669172814,0.0,0.0004987858917767729,32640761.0,122293.0,1469326684.3215,10366532.445999999,XLF,IYF,Financials
2023-12-28,3.6301904577652566,4.450619426139493,37.72,85.68,0.002925,0.003866,0.0,0.0,0.0029247540547726668,0.003866432337434332,0.0,-0.0009416782826616654,25308018.0,83063.0,1452001550.5445,10306774.911999999,XLF,IYF,Financials
2023-12-29,3.6270040503958487,4.4474631899580555,37.6,85.41,-0.003181,-0.003151,759520000.0,46975500.0,0.01957489460187703,0.020080383848454515,712544500.0,-0.0005054892465774855,30218318.0,112790.0,1441796494.4695,10354595.975,XLF,IYF,Financials
2024-01-02,3.6312503412773,4.450152463721482,37.76,85.64,0.004255,0.002693,0.0,0.0,0.00425531914893617,0.0026928931038520077,0.0,0.0015624260450841625,31351873.0,327407.0,1408271376.0935,11033384.294,XLF,IYF,Financials
2024-01-03,3.622739651609391,4.441120673981586,37.44,84.87,-0.008475,-0.008991,0.0,0.0,-0.008474576271186552,-0.00899112564222326,0.0,0.0005165493710367081,46908957.0,383458.0,1421356151.7935002,12101508.5285,XLF,IYF,Financials
2024-01-04,3.6267380575760866,4.444531840025279,37.59,85.16,0.004006,0.003417,0.0,0.0,0.0040064102564104824,0.003416990691646047,0.0,0.0005894195647644356,36904184.0,318748.0,1419696762.4164999,13106862.7005,XLF,IYF,Financials
2024-01-05,3.6309854756950335,4.450385972187225,37.75,85.66,0.004256,0.005871,0.0,0.0,0.004256451183825373,0.0058713010803193985,0.0,-0.0016148498964940255,44852345.0,152050.0,1440656116.8875,12994047.6,XLF,IYF,Financials
2024-01-08,3.6373229671995344,4.455277096413474,37.99,86.08,0.006358,0.004903,0.0,0.0,0.006357615894039735,0.004903105300023348,0.0,0.0014545105940163873,39098313.0,97098.0,1468109947.244,12773833.9875,XLF,IYF,Financials
2024-01-09,3.6309854756950335,4.446877606993498,37.75,85.36,-0.006318,-0.008364,0.0,0.0,-0.006317451961042379,-0.008364312267657992,0.0,0.0020468603066156124,36338058.0,518202.0,1476698573.795,14237121.485499999,XLF,IYF,Financials
2024-01-10,3.6325736179028416,4.449101000338202,37.81,85.55,0.001589,0.002226,0.0,0.0,0.0015894039735100454,0.0022258669165885663,0.0,-0.0006364629430785208,37095460.0,97353.0,1490183837.555,14089913.791,XLF,IYF,Financials
2024-01-11,3.62886402170395,4.443356889825488,37.67,85.06,-0.003703,-0.005728,0.0,0.0,-0.0037027241470511557,-0.005727644652250146,0.0,0.00202492050519899,49043458.0,141900.0,1514378946.0005002,14210173.566,XLF,IYF,Financials
2024-01-12,3.6270040503958487,4.440649253819643,37.6,84.83,-0.001858,-0.002704,0.0,0.0,-0.0018582426333952748,-0.002703973665647778,0.0,0.0008457310322525031,41333857.0,139848.0,1486087101.8005002,14226998.057999998,XLF,IYF,Financials
2024-01-16,3.6200651381135764,4.433313679041901,37.34,84.21,-0.006915,-0.007309,0.0,0.0,-0.006914893617021164,-0.007308735117293527,0.0,0.0003938415002723624,44042053.0,137811.0,1442706380.395,14123005.5135,XLF,IYF,Financials
2024-01-17,3.618188713491167,4.4297447958819784,37.27,83.91,-0.001875,-0.003562,0.0,0.0,-0.0018746652383502943,-0.0035625222657640443,0.0,0.00168785702741375,38715919.0,154802.0,1385536145.9865,14465418.629499998,XLF,IYF,Financials
2024-01-18,3.6197972929264925,4.431530829576971,37.33,84.06,0.00161,0.001788,0.0,0.0,0.0016098738932115852,0.001787629603146228,0.0,-0.0001777557099346429,42064934.0,1962948.0,1383067618.7365,22299061.687,XLF,IYF,Financials
2024-01-19,3.6357423557008075,4.44886719159269,37.93,85.53,0.016073,0.017488,0.0,0.0,0.016072863648540048,0.01748750892219843,0.0,-0.0014146452736583832,59417724.0,202983.0,1434685209.6155,22776314.5465,XLF,IYF,Financials
2024-01-22,3.640476714885769,4.453416630760555,38.11,85.92,0.004746,0.00456,0.0,0.0,0.004745583970471922,0.004559803577692038,0.0,0.0001857803927798841,51828830.0,127101.0,1435686375.1755,22589622.2725,XLF,IYF,Financials
2024-01-23,3.6420498667571386,4.454231010422805,38.17,85.99,0.001574,0.000815,0.0,0.0,0.001574389923904487,0.0008147113594039819,0.0,0.0007596785645005051,46255523.0,169248.0,1472691092.797,22888220.0815,XLF,IYF,Financials
2024-01-24,3.6459719531026598,4.4599131733309525,38.32,86.48,0.00393,0.005698,0.0,0.0,0.0039297877914592615,0.0056983370159322,0.0,-0.0017685492244729388,43975483.0,105968.0,1500319310.41,23001946.770999998,XLF,IYF,Financials
2024-01-25,3.6509179478268177,4.466252886801422,38.51,87.03,0.004958,0.00636,0.0,0.0,0.004958246346555324,0.006359851988899167,0.0,-0.0014016056423438433,50693847.0,87306.0,1564493800.9650002,23099583.886,XLF,IYF,Financials
2024-01-26,3.654546775033431,4.468319003238894,38.65,87.21,0.003636,0.002068,0.0,0.0,0.003635419371591794,0.002068252326783754,0.0,0.00156716704480804,38620191.0,68630.0,1577746369.012,22876959.623499997,XLF,IYF,Financials
2024-01-29,3.657130755799356,4.470495282661489,38.75,87.4,0.002587,0.002179,0.0,0.0,0.00258732212160414,0.0021786492374729935,0.0,0.00040867288413114645,44175644.0,250122.0,1615605757.314,23614150.8715,XLF,IYF,Financials
2024-01-30,3.6696966346971625,4.481419378551917,39.24,88.36,0.012645,0.010984,0.0,0.0,0.01264516129032258,0.01098398169336373,0.0,0.0016611795969588509,43229261.0,86483.0,1643611129.556,23514563.0705,XLF,IYF,Financials
2024-01-31,3.6573887870225654,4.466482666214198,38.76,87.05,-0.012233,-0.014826,1269390000.0,178452500.0,0.02351098733107413,0.06880191799592669,1090937500.0,-0.04529093066485256,65780855.0,146896.0,1711902090.322,22751971.1365,XLF,IYF,Financials
2024-02-01,3.658935577740864,4.462684537691336,38.82,86.72,0.001548,-0.003791,0.0,0.0,0.0015479876160990713,-0.003790924755887421,0.0,0.005338912371986492,63445632.0,143963.0,1747236494.53,21748990.681499995,XLF,IYF,Financials
2024-02-02,3.6630486940794147,4.468548308445127,38.98,87.23,0.004122,0.005881,0.0,0.0,0.004121586810922205,0.0058809963099631,0.0,-0.0017594094990408945,61778368.0,221679.0,1798281119.934,21358614.656,XLF,IYF,Financials
2024-02-05,3.657130755799356,4.462338536880549,38.75,86.69,-0.0059,-0.006191,0.0,0.0,-0.005900461775269369,-0.006190530780694715,0.0,0.0002900690054253464,37351320.0,204849.0,1785990501.2465,21595302.4965,XLF,IYF,Financials
2024-02-06,3.659193143743576,4.465103197090973,38.83,86.93,0.002065,0.002768,0.0,0.0,0.002064516129032258,0.0027684854077748297,0.0,-0.0007039692787425716,41055717.0,143203.0,1791432930.2584999,21799824.544,XLF,IYF,Financials
2024-02-07,3.6666338451666167,4.471981591744346,39.12,87.53,0.007468,0.006902,0.0,0.0,0.007468452227659027,0.006902105142068331,0.0,0.000566347085590696,39018730.0,325319.0,1799165481.6634998,21011897.0115,XLF,IYF,Financials
2024-02-08,3.662792119350618,4.470724089435168,38.97,87.42,-0.003834,-0.001257,0.0,0.0,-0.003834355828220859,-0.00125671198446247,0.0,-0.002577643843758389,47331463.0,97973.0,1821261870.189,21023709.536999997,XLF,IYF,Financials
2024-02-09,3.6656108271745818,4.475175389371905,39.08,87.81,0.002823,0.004461,0.0,0.0,0.0028226841159866563,0.004461221688400824,0.0,-0.0016385375724141675,50680443.0,97305.0,1827918102.668,20847426.439499997,XLF,IYF,Financials
2024-02-12,3.670206188848315,4.481985085417713,39.26,88.41,0.004606,0.006833,0.0,0.0,0.004605936540429887,0.006832934745473181,0.0,-0.002226998205043294,39952718.0,245659.0,1828637636.9420002,21340196.757,XLF,IYF,Financials
2024-02-13,3.6566144935266607,4.465218225560646,38.73,86.94,-0.0135,-0.016627,0.0,0.0,-0.013499745287824758,-0.0166270783847981,0.0,0.003127333096973342,62948331.0,85223.0,1868310566.9724998,21130407.9225,XLF,IYF,Financials
2024-02-14,3.66612246699132,4.4760860325765535,39.1,87.89,0.009553,0.010927,0.0,0.0,0.009553317841466564,0.01092707614446745,0.0,-0.0013737583030008858,58722450.0,85076.0,1910965841.666,20854802.6135,XLF,IYF,Financials
2024-02-15,3.6831128592195994,4.494015136621929,39.77,89.48,0.017136,0.018091,0.0,0.0,0.017135549872122763,0.01809079531232222,0.0,-0.0009552454401994571,58107891.0,106384.0,1947999183.6085,13080494.1855,XLF,IYF,Financials
2024-02-16,3.679586407202344,4.492001487882454,39.63,89.3,-0.00352,-0.002012,0.0,0.0,-0.00352024138798089,-0.002011622708985248,0.0,-0.001508618678995642,37900006.0,70521.0,1910412331.9315,12527313.650999999,XLF,IYF,Financials
2024-02-20,3.6768068728796672,4.490881039585964,39.52,89.2,-0.002776,-0.00112,0.0,0.0,-0.0027756749936916477,-0.0011198208286674132,0.0,-0.0016558541650242345,39952226.0,99203.0,1890598094.9424999,12423733.135000002,XLF,IYF,Financials
2024-02-21,3.6798387094617873,4.4921134636957945,39.64,89.31,0.003036,0.001233,0.0,0.0,0.003036437246963563,0.001233183856502242,0.0,0.0018032533904613207,40259036.0,51467.0,1882112838.6490002,11925877.247499999,XLF,IYF,Financials
2024-02-22,3.6913763343125234,4.502915951949335,40.1,90.28,0.011604,0.010861,0.0,0.0,0.01160443995963673,0.010861045795543612,0.0,0.000743394164093119,55188192.0,88932.0,1908508138.1809998,11869110.6635,XLF,IYF,Financials
2024-02-23,3.696351468952637,4.506012614454873,40.3,90.56,0.004988,0.003101,0.0,0.0,0.004987531172069825,0.0031014621178555605,0.0,0.0018860690542142648,42190548.0,90886.0,1895911090.0025,11900730.4125,XLF,IYF,Financials
2024-02-26,3.6913763343125234,4.501807672992938,40.1,90.18,-0.004963,-0.004196,0.0,0.0,-0.004962779156327543,-0.004196113074204947,0.0,-0.0007666660821225961,38369977.0,57984.0,1898209374.78,11862919.1535,XLF,IYF,Financials
2024-02-27,3.6941157209091826,4.505460341839079,40.21,90.51,0.002743,0.003659,0.0,0.0,0.002743142144638404,0.003659347970725216,0.0,-0.000916205826086812,42599488.0,66078.0,1898265335.154,11068922.002500001,XLF,IYF,Financials
2024-02-28,3.6978391954854084,4.508549147383666,40.36,90.79,0.00373,0.003094,0.0,0.0,0.0037304153195722458,0.0030935808197989174,0.0,0.0006368344997733284,40040804.0,61483.0,1894251867.544,10965942.187,XLF,IYF,Financials
2024-02-29,3.697343532526066,4.51085950651685,40.34,91.0,-0.000496,0.002313,-671661000.0,95550000.0,-0.018241155392287236,0.04248206371721,-767211000.0,-0.06072321910949724,37629718.0,84948.0,1842667711.7599998,10713090.747,XLF,IYF,Financials
2024-03-01,3.696103299203256,4.508549147383666,40.29,90.79,-0.001239,-0.002308,0.0,0.0,-0.0012394645513138325,-0.002307692307692308,0.0,0.0010682277563784754,40794889.0,128895.0,1801701043.9385,10673986.0315,XLF,IYF,Financials
2024-03-04,3.6985822295753215,4.5148077459077,40.39,91.36,0.002482,0.006278,0.0,0.0,0.002482005460412013,0.00627822447406102,0.0,-0.0037962190136490073,53413221.0,148908.0,1789163004.516,10387344.817,XLF,IYF,Financials
2024-03-05,3.6988297849671046,4.516011049668273,40.4,91.47,0.000248,0.001204,0.0,0.0,0.0002475860361475613,0.0012040280210157618,0.0,-0.0009564419848682006,50770165.0,91376.0,1819350555.316,9917334.9625,XLF,IYF,Financials
2024-03-06,3.7040143416982065,4.521679875489066,40.61,91.99,0.005198,0.005685,0.0,0.0,0.005198019801980198,0.005684924018803979,0.0,-0.00048690421682378096,58459509.0,171573.0,1858342913.7849998,10084053.136500001,XLF,IYF,Financials
2024-03-07,3.702535780561422,4.52124495105033,40.55,91.95,-0.001478,-0.000435,0.0,0.0,-0.0014774686037921695,-0.0004348298728122622,0.0,-0.0010426387309799073,35505147.0,59093.0,1854008963.4475002,8931974.6005,XLF,IYF,Financials
2024-03-08,3.7042605561522386,4.521462436914606,40.62,91.97,0.001726,0.000218,0.0,0.0,0.0017262638717632551,0.0002175095160413268,0.0,0.0015087543557219282,47266577.0,146832.0,1857782025.6790001,9178941.5695,XLF,IYF,Financials
2024-03-11,3.7059823620135983,4.52417702677856,40.69,92.22,0.001723,0.002718,0.0,0.0,0.0017232890201870998,0.002718277699249755,0.0,-0.0009949886790626553,36233063.0,290799.0,1832468606.7305,10092598.156,XLF,IYF,Financials
2024-03-12,3.710151589389476,4.5266679578331335,40.86,92.45,0.004178,0.002494,0.0,0.0,0.004177930695502581,0.002494036000867491,0.0,0.00168389469463509,53199285.0,96259.0,1862727560.5514998,9451619.774,XLF,IYF,Financials
2024-03-13,3.717466910965849,4.531954123656832,41.16,92.94,0.007342,0.0053,0.0,0.0,0.007342143906020558,0.005300162249864792,0.0,0.002041981656155766,43471385.0,64517.0,1830292227.9,9380965.892,XLF,IYF,Financials
2024-03-14,3.709417105331484,4.52189726679427,40.83,92.01,-0.008017,-0.010007,0.0,0.0,-0.008017492711370262,-0.010006455777921239,0.0,0.0019889630665509764,65563436.0,64195.0,1849337592.744,9302428.507499998,XLF,IYF,Financials
2024-03-15,3.708436953329467,4.524285457247627,40.79,92.23,-0.00098,0.002391,0.0,0.0,-0.0009796718099436689,0.0023910444516900336,0.0,-0.0033707162616337027,67568043.0,75109.0,1871595075.189,9172831.645,XLF,IYF,Financials
2024-03-18,3.7103962975761857,4.526451601276686,40.87,92.43,0.0057,0.002168,0.0,0.0,0.001961265015935278,0.0021684918139434025,0.0,-0.00020722679800812445,39140635.0,64261.0,1876480100.9225001,9154937.591500001,XLF,IYF,Financials
2024-03-19,3.7152779279684673,4.530231099323598,41.07,92.78,0.004894,0.003787,0.0,0.0,0.004893564962074872,0.0037866493562696093,0.0,0.0011069156058052623,36748313.0,57864.0,1872997163.0919998,8980923.307500001,XLF,IYF,Financials
2024-03-20,3.727138166231027,4.544251771018675,41.56,94.09,0.011931,0.014119,0.0,0.0,0.011930849768687607,0.014119422289286485,0.0,-0.002188572520598878,52255345.0,83944.0,1901790360.65,9146011.967,XLF,IYF,Financials
2024-03-21,3.735285826928092,4.551874888929868,41.9,94.81,0.008181,0.010928,0.0,0.0,0.008180943214629451,0.007652247847805293,0.0,0.0005286953668241579,49209183.0,62257.0,1894231274.075,9039702.227500001,XLF,IYF,Financials
2024-03-22,3.723763855967438,4.5409516136614405,41.42,93.78,-0.011456,-0.010864,0.0,0.0,-0.011455847255369928,-0.010863832929015927,0.0,-0.0005920143263540012,32032973.0,95713.0,1875557606.9380002,9076968.6765,XLF,IYF,Financials
2024-03-25,3.7198935076431057,4.541058240520847,41.26,93.79,-0.003863,0.000107,0.0,0.0,-0.00386286817962337,0.00010663254425250586,0.0,-0.003969500723875876,31784000.0,137193.0,1864196195.0530002,9458885.394,XLF,IYF,Financials
2024-03-26,3.7232808808312687,4.542549824006424,41.4,93.93,0.003393,0.001493,0.0,0.0,0.0033931168201648087,0.0014926964495148736,0.0,0.0019004203706499351,30135473.0,65636.0,1840930353.539,9468108.879,XLF,IYF,Financials
2024-03-27,3.7350471349589434,4.55597994179732,41.89,95.2,0.011836,0.013521,0.0,0.0,0.011835748792270532,0.013520706909400618,0.0,-0.0016849581171300854,36670279.0,97130.0,1836933910.4325001,9651345.6005,XLF,IYF,Financials
2024-03-28,3.740522687265775,4.560695695886262,42.12,95.65,0.005491,0.004727,-440154000.0,14347500.0,-0.0059162942428700495,0.010257497494410609,-454501500.0,-0.01617379173728066,41490170.0,66418.0,1848413067.2465,9582476.285500001,XLF,IYF,Financials
2024-04-01,3.7350471349589434,4.5541926312232235,41.89,95.03,-0.005461,-0.006482,0.0,0.0,-0.005460588793922127,-0.006481965499215891,0.0,0.0010213767052937636,37537679.0,192277.0,1844854432.0215,9910961.5985,XLF,IYF,Financials
2024-04-02,3.7297814454343623,4.548282323781043,41.67,94.47,-0.005252,-0.005893,0.0,0.0,-0.005251850083552161,-0.005892875933915606,0.0,0.0006410258503634454,36359804.0,97605.0,1812742083.846,9691787.072,XLF,IYF,Financials
2024-04-03,3.7293013686128518,4.548811452318707,41.65,94.52,-0.00048,0.000529,0.0,0.0,-0.00047996160307175426,0.0005292685508627077,0.0,-0.001009230153934462,39715860.0,97098.0,1792894628.9959998,9732764.084,XLF,IYF,Financials
2024-04-04,3.717952701599643,4.5380683824473556,41.18,93.51,-0.011285,-0.010686,0.0,0.0,-0.01128451380552221,-0.01068556919170546,0.0,-0.0005989446138167497,52657527.0,194261.0,1782614444.0645,9851881.375999998,XLF,IYF,Financials
2024-04-05,3.727378753264546,4.545844719903276,41.57,94.24,0.009471,0.007807,0.0,0.0,0.00947061680427392,0.007806651695005881,0.0,0.001663965109268038,47540273.0,122085.0,1809440215.9525,10155465.828499999,XLF,IYF,Financials
2024-04-08,3.7316994512968646,4.551874888929868,41.75,94.81,0.00433,0.006048,0.0,0.0,0.004330045706038008,0.006048387096774193,0.0,-0.0017183413907361856,35165667.0,96637.0,1786850127.928,9938366.575,XLF,IYF,Financials
2024-04-09,3.7259343620649474,4.546056921495585,41.51,94.26,-0.005749,-0.005801,0.0,0.0,-0.005748502994011976,-0.005801075835882291,0.0,5.257284187031464e-05,51971423.0,120854.0,1821000649.691,9167077.287999999,XLF,IYF,Financials
2024-04-10,3.7108855343765508,4.529799878963315,40.89,92.74,-0.014936,-0.016126,0.0,0.0,-0.014936159961455071,-0.016125610014852534,0.0,0.0011894500533974634,59492759.0,169397.0,1833947456.2114997,9507613.949499998,XLF,IYF,Financials
2024-04-11,3.703768066607687,4.522983515000144,40.6,92.11,-0.007092,-0.006793,0.0,0.0,-0.0070921985815602835,-0.006793185249083459,0.0,-0.0002990133324768246,56870826.0,83991.0,1859931122.6615002,9594624.001,XLF,IYF,Financials
2024-04-12,3.6903783302376723,4.505902184329423,40.06,90.55,-0.0133,-0.016936,0.0,0.0,-0.013300492610837438,-0.016936271848876343,0.0,0.003635779238038905,81234754.0,286008.0,1888796580.3295002,10594196.123499999,XLF,IYF,Financials
2024-04-15,3.685373314784649,4.499809670330265,39.86,90.0,-0.004993,-0.006074,0.0,0.0,-0.004992511233150275,-0.006073992269464384,0.0,0.0010814810363141093,71800571.0,317261.0,1894090094.634,11675505.469999999,XLF,IYF,Financials
2024-04-16,3.678576561118039,4.493008819099761,39.59,89.39,-0.006774,-0.006778,0.0,0.0,-0.006773707977922729,-0.0067777777777777775,0.0,4.069799855048288e-06,66751329.0,165148.0,1946240462.7669997,12116652.2445,XLF,IYF,Financials
2024-04-17,3.681099266794974,4.494126887194767,39.69,89.49,0.002526,0.001119,0.0,0.0,0.002525890376357666,0.0011186933661483387,0.0,0.0014071970102093275,41561911.0,83553.0,1953257414.4010003,12222079.047,XLF,IYF,Financials
2024-04-18,3.684620397193553,4.500254016038531,39.83,90.04,0.003527,0.006146,0.0,0.0,0.003527336860670194,0.006145938093641748,0.0,-0.0026186012329715543,48893445.0,73187.0,1942042103.2085,12156652.373,XLF,IYF,Financials
2024-04-19,3.6983346128846915,4.514150787600923,40.38,91.3,0.013809,0.013994,0.0,0.0,0.013808686919407481,0.01399378054198134,0.0,-0.00018509362257385954,55513625.0,70036.0,1951030873.6985002,12181237.4045,XLF,IYF,Financials
2024-04-22,3.7103962975761857,4.5290447955986,40.87,92.67,0.012135,0.015005,0.0,0.0,0.012134720158494304,0.015005476451259584,0.0,-0.0028707562927652794,50701160.0,90271.0,1988298407.0754998,12150709.826000001,XLF,IYF,Financials
2024-04-23,3.716737782242333,4.5342110970475975,41.13,93.15,0.006362,0.00518,0.0,0.0,0.006361634450697333,0.005179669796050502,0.0,0.0011819646546468313,36488578.0,46609.0,1997766775.7324996,11724424.67,XLF,IYF,Financials
2024-04-24,3.7164946211469094,4.532169293103601,41.12,92.96,-0.000243,-0.00204,0.0,0.0,-0.00024313153415998054,-0.0020397208803005903,0.0,0.0017965893461406098,33957450.0,501384.0,2005202863.8224998,13746598.028,XLF,IYF,Financials
2024-04-25,3.7106409458954492,4.527100530566169,40.88,92.49,-0.005837,-0.005056,0.0,0.0,-0.005836575875486381,-0.005055938037865749,0.0,-0.0007806378376206324,50365748.0,49775.0,2031344553.3690002,13514443.7155,XLF,IYF,Financials
2024-04-26,3.709172157381699,4.523634698005573,40.82,92.17,-0.001468,-0.00346,0.0,0.0,-0.0014677103718199608,-0.0034598334955130284,0.0,0.0019921231236930677,35796948.0,43090.0,2017027826.2170002,13395379.8955,XLF,IYF,Financials
2024-04-29,3.707701208354524,4.523526196947581,40.76,92.16,-0.00147,-0.000108,0.0,0.0,-0.0014698677119059284,-0.00010849517196484756,0.0,-0.0013613725399410808,36596064.0,43769.0,2012987935.9835002,12683463.282,XLF,IYF,Financials
2024-04-30,3.6978391954854084,4.512506501124672,40.36,91.15,-0.009813,-0.010959,869758000.0,31902500.000000004,0.013617483236403459,0.0016745314400851581,837855500.0,0.011942951796318301,34481590.0,51218.0,2006816132.9695,12455852.0995,XLF,IYF,Financials
2024-05-01,3.6978391954854084,4.518195171973685,40.36,91.67,0.0,0.005705,0.0,0.0,0.0,0.005704882062534284,0.0,-0.005704882062534284,54717648.0,66972.0,2034528068.1835003,12303933.113499999,XLF,IYF,Financials
2024-05-02,3.7003138317395994,4.523092074952484,40.46,92.12,0.002478,0.004909,0.0,0.0,0.002477700693756194,0.004908912403185339,0.0,-0.0024312117094291447,37085052.0,77388.0,2001129280.2865002,11752114.936,XLF,IYF,Financials
2024-05-03,3.702535780561422,4.5269924049240675,40.55,92.48,0.002224,0.003908,0.0,0.0,0.0022244191794364805,0.0039079461571862786,0.0,-0.001683526977749798,45012624.0,57407.0,1993579918.016,11442300.384,XLF,IYF,Financials
2024-05-06,3.7152779279684673,4.539137215383653,41.07,93.61,0.012824,0.012219,0.0,0.0,0.01282367447595561,0.012218858131487889,0.0,0.000604816344467721,42335607.0,107297.0,2007107757.1279998,11486396.294,XLF,IYF,Financials
2024-05-07,3.718680945350726,4.54052499249456,41.21,93.74,0.003409,0.001389,0.0,0.0,0.0034088142196250304,0.0013887405191753018,0.0,0.0020200737004497284,42601185.0,197423.0,1987020810.384,11842132.992999999,XLF,IYF,Financials
2024-05-08,3.7223142302001735,4.543932876516902,41.36,94.06,0.00364,0.003414,0.0,0.0,0.0036398932297985924,0.0034136974610625135,0.0,0.00022619576873607892,28390900.0,72804.0,1924100245.8084998,11399036.316,XLF,IYF,Financials
2024-05-09,3.7297814454343623,4.552402120449436,41.67,94.86,0.007495,0.008505,0.0,0.0,0.007495164410058027,0.00850520944078248,0.0,-0.0010100450307244527,31594752.0,111372.0,1874480134.8205,11540453.1615,XLF,IYF,Financials
2024-05-10,3.733613785454107,4.55597994179732,41.83,95.2,0.00384,0.003584,0.0,0.0,0.003839692824574034,0.0035842293906810036,0.0,0.0002554634338930305,34306846.0,83163.0,1783519690.9675,10641407.8215,XLF,IYF,Financials
2024-05-13,3.729541435832826,4.550185877655332,41.66,94.65,-0.004064,-0.005777,0.0,0.0,-0.004064068850107579,-0.005777310924369748,0.0,0.0017132420742621696,29570094.0,63584.0,1702015658.7665,9514644.6015,XLF,IYF,Financials
2024-05-14,3.734569580031052,4.557554332046428,41.87,95.35,0.005041,0.007396,0.0,0.0,0.005040806529044647,0.007395668251452721,0.0,-0.002354861722408074,30638318.0,69342.0,1634022721.744,9107103.600499999,XLF,IYF,Financials
2024-05-15,3.7419461750506287,4.567260612914871,42.18,96.28,0.007404,0.009754,0.0,0.0,0.007403869118700741,0.009753539590980598,0.0,-0.0023496704722798575,36138286.0,78441.0,1627758754.5385,9110860.675999999,XLF,IYF,Financials
2024-05-16,3.7419461750506287,4.566013470786897,42.18,96.16,0.0,-0.001246,0.0,0.0,0.0,-0.0012463647694225177,0.0,0.0012463647694225177,36032731.0,53623.0,1606380488.5,9039192.186,XLF,IYF,Financials
2024-05-17,3.7492687541267204,4.573163389853005,42.49,96.85,0.007349,0.007175,0.0,0.0,0.00734945471787577,0.007175540765391015,0.0,0.0001739139524847555,29813163.0,43049.0,1557636544.4185,8927942.6285,XLF,IYF,Financials
2024-05-20,3.73552446193698,4.560277417097355,41.91,95.61,-0.01365,-0.012803,0.0,0.0,-0.013650270651918098,-0.012803304078471864,0.0,-0.0008469665734462343,35719633.0,48020.0,1528879214.9099998,8739231.559999999,XLF,IYF,Financials
2024-05-21,3.7419461750506287,4.567883601202075,42.18,96.34,0.006442,0.007635,0.0,0.0,0.006442376521116679,0.0076351846041209075,0.0,-0.0011928080830042286,33413366.0,42938.0,1524309243.1469998,8728982.488499999,XLF,IYF,Financials
2024-05-22,3.7362400254737738,4.562993107088905,41.94,95.87,-0.00569,-0.004878,0.0,0.0,-0.005689900426742532,-0.004878555117292921,0.0,-0.0008113453094496115,38661149.0,38965.0,1535565155.4,6585328.384000001,XLF,IYF,Financials
2024-05-23,3.7223142302001735,4.5462690780679305,41.36,94.28,-0.013829,-0.016585,0.0,0.0,-0.013829279923700524,-0.016584958798372795,0.0,0.0027556788746722714,51768509.0,41847.0,1539674843.1,6552410.6545,XLF,IYF,Financials
2024-05-24,3.72834052299485,4.556190003766373,41.61,95.22,0.006044,0.00997,0.0,0.0,0.0060444874274661504,0.009970301230377598,0.0,-0.003925813802911448,23477279.0,55379.0,1515457751.1915,6617489.8085,XLF,IYF,Financials
2024-05-28,3.717223927123079,4.546163005408059,41.15,94.27,-0.011055,-0.009977,0.0,0.0,-0.011055034847392453,-0.009976895610165931,0.0,-0.001078139237226522,31004942.0,34094.0,1504667640.9245,6576504.3255,XLF,IYF,Financials
2024-05-29,3.709172157381699,4.535498512738772,40.82,93.27,-0.008019,-0.010608,0.0,0.0,-0.00801944106925881,-0.010607828577490187,0.0,0.002588387508231378,40620242.0,75558.0,1517989706.2265,6695443.0235,XLF,IYF,Financials
2024-05-30,3.714547200862514,4.543613880288985,41.04,94.03,0.00539,0.008148,0.0,0.0,0.005389514943655071,0.008148386405060578,0.0,-0.0027588714614055062,32772640.0,28156.0,1474818949.8425,6520852.2955,XLF,IYF,Financials
2024-05-31,3.7290612437467683,4.55650501400681,41.64,95.25,0.01462,0.012975,-74952000.0,19050000.0,0.012660831729881514,0.02027530029231614,-94002000.0,-0.007614468562434626,38664013.0,34759.0,1480294364.7124999,6329942.905,XLF,IYF,Financials
2024-06-03,3.722797672317397,4.552296696381023,41.38,94.85,-0.006244,-0.004199,0.0,0.0,-0.006243996157540826,-0.004199475065616798,0.0,-0.002044521091924028,37855010.0,128707.0,1467353285.2425,6674885.8845,XLF,IYF,Financials
2024-06-04,3.718195508447989,4.543613880288985,41.19,94.03,-0.004592,-0.008645,0.0,0.0,-0.00459159014016433,-0.008645229309435952,0.0,0.004053639169271621,27586390.0,366319.0,1437231286.473,7894931.054500001,XLF,IYF,Financials
2024-06-05,3.721104601408673,4.547646999744425,41.31,94.41,0.002913,0.004041,0.0,0.0,0.0029133284777858705,0.00404126342656599,0.0,-0.0011279349487801193,23817258.0,48297.0,1398646091.1795,7197595.442,XLF,IYF,Financials
2024-06-06,3.720620339897999,4.54403918598386,41.29,94.07,-0.000484,-0.003601,0.0,0.0,-0.0004841442749939482,-0.0036013134201885394,0.0,0.003117169145194591,39040168.0,39115.0,1420532136.8155,7039175.6325,XLF,IYF,Financials
2024-06-07,3.7252113833613265,4.5462690780679305,41.48,94.28,0.004602,0.002232,0.0,0.0,0.004601598449987891,0.002232380142447114,0.0,0.002369218307540777,42273250.0,90371.0,1442379191.5235,6936947.130499999,XLF,IYF,Financials
2024-06-10,3.721346644251438,4.545314018834726,41.32,94.19,-0.003857,-0.000955,0.0,0.0,-0.003857280617164899,-0.0009546033092914723,0.0,-0.0029026773078734266,31618982.0,36988.0,1435951239.9264998,6715286.2365,XLF,IYF,Financials
2024-06-11,3.709906821306012,4.5301233116651805,40.85,92.77,-0.011375,-0.011891,0.0,0.0,-0.011374636979670862,-0.0150759103938847,0.0,0.0037012734142138383,54584938.0,53480.0,1485846469.9895,6662441.9365,XLF,IYF,Financials
2024-06-12,3.7089271494177143,4.53571292097287,40.81,93.29,-0.000979,0.005605,0.0,0.0,-0.0009791921664626683,0.005605260321224534,0.0,-0.0065844524876872024,46399791.0,80601.0,1516383924.792,6707817.316000001,XLF,IYF,Financials
2024-06-13,3.708191765146309,4.53141599739943,40.78,92.89,-0.000735,-0.004288,0.0,0.0,-0.0007351139426611125,-0.004287705005895594,0.0,0.003552591063234482,39497916.0,55617.0,1520704530.342,6588515.4985,XLF,IYF,Financials
2024-06-14,3.7049988359938197,4.528181144459956,40.65,92.59,-0.003188,-0.00323,0.0,0.0,-0.0031878371750858263,-0.003229626439875121,0.0,4.178926478929463e-05,29083007.0,71598.0,1503822712.3904998,6662159.0555,XLF,IYF,Financials
2024-06-17,3.713815939403968,4.5365700944958345,41.01,93.37,0.008856,0.008424,0.0,0.0,0.008856088560885609,0.008424235878604601,0.0,0.00043185268228100766,36076893.0,1227686.0,1514460316.6935,12185146.364000002,XLF,IYF,Financials
2024-06-18,3.7201358437644907,4.542869159790712,41.27,93.96,0.00634,0.006319,0.0,0.0,0.0063399170933918555,0.0063189461283067365,0.0,2.0970965085118955e-05,38900276.0,668205.0,1519880545.2680001,15094813.844,XLF,IYF,Financials
2024-06-20,3.725452434344777,4.547646999744425,41.49,94.41,0.005331,0.004789,0.0,0.0,0.005330748727889508,0.004789272030651341,0.0,0.0005414766972381673,42869055.0,126634.0,1538343610.9715,15485757.295000002,XLF,IYF,Financials
2024-06-21,3.721588628523641,4.543294782270004,41.33,94.0,-0.003856,-0.004343,0.0,0.0,-0.003856350927934442,-0.004342760300815591,0.0,0.0004864093728811493,42532779.0,700935.0,1545165169.322,18593373.067500003,XLF,IYF,Financials
2024-06-24,3.7278597537548204,4.553666343120976,41.59,94.98,0.01023,0.010426,0.0,0.0,0.0062908299056375514,0.010425531914893617,0.0,-0.004134702009256066,45251991.0,57630.0,1532209407.9945,18669791.179500002,XLF,IYF,Financials
2024-06-25,3.720378121173307,4.546056921495585,41.28,94.26,-0.007454,-0.007581,0.0,0.0,-0.007453714835296946,-0.007580543272267846,0.0,0.0001268284369708994,32852877.0,39936.0,1551173267.163,18594350.128500003,XLF,IYF,Financials
2024-06-26,3.7140597526442347,4.541378052900312,41.02,93.82,-0.006298,-0.004668,0.0,0.0,-0.006298449612403101,-0.0046679397411415234,0.0,-0.0016305098712615772,37978480.0,39873.0,1565274461.478,18620692.302500002,XLF,IYF,Financials
2024-06-27,3.7128400915587796,4.543932876516902,40.97,94.06,-0.001219,0.002558,0.0,0.0,-0.0012189176011701609,0.002558089959496909,0.0,-0.00377700756066707,25466060.0,376589.0,1534535771.466,20039425.6365,XLF,IYF,Financials
2024-06-28,3.716251400909787,4.549340301027421,41.11,94.57,0.003417,0.005422,538541000.0,-61470499.99999999,0.017544529941150185,-0.017959837609838353,600011500.0,0.03550436755098854,44045134.0,98739.0,1557821087.1230001,20373937.564000003,XLF,IYF,Financials
2024-07-01,3.7184382563554808,4.552402120449436,41.2,94.86,0.002189,0.003067,0.0,0.0,0.0021892483580637314,0.003066511578724754,0.0,-0.0008772632206610225,36131129.0,118502.0,1551752737.7970002,20770452.8125,XLF,IYF,Financials
2024-07-02,3.7300213974451113,4.560800238252151,41.68,95.66,0.011651,0.008434,0.0,0.0,0.011650485436893204,0.00843348091924942,0.0,0.0032170045176437845,27033074.0,77039.0,1529767648.323,20528537.402000003,XLF,IYF,Financials
2024-07-03,3.7268975213014572,4.557868912870078,41.55,95.38,-0.003119,-0.002927,0.0,0.0,-0.0031190019193857964,-0.0029270332427346855,0.0,-0.00019196867665111084,21113245.0,39757.0,1516816244.6055,18995889.7565,XLF,IYF,Financials
2024-07-05,3.726656818447966,4.5541926312232235,41.54,95.03,-0.000241,-0.00367,0.0,0.0,-0.00024067388688327315,-0.003669532396728874,0.0,0.0034288585098456005,21421108.0,47929.0,1512113339.5225,18995638.4115,XLF,IYF,Financials
2024-07-08,3.7240052560893107,4.554508271185863,41.43,95.06,-0.002648,0.000316,0.0,0.0,-0.0026480500722195475,0.0003156897821740503,0.0,-0.002963739854393598,27779272.0,53567.0,1489059674.6345,19066264.96,XLF,IYF,Financials
2024-07-09,3.7316994512968646,4.562680134367139,41.75,95.84,0.007724,0.008205,0.0,0.0,0.007723871590634806,0.00820534399326741,0.0,-0.0004814724026326036,33143083.0,45996.0,1470571139.8969998,18860668.898000002,XLF,IYF,Financials
2024-07-10,3.73552446193698,4.571613402459248,41.91,96.7,0.003832,0.008973,0.0,0.0,0.0038323353293413173,0.008973288814691152,0.0,-0.005140953485349835,28445376.0,495827.0,1464853608.493,21083797.457,XLF,IYF,Financials
2024-07-11,3.743367639398006,4.582003907956252,42.24,97.71,0.007874,0.010445,0.0,0.0,0.007874015748031496,0.010444674250258532,0.0,-0.002570658502227036,45836626.0,168646.0,1450170826.74,21659650.509999998,XLF,IYF,Financials
2024-07-12,3.746676552840153,4.584355046274172,42.38,97.94,0.003314,0.002354,0.0,0.0,0.0033143939393939395,0.0023539044110121787,0.0,0.0009604895283817608,39041225.0,838639.0,1438220408.9795,25390502.328500003,XLF,IYF,Financials
2024-07-15,3.7612001156935624,4.599554447202456,43.0,99.44,0.01463,0.015316,0.0,0.0,0.0146295422369042,0.0153154992852767,0.0,-0.0006859570483724996,46561173.0,291771.0,1457790680.2055001,26582874.584,XLF,IYF,Financials
2024-07-16,3.772531026609547,4.612939923252452,43.49,100.78,0.011395,0.013475,0.0,0.0,0.011395348837209301,0.013475462590506838,0.0,-0.002080113753297537,52243090.0,572960.0,1512282067.683,29138557.083000004,XLF,IYF,Financials
2024-07-17,3.7800903341673204,4.618678536012884,43.82,101.36,0.007588,0.005755,0.0,0.0,0.007587951253161646,0.005755110140900972,0.0,0.0018328411122606738,54773289.0,1163103.0,1558314674.7855,29301710.996,XLF,IYF,Financials
2024-07-18,3.7679216614538893,4.604770105966751,43.29,99.96,-0.012095,-0.013812,0.0,0.0,-0.012094933820173437,-0.013812154696132596,0.0,0.0017172208759591596,58731301.0,126816.0,1605167856.274,26796310.274,XLF,IYF,Financials
2024-07-19,3.7577056450437887,4.5975411588236,42.85,99.24,-0.010164,-0.007203,0.0,0.0,-0.010164010164010164,-0.007202881152460984,0.0,-0.00296112901154918,47219951.0,779013.0,1617404746.694,30063996.983,XLF,IYF,Financials
2024-07-22,3.763290951627747,4.604069580544058,43.09,99.89,0.005601,0.00655,0.0,0.0,0.005600933488914819,0.006549778315195486,0.0,-0.0009488448262806671,29071067.0,125532.0,1592144372.742,27396572.057,XLF,IYF,Financials
2024-07-23,3.765145809567386,4.607367769531579,43.17,100.22,0.001857,0.003304,0.0,0.0,0.0018565792527268509,0.003303633997397137,0.0,-0.001447054744670286,23800350.0,106960.0,1549415912.9325001,27658863.746999998,XLF,IYF,Financials
2024-07-24,3.7513846594653333,4.596331237320887,42.58,99.12,-0.013667,-0.010976,0.0,0.0,-0.013666898309010887,-0.010975853123129115,0.0,-0.0026910451858817713,47786906.0,106157.0,1583345897.6785,27996759.470999997,XLF,IYF,Financials
2024-07-25,3.755135249891002,4.602867536925416,42.74,99.77,0.003758,0.006558,0.0,0.0,0.0037576326914044154,0.0065577078288942695,0.0,-0.002800075137489854,44861988.0,147173.0,1601322103.5545,28543887.7385,XLF,IYF,Financials
2024-07-26,3.770689829311502,4.616999937741668,43.41,101.19,0.015676,0.014233,0.0,0.0,0.0156761815629387,0.01423273529116969,0.0,0.0014434462717690093,32636269.0,1765624.0,1619991901.509,35705964.2995,XLF,IYF,Financials
2024-07-29,3.769306703226551,4.611649152085801,43.35,100.65,-0.001382,-0.005337,0.0,0.0,-0.00138217000691085,-0.005336495701156241,0.0,0.003954325694245391,35195682.0,72696.0,1605743769.307,35604919.558,XLF,IYF,Financials
2024-07-30,3.780774718818192,4.622223940553919,43.85,101.72,0.011534,0.010631,0.0,0.0,0.011534025374855825,0.01063089915548932,0.0,0.0009031262193665048,31418655.0,118736.0,1600199044.6545,35646755.86799999,XLF,IYF,Financials
2024-07-31,3.778263015248622,4.6179876896987055,43.74,101.29,-0.002508,-0.004227,1830519000.0,324128000.0,0.04173418916831115,0.11249332002379583,1506391000.0,-0.07075913085548469,38694792.0,270678.0,1628487628.5425,36649127.062,XLF,IYF,Financials
2024-08-01,3.7639869266007415,4.600057136601269,43.12,99.49,-0.014175,-0.017771,0.0,0.0,-0.01417466849565615,-0.01777075723171093,0.0,0.0035960887360547804,47060859.0,232678.0,1686088074.059,37616982.64,XLF,IYF,Financials
2024-08-02,3.7390971702745537,4.570992734186505,42.06,96.64,-0.024583,-0.028646,0.0,0.0,-0.02458256029684601,-0.028646095084933158,0.0,0.004063534788087148,78599848.0,98689.0,1806891913.087,37866113.2445,XLF,IYF,Financials
2024-08-05,3.7096619932964647,4.541484634301958,40.84,93.83,-0.029006,-0.029077,0.0,0.0,-0.029006181645268664,-0.029076986754966887,0.0,7.08051096982229e-05,107913570.0,229647.0,1969706661.079,38688898.194,XLF,IYF,Financials
2024-08-06,3.7256934272366524,4.55597994179732,41.5,95.2,0.016161,0.014601,0.0,0.0,0.016160626836434867,0.014600873920920814,0.0,0.0015597529155140528,57668904.0,425028.0,2020183451.1165001,40491618.642000005,XLF,IYF,Financials
2024-08-07,3.7268975213014572,4.5562950182059545,41.55,95.23,0.001205,0.000315,0.0,0.0,0.0012048192771084338,0.0003151260504201681,0.0,0.0008896932266882658,43912569.0,85454.0,2051804527.8059998,38501184.318,XLF,IYF,Financials
2024-08-08,3.7428940424201746,4.573060132069858,42.22,96.84,0.016125,0.016906,0.0,0.0,0.0161251504211793,0.016906437047149007,0.0,-0.0007812866259697057,41260500.0,160743.0,2042098489.1939998,38455581.891,XLF,IYF,Financials
2024-08-09,3.7471483622379123,4.578415448679272,42.4,97.36,0.004263,0.00537,0.0,0.0,0.004263382283278067,0.0053696819496076,0.0,-0.001106299666329533,23838795.0,58369.0,2009908378.8189998,34632907.0,XLF,IYF,Financials
2024-08-12,3.7419461750506287,4.572440361365173,42.18,96.78,-0.005189,-0.005957,0.0,0.0,-0.005188679245283019,-0.005957271980279375,0.0,0.0007685927349963565,20509282.0,157180.0,1953055932.6069999,33942815.607999995,XLF,IYF,Financials
2024-08-13,3.750209709265542,4.581287245524759,42.53,97.64,0.008298,0.008886,0.0,0.0,0.008297771455666193,0.008886133498656747,0.0,-0.0005883620429905541,24922014.0,77226.0,1892449996.1729999,31432687.5,XLF,IYF,Financials
2024-08-14,3.7623622308737397,4.595523808936286,43.05,99.04,0.012227,0.014338,0.0,0.0,0.012226663531624736,0.014338385907414994,0.0,-0.002111722375790258,30673012.0,77243.0,1838465378.3040001,25920588.832000002,XLF,IYF,Financials
2024-08-15,3.7716108517114013,4.604269780744927,43.45,99.91,0.009292,0.008784,0.0,0.0,0.009291521486643438,0.008784329563812601,0.0,0.0005071919228308366,33329022.0,94428.0,1783748777.5845,25758477.538,XLF,IYF,Financials
2024-08-16,3.778948651202804,4.611251656303959,43.77,100.61,0.007365,0.007006,0.0,0.0,0.007364787111622554,0.0070063056751075966,0.0,0.00035848143651495776,25338910.0,36497.0,1738034237.102,22076613.1905,XLF,IYF,Financials
2024-08-19,3.784416880823,4.618086411254637,44.01,101.3,0.005483,0.006858,0.0,0.0,0.0054832076764907475,0.006858165192326807,0.0,-0.0013749575158360592,24458568.0,124021.0,1729221702.1345,22077809.981500003,XLF,IYF,Financials
2024-08-20,3.7812307151781224,4.612344389736092,43.87,100.72,-0.003181,-0.005726,0.0,0.0,-0.003181095205635083,-0.005725567620927937,0.0,0.002544472415292854,19620444.0,175692.0,1720886090.5735002,22426618.333499998,XLF,IYF,Financials
2024-08-21,3.7796338173824005,4.612344389736092,43.8,100.72,-0.001596,0.0,0.0,0.0,-0.0015956234328698426,0.0,0.0,-0.0015956234328698426,19914057.0,67246.0,1662759552.5295,22239155.0975,XLF,IYF,Financials
2024-08-22,3.7853253523821886,4.617691466541763,44.05,101.26,0.005708,0.005361,0.0,0.0,0.005707762557077625,0.005361397934868944,0.0,0.0003463646222086813,24404037.0,129436.0,1620639375.666,22160317.055,XLF,IYF,Financials
2024-08-23,3.7939149169478172,4.628984364087346,44.43,102.41,0.008627,0.011357,0.0,0.0,0.008626560726447218,0.011356903021923761,0.0,-0.0027303422954765427,32762498.0,39809.0,1622584243.1085,13430984.411500001,XLF,IYF,Financials
2024-08-26,3.7970609869584644,4.6321041872281725,44.57,102.73,0.003151,0.003125,0.0,0.0,0.0031510240828269186,0.003124694854018162,0.0,2.6329228808756513e-05,23716334.0,363779.0,1599149452.6924999,14933692.625,XLF,IYF,Financials
2024-08-27,3.8022081394209395,4.63443768366866,44.8,102.97,0.00516,0.002336,0.0,0.0,0.005160421808391295,0.002336221162270028,0.0,0.002824200646121267,21583452.0,400869.0,1578610984.085,16393675.3755,XLF,IYF,Financials
2024-08-28,3.8046604870996465,4.637734176861354,44.91,103.31,0.002455,0.003302,0.0,0.0,0.002455357142857143,0.0033019326017286587,0.0,-0.0008465754588715159,24726165.0,74521.0,1549508077.4885,15407764.87,XLF,IYF,Financials
2024-08-29,3.813527758679047,4.6434288981051814,45.31,103.9,0.008907,0.005711,0.0,0.0,0.00890670229347584,0.005710966992546704,0.0,0.0031957353009291357,33726634.0,71434.0,1524452554.8115,14621407.789,XLF,IYF,Financials
2024-08-30,3.822973188594635,4.654436427291009,45.74,105.05,0.00949,0.011068,770719000.0,99797500.0,0.02675220010231331,0.0425606273371306,670921500.0,-0.015808427234817287,28967724.0,46006.0,1425406259.2555,14386189.056,XLF,IYF,Financials
2024-09-03,3.8155121050473024,4.643621372362344,45.4,103.92,-0.007433,-0.010757,0.0,0.0,-0.007433318758198513,-0.010756782484531175,0.0,0.003323463726332662,39893913.0,720136.0,1295605931.8255,17050626.8115,XLF,IYF,Financials
2024-09-04,3.816612820623488,4.642465970731788,45.45,103.8,0.001101,-0.001155,0.0,0.0,0.0011013215859030838,-0.0011547344110854503,0.0,0.002256055996988534,32006128.0,127406.0,1248676881.9055,15688730.671500001,XLF,IYF,Financials
2024-09-05,3.8055507609176296,4.6334660551429385,44.95,102.87,-0.011001,-0.00896,0.0,0.0,-0.011001100110011002,-0.008959537572254336,0.0,-0.002041562537756666,39523540.0,298466.0,1246277675.958,16817001.321500003,XLF,IYF,Financials
2024-09-06,3.790758917935107,4.615318517039906,44.29,101.02,-0.014683,-0.017984,0.0,0.0,-0.01468298109010011,-0.017983863128220083,0.0,0.0033008820381199722,51331286.0,102796.0,1272849893.3049998,16557906.311500002,XLF,IYF,Financials
2024-09-09,3.8055507609176296,4.627225176768922,44.95,102.23,0.014902,0.011978,0.0,0.0,0.014901783698351772,0.011977826173035043,0.0,0.002923957525316729,41010885.0,51177.0,1314483611.9424999,16535357.255,XLF,IYF,Financials
2024-09-10,3.7952644448179504,4.61719756620081,44.49,101.21,-0.010234,-0.009978,0.0,0.0,-0.010233592880978866,-0.009977501711826275,0.0,-0.0002560911691525912,59114976.0,63192.0,1402730800.3165002,16094546.351000002,XLF,IYF,Financials
2024-09-11,3.790533107840436,4.611152257665639,44.28,100.6,-0.00472,-0.006027,0.0,0.0,-0.004720161834120027,-0.00602707242367355,0.0,0.0013069105895535229,59397484.0,1035157.0,1481240167.1215,20924368.729000002,XLF,IYF,Financials
2024-09-12,3.792788917504448,4.614328123772857,44.38,100.92,0.002258,0.003181,0.0,0.0,0.002258355916892502,0.0031809145129224653,0.0,-0.0009225585960299632,37739377.0,71229.0,1498960186.3545,20901282.927,XLF,IYF,Financials
2024-09-13,3.795713883027763,4.6188758330442035,44.51,101.38,0.002929,0.004558,0.0,0.0,0.0029292474087426767,0.0045580657946888625,0.0,-0.0016288183859461858,32912280.0,72540.0,1499799165.1994998,20797273.112999998,XLF,IYF,Financials
2024-09-16,3.8086604924329928,4.632785353021065,45.09,102.8,0.013031,0.014007,0.0,0.0,0.013030779600089868,0.014006707437364372,0.0,-0.0009759278372745046,37063920.0,118236.0,1527905568.3045,21221407.994500004,XLF,IYF,Financials
2024-09-17,3.813969064952758,4.637540566018542,45.33,103.29,0.005323,0.004767,0.0,0.0,0.0053226879574184965,0.004766536964980545,0.0,0.0005561509924379513,27893291.0,489582.0,1537304633.4720001,23121687.8685,XLF,IYF,Financials
2024-09-18,3.810875823423188,4.635990328327978,45.19,103.13,-0.003089,-0.001549,0.0,0.0,-0.003088462386940216,-0.001549036692806661,0.0,-0.0015394256941335552,41783865.0,451016.0,1588677832.5254998,24562566.9605,XLF,IYF,Financials
2024-09-19,3.8218794555751803,4.6491870714048655,45.69,104.5,0.011064,0.013284,0.0,0.0,0.011064394777605666,0.013284204402210802,0.0,-0.0022198096246051364,46457685.0,560870.0,1651198629.078,27154461.854500003,XLF,IYF,Financials
2024-09-20,3.821222641101649,4.64688777933996,45.66,104.26,-0.000657,-0.002297,0.0,0.0,-0.0006565988181221273,-0.0022966507177033493,0.0,0.001640051899581222,48699179.0,83435.0,1708628963.2424998,26934074.041499995,XLF,IYF,Financials
2024-09-23,3.816392774412896,4.645640118541804,45.44,104.13,-0.001198,-0.001247,0.0,0.0,-0.004818221638195357,-0.0012468827930174563,0.0,-0.0035713388451779006,31615259.0,164760.0,1707676942.3834999,27588054.996999998,XLF,IYF,Financials
2024-09-24,3.8079949350040985,4.642080540008188,45.06,103.76,-0.008363,-0.003553,0.0,0.0,-0.008362676056338027,-0.00355325074426198,0.0,-0.004809425312076047,40341434.0,264122.0,1745714342.8665001,27089769.0995,XLF,IYF,Financials
2024-09-25,3.8019849002192085,4.632298853376344,44.79,102.75,-0.005992,-0.006221,0.0,0.0,-0.005992010652463382,-0.009734001542020046,0.0,0.003741990889556664,32546934.0,386545.0,1770256269.0794997,27011769.990500003,XLF,IYF,Financials
2024-09-26,3.8071068354785864,4.636765747577842,45.02,103.21,0.005135,0.004477,0.0,0.0,0.005135074793480687,0.004476885644768856,0.0,0.000658189148711831,31445225.0,245888.0,1785516867.0470002,27895736.788999997,XLF,IYF,Financials
2024-09-27,3.8099902798629945,4.6392817156168595,45.15,103.47,0.002888,0.002519,0.0,0.0,0.0028876055086628164,0.002519135742660595,0.0,0.00036846976600222146,23226116.0,929521.0,1761542134.5900002,32333514.0525,XLF,IYF,Financials
2024-09-30,3.8137484361598055,4.6434288981051814,45.32,103.9,0.003765,0.004156,-3317424000.0,-218190000.0,-0.06954580433151274,-0.06289435445371522,-3099234000.0,-0.006651449877797519,23599209.0,175976.0,1748768757.396,33006062.857499998,XLF,IYF,Financials
2024-10-01,3.8084386891715756,4.635796379529852,45.08,103.11,-0.005296,-0.007603,0.0,0.0,-0.00529567519858782,-0.007603464870067372,0.0,0.002307789671479552,32703005.0,268635.0,1731922148.1560001,30649183.944,XLF,IYF,Financials
2024-10-02,3.80954721383891,4.636475035816504,45.13,103.18,0.001109,0.000679,0.0,0.0,0.0011091393078970719,0.0006788866259334691,0.0,0.0004302526819636028,37709429.0,101722.0,1744279548.8145,30512730.602000006,XLF,IYF,Financials
2024-10-03,3.804215052793841,4.631812116934513,44.89,102.7,-0.005318,-0.004652,0.0,0.0,-0.005317970307999114,-0.004652064353556891,0.0,-0.0006659059544422228,23545682.0,56690.0,1708298675.9135,29268673.881,XLF,IYF,Financials
2024-10-04,3.8210036070409776,4.651003602331263,45.65,104.69,0.01693,0.019377,0.0,0.0,0.016930274003118733,0.01937682570593963,0.0,-0.002446551702820897,40435851.0,789594.0,1686920372.974,32882581.078,XLF,IYF,Financials
2024-10-07,3.8086604924329928,4.637443746538387,45.09,103.28,-0.012267,-0.013468,0.0,0.0,-0.01226725082146769,-0.013468335084535295,0.0,0.0012010842630676057,26599262.0,173955.0,1654716445.1155,33519293.4625,XLF,IYF,Financials
2024-10-08,3.814410176561146,4.643621372362344,45.35,103.92,0.005766,0.006197,0.0,0.0,0.005766245287203371,0.006196746707978312,0.0,-0.00043050142077494073,28762954.0,222781.0,1588435179.1985002,34357080.4225,XLF,IYF,Financials
2024-10-09,3.8236288546655506,4.653484046266642,45.77,104.95,0.009261,0.009911,0.0,0.0,0.00926130099228225,0.009911470361816782,0.0,-0.0006501693695345322,28334270.0,79243.0,1521772126.5175,29566068.355,XLF,IYF,Financials
2024-10-10,3.8205653949393112,4.649761069315966,45.63,104.56,-0.003059,-0.003716,0.0,0.0,-0.00305877212147695,-0.0037160552644116248,0.0,0.0006572831429346748,34127389.0,72803.0,1515890086.958,29587260.905,XLF,IYF,Financials
2024-10-11,3.839667343236006,4.672080891270718,46.51,106.92,0.019286,0.022571,0.0,0.0,0.01928555774709621,0.0225707727620505,0.0,-0.003285215014954289,52850296.0,144735.0,1565547171.166,29993308.955000002,XLF,IYF,Financials
2024-10-14,3.845883202923601,4.679628096906101,46.8,107.73,0.006235,0.007576,0.0,0.0,0.006235218232638142,0.007575757575757576,0.0,-0.0013405393431194339,35850836.0,938827.0,1565877519.766,34442567.5505,XLF,IYF,Financials
2024-10-15,3.8480176754522337,4.682038630244668,46.9,107.99,0.002137,0.002413,0.0,0.0,0.002136752136752137,0.002413441009932238,0.0,-0.0002766888731801009,42356775.0,94580.0,1601984013.0895,32424806.0215,XLF,IYF,Financials
2024-10-16,3.860308569741467,4.6926314617580855,47.48,109.14,0.012367,0.010649,0.0,0.0,0.012366737739872069,0.010649134179090657,0.0,0.0017176035607814125,44973695.0,109191.0,1614340922.052,30694997.304500002,XLF,IYF,Financials
2024-10-17,3.8630428232064276,4.696746129475301,47.61,109.59,0.002738,0.004123,0.0,0.0,0.002737994945240101,0.004123144584936778,0.0,-0.0013851496396966772,45823445.0,487264.0,1617291051.492,30434414.642500002,XLF,IYF,Financials
2024-10-18,3.8632528410587166,4.698022803002708,47.62,109.73,0.00021,0.001278,0.0,0.0,0.00021003990758244065,0.0012774888219728078,0.0,-0.0010674489143903672,34279601.0,1576720.0,1587730555.816,38650142.2675,XLF,IYF,Financials
2024-10-21,3.8552409913291616,4.6886837862159085,47.24,108.71,-0.00798,-0.009296,0.0,0.0,-0.007979840403191937,-0.009295543607035451,0.0,0.0013157032038435146,26207439.0,388499.0,1577802658.286,39904005.642000005,XLF,IYF,Financials
2024-10-22,3.8533340090794663,4.687487228477305,47.15,108.58,-0.001905,-0.001196,0.0,0.0,-0.001905165114309907,-0.0011958421488363535,0.0,-0.0007093229654735534,30018749.0,123574.0,1557682608.2515,39204623.95200001,XLF,IYF,Financials
2024-10-23,3.85248529271195,4.684628107322807,47.11,108.27,-0.000848,-0.002855,0.0,0.0,-0.000848356309650053,-0.002855037760176828,0.0,0.0020066814505267754,20697246.0,101991.0,1533546112.5115,37770877.293,XLF,IYF,Financials
2024-10-24,3.8533340090794663,4.68794761244566,47.15,108.63,0.000849,0.003325,0.0,0.0,0.0008490766291657822,0.0033250207813798837,0.0,-0.0024759441522141015,19617544.0,72873.0,1509011271.0165,36897781.9685,XLF,IYF,Financials
2024-10-25,3.8422441108202294,4.674976060232054,46.63,107.23,-0.011029,-0.012888,0.0,0.0,-0.011028632025450688,-0.012887784221669888,0.0,0.0018591521962192,25526484.0,66816.0,1516093311.5925002,32447139.059000004,XLF,IYF,Financials
2024-10-28,3.8546057345581954,4.687671407499835,47.21,108.6,0.012438,0.012776,0.0,0.0,0.012438344413467724,0.012776275296092512,0.0,-0.00033793088262478767,31415881.0,102540.0,1536774691.099,32089735.939000003,XLF,IYF,Financials
2024-10-29,3.848444023785275,4.6839813664123815,46.92,108.2,-0.006143,-0.003683,0.0,0.0,-0.006142766363058674,-0.003683241252302026,0.0,-0.0024595251107566484,27930913.0,59498.0,1528588039.7269998,31026672.3765,XLF,IYF,Financials
2024-10-30,3.8529097409356394,4.685920335673201,47.13,108.41,0.004476,0.001941,0.0,0.0,0.004475703324808184,0.0019408502772643253,0.0,0.0025348530475438587,28704328.0,47231.0,1511138462.1205,30757904.213999998,XLF,IYF,Financials
2024-10-31,3.8390221125436557,4.6703959709057985,46.48,106.74,-0.013792,-0.015405,1350244000.0,144099000.0,0.017045781997604374,0.02988355613202262,1206145000.0,-0.012837774134418247,53417061.0,108441.0,1582431428.6355,31045550.681,XLF,IYF,Financials
2024-11-01,3.842458542042237,4.669271111394615,46.64,106.62,0.003442,-0.001124,0.0,0.0,0.0034423407917383822,-0.0011242270938729624,0.0,0.004566567885611344,40139909.0,108442.0,1583742866.516,27490525.189999998,XLF,IYF,Financials
2024-11-04,3.834709902325476,4.662117466429842,46.28,105.86,-0.007719,-0.007128,0.0,0.0,-0.007718696397941681,-0.0071281185518664416,0.0,-0.0005905778460752395,41705580.0,93357.0,1620281542.457,27086360.170999996,XLF,IYF,Financials
2024-11-05,3.8439582745140166,4.674509664066704,46.71,107.18,0.009291,0.012469,0.0,0.0,0.009291270527225583,0.012469299074249008,0.0,-0.0031780285470234242,35221760.0,90377.0,1637321964.7419999,26413120.438,XLF,IYF,Financials
2024-11-06,3.902982260775997,4.740749480229915,49.55,114.52,0.060801,0.068483,0.0,0.0,0.06080068507814172,0.06848292591901474,0.0,-0.007682240840873017,153473381.0,631470.0,1952709289.2745,29613090.015499998,XLF,IYF,Financials
2024-11-07,3.886705197443856,4.723130983621656,48.75,112.52,-0.016145,-0.017464,0.0,0.0,-0.016145307769929364,-0.01746419839329375,0.0,0.001318890623364384,70611369.0,519458.0,2046962863.2085,32154946.6395,XLF,IYF,Financials
2024-11-08,3.8956903508072482,4.731362211225851,49.19,113.45,0.009026,0.008265,0.0,0.0,0.009025641025641025,0.008265197298258087,0.0,0.0007604437273829381,60376533.0,229390.0,2072555582.7740002,32682408.104499996,XLF,IYF,Financials
2024-11-11,3.909820581872946,4.749357106300589,49.89,115.51,0.014231,0.018158,0.0,0.0,0.014230534661516568,0.018157778757161746,0.0,-0.003927244095645177,63654706.0,437105.0,2147451290.6509998,30149916.3965,XLF,IYF,Financials
2024-11-12,3.9068094383752587,4.7456275386833475,49.74,115.08,-0.003007,-0.003723,0.0,0.0,-0.003006614552014432,-0.0037226214180590424,0.0,0.0007160068660446105,58512361.0,133478.0,2193644895.0829997,30407264.098500002,XLF,IYF,Financials
2024-11-13,3.9074123928704627,4.7454537314351475,49.77,115.06,0.000603,-0.000174,0.0,0.0,0.0006031363088057901,-0.0001737921445950643,0.0,0.0007769284534008544,31880676.0,167706.0,2166212405.379,30776221.429500002,XLF,IYF,Financials
2024-11-14,3.9047969603364066,4.743365684739491,49.64,114.82,-0.002612,-0.002086,0.0,0.0,-0.0026120152702431183,-0.0020858682426560054,0.0,-0.000526147027587113,38252752.0,157821.0,2152073025.0205,29012308.702499997,XLF,IYF,Financials
2024-11-15,3.9094196195580313,4.7477108727702015,49.87,115.32,0.004633,0.004355,0.0,0.0,0.004633360193392426,0.00435464204842362,0.0,0.0002787181449688059,40741498.0,173395.0,2172042220.3025002,21361429.9925,XLF,IYF,Financials
2024-11-18,3.912422925449473,4.7517782056241815,50.02,115.79,0.003008,0.004076,0.0,0.0,0.00300782033286545,0.004075615678113076,0.0,-0.0010677953452476263,27146818.0,198361.0,2178034441.2025003,20398154.687499996,XLF,IYF,Financials
2024-11-19,3.905803705614229,4.74501908110449,49.69,115.01,-0.006597,-0.006736,0.0,0.0,-0.006597361055577769,-0.006736333016668106,0.0,0.00013897196109033654,27014709.0,667134.0,2174383284.9455004,23563625.508500002,XLF,IYF,Financials
2024-11-20,3.9027804240612136,4.743539855252863,49.54,114.84,-0.003019,-0.001478,0.0,0.0,-0.0030187160394445564,-0.001478132336318581,0.0,-0.0015405837031259755,33932482.0,160409.0,2209681679.9065003,23932565.708,XLF,IYF,Financials
2024-11-21,3.9154172384961616,4.757032535297338,50.17,116.4,0.012717,0.013584,0.0,0.0,0.012716996366572466,0.013584117032392894,0.0,-0.0008671206658204273,50881767.0,165919.0,2291070232.446,24502404.5885,XLF,IYF,Financials
2024-11-22,3.9265174515785985,4.768393867090105,50.73,117.73,0.011162,0.011426,0.0,0.0,0.011162049033286825,0.011426116838487972,0.0,-0.00026406780520114685,42050839.0,167434.0,2338217188.1235,25129770.8455,XLF,IYF,Financials
2024-11-25,3.9330014118133376,4.775840800041184,51.06,118.61,0.006505,0.007475,0.0,0.0,0.006505026611472502,0.007474730315127835,0.0,-0.0009697037036553334,47492548.0,128970.0,2385308476.067,25337835.2305,XLF,IYF,Financials
2024-11-26,3.934957976710642,4.777273042587714,51.16,118.78,0.001958,0.001433,0.0,0.0,0.0019584802193497847,0.001433268695725487,0.0,0.0005252115236242978,28418403.0,139166.0,2392476829.043,25842457.9245,XLF,IYF,Financials
2024-11-27,3.936910720935925,4.778871360488434,51.26,118.97,0.001955,0.0016,0.0,0.0,0.001954652071931196,0.0015995958915642364,0.0,0.00035505618036695973,31803721.0,408120.0,2406348017.034,28014144.109000005,XLF,IYF,Financials
2024-11-29,3.9384701754429945,4.779543572932872,51.34,119.05,0.001561,0.000672,3752954000.0000005,261910000.0,0.0779769816387477,0.07238186398509026,3491044000.0000005,0.00559511765365743,15178418.0,92546.0,2321169766.276,27986274.557,XLF,IYF,Financials
2024-12-02,3.928486731458811,4.76779910943631,50.83,117.66,-0.009934,-0.011676,0.0,0.0,-0.009933774834437087,-0.011675766484670306,0.0,0.0017419916502332197,55483579.0,196342.0,2368575014.5164995,28563250.241000004,XLF,IYF,Financials
2024-12-03,3.920982746799618,4.761660982747524,50.45,116.94,-0.007476,-0.006119,0.0,0.0,-0.007475900059020263,-0.006119326874043855,0.0,-0.0013565731849764081,46924282.0,310634.0,2390434803.7415,29885388.638,XLF,IYF,Financials
2024-12-04,3.917209532115446,4.75960653929251,50.26,116.7,-0.003766,-0.002052,0.0,0.0,-0.0037661050545094153,-0.002052334530528476,0.0,-0.0017137705239809392,41017433.0,324856.0,2411251192.3905,31296593.055,XLF,IYF,Financials
2024-12-05,3.9201895680945396,4.762942869860633,50.41,117.09,0.002985,0.003342,0.0,0.0,0.0029844807003581377,0.0033419023136246786,0.0,-0.000357421613266541,33599281.0,252669.0,2115707878.7235,29160046.495500006,XLF,IYF,Financials
2024-12-06,3.919991175077323,4.761746493030188,50.4,116.95,-0.000198,-0.001196,0.0,0.0,-0.00019837333862328903,-0.0011956614569988897,0.0,0.0009972881183756006,23439352.0,133862.0,2002659833.8260002,27020333.8325,XLF,IYF,Financials
2024-12-09,3.906206120106581,4.745279893972737,49.71,115.04,-0.013691,-0.016332,0.0,0.0,-0.01369047619047619,-0.016331765711842666,0.0,0.002641289521366476,41998283.0,427284.0,1958550483.309,28176856.6255,XLF,IYF,Financials
2024-12-10,3.906004933102583,4.742232836376431,49.7,114.69,-0.000201,-0.003042,0.0,0.0,-0.0002011667672500503,-0.0030424200278164116,0.0,0.002841253260566361,38861785.0,135640.0,1896335354.9170003,26430184.278,XLF,IYF,Financials
2024-12-11,3.9080149840306073,4.744236234111089,49.8,114.92,0.002012,0.002005,0.0,0.0,0.002012072434607646,0.0020054058767111343,0.0,6.666557896511764e-06,35035893.0,211657.0,1838054486.6799998,26878332.987999998,XLF,IYF,Financials
2024-12-12,3.9035875266070446,4.739875888840383,49.58,114.42,-0.004418,-0.004351,0.0,0.0,-0.004417670682730923,-0.00435085276714236,0.0,-6.681791558856356e-05,23107260.0,1001843.0,1816002321.994,31645064.173,XLF,IYF,Financials
2024-12-13,3.9027804240612136,4.736899956665986,49.54,114.08,-0.000807,-0.002971,0.0,0.0,-0.0008067769261799112,-0.002971508477538892,0.0,0.0021647315513589806,39160444.0,364647.0,1818059411.318,32818960.3,XLF,IYF,Financials
2024-12-16,3.900962058068721,4.738126413236717,49.45,114.22,-0.001817,0.001227,0.0,0.0,-0.0018167137666532096,0.0012272089761570827,0.0,-0.0030439227428102926,35242760.0,847205.0,1803608210.155,36657552.485,XLF,IYF,Financials
2024-12-17,3.893859034800475,4.722864328804734,49.1,112.49,-0.007078,-0.011144,0.0,0.0,-0.007077856420626896,-0.015146209070215374,0.0,0.008068352649588478,46103332.0,160854.0,1848897698.397,36413864.7985,XLF,IYF,Financials
2024-12-18,3.863462814812769,4.687763484291945,47.63,108.61,-0.029939,-0.034492,0.0,0.0,-0.029938900203665988,-0.03449195484043026,0.0,0.004553054636764271,72399490.0,219232.0,1954199039.3215,33768050.1075,XLF,IYF,Financials
2024-12-19,3.86702563949741,4.689511334421843,47.8,108.8,0.003569,0.001749,0.0,0.0,0.003569179088809574,0.0017493785102660896,0.0,0.0018198005785434843,63641042.0,226904.0,2022250371.7875,34081339.3895,XLF,IYF,Financials
2024-12-20,3.8817699622571253,4.7045629298661265,48.51,110.45,0.014854,0.015165,0.0,0.0,0.014853556485355648,0.015165441176470588,0.0,-0.0003118846911149397,56066149.0,258588.0,2030601903.6675003,34543743.0395,XLF,IYF,Financials
2024-12-23,3.8799129515099127,4.707726774313183,48.42,110.8,0.002396,0.003169,0.0,0.0,-0.0018552875695732839,0.003168854685377999,0.0,-0.005024142254951283,43033305.0,264902.0,2028123581.9490001,35025699.8785,XLF,IYF,Financials
2024-12-24,3.8916161956504833,4.719123676063936,48.99,112.07,0.011772,0.011462,0.0,0.0,0.011771995043370507,0.011462093862815884,0.0,0.0003099011805546229,18350465.0,124787.0,1951824570.9225,34960087.248,XLF,IYF,Financials
2024-12-26,3.894062680051153,4.721974965530176,49.11,112.39,0.002449,0.002855,0.0,0.0,0.002449479485609308,0.0028553582582314624,0.0,-0.00040587877262215433,20807209.0,113479.0,1930222397.748,34771275.6145,XLF,IYF,Financials
2024-12-27,3.886705197443856,4.714472920878541,48.75,111.55,-0.00733,-0.007474,0.0,0.0,-0.007330482590103849,-0.007473974552896165,0.0,0.0001434919627923163,33852395.0,196413.0,1931224673.6375,33439067.301999997,XLF,IYF,Financials
2024-12-30,3.8770173962293306,4.70564880455431,48.28,110.57,-0.009641,-0.008785,0.0,0.0,-0.009641025641025642,-0.008785298072613178,0.0,-0.0008557275684124635,34819775.0,380362.0,1976316611.4815,34991018.554,XLF,IYF,Financials
2024-12-31,3.8780524858569927,4.705739240909787,48.33,110.58,0.001036,9e-05,-1643220000.0,-55290000.0,-0.03196997601012874,-0.015108502418938284,-1587930000.0,-0.01686147359119046,25170529.0,162372.0,1896129678.7814999,34733693.35599999,XLF,IYF,Financials
